Date,Open,High,Low,Close,Volume
2010-01-04,303.5340054965926,336.4864739832257,300.37800009578564,322.2380065917969,563604
2010-01-05,324.3730363616588,343.4483309810538,317.96816644614995,340.0834655761719,597476
2010-01-06,302.257712797008,340.7564167757891,302.257712797008,328.52685546875,168942
2010-01-07,315.6010977692861,347.6253268076402,315.6010977692861,331.3115234375,392410
2010-01-08,333.70181888108306,340.66360926107785,327.2041478597546,330.1977233886719,133122
2010-01-11,330.1977314305167,338.34302070796656,327.25055643464964,329.7336120605469,88576
2010-01-12,334.11957628700634,334.63009630955895,323.0967402435223,326.25274658203125,82990
2010-01-13,325.3476442936916,333.70179207869364,319.77821243702357,329.96563720703125,98122
2010-01-14,333.49294938359185,336.9506441662441,325.34766055170405,330.7778625488281,154890
2010-01-15,334.0963367964195,334.281995886369,320.28878472752746,323.35198974609375,53922
2010-01-18,323.02707603500824,329.0606277425587,316.52940496533853,323.0038757324219,78840
2010-01-19,324.8834853071897,325.3244042741964,312.8163844243512,314.09271240234375,58592
2010-01-20,319.314134923286,319.778254305442,311.56333557576204,314.7889709472656,43784
2010-01-21,317.87533526199326,328.5964802790425,313.2805426389176,315.36907958984375,125428
2010-01-22,314.67296615761626,315.6012049958393,306.08675690405295,309.4748229980469,132082
2010-01-25,310.658317821422,310.9600067709715,301.30632864419886,305.57623291015625,53094
2010-01-27,305.3904892433107,310.9599206580823,297.0827427185725,299.44976806640625,80000
2010-01-28,304.92643631011936,314.2088240212341,291.0492553509631,306.6204833984375,275776
2010-01-29,306.7828299010773,320.24228839900655,301.6775180570352,316.5061340332031,107422
2010-02-01,319.31410637089897,335.97600203146555,318.52509782626555,329.8031921386719,147552
2010-02-02,336.25448818261776,336.25448818261776,315.64757654059383,319.91748046875,84658
2010-02-03,323.9552502586156,341.0812626420062,321.2633641598074,332.49505615234375,175536
2010-02-04,336.0224492060839,336.0224492060839,311.51695028861883,317.7825622558594,134336
2010-02-05,314.672951423313,314.672951423313,302.6058470914455,304.4159240722656,68520
2010-02-08,313.1877380035607,313.1877380035607,305.0192486105692,307.8735656738281,28920
2010-02-09,308.639388074564,310.7279252870986,305.4137527141296,307.0613708496094,57960
2010-02-10,317.4575547024917,317.4575547024917,303.0698585098349,307.2005310058594,52632
2010-02-11,312.35232894375383,312.35232894375383,303.0699417537463,304.7175598144531,78470
2010-02-15,310.95985430136494,314.62640719804267,299.86739443629637,302.8377685546875,89134
2010-02-16,300.98135449081235,306.0634662961527,298.4286984388471,301.95599365234375,86742
2010-02-17,305.34409532954794,314.67288182245034,302.6057801596425,306.17950439453125,65856
2010-02-18,307.2469931039394,330.4529593504605,305.3905158042177,319.8246154785156,204764
2010-02-19,316.15810634823504,325.7653825424277,311.888202669972,313.55902099609375,141236
2010-02-22,314.6729485417909,321.1706200456037,309.10351582423704,315.74041748046875,57738
2010-02-23,320.2423228601759,322.56291940264094,309.21948928346694,318.4554748535156,94812
2010-02-24,313.74463315870383,316.52934883762725,309.31229970193596,312.0970153808594,47774
2010-02-25,317.8288906758077,317.8288906758077,307.80392513626606,314.1159362792969,130306
2010-02-26,317.68970932967494,324.41944020663664,312.35233656518807,316.9935302734375,51768
2010-03-02,319.871029514184,332.77354048098215,314.7192882507671,329.57110595703125,134002
2010-03-03,334.1658574480482,338.8070499126044,326.7399495047582,331.6828308105469,161386
2010-03-04,325.4404843977582,331.86852587681886,324.4658167946151,326.4383239746094,37048
2010-03-05,326.73999447938553,337.18267896203633,324.9067175380235,334.3515625,121086
2010-03-08,336.486491750302,336.486491750302,328.5964636678811,330.89385986328125,41488
2010-03-09,327.6683174662413,332.7504308884973,324.90680119317966,327.2970275878906,38266
2010-03-10,327.2041265698838,342.52006440932513,327.2041265698838,333.2144775390625,187436
2010-03-11,333.21445077020303,334.16588965160906,327.2041002838672,328.2947692871094,26444
2010-03-12,330.9402223268484,334.6299759939643,325.78851003301224,326.9952087402344,44972
2010-03-15,334.1659839595938,338.3430587590887,327.20419262710226,334.6069030761719,116602
2010-03-16,336.4865150858742,337.1826940826036,328.17876772719836,329.94244384765625,77804
2010-03-17,329.9888884149002,334.02673279942104,327.20417205696856,328.0395812988281,34774
2010-03-18,331.79892536499625,337.8788773488897,329.64075911682545,332.1005859375,157876
2010-03-19,336.3009186376973,352.73075735059444,330.05853513350786,341.8007507324219,197942
2010-03-22,342.98416853203764,346.2330036872802,335.5814599056446,337.62359619140625,157376
2010-03-23,341.1277465503911,343.40194285843336,335.0941945705883,336.2312927246094,65610
2010-03-25,327.482626120913,341.12774734578403,327.482626120913,329.1534729003906,100198
2010-03-26,330.6850081223708,337.693198366979,329.9888291579026,331.8453063964844,73088
2010-03-29,333.93387511011736,342.05596380285823,331.3812186638274,337.8324890136719,91712
2010-03-30,338.8071062600755,341.12770287829517,333.42333343684396,335.1869812011719,43484
2010-03-31,334.16593246836953,349.13378152684857,334.16593246836953,338.5982666015625,120420
2010-04-01,339.5032795365455,345.42080081349826,339.5032795365455,341.8470764160156,39026
2010-04-05,340.66363002720726,345.7689432837458,336.64898599898044,338.8303527832031,25752
2010-04-06,343.4018717832506,343.4018717832506,337.46112224756024,339.5264587402344,22512
2010-04-07,337.87884093689865,342.89132357099334,336.4864830758949,339.5264587402344,27002
2010-04-08,322.562926146253,341.08129827331334,322.562926146253,339.3408508300781,47416
2010-04-09,322.3772148547786,342.52000133189074,322.3772148547786,336.0455322265625,22644
2010-04-12,336.6257589284887,341.08132168556324,329.98885788823907,336.8578186035156,122522
2010-04-13,338.34291321290385,338.34291321290385,333.2376017652469,336.5328369140625,27014
2010-04-15,330.59222959637873,365.2387527374713,330.59222959637873,357.7896423339844,355914
2010-04-16,360.62068097821935,365.9812530029176,355.4689682952819,356.97735595703125,171256
2010-04-19,349.133768425902,360.1566025902293,346.9292015930366,349.3194274902344,92194
2010-04-20,354.587118803562,371.94519066241713,345.30473349456827,361.4792785644531,332108
2010-04-21,362.0130834452415,368.58038340544687,354.5871740412365,364.6585693359375,153462
2010-04-22,362.94130566105247,380.5778396957328,362.70924600270143,363.8463439941406,166016
2010-04-23,371.2954815132419,371.2954815132419,360.62073641973615,363.63751220703125,56758
2010-04-26,359.7156958469074,370.59930024859403,353.1948246577083,354.9352722167969,83426
2010-04-27,355.09772925945657,363.84639664175756,355.0513286521103,357.6736145019531,95538
2010-04-28,355.0977435247956,361.54901455064174,353.1948653055692,358.60186767578125,68922
2010-04-29,359.2283646708312,363.38223837744073,355.53861029842164,356.6060791015625,28266
2010-04-30,361.08483131685443,371.75957568740415,357.8359960736437,364.0552062988281,285844
2010-05-03,363.9392408045776,365.6796885639677,357.44156916952113,358.60186767578125,27928
2010-05-04,361.92027486638074,362.4772237694462,350.87423965390695,355.0049133300781,35362
2010-05-05,352.7307546556624,357.3719487958685,338.80717223504416,351.7096862792969,35778
2010-05-06,351.7096736595958,357.6968252166769,348.08954802564904,348.9249572753906,20000
2010-05-07,346.6971279675479,346.6971279675479,337.0202515902547,341.5221862792969,32890
2010-05-10,324.46578411363504,344.37651297374754,324.46578411363504,339.4104309082031,76824
2010-05-11,343.4483434656999,346.65077853986566,335.0941945705883,336.2312927246094,80914
2010-05-12,336.02246644980784,339.2016732060339,331.38127216182704,332.95928955078125,42638
2010-05-13,334.63001534598214,345.5368188974809,334.63001534598214,341.127685546875,107764
2010-05-14,343.33219002727327,343.33219002727327,333.23759707952985,334.37469482421875,41188
2010-05-17,329.524646364964,333.2376001268227,329.524646364964,330.2208251953125,25224
2010-05-18,329.571078640391,333.93381106103686,325.8117239261263,328.3643798828125,35476
2010-05-19,325.8581382843512,326.7399762558516,320.7528261553535,322.2148132324219,42616
2010-05-20,322.21481823713526,327.20410062251403,309.2426783696318,311.6329040527344,160312
2010-05-21,308.6393445670833,322.56292402123745,304.4622707308371,319.9638671875,115148
2010-05-24,321.6347261777527,326.7400392916853,317.62008226166637,319.3837585449219,47924
2010-05-25,316.0652590735699,318.6179153509629,308.63934990297207,309.2658996582031,21366
2010-05-26,313.74466021565553,329.0605977705618,313.74466021565553,326.4847412109375,111170
2010-05-27,329.5247240140608,357.3718837898969,327.6682466956717,351.5007629394531,380552
2010-05-28,358.7641703021464,366.1436775035629,348.6231763018734,354.58709716796875,186072
2010-05-31,355.0513236357351,359.6925174087513,334.7461008787895,344.51580810546875,103456
2010-06-01,350.4797203427873,356.44364235055724,340.8956449303181,343.5643310546875,90676
2010-06-02,346.0009475567045,350.3404517986447,340.1994561489798,343.378662109375,53324
2010-06-03,350.4101248289688,356.4436766472159,344.5158031563923,347.6950378417969,113276
2010-06-04,348.0894761629383,355.05126568619704,347.1844378593958,349.9459533691406,42844
2010-06-07,346.2330131227559,368.5107405086705,339.34085254377663,359.3675842285156,176490
2010-06-08,355.97956246857154,365.2387497132934,355.0977243204652,359.9709777832031,85612
2010-06-09,357.55751139973336,366.190118839825,357.55751139973336,359.7852783203125,40958
2010-06-10,362.0130907371152,362.0130907371152,352.73070379513786,353.6357421875,67006
2010-06-11,359.18190579812114,359.2283063929751,354.58711380391856,356.1651306152344,18976
2010-06-14,358.0680898055413,360.62074631095993,353.1948364770148,355.0049133300781,18218
2010-06-15,359.22832794473527,366.1901172459898,354.2158453133506,362.29150390625,72564
2010-06-16,360.62069674221095,365.72600905130275,355.07446543181516,357.4646911621094,27220
2010-06-17,356.4435823907624,363.82308976348247,356.4435823907624,361.6417236328125,22066
2010-06-18,362.94137846635766,368.97493079380354,357.48797540116624,358.9035339355469,41054
2010-06-21,358.9034801774447,363.8695627840214,355.51541465887806,361.38653564453125,22836
2010-06-22,361.78092826825,362.1290176796691,355.05119964748076,358.1376037597656,18590
2010-06-23,359.69250848387196,387.3076107481176,356.0259541631262,380.25299072265625,419594
2010-06-24,385.2190938421354,387.5396907929916,371.8292607667347,374.9620666503906,247756
2010-06-25,375.00845868986477,379.6496524855314,362.57006498299796,366.28302001953125,84312
2010-06-28,369.76381915763113,369.76381915763113,360.22617405465076,364.3336181640625,38106
2010-06-29,364.1944441284308,364.1944441284308,350.8742136841611,353.2412109375,139684
2010-06-30,350.4332970195238,354.1230513855875,346.32585224995614,348.5536193847656,103146
2010-07-01,345.81527408295034,355.051259350021,344.4229162031463,346.3722229003906,117424
2010-07-02,350.08520149514897,351.80244866470423,347.39331507326006,348.9017028808594,34894
2010-07-05,349.4818580515693,353.65893205218566,347.1612613845602,348.5536193847656,77836
2010-07-06,348.55368348791046,349.4355217145928,341.35983249714803,342.1256408691406,167358
2010-07-07,342.05592073124217,352.73066452611135,338.96951608560124,343.8659973144531,212222
2010-07-08,351.3383780468881,352.26661682640434,344.8639068942426,346.1170349121094,48468
2010-07-09,343.49467651556625,356.44361608727417,343.49467651556625,352.91632080078125,237176
2010-07-12,355.5618144763682,365.35474953132086,354.72640533121876,360.29583740234375,132332
2010-07-13,360.086994741897,363.3822592001013,352.75391450685277,354.7960510253906,79736
2010-07-14,359.22831314963736,361.92019923640305,355.05123974092066,357.5574951171875,45162
2010-07-15,357.37020734704805,362.99070864215236,357.32338127119465,359.6418151855469,41086
2010-07-16,355.9651127131596,368.6112417174429,355.9651127131596,363.927490234375,104426
2010-07-19,360.6488663486867,362.99074210419764,357.5810148264374,358.37725830078125,41280
2010-07-20,358.30690021781743,362.52227551449766,353.6934175780548,354.58331298828125,67400
2010-07-21,354.13838747527296,359.24368729550616,353.6700123940533,356.1992492675781,29842
2010-07-22,353.1547951833866,358.28350780703346,352.8269269239702,357.9088134765625,26510
2010-07-23,362.28809246824306,362.28809246824306,354.1383553591654,354.8175048828125,25266
2010-07-26,356.5974080657022,368.37705449169925,352.2883795670846,354.7239074707031,153618
2010-07-27,360.9064545352454,372.7797813591967,356.9955335931686,360.0633850097656,301994
2010-07-28,363.4590572980051,369.3137457209756,360.2741125133784,361.5152893066406,50574
2010-07-29,360.1804664722354,371.8898444459752,357.88541695444303,368.9390869140625,139732
2010-07-30,372.82651839598316,373.71644237483025,365.33251802621464,367.22943115234375,114338
2010-08-02,365.3325688127678,369.9929066580411,360.64881793055287,362.3583984375,33622
2010-08-03,368.14275136253934,374.27845245031176,362.4754252765004,366.92498779296875,104450
2010-08-04,369.9928591139436,370.6720086220634,365.56670938154156,367.08892822265625,34778
2010-08-05,369.78216423639407,374.5595962682543,367.01873954116974,372.3114013671875,109186
2010-08-06,370.48475695945245,384.86388029848433,368.14288112532194,373.95074462890625,396158
2010-08-09,372.4049812113972,381.63197517579437,372.4049812113972,377.6507873535156,74376
2010-08-10,377.65082895295035,380.2034789082391,370.0163207114369,373.318359375,42146
2010-08-11,374.27852492994384,376.8077618640321,367.9320481449177,370.1568298339844,63988
2010-08-12,370.4846650175996,377.97866582705797,368.611164815235,372.9436340332031,69942
2010-08-13,377.51032983936904,383.59920612710084,365.33257726390553,367.7447204589844,113128
2010-08-16,368.611197746418,373.2949486707689,362.28813399854425,370.1568298339844,45174
2010-08-17,385.2853429641343,398.0954190064218,370.9530764454972,372.9202575683594,223244
2010-08-18,377.51029081107566,387.8145419250256,373.76329040600297,385.6834411621094,244546
2010-08-19,386.87786976707395,388.7513703470598,379.3838674471306,385.9879455566406,95278
2010-08-20,383.130856987004,385.4727326409588,379.43068201881573,380.999755859375,30946
2010-08-23,383.5992858014895,392.0066262932418,380.9998091792797,383.5524597167969,108106
2010-08-24,385.47273611782333,388.2829869279168,375.8007781448118,384.13787841796875,40630
2010-08-25,383.1308675936222,387.5336053798826,381.3744608045317,383.22454833984375,53930
2010-08-26,383.1308641886168,386.87786530537585,379.38386307185766,380.08642578125,15594
2010-08-27,377.55718279387855,387.7677835501099,377.04198158317666,378.47052001953125,39642
2010-08-30,376.10518535895795,384.30174917437733,374.7000601334575,377.276123046875,28310
2010-08-31,372.3582040544119,380.27375466987854,367.67445306001673,378.3299865722656,51014
2010-09-01,383.1308161553676,395.5427557985427,378.96226650064574,387.72088623046875,167950
2010-09-02,392.77933440684114,392.82618906769665,382.6624440170928,385.1916809082031,54491
2010-09-03,385.9410531259464,392.4983040285717,384.06755286805344,386.64361572265625,28495
2010-09-06,388.7513872302261,389.2197623955637,383.22456599671244,384.5360107421875,16076
2010-09-07,385.4726828915753,391.561558806023,383.3181690029397,387.25250244140625,33433
2010-09-08,390.99952966601876,393.43508591534516,385.00433407430205,390.6716613769531,49637
2010-09-09,390.671625614887,397.83778689366153,388.79812537726644,394.6059875488281,90974
2010-09-13,398.8682142474696,416.8538290950486,391.6552550312667,403.45831298828125,180498
2010-09-14,405.7065132743802,410.2029027544106,394.6528438726726,399.5239562988281,70616
2010-09-15,412.17007834416427,412.17007834416427,396.38583212646955,400.1796875,24658
2010-09-16,401.7721660963535,401.8658468363957,388.2829685633707,389.500732421875,45314
2010-09-17,389.5007152642134,393.4350774738911,382.2877559962669,383.6460266113281,60482
2010-09-20,388.7513348925434,398.1188369381469,388.0487722391232,390.6716613769531,96222
2010-09-21,393.2477720120314,397.1821347820773,382.1941296959612,389.2197570800781,29655
2010-09-22,385.0043509722226,395.3086036746422,385.0043509722226,393.24774169921875,40556
2010-09-23,399.05553837196214,399.05553837196214,389.21966242617435,394.6528015136719,17921
2010-09-24,396.2452874434622,402.80253806309395,392.4982870893869,400.4606628417969,48902
2010-09-27,403.7393499759318,460.8811141256577,398.11884858415556,402.4747314453125,56497
2010-09-28,413.57522554649825,413.57522554649825,398.1656728652625,406.2685852050781,58251
2010-09-29,408.4230855563595,431.8418404621141,407.4863353601294,423.97314453125,315789
2010-09-30,416.8538893652028,432.68496394047855,416.8538893652028,425.8935241699219,212056
2010-10-01,425.89343112235167,428.7505361057525,417.7905484010997,424.76934814453125,41586
2010-10-04,430.76454010660746,440.27254792409514,421.63122661243744,435.12042236328125,134747
2010-10-05,434.2305293109871,435.5888284906816,428.09482714030423,433.8558349609375,62425
2010-10-06,438.4927460215986,458.0708182198661,437.46231515066967,440.9751281738281,76057
2010-10-07,443.0827462208865,505.8449956855787,443.0827462208865,483.03515625,1199868
2010-10-08,487.1101964722255,503.6906895947789,487.1101964722255,496.9460754394531,422201
2010-10-11,501.0677610446611,501.16141320528624,477.742655578871,479.7098083496094,106591
2010-10-12,479.6160628310063,489.9203141808912,476.80581246285584,486.4075012207031,75167
2010-10-13,491.7937735194154,561.7690133008293,491.7937735194154,536.6641235351562,1083230
2010-10-14,538.7250041406342,546.7810899709074,501.4423585158991,515.165771484375,571750
2010-10-15,516.1492727360255,518.0695988856781,490.0139237149081,498.81939697265625,258946
2010-10-18,473.80813452388895,505.37662068957354,473.80813452388895,483.03515625,171593
2010-10-19,482.42640428693625,507.4376487208302,482.42640428693625,496.1029357910156,186715
2010-10-20,494.6040568694905,494.6040568694905,478.0235685281322,485.0491943359375,72448
2010-10-21,491.7001348206099,491.7001348206099,484.2997863946086,485.89227294921875,50122
2010-10-22,489.4051448514956,490.85709620112124,481.44276829098123,483.8782958984375,56130
2010-10-25,484.2998319061019,489.7329713900326,474.2765937760081,479.8970947265625,122639
2010-10-26,480.55285405452776,484.2062027154636,477.13372153164823,480.1781311035156,51159
2010-10-27,482.42629139558704,485.0960062547944,473.99554067216906,475.7753601074219,148090
2010-10-28,479.6160971836106,482.4263477530458,475.86909642436365,478.0704650878906,21739
2010-10-29,476.85258990633963,496.00913939732027,473.99551375834574,488.8898620605469,45621
2010-11-01,496.47750516860117,502.5663802319897,483.5503664689591,489.5455322265625,48207
2010-11-02,490.85710594930447,505.84510918439776,481.8643268781265,485.0960693359375,48930
2010-11-03,494.6040548931057,494.6040548931057,479.9438928961901,485.1897277832031,56450
2010-11-04,490.295064615885,490.85709185118077,478.6793395724301,482.0047912597656,77559
2010-11-08,497.6954020643835,500.0372777160836,488.98363607499846,490.529296875,81870
2010-11-09,490.5291847790937,508.93628889023995,488.1404264204806,493.3862609863281,434102
2010-11-10,496.4774582486083,510.4818810058395,495.4470562051332,500.9738464355469,201373
2010-11-11,500.974024789168,504.5805475746578,475.8691293976191,480.459228515625,85908
2010-11-12,480.1313302834889,485.14297843709045,473.2462388003675,475.541259765625,60531
2010-11-15,477.6488904181336,490.7634209586042,473.9955705915179,483.5972595214844,61495
2010-11-16,482.42638531069133,485.1898100207117,474.9323832087777,482.3327331542969,91944
2010-11-18,478.3047013164853,484.2998974239932,456.47840252001527,470.4360046386719,58184
2010-11-19,476.61844960001974,476.7121303294846,459.00755877973523,464.3470458984375,37457
2010-11-22,470.06117649969957,472.9651074515194,455.6820857091586,461.5367736816406,38083
2010-11-23,460.88114444795957,463.55088850217084,450.576891218432,453.52764892578125,26586
2010-11-24,455.44799486118654,458.9139537241554,445.2373940000561,450.6705627441406,20293
2010-11-25,453.3870985528,454.97958533389556,440.55360932824664,445.8930969238281,26150
2010-11-26,446.92354669381075,451.51361716746254,423.5984713584386,433.7153625488281,35294
2010-11-29,434.79262682920813,450.5300483267306,428.329055762078,445.658935546875,31058
2010-11-30,441.20933806111987,454.0896531319063,432.7785863784233,449.4527282714844,42431
2010-12-01,445.8930840199211,463.5976566385369,441.2093331373589,453.76177978515625,53349
2010-12-02,461.77101298722357,482.23898156458705,457.18091423215253,474.1829528808594,108661
2010-12-03,477.6489172726066,481.4895987779939,470.4827840199366,473.90191650390625,59258
2010-12-06,477.5552805519524,485.23664427071446,473.99564092853575,476.6185302734375,39871
2010-12-07,477.9300129895097,485.705029020079,456.197394663025,460.8343200683594,77114
2010-12-08,468.37513460320713,468.37513460320713,434.6521249117762,437.3218688964844,86076
2010-12-09,447.7197325729816,447.7197325729816,425.2845556997004,431.4202575683594,48655
2010-12-10,435.4014443025582,444.95630696065126,426.3618113628266,440.1320495605469,49440
2010-12-13,432.31019736430943,450.5768254219563,432.31019736430943,445.98675537109375,55994
2010-12-14,447.7666217325782,459.9443750432968,442.3803077682218,453.1061096191406,47445
2010-12-15,454.13647296322233,457.13408495524453,440.8346376435719,446.0804443359375,24557
2010-12-16,449.6400708575216,451.51357115276124,439.05480562435577,447.3918762207031,31520
2010-12-20,446.6424693734231,449.6400813506997,437.6496906162863,439.1484680175781,29461
2010-12-21,440.2725918951586,444.8158360609078,435.6825216545721,437.46234130859375,48406
2010-12-22,440.2257438633168,444.0195705310169,436.66607614547075,439.57000732421875,17960
2010-12-23,439.42952668519297,444.90952109944607,436.6661021467477,439.3358459472656,11213
2010-12-24,437.6964590189158,439.19526481007136,433.8557781126242,436.993896484375,9535
2010-12-27,440.1788633654563,443.08279437374676,433.99630702881893,436.9002380371094,11783
2010-12-28,439.1485282076547,444.8158846621931,433.24701276599853,438.3991394042969,18458
2010-12-29,440.0851787447535,443.08279045337133,434.2773453669042,437.0407409667969,47115
2010-12-30,438.39909233031597,444.8626629741268,435.58884173845496,439.8510437011719,43063
2010-12-31,440.08524009828005,443.0828522248035,421.53759725404143,426.4555358886719,108344
2011-01-03,429.9683823212773,440.22580941290147,429.0316320329957,436.15093994140625,51291
2011-01-04,436.52554839454933,440.2725488099532,429.1252282915956,432.5911865234375,31894
2011-01-05,431.65447533744685,433.5279757140631,426.22133568019854,427.7669677734375,18319
2011-01-06,433.6217189732274,439.33590166329054,421.5376455191487,424.4884033203125,33640
2011-01-07,425.6592883748287,444.01959815085684,420.6008429741239,429.8746643066406,50411
2011-01-10,428.84418604681593,474.4171014625354,422.52112284672455,443.6916809082031,258600
2011-01-11,444.9563702015773,457.5088178750572,435.68254841379314,439.61688232421875,90404
2011-01-12,442.52069368623984,450.62357545785306,438.4926801266041,441.63079833984375,47924
2011-01-13,444.76891881931675,444.9562802669981,433.2469044704981,437.08758544921875,14716
2011-01-14,438.3991076704475,449.6401104312282,435.58885698025233,440.9283447265625,24040
2011-01-17,440.5068140943163,443.0360512561134,435.68255592537315,437.3218688964844,11257
2011-01-18,439.14840372135217,452.91864063153963,436.5255150657652,448.7500915527344,60084
2011-01-19,451.51360267180917,451.51360267180917,442.1461005416886,444.48797607421875,18723
2011-01-20,443.1765781203596,449.82751104996356,440.2726464370282,448.3287048339844,15036
2011-01-21,449.6400280226315,452.2160906831778,446.03353458039805,447.43865966796875,11456
2011-01-24,447.90705951128285,507.6249076287602,446.8766286725097,481.3959045410156,369775
2011-01-25,481.3959340978767,486.0796849368337,461.8178327211594,465.3774719238281,53798
2011-01-27,482.4262579261923,482.4262579261923,459.94425755681635,460.6468200683594,37019
2011-01-28,445.5183797014969,460.1785139185315,442.6144485017937,452.1693115234375,19846
2011-01-31,442.1928449476185,484.11240923767116,432.77851848054365,460.6000061035156,151029
2011-02-01,463.504005642169,471.1853690173515,446.8298628653611,457.93035888671875,44884
2011-02-02,457.1340900474316,463.6913413390956,444.01958746410367,453.62127685546875,41685
2011-02-03,457.1341124366595,473.0588663535103,436.5256073677937,439.2890319824219,198620
2011-02-04,441.63080513210036,445.79932553819015,426.2212559809301,427.3453674316406,45200
2011-02-07,433.94949772028866,438.399060837766,427.15805927782327,429.2657470703125,24485
2011-02-08,430.06196020907316,440.2725301917972,425.28452916399135,428.0010986328125,116801
2011-02-09,428.188516793115,431.74815607374705,422.84902928481984,427.7669677734375,35149
2011-02-10,426.31498456141884,434.2305059087512,423.41105347718155,428.28216552734375,65553
2011-02-11,428.1884759896123,488.2341630556797,422.8489889901346,426.1744689941406,108119
2011-02-14,435.58892163488366,435.58892163488366,421.8186797740657,424.90997314453125,50745
2011-02-15,428.7974286875413,434.0900619041722,422.61487129483874,432.6849365234375,280194
2011-02-16,433.7153483558971,440.2725998429193,430.06202824488287,435.5420227050781,118767
2011-02-17,435.58884905060427,448.4223384038085,431.4671538308208,444.48797607421875,42143
2011-02-18,444.722111739761,450.8578134841712,443.08279905825583,443.6916809082031,111238
2011-02-21,444.7222272785489,444.7222272785489,432.77866035321665,435.02685546875,28955
2011-02-22,432.5912193808222,435.5888313757662,431.8418306757596,434.6052551269531,14577
2011-02-23,434.652052238806,465.0964308977741,431.9354826297824,455.0263671875,53010
2011-02-24,462.56722146409635,462.56722146409635,429.0315768889388,431.8418273925781,57322
2011-02-25,433.2469690399689,437.4155188797249,430.9987742694472,433.66851806640625,17077
2011-02-28,435.5888487807606,437.46234920562404,426.5023602852335,435.5420227050781,63994
2011-03-01,432.77854158160073,434.6520417616077,425.33136693113556,430.85821533203125,59990
2011-03-03,428.09481327453807,443.08281548983916,428.09481327453807,432.40386962890625,119212
2011-03-04,435.12049181662763,437.3218606250965,430.90511568492724,433.5748596191406,14078
2011-03-07,434.6520613464464,442.1460624041437,433.7153112142342,434.9330749511719,59793
2011-03-08,436.52561309633876,444.0196150379068,432.0760494435327,435.35467529296875,73036
2011-03-09,436.15089351892135,439.33583844261375,432.7785871225747,434.69891357421875,27457
2011-03-10,433.71530974814203,435.58881000623336,430.99874009137864,433.8089904785156,10005
2011-03-11,432.63803120625334,442.38022634422106,430.7176763852273,435.9166564941406,48170
2011-03-14,436.5256526745382,439.80427882123536,431.3735258725855,434.18377685546875,108853
2011-03-15,430.90516090880595,444.95641615583224,426.68978433469806,442.3335266113281,109944
2011-03-16,444.9563642056497,466.2206060984171,440.74098812370147,454.1365051269531,188033
2011-03-17,452.3566327796272,458.5391893649381,449.73374384639,452.5908203125,52455
2011-03-18,455.30738475820164,472.12206086069824,447.7665577210591,459.8038024902344,194912
2011-03-21,459.99122023410575,467.0168474360563,451.51364151202546,453.52764892578125,20823
2011-03-22,457.1339982901397,473.99549822707104,452.0755540265285,456.8998107910156,205672
2011-03-23,458.1176175292831,463.55078517344384,446.1272278789696,447.76654052734375,38750
2011-03-24,473.0588478155546,473.0588478155546,449.0780371395145,452.2161560058594,18320
2011-03-25,456.71248909084426,460.88103837285325,447.7665372809428,449.9210510253906,51130
2011-03-28,450.71725862261223,456.05674507934754,443.1295778741668,444.7688903808594,20857
2011-03-29,436.5256077816612,451.98198659796464,436.5256077816612,444.95635986328125,34900
2011-03-30,448.9843294551347,449.59323991436753,445.4246903676813,446.7829895019531,11208
2011-03-31,452.2630266835551,452.2630266835551,439.3827102499816,442.70819091796875,130921
2011-04-01,443.316994876372,452.45030855845255,440.5067445126549,447.0639953613281,63047
2011-04-04,448.5159461864482,452.45030812683694,448.0475711262755,449.9679260253906,19785
2011-04-05,452.2629693982761,460.88108237353276,447.06401740400105,455.1669006347656,44677
2011-04-06,456.94676892409495,460.7874507372435,448.8438848299501,451.1857604980469,25034
2011-04-07,452.2629606879861,469.31182484172564,450.95151619631673,459.616455078125,152274
2011-04-08,461.6304836358881,469.31184665276845,456.1973439518927,458.7734069824219,75054
2011-04-11,457.8834433850453,467.01675697852903,456.8530411315537,464.487548828125,19516
2011-04-13,467.2978574066273,470.2486149102077,462.00522433078487,467.0168151855469,184277
2011-04-15,465.84585563304375,470.9043295026541,461.1152786330473,467.48516845703125,37850
2011-04-18,469.35866291837027,482.23897780183097,451.7009450207396,455.91632080078125,158019
2011-04-19,459.00753821686607,459.00753821686607,445.9867178502237,449.9210510253906,39958
2011-04-20,451.185743475172,455.7289878173366,445.4715613431376,446.9703674316406,37879
2011-04-21,448.5160031484616,457.13411678508714,448.5160031484616,450.1084899902344,44678
2011-04-25,452.0756548013948,453.34027329603657,439.42952702967295,441.349853515625,45117
2011-04-26,442.7550565081704,450.57692781240513,441.34993095366184,445.5653076171875,42165
2011-04-27,446.03362603917753,450.57687047137955,442.8955069826659,445.7994384765625,55777
2011-04-28,445.23736115020336,449.35908492345743,438.586457562361,441.349853515625,28010
2011-04-29,442.38027410210367,447.29821256485866,438.63327336857606,444.6753234863281,22994
2011-05-02,445.19051756484055,446.548816744059,437.46232867497224,438.7737731933594,26857
2011-05-03,438.63324786945185,441.1156299936359,427.90744745831466,428.89105224609375,35425
2011-05-04,427.29855409227605,432.77854791647957,425.79974820886264,430.9518737792969,54763
2011-05-05,433.4811017068321,462.61403505927115,432.3569901702237,455.5884094238281,103517
2011-05-06,456.431469356849,456.431469356849,437.46228053288553,440.74090576171875,147558
2011-05-09,443.8322262362955,444.95633789328053,437.4623364129726,438.4927673339844,23972
2011-05-10,440.2724626630054,455.916197771286,439.3357127424458,449.733642578125,41265
2011-05-11,452.16933068731635,454.7922197991076,442.1460921630871,447.67291259765625,23950
2011-05-12,449.64006647390624,454.3238171663428,444.95631578146975,445.51837158203125,6209
2011-05-13,442.3334880509597,457.6025059867127,442.3334880509597,451.5604553222656,23683
2011-05-16,452.3566720156239,455.2137773168955,442.14610041420605,446.1272888183594,8387
2011-05-17,444.0663968976277,462.7545738134957,442.4739387960212,457.9771423339844,56720
2011-05-18,458.9138827065718,458.96073736545213,450.5768122718181,451.8414306640625,19935
2011-05-19,452.4972084293746,455.3543139175388,443.17656035530695,448.65655517578125,15454
2011-05-20,450.3894071066792,459.94426893496995,449.35900493413266,454.0427551269531,23084
2011-05-23,454.0897045070427,456.197392666178,448.7033903225858,449.4996337890625,31170
2011-05-24,454.3238341303752,465.00278039040336,445.93990864292755,454.2770080566406,261685
2011-05-25,458.7265686232175,460.41270749038,446.5019617805768,448.6096496582031,28100
2011-05-26,451.41993119703363,453.9491682590101,443.12968592427586,445.3310546875,19018
2011-05-27,448.1881108939997,457.08723712424546,448.1881108939997,453.4807434082031,26522
2011-05-30,444.3006188101806,455.72898295224707,419.47673792994516,451.65411376953125,27232
2011-05-31,450.62362104526,484.2997983416738,450.57679497552243,463.64447021484375,343028
2011-06-01,466.3141632329051,479.14765034672826,458.4923231890058,464.1128234863281,79275
2011-06-02,458.07083546452384,465.56483686271645,449.64008389155714,463.22296142578125,62586
2011-06-03,464.6281134353549,464.6281134353549,450.6705407451899,452.7782287597656,25481
2011-06-06,455.16695641763033,459.00763829223945,451.51363603440694,457.8367004394531,28390
2011-06-07,458.3049583145807,458.3049583145807,452.5439512704045,453.9022216796875,15975
2011-06-08,452.5439416607573,463.69126121285035,450.8109484013823,454.3237609863281,70602
2011-06-09,453.66805878972946,458.72653216386493,450.8109824398535,452.5439758300781,18988
2011-06-10,448.51593377556355,457.0403653522963,442.1460445684139,452.9186706542969,53773
2011-06-13,452.45021850221576,458.53909307833254,450.57671863264136,454.37054443359375,11515
2011-06-14,456.00995164042007,458.0708133604153,450.10843725905835,456.7593688964844,30662
2011-06-15,456.75936137841677,468.3750570764436,453.38705524999745,465.2369384765625,91857
2011-06-16,460.8809902279738,460.8809902279738,452.45024040673036,455.54150390625,48774
2011-06-17,457.50875850282875,459.0075644306837,450.90468151075396,452.5908203125,15349
2011-06-20,454.3237493878036,454.3237493878036,435.40138797836477,441.63079833984375,36857
2011-06-21,444.01950397757787,446.36137899855663,435.58875390205424,436.05712890625,43557
2011-06-22,436.3382218311417,441.20933419562874,436.3382218311417,439.3826599121094,28887
2011-06-23,439.242174784369,442.09928012302356,433.012791505598,435.260986328125,24196
2011-06-24,436.3382295416236,442.05241145049933,436.3382295416236,439.1016540527344,14594
2011-06-27,440.7877580184663,454.3238087023719,440.6941058762387,442.14605712890625,82930
2011-06-28,445.70573545943654,460.8811001934274,442.14609612052385,452.8250427246094,36878
2011-06-29,456.1972954767972,458.91386503013473,450.5767949165081,452.5439758300781,42796
2011-06-30,454.79216616323305,455.9162776999129,445.0967970682371,447.76654052734375,54804
2011-07-01,450.3895291468798,456.197392394647,440.74101257018776,451.1389465332031,54179
2011-07-04,451.1388691523642,471.84105278077834,446.829812828997,465.705322265625,104209
2011-07-05,465.7521507605867,468.14085202733946,455.26053843979383,458.11761474609375,36861
2011-07-06,458.0708531327965,463.5039929211094,455.58847079136643,457.60247802734375,19302
2011-07-07,460.90643928879416,471.9984017294359,457.83844967755283,468.788818359375,136332
2011-07-08,469.9216493840522,474.8304448301493,463.5968873841379,466.33447265625,99978
2011-07-11,464.5407906436342,467.8919674688059,462.5583917743312,465.7679748535156,16049
2011-07-12,465.6736125424768,467.2784186349245,458.7824473870168,467.04241943359375,41470
2011-07-13,467.04240453185275,471.05439082646694,465.3904101752469,467.3255920410156,46996
2011-07-14,466.57042240038885,469.8272229117112,463.7856202931135,467.2312316894531,50478
2011-07-15,469.4024769111312,474.83045929874106,467.51448303717996,470.4880676269531,84596
2011-07-18,471.80957460822896,472.6591947488996,465.39040808901984,466.5704040527344,38774
2011-07-19,467.32562259543835,471.9984184616072,465.39044060314467,469.4496154785156,82459
2011-07-20,470.1104001458323,471.8095828398285,465.3904162086251,466.5232238769531,171408
2011-07-21,466.6175904636121,471.99838355958946,466.6175904636121,467.939208984375,571310
2011-07-22,469.8744019614074,492.1999490792985,469.8744019614074,481.39117431640625,361104
2011-07-25,482.4295279252414,486.15832661393057,463.50240459697073,480.5415344238281,66933
2011-07-26,483.7039520882353,493.6159178472812,478.7479404002181,487.1495056152344,105092
2011-07-27,487.8575542686295,503.1503145649209,487.14955664025484,497.0615234375,154047
2011-07-28,495.83432448742934,511.6462710560432,491.8223380446467,503.7166748046875,146994
2011-07-29,474.4527530849538,511.12703109796263,474.4527530849538,497.48626708984375,79764
2011-08-01,497.48633416304796,519.1982614604865,488.9903626118763,492.43597412109375,44675
2011-08-02,492.8134377192225,508.81419239875817,492.8134377192225,504.28302001953125,57621
2011-08-03,500.554242198822,506.97340813313735,493.9934537149689,502.0174255371094,28242
2011-08-04,500.5543500573199,519.0094777015216,496.77836250384644,510.9855041503906,89465
2011-08-05,495.5983891361179,512.7319564930524,474.40564649632574,506.40716552734375,73587
2011-08-08,505.038281273801,505.038281273801,491.1143286592429,495.5039367675781,40176
2011-08-09,486.0168029213714,495.59839493695284,480.68325476510756,486.6776123046875,58267
2011-08-10,490.8783555686597,501.54550831050284,481.8159801656927,490.6895446777344,140329
2011-08-11,489.2263419901776,490.87833639149517,482.0047722261173,487.3383483886719,63840
2011-08-12,489.8400256609883,495.59838383590085,484.27042077679454,487.5272216796875,55267
2011-08-16,489.0374853080794,504.8022419276753,482.3823200094289,499.6102600097656,68398
2011-08-17,501.26230768908056,518.1598736881085,501.26230768908056,508.1534729003906,90047
2011-08-18,508.5782957660392,515.4222728320324,497.5807095718181,500.7431335449219,26106
2011-08-19,500.318280232453,500.6014677356018,487.10232566027497,489.226318359375,11031
2011-08-22,489.98153557103325,522.3134265025125,483.93999052191623,508.34228515625,92693
2011-08-23,509.0502612342381,523.1630245526327,499.75191604152167,518.9150390625,89523
2011-08-24,519.6230773842502,522.9742546769218,511.2686706951167,517.4990844726562,31897
2011-08-25,517.5461686396588,519.0093519386816,505.13258951879055,512.3541870117188,28360
2011-08-26,507.35114789702027,517.3103037170789,507.35114789702027,511.50469970703125,23954
2011-08-29,519.3399066300764,520.0950926107515,498.430352689213,501.3567199707031,18069
2011-08-30,508.8142765600323,508.8142765600323,495.5983213247068,504.3302917480469,22672
2011-09-02,504.89670086206996,505.0383234388046,491.1615579816662,494.65435791015625,252433
2011-09-05,494.6542918436427,495.5982885838023,476.8599475299349,480.9663391113281,124843
2011-09-06,483.32644494626817,495.40959454652443,476.24646772537557,491.25604248046875,95675
2011-09-07,496.4479939909039,502.2063520484191,492.0583853481926,495.8815612792969,23892
2011-09-08,493.946307637015,502.15909102174516,491.8695032291422,496.7311096191406,21431
2011-09-09,494.89039879506976,499.61038352368274,490.87841177574876,491.6807861328125,11024
2011-09-12,491.6807319547056,499.8935160009289,490.6423584756291,497.81671142578125,81454
2011-09-13,498.24145196649255,503.52786811217413,485.2143088931478,491.1142883300781,28139
2011-09-14,491.208740234375,496.49515719022537,486.3943793228106,491.208740234375,10216
2011-09-15,492.0583448222927,493.7103392653412,487.47998326978444,490.925537109375,14156
2011-09-16,490.8782928488418,500.3654483314653,489.98148444427824,497.8638916015625,35040
2011-09-19,490.8783271254738,501.21510342199497,490.8783271254738,491.4447021484375,25357
2011-09-20,496.0231347832041,496.0703231002528,490.12315472730194,490.97271728515625,12174
2011-09-21,494.1351411653154,497.0143199091971,490.87834065105886,490.97271728515625,19218
2011-09-22,490.87834278950584,496.25913614732787,489.9343459764491,492.907958984375,343995
2011-09-23,490.87828915260087,495.31508521256984,487.3383014904427,491.1142883300781,45686
2011-09-26,493.71029619048574,495.69266630239014,479.69193880655223,481.34393310546875,84051
2011-09-27,487.95200609159815,495.59835770655786,478.2288210267324,484.4120178222656,41353
2011-09-28,486.9135323940635,498.66630394416285,485.025538815477,490.26470947265625,125550
2011-09-29,488.9431200653213,490.8783018472832,483.3263279727096,484.27032470703125,4895
2011-09-30,485.3087317633224,494.65432312877357,483.3263615304047,491.01995849609375,19333
2011-10-03,488.9431510119184,488.99033932822357,483.8927335934492,486.39434814453125,214091
2011-10-04,500.3183156432931,500.3183156432931,487.10236013573444,490.7367248535156,18934
2011-10-05,492.7662994482477,495.5511013612476,477.7095398861535,481.34393310546875,27637
2011-10-07,483.32632203560365,490.54792001125094,477.89834087993034,480.4471435546875,21991
2011-10-10,470.1104106335717,482.3823691440866,458.02726300815556,471.4792175292969,411925
2011-10-11,471.99837605565426,481.1551560745318,458.31042315004026,461.80322265625,159479
2011-10-12,472.47032142495743,472.47032142495743,459.2543683781055,468.3167419433594,129977
2011-10-13,463.5495123624874,481.4382592033407,463.5495123624874,476.6238708496094,71748
2011-10-14,476.7183138374542,478.6063071595828,470.2047426378092,476.1991271972656,20042
2011-10-17,475.77437540527137,477.56796351910805,474.83037862867366,475.8215637207031,16578
2011-10-18,475.8216172508851,480.9192234647927,473.88643516454886,477.615234375,31797
2011-10-19,476.71839193066785,482.3823728248936,474.3583998914071,476.67120361328125,94971
2011-10-20,478.6536063021388,493.99355559641947,475.7744273426117,485.9223937988281,29342
2011-10-21,489.93432649933516,489.93432649933516,475.7743748664064,477.3791809082031,9918
2011-10-24,477.3791924061875,484.97835510882516,477.0015706400845,482.7127685546875,10310
2011-10-25,482.38242786437445,489.6512156980595,475.916043177291,483.8456115722656,17247
2011-10-28,487.3855432079676,492.7663365674475,478.5591960499648,480.7303771972656,33173
2011-10-31,480.49439035470726,495.2679639104465,479.6919872810206,490.6895446777344,38690
2011-11-01,492.71921899213186,499.8463844327874,486.44161623526895,495.7400207519531,88139
2011-11-02,493.66304741075504,504.99100693011314,492.86061570794493,499.8934020996094,49847
2011-11-03,496.5894494886505,505.98222811986983,496.542261177335,503.1502380371094,37871
2011-11-04,505.03843484406286,516.1775887994647,504.094437769588,509.38079833984375,89708
2011-11-08,512.6374592148193,555.0701276016428,512.6374592148193,544.2613525390625,308912
2011-11-09,548.1317513613294,554.9757279914514,514.7614307394365,517.357421875,91456
2011-11-11,516.0358170136773,524.8621630761673,508.8142192411047,521.510986328125,66942
2011-11-14,434.14416850734597,542.6565948670102,434.14416850734597,535.85986328125,153244
2011-11-15,533.3580817774837,535.7180732897734,514.5725262928652,520.6613159179688,45286
2011-11-16,512.6374634197969,530.5262147464799,509.85266126739083,514.1006469726562,23135
2011-11-17,514.3838007488757,516.7437923881769,500.64860331455617,505.41583251953125,21265
2011-11-18,505.98204921115024,508.76684999792553,493.7100965250589,502.7252502441406,31235
2011-11-21,496.5422378274875,515.4221708247303,496.5422378274875,506.5958251953125,28735
2011-11-22,515.3750227444597,577.5371839433043,510.7966040650591,527.9773559570312,61265
2011-11-23,528.685479519704,541.8542484755679,522.1246892037859,537.6062622070312,73302
2011-11-24,541.1933244349945,575.9323932591789,535.5765322575719,568.474853515625,167191
2011-11-25,574.7525367239647,598.3997071047605,558.279835559622,582.25732421875,146859
2011-11-28,586.3634954996115,600.0986341399259,585.2778763917709,588.4874877929688,67554
2011-11-29,589.6676384640979,589.6676384640979,565.4540969102104,568.5692749023438,36787
2011-11-30,570.9765436272245,583.3901268158183,570.9765436272245,575.7437744140625,46544
2011-12-01,579.9916355498008,587.118799603222,568.2860526152489,573.8084106445312,41594
2011-12-02,576.9236230631175,670.1904882174792,576.9236230631175,631.1561889648438,699903
2011-12-05,630.5899319627296,677.7897771695207,621.1971512431784,629.6459350585938,1241858
2011-12-07,630.5898037059587,654.5200973117778,609.3498776829286,630.4481811523438,600149
2011-12-08,623.5571474957909,646.637883473084,587.3548890371995,596.417236328125,1723428
2011-12-09,594.7179071924927,615.0138357712841,585.4667512706731,591.93310546875,406674
2011-12-12,594.7180401927234,623.0379468685674,585.466882202014,588.3932495117188,242651
2011-12-13,585.2779991921583,594.6235902905712,533.5469875611527,541.3349609375,631675
2011-12-14,540.9101208646309,553.3708890990462,521.3693772262285,525.66455078125,356518
2011-12-15,523.9182759153701,523.9654642366476,426.78100133167965,453.44891357421875,624383
2011-12-16,466.19290275992023,515.4223382829365,462.5585087154558,502.06475830078125,2067595
2011-12-19,502.20637251999773,516.3663266324037,478.6064489993212,497.2975769042969,863706
2011-12-20,498.4303405908899,514.4782871629451,486.6303798761434,493.52154541015625,420493
2011-12-21,509.6639094844988,514.2894593624313,489.0847325808614,494.79595947265625,158230
2011-12-22,488.0464410922354,502.20639586280316,483.89283131273413,496.96722412109375,178397
2011-12-23,509.7583530083987,545.2998612232848,493.80478150633525,536.0486450195312,788499
2011-12-26,540.9101358570588,577.7260089782199,533.3581618834872,564.6044311523438,771087
2011-12-27,564.6043844195062,584.1923152921457,562.9523902495246,568.38037109375,939413
2011-12-28,566.5869990776622,571.1181730595273,528.6383089476616,534.3966674804688,667206
2011-12-29,531.2813148996137,533.8301174346348,511.7405722870975,516.1773681640625,506817
2011-12-30,513.1095609205872,539.7774763313915,513.1095609205872,533.547119140625,513219
2012-01-02,527.2221918359566,541.0517674528452,517.4518483912536,521.652587890625,226540
2012-01-03,524.1541980606344,533.2637897905191,522.0302053625048,525.9478149414062,170029
2012-01-04,530.4318596152349,551.0109796760889,526.7502488079508,536.3790283203125,417747
2012-01-05,537.0398491040881,556.6749727221752,530.5262475728539,539.3998413085938,321266
2012-01-06,539.3997938094935,558.6572939322613,530.7622000548237,538.9277954101562,442323
2012-01-09,546.1021160503424,552.710093254063,534.3021567579841,547.6124877929688,128279
2012-01-10,542.8925600139501,564.4157340744821,541.8541865360273,556.15576171875,201647
2012-01-11,561.1588985624228,577.7260305625083,560.7340884871404,574.5164184570312,247409
2012-01-12,577.7260508174336,596.5116104839481,572.109258244421,585.9860229492188,320474
2012-01-13,591.6028761059724,603.3084032412524,586.4580814136322,591.7916870117188,151854
2012-01-16,581.5964330114952,607.9339680271721,578.0564448436351,599.3908081054688,258026
2012-01-17,595.1901536014939,613.0317213002692,595.1901536014939,604.2525024414062,150330
2012-01-18,600.8539707417519,655.9834076005181,596.6059850884324,602.600341796875,761191
2012-01-19,604.2524004234136,623.2267729279222,581.5020978872853,587.543701171875,209576
2012-01-20,582.5404121388367,601.231595190259,555.0701278385234,567.0588989257812,243772
2012-01-23,564.5102668407236,569.1830640177404,553.4654892269594,561.7254638671875,126647
2012-01-24,556.0139991519779,570.4571356540918,555.0700025490034,560.120361328125,109694
2012-01-25,556.0141156392964,571.5428745349639,556.0141156392964,560.167724609375,108299
2012-01-27,556.0141393126752,578.150876756078,556.0141393126752,568.8997192382812,291750
2012-01-30,563.5660740268669,574.6108478050629,562.7164538835477,564.5100708007812,80867
2012-01-31,566.5396728515625,573.4308376067197,561.9140657273806,566.5396728515625,86037
2012-02-01,568.5220974551081,578.6700634951951,565.4541077220584,568.8997192382812,108469
2012-02-02,572.0149516162496,574.4221322658618,558.1853735362615,563.141357421875,46798
2012-02-03,563.3772030448085,586.2219340597445,559.1764063256534,568.7579956054688,318885
2012-02-06,573.9501051155428,583.39007394968,568.2861238150605,574.138916015625,98369
2012-02-07,575.6018520173585,576.7818476139502,570.3154947914174,573.7610473632812,99110
2012-02-08,589.9979528395784,603.2139069831849,572.0620150732552,576.6876220703125,199992
2012-02-09,575.3188710571575,587.4492070964358,574.846872649139,584.4284057617188,420389
2012-02-10,589.9508246163396,601.325974782308,574.8940638028658,589.0540161132812,410293
2012-02-13,592.9243170045224,615.2026741749554,591.1307578060514,597.1723022460938,297100
2012-02-14,597.5498209075877,597.5498209075877,577.3482715299557,580.0386962890625,89649
2012-02-15,586.599557025866,592.7827237251323,582.9651352560946,589.6203002929688,169738
2012-02-16,581.0773175644794,589.4789135604835,573.7141527953196,578.8589477539062,146503
2012-02-17,585.2779508446845,589.4315593490862,564.8403993530718,569.8436279296875,68264
2012-02-21,570.2212377187125,575.5548425190356,543.9309507060884,549.0757446289062,290548
2012-02-22,553.1822070479649,563.3301741567799,548.509410669808,551.5302124023438,94281
2012-02-23,554.9285340620444,564.6045019286186,541.8542005281547,545.6301879882812,131788
2012-02-24,566.3509087768648,566.3509087768648,539.1638116397088,541.5238037109375,38251
2012-02-27,545.7244929154556,545.7717388460957,521.0862010225957,524.4373779296875,46370
2012-02-28,519.1981835492555,544.6860943780372,519.1981835492555,537.7477416992188,73583
2012-02-29,537.1340957015204,553.1820388068384,537.0869073922544,547.1876831054688,195835
2012-03-01,550.3502126702708,552.1438298921541,533.358267853693,545.7718505859375,45288
2012-03-02,545.5828984888894,550.1612593884273,536.5677416231172,540.8629150390625,49670
2012-03-05,547.4709802993133,547.4709802993133,530.1014153515295,531.8005981445312,56711
2012-03-06,528.7798220792466,543.3645263115509,523.9182155904844,533.1693725585938,40490
2012-03-07,539.8246163266864,560.7341711774956,535.7182527663783,556.6278076171875,199560
2012-03-09,565.8317637231634,577.6317249484796,557.9021667329516,572.5341186523438,191866
2012-03-12,575.838056668768,590.9420056961455,567.7197071133497,573.2420654296875,43294
2012-03-13,573.9972611380417,589.9980189349566,573.9028845018098,584.003662109375,73690
2012-03-14,589.0540364583334,648.337027322087,586.5996676865551,615.9579467773438,589173
2012-03-15,616.0050238120363,616.0050238120363,587.1659366770967,596.936279296875,144981
2012-03-16,602.2699175293571,605.1019077371755,569.7020301394468,572.77001953125,123443
2012-03-19,586.2221452516028,589.4317581435828,563.5662169327003,568.239013671875,103525
2012-03-20,571.6372296081036,581.7851948333758,568.8052393126787,573.8084106445312,131905
2012-03-21,578.3869176543278,606.9900124729668,573.9501206587307,597.974853515625,248169
2012-03-22,603.1669154980102,606.5180934403103,590.8477657460869,596.3229370117188,75161
2012-03-23,595.6148423105546,610.76598069465,594.7180337521322,598.8716430664062,54855
2012-03-26,599.5795769897913,624.8786791335147,599.5795769897913,608.5475463867188,600916
2012-03-27,616.1467782493198,622.8491330847854,586.3164421186203,589.1956787109375,55858
2012-03-28,587.1187675350217,604.0635200671958,575.7908069720512,595.6619262695312,1314464
2012-03-29,596.6531804504333,618.0347315380618,591.0363878302157,612.9843139648438,129522
2012-03-30,620.5833959730373,620.5833959730373,600.523467961655,603.0250244140625,86582
2012-04-02,608.5474902477148,608.5474902477148,583.6731428554584,585.7027587890625,128574
2012-04-03,590.1868728200905,595.6620433112795,582.4460867243414,587.5908813476562,83956
2012-04-04,591.7443689010563,592.8299882639416,583.5788311806733,587.2131958007812,36411
2012-04-09,577.1124028408512,589.4316067946445,574.8940334760404,582.6820068359375,52871
2012-04-10,581.6438007059079,596.700507438177,578.7173753043426,582.3989868164062,134105
2012-04-11,581.5021001242899,589.9036957215867,580.0861047506106,584.0509033203125,48395
2012-04-12,586.2690765818351,586.2690765818351,580.5579086783948,582.5875244140625,17851
2012-04-13,582.4932301408137,585.2780323017774,567.8140910153534,569.324462890625,73981
2012-04-16,574.7525187669484,575.838138303994,566.3981688236007,567.7197875976562,333285
2012-04-17,571.0709812115775,582.2573223119041,568.2861786135757,570.693359375,71277
2012-04-18,574.8467562493037,574.8467562493037,564.7459808395995,568.94677734375,99059
2012-04-19,570.1742361727048,575.6494077118886,567.3422449334364,571.071044921875,70394
2012-04-20,569.2773051410427,576.6404692581086,565.265318413866,567.2005004882812,70834
2012-04-23,571.1180355113282,573.9500257700621,565.5956775535929,567.6724243164062,27505
2012-04-24,569.4660563134056,572.5340458418243,566.5396893484796,569.5132446289062,36106
2012-04-25,568.3331962647947,572.2036172678928,565.4540178807854,567.9083862304688,41598
2012-04-26,568.522129669797,581.9740854154086,568.4749413484751,576.0269165039062,112887
2012-04-27,577.7259801682603,582.4459636663671,571.118003270911,574.8468017578125,29916
2012-04-30,582.3515696710319,601.3258797206026,576.829154572795,595.0482788085938,241690
2012-05-02,604.1579981104103,604.2051864306134,573.9500982048899,580.7468872070312,93311
2012-05-03,581.5020136215167,586.9771833952042,579.9916418277376,583.0596313476562,15134
2012-05-04,582.4459438359783,588.1099238408663,581.0299488347563,582.3043212890625,36225
2012-05-07,573.4308404182768,585.0891772971569,569.4188542090362,580.4163818359375,47868
2012-05-08,580.6524574359079,599.3436417404591,580.3220815749372,590.3756713867188,73053
2012-05-09,585.1363437737177,611.709874485266,585.1363437737177,604.5355224609375,1625326
2012-05-10,606.0459607736467,612.1347518094909,594.9539980959358,604.1107788085938,81703
2012-05-11,597.7386488453104,611.7097867729007,597.7386488453104,609.7274169921875,59888
2012-05-14,600.5707364592228,608.7835196062321,589.9979614663481,595.9451293945312,40007
2012-05-15,595.6618312237746,599.2490066396031,585.5138681720225,593.1602172851562,16550
2012-05-16,589.950836213248,601.2316099656952,585.2308520169935,592.0748291015625,62582
2012-05-17,593.5850703715824,600.4290459500471,581.5019250116205,585.938720703125,28843
2012-05-18,572.2036283008318,596.6059201856826,572.1563823717848,590.6587524414062,98918
2012-05-21,586.7882798645069,596.6058678248734,577.7731236066887,580.935546875,41569
2012-05-22,584.8061288623607,602.2700729849655,584.8061288623607,598.0692749023438,41854
2012-05-23,586.4579547321164,602.2698995880729,586.4579547321164,598.3995361328125,34571
2012-05-24,598.3523557678396,602.3643422156778,585.797209701533,594.1043701171875,74198
2012-05-25,593.821152698504,602.2699352572506,593.821152698504,600.476318359375,27221
2012-05-28,604.016188389576,635.1208872097261,601.278632879017,626.7665405273438,249779
2012-05-29,628.9851398238884,648.5258877016166,615.6748062235373,639.9827270507812,438429
2012-05-30,640.0770110934741,641.82343972287,607.9811202757267,615.0610961914062,71136
2012-05-31,615.4858711082911,641.9177796834938,603.2139135555184,632.2890014648438,109383
2012-06-01,631.4394396948511,631.4394396948511,595.7563169839835,605.2435302734375,62600
2012-06-04,602.600400708303,640.8795212646095,594.9540488316022,629.6459350585938,100846
2012-06-05,624.1235168355697,658.3434013547302,623.9818942666242,640.8322143554688,236376
2012-06-06,642.7199994466173,648.4784127157955,625.1616874440168,635.970458984375,50536
2012-06-07,641.4457553854908,649.4697273071636,636.0649626910895,641.7289428710938,143442
2012-06-08,640.0299647318781,643.8059527243965,624.218015013207,627.7108154296875,55889
2012-06-11,629.6459217578422,636.2538999472048,618.3179591475061,621.6219482421875,52141
2012-06-12,619.2618755813681,619.2618755813681,611.7570898035923,614.022705078125,30116
2012-06-13,614.1171652101214,622.754759799633,608.8779939944984,611.9459838867188,42182
2012-06-14,610.246763090045,614.7307480385198,605.6683438882478,609.4915771484375,28803
2012-06-15,605.904384727201,611.0963676558556,596.1340398991682,598.0220336914062,67528
2012-06-18,604.2050723767906,604.2050723767906,591.8859270454146,594.19873046875,43172
2012-06-19,590.0923881193321,594.7179955761663,576.7820560270438,586.7412109375,47075
2012-06-20,587.9212341113493,597.0308268761556,580.7468810071778,590.0452270507812,114762
2012-06-21,597.4556751893191,597.4556751893191,587.1660856891247,593.6796875,91045
2012-06-22,592.6412116052863,596.5116332650464,586.8828538602957,588.1572265625,97953
2012-06-25,590.0451328291879,590.0451328291879,576.0739930264222,581.3603515625,181810
2012-06-26,578.6699344220907,586.882716629781,571.1179613790619,580.1331176757812,72367
2012-06-27,583.3428321445035,583.3428321445035,577.726039679774,578.3396606445312,31304
2012-06-28,583.2012698547666,583.5317033380155,574.894108707192,576.0269165039062,38418
2012-06-29,580.6053767449353,588.9125392996759,576.1685790661622,582.7293701171875,94051
2012-07-02,586.8356710112022,588.0156670860924,577.8677008420365,579.2364501953125,45892
2012-07-03,581.7379511548905,600.0042637751914,579.2363369185463,596.9835205078125,147361
2012-07-04,601.3259497253918,608.2643030215806,597.5971509156274,605.0547485351562,107565
2012-07-05,608.6892267578497,622.0939950796275,608.6892267578497,613.5980224609375,164672
2012-07-06,613.5978603295719,618.3650321825812,605.1490782677904,608.8306884765625,26919
2012-07-09,606.0460806166612,616.9964228894127,605.5268937843938,607.6036987304688,28019
2012-07-10,608.8779941595874,614.5419755006068,604.1580097087378,607.697998046875,17641
2012-07-11,608.8780657294607,619.2620327419012,605.6212645521581,614.9668579101562,69757
2012-07-12,610.0107313085989,616.3355212636914,596.6531538127765,600.8067626953125,28564
2012-07-13,604.1578809391885,624.8786197854218,595.6619107384812,600.0042724609375,93170
2012-07-16,602.0812170228805,608.3588195143849,591.0364416644361,597.974853515625,46908
2012-07-17,597.5029022641221,599.2492736368963,581.7381411153639,584.94775390625,51202
2012-07-18,585.5140059452257,594.1515995754947,585.2780067489559,591.1307983398438,34494
2012-07-19,586.5524440543893,602.0812044050433,581.6908946452347,588.3932495117188,42121
2012-07-20,585.8916180858648,591.7915978957321,585.2779971388425,588.8651733398438,26128
2012-07-23,582.6820787415438,587.5908740793719,580.5580857449161,581.8324584960938,180124
2012-07-24,583.5315237738048,596.4642311542319,582.4459046324789,587.96826171875,2049967
2012-07-25,593.7267800389234,593.7267800389234,582.0211970436535,584.2396240234375,95037
2012-07-26,588.1826556403572,593.8359858237585,577.398617334516,581.1516723632812,52888
2012-07-27,581.5792439686722,599.5368691085815,581.5792439686722,592.9808959960938,131278
2012-07-30,593.6459961669577,596.5914576971091,586.2349340448161,588.9903564453125,12960
2012-07-31,588.8953488582207,602.3873161172519,588.8953488582207,598.7293090820312,21422
2012-08-01,601.5796943739945,607.0429860256872,591.9357737399376,599.4893798828125,36158
2012-08-02,598.5866561598448,603.1473047988943,587.1850055663239,592.125732421875,37414
2012-08-03,628.943516391988,628.943516391988,590.2254140876745,591.4130859375,21432
2012-08-06,595.546181846405,598.3016038321929,589.0852583531482,589.7503662109375,27051
2012-08-07,593.8359300341853,596.6863424983493,587.1849676178024,588.2776489257812,43978
2012-08-08,588.2776483354571,589.7978451181032,581.0090733624165,582.6718139648438,81626
2012-08-09,586.804951503809,592.8858552673723,581.4842042045383,583.9070434570312,52309
2012-08-10,585.3322432228045,596.4013692012232,576.7810050223493,585.8073120117188,300313
2012-08-13,589.0852657489295,593.265894057413,582.434303071119,583.4794311523438,56335
2012-08-14,586.2824500130296,588.5153083795991,577.6837155169356,580.4866333007812,104235
2012-08-16,583.5746584013896,591.8408690020087,579.5840679743517,583.194580078125,685731
2012-08-17,588.0875589929125,596.6862909181369,583.7168921306067,594.4534912109375,110308
2012-08-21,596.6389328348619,602.5772929873074,590.6055241248982,596.5438842773438,48600
2012-08-22,597.3514255368542,604.2874173133193,594.310974102958,600.5343627929688,49821
2012-08-23,596.6862366683985,608.1828750380681,596.6862366683985,606.5676879882812,70474
2012-08-24,607.8980880669055,612.3637468494279,603.5749731359178,605.9503173828125,69828
2012-08-27,606.1878587254618,607.898095004383,589.3229143800434,594.4061279296875,37930
2012-08-28,590.4155088583607,607.9930538933469,587.4225523178478,600.1544189453125,75650
2012-08-29,603.3848831843956,607.7555510256923,590.0354612394158,595.6412963867188,96220
2012-08-30,594.643586845037,604.2875065695558,591.1281241593744,602.5772705078125,56074
2012-08-31,602.5772950998141,606.187806486799,591.9357420709651,597.1614990234375,71438
2012-09-03,597.2089134148131,603.1472727837294,587.1849743984405,597.2564086914062,127263
2012-09-04,594.4061527610346,600.3445136941164,591.9358178095949,598.63427734375,198564
2012-09-05,598.729187559528,606.8528518404078,596.2587951871402,603.3848266601562,46937
2012-09-06,601.6747217832271,603.147423676795,597.779180259363,599.2993774414062,60517
2012-09-07,602.0070370881318,617.4943231953272,599.536703029889,614.69140625,393901
2012-09-10,616.8294374515714,619.4898115469701,609.0382963214845,612.933837890625,57574
2012-09-11,611.8885765427434,621.3899519548978,609.608223247109,611.7460327148438,28753
2012-09-12,612.1262031710046,626.5208122862985,601.8647277779069,624.33544921875,100371
2012-09-13,627.8982412003064,650.7490907392989,617.4942836667475,641.0576782226562,205533
2012-09-14,645.9035822627999,650.8443097894891,623.0527826926387,645.1909790039062,265078
2012-09-17,655.594936153904,663.9561353354786,642.5305443102574,650.7967529296875,266431
2012-09-18,650.6541592434629,681.9137067110556,648.326310731316,663.8135986328125,263187
2012-09-20,656.0698487829709,679.3482141633949,638.872385719044,651.8892211914062,350845
2012-09-21,664.0987017818877,669.8470227904533,641.9605068114281,653.172119140625,186693
2012-09-24,658.1602770615611,658.1602770615611,639.4425561667899,642.29296875,55727
2012-09-25,642.29307127815,676.3079886025083,642.29307127815,666.33154296875,207527
2012-09-26,666.9966627531635,706.8074554219039,660.7257771547694,681.2012329101562,411535
2012-09-27,683.3863774189109,698.3510426178652,683.3863774189109,695.4056396484375,274179
2012-09-28,695.4531327296679,713.5532399338942,689.8947937353757,694.7880249023438,282100
2012-10-01,693.6003486680996,741.1072218645447,691.7000737402418,731.2257690429688,306606
2012-10-03,731.4158842985001,758.8748830621435,731.4158842985001,747.3306884765625,192957
2012-10-04,746.8081899117112,762.8179860534294,737.9244261164788,742.9601440429688,203034
2012-10-05,746.0005435633011,746.0005435633011,728.8505138639781,738.87451171875,89738
2012-10-08,741.0597811538175,763.8630819671146,738.0668247253552,753.9816284179688,247932
2012-10-09,743.9577424902391,759.5400223623601,731.8909833444645,735.3590087890625,146168
2012-10-10,734.4089689586866,735.4066019754085,688.849853271539,698.4937744140625,231559
2012-10-11,702.6741386799048,725.9050109020249,698.3985201601939,702.3416137695312,161475
2012-10-12,703.4343352625789,730.6558001691086,703.3868399818633,718.0189819335938,312546
2012-10-15,721.8669903564453,721.8669903564453,707.852461751302,712.6031494140625,127199
2012-10-16,714.5509577440306,726.9977948772311,708.4701120075061,716.4512329101562,426599
2012-10-17,726.2376653461271,739.9671655288317,717.3539018117995,721.91455078125,318690
2012-10-18,721.8671517100086,721.8671517100086,704.0520689925849,707.7576293945312,264419
2012-10-19,707.3299353094716,725.8576181791965,700.7739627896199,716.4512329101562,424059
2012-10-22,705.2871554453104,728.2330025462529,705.2871554453104,720.9169311523438,243370
2012-10-23,720.9644984178294,729.7057771381578,715.9287800437526,722.1046752929688,53459
2012-10-25,713.6008239628167,773.4119967336358,713.6008239628167,741.6298828125,743464
2012-10-29,750.4187081917031,760.1576191537798,728.0904733030395,741.0598754882812,54604
2012-10-30,740.8698431295693,747.8533317597195,731.8435353261311,739.1596069335938,25954
2012-10-31,742.2000522724454,744.4328525645917,737.4968592826434,741.0598754882812,154706
2012-11-01,740.9172091453407,742.53245448987,724.0522685603181,726.4276123046875,414003
2012-11-02,729.7056897175968,737.6868688956022,720.2993041143617,728.137939453125,245364
2012-11-05,731.035905352917,772.4618822367934,730.0382144621249,744.0052490234375,129461
2012-11-06,743.9579332470167,786.2390673842993,743.9104379530901,780.0631713867188,271112
2012-11-07,792.4146796142643,854.6486862266555,779.2077450906434,834.0781860351562,765136
2012-11-08,826.5247461687403,833.9833033552032,812.4626628745244,816.1207275390625,188184
2012-11-09,821.6315358068871,821.6315358068871,756.3095721333126,764.3857421875,435085
2012-11-12,778.1150162664682,788.4239836072102,756.3568471427756,761.155029296875,172647
2012-11-15,772.3193494913284,773.3170403964514,749.6585902083652,753.6016845703125,359266
2012-11-16,753.8392623876484,811.5125734669688,751.8914337401844,792.557373046875,485175
2012-11-19,805.7166085319071,816.1681211425805,773.411933189826,777.1174926757812,291926
2012-11-20,779.2077641704319,819.0185498237804,779.1127736142691,813.127685546875,405046
2012-11-21,817.1657687722517,823.7692361854765,793.8399040749315,797.2603759765625,268581
2012-11-22,800.063282884104,816.1681253612435,798.5905813342551,807.2843627929688,181670
2012-11-23,807.379495664961,813.6503811724341,800.9660663083991,806.2393188476562,62552
2012-11-26,807.4269030665183,813.0802332601422,802.5337293295598,809.1846923828125,57447
2012-11-27,809.9922719087739,857.0715765251713,809.9922719087739,832.8905639648438,574692
2012-11-29,809.5173134077336,825.6696541682165,736.5942455626121,765.4784545898438,10300692
2012-11-30,769.6114810482486,784.8136831430288,765.8109305245536,778.1627197265625,823629
2012-12-03,779.6354439838949,786.7139811371727,770.8941659284551,774.9322509765625,239907
2012-12-04,774.3146371431915,780.6330172936604,762.390422039805,765.288330078125,249529
2012-12-05,769.4215694876269,771.4643889295156,764.8609197014334,765.3834838867188,266275
2012-12-06,768.7087202711145,783.7684341961942,765.0507141523401,778.7802124023438,369789
2012-12-07,778.9702722381564,778.9702722381564,766.9035713582833,769.658935546875,145559
2012-12-10,775.0273011588116,776.2624685189271,764.8608165945366,765.9059448242188,87251
2012-12-11,778.6377245901898,779.3503277548544,761.0601798617963,764.4806518554688,151885
2012-12-12,764.9555905151929,778.1625234505669,764.9555905151929,769.5162963867188,250053
2012-12-13,771.5116998025619,772.9844014242694,768.0436745069778,770.9891357421875,188437
2012-12-14,771.5117421627433,774.2196111645019,769.7064575003725,772.3193359375,155080
2012-12-17,772.3193959107316,773.9821368634757,766.2860447932096,771.084228515625,74148
2012-12-18,769.6590062773312,776.6900482164504,769.6590062773312,772.4144287109375,400260
2012-12-19,778.1625400486992,786.7137767525311,767.0459207353607,773.7919311523438,323906
2012-12-20,776.9274673069,776.9274673069,762.9604340637873,766.1433715820312,69183
2012-12-21,766.1910306047072,766.1910306047072,752.5090251328444,755.97705078125,99044
2012-12-24,758.6374477622454,774.1246804615508,746.4756969673467,759.5875854492188,105282
2012-12-26,768.0436026567626,770.0864214192418,759.0648499355586,763.5780029296875,105527
2012-12-27,764.6232163915095,764.6232163915095,751.1312511767981,755.359375,69877
2012-12-28,742.0573588355891,759.1598331749495,742.0573588355891,750.8461303710938,192657
2012-12-31,750.7987472825973,753.3641304151854,745.0979216509783,748.0908203125,50475
2013-01-01,749.5635453913444,756.0244692105587,746.8081232665439,748.8984375,49806
2013-01-02,756.9747375421323,764.2432563474887,742.0575636526742,744.1953735351562,119415
2013-01-03,746.8079847881257,769.6112820335646,745.3827787102858,762.0576782226562,351457
2013-01-04,762.960453941048,775.3122421119491,761.5352476136363,768.851318359375,146951
2013-01-07,770.5615297308722,778.5427081060592,763.9105670821469,765.8583374023438,81819
2013-01-08,765.0032037432626,769.6113472554222,753.0789321547013,763.9105224609375,116760
2013-01-09,763.9105225924216,764.6231256918549,755.8818494071162,757.6871337890625,111160
2013-01-10,759.9674463567521,764.8606776152301,751.8437824350974,763.1979370117188,139180
2013-01-11,766.4759996222468,774.2671393993538,748.8984543409255,754.4092407226562,131554
2013-01-14,754.5517685858913,768.6612881947256,750.6086745041201,766.6184692382812,144114
2013-01-15,769.5640427058294,773.4120887974314,763.9107117851779,769.468994140625,129731
2013-01-16,771.6067560977219,773.4120408147711,763.9106643919852,768.4713134765625,207176
2013-01-17,770.5142075374415,786.6665490270086,752.4615905785137,757.829833984375,57662
2013-01-18,729.6581027722073,762.6278855324022,729.6581027722073,753.5065307617188,53856
2013-01-21,752.5565032723545,759.9200699540639,728.3754888288969,740.8223266601562,463743
2013-01-22,740.7747127723084,750.6086125373155,730.6082300927487,733.648681640625,299750
2013-01-23,733.5061262880379,769.421311028654,732.5559888187529,760.157470703125,594034
2013-01-24,762.3427171158238,763.150368698164,734.5511982597862,738.9693603515625,153055
2013-01-25,740.9172179965899,743.6726399696919,731.6058820057837,736.9741821289062,165788
2013-01-28,748.7084416995249,748.7084416995249,731.6534598873246,739.349609375,493027
2013-01-29,740.3946740056685,752.5089275745775,738.3994083792713,750.5611572265625,157293
2013-01-30,751.5587527871392,767.6635948023644,751.5587527871392,763.1979370117188,72842
2013-01-31,763.8156086767372,769.6114246035772,756.4520425771351,768.1862182617188,77051
2013-02-01,771.2741543536758,782.5808143681436,768.6612760974731,772.6043701171875,119831
2013-02-04,766.8085537448591,781.9632603648707,765.4783958734605,775.4072875976562,86852
2013-02-05,777.1650767822402,782.6283680895418,767.6637005956288,773.5545654296875,119230
2013-02-06,774.4572055889279,794.3151064468192,769.8490610030326,783.5310668945312,344777
2013-02-07,784.813630597616,811.0849575304405,781.8682273356745,806.4292602539062,496246
2013-02-08,807.616966734695,815.1705723160437,793.4123978978841,798.1630859375,138390
2013-02-11,802.6760502423361,804.861354626737,789.0890972522436,795.074951171875,74434
2013-02-12,788.6141170346731,803.8163168811246,788.6141170346731,799.9207763671875,106980
2013-02-13,794.3625651606683,800.8710428129926,791.4171616628687,798.0206298828125,175530
2013-02-14,797.1180307525239,798.1156637338306,770.2291455846137,774.789794921875,48142
2013-02-15,774.2196610959655,797.1655091385699,766.7611035456805,786.3814697265625,202628
2013-02-18,783.7685460028359,783.863536568125,771.6067380723405,782.248291015625,89800
2013-02-19,783.6734028084617,783.8634419078885,775.644729289956,781.4880981445312,62898
2013-02-20,785.5262594331494,785.5262594331494,768.6613170624952,772.6994018554688,42480
2013-02-21,775.1696153558089,775.2171686217373,760.252503784816,767.7110595703125,46150
2013-02-22,773.4594480232648,773.4594480232648,745.050370549209,756.7845458984375,113908
2013-02-25,758.8749310085259,779.5879195893846,758.2098230741364,769.801513671875,42769
2013-02-26,762.4379074289645,772.1293222767126,760.2050493362341,765.3358154296875,43552
2013-02-27,766.7610105151018,783.8634865860706,761.7727883277358,783.4359130859375,49028
2013-02-28,788.5191135965036,792.3196634960086,772.1292421548886,785.668701171875,719917
2013-03-01,783.8160346028378,785.8113003912808,763.1030462599917,784.1485595703125,181650
2013-03-04,771.7968624218336,792.6998923719066,742.2950976588414,783.673583984375,85923
2013-03-05,783.8160256444243,802.6287385482918,781.9632457238758,799.44580078125,82870
2013-03-06,799.4931217269051,809.5170596345868,788.8990665877903,793.7922973632812,53413
2013-03-07,787.2365277553632,799.0657529376393,783.911046024945,792.747314453125,21988
2013-03-08,795.0751462514903,819.018625796571,787.7590750027438,805.90673828125,136852
2013-03-11,811.7974970709193,811.7974970709193,794.5524783793334,805.8115844726562,85527
2013-03-12,806.0490510888318,807.2842761191096,787.0463028296099,795.2650146484375,110004
2013-03-13,801.488589887119,802.8663010553371,787.6640989051768,793.0798950195312,29335
2013-03-14,792.462057450692,797.30779280586,781.0604090739896,793.6022338867188,61817
2013-03-15,793.6974531065146,798.0206257550324,750.6087343982224,759.1599731445312,114402
2013-03-18,758.2098442776431,772.8894825603259,754.4092936797603,762.532958984375,33562
2013-03-19,764.1957532342755,770.2291625248039,750.6562907838651,753.55419921875,29307
2013-03-20,838.0214021028854,838.0214021028854,750.8937685398604,754.7893676757812,59802
2013-03-21,762.8654884060643,762.8654884060643,751.0362639021673,754.4092407226562,126481
2013-03-22,751.5587887758777,755.3118436304495,747.1881793197895,749.3259887695312,119587
2013-03-25,754.4092008040491,760.5850947652913,754.0766758643916,755.5493774414062,328699
2013-03-26,778.1152727566954,778.1152727566954,754.4093257948812,757.4022827148438,30556
2013-03-28,745.857996099978,804.7665257282565,745.857996099978,797.0704345703125,261723
2013-04-01,795.265199980257,797.165475249027,784.8136860020218,793.0798950195312,116118
2013-04-02,793.3173385866966,801.821081039053,788.8041853401612,793.2222900390625,135116
2013-04-03,793.3171707130452,798.1153526035558,788.8515136894074,792.8421020507812,48605
2013-04-04,793.3647736573968,796.2151860178425,772.1767200431077,792.6046752929688,123446
2013-04-05,793.3173194813764,807.616877298719,787.7114850187043,801.7260131835938,214582
2013-04-08,793.4124302829148,800.0158985258767,783.9110538158617,787.4265747070312,40902
2013-04-09,789.041794914371,793.3649094694076,775.3122947629181,780.3955078125,61512
2013-04-10,785.7636772571194,788.6140896292734,770.0864092102723,785.43115234375,36493
2013-04-11,786.7139034803463,793.4123617123454,777.2125278344485,781.8682250976562,31601
2013-04-12,786.4763250509799,788.6141344516017,777.3550281383767,787.3789672851562,27236
2013-04-15,781.013000995028,790.5143757029969,774.36203869945,777.592529296875,18486
2013-04-16,774.3621025166794,788.6141657531828,774.3621025166794,787.521484375,25831
2013-04-17,806.619208831303,806.619208831303,782.8182770399612,787.9014892578125,720633
2013-04-18,787.9965435098914,793.364843793354,787.2364450782683,793.1748046875,88302
2013-04-22,798.1156241793592,798.1156241793592,786.8565162492632,791.4646606445312,52972
2013-04-23,791.987215941675,793.3649271140653,784.1010851507573,792.747314453125,81998
2013-04-25,793.3173740445875,793.3648693246312,787.0939845721964,791.797119140625,76860
2013-04-26,785.7638027122628,793.3649035849328,781.5831740355753,784.4811401367188,124945
2013-04-29,784.7661876012816,792.4147839293381,776.5474738997793,783.7685546875,203218
2013-04-30,788.5665911156707,797.0703329226914,783.9583896712106,792.6046752929688,333380
2013-05-02,795.7403366671123,805.6692873916478,778.6853530769012,784.3386840820312,418522
2013-05-03,784.3384913626967,791.7970473994117,781.9631476577823,787.1889038085938,60194
2013-05-06,794.315190174022,824.7195993672859,785.5264156415941,816.3583984375,333905
2013-05-07,819.0185947196959,829.4701081093904,812.3676316535267,826.2871704101562,249548
2013-05-08,826.6198061067367,868.3308746920625,826.572310819689,860.5397338867188,304901
2013-05-09,861.6324001033382,881.4428070942716,849.8982220233823,872.7490234375,316638
2013-05-10,864.6252799186847,906.0988124213948,864.6252799186847,894.6021118164062,380667
2013-05-13,897.8800228966658,902.0130982180431,847.5227306072231,854.5537719726562,178571
2013-05-14,855.1238053560055,875.7892973187755,839.0664573698249,864.007568359375,191464
2013-05-15,864.4351513196003,943.2490745073688,860.9671839772291,916.5502319335938,492804
2013-05-16,926.099203212102,1007.1459352729723,923.5338198918199,991.8961791992188,1640222
2013-05-17,1002.3955765996345,1043.1089661586354,973.9389902735088,1013.2271728515625,1266192
2013-05-20,1018.5474448684612,1018.5474448684612,928.6644566057042,947.192138671875,973424
2013-05-21,940.6362225389438,951.0877361227099,893.5094208488629,928.2369384765625,936313
2013-05-22,928.2845347967365,947.2397935488277,889.3288890171395,896.3123779296875,637786
2013-05-23,892.1791994266885,916.8827768336042,864.6252092420516,902.440673828125,387546
2013-05-24,910.9918463376586,921.6333982039388,845.6223962902119,855.7888793945312,425303
2013-05-27,860.8247422706888,924.3889765688546,856.0265585616905,903.2484130859375,888479
2013-05-28,907.1912388272751,942.5363640785796,889.3761613812335,931.0872192382812,877300
2013-05-29,923.1536998938745,936.3131408898645,895.029649188287,914.697509765625,545872
2013-05-30,916.8826966649011,931.1347593073608,906.9062528151794,912.1795043945312,1028429
2013-05-31,912.1319827546158,992.8936687276808,912.1319827546158,957.4535522460938,4658894
2013-06-03,958.6887711023362,991.9435847679276,914.6499196304771,922.963623046875,528878
2013-06-04,935.885499831094,988.1430658115104,927.8093305432114,975.0786743164062,617696
2013-06-05,978.64167751333,995.7441534310387,954.4131699632428,967.0499877929688,493171
2013-06-06,967.2401836260199,967.3351741997923,946.3371541174025,954.745849609375,224018
2013-06-07,947.3347396402945,972.9409611036381,921.6335276079384,931.9900512695312,173711
2013-06-10,936.0278820710587,968.997603431719,905.2909024101451,950.7074584960938,339238
2013-06-11,950.1376610919522,967.2401389916073,898.1176241471678,908.3316040039062,378688
2013-06-12,912.1320999212705,915.9326503376092,876.0268709660536,883.1054077148438,407592
2013-06-13,878.8772438628895,888.378619472218,864.6251804488967,878.6397094726562,194006
2013-06-14,884.577945525501,953.842987227918,884.577945525501,944.9591674804688,371274
2013-06-17,948.379895375801,953.6531476061182,921.6334979849813,942.3939819335938,162499
2013-06-18,938.735921032462,960.9691634115278,930.7547422318241,940.49365234375,261478
2013-06-19,942.5364064123137,948.8548440270158,920.9207781402571,927.7617797851562,144914
2013-06-20,925.4340454371871,941.4913944736277,908.3315682114486,930.2797241210938,200771
2013-06-21,921.6334109221892,934.8403458836677,897.8799724963596,923.8662109375,278730
2013-06-24,916.8826645116284,926.3365439979559,908.3314272260277,921.6808471679688,100247
2013-06-25,922.5835107075758,928.1417918750607,878.8771857924899,904.7684326171875,247535
2013-06-26,897.8799883036958,912.1320516101036,870.3259992446406,897.0248413085938,316339
2013-06-27,898.0699906338257,947.857161616849,898.0699906338257,932.7025146484375,380039
2013-06-28,927.3340296750979,1017.7870566680153,923.5809756410691,1000.922119140625,440545
2013-07-01,1001.445030309121,1001.445030309121,948.2373247139494,955.6008911132812,241855
2013-07-02,965.3398434210803,983.3924586031675,934.1753403893109,940.77880859375,305038
2013-07-03,940.6362141888552,940.6362141888552,888.3786467339188,894.364501953125,343907
2013-07-04,902.6308105468751,916.8828759765626,886.4784697265625,890.7540893554688,184416
2013-07-05,898.8301704420331,919.7331976616153,898.8301704420331,914.8399658203125,141925
2013-07-08,912.1320108367448,921.5858906724214,901.6804982125738,907.1912841796875,111839
2013-07-09,917.8329433279504,926.3841819303847,909.2817047255161,921.5859985351562,263940
2013-07-10,921.6336268010698,938.5935626130059,916.8829380031261,922.7738037109375,194953
2013-07-11,926.3840870401434,950.1375251693779,926.3840870401434,931.704833984375,222039
2013-07-12,939.6861005517592,942.6315039593985,921.8235250011065,935.3154907226562,125914
2013-07-15,943.296583692361,943.296583692361,915.885137535597,920.208251953125,156131
2013-07-16,903.7710084641955,936.3607205753574,903.7710084641955,931.3724975585938,245020
2013-07-17,926.4316485725636,950.1375931192482,926.4316485725636,947.2396850585938,168724
2013-07-18,948.2373110312943,956.7885493071276,921.7284491794926,938.8784790039062,160113
2013-07-19,933.225148767635,946.8121046519888,933.225148767635,938.8784790039062,81978
2013-07-22,929.3770439629571,949.0923976212912,920.6832624060592,925.4814453125,42435
2013-07-23,926.5741726548852,958.6888110193138,926.5741726548852,942.6790161132812,186929
2013-07-24,942.5365256577431,955.8384524311386,932.1325070473347,945.1968994140625,142466
2013-07-25,948.7319754789359,953.4135563875446,917.8241645581486,926.470703125,96471
2013-07-26,936.1204417852741,945.7702181289982,901.1520954475544,907.0278930664062,992766
2013-07-29,917.2030012414858,927.6171003104271,907.648803311887,914.7189331054688,49235
2013-07-30,921.9324036856648,921.9324036856648,891.8844374872344,913.6202392578125,122960
2013-07-31,921.0247280368754,921.0247280368754,885.817530171519,896.3271484375,129025
2013-08-01,896.3273631343261,914.7191995051797,883.7635658721875,902.4420166015625,86123
2013-08-02,902.8718032406596,924.607605911268,889.257069699729,907.9832763671875,105098
2013-08-05,907.9831242565626,929.1456947690095,907.9831242565626,920.9768676757812,152892
2013-08-06,920.0693970203772,922.4579468568787,902.9673568653445,916.486572265625,140861
2013-08-07,926.661755534754,926.661755534754,865.7059211579175,879.5595092773438,366308
2013-08-08,874.7346350342384,907.6488606435744,864.6549672446682,869.3365478515625,187674
2013-08-12,874.2092692633563,907.0757394334756,870.9130587164072,902.1075439453125,128798
2013-08-13,905.738036654495,912.3782164130616,887.2506854978288,897.3781127929688,227765
2013-08-14,903.3495056858087,930.4356362323571,885.6742377268585,925.5152587890625,105181
2013-08-16,921.9801952639878,945.8656925506195,917.2030958066614,937.5535278320312,255167
2013-08-19,939.1776180884267,939.1776180884267,869.5274947030886,871.7727661132812,138345
2013-08-20,870.3875428520586,870.3875428520586,765.4824478133011,790.4188842773438,381916
2013-08-21,795.8648165753083,891.02462005743,795.8648165753083,847.600830078125,690446
2013-08-22,827.3935034919112,854.1452564916497,808.4762041049349,844.3999633789062,269311
2013-08-23,853.1899835604715,880.8971610781128,845.6421429110188,866.7569580078125,191892
2013-08-26,861.4064391418625,874.2090873533712,856.2949667108841,865.1803588867188,136803
2013-08-27,859.8777942577273,868.4288128745736,837.0432383956496,843.9700317382812,82453
2013-08-28,846.5019864058614,846.5019864058614,812.1068718340657,820.3712768554688,190054
2013-08-29,822.3775949751373,839.8140063701954,813.1100112283492,824.8139038085938,219627
2013-08-30,827.3934879500836,833.1260063423474,812.1545315611436,826.0081176757812,349158
2013-09-02,822.6165786489449,830.6421295712024,815.4986883439033,817.9349975585938,188803
2013-09-03,818.8424532701246,824.5272122246624,807.3296573926301,812.2978515625,96769
2013-09-04,812.106871381229,820.1324214358528,809.7183217595195,814.39990234375,304014
2013-09-05,823.5719286786237,835.9923869997631,809.5272449141875,812.7756958007812,440505
2013-09-06,813.348795395593,821.0877301106126,809.2405022653487,812.4889526367188,103161
2013-09-10,814.9731110577976,837.9031868671611,812.1546109100569,832.743896484375,720490
2013-09-11,830.880785536546,837.9030971757975,820.3711685822316,828.0145263671875,230317
2013-09-12,826.8204737269822,834.0816422467461,824.5274424501052,829.638916015625,184116
2013-09-13,830.2597572320395,835.944516369597,814.2564765258984,821.6132202148438,103820
2013-09-16,823.619653068549,828.0146192765618,816.9794735849529,820.9922485351562,81144
2013-09-17,812.5846327999461,827.2981227277664,812.3935371552595,820.0846557617188,160356
2013-09-18,828.349033799028,828.349033799028,815.5463841147465,817.743896484375,67584
2013-09-19,826.4380668202654,853.9541433937549,821.8043044533664,846.1196899414062,172256
2013-09-20,846.5018825909631,852.9509657822599,817.3138214398581,826.0081176757812,201857
2013-09-23,821.6610796575551,842.1070879886674,821.5655609972285,838.6675415039062,146178
2013-09-24,832.4095099452691,845.0688224351111,832.4095099452691,838.1420288085938,128829
2013-09-25,835.036987310324,891.2156654116105,835.036987310324,881.5181884765625,258585
2013-09-26,888.5404533965708,906.5023347701347,881.5181408808905,896.3271484375,223333
2013-09-27,894.5117984627815,906.6934010586698,894.5117984627815,903.54052734375,84826
2013-09-30,899.0501080466348,899.957768596451,879.9417104260899,888.2061157226562,71804
2013-10-01,888.5405342232725,893.3176338696343,847.9351872291983,875.6901245117188,143975
2013-10-03,874.2092230500946,890.4513616204242,864.8938788700526,868.0467529296875,113369
2013-10-04,864.1772013787366,868.4765904403224,841.8681725737424,844.6388549804688,238872
2013-10-07,841.7726538782646,852.9510778750595,825.4827569689738,826.6292724609375,122928
2013-10-08,827.6324769144508,835.4191723173066,810.8648695644789,812.1546630859375,350183
2013-10-09,814.256633628246,853.6677056577739,814.256633628246,848.1262817382812,238621
2013-10-10,845.5466174792325,859.8779160805755,842.680357758964,856.9161376953125,113771
2013-10-11,857.9670760946047,859.877915907733,836.0879369086044,846.1676635742188,60449
2013-10-14,847.935076310093,859.638968912683,845.7376224230584,848.6038818359375,42673
2013-10-15,865.6103426895146,865.6103426895146,842.7757860412316,848.6038818359375,97364
2013-10-17,854.4798193374951,857.3938968717615,842.7759248078099,848.0785522460938,190988
2013-10-18,848.8906798454434,859.8780099728746,845.54670980666,857.0595092773438,69289
2013-10-21,852.2346200697114,859.8779798909644,848.8428908118719,859.4957885742188,52500
2013-10-22,857.9670181820202,869.3842969576386,851.85230786707,860.68994140625,139591
2013-10-23,860.833388037726,862.7442279667775,843.0626000232293,850.6581420898438,96951
2013-10-24,851.6133949483036,857.3937312508156,842.8713389768086,850.0369873046875,44960
2013-10-25,846.5020009180771,858.6358448739868,846.5020009180771,851.900146484375,42161
2013-10-28,849.3682294019578,857.489297962044,833.1260922817854,837.6165771484375,30896
2013-10-29,845.2601622989865,859.878077961489,842.8238527409385,857.34619140625,129111
2013-10-30,860.8333482546957,860.8333482546957,852.4734239514454,859.7824096679688,68513
2013-10-31,850.3235524859377,873.6835763490922,848.4127130421492,868.3331909179688,187901
2013-11-01,871.0563156843151,876.4544030142337,850.3236926391495,853.5721435546875,86555
2013-11-05,858.9701956554968,885.6741918515078,856.86826034425,872.441650390625,124874
2013-11-06,866.7091944789867,878.6997026838349,853.7154487175109,857.107177734375,40227
2013-11-07,850.419145928053,882.7123820196715,850.419145928053,860.546630859375,100571
2013-11-08,855.3873351556255,859.8778198778267,845.6420415341707,849.7025756835938,61710
2013-11-11,852.5210270298501,865.4669529152417,842.1069867950664,858.4446411132812,117935
2013-11-12,859.877777216685,867.0434253601575,824.575005700339,833.7470703125,152570
2013-11-13,832.1707170398008,847.6485307876524,826.4381977490559,840.6261596679688,55546
2013-11-14,834.2249173669588,847.6007961009426,834.2249173669588,842.77587890625,117390
2013-11-18,845.5465501945763,847.3140535557443,826.4381535800096,838.8108520507812,76503
2013-11-19,836.1357323693551,853.9065188342387,826.9159071899676,828.6834106445312,224019
2013-11-20,828.7313012970709,858.9225488774244,828.7313012970709,833.9382934570312,143166
2013-11-21,834.0337250484928,856.8204639248278,832.1706447779417,842.5369262695312,227085
2013-11-22,843.6835571987194,849.1772217941036,832.2662773767759,835.0847778320312,26733
2013-11-25,835.0847221242688,838.4286916549075,807.4253053437159,810.2915649414062,162320
2013-11-26,820.6579175942824,821.6610968054487,801.5972793253156,804.7979125976562,195260
2013-11-27,807.3774502111644,810.1959501439616,793.0461539232406,795.81689453125,179401
2013-11-28,800.6418205014222,817.696041204323,800.6418205014222,806.7565307617188,57199
2013-11-29,799.8776083718456,808.1897737510849,794.0495115821689,796.915771484375,120079
2013-12-02,805.6577457374659,807.2342117319461,795.8646927949114,803.3169555664062,178264
2013-12-03,804.9411680807012,813.2533318649672,802.6003779468856,808.715087890625,312036
2013-12-04,802.5527275108036,814.973186388947,790.1322686326603,792.7119140625,112867
2013-12-05,797.2022705078125,808.2851163903237,794.3837705549602,797.2022705078125,127147
2013-12-06,794.0494967420232,806.0400637601905,794.0494967420232,796.2470092773438,89883
2013-12-09,802.5526129493934,811.5335821818861,779.0014921127598,797.8710327148438,111697
2013-12-10,801.5973198165213,814.0177788840002,799.6864799599862,811.103759765625,122883
2013-12-11,812.1067614233134,818.5080852056061,801.5971445107764,812.4889526367188,158018
2013-12-12,805.4190377330788,811.1037982387576,798.778857253814,801.8839721679688,64129
2013-12-13,797.7755124145444,801.5971915159315,784.5429718516699,787.12255859375,64915
2013-12-16,787.2661061223178,798.7311465027398,787.2661061223178,790.5623168945312,105390
2013-12-17,801.1673763010112,806.3744266191537,781.5335082635874,783.9220581054688,179777
2013-12-18,788.2213919847055,790.7054603186133,781.5812122318123,785.307373046875,140712
2013-12-19,786.3105399900451,791.3264942244895,781.9156319864976,784.8296508789062,93631
2013-12-20,784.82965953495,799.590908107674,784.82965953495,793.5717163085938,152122
2013-12-23,796.8200575157771,828.0622944553133,795.3869279159286,810.578125,191370
2013-12-24,807.4253185821324,844.5911753005641,807.4253185821324,835.8490600585938,1261854
2013-12-26,840.7694354746258,855.005214014591,840.7694354746258,845.4031982421875,207883
2013-12-27,850.2759467117888,902.8718002373798,850.2281873799078,897.0437622070312,891625
2013-12-30,906.1680297940802,918.8273436643306,891.2634441356784,907.3623046875,360277
2013-12-31,911.470579494742,911.470579494742,897.4258953805673,904.2094116210938,720225
2014-01-01,898.3336236433562,943.620553388284,898.3336236433562,926.0885620117188,335988
2014-01-02,926.7094828854077,932.0598106488011,879.4162009373515,889.06591796875,172239
2014-01-03,883.7633262547214,919.4960505554561,880.0849833035564,909.5119018554688,148814
2014-01-06,903.8271416243432,909.4641418375313,895.2761226490958,903.54052734375,95362
2014-01-07,898.1423518377043,906.4067562540475,881.1358914295795,890.5467529296875,137831
2014-01-08,895.228377187774,896.4704112990474,863.0307173806141,867.1868286132812,170459
2014-01-09,872.2983125253774,872.2983125253774,836.9955378309792,854.5275268554688,260764
2014-01-10,855.6740361728771,878.9863049784207,854.5275789481805,875.7378540039062,172729
2014-01-13,880.6104674449689,888.5404403573615,851.2790670520528,859.0179443359375,156681
2014-01-14,851.4224210637195,871.7250928383179,851.4224210637195,862.0753173828125,59681
2014-01-15,862.7441664836599,871.3429455516034,853.1899675192783,866.1836547851562,135377
2014-01-16,872.0116723202082,888.3493277468475,861.1198631596502,880.94482421875,208882
2014-01-17,878.030846380031,891.8366749418823,876.1200066708252,886.056396484375,89085
2014-01-20,889.4958128480495,900.005430400497,886.0563249747449,897.5213623046875,93297
2014-01-21,899.1456287194744,906.6934691221467,889.4959112252039,903.8272094726562,153772
2014-01-22,907.3623470465426,907.3623470465426,886.1520122863883,899.432373046875,74869
2014-01-23,900.1966810687804,902.8718452436984,887.5851261707893,898.8590698242188,65283
2014-01-24,893.3176740804389,902.8718738032243,885.7698329737555,899.9100952148438,102697
2014-01-27,899.5278823956937,899.5278823956937,883.76345322997,893.17431640625,99977
2014-01-28,887.5850840488617,893.2698440971606,865.7059450883917,875.7378540039062,133197
2014-01-29,877.266442272528,886.6295443321623,860.7376919558989,865.1803588867188,46413
2014-01-30,856.1040818407556,891.4068626068372,856.1040818407556,880.75390625,89529
2014-01-31,876.2155322008589,902.4895784084479,865.8014906925531,888.7315673828125,70146
2014-02-03,893.3176283023985,926.5662299710266,892.218872064901,895.8016967773438,190405
2014-02-04,893.3176624050875,900.7699264286202,874.7824918594491,888.6838989257812,90853
2014-02-05,882.091387973503,905.4036559420789,882.091387973503,893.5086669921875,60835
2014-02-06,894.5117863166439,905.7379689486552,881.9002333140131,903.0628051757812,100385
2014-02-07,907.8876458454661,912.0915162026835,898.0945931015398,903.5882568359375,348982
2014-02-10,904.5914345731059,915.9131939362492,888.8747675547733,903.4927368164062,249117
2014-02-11,904.4959794617246,905.7380135981226,889.6869718554262,900.1010131835938,107337
2014-02-12,901.104378672035,902.871882311724,889.543761909995,894.3208618164062,89113
2014-02-13,893.317460717185,901.6296241535418,884.6231643717111,889.2091674804688,123494
2014-02-14,890.2124691917539,893.3175837878077,867.4734878127227,870.1964111328125,88358
2014-02-17,877.075413900754,883.5722571556976,869.62315080496,879.6072998046875,83621
2014-02-18,891.3111836605242,891.3111836605242,879.0340038437247,884.0977172851562,74253
2014-02-19,885.1009428756096,895.6105608754468,880.9925910061331,887.2028198242188,115736
2014-02-20,885.0532143800775,885.0532143800775,861.9798584358055,866.7569580078125,86194
2014-02-21,867.7600277346248,876.8365157758899,857.0115550541794,860.1644287109375,77983
2014-02-24,864.6550401013352,874.0181437898678,860.1167954157205,868.6200561523438,39523
2014-02-25,869.6231704528756,876.7888194211521,868.4766549551113,872.1072387695312,49759
2014-02-26,878.9383532325819,878.9383532325819,865.037008441439,868.285400390625,63923
2014-02-28,855.7695234777482,886.6295712450993,855.7695234777482,879.2728271484375,229839
2014-03-03,878.986328125,882.7602484792471,861.0722045898438,862.2664794921875,39652
2014-03-04,863.2694938991261,870.3873826207182,855.1484261139713,859.4478149414062,74965
2014-03-05,862.6487004780604,872.1073230416561,862.6487004780604,866.995849609375,161162
2014-03-06,867.9988028725081,873.1580926104152,856.1993928294719,858.30126953125,117509
2014-03-07,867.5213126655221,867.5213126655221,845.5466538645233,847.600830078125,121701
2014-03-10,849.3682469715748,849.7026205935214,826.4381705628933,833.50830078125,141440
2014-03-11,835.4191711094289,846.5020184542553,814.9731622364332,816.8362426757812,132434
2014-03-12,816.8840627436026,832.6484920246195,814.1133215442868,825.1962280273438,141798
2014-03-13,834.0815172959375,840.7694561516895,816.4062503200213,819.9890747070312,116702
2014-03-14,834.0815972807264,834.0815972807264,819.7502983583772,825.43505859375,221085
2014-03-18,824.8138435303217,837.9031055304084,821.2787788566936,835.466796875,124700
2014-03-19,840.6738313870476,850.1324515864035,822.6163754299812,843.25341796875,134676
2014-03-20,835.0369521116379,842.680310941035,831.2152726969393,836.087890625,53398
2014-03-21,837.7598874923049,866.9480110958119,837.7598874923049,857.967041015625,174879
2014-03-24,863.5085191538864,868.2856187932797,849.9415445151686,863.65185546875,116263
2014-03-25,856.0561590273218,862.170869203196,851.1835412692517,855.1484985351562,78974
2014-03-26,851.2791151265136,857.2027300595945,845.0211265603094,851.3746337890625,87586
2014-03-27,837.9987679626013,883.7634043343531,837.9987679626013,870.9607543945312,266461
2014-03-28,864.6550239132976,874.2092230725605,860.9288629155034,871.6295776367188,132294
2014-03-31,861.8364741301111,877.0754325790468,861.8364741301111,875.5945434570312,118241
2014-04-01,877.0754071498865,877.0754071498865,859.8778501469475,865.0848999023438,93671
2014-04-02,857.9670290286929,866.6135670459304,857.9670290286929,861.0721435546875,87840
2014-04-03,859.925555518884,882.8078707581936,859.8777961930457,873.6358642578125,262920
2014-04-04,874.2092602278559,878.8908413405511,858.1582166209398,859.9257202148438,124194
2014-04-07,860.928832711807,865.8970277631669,845.5465959307254,853.76318359375,115761
2014-04-09,861.1198154119995,861.1198154119995,841.0560005128854,849.3681640625,312115
2014-04-10,855.1008124055862,855.1008124055862,848.4128730906822,853.2377319335938,92655
2014-04-11,853.1899956404919,864.6550347756385,843.6357963612031,856.4862060546875,145225
2014-04-15,855.1008000710985,858.4447696803152,844.638940630852,850.3714599609375,53231
2014-04-16,846.0719660957299,856.0561143602029,841.342626568959,847.4573364257812,78856
2014-04-17,846.7885786681605,854.623032890759,832.0273307189461,850.4669799804688,79320
2014-04-21,850.4669571165481,859.8778188078217,848.3650218966229,851.99560546875,54089
2014-04-22,853.2377755002342,861.788795723749,842.5848780360751,847.7918701171875,219099
2014-04-23,847.7918062600834,854.9096960210968,840.7694934754858,845.2122192382812,172396
2014-04-24,845.2122192382812,845.2122192382812,845.2122192382812,845.2122192382812,0
2014-04-25,838.9541018911527,863.6994980025231,838.9541018911527,851.99560546875,184265
2014-04-28,860.0690548560381,878.508648318312,860.0690548560381,869.3843994140625,488222
2014-04-29,870.4352849551505,882.4736106383504,860.8333266591404,864.9893798828125,160588
2014-04-30,860.9288204424686,872.2983402067696,851.2791030933535,854.479736328125,284238
2014-05-02,852.2345291323257,874.20918627363,852.2345291323257,870.1964111328125,120872
2014-05-05,871.3908226050625,935.0695906310984,871.3908226050625,912.760498046875,756336
2014-05-06,917.2028936603425,921.3111866253582,898.0945000424188,914.1932983398438,136633
2014-05-07,909.5597461981845,912.3782465703576,883.76340885853,888.970458984375,101016
2014-05-08,880.897093667681,899.0978299813805,880.037192484842,884.3843994140625,57634
2014-05-09,891.3111526748155,899.8143538865411,878.9862139577724,887.6327514648438,76214
2014-05-12,886.6296888215531,918.8273518995733,882.3780585000313,907.7444458007812,207137
2014-05-13,907.6490167819978,908.1267267908304,898.0948166053452,906.406982421875,117160
2014-05-14,902.8718368937015,918.158555825235,902.8718368937015,914.0025024414062,71969
2014-05-15,908.1264935554009,917.1074627405432,886.1040794671068,900.9130859375,63950
2014-05-16,898.0945125361684,909.5595488664173,885.6740565117319,899.2410278320312,106038
2014-05-19,905.5468314227966,905.5468314227966,860.8331985863657,865.8969116210938,155377
2014-05-20,866.565858317644,877.4576686166673,862.744178677875,869.0499267578125,167699
2014-05-21,882.2825758241556,882.2825758241556,862.9353215881206,866.0881958007812,273366
2014-05-22,866.0881040248208,878.9862721487426,866.0881040248208,873.2059936523438,137582
2014-05-23,878.6518985230618,905.7380282576174,866.4702952949135,873.2059936523438,476667
2014-05-26,869.6710822181363,878.0310074797774,860.8334469415445,863.69970703125,157612
2014-05-27,866.5658678065735,882.8080064534441,861.7410088713732,878.8908081054688,92225
2014-05-28,883.7633655076481,892.075529905533,870.3874875432081,886.056396484375,254197
2014-05-29,881.1358765238925,889.4480401257478,862.7918054094312,873.3491821289062,341923
2014-05-30,866.7091498801283,878.9862717633162,862.7441341329071,867.234619140625,181169
2014-06-02,869.4321035268265,886.5341429548483,869.4321035268265,882.7124633789062,103305
2014-06-03,885.6741402936353,888.1104490814421,876.8842666127795,887.155029296875,117570
2014-06-04,887.537346761946,907.6489244245114,887.537346761946,905.1648559570312,196799
2014-06-05,913.3336724503257,921.9802109523752,902.8718127979218,915.4356079101562,160234
2014-06-06,916.4864937209142,925.8018372849266,912.5214780064493,918.2062377929688,154825
2014-06-09,922.9354614235015,928.7157391412138,908.8430203717451,916.1041870117188,89386
2014-06-10,919.400554821749,997.9838996301401,919.400554821749,973.4773559570312,782606
2014-06-11,976.4389893321603,985.9931868794417,956.1840788690849,969.1300048828125,168843
2014-06-12,970.2288107849231,993.6365959786509,969.7511008830103,977.0122680664062,185876
2014-06-13,980.2607783083588,985.0378776178537,936.3114646610055,950.73828125,105824
2014-06-16,949.5440227636217,963.9708979150932,933.4929804703315,952.505859375,91725
2014-06-17,952.5058115081208,971.6619674433531,945.8656320245029,962.5377197265625,75525
2014-06-18,978.3498751494748,978.3498751494748,942.0439227513498,945.9611206054688,64848
2014-06-19,941.1840747210664,967.362602042768,941.1840747210664,952.7446899414062,95393
2014-06-20,943.1905449392145,957.8084578703047,927.712730765153,940.515380859375,144202
2014-06-23,936.3115040387112,939.1777637449521,911.5183459168863,916.4387817382812,130984
2014-06-24,912.521658645555,928.1428113183347,912.521658645555,918.1109008789062,260795
2014-06-25,914.0500381776952,933.4450464147751,914.0500381776952,920.7379760742188,175840
2014-06-26,922.1711869186342,936.2158694022983,914.3367330292125,928.6680297851562,243465
2014-06-27,938.6045164463126,942.044004699657,927.1394778495622,934.7828369140625,125651
2014-06-30,940.1331736153184,957.2352130057495,936.3592533795302,950.6905517578125,124243
2014-07-01,950.6904096984603,963.9230082122807,942.282727569048,945.1489868164062,77442
2014-07-02,951.5982868174267,992.9202003765168,947.8243662861829,983.413818359375,281454
2014-07-03,989.8628294318702,1004.7195388305685,973.2862592556243,984.1303100585938,221750
2014-07-04,987.904018144246,1022.2036103784133,987.904018144246,1013.7481689453125,262819
2014-07-07,1008.923325254866,1017.5221035951063,998.4137072834611,1011.83740234375,146714
2014-07-08,1005.1972051016171,1016.5189070462188,984.6079772242629,993.3499755859375,161675
2014-07-09,984.0825057796052,1001.2800641330352,965.1652032536729,970.3722534179688,147523
2014-07-10,965.1175290297822,1003.0954737426841,962.155692063647,986.9488525390625,364675
2014-07-11,1001.2800629593997,1001.2800629593997,978.3499851817036,984.6080322265625,240654
2014-07-14,985.9932369494466,1001.279953801376,957.9038714083474,972.2351684570312,234767
2014-07-15,979.3053943456736,990.7226154625365,965.4518058402957,986.6143798828125,67380
2014-07-16,985.9932664903988,1015.0380527049427,980.2607474991755,1007.9201049804688,156474
2014-07-17,1000.706686845101,1054.783422308042,1000.706686845101,1051.439453125,254337
2014-07-18,1060.4203923873017,1068.1592689529652,1025.1653806677384,1038.3502197265625,187577
2014-07-21,1043.2230085715587,1047.0446881585021,1026.1209690943058,1030.70703125,78911
2014-07-22,1031.8536460504313,1078.9559008039175,1028.1753022119547,1073.0322265625,165416
2014-07-23,1067.2036923729784,1071.0253707700167,1033.8595250331443,1044.369140625,118517
2014-07-24,1047.0445770998438,1056.598775053801,1030.8979592319777,1034.7674560546875,49532
2014-07-25,1032.8087974206494,1044.894881141676,979.3052889511247,983.7957153320312,140637
2014-07-28,988.8594845386558,998.3658648159554,973.238394267999,976.5345458984375,85876
2014-07-30,968.174815143579,979.3054812562232,957.139726017631,974.5283813476562,88188
2014-07-31,970.706658307766,984.034719809348,961.2479775832188,968.031494140625,169040
2014-08-01,960.1969669061214,967.45813457396,951.1204781642227,954.51220703125,56400
2014-08-04,956.1363480523224,963.4930920459165,927.7126095016788,934.5438842773438,202598
2014-08-05,937.2191280900905,939.9420513792403,926.948364542924,931.7254638671875,208694
2014-08-06,929.8624142845152,943.9548577581311,917.2986193196444,919.8305053710938,284383
2014-08-07,922.0279017874096,950.0695089843792,922.0279017874096,943.8114624023438,238467
2014-08-08,945.7222963938985,973.7639034223931,931.5343352291646,969.703369140625,461800
2014-08-11,976.4866546787792,995.5472886140255,971.6617970445911,990.29248046875,184112
2014-08-12,1000.3248745001035,1041.2169026496665,982.1718920593185,1028.7008056640625,517894
2014-08-13,1041.2359106536064,1104.4880871256923,1032.110688189391,1087.678466796875,631579
2014-08-14,1099.8292128818405,1099.8292128818405,1056.604483991288,1084.98876953125,352021
2014-08-18,1088.734735141246,1094.0658315294563,1071.492919289823,1075.7193603515625,194819
2014-08-19,1077.7365344754533,1156.7898048954032,1070.4363817570163,1126.2923583984375,295021
2014-08-20,1140.1721977208415,1151.218516401372,1123.0264134806716,1127.9732666015625,368596
2014-08-21,1117.1671657601528,1128.6456856184402,1095.0264524298059,1113.3729248046875,208789
2014-08-22,1115.2938955508937,1124.6112951727039,1078.8410923742442,1086.765625,156652
2014-08-25,1093.057481571402,1121.9220468884814,1090.223906865091,1113.277099609375,264138
2014-08-26,1120.001095838197,1152.659789884937,1101.3664057841338,1151.747314453125,300413
2014-08-27,1162.1690039123823,1175.7608044304382,1135.3696461736097,1142.6697998046875,326296
2014-08-28,1151.506662234865,1152.6592746076467,1112.0279882759012,1126.91650390625,222420
2014-09-01,1128.1654955547904,1152.0832038412248,1128.1654955547904,1143.1981201171875,119614
2014-09-02,1152.6594810445388,1157.7983977799452,1123.9390255242618,1132.247802734375,112638
2014-09-03,1142.7657814964746,1156.5016873090397,1131.527398380439,1137.0986328125,149665
2014-09-04,1142.9581203182563,1147.3285511342872,1113.2290365206302,1126.00439453125,71650
2014-09-05,1133.3528052553545,1138.2515860990336,1107.5139905250512,1114.958251953125,150027
2014-09-08,1132.2961284415637,1147.8569879877537,1119.905012819058,1138.923828125,217994
2014-09-09,1135.3695878158526,1170.7178587715136,1135.3695878158526,1154.916748046875,423580
2014-09-10,1165.1466396023388,1167.4039076626048,1136.330152225529,1139.836181640625,111368
2014-09-11,1146.8000069612522,1148.8171373468165,1122.6421649448928,1127.0606689453125,97990
2014-09-12,1127.6850650541505,1144.9749553190354,1120.4809441104487,1125.28369140625,122469
2014-09-15,1127.6853228878583,1140.604669165611,1104.7281621140935,1111.404052734375,93821
2014-09-16,1118.079823047343,1123.5549092996014,1051.8018953924748,1064.240966796875,134286
2014-09-17,1073.077694105993,1093.8736102925998,1066.3057745119465,1080.473876953125,145041
2014-09-18,1080.3781204804309,1111.2598123673968,1078.8412646312647,1100.5015869140625,224943
2014-09-19,1093.1054583237171,1117.5034419164829,1093.1054583237171,1109.0986328125,240159
2014-09-22,1104.6800904992917,1104.8721535133036,1086.3334997322625,1097.52392578125,56878
2014-09-23,1090.368028654343,1111.1639533629425,1062.3679811082104,1066.4503173828125,197604
2014-09-24,1066.6904559814232,1074.2307477753957,1040.3713704018296,1045.89453125,92203
2014-09-25,1042.2444904581878,1047.527513765464,993.2564561543551,1003.0540161132812,277484
2014-09-26,1002.9575828558593,1056.6042382276908,1002.9575828558593,1050.8409423828125,231382
2014-09-29,1056.6043605017196,1065.0091679148015,1039.5065339481375,1055.0675048828125,117917
2014-09-30,1055.6440351325498,1090.2238215427153,1051.8018366425315,1076.4879150390625,157834
2014-10-01,1085.4211726781775,1105.112441740038,1059.582362019254,1071.5892333984375,122126
2014-10-07,1080.618332349386,1083.74011864284,1027.9801657917742,1034.17578125,122795
2014-10-08,1034.5117832632104,1038.8342558952293,991.5752686869849,1002.1892700195312,128767
2014-10-09,1008.5768205864237,1029.9009693198557,1008.5287462169528,1027.403564453125,93770
2014-10-10,1032.542629816125,1032.5907041925693,999.9320214553161,1013.57177734375,75407
2014-10-13,1017.2219352740735,1032.590727497289,1008.5289152709856,1026.9234619140625,100983
2014-10-14,1021.4003139717378,1037.3934870141215,1016.9818096075937,1031.486083984375,48221
2014-10-15,1031.486083984375,1031.486083984375,1031.486083984375,1031.486083984375,0
2014-10-16,1030.5735797538468,1046.9989527171172,980.0966567370759,988.50146484375,134348
2014-10-17,992.2478172560021,1003.8224877763654,975.9664884903783,981.24951171875,115385
2014-10-20,998.395094685136,1009.105244212884,985.6678148180459,997.6746826171875,208425
2014-10-21,989.4141456237164,1008.4810314098547,982.6422241565793,991.2871704101562,91399
2014-10-22,998.9716006776223,1029.6611140081413,989.7022734319548,1023.4175415039062,89347
2014-10-27,1030.861780760194,1061.5993678690136,1028.3643752585206,1046.1826171875,187419
2014-10-28,1042.1963430470923,1063.1843289008548,1034.6560519423244,1041.4278564453125,213494
2014-10-29,1039.3626941523041,1071.4449555246133,1039.3626941523041,1066.0179443359375,297773
2014-10-30,1062.4158241667556,1080.6181903377242,1062.4158241667556,1071.0126953125,152700
2014-10-31,1071.0127458943466,1080.6182413732197,1057.5650522239243,1071.4449462890625,137315
2014-11-03,1074.6629743907665,1109.050580838246,1074.6629743907665,1098.58056640625,112406
2014-11-05,1102.6629838540098,1131.4315177906708,1101.1261277812494,1115.1021728515625,178593
2014-11-07,1120.0006327160834,1126.6764043368773,1101.7982679627053,1116.7347412109375,91970
2014-11-10,1116.7351436578306,1120.7214486703401,1083.5001449326278,1104.728271484375,77090
2014-11-11,1109.4346688031158,1116.3505782782393,1083.6439382649717,1095.1705322265625,94806
2014-11-12,1100.741481997925,1133.4482343049028,1081.578569345187,1097.4757080078125,325356
2014-11-13,1090.2237224442829,1099.8292177962148,1072.2134186594103,1074.4227294921875,148414
2014-11-14,1073.8944924767873,1080.042033594836,1058.525698308962,1065.6337890625,86878
2014-11-17,1054.6835725491858,1073.8945665846902,1045.270138569948,1061.8876953125,107993
2014-11-18,1069.0437647611918,1107.0816275049503,1067.987183519333,1100.6458740234375,215502
2014-11-19,1104.6321906713908,1171.8706718426927,1093.1055938991676,1162.3612060546875,528517
2014-11-20,1157.4621927539245,1197.324998562462,1157.4621927539245,1192.906494140625,342109
2014-11-21,1180.5155174085135,1189.2564957545167,1138.8276392338112,1149.1055908203125,234908
2014-11-24,1152.659718653911,1171.8707139648095,1107.5138796732995,1118.6082763671875,188801
2014-11-25,1125.7641770643022,1152.6595669600365,1120.9614288686355,1146.367919921875,191958
2014-11-26,1152.6110756748176,1157.4618964997285,1136.5218750388256,1139.595703125,99888
2014-11-27,1144.975015977095,1149.1054257721325,1119.3283909606475,1126.34033203125,131229
2014-11-28,1130.5666753766272,1154.820548404036,1114.3333666123192,1120.0487060546875,132225
2014-12-01,1123.4585398973397,1144.0143202357804,1114.237289230483,1125.379638671875,161585
2014-12-02,1130.4707501312944,1166.9235574035813,1123.842935012357,1153.860107421875,371860
2014-12-03,1143.054284648363,1163.6580313647578,1143.054284648363,1155.9736328125,152098
2014-12-04,1161.6885603949308,1162.264866629948,1124.8034370443547,1134.6971435546875,112758
2014-12-05,1129.6543536153017,1150.5942636089253,1104.7760966336004,1115.2940673828125,125290
2014-12-08,1119.0402445457305,1122.8824428102653,1097.0917104104933,1105.640625,99561
2014-12-09,1106.5529672249675,1111.8359892039061,1078.6970331542002,1082.34716796875,127088
2014-12-10,1083.2119032908347,1095.02671208624,1068.1313191578058,1086.81396484375,115718
2014-12-11,1087.870335862671,1120.0006683398894,1085.709099581569,1103.5272216796875,133961
2014-12-12,1103.5274383927797,1112.9408718342604,1086.477682160264,1099.829345703125,97598
2014-12-15,1100.6934851075207,1128.1170977378542,1099.7808929042126,1108.858154296875,130121
2014-12-16,1109.4347645530866,1123.843008248581,1073.9425044850195,1079.993896484375,227532
2014-12-17,1085.3249303800578,1121.9218437855009,1020.1035942638716,1096.7554931640625,195090
2014-12-18,1103.6715702119773,1138.203283927301,1103.6715702119773,1129.22216796875,217477
2014-12-19,1130.5668590746754,1144.4467536457623,1110.1551804380256,1122.0179443359375,137104
2014-12-22,1115.1978796973724,1143.0538129542406,1059.4379388106765,1114.90966796875,85688
2014-12-23,1117.3111591694817,1121.7297807825753,1093.1534324498539,1096.7554931640625,96817
2014-12-24,1102.7109992919623,1105.9288171717294,1087.678373803657,1093.48974609375,127378
2014-12-26,1089.5032583623242,1098.9646473820892,1080.7622814596164,1084.268310546875,39680
2014-12-29,1084.3645420132887,1098.868818527195,1080.234131545307,1088.3988037109375,124287
2014-12-30,1089.5994645334038,1105.1123647251409,1088.4468518631688,1093.77783203125,99295
2014-12-31,1101.7502431789414,1107.5135400046377,1071.9732095795107,1085.1326904296875,148296
2015-01-01,1086.3816900823592,1092.1449881729818,1074.855093901114,1081.48291015625,76848
2015-01-02,1080.6661229188855,1094.0657398190585,1079.2252988541545,1083.3555908203125,172991
2015-01-05,1083.3558248023908,1099.3489988260064,1081.626905904041,1086.9578857421875,137885
2015-01-06,1084.989071036499,1090.8003269605795,1047.7196919789944,1054.587646484375,164585
2015-01-07,1066.2099457131862,1070.0521437157563,1037.1533233187504,1062.8480224609375,208499
2015-01-08,1066.2579100302619,1094.0657683016875,1060.1583275271223,1081.914794921875,228503
2015-01-09,1089.5513082371428,1091.9526819066646,1062.4157857715495,1080.281982421875,148255
2015-01-12,1081.5786107962354,1085.2767024888087,1068.1309193653763,1074.326416015625,59612
2015-01-13,1074.8551969677399,1111.5481514279757,1074.8551969677399,1104.728271484375,327470
2015-01-14,1108.8584657347133,1132.151793199528,1106.5531232769686,1114.765869140625,338840
2015-01-15,1116.2065443729564,1122.45011584885,1095.02638192598,1102.61474609375,117612
2015-01-16,1110.1549747304787,1144.494615956189,1106.3608514828911,1139.01953125,343994
2015-01-19,1155.541169604965,1161.30446720898,1145.0711555067535,1152.899658203125,417946
2015-01-20,1153.7160039270354,1171.8704132887358,1148.2888756932657,1162.937255859375,194900
2015-01-21,1171.8706754308014,1189.112496253535,1164.5224465150886,1176.577392578125,257565
2015-01-22,1176.5770726091635,1199.5342284585454,1176.5770726091635,1192.7142333984375,192743
2015-01-23,1196.844827887082,1256.2068413727243,1193.050703785585,1243.0472412109375,241916
2015-01-27,1234.3060232964604,1313.1191512967118,1226.1894274770002,1295.92529296875,372173
2015-01-28,1291.9392198045364,1383.095400846124,1279.452074929102,1365.4212646484375,473816
2015-01-29,1355.335430743831,1360.9546222254805,1299.8156192091171,1305.7230224609375,228610
2015-01-30,1335.115876482376,1335.2599823740347,1250.2994167190643,1261.72998046875,294980
2015-02-02,1296.741934389524,1305.5789436331584,1258.4159826555383,1296.1175537109375,202501
2015-02-03,1300.5838591746794,1302.9852326221956,1236.2751251520253,1245.5924072265625,161039
2015-02-04,1249.5787758988454,1275.9458108285928,1247.225359444561,1257.8394775390625,151396
2015-02-05,1263.122474429728,1279.4518144033443,1237.7159894314282,1243.5753173828125,127358
2015-02-06,1247.7537264152493,1250.5393432507703,1207.9389989060599,1213.462158203125,108730
2015-02-09,1200.6868980739655,1210.1482873798723,1178.4982276484745,1183.78125,86314
2015-02-10,1177.8737833901605,1195.4518855303506,1163.22540402486,1167.3077392578125,144598
2015-02-11,1172.831117848734,1238.1484937813418,1169.4691940874968,1227.1021728515625,259947
2015-02-12,1238.8210853477588,1258.3202940582962,1222.4917380202846,1244.05615234375,207270
2015-02-13,1244.872492038003,1250.635790612253,1236.8038505831312,1246.21728515625,101960
2015-02-16,1253.5171909381183,1269.1261214766198,1226.4297399208303,1247.417724609375,174397
2015-02-18,1260.2409581977413,1260.2409581977413,1243.9116165137766,1254.4776611328125,311680
2015-02-19,1258.3201758642724,1265.9564994953457,1241.2704177561877,1254.0457763671875,45964
2015-02-20,1255.4382156919057,1295.6852638080786,1241.6543536071072,1283.1981201171875,188335
2015-02-23,1296.6938111242987,1328.0557772135005,1296.21353635189,1303.8499755859375,314114
2015-02-24,1303.7539071486956,1328.680120228744,1291.9391011803077,1299.5274658203125,175082
2015-02-25,1306.3471745996333,1315.856637042117,1256.398606159059,1261.345458984375,92279
2015-02-26,1262.1623589185615,1275.6100552845126,1239.637514407436,1248.570556640625,220880
2015-02-27,1251.5962289306494,1269.6546097571984,1239.2051146484132,1250.77978515625,184480
2015-03-02,1261.2014842938943,1308.2684094503304,1260.2409348009057,1294.916748046875,214128
2015-03-03,1296.3098097100928,1357.2085629013739,1296.261735326398,1348.89990234375,261983
2015-03-04,1363.9801429769711,1372.4809816847526,1320.947483113618,1361.9630126953125,314313
2015-03-05,1368.782903084232,1396.0144552841523,1332.4261315304166,1352.933837890625,229156
2015-03-09,1352.9339423341698,1352.9339423341698,1303.4656441231582,1309.373046875,156149
2015-03-10,1316.1931460270273,1334.059345904773,1289.2977560698978,1304.4744873046875,106063
2015-03-11,1309.2289368899826,1327.9596516877484,1284.7349252313659,1293.9561767578125,130472
2015-03-12,1296.742071661511,1322.6769130947414,1272.3440862697005,1307.644287109375,117807
2015-03-13,1312.110732888986,1349.4761351901095,1311.5823837154896,1327.86376953125,173201
2015-03-16,1329.3048081869047,1373.4420218231198,1308.2687454371048,1367.1024169921875,160844
2015-03-17,1374.5463552542517,1406.2444892328613,1359.1775630221985,1393.805419921875,283042
2015-03-18,1406.052619308042,1420.3647152357855,1378.6769543855273,1384.0079345703125,198184
2015-03-19,1398.5118629798803,1405.2837832047371,1381.4141538787278,1390.1070556640625,141486
2015-03-20,1381.2701826462655,1390.107191154967,1350.5325986096311,1358.4090576171875,391071
2015-03-23,1359.8980614591487,1372.721374840638,1298.8550890367567,1303.6578369140625,225885
2015-03-24,1300.6802187692217,1315.9529811990194,1281.3731948317459,1301.6888427734375,175387
2015-03-25,1296.7897538123539,1385.1122235213375,1296.7897538123539,1369.5032958984375,338946
2015-03-26,1364.9411138318023,1369.8398938154648,1323.6374770304178,1332.4744873046875,414179
2015-03-27,1332.4744082107804,1339.5345418393388,1265.524145480734,1300.5361328125,172279
2015-03-30,1315.9529333388941,1342.9443532652194,1280.4606730240343,1287.664794921875,197216
2015-03-31,1285.2152287267152,1325.414201779696,1280.4124812352104,1315.184326171875,188491
2015-04-01,1297.7023874845436,1338.8619105204618,1297.7023874845436,1335.163818359375,132827
2015-04-06,1339.8704416664013,1373.3936406823887,1325.5582315129202,1355.4793701171875,231232
2015-04-07,1359.177785536845,1368.7352078689926,1335.1640437429078,1346.306396484375,149342
2015-04-08,1347.6512591628923,1365.9017038700165,1321.7164166843477,1327.431640625,305178
2015-04-09,1327.4796874051617,1338.0457341211218,1302.9856700181635,1315.56884765625,199931
2015-04-10,1315.4724457549319,1348.1311264089427,1311.1499733154305,1340.6387939453125,180183
2015-04-13,1344.7696406389257,1356.680480906935,1329.5929077927292,1344.4334716796875,178785
2015-04-15,1351.2051003206468,1353.4144113432,1323.685447577136,1332.8106689453125,110697
2015-04-16,1337.0850611521598,1349.5722061198164,1303.0815814046996,1322.8209228515625,192463
2015-04-17,1325.4624352872286,1325.4624352872286,1253.5172457760598,1266.2926025390625,282557
2015-04-20,1264.0833529192714,1269.0302071205967,1216.6802506357183,1229.263427734375,170718
2015-04-21,1236.131138425998,1240.0693678085572,1172.0144611980961,1175.1842041015625,259560
2015-04-22,1174.751915054488,1231.23226662124,1167.1635513509746,1213.02978515625,471038
2015-04-23,1216.0555965561045,1255.9183984969247,1216.0555965561045,1246.408935546875,518336
2015-04-24,1253.5172520736216,1256.9752072491133,1224.700763520205,1244.2479248046875,370654
2015-04-27,1239.1089966635705,1243.7196816925273,1102.038614244561,1130.8551025390625,450290
2015-04-28,1128.6457723417425,1143.486216659209,1102.7109333177195,1121.441650390625,476845
2015-04-29,1119.040283203125,1135.2255205006816,1109.9150620096232,1119.040283203125,372241
2015-04-30,1119.0403469130538,1128.549811938599,1085.4211090229621,1092.2890625,548858
2015-05-04,1097.9081101887773,1162.2649285462996,1097.9081101887773,1154.1962890625,224235
2015-05-05,1160.2479584065297,1167.0678375453817,1136.330248408384,1153.3800048828125,80767
2015-05-06,1154.5805901089,1179.170635798405,1106.5531113190123,1127.7332763671875,175887
2015-05-07,1133.4486362855123,1142.8620701666732,1101.2221472248762,1122.9306640625,201421
2015-05-08,1132.487802437845,1146.7519383306135,1125.5718932942518,1139.16357421875,80236
2015-05-11,1139.3077407228234,1236.1311774136377,1138.2511597216767,1201.26318359375,438636
2015-05-12,1198.9580827280774,1199.72656938613,1170.6218667177563,1190.072998046875,129070
2015-05-13,1194.6352853707833,1219.705719427165,1166.7313946376369,1186.8548583984375,446265
2015-05-14,1187.3352556459072,1205.441590912712,1166.155208771826,1198.3336181640625,383250
2015-05-15,1198.8138469819924,1212.213465567216,1178.5942331624199,1199.4381103515625,184809
2015-05-18,1204.9135751794818,1225.6614253871526,1196.7489026749436,1222.1553955078125,158100
2015-05-19,1227.966537599113,1243.9116362812226,1202.6080066595296,1224.6046142578125,223496
2015-05-20,1228.9272784418768,1265.09199717997,1223.163980388144,1255.0062255859375,195341
2015-05-21,1267.925390295022,1280.4125342903517,1238.3884919983766,1245.49658203125,237550
2015-05-22,1248.6664133118584,1266.0524549826548,1235.362824720806,1257.5035400390625,117761
2015-05-25,1250.7314729552274,1257.4553194146722,1220.6663441393137,1226.6217041015625,110271
2015-05-26,1233.4417803407862,1233.7299921372103,1181.4760678014154,1191.129638671875,223883
2015-05-27,1181.4759498545077,1189.640621052689,1172.8310038799625,1178.4501953125,149441
2015-05-28,1181.0437972014558,1201.6475390385303,1144.3027753243784,1174.03173828125,438239
2015-05-29,1171.870648058382,1189.5927433341446,1156.5018526740096,1164.714599609375,417282
2015-06-01,1164.858303017532,1184.3575042884252,1156.5015694754777,1177.00927734375,181381
2015-06-02,1175.7126430457747,1175.7126430457747,1153.9082152767426,1159.38330078125,112464
2015-06-03,1160.3921008827233,1172.8311724768496,1104.6321444294651,1164.9547119140625,277102
2015-06-04,1163.9460252935635,1176.6733080128865,1142.8620076150887,1166.01123046875,152960
2015-06-05,1176.0489676812067,1176.0489676812067,1143.0541098927843,1148.5772705078125,90148
2015-06-08,1154.6765534461244,1171.67835028675,1148.5770874508246,1162.937255859375,111351
2015-06-09,1166.1072223089066,1166.1072223089066,1119.5686407751032,1125.716064453125,251965
2015-06-10,1118.079782474286,1168.0283638219346,1118.079782474286,1156.6458740234375,134566
2015-06-11,1167.0679321664509,1181.7643900659452,1153.8122988745695,1171.1502685546875,297957
2015-06-12,1166.1075171839595,1169.7576535135663,1124.8038736593219,1131.8638916015625,129271
2015-06-15,1110.3953293010752,1200.6869910262492,1109.4347797082544,1138.9716796875,111299
2015-06-16,1126.7243079278085,1167.067377776886,1126.7243079278085,1145.3109130859375,200631
2015-06-17,1153.5720687123196,1159.191378033998,1134.0729809427853,1140.9888916015625,174430
2015-06-18,1143.1020417928207,1156.0213863714155,1135.369570993779,1142.4776611328125,185924
2015-06-19,1147.280538885751,1209.3320235536276,1146.3199892244693,1203.5687255859375,453935
2015-06-22,1206.4502655723918,1253.4211632163742,1192.9544971488276,1247.1295166015625,409342
2015-06-23,1248.7144701952284,1254.9580425462045,1217.9768832365767,1225.421142578125,265053
2015-06-24,1228.0625799391535,1243.623435497246,1217.1122917942157,1233.3936767578125,113545
2015-06-25,1234.306292348975,1258.2240019317924,1228.4469629724008,1249.7711181640625,295158
2015-06-26,1247.1294701262586,1272.7281387836538,1242.2787653085495,1257.8876953125,283454
2015-06-29,1246.793350395115,1251.7881612914732,1216.1998698321,1232.625244140625,163259
2015-06-30,1232.6253513365446,1273.68884930626,1229.4075334260945,1264.0352783203125,273137
2015-07-01,1262.9306029359345,1304.3302653422354,1255.4382694984558,1278.2032470703125,402115
2015-07-02,1279.452081888265,1301.9289662372203,1264.0832881118292,1267.4932861328125,153699
2015-07-03,1264.0833313083665,1282.333774541542,1239.2050720816976,1249.7711181640625,143567
2015-07-06,1239.108835079284,1268.8858691005692,1231.8086824475618,1248.0419921875,294876
2015-07-07,1251.5962041175633,1270.8071972736273,1243.9598812398665,1251.932373046875,135604
2015-07-08,1235.2667428291998,1281.373122032778,1230.07975171788,1262.210205078125,336702
2015-07-09,1265.0437775771654,1294.8208141032794,1264.0832280118068,1271.5755615234375,310982
2015-07-10,1270.8069649952101,1282.9098650204398,1258.3198217261718,1276.1380615234375,158863
2015-07-13,1275.610078592115,1293.860523993659,1269.8467800442593,1285.215576171875,175378
2015-07-14,1292.3714496384482,1302.3132320884433,1283.2462281756418,1295.9735107421875,144436
2015-07-15,1298.6633100015747,1324.35801676381,1287.1367125755253,1309.8056640625,211459
2015-07-16,1311.0543109612715,1329.304755288839,1307.7403441385047,1315.56884765625,104971
2015-07-17,1314.9923491766865,1327.1912817011082,1300.1998624844832,1305.7230224609375,107946
2015-07-20,1315.3762919846224,1315.952598138735,1290.5940720667559,1297.1258544921875,80054
2015-07-21,1296.7418382099427,1310.76583760189,1286.7520998572616,1291.65087890625,100383
2015-07-22,1287.136045725298,1315.8564928830638,1272.7278064074774,1313.262939453125,103101
2015-07-23,1313.0712305819952,1342.8482665352078,1302.505185566339,1325.3182373046875,818251
2015-07-24,1337.0849601777795,1348.9957979291303,1316.1449332961508,1324.69384765625,286276
2015-07-27,1328.2002525758353,1330.0732778074355,1299.3356838226755,1305.9635009765625,239786
2015-07-28,1313.2635788203165,1313.2635788203165,1262.1623787294604,1279.1640625,118691
2015-07-29,1269.8465508431836,1290.0180921198153,1263.1227037509732,1272.2479248046875,197121
2015-07-30,1287.5389025993722,1298.585219852942,1273.5020398140043,1281.412841796875,172360
2015-07-31,1282.1364245844056,1319.7611955090044,1282.1364245844056,1311.8985595703125,210203
2015-08-03,1337.1262494123148,1337.1262494123148,1307.21938524797,1330.0836181640625,197974
2015-08-04,1333.2675455050958,1339.0559718965794,1304.1325131076287,1320.2918701171875,162803
2015-08-05,1331.9652270242689,1339.1524763115583,1315.9506035795591,1325.4532470703125,132363
2015-08-06,1332.061510388237,1391.1516914574236,1331.3862411394912,1380.78076171875,457090
2015-08-07,1381.504450949084,1412.2313245765927,1380.587997197597,1386.231689453125,325877
2015-08-10,1385.3634190158966,1404.658174155394,1385.3634190158966,1394.6248779296875,200671
2015-08-11,1403.6933701699966,1424.1457625465523,1348.4138521971745,1377.59716796875,378403
2015-08-12,1369.9276614055505,1369.9276614055505,1292.7969222235963,1315.0340576171875,226751
2015-08-13,1321.690813774079,1336.1618810781747,1282.7636662792308,1289.61328125,168700
2015-08-14,1293.7134424018911,1326.5145289355705,1291.9768671849447,1304.7596435546875,168265
2015-08-17,1319.7610102194647,1334.0391735182245,1286.3811134849136,1325.9835205078125,93833
2015-08-18,1332.302651186591,1338.042792910501,1292.74840882696,1305.145263671875,123985
2015-08-19,1307.2195394101952,1350.4398340187975,1281.8468916496292,1327.72021484375,347458
2015-08-20,1336.1134510593276,1349.6197790670674,1287.9248493094753,1291.011962890625,239263
2015-08-21,1289.854082412436,1289.854082412436,1237.3241708146793,1256.4259033203125,231773
2015-08-24,1205.9220316208166,1227.5321779806263,1152.8614622295006,1209.105712890625,328925
2015-08-25,1211.613945283711,1261.780299237042,1188.5566936635357,1234.2852783203125,298534
2015-08-26,1230.0406488743108,1251.6507983371137,1201.339700400577,1209.154052734375,181639
2015-08-27,1253.1943610211,1285.995445143284,1212.2894560920313,1254.3038330078125,414799
2015-08-28,1259.9473803542753,1312.0432138451872,1257.9696210506042,1295.4014892578125,226525
2015-08-31,1299.5016696545142,1326.7072254318173,1260.9121620181515,1292.94140625,208370
2015-09-01,1284.06583024809,1300.4663705292453,1240.025532351705,1264.6263427734375,126534
2015-09-02,1272.1515655159978,1297.572383831952,1258.9828705581394,1263.9512939453125,168729
2015-09-03,1272.00674980001,1295.0157220623369,1268.630167604864,1279.0010986328125,95433
2015-09-04,1285.0306324322953,1289.7095867825044,1219.0425493758485,1266.314697265625,127509
2015-09-07,1268.8712110698393,1277.9397686538405,1205.9220785685604,1216.0035400390625,122741
2015-09-08,1217.1131235495482,1277.312782786934,1198.2525711701658,1267.6654052734375,180292
2015-09-09,1280.2068601891629,1321.449394682823,1280.2068601891629,1305.2900390625,182975
2015-09-10,1284.065962273425,1369.9276231617305,1268.774892286372,1360.9073486328125,309451
2015-09-11,1374.4620291758765,1382.662301267123,1312.043534599437,1322.9932861328125,238000
2015-09-14,1331.3379482601824,1335.9204520675996,1306.6888543581654,1319.4234619140625,139241
2015-09-15,1325.5496065050827,1333.7981609881397,1305.048930276383,1318.8447265625,137718
2015-09-16,1326.5144634794483,1326.707363931435,1283.34244730439,1289.034423828125,99528
2015-09-18,1299.501837936124,1327.4792345954763,1299.501837936124,1322.0284423828125,179322
2015-09-21,1315.902383490744,1321.6908103975945,1303.409075856463,1315.6129150390625,102645
2015-09-22,1317.0601857974148,1355.4085188313472,1309.5353005408394,1325.5499267578125,181094
2015-09-23,1309.1488954802344,1334.232072549126,1303.8428387925842,1321.3045654296875,118053
2015-09-24,1330.3733531272542,1371.8570762486986,1318.3141312896248,1359.36376953125,177258
2015-09-28,1367.9982480210183,1373.7866750225176,1345.4716431600195,1353.3824462890625,147381
2015-09-29,1350.6327291316254,1403.693300633225,1344.1207499018835,1389.608154296875,385820
2015-09-30,1379.5750562657272,1403.6935013053378,1361.920307390394,1390.7659912109375,312679
2015-10-01,1392.2611851502259,1423.0363402246792,1373.4488006779654,1393.4188232421875,162812
2015-10-05,1398.8694682519808,1450.8205625370033,1397.3259117022453,1426.8951416015625,285834
2015-10-06,1432.6838015836029,1460.5164613183179,1422.0234026460348,1446.141845703125,245563
2015-10-07,1437.4590614420317,1462.4457894860345,1419.129046564583,1427.522216796875,193207
2015-10-08,1432.6355904806903,1437.5075633324325,1382.5175103644867,1397.0367431640625,127999
2015-10-09,1403.6933475310227,1423.0363854401028,1392.9847826597256,1403.355712890625,117199
2015-10-12,1412.376108218593,1418.1645348916197,1386.81055707939,1404.22412109375,111447
2015-10-13,1404.5616111361796,1420.9621516876675,1389.222258478975,1401.3779296875,117775
2015-10-14,1394.04635622764,1407.0703187252684,1387.052005997432,1390.4285888671875,53177
2015-10-15,1398.8699098637178,1406.5878128146899,1387.2930554372595,1390.9591064453125,61684
2015-10-16,1405.0920546562306,1405.0920546562306,1383.1442738775577,1389.22216796875,82852
2015-10-19,1394.0461372871466,1397.4710036234983,1367.9982163828192,1375.3302001953125,167016
2015-10-20,1383.2891084551563,1383.2891084551563,1353.7198748060562,1360.810791015625,199443
2015-10-21,1355.456391260468,1368.9627182908214,1331.337950134837,1334.32861328125,227192
2015-10-23,1360.6661342645161,1371.6158840781764,1336.1617720754523,1356.4212646484375,329820
2015-10-26,1351.7421550972451,1384.2055999304002,1351.7421550972451,1370.3133544921875,206156
2015-10-27,1369.9276746549776,1369.9276746549776,1319.7613091042322,1330.7110595703125,257255
2015-10-28,1323.6200885959804,1327.5273232816223,1287.3941418345619,1296.945068359375,345836
2015-10-29,1283.5835534494984,1289.8060647195255,1255.654443192163,1272.537353515625,309069
2015-10-30,1273.4536985514665,1296.6074021614932,1259.4650026204085,1266.4593505859375,166319
2015-11-02,1270.0772612052676,1302.1547917294417,1255.172109917664,1294.4368896484375,246234
2015-11-03,1297.572148669239,1311.6091286849658,1291.8801729397549,1300.94873046875,195631
2015-11-04,1309.149132644887,1321.6907234513596,1309.0043984285676,1317.92822265625,280779
2015-11-05,1325.5495939299321,1325.5495939299321,1285.8024479722815,1296.752197265625,203743
2015-11-06,1288.8896902850677,1311.0786595040472,1287.9249524929382,1298.392333984375,135338
2015-11-09,1288.8896383542028,1288.8896383542028,1255.461451650606,1277.45751953125,239119
2015-11-10,1287.6837059980596,1287.6837059980596,1224.4933836583907,1228.0628662109375,487049
2015-11-13,1225.120811453025,1225.120811453025,1196.4680221537478,1204.957763671875,139225
2015-11-16,1201.0987287076928,1241.4729877219236,1170.2271147971335,1234.4786376953125,285736
2015-11-17,1245.4765771607535,1283.1013536977555,1239.6881500012148,1274.75634765625,271560
2015-11-18,1278.2776001857694,1297.8135408678538,1251.7473103705931,1257.7286376953125,181288
2015-11-19,1260.9121323200782,1274.4667436644334,1244.6080421745564,1272.681884765625,148355
2015-11-20,1280.206990631651,1292.603847130945,1271.234882475674,1284.7412109375,136181
2015-11-23,1285.0308786999722,1310.0176137834208,1285.0308786999722,1301.672607421875,229252
2015-11-24,1307.219696712177,1312.0433856299342,1273.5986085085785,1281.8470458984375,158839
2015-11-26,1278.66347235459,1299.501784771024,1260.140436388772,1291.301513671875,185307
2015-11-27,1287.9248130096914,1301.4311406367594,1282.9082241402557,1285.320068359375,88153
2015-11-30,1283.101332957463,1287.732121716582,1259.079337080503,1278.325927734375,373088
2015-12-01,1264.7711387140257,1301.3828877283613,1264.7711387140257,1293.1826171875,201618
2015-12-02,1299.5018153241233,1338.0913272862354,1299.5018153241233,1330.7110595703125,250437
2015-12-03,1339.0560879275858,1344.4585961412713,1299.3571032661887,1312.6705322265625,228062
2015-12-04,1302.347854519966,1326.514585529963,1301.5761348751705,1314.1658935546875,189838
2015-12-07,1321.9801805856732,1340.6478324195195,1317.6870269560302,1322.26953125,135849
2015-12-08,1314.9375958246935,1323.1861509605985,1292.748626856265,1299.791259765625,150588
2015-12-09,1302.3960743456503,1329.119265209218,1297.9583038677165,1313.3458251953125,205079
2015-12-10,1326.5145876449133,1353.7201488088162,1298.3924548336702,1344.4105224609375,281558
2015-12-11,1350.6326682829579,1365.1037325859895,1316.9633017847395,1332.4473876953125,338710
2015-12-14,1330.3734955589791,1360.1839186863135,1315.9024278045306,1350.6812744140625,142947
2015-12-15,1362.2096043783783,1365.1038174188423,1326.514310212656,1342.963134765625,163136
2015-12-16,1345.8092637702093,1355.4566420051212,1324.6333156509168,1329.2158203125,106199
2015-12-17,1340.9855332384843,1381.504520573748,1340.8407990162611,1374.220703125,232468
2015-12-18,1374.2688956761074,1402.101555619083,1361.7755891853863,1394.914306640625,334044
2015-12-21,1394.9145374818745,1406.0571894420973,1382.1317604505755,1398.8216552734375,157640
2015-12-22,1398.8697642070915,1410.880702317568,1382.4692221439739,1398.339111328125,153141
2015-12-23,1408.5170559483738,1408.6135061661626,1373.1112291140873,1379.333740234375,195097
2015-12-24,1388.0163748043337,1394.0459854681233,1377.9830791066213,1386.183349609375,63405
2015-12-28,1396.940171369846,1400.7991221194864,1386.9068758676144,1391.4893798828125,75240
2015-12-29,1395.9757004942933,1419.2741436514289,1392.357933475044,1408.37255859375,144460
2015-12-30,1418.1160695767396,1418.1160695767396,1404.658026389027,1410.5911865234375,144226
2015-12-31,1411.0734477310525,1418.5501639908405,1397.6152878039436,1414.7393798828125,223953
2016-01-01,1407.069996517052,1427.8118579672519,1397.904987969289,1409.2889404296875,107024
2016-01-04,1399.255654954525,1418.1644912851593,1394.04604755582,1398.9661865234375,121226
2016-01-05,1399.8344963471177,1444.887702844786,1381.8903974798473,1416.7174072265625,667535
2016-01-06,1403.6931271313656,1427.8115657418703,1394.1422018884432,1404.03076171875,233987
2016-01-07,1380.5395940359172,1398.8696096101187,1331.5308737101418,1347.40087890625,184861
2016-01-08,1350.681141039853,1368.0464206304412,1337.6571813469116,1355.0224609375,168754
2016-01-11,1355.4566004756155,1359.4120018775711,1307.2197107789743,1312.8634033203125,189400
2016-01-12,1312.3809507194005,1324.9708252335763,1303.3606764746125,1313.442138671875,117095
2016-01-13,1316.2883801095318,1346.6293391697818,1283.8732110650085,1317.204833984375,165141
2016-01-14,1307.6055652330672,1345.519688013154,1290.91555511134,1328.2509765625,114952
2016-01-15,1329.9873953261108,1349.1856994796678,1311.0785595944715,1316.1434326171875,121314
2016-01-18,1308.5221653011165,1333.5088992839885,1295.6912224967264,1302.4925537109375,170876
2016-01-19,1317.4456198756836,1369.9273679473954,1301.4792835355058,1358.8328857421875,150741
2016-01-20,1359.3152069447794,1384.3983832262302,1297.6684539922046,1311.3677978515625,477896
2016-01-21,1330.37318104879,1336.5956916058146,1311.1748788133405,1319.6163330078125,189511
2016-01-22,1328.443973675681,1361.2450594454508,1322.7038307723099,1352.7071533203125,159715
2016-01-25,1357.3862327602847,1378.5140164395757,1351.549521326863,1370.989013671875,113996
2016-01-27,1395.0106274834995,1395.0106274834995,1338.8629439400788,1342.914794921875,228839
2016-01-28,1349.6680643667887,1374.4136103295396,1331.772132632861,1359.653076171875,186359
2016-01-29,1369.8312821552734,1433.3592453469084,1366.0687810272402,1421.058837890625,318543
2016-02-01,1429.7411457680323,1454.0524865654513,1418.1642943852953,1445.5628662109375,216940
2016-02-02,1453.763325097553,1471.225054652059,1374.3653619270447,1383.723388671875,282208
2016-02-03,1369.879148912002,1445.0322337488935,1360.3283405995146,1432.2012939453125,290952
2016-02-04,1456.7541760762267,1456.7541760762267,1362.2098653110147,1371.8089599609375,239809
2016-02-05,1383.4340372572071,1409.433674463338,1365.2004688615264,1404.6099853515625,127527
2016-02-08,1396.940387176873,1419.1293574151796,1382.4693196301512,1402.3428955078125,104129
2016-02-09,1384.398164080129,1402.5352742419916,1370.0235533180542,1384.591064453125,94810
2016-02-10,1374.7511140708687,1405.2367994332403,1371.5674328056384,1395.975341796875,214115
2016-02-11,1379.574970885185,1408.420652920497,1363.9944328006916,1372.62890625,92229
2016-02-12,1374.8477362548015,1382.46918799019,1292.7485777437923,1355.118896484375,362415
2016-02-15,1374.7514399624206,1419.3222816464408,1336.1619258582125,1393.6602783203125,295431
2016-02-16,1390.669502803023,1403.693462766839,1363.1744762127448,1373.9794921875,127262
2016-02-17,1369.9758935022567,1383.0480193982721,1321.6907218495205,1371.6641845703125,178587
2016-02-18,1379.5750879245154,1401.7157738726291,1369.9277096872809,1379.4786376953125,163690
2016-02-19,1375.2336870327952,1388.6917317778145,1365.1039404780113,1378.32080078125,116095
2016-02-22,1375.7161395487392,1398.7733971378236,1357.3861208590995,1377.7420654296875,91313
2016-02-23,1374.7511774296345,1394.9623844756895,1369.9757730775261,1386.5692138671875,108844
2016-02-24,1386.5692655357834,1408.517048309093,1374.654778440582,1387.919921875,175968
2016-02-25,1382.4692071352538,1406.2017324275341,1382.4692071352538,1393.756591796875,151914
2016-02-26,1398.8696958145022,1403.693384420759,1375.7642744968657,1383.0479736328125,81389
2016-02-29,1389.1256612295238,1431.1881960503372,1366.6472285701311,1412.2310791015625,251871
2016-03-01,1426.847093964955,1446.14184844724,1423.181043506987,1444.4052734375,255374
2016-03-02,1456.7539353078269,1490.423304783009,1437.700365624165,1445.0323486328125,370595
2016-03-03,1436.494142795263,1447.443889907465,1368.2872484001593,1378.4169921875,462370
2016-03-04,1384.3987030645874,1386.328178608928,1331.338125595213,1360.376708984375,345879
2016-03-08,1360.2801171347858,1363.1260461600482,1342.5289204218468,1358.39892578125,185424
2016-03-09,1355.649483792881,1355.649483792881,1328.2991912337575,1344.94091796875,431486
2016-03-10,1350.536353982594,1374.751247133319,1341.0337110204885,1354.5400390625,296303
2016-03-11,1354.4920382514576,1373.6903463923816,1351.5978244945102,1364.9112548828125,198719
2016-03-14,1374.7510855268804,1376.0534577389521,1349.2819892313235,1358.6400146484375,117752
2016-03-15,1358.639904101426,1359.218723063493,1302.3956592653462,1306.447509765625,190320
2016-03-16,1307.7022584354177,1319.7614825080423,1277.3130137724036,1312.0435791015625,284410
2016-03-17,1326.4178408576317,1342.336012350485,1319.0375741577798,1334.1357421875,206801
2016-03-18,1330.662798405386,1351.1634751726626,1307.074890241888,1347.1597900390625,256494
2016-03-21,1350.632878752902,1365.1039453109688,1330.9522046807629,1351.8870849609375,399776
2016-03-22,1358.2815412310702,1376.787243367131,1337.5473536019172,1346.6549072265625,287944
2016-03-23,1339.0006210710112,1367.389031764405,1339.0006210710112,1348.8348388671875,188225
2016-03-28,1354.890684345957,1362.6417750821786,1324.5161211778411,1332.2672119140625,128023
2016-03-29,1317.6853565387312,1325.2910902731255,1287.0685733794876,1295.255615234375,229900
2016-03-30,1299.4701061410265,1307.947860273659,1264.396473495488,1279.7532958984375,285966
2016-03-31,1274.0854309413382,1305.0897912380094,1251.8010469781057,1287.9405517578125,490746
2016-04-01,1295.4008610212768,1310.9030403603497,1282.8053403082802,1306.97900390625,192858
2016-04-04,1313.8099899637984,1322.3846111553473,1298.7922504030028,1312.2113037109375,145809
2016-04-05,1310.6122915646342,1325.436297463583,1298.7919274487815,1305.3319091796875,124200
2016-04-06,1300.245291518812,1314.1972765725682,1293.7053096128866,1307.1728515625,71835
2016-04-07,1307.996457122093,1329.4088199138641,1304.5084902242172,1312.3564453125,108498
2016-04-08,1308.3838402475121,1337.0628457482455,1301.214059304271,1328.0037841796875,413123
2016-04-11,1315.7474482667396,1339.3882949975562,1304.2176789316036,1310.80615234375,220906
2016-04-12,1307.9966843558923,1316.2322190351701,1303.7335603968709,1307.27001953125,153608
2016-04-13,1308.0931678083277,1320.5918228010976,1298.9372409972875,1306.1553955078125,189753
2016-04-18,1308.7233576729714,1323.4988758699085,1295.4011691347494,1318.9935302734375,274622
2016-04-20,1325.921069534556,1348.156965627781,1321.3188590264892,1343.26416015625,309626
2016-04-21,1357.8455734336085,1357.8455734336085,1323.6923334812923,1333.4296875,311154
2016-04-22,1327.3740957508999,1346.7518197764605,1313.8096889330075,1316.0865478515625,193174
2016-04-25,1313.8099207332896,1326.405443572178,1278.9785029608067,1283.9197998046875,235523
2016-04-26,1277.9609307813807,1288.4733226682345,1264.5418802195127,1284.7916259765625,239769
2016-04-27,1288.521977343009,1297.338819451822,1269.2896069973724,1275.82958984375,231338
2016-04-28,1283.7741236785166,1283.7741236785166,1254.7075397461729,1272.2928466796875,409825
2016-04-29,1273.2136220321333,1283.047842858582,1255.8705314438164,1271.3243408203125,181374
2016-05-02,1262.4589655785182,1274.4246888349592,1252.8185933114405,1265.8985595703125,138461
2016-05-03,1273.1167418584573,1282.8056059517485,1249.9119596639318,1253.739013671875,271266
2016-05-04,1245.0189483876097,1269.2411069165514,1240.1745166818214,1265.995361328125,214814
2016-05-05,1271.178488769963,1272.68030944592,1252.1398543652672,1261.2958984375,115007
2016-05-06,1256.3062845718218,1295.3523265263595,1248.3129736146875,1291.1376953125,214154
2016-05-09,1300.342120798984,1303.1519143803487,1286.6808492915263,1294.9163818359375,240658
2016-05-10,1301.2142181044628,1303.1519905811635,1255.6765649019983,1260.52099609375,395379
2016-05-11,1253.6904530268055,1281.7397839961268,1249.8633992295415,1279.220703125,270580
2016-05-12,1283.7742030518687,1287.2621696849578,1269.3377751517808,1281.4488525390625,149049
2016-05-13,1290.5565487439176,1290.5565487439176,1270.64588801408,1282.3695068359375,110336
2016-05-16,1288.6185484564694,1304.4598129728977,1284.4522908029428,1302.03759765625,259988
2016-05-17,1305.0900019841042,1321.561071051461,1291.3802355471155,1296.515380859375,215961
2016-05-18,1293.4632797181187,1316.135244005832,1286.6810752551771,1314.6334228515625,149865
2016-05-19,1316.7166087333223,1322.4330621092813,1270.2100618464942,1279.89892578125,102928
2016-05-20,1276.5564391070563,1301.2145529087395,1271.7120066688258,1287.8438720703125,175391
2016-05-23,1293.4632851470365,1320.882816328346,1293.3179285391973,1316.3289794921875,192837
2016-05-24,1327.3255413914821,1327.3255413914821,1299.2763344992188,1318.2664794921875,152475
2016-05-25,1325.3395080110192,1327.2772804861365,1281.3520491714041,1298.210693359375,362778
2016-05-26,1307.0276939703942,1314.5850548545163,1295.7401442709051,1304.024169921875,168898
2016-05-27,1297.8232993229,1315.1663890899915,1294.4321970103729,1306.2525634765625,112823
2016-05-30,1306.7854766478858,1362.641798896407,1306.2525418415535,1355.5205078125,338648
2016-05-31,1361.2851134934729,1361.2851134934729,1304.3630491392084,1326.5020751953125,519143
2016-06-01,1333.1874266666966,1373.8806475387905,1326.5020881546898,1369.47216796875,281108
2016-06-02,1366.1297622904133,1370.0053077153505,1347.866278129848,1357.79736328125,149565
2016-06-03,1359.589475797115,1365.1120794855804,1317.7820152065233,1323.98291015625,223031
2016-06-06,1322.5295437101045,1322.5295437101045,1300.9233360900507,1311.9202880859375,112677
2016-06-07,1312.8408664066105,1320.3012432093951,1300.6812966819164,1307.6573486328125,156744
2016-06-08,1310.9032105711021,1335.6098121007126,1306.0587788986295,1318.4605712890625,270174
2016-06-09,1324.4673797859552,1351.0148842056806,1310.5638870542075,1345.346923828125,216724
2016-06-10,1345.6860212903205,1345.6860212903205,1298.7434155257267,1313.1314697265625,301458
2016-06-13,1309.2073335916,1311.3388356880012,1272.2443054771954,1277.6700439453125,219740
2016-06-14,1278.9299100729327,1286.681000437011,1268.6112473713029,1284.4525146484375,164119
2016-06-15,1290.5565636460967,1295.6917083929297,1274.0854963923553,1281.206787109375,239179
2016-06-16,1278.9297394597893,1285.324364502641,1262.507166250621,1266.91552734375,263697
2016-06-17,1277.9610652295435,1279.1236815129648,1249.8633617483783,1254.6593017578125,335605
2016-06-20,1240.1744899770047,1264.396647984368,1240.1744899770047,1259.6007080078125,120646
2016-06-21,1268.2719965164388,1276.8466154663997,1262.458679496501,1266.5279541015625,114652
2016-06-22,1270.9850911232998,1270.9850911232998,1251.0744304202944,1265.70458984375,101446
2016-06-23,1264.39669386262,1267.2064879478778,1252.8185492238933,1262.5557861328125,119245
2016-06-24,1248.7977584396644,1269.1927470753621,1228.402651531696,1265.4141845703125,139827
2016-06-27,1251.1229109003718,1272.196187662638,1251.1229109003718,1262.3134765625,174336
2016-06-28,1263.7183860514883,1284.694678793789,1262.7010081777807,1278.1063232421875,231423
2016-06-29,1283.7739930752905,1284.5006575996726,1269.4344324852593,1274.7633056640625,129610
2016-06-30,1275.0541452127281,1283.6772554115464,1266.5763915876435,1274.5697021484375,239072
2016-07-01,1275.0543374225992,1297.3387217392558,1273.6494996332756,1288.473388671875,194781
2016-07-04,1293.462954408669,1306.058473814896,1288.6670154821134,1301.698486328125,113802
2016-07-05,1301.1657716664497,1307.9964671929129,1289.1516765115148,1303.4427490234375,99081
2016-07-07,1271.2755177990027,1321.9483117110647,1271.2755177990027,1315.020751953125,142705
2016-07-08,1324.4674824525034,1346.0252011683542,1320.8826506940466,1327.56787109375,232027
2016-07-11,1332.2185978714529,1337.111520757989,1314.681780346649,1319.5745849609375,143710
2016-07-12,1320.9794569620162,1339.0007164669644,1316.231890969878,1335.8033447265625,135544
2016-07-13,1339.000878130479,1352.5652864472856,1332.2186739720757,1347.67236328125,188248
2016-07-14,1346.7518603076835,1346.7518603076835,1325.4363632380655,1328.1492919921875,120880
2016-07-15,1333.8657140578546,1340.841766340187,1325.9693853770884,1336.5301513671875,158804
2016-07-18,1333.187518545419,1339.9697224915074,1316.8133167925548,1319.3323974609375,90889
2016-07-19,1325.4365380445035,1325.4365380445035,1290.0721859694856,1299.6641845703125,252487
2016-07-20,1300.2454511882597,1301.3596941190647,1285.760647904566,1291.96142578125,218106
2016-07-21,1292.2039301045077,1307.9968280033877,1286.6813241396287,1291.5257568359375,236119
2016-07-22,1298.4529324358452,1302.1346292248897,1288.231135182803,1292.68798828125,76202
2016-07-25,1293.463273702231,1312.7441356687984,1279.9957298197182,1310.854736328125,125998
2016-07-26,1310.9029259938595,1319.0899664341523,1305.3318307799166,1312.8406982421875,80600
2016-07-27,1312.8410946013007,1329.7966068931994,1299.2766847677817,1314.875732421875,179374
2016-07-28,1314.8755872948295,1320.398310223705,1299.2765413624531,1306.01025390625,374325
2016-07-29,1306.7368752895238,1322.5297689232957,1300.3907411345976,1319.5262451171875,107074
2016-08-01,1321.0764547549347,1336.0941922310635,1320.5920116105435,1330.8621826171875,126523
2016-08-02,1332.1215251542565,1345.685930580831,1313.8095541739349,1319.138427734375,147724
2016-08-03,1317.6853383912694,1325.4364286171005,1294.9650024757027,1298.5013427734375,82995
2016-08-04,1299.276665691422,1322.578430979358,1295.4011200816042,1316.232177734375,151809
2016-08-05,1325.4365708316047,1325.4365708316047,1300.7299680858403,1320.0592041015625,133991
2016-08-08,1320.058905460964,1366.1294898201775,1317.6851816705257,1361.6241455078125,221666
2016-08-09,1363.1260087845628,1398.102776702506,1340.9384913071851,1358.717529296875,268271
2016-08-10,1362.738682818438,1366.8079582737262,1330.8622975111407,1337.4991455078125,122331
2016-08-11,1339.9695796707751,1348.68955524347,1323.4016497371026,1339.6304931640625,131800
2016-08-12,1341.2292879396123,1378.7251386386656,1336.287873429293,1371.6522216796875,316873
2016-08-16,1380.2751983532696,1388.3653741258647,1356.4406224981074,1368.260986328125,221890
2016-08-17,1370.8769563198223,1378.5795534484814,1359.734766252926,1368.60009765625,141459
2016-08-18,1369.0362287420187,1373.3477251117497,1351.7900067186074,1356.198486328125,109024
2016-08-19,1351.5963126763386,1361.9633481958533,1343.8937143323506,1349.51318359375,82979
2016-08-22,1353.0981933338853,1361.091505212949,1327.3742150687258,1331.0560302734375,156224
2016-08-23,1332.2187471289042,1332.2187471289042,1306.155680348803,1311.7752685546875,172803
2016-08-24,1303.1521873774645,1322.5299150708097,1303.1521873774645,1315.69921875,165437
2016-08-25,1315.6991636873126,1322.3845031161845,1306.0587918722335,1313.325439453125,165854
2016-08-26,1313.3254283476158,1320.9796540558823,1302.1347438587682,1309.934326171875,100278
2016-08-29,1305.9620094333943,1314.7303604385036,1286.778011298445,1299.5673828125,116272
2016-08-30,1297.53264208856,1307.5122194906523,1295.1104260465247,1300.48779296875,140266
2016-08-31,1307.99636759537,1326.405205361527,1304.0723311836873,1307.9478759765625,374014
2016-09-01,1309.9343186655205,1330.2809316033724,1303.8787791006837,1314.488037109375,409739
2016-09-02,1315.7474210009436,1335.1251444324746,1305.0896731136017,1331.4918212890625,212780
2016-09-06,1331.9277985111494,1364.19175595739,1329.3118531062066,1361.188232421875,244571
2016-09-07,1366.1296533460254,1370.9255931180207,1329.3119747452106,1333.9141845703125,257776
2016-09-08,1333.9142722272557,1342.3920277253405,1315.7476533027877,1321.8516845703125,202360
2016-09-09,1320.7372314324498,1323.2563118679573,1306.1554469874654,1310.9998779296875,129028
2016-09-12,1303.1522219968117,1307.8997890622572,1266.43140338795,1272.099365234375,206870
2016-09-14,1264.3965723561523,1273.116548717229,1246.6659064463963,1254.2232666015625,212815
2016-09-15,1258.0987893286363,1259.5036270752064,1233.3921900772843,1239.108642578125,278462
2016-09-16,1244.5344905904406,1278.7845986933828,1233.6345193805205,1264.881103515625,339922
2016-09-19,1261.489984648385,1272.6321772931287,1249.863348845174,1259.79443359375,139657
2016-09-20,1255.676646288525,1270.2099408057534,1249.8633284816337,1256.984619140625,163986
2016-09-21,1259.3581966155375,1276.8950113227245,1258.1954623354068,1271.033203125,250010
2016-09-22,1277.6702641541397,1303.1520201090373,1277.6702641541397,1300.245361328125,341784
2016-09-23,1302.909439368904,1305.7192324036557,1282.8050550098003,1297.58056640625,239458
2016-09-26,1299.2765760305558,1301.1174837226345,1285.7121673322501,1295.3525390625,158922
2016-09-27,1308.9652042292057,1319.1385089252876,1294.2865552275546,1315.60205078125,151778
2016-09-28,1319.18707461426,1328.1007804919584,1305.0897328635185,1316.813232421875,210283
2016-09-29,1312.9375864098486,1324.3704901859835,1286.2448441806043,1294.431884765625,290220
2016-09-30,1279.0268918544714,1289.587777094446,1249.8634353507402,1272.535400390625,259945
2016-10-03,1291.6222358715797,1307.996437146605,1270.8396731235937,1301.2142333984375,145959
2016-10-04,1302.1830728150323,1321.027862385787,1293.6084534676854,1314.9239501953125,120626
2016-10-05,1319.526197216299,1321.0763915497334,1283.2898280950656,1301.9893798828125,250901
2016-10-06,1303.1517883298827,1306.4943980245146,1291.0407122301626,1297.193115234375,110326
2016-10-07,1298.3075389335017,1298.3075389335017,1274.0853833563842,1278.542236328125,180271
2016-10-10,1278.8813149332545,1307.9963930655745,1278.7844499659948,1302.2315673828125,67070
2016-10-13,1305.525619159655,1308.0448178130812,1287.6497166772072,1304.605224609375,228691
2016-10-14,1306.009868567472,1314.7783343923888,1279.5108594690555,1286.147705078125,222752
2016-10-17,1292.7852190126657,1309.450018404878,1281.5460417359548,1307.0762939453125,158014
2016-10-18,1307.027452112769,1339.4851390258734,1296.3697041711528,1335.2705078125,191501
2016-10-19,1346.751813663399,1350.0460503872396,1317.6852277569947,1322.723388671875,147752
2016-10-20,1327.1804323612707,1333.0906148309411,1308.0449289266203,1311.6297607421875,99224
2016-10-21,1311.8721151462069,1335.1253874973952,1311.8721151462069,1327.5196533203125,113541
2016-10-24,1327.3741324568498,1329.7963480270264,1278.493869559581,1282.3209228515625,327825
2016-10-25,1288.618789786217,1290.0721192483818,1277.040645713205,1279.3175048828125,122050
2016-10-26,1280.722496928691,1291.6709608375074,1271.9056541177315,1287.4078369140625,81388
2016-10-27,1286.4387029980912,1292.6879719266906,1273.7463169298705,1289.6844482421875,58572
2016-10-28,1291.0892189160656,1300.7295882950968,1287.165182905055,1298.307373046875,61241
2016-11-01,1303.1035899309552,1309.0622643672382,1290.5565595772998,1296.1761474609375,87648
2016-11-02,1279.898746034368,1283.7742910639952,1259.5521346288253,1260.860107421875,132149
2016-11-03,1259.4551504741962,1259.4551504741962,1236.7831905418952,1239.641357421875,229850
2016-11-04,1245.0187895801553,1254.7076517558764,1215.9522030529922,1245.60009765625,126910
2016-11-07,1259.5521886670938,1272.583662079402,1230.5340913217033,1240.7073974609375,96398
2016-11-08,1244.9702991822123,1255.6765392057887,1232.810848103095,1239.350830078125,317694
2016-11-09,1176.2278640185198,1270.2098267942995,1163.6323432341371,1256.4031982421875,164165
2016-11-10,1276.9920092971022,1289.5875298743877,1251.800968142531,1264.2027587890625,124982
2016-11-11,1258.5832663710682,1258.5832663710682,1220.7967017917983,1226.3677978515625,202269
2016-11-15,1220.7968152020453,1220.7968152020453,1136.7944149887137,1152.538818359375,410902
2016-11-16,1175.2590992137216,1177.1968718422686,1129.7214424428685,1135.583251953125,302184
2016-11-17,1138.4414036388703,1162.6635611631016,1124.3925522748161,1132.3858642578125,181797
2016-11-18,1140.3790914601293,1169.2034567710373,1124.8769117971199,1159.0301513671875,160168
2016-11-21,1158.7878844220245,1167.5078601409193,1106.8071166210534,1111.9422607421875,280192
2016-11-22,1114.2190788258754,1150.988261118235,1114.2190788258754,1141.92919921875,263843
2016-11-23,1150.0677319759004,1157.818820312722,1129.3820386314521,1153.3134765625,212501
2016-11-24,1144.3516215465838,1258.5833435916898,1136.0192227569332,1194.249267578125,335857
2016-11-25,1181.0723752701876,1185.868315047085,1155.8813319912501,1165.37646484375,135157
2016-11-28,1170.414598498363,1206.2148983869095,1164.6012809561526,1198.366943359375,173989
2016-11-29,1204.3256312378844,1205.294517505976,1180.8301392366625,1187.1763916015625,269253
2016-11-30,1182.041308028331,1196.3323812196572,1151.9573405437898,1158.10986328125,513631
2016-12-01,1155.8813878359638,1183.1070699637344,1152.9747288556555,1169.6395263671875,177639
2016-12-02,1172.304004489181,1189.7439589768585,1157.867692336634,1160.6773681640625,186602
2016-12-05,1172.3523923143662,1174.726116378334,1153.0715317945806,1161.5977783203125,269574
2016-12-06,1166.5388660650144,1188.823246396821,1160.725549456717,1180.103271484375,127886
2016-12-07,1183.107076712999,1193.667961389484,1180.1035527373308,1188.0,116776
2016-12-08,1192.699010862473,1198.1732419997606,1181.0723755006943,1186.013671875,116515
2016-12-09,1186.8858010332583,1192.3115410406724,1177.196937351354,1186.982666015625,72551
2016-12-12,1185.9167736254076,1198.415429943066,1177.681240475231,1188.3389892578125,49462
2016-12-13,1201.3221726265929,1203.3568102455035,1184.8026135506327,1199.1905517578125,71030
2016-12-14,1196.574542364512,1213.04560893957,1191.6816193965506,1199.481201171875,111709
2016-12-15,1191.7299623442595,1198.8028785353592,1166.5389224898279,1169.978515625,122873
2016-12-16,1172.3523030512408,1187.3700391647071,1155.0092164012412,1178.020263671875,206152
2016-12-19,1175.2591590768357,1175.3560240587458,1153.9436590770908,1158.4005126953125,163836
2016-12-20,1153.9920112895704,1164.601268380645,1139.943160714263,1143.092041015625,225371
2016-12-21,1143.2854932748812,1156.5591843201175,1127.7833170948827,1143.14013671875,182246
2016-12-22,1148.130187303635,1148.130187303635,1119.0636002832898,1123.2298583984375,143555
2016-12-23,1123.9084240652098,1123.9084240652098,1096.9249566763774,1101.042724609375,210102
2016-12-26,1099.6859188316982,1101.3814698078704,1077.0139564101453,1090.9659423828125,129792
2016-12-27,1089.5123407515127,1109.3745043668139,1083.1177166078598,1105.5958251953125,122414
2016-12-28,1111.1189000382053,1127.5414761629972,1109.4233489462308,1119.063720703125,150297
2016-12-29,1119.0638002160997,1127.783777880121,1106.9527201271808,1124.0535888671875,173151
2016-12-30,1133.5969668543778,1148.1302613012288,1133.1610153298734,1143.18896484375,108026
2017-01-02,1143.285756841101,1153.8950138011944,1134.565780729601,1152.199462890625,65245
2017-01-03,1152.9747233582507,1173.0791145428589,1141.7356656757645,1167.9439697265625,118476
2017-01-04,1172.3522913666857,1191.1487071306492,1169.833210923982,1182.9615478515625,167158
2017-01-05,1185.9168338424104,1192.6021729817571,1165.570221497075,1169.68798828125,122753
2017-01-06,1172.3521791259664,1181.3628671504541,1151.5696196230795,1159.272216796875,138714
2017-01-09,1158.8848415330474,1169.3972338866943,1144.3515475126374,1153.65283203125,95226
2017-01-10,1161.2585979878609,1168.912704321521,1136.4550167425755,1159.659912109375,106111
2017-01-11,1162.7603896155788,1168.9127937790313,1154.9124344786887,1161.9853515625,102818
2017-01-12,1163.6324969998639,1178.650235304192,1155.6391846765925,1168.4769287109375,129905
2017-01-13,1168.4767031681636,1168.4767031681636,1148.1300939090165,1150.4554443359375,134476
2017-01-16,1150.455596315804,1153.9920549039027,1136.794323377257,1139.9915771484375,133225
2017-01-17,1135.5346756152126,1146.2892892468801,1124.1502622718006,1130.787109375,175754
2017-01-18,1130.787185702375,1142.9951295210592,1123.9081165743448,1138.0538330078125,129619
2017-01-19,1148.1299233311306,1158.400091395936,1135.6312701315633,1143.14013671875,177150
2017-01-20,1145.0298622360488,1145.1751005614178,1114.2192309749705,1118.77294921875,129650
2017-01-23,1121.7764306936044,1121.7764306936044,1102.1564861750862,1113.1533203125,423831
2017-01-24,1119.8387255527018,1139.84613111291,1110.3435934135669,1137.8599853515625,112195
2017-01-25,1143.2858709242666,1188.581306912156,1137.3756879578384,1183.833740234375,394691
2017-01-27,1186.8854244556578,1201.4187153673597,1183.9787662733174,1194.2005615234375,251629
2017-01-30,1182.5257885357303,1211.1079358211086,1182.5257885357303,1201.031494140625,197401
2017-01-31,1201.4190582708204,1206.9416630846138,1183.979104199147,1191.7786865234375,136631
2017-02-01,1193.183297613794,1205.294374528266,1187.8544237714261,1196.8651123046875,113915
2017-02-02,1196.8652426620906,1197.4465507628518,1181.5083008441397,1191.923828125,87560
2017-02-03,1191.9238526230668,1231.9389032380882,1191.6332577028377,1225.7864990234375,224355
2017-02-06,1240.9494413749446,1244.9218509775797,1216.3880825944648,1227.5302734375,154621
2017-02-07,1230.0978344340076,1231.260568779285,1204.3254864555365,1217.889892578125,58065
2017-02-08,1212.076870528639,1235.3301438241524,1187.1765376835988,1197.7373046875,219476
2017-02-09,1197.1561147006937,1206.0214496743054,1189.792601084593,1202.097412109375,184922
2017-02-10,1203.841238348558,1226.1256234447485,1182.0412964066325,1187.8546142578125,127799
2017-02-13,1183.0099145954205,1196.4289632727903,1171.1895516192467,1178.989013671875,162416
2017-02-14,1173.32105810134,1215.9520461743862,1152.683737020724,1208.1524658203125,506834
2017-02-15,1220.7966663980644,1222.2984873838811,1184.5602972489423,1193.2802734375,129756
2017-02-16,1191.7300760765124,1219.7309120875561,1182.3319268504986,1216.38818359375,148914
2017-02-17,1220.7967339916047,1242.112232521617,1205.2945532425051,1232.3748779296875,241550
2017-02-20,1240.1744620011757,1254.4170432793192,1212.0767593464616,1238.624267578125,68660
2017-02-21,1237.2190515366842,1253.0604338056085,1228.5475682964798,1243.952880859375,201985
2017-02-22,1253.7390381094656,1289.8785491907713,1252.2372168368256,1284.9371337890625,517355
2017-02-23,1289.4907637781307,1302.1346586714296,1274.0854483902924,1282.4178466796875,321408
2017-02-27,1278.929920003142,1290.556555639534,1245.018899396998,1252.8184814453125,274556
2017-02-28,1266.3343969685411,1269.2410558751255,1237.1224513029188,1261.15087890625,214423
2017-03-01,1278.6877175083825,1297.0965575407065,1265.51088724496,1284.597900390625,217624
2017-03-02,1295.4006526747314,1296.3210471160596,1271.4692144779617,1279.4625244140625,128015
2017-03-03,1245.503302626735,1248.7975396059076,1203.3567497957251,1207.619873046875,11491327
2017-03-06,1216.824446540013,1224.0426028703278,1200.6924644166972,1211.73779296875,372468
2017-03-07,1206.2636076453027,1224.1880066344097,1204.422699770346,1220.9422607421875,182547
2017-03-08,1223.6063650361432,1223.6063650361432,1204.567728183382,1210.09033203125,154933
2017-03-09,1211.446917206742,1211.4954088288684,1183.9790152616279,1187.3701171875,215058
2017-03-10,1191.5362611457374,1197.2525949404023,1165.182486314805,1168.040771484375,277582
2017-03-14,1186.7888367125809,1186.7888367125809,1154.9124542128268,1162.7120361328125,528728
2017-03-15,1162.6636951384332,1182.3805099807025,1158.3521979112018,1175.162353515625,789166
2017-03-16,1178.1656006360938,1194.6366657765655,1178.1656006360938,1187.9029541015625,327363
2017-03-17,1189.211218030507,1194.6369583393139,1168.331668327267,1178.359619140625,257105
2017-03-20,1181.6538302919312,1187.0795704798031,1168.912950472018,1174.048095703125,162905
2017-03-21,1175.2105920398906,1180.0550235471615,1148.2271321988437,1157.3831787109375,276008
2017-03-22,1145.223794335195,1149.050848538658,1139.0228973442383,1146.6771240234375,360841
2017-03-23,1156.8502212035276,1160.5320363856051,1145.2720774375687,1148.323974609375,158252
2017-03-24,1143.2854823232658,1145.4654758276959,1139.4099383153903,1141.8321533203125,210816
2017-03-27,1143.2858538605,1149.4867499426691,1126.3303433159588,1128.9462890625,237568
2017-03-28,1123.9079828844388,1132.6279586137146,1115.3333637384321,1122.1639404296875,449855
2017-03-29,1124.876811336081,1133.596786617756,1110.4888757757637,1115.6239013671875,391444
2017-03-30,1115.1880735165882,1135.7284147033902,1114.1706956454022,1119.790283203125,709342
2017-03-31,1119.3057086767408,1137.3754587686003,1119.3057086767408,1128.897705078125,550326
2017-04-03,1133.5966421506023,1148.1299324345844,1133.5966421506023,1136.3095703125,466859
2017-04-05,1144.2545388928959,1145.2234250392912,1118.1431045564354,1123.7625732421875,570139
2017-04-06,1115.1881916687328,1122.261109350514,1102.5926690868966,1109.568603515625,344716
2017-04-07,1108.4058104251474,1146.0955071788421,1096.0040197828228,1125.942626953125,642531
2017-04-10,1135.3409883220845,1142.2200572441777,1115.3818363695239,1138.2960205078125,263634
2017-04-11,1149.9224925019644,1150.0193574615932,1134.7594007446842,1145.1749267578125,346748
2017-04-12,1149.0990997893923,1149.0990997893923,1126.0395595842135,1136.067626953125,300890
2017-04-13,1127.7838017566992,1148.130416736846,1127.7838017566992,1138.9744873046875,326016
2017-04-17,1140.3791490970818,1143.1889429574635,1129.7214000400998,1138.4898681640625,124892
2017-04-18,1134.0813106731287,1141.9777569520845,1123.4235623455725,1129.1400146484375,216089
2017-04-19,1133.5488258257528,1133.5488258257528,1113.0084772968507,1115.3822021484375,102906
2017-04-20,1123.8595987198398,1127.783635482093,1114.9458922087788,1123.3267822265625,342726
2017-04-21,1121.970112822636,1140.378948870676,1119.4025409825424,1131.2230224609375,281126
2017-04-24,1131.223029479267,1136.4065465336655,1123.9078920111642,1126.4754638671875,173546
2017-04-25,1127.2993469826288,1133.5971086976156,1127.2024819953133,1131.4171142578125,154925
2017-04-26,1133.596747438895,1186.8854834296123,1126.1363717090867,1179.52197265625,931424
2017-04-27,1206.2148091594927,1230.4854554117462,1196.7197955062732,1206.65087890625,1353125
2017-04-28,1204.3254236653977,1218.8587151818747,1187.9028515606701,1194.8787841796875,315690
2017-05-02,1196.574498267482,1203.356701901387,1177.4874867781054,1190.0830078125,530508
2017-05-03,1183.9788634327347,1197.543269396776,1177.9233250559307,1185.1414794921875,233195
2017-05-04,1196.574646658719,1212.3190499042285,1187.9031611031733,1204.8101806640625,283313
2017-05-05,1197.543374344021,1232.4232784511285,1197.543374344021,1226.0770263671875,597665
2017-05-08,1225.6413330948715,1232.6172680770967,1216.9698468613294,1227.3853759765625,202470
2017-05-09,1226.416043658568,1248.8941533376,1224.9627145429695,1239.2537841796875,361604
2017-05-10,1248.8944306986164,1268.3206481669488,1235.3300226072427,1264.009033203125,363003
2017-05-11,1264.2999415502195,1288.618967584771,1261.1994339731193,1279.6082763671875,538718
2017-05-12,1269.24122090457,1278.4456419721985,1253.4968164467841,1268.466064453125,144887
2017-05-15,1269.1442171054723,1273.3103573275826,1255.1922304113273,1265.65625,242767
2017-05-16,1256.9364344862086,1283.7745417481867,1256.6457212433195,1268.9990234375,283881
2017-05-17,1260.811883199943,1273.262049425764,1231.3092222090115,1240.3682861328125,344774
2017-05-18,1219.8278164193382,1231.8904031965546,1207.329159856382,1207.619873046875,7857139
2017-05-19,1212.07664089218,1231.0667868312462,1207.329074839353,1221.7655029296875,233895
2017-05-22,1221.765351160377,1233.2951192072162,1218.8586929101937,1221.8138427734375,145220
2017-05-23,1213.5300442163698,1224.1393014856494,1183.5430616901424,1193.813232421875,448902
2017-05-24,1188.8237332374993,1197.8344249792617,1173.079327642463,1180.4913330078125,321204
2017-05-25,1177.1967627591202,1192.4082291747643,1162.6149777716014,1167.7501220703125,556828
2017-05-26,1177.1968956526684,1194.588358036741,1159.0787685181929,1179.4737548828125,272742
2017-05-29,1187.854524556253,1197.7371168480674,1168.476799848973,1175.3074951171875,153830
2017-05-30,1181.072397352126,1206.6993926272803,1150.3587490120835,1170.0755615234375,524881
2017-05-31,1167.5080299205822,1177.6328447798703,1146.1925306191276,1173.418212890625,770125
2017-06-01,1165.570352618466,1236.0568390299318,1163.7294447828197,1214.353759765625,802199
2017-06-02,1225.5442327773374,1229.7103726600867,1205.3429782594314,1224.720703125,314510
2017-06-05,1225.6411796356033,1238.1882100154614,1221.135834648895,1231.406005859375,312837
2017-06-06,1239.2056303406637,1270.694436428288,1220.215481708425,1265.995361328125,614066
2017-06-07,1265.995434971852,1298.259281045855,1253.351420175331,1267.20654296875,717411
2017-06-08,1267.7877079474445,1293.3178379837966,1267.7877079474445,1285.2276611328125,384073
2017-06-09,1268.6597259202197,1315.7475757422596,1268.5143693229406,1310.418701171875,509041
2017-06-12,1310.4185832817864,1315.6989657539514,1293.8990262908533,1299.615478515625,424218
2017-06-13,1301.020279427175,1310.2246972147261,1280.7705366401171,1287.1651611328125,197245
2017-06-14,1297.1449253453743,1299.8093624641376,1272.2929700195514,1284.7916259765625,323787
2017-06-15,1278.9302017087218,1288.2799802468817,1254.756530432306,1260.715087890625,210713
2017-06-16,1275.248288122151,1275.248288122151,1241.7248408710325,1248.749267578125,292538
2017-06-19,1256.5971171536667,1256.5971171536667,1220.7968134645434,1224.8660888671875,210848
2017-06-20,1225.641308979362,1243.5657075691788,1220.9906069012056,1226.8524169921875,253281
2017-06-21,1232.95637253073,1244.9704686580803,1212.0768243703624,1234.16748046875,217518
2017-06-22,1244.0498950035167,1261.4898468026313,1239.7383986731882,1248.2645263671875,234540
2017-06-23,1244.825232633956,1248.2163348667063,1230.776380526847,1240.2230224609375,140512
2017-06-27,1249.766564320438,1249.766564320438,1226.271069622283,1239.7869873046875,296958
2017-06-28,1239.205511665756,1245.1156941263662,1222.2015106979563,1236.637939453125,194333
2017-06-29,1235.329870482427,1266.3342280161037,1235.329870482427,1239.06005859375,793401
2017-06-30,1240.3685236117751,1264.396957546867,1227.5792683615944,1234.8944091796875,205845
2017-07-03,1226.6102148241368,1252.6732833275394,1226.6102148241368,1241.967041015625,117759
2017-07-04,1243.0812025623832,1246.956748010746,1225.3990264542276,1233.0047607421875,78102
2017-07-05,1228.5478737745098,1242.0154174963634,1223.654950469896,1235.330078125,237722
2017-07-06,1235.3296315326743,1244.2918268986957,1214.983025836842,1219.7305908203125,199784
2017-07-07,1215.3709445603022,1228.0633308738586,1202.5815750032373,1208.782470703125,140507
2017-07-10,1203.3566833314126,1220.7966352637518,1201.5157758618836,1209.9935302734375,47879
2017-07-11,1212.076591873755,1218.6165734845847,1192.9410901235499,1195.896240234375,215421
2017-07-12,1195.9931822819892,1210.7202056237222,1187.8545143206127,1192.5535888671875,127282
2017-07-13,1199.6747623395443,1214.0143244140625,1192.6988294921875,1211.107666015625,186206
2017-07-14,1204.0832580967415,1219.5369448185402,1204.0832580967415,1214.1112060546875,307920
2017-07-17,1209.1700794858612,1219.6340986364662,1197.1074925883522,1200.401611328125,150672
2017-07-18,1210.5747935765733,1216.6788238360298,1196.7681654741139,1208.927734375,137562
2017-07-19,1215.8553835336202,1215.8553835336202,1204.810056585982,1211.253173828125,224099
2017-07-20,1215.9522706562564,1216.0491356289504,1192.4567785738545,1195.1212158203125,211523
2017-07-21,1207.2323860555118,1233.2469607683076,1191.7786961592906,1228.3056640625,383795
2017-07-24,1228.305864183709,1257.6146808995893,1228.305864183709,1251.849853515625,283684
2017-07-25,1259.5523906370574,1264.1061096635287,1245.0190938220144,1254.02978515625,126466
2017-07-26,1248.2645867715212,1271.1787704264166,1241.3370263727506,1252.5277099609375,249160
2017-07-27,1257.6141400646263,1278.8811423508191,1245.0186209422534,1257.42041015625,382696
2017-07-28,1253.5934272276459,1277.9609396092926,1206.360223432382,1234.02197265625,240157
2017-07-31,1243.0809038206166,1261.489740276261,1204.083237118528,1219.82763671875,230943
2017-08-01,1220.7967653582991,1242.6451992218283,1220.7967653582991,1228.3541259765625,119289
2017-08-02,1226.2222767576618,1245.0186915530653,1222.249867232834,1237.800537109375,103463
2017-08-03,1245.018957950725,1249.863389693724,1220.8936642161386,1228.1119384765625,230588
2017-08-04,1228.1118568962863,1238.9633359708646,1211.107855298988,1218.955810546875,94519
2017-08-07,1224.0907253057765,1238.1879471309674,1216.9209444942783,1228.5960693359375,83444
2017-08-08,1227.7725395083105,1240.6102815974268,1207.813507537416,1212.1251220703125,182983
2017-08-09,1219.924714587725,1219.924714587725,1172.3524209935927,1182.57421875,238162
2017-08-10,1174.2902590147282,1201.1283636651544,1161.8884663960978,1176.0343017578125,218907
2017-08-11,1165.2312355466536,1202.000426579168,1161.1618417629008,1179.376953125,179177
2017-08-14,1192.6991471217536,1206.0698266242257,1148.130373143199,1154.1859130859375,429844
2017-08-16,1137.5693293733934,1143.2372903158375,1118.0947392846697,1123.3751220703125,478904
2017-08-17,1113.879947196058,1114.2675252970023,1033.801486033923,1067.1795654296875,1613900
2017-08-18,1042.5215634507372,1062.916665509298,1024.1127254344137,1035.0126953125,1455258
2017-08-21,1044.459176405701,1047.559564499871,1017.2335016770289,1018.5899658203125,629596
2017-08-22,1025.0818756756373,1070.6195393398668,1023.6770376161819,1064.32177734375,1028554
2017-08-23,1074.49486083526,1099.685903559982,1049.0615965458771,1058.6051025390625,1081455
2017-08-24,1058.9926913327145,1065.2419604548265,1040.1962740718102,1049.49755859375,399263
2017-08-28,1057.3943308185512,1070.6196561072747,1051.2419247750165,1058.6539306640625,224857
2017-08-29,1058.0238657338828,1058.0238657338828,1034.4315074005867,1043.5390625,210879
2017-08-30,1043.4903221985842,1070.5706411900183,1043.4903221985842,1058.508056640625,409962
2017-08-31,1057.0551741813501,1058.5085039350367,1041.7467201336074,1048.91650390625,642601
2017-09-01,1060.9303927808435,1060.9303927808435,1047.3174943134345,1056.618896484375,127477
2017-09-04,1064.8061225879105,1082.6336554831432,1052.7435345681351,1077.159423828125,336154
2017-09-05,1085.0556598351181,1087.2840270923439,1062.868142593263,1068.5845947265625,465730
2017-09-06,1065.6781539563,1073.5261099867687,1048.3350640845522,1064.0794677734375,294714
2017-09-07,1071.9217922489684,1084.1967970776568,1067.5378534585832,1076.3543701171875,380813
2017-09-08,1073.5780071755742,1080.5436232932748,1061.8875025602322,1064.85888671875,171607
2017-09-11,1070.4605046430713,1078.4002099470406,1060.9132123715888,1067.3917236328125,74150
2017-09-12,1069.1937585222556,1080.786862695174,1061.4000910341663,1066.3685302734375,311737
2017-09-13,1066.3688461748454,1070.4605941713899,1039.4807091599735,1042.500732421875,492432
2017-09-14,1040.6009534065072,1048.2484672315668,1020.970626076842,1035.68115234375,1533039
2017-09-15,1036.6552244852533,1047.9560191201201,1027.7411930684377,1033.6839599609375,381823
2017-09-18,1035.3400101577508,1045.8127507921388,1030.5177259925479,1032.9532470703125,199046
2017-09-19,1037.5321875529262,1039.4318468064257,1022.9190581507725,1030.0794677734375,275698
2017-09-20,1032.6609164041595,1044.0591072523032,1029.8844462151937,1038.8958740234375,233776
2017-09-21,1038.9934864391694,1049.709781189128,1030.225608916476,1033.781494140625,221528
2017-09-22,1031.6870527952062,1031.6870527952062,1005.3834168882463,1008.0137329101562,280377
2017-09-25,1005.4806444600193,1005.4806444600193,973.2343644764693,983.4148559570312,382754
2017-09-26,979.420548555583,998.0279082015355,979.420548555583,984.8274536132812,481307
2017-09-27,990.7702036408803,990.7702036408803,971.9192899223696,979.7616577148438,290896
2017-09-28,980.0539013481487,987.7014154619516,960.4723312785655,966.8046875,399760
2017-09-29,971.9679399338713,1000.3660851758141,961.5438959377916,979.0796508789062,282914
2017-10-03,985.4121277991081,1030.7128336247715,985.4121277991081,1026.1827392578125,580476
2017-10-04,1030.7128026715511,1032.6124620642127,1005.7730837826051,1022.1884765625,371380
2017-10-05,1021.89618388682,1066.7097847705209,1019.022315746759,1052.6812744140625,619003
2017-10-06,1066.7583703389457,1066.7583703389457,1032.661070830395,1036.07080078125,197203
2017-10-09,1036.0708386542283,1052.1452804387084,1022.9190226487443,1025.3057861328125,116350
2017-10-10,1026.3286964264123,1064.8099337390304,1026.3286964264123,1060.231201171875,481349
2017-10-11,1067.7325551190106,1068.9503157886263,1045.7154659967475,1048.8328857421875,343484
2017-10-12,1049.22269660852,1061.8874088238504,1043.3774448168292,1046.0565185546875,418779
2017-10-13,1042.5495116496481,1058.0394544706787,1040.4549390647032,1047.956298828125,387681
2017-10-16,1049.0764370106326,1060.0362830281317,1043.8644451333655,1053.752685546875,257489
2017-10-17,1054.0934849672833,1055.067693363741,1038.1164434809916,1042.5977783203125,126262
2017-10-18,1042.3057964641723,1049.8559130528895,1033.5379191353397,1035.9246826171875,91975
2017-10-19,1035.5348237186308,1036.5090321680289,1027.0104997864,1030.8099365234375,14784
2017-10-23,1028.7644964893796,1048.7357769610012,1018.1455967469034,1035.048095703125,191956
2017-10-24,1039.4317792186177,1044.351580032886,1025.3545130453476,1030.03076171875,172262
2017-10-25,1030.225653604087,1038.4576691775787,1004.4091242229917,1007.4779052734375,324021
2017-10-26,1005.3833102162151,1018.8274369332362,993.6928066090499,996.7128295898438,187034
2017-10-27,1000.0250335097292,1018.0478909085894,995.9820444169487,1000.0737915039062,196083
2017-10-30,1010.2057003918571,1012.9335324191896,996.177130281636,1004.945068359375,135511
2017-10-31,1008.3059161461445,1018.0480022924841,1006.6984481476085,1011.764404296875,169921
2017-11-01,1017.901841576604,1017.901841576604,994.8618436447402,1007.185546875,465171
2017-11-02,1002.6556010833341,1018.0481469505113,1002.4608069015082,1006.2114868164062,123536
2017-11-03,1003.4348308123035,1017.0737508427619,989.8933078548164,996.3231201171875,256989
2017-11-06,989.7959826114472,996.0796402593944,983.9507307456316,986.1427001953125,265461
2017-11-07,993.6929035593406,994.5697151998152,975.1829377087254,977.1800537109375,187484
2017-11-08,983.8532931828313,983.8532931828313,950.3891919514031,963.4923095703125,297319
2017-11-09,970.3118429962725,974.208677707101,962.3233199468785,970.0195922851562,488527
2017-11-10,969.3374925921839,990.5752267688438,969.0452419237974,974.4520874023438,356813
2017-11-13,982.8303662416695,992.7186077578979,957.793251671709,970.945068359375,602133
2017-11-14,973.2344066305121,986.0939722439512,932.4637998668671,960.52099609375,1080449
2017-11-15,965.4407543315232,976.4979985205564,964.4665456995035,972.0166625976562,274673
2017-11-16,981.1255101590212,1000.2687339652451,972.2602352055658,995.68994140625,594917
2017-11-17,1000.9017045324077,1039.4803322543714,997.3945187188909,1027.6436767578125,657736
2017-11-20,1031.1026034702395,1035.8762503087348,1010.79037405504,1032.2716064453125,374408
2017-11-21,1040.9904684270361,1098.907112187659,1032.6609387579065,1079.2281494140625,1478626
2017-11-22,1081.3715435889246,1127.159347686834,1081.3715435889246,1119.852783203125,1421476
2017-11-23,1119.3658934136772,1119.3658934136772,1096.8129362676411,1110.15966796875,471973
2017-11-24,1100.855892856115,1123.2626942151333,1092.0880140634556,1115.663818359375,333025
2017-11-27,1105.8727354512882,1110.597622605179,1089.262433965483,1102.803955078125,507563
2017-11-28,1103.1939992422283,1137.0477529045029,1062.8617336846505,1080.59228515625,982931
2017-11-29,1074.5521205813243,1092.6723773434549,1068.999178950365,1077.5721435546875,704071
2017-11-30,1081.37161432271,1095.010535584438,1057.3573470310623,1077.76708984375,6939736
2017-12-01,1089.1165608666495,1123.3600202130124,1087.3142985688326,1118.6351318359375,706026
2017-12-04,1117.4174321416967,1134.2712910235184,1101.4403849160449,1126.6236572265625,449257
2017-12-05,1126.6236422114027,1149.4689083636176,1113.6667374099043,1136.0247802734375,860512
2017-12-06,1126.6724165184976,1134.953190872503,1117.4174334169622,1124.7239990234375,699351
2017-12-07,1120.8269334479944,1145.279544196022,1120.3398291744402,1142.259521484375,588537
2017-12-08,1151.514424022274,1163.2049257889976,1142.7953056900326,1159.989990234375,540714
2017-12-11,1159.308242572107,1177.8182061089726,1155.411408143293,1159.4056396484375,545253
2017-12-12,1168.9043117836486,1170.9501263162897,1146.0591648122243,1159.503173828125,741336
2017-12-13,1158.1391981157378,1162.0846714796933,1143.7208636794505,1153.0732421875,259342
2017-12-14,1153.4143007346588,1178.7924840129767,1153.4143007346588,1175.7724609375,763305
2017-12-15,1175.7725473367502,1183.6148563088645,1148.1537534538058,1167.199462890625,317833
2017-12-18,1167.5891862155934,1169.8299139081146,1131.787014673313,1142.6007080078125,307113
2017-12-19,1143.233707296432,1157.3597309485822,1126.2824551294639,1144.4027099609375,334631
2017-12-20,1147.6177887223114,1159.6979997564108,1138.362806555196,1143.3800048828125,201152
2017-12-21,1146.30266209793,1171.2423804125708,1131.3485827096592,1162.5718994140625,359699
2017-12-22,1164.1792479545156,1176.8439594385397,1144.3541272235286,1148.153564453125,214258
2017-12-26,1149.5660988092764,1162.133412995902,1138.2653033172348,1149.1763916015625,172183
2017-12-27,1156.385771569179,1171.973111371291,1145.7668725445972,1169.0992431640625,460519
2017-12-28,1170.2192823060702,1209.9670393810864,1169.0502795952525,1200.468505859375,706961
2017-12-29,1198.2766961419989,1198.2766961419989,1169.1965903492862,1173.7266845703125,183120
2018-01-01,1184.6378502713858,1184.6378502713858,1168.1736984692402,1171.5347900390625,117565
2018-01-02,1173.921232052504,1180.740691491813,1155.8983749629012,1161.207763671875,211424
2018-01-03,1164.179478429299,1172.8985993391243,1142.7468855209772,1146.1566162109375,261936
2018-01-04,1154.4372627923135,1157.7982351025469,1126.915868130809,1130.179443359375,263585
2018-01-05,1137.8756497134211,1168.0761164438286,1130.0819808797673,1165.44580078125,232491
2018-01-08,1161.256774866438,1177.8183228301373,1144.7926239887215,1150.2481689453125,505510
2018-01-09,1158.33399993815,1160.0388649506747,1139.8240369450257,1142.1134033203125,125593
2018-01-10,1143.720963403068,1149.5662153455028,1129.010436465665,1141.918701171875,136692
2018-01-11,1145.425929018676,1163.2052385696784,1139.8242287491823,1142.162353515625,243414
2018-01-12,1148.0562311748201,1152.1479791971176,1130.0821276614051,1133.345703125,145921
2018-01-15,1145.4743855304534,1151.8553797612774,1137.7293567127622,1149.0301513671875,155322
2018-01-16,1153.4629846660869,1153.4629846660869,1109.28264835368,1117.612060546875,161108
2018-01-17,1110.5977335715822,1113.8126693164868,1089.5060949347162,1096.66650390625,219833
2018-01-18,1102.8040189994313,1105.2395402428047,1077.5233560619906,1087.655029296875,187463
2018-01-19,1087.2169201405834,1114.4947640150783,1087.1195230539954,1110.013427734375,152932
2018-01-22,1118.391683177003,1141.7726939751285,1112.4976724695207,1138.6552734375,246204
2018-01-23,1142.7468289401506,1144.6952463807988,1112.5951166149055,1116.9302978515625,229030
2018-01-24,1116.9302017303037,1122.4831433894885,1077.3773548733943,1082.1510009765625,791316
2018-01-25,1088.1910898466397,1109.136576356669,1079.4232117726738,1104.4603271484375,327271
2018-01-29,1114.4946520400977,1118.3914864877904,1097.933105637404,1109.331298828125,255731
2018-01-30,1106.7010138886362,1119.3169681947297,1090.139467025866,1110.6466064453125,158413
2018-01-31,1105.7267676416684,1143.5747481946169,1105.7267676416684,1132.809814453125,495268
2018-02-01,1134.9529129478574,1192.9670772256836,1130.3741805244822,1187.121826171875,1036405
2018-02-02,1178.7435240011812,1178.7435240011812,1110.597687168684,1127.1104736328125,435779
2018-02-05,1114.9816055376723,1130.8612513329763,1096.8125935983905,1100.417236328125,276192
2018-02-06,1085.268255203449,1128.5231358379554,1058.331366736499,1111.4744873046875,747984
2018-02-07,1129.7898423642432,1129.7898423642432,1092.9648228840454,1103.4862060546875,368495
2018-02-08,1102.8040470653405,1127.2080181137862,1087.021916575407,1102.6092529296875,355444
2018-02-09,1081.3714954119523,1103.0476357479124,1079.4718362996002,1093.743896484375,236165
2018-02-12,1093.0619445724162,1134.9529103626248,1091.1622855530304,1121.849853515625,580640
2018-02-14,1130.0821265430095,1169.0504757341478,1130.0821265430095,1161.06201171875,287229
2018-02-15,1161.0620340058895,1184.5404410598367,1130.6180106159252,1176.79541015625,472687
2018-02-16,1203.1475758857007,1212.1102471008492,1093.0620082135679,1112.4000244140625,1146020
2018-02-19,1122.2883144067055,1163.9844903232342,1118.391479981682,1155.606201171875,1171614
2018-02-20,1149.566185978867,1184.5889387371542,1149.517427978477,1168.3197021484375,750134
2018-02-21,1161.256667960069,1187.5603005397015,1145.6693301351017,1179.96142578125,640761
2018-02-22,1164.179027781831,1217.7604893115388,1164.179027781831,1214.302001953125,551254
2018-02-23,1212.8897465990344,1212.8897465990344,1187.1219758565346,1199.8353271484375,361498
2018-02-26,1203.1477314020494,1230.8152819652414,1194.9643546267448,1203.68359375,484408
2018-02-27,1214.5458819415514,1214.5458819415514,1161.9386146009258,1165.83544921875,289501
2018-02-28,1159.5032941369532,1177.9158646851179,1149.9073610100716,1172.02197265625,438159
2018-03-01,1169.537499412082,1178.7924817064718,1150.2968783263773,1152.9759521484375,166112
2018-03-05,1154.0963154035574,1165.7380613474995,1131.6895161740458,1137.7783203125,169347
2018-03-06,1139.9213962525146,1158.333961562155,1115.468785524531,1130.861328125,302547
2018-03-07,1135.6350571568144,1152.488915578952,1105.9704492062597,1122.62939453125,498463
2018-03-08,1120.3399994834558,1142.162298040395,1113.958884961092,1132.71240234375,204357
2018-03-09,1143.4284506450829,1143.4284506450829,1116.2481290661212,1119.414306640625,294431
2018-03-12,1122.2885579386332,1123.6524740677453,1085.4634170624818,1100.5150146484375,278157
2018-03-13,1100.8557441716412,1101.3428484832216,1061.8873992452113,1067.63525390625,386569
2018-03-14,1059.646808618246,1067.5379946219725,1055.0193170609339,1062.03369140625,393419
2018-03-15,1063.8357098433223,1086.7296101925147,1059.5491685467452,1067.7325439453125,186303
2018-03-16,1066.709857508774,1067.976376493244,1037.5323520778152,1044.0108642578125,384296
2018-03-19,1045.3254869463813,1052.5346520200487,1010.4487828699937,1028.958740234375,357297
2018-03-20,1028.7642294200677,1032.3687534884634,1014.2484982319303,1015.9047241210938,545440
2018-03-21,1021.9447770829461,1052.1452423732906,999.5379802546261,1001.9247436523438,261715
2018-03-22,1001.4863500182067,1006.8444968325065,987.1654730041572,995.933349609375,370697
2018-03-23,985.5581978105248,989.8446801645965,977.1312692613182,982.34326171875,209179
2018-03-26,982.9764928562967,992.3776297785095,967.7788622417191,979.1283569335938,184658
2018-03-27,982.1970561631153,1015.4662419325281,982.0509010985838,1003.2886352539062,384056
2018-03-28,1003.4348118862875,1043.4747597218277,993.6927263339935,1037.191162109375,677515
2018-04-02,1038.506384626654,1076.4517626500017,1028.7642984669292,1069.8758544921875,277903
2018-04-03,1063.8359898957392,1095.9848797002808,1056.0423196400927,1067.586669921875,327389
2018-04-04,1067.586413516237,1075.5749949628137,1033.635269403626,1039.4317626953125,622425
2018-04-05,1047.2743101511996,1063.4461501328642,1047.2743101511996,1055.7498779296875,231441
2018-04-06,1057.7468721114205,1072.603551641422,1043.9617981401796,1048.5406494140625,215531
2018-04-09,1069.6812378351024,1069.6812378351024,1028.7644691747432,1033.73291015625,276142
2018-04-10,1042.4030691192352,1069.6809064419815,1024.477609379901,1058.28271484375,344748
2018-04-11,1069.3885186609866,1089.7008590439398,1058.6722262053727,1080.9329833984375,496196
2018-04-12,1086.242547017491,1089.798432054448,1043.8157165584787,1048.2484130859375,344451
2018-04-13,1057.113766129253,1059.9389949553442,1043.377448159167,1054.4346923828125,225161
2018-04-16,1054.483233458943,1075.8670610309298,1041.7211267492999,1065.5892333984375,252664
2018-04-17,1064.8100881267815,1065.7842968075927,1048.8817999799078,1055.50634765625,118433
2018-04-18,1061.887348190572,1062.8615567668937,1043.3773852404613,1048.3458251953125,154437
2018-04-19,1056.0420861881685,1097.8356574794507,1052.1452519217914,1093.06201171875,557968
2018-04-20,1099.3942946445795,1114.3971293616441,1080.2510737934965,1104.75244140625,364982
2018-04-23,1100.9529652995816,1118.3913206516197,1092.720951318262,1102.998779296875,142729
2018-04-24,1103.7784372771873,1103.7784372771873,1072.6037594370548,1078.3028564453125,332495
2018-04-25,1085.9503897194365,1085.9503897194365,1047.274351919653,1060.1826171875,417466
2018-04-26,1068.7069371732941,1068.7069371732941,1036.8016024491142,1049.1253662109375,722867
2018-04-27,1052.1452946300788,1054.0449538432702,1038.5063741441334,1044.7413330078125,325182
2018-04-30,1042.6468637608039,1070.655363955266,1042.6468637608039,1062.8616943359375,119488
2018-05-02,1068.706756730792,1069.680965260173,1051.1710032019369,1052.1939697265625,244124
2018-05-03,1047.2742549807035,1052.1452980271256,1033.537937374184,1041.7213134765625,262980
2018-05-04,1042.4032334556439,1082.3457872609536,1033.9763050269626,1072.993408203125,383173
2018-05-07,1063.3485587877128,1065.2969757529672,1027.8387071647207,1053.02197265625,265231
2018-05-08,1059.938958918828,1059.938958918828,1038.360214601302,1043.9619140625,319466
2018-05-09,1045.1308497791367,1046.0563002175431,1014.7354754534194,1018.534912109375,318210
2018-05-10,1015.1253788363231,1025.7929156228768,993.692789263963,997.7357788085938,344596
2018-05-11,1006.3573350424034,1025.4031579258697,986.3860616945144,1017.950439453125,292768
2018-05-14,1011.2772924739361,1021.8474320797692,993.692779541698,997.29736328125,123672
2018-05-15,1003.4348935710498,1022.6267561026083,997.5896417638397,1014.9306030273438,245651
2018-05-16,1008.3058920672851,1014.9305580573756,993.6927631967447,1002.8989868164062,123756
2018-05-17,1004.4090030754452,1011.2284628441436,983.9506237693498,991.5494384765625,166169
2018-05-18,992.4262538028523,1008.2084440782335,985.0222332057624,990.4291381835938,156262
2018-05-21,989.795934680033,992.7672590090726,951.8017993921185,958.1341552734375,254209
2018-05-22,952.7759455044231,958.0853939027512,932.3175663064754,943.3261108398438,414262
2018-05-23,943.5210774061525,957.8419564515441,932.3176779325637,939.0884399414062,156097
2018-05-24,939.8190757124701,949.4637054570732,921.9910697048922,941.621337890625,325892
2018-05-25,946.9306788271081,978.9334048364143,930.4178325664785,968.265869140625,407561
2018-05-28,978.105446740903,978.105446740903,944.982353922984,959.7416381835938,249842
2018-05-29,947.710225432456,991.6470741264602,939.7704600870505,978.9823608398438,444641
2018-05-30,974.2086997512863,984.1943389237371,954.0425677742387,962.17724609375,221514
2018-05-31,972.747278802384,977.9105724461459,919.4580569447508,925.839111328125,883312
2018-06-01,926.0339856157061,936.0196239034932,894.5670592937039,903.1887817382812,911000
2018-06-04,916.7302487411965,923.5497086149355,891.5956799558958,916.8764038085938,474667
2018-06-05,918.6786976326243,925.4981577423044,900.9480894552613,915.5612182617188,359086
2018-06-06,920.5784844619417,923.208859734145,903.6759285471571,906.1114501953125,251767
2018-06-07,909.3262860348029,950.3404422812077,909.3262860348029,945.7129516601562,513903
2018-06-08,940.1112716899845,1003.7757780661557,938.8935109753602,992.134033203125,1098153
2018-06-11,998.563800485765,1002.0709276103989,967.8762300318123,973.6240844726562,319664
2018-06-12,973.7216286557566,988.8218640176018,953.3606423511983,957.0626831054688,330705
2018-06-13,966.4149720888712,975.3777034802779,946.6385485643285,950.0482788085938,355482
2018-06-14,953.6528877673068,953.6528877673068,936.5554780952448,944.885009765625,229030
2018-06-15,944.88498084683,1014.7356925536205,944.88498084683,1006.60107421875,1440836
2018-06-18,1015.8073299093451,1048.4433202666073,1013.1770140761992,1025.79296875,1539678
2018-06-19,1019.0221214167894,1041.4289175856097,1002.5093344176737,1032.8558349609375,800666
2018-06-20,1030.2254020726855,1048.6379649579442,1016.1967770685872,1021.1165771484375,668483
2018-06-21,1021.1167455331122,1026.1825825734961,991.7930316381088,997.4921875,394821
2018-06-22,1003.0451722986281,1005.8704010836407,979.0796640087736,995.1054077148438,392103
2018-06-25,996.6153604121329,1025.4032710309382,993.2543289760266,1004.9935302734375,413983
2018-06-26,1001.4864894649287,1017.0250698212109,990.3317885606969,996.0309448242188,301606
2018-06-27,1000.9992617404826,1000.9992617404826,985.4606238387892,994.131103515625,242918
2018-06-28,996.4205522043034,996.4205522043034,974.2086078377965,986.288818359375,314066
2018-06-29,987.8476413956421,1029.105356874667,980.3949209084126,1020.4348754882812,523238
2018-07-02,1035.5838529587688,1041.4291051861937,1009.5725281155126,1037.045166015625,712570
2018-07-03,1042.4033277297424,1045.618264066292,1020.2400794065165,1036.36328125,536081
2018-07-04,1025.987721023166,1057.0162384314433,1025.841565961576,1053.9962158203125,449504
2018-07-05,1054.0935083145587,1061.4000714498259,1009.4260761320098,1021.1165771484375,735496
2018-07-06,1031.6868618246904,1037.2885610272324,982.9764339764992,990.5265502929688,777700
2018-07-09,998.5637787637447,1003.3860635899725,964.0280732547944,974.2572631835938,823792
2018-07-10,978.2029064780623,989.7473149497996,966.0252980443598,982.5381469726562,381829
2018-07-11,987.8474884910636,988.2858942390972,967.1455564097666,973.136962890625,313357
2018-07-12,974.257236075893,1001.6811707310959,971.2859119285864,974.841796875,564013
2018-07-13,982.0023158110641,982.0023158110641,942.4494685419537,949.707275390625,539104
2018-07-16,951.8018098899271,952.5324663458304,910.8850483593468,916.4380493164062,642308
2018-07-17,913.125828156222,956.8678237939957,896.272029067049,952.0941772460938,1068778
2018-07-18,961.2517333989215,968.2660479108079,933.2919318976822,944.690185546875,424396
2018-07-19,944.6901610951429,945.9566204764997,912.8335256297428,929.3463745117188,402078
2018-07-20,923.5497214760036,934.8992750654509,901.2890795054064,905.5755615234375,774467
2018-07-23,908.9366600026622,935.1915947105828,887.6989235689646,929.1514892578125,631604
2018-07-24,933.2918879900307,933.2918879900307,906.793400781208,915.171630859375,475690
2018-07-25,919.6529062197216,931.1972541924335,910.105673958364,915.5612182617188,282128
2018-07-26,913.807697872485,921.3091162397529,906.0140288074745,913.1744384765625,361900
2018-07-27,920.6270977669701,920.7244948394878,906.0626677672453,909.7646484375,355108
2018-07-30,915.7561075946029,916.7303162197035,886.6272459197035,907.4266357421875,1201433
2018-07-31,920.6271190624733,937.0912680449112,913.3692531628549,927.3491821289062,641898
2018-08-01,933.2918041489557,938.1628469681048,919.6528842553384,928.3233642578125,517987
2018-08-02,918.1430298464006,942.0598422852305,913.8077891039775,935.7761840820312,484728
2018-08-03,937.2861060848377,952.776047201024,931.7818629611313,945.469482421875,851942
2018-08-06,945.9566292745212,962.518176851933,943.6672626585059,955.990966796875,381899
2018-08-07,963.9793783379735,963.9793783379735,936.2144341412759,942.400634765625,174781
2018-08-08,939.8191573598106,949.8534952119043,931.4896847555332,946.6873168945312,166887
2018-08-09,943.9594195727744,957.6470382888797,935.2402408518052,938.6986694335938,211012
2018-08-10,938.649944894418,963.3461080358971,914.0511788242737,919.5554809570312,1084312
2018-08-13,923.5496626616651,1059.2569549654293,920.627037146913,1041.0391845703125,5440911
2018-08-14,1034.6094744782174,1110.597740965318,1019.2656898990913,1102.024658203125,4297981
2018-08-16,1095.9848473334407,1122.9703822278861,1078.838797061773,1111.0850830078125,1905494
2018-08-17,1110.5979105158467,1178.3054147095759,1101.8300322749321,1158.5289306640625,4204744
2018-08-20,1155.4114911236697,1189.9958991632063,1149.5662390606497,1170.1707763671875,1701643
2018-08-21,1159.3082320642573,1173.9213610398572,1141.8212352922353,1151.368408203125,1506268
2018-08-23,1160.8668156631877,1168.1733793555818,1112.0102359889922,1117.9530029296875,1035541
2018-08-24,1120.3398685509478,1174.7007549589807,1119.3656599695992,1166.8095703125,2318913
2018-08-27,1168.0760726081696,1178.7436088551212,1151.2222168191072,1165.932861328125,972125
2018-08-28,1168.465857670089,1168.465857670089,1130.082013763057,1142.503173828125,1051068
2018-08-29,1152.4887572976766,1195.1103829373835,1149.7609256879566,1162.669189453125,2311788
2018-08-30,1166.3224588925937,1202.5630892504075,1152.8296939077795,1161.451416015625,1334841
2018-08-31,1170.1218723401394,1170.1218723401394,1143.7696022644745,1152.1964111328125,739373
2018-09-03,1161.1103817385363,1170.3167234547402,1133.6377494937885,1143.0875244140625,969364
2018-09-04,1152.3425694160796,1158.2365787626502,1121.2166535467582,1149.1763916015625,704258
2018-09-05,1149.1762932314894,1149.2250512240087,1094.0361173353924,1106.457275390625,917615
2018-09-06,1115.4689926976241,1128.133706151833,1079.4720277946392,1088.873046875,701990
2018-09-07,1088.67815942771,1134.4659656855197,1068.073622827305,1129.3026123046875,1338252
2018-09-10,1130.9102300462707,1144.8414630651844,1092.1367922445568,1101.343017578125,664718
2018-09-11,1107.7240923911888,1107.7240923911888,1063.8359412040488,1079.81298828125,516085
2018-09-12,1086.369583289679,1098.0152231853276,1068.4608505238548,1081.2318115234375,824802
2018-09-14,1089.7947831510278,1098.9938652204644,1085.1463229018764,1092.8284912109375,1140819
2018-09-17,1092.5350729286197,1098.9939627982199,1080.4490990999013,1095.275146484375,600162
2018-09-18,1096.0577993488494,1111.7157679109757,1089.598911209136,1095.9599609375,1063178
2018-09-19,1100.9509293085353,1109.4649020441927,1038.8083657431202,1048.0074462890625,860904
2018-09-21,1054.955967131202,1061.2680399294159,975.4428202579088,1021.9274291992188,1087190
2018-09-24,1024.61846077618,1032.104951931898,986.2075012867194,995.259765625,461495
2018-09-25,995.2598793113045,1031.371102364327,988.6541721477339,1023.73779296875,626059
2018-09-26,1026.575785383716,1037.3406410931734,1009.9391901963726,1020.9976806640625,668783
2018-09-27,1019.2363040100075,1051.9223505175764,1003.0890173886296,1044.7294921875,981316
2018-09-28,1036.5574611356774,1057.8914908822935,1014.7342393369834,1019.9698486328125,775318
2018-10-01,1010.330747016914,1065.0846743961029,1003.3335663344078,1041.30419921875,635567
2018-10-03,1036.3616937611168,1061.5122555421012,1022.660972597136,1048.3988037109375,527109
2018-10-04,1029.169031489155,1046.686409288026,1013.0706094347073,1024.8140869140625,420704
2018-10-05,1017.4744367479994,1051.0412584281287,1012.8749557477777,1034.600341796875,387404
2018-10-08,1025.9884655409437,1068.9500428367537,1015.712923155106,1058.7723388671875,371858
2018-10-09,1058.8702972596118,1086.369585153946,1042.5273376832863,1075.2132568359375,509541
2018-10-10,1067.677888321588,1107.3121270722977,1065.8184803892639,1098.7001953125,484956
2018-10-11,1067.6779570407016,1116.6091191415587,1061.8062175885989,1097.1834716796875,734133
2018-10-12,1101.5380582495102,1114.1133402879793,1080.4488036376638,1107.80126953125,553890
2018-10-15,1107.703567723705,1115.630391349018,1090.088351018194,1108.780029296875,462964
2018-10-16,1107.60574678382,1113.6731626271558,1078.1002344441936,1085.2930908203125,281120
2018-10-17,1096.0577316451845,1123.3123575979491,1088.7670382681197,1099.6785888671875,349443
2018-10-19,1087.739554766898,1111.5690029022398,1077.5618508301302,1097.476806640625,388626
2018-10-22,1102.2229314955825,1115.6300163640612,1086.7606431335878,1108.38818359375,424717
2018-10-23,1108.388675435758,1129.2333985650419,1099.9725393294987,1119.0067138671875,807931
2018-10-24,1125.4167746323506,1125.4167746323506,1087.2504666230795,1102.3212890625,417573
2018-10-25,1086.6143385561143,1135.7901585345232,1048.7905247701035,1085.88037109375,759796
2018-10-26,1069.1946191865836,1072.424003448611,1044.190753454037,1059.701904296875,408899
2018-10-29,1059.848862455482,1125.4166129490345,1059.848862455482,1118.41943359375,296748
2018-10-30,1109.9052323738408,1150.860578560556,1105.8439232767248,1141.6614990234375,617733
2018-10-31,1142.05330601332,1149.882291830035,1105.9910639872444,1116.6580810546875,1242170
2018-11-01,1119.2513324462493,1159.6685193435733,1118.6641824045728,1147.337890625,374447
2018-11-02,1153.1118911538965,1178.0178065485038,1114.1626357262485,1129.1356201171875,713553
2018-11-05,1125.4168660902722,1170.6292176219029,1125.4168660902722,1139.6558837890625,354525
2018-11-06,1139.117293076279,1143.7167738808298,1097.1833169612983,1103.250732421875,460744
2018-11-07,1108.7801926374675,1115.6305556987757,1101.0490447189636,1107.5079345703125,30818
2018-11-09,1108.6821777721598,1134.4198946445558,1105.8441467776436,1124.2423095703125,401528
2018-11-12,1124.2421620904627,1132.1200056474026,1102.076327013555,1112.44970703125,330778
2018-11-13,1119.5446713201259,1129.722374042471,1088.4733921991347,1119.1531982421875,442309
2018-11-14,1125.4166150224075,1152.6223861959782,1118.5662530179234,1143.080810546875,531312
2018-11-15,1176.207174102102,1259.4879792995982,1154.8731418976206,1235.1202392578125,3884208
2018-11-16,1223.9151255930176,1240.8942141739712,1200.0366956867763,1207.1317138671875,837770
2018-11-19,1208.5995569776028,1237.9582506693664,1189.4185676578165,1198.8623046875,1068208
2018-11-20,1200.9662990856903,1213.394884945087,1163.142609365468,1167.3017578125,933231
2018-11-21,1174.3477585934393,1196.856090633147,1172.390512329117,1187.412353515625,422957
2018-11-22,1181.4918294790868,1197.8347890287214,1169.4547164128448,1188.293212890625,601981
2018-11-26,1195.8775150912063,1228.1231007948056,1189.5654434219089,1223.42578125,720471
2018-11-27,1228.172169234677,1236.9797784164396,1199.253804636885,1206.838134765625,744253
2018-11-28,1199.889756528963,1223.0342166881212,1196.1220814939436,1205.1253662109375,520657
2018-11-29,1204.8319385653258,1226.9977772382647,1198.8133821830152,1219.2176513671875,506815
2018-11-30,1223.474459422434,1262.1790478882745,1223.474459422434,1237.762451171875,1035249
2018-12-03,1237.9582804239153,1301.4219675874726,1234.4841204692223,1264.5767822265625,1475095
2018-12-04,1260.4665456385203,1270.39959393925,1208.74633898954,1216.966796875,581813
2018-12-05,1208.5997978383878,1241.8729906533717,1188.7826756471106,1204.8809814453125,749896
2018-12-06,1208.110426708068,1212.220596657365,1154.9711353674322,1163.4852294921875,788698
2018-12-07,1167.6931018599357,1189.1249728667603,1142.346857690264,1183.1553955078125,665538
2018-12-10,1164.5615724183751,1183.644724235315,1143.0318626761868,1151.447998046875,434842
2018-12-11,1149.8821511441065,1160.9406400415685,1120.2788021465667,1154.57958984375,504464
2018-12-12,1156.7324841404002,1193.4798286924731,1156.7324841404002,1189.516357421875,394876
2018-12-13,1189.0272340195165,1213.4928149664202,1184.134117830136,1196.0244140625,314906
2018-12-14,1201.7491381345371,1235.022322740868,1195.485926551769,1221.615234375,552532
2018-12-17,1219.364416954177,1226.214778847178,1184.2318227821916,1191.0333251953125,493775
2018-12-18,1192.941570323443,1201.7491783077835,1174.347731245391,1199.8897705078125,454828
2018-12-19,1201.7492045863996,1227.8783943936444,1189.0760828272519,1218.0921630859375,446235
2018-12-20,1211.4376562935015,1247.7445523157774,1205.7127345926906,1240.453857421875,476760
2018-12-21,1246.6678354309647,1256.013613193362,1217.455963433,1225.62744140625,450623
2018-12-24,1233.7011155288055,1250.6312218440771,1207.180455977227,1242.215087890625,382470
2018-12-26,1236.979647480759,1246.7658788690562,1211.3886285081956,1237.12646484375,275494
2018-12-27,1249.701523560807,1255.0839498564878,1209.2843474107337,1216.232666015625,715199
2018-12-28,1216.477520009244,1226.165793351747,1198.9111632867402,1215.3031005859375,491844
2018-12-31,1209.578386250516,1237.95846165607,1203.7066465114356,1231.4017333984375,559848
2019-01-01,1226.2149159431594,1243.830134208903,1223.279046232202,1239.3284912109375,292677
2019-01-02,1240.8941832950595,1260.4666467539723,1225.040535677675,1231.8419189453125,658775
2019-01-03,1231.1080054088138,1245.7873536450081,1227.242491490953,1239.5731201171875,322081
2019-01-04,1232.0865538937126,1269.567868567744,1232.0865538937126,1265.3597412109375,725206
2019-01-07,1271.2316282557597,1272.2102515261645,1247.744669766046,1254.69287109375,683914
2019-01-08,1254.4973384918403,1254.5951769379626,1218.924402413892,1222.7899169921875,893261
2019-01-09,1229.3955767908838,1243.8302711253439,1222.789869214097,1240.3072509765625,289161
2019-01-10,1236.001178347914,1264.6259087253302,1229.8847829681242,1257.92236328125,428709
2019-01-11,1258.509434457579,1267.6106779965457,1242.1174958672489,1265.066162109375,467514
2019-01-14,1262.2282569363979,1300.0519482212899,1254.5949481570344,1294.3270263671875,887486
2019-01-15,1295.0607550820048,1306.3638987949616,1289.04219959148,1300.73681640625,466539
2019-01-16,1299.8072885365013,1325.055814921257,1299.7094501085126,1318.7926025390625,513687
2019-01-17,1316.1504745765558,1329.6065446909959,1312.5784757085528,1324.0283203125,420061
2019-01-18,1321.1412899265863,1343.5517845886195,1306.5109212039563,1337.0928955078125,702678
2019-01-21,1337.0929537600516,1357.5950624422237,1287.4278253268617,1297.703369140625,1293001
2019-01-22,1287.9661734733816,1294.7186985142673,1260.956192770698,1266.1429443359375,1100328
2019-01-23,1269.17625432952,1288.846553694192,1256.6009720599754,1266.19140625,671259
2019-01-24,1281.9962537186805,1311.1102907783225,1266.5339610421702,1286.546875,831256
2019-01-25,1292.9570442993486,1303.4283851896766,1253.4696183992264,1264.6749267578125,571327
2019-01-28,1259.4879735962445,1274.2651590291002,1235.6585241728953,1238.7412109375,254670
2019-01-29,1232.086736748259,1278.8159994009432,1227.1936202401243,1271.8677978515625,463118
2019-01-30,1271.2313796748485,1294.7183335718435,1269.7634450562864,1291.3909912109375,315858
2019-01-31,1286.8896495997828,1305.4834924457111,1285.2748972499394,1297.31201171875,471658
2019-02-01,1291.7823858341098,1328.8722221680255,1291.7823858341098,1312.578125,530789
2019-02-04,1306.4618756551836,1308.32128349023,1251.1696689326984,1269.029541015625,548166
2019-02-05,1272.2101635015006,1281.8007186722327,1254.5949458530183,1263.2557373046875,423344
2019-02-06,1270.252866061618,1286.8894598390045,1260.368796003691,1276.173583984375,410854
2019-02-07,1276.1737081783833,1290.8040781103061,1262.5218420442263,1268.14892578125,305098
2019-02-08,1270.7422390462552,1270.7422390462552,1225.3340981793112,1230.961181640625,581292
2019-02-11,1272.2101210964893,1272.2101210964893,1066.6992553809025,1097.9173583984375,5424327
2019-02-12,1108.7802321454446,1164.4639234772237,1077.5621240472367,1108.0462646484375,4732005
2019-02-14,1130.7992400676649,1144.9402991798856,1102.7616582110297,1127.716552734375,708081
2019-02-15,1117.6854975738559,1127.471729265179,1105.8441811195219,1118.37060546875,386448
2019-02-18,1118.5662384887917,1124.584794635294,1059.9466890625233,1092.9752197265625,1323161
2019-02-19,1100.9509243239527,1122.1869965910284,1088.326663166207,1092.5347900390625,969990
2019-02-20,1102.9084841138388,1118.9579304900087,1096.0581208584733,1105.452880859375,1188434
2019-02-21,1110.7373091684535,1133.2456423057877,1102.9083237293808,1127.569580078125,1308447
2019-02-22,1120.5232100808655,1130.7987504353189,1115.2386225778432,1121.697509765625,511047
2019-02-25,1121.4044366398289,1172.3906854626891,1107.2143991279681,1162.066162109375,1374338
2019-02-26,1150.469245851326,1151.8883209653222,1123.4592732779236,1132.609375,1071336
2019-02-27,1141.0744013902822,1154.677284784439,1116.3151920663563,1124.7314453125,1037445
2019-02-28,1130.3587726123499,1135.2029096580202,1112.694576104456,1116.51123046875,695585
2019-03-01,1115.7283496004977,1140.9278984272992,1115.630511167126,1127.2271728515625,904319
2019-03-05,1135.0071207750846,1169.4546061596398,1122.2850204570298,1166.4208984375,564049
2019-03-06,1161.5280073305216,1186.9232339334299,1158.2006642508122,1167.2529296875,1679631
2019-03-07,1169.7972411598796,1176.3051094596242,1154.0904101684757,1161.5767822265625,642857
2019-03-08,1160.6471970129803,1163.0447762376477,1142.053354902317,1146.8486328125,268170
2019-03-11,1147.4355515310974,1185.8954860319918,1147.4355515310974,1178.3111572265625,938550
2019-03-12,1185.9933736576559,1185.9933736576559,1108.4863514890164,1132.5115966796875,1370850
2019-03-13,1135.2027480238667,1141.1234653129752,1068.6563800362605,1093.7091064453125,1797280
2019-03-14,1098.9936907779133,1118.9576249923125,1092.2411678061696,1107.7523193359375,717230
2019-03-15,1113.673169735337,1128.2546788902957,1086.2717209193534,1100.1192626953125,731215
2019-03-18,1102.3211604865162,1115.5325732564236,1091.1648324775383,1095.7154541015625,353486
2019-03-19,1097.86815622039,1120.4743229603084,1097.86815622039,1115.5323486328125,398908
2019-03-20,1123.165853810658,1154.873270934227,1110.7373863468858,1141.07470703125,1269611
2019-03-22,1148.169747122632,1156.8795180843874,1119.5450165849488,1126.00390625,754339
2019-03-25,1124.438174882623,1136.0348371282757,1110.1991580429797,1122.5299072265625,467825
2019-03-26,1121.5019792049163,1135.202701463964,1114.6026391401401,1127.27587890625,434281
2019-03-27,1138.1388126989098,1152.915999530519,1125.4656896969607,1129.0865478515625,486185
2019-03-28,1129.3312575342652,1162.6044488307687,1129.3312575342652,1157.662353515625,693131
2019-04-01,1204.6851885007939,1251.4634263828873,1200.281383993683,1242.3621826171875,1002709
2019-04-02,1241.8729111274092,1256.5522599587025,1221.9579517717907,1228.4658203125,638278
2019-04-03,1232.086711249907,1249.4082955458875,1228.4168739447543,1232.8206787109375,336310
2019-04-04,1235.9519906271275,1241.8727081389925,1222.3492251688924,1229.395263671875,236648
2019-04-05,1240.8940731676707,1247.7444347703313,1209.6271133512857,1218.3857421875,469357
2019-04-08,1222.300425593303,1230.5208846936255,1204.2448746168752,1210.65478515625,479351
2019-04-09,1215.449872914299,1236.0009577220287,1199.8897419534242,1232.624755859375,452314
2019-04-10,1226.4103913847398,1242.6066510811731,1213.7862492696452,1219.6090087890625,251194
2019-04-11,1213.492804159917,1232.8695918816463,1208.5996880141106,1213.88427734375,325454
2019-04-12,1221.0281957877803,1241.0899726517928,1205.2723851672374,1237.2734375,365799
2019-04-15,1243.4387332680828,1257.873426852306,1238.056305151932,1244.2216796875,525419
2019-04-16,1244.074671912091,1267.2191331617569,1243.8789950676082,1247.940185546875,375036
2019-04-18,1246.7657112971776,1252.539610932397,1228.9548203486872,1244.4169921875,283213
2019-04-22,1241.8728482265944,1241.8728482265944,1192.9416879339785,1205.7127685546875,534002
2019-04-23,1206.642537982095,1227.193627436778,1203.5109911828654,1216.3309326171875,280002
2019-04-24,1216.3306662116602,1241.5790703351825,1195.8774196752938,1202.5321044921875,569926
2019-04-25,1205.663629952357,1232.8693992567157,1203.7553627379798,1219.6090087890625,360981
2019-04-26,1216.4285324196578,1228.074171384868,1200.0855741771124,1212.709716796875,242464
2019-04-30,1213.2970854243379,1221.3217478421702,1179.3387888679279,1190.4951171875,336375
2019-05-02,1190.9845719604232,1198.71572002555,1129.1356263611174,1169.0145263671875,1083586
2019-05-03,1169.0143816354812,1186.629599089184,1158.004870726917,1173.662841796875,347353
2019-05-06,1145.331740421171,1180.0728671209818,1145.331740421171,1164.8553466796875,225661
2019-05-07,1169.9439822513666,1173.4670017185515,1127.7163692047486,1140.0469970703125,320142
2019-05-08,1131.2881149227849,1158.2980840858731,1127.373623175647,1145.282470703125,246581
2019-05-09,1140.0958918892854,1173.3690767169555,1132.364745640103,1144.5975341796875,310077
2019-05-10,1151.0077194654568,1170.9226780201843,1142.6894221289158,1161.1854248046875,173882
2019-05-13,1161.576847705234,1167.4485873513331,1136.377298390725,1147.2401123046875,200737
2019-05-14,1150.7631913737082,1150.7631913737082,1105.8443568791029,1118.0771484375,625364
2019-05-15,1123.655239508671,1136.1816656916803,1122.5299182680985,1131.7288818359375,235916
2019-05-16,1137.0622812687504,1137.0622812687504,1088.3757787259456,1112.15625,505445
2019-05-17,1112.15622755205,1134.4199041448633,1108.0950370609287,1116.8046875,270312
2019-05-20,1133.2947390859213,1181.100462501797,1133.2947390859213,1172.684326171875,326706
2019-05-21,1170.4330663893063,1189.026902728267,1140.193592872203,1147.631103515625,253823
2019-05-22,1152.5242892340855,1153.7965469514384,1129.3309713163358,1138.089599609375,221323
2019-05-23,1167.4976124591751,1167.4976124591751,1118.9089410744662,1125.5146484375,222973
2019-05-24,1134.9581947245185,1163.0936102005521,1130.7990463498004,1145.4783935546875,257237
2019-05-27,1152.328861257544,1186.9721477301946,1150.0291205433816,1173.173583984375,294036
2019-05-28,1174.3476445084661,1183.5955844246423,1155.7538068037488,1165.3443603515625,512288
2019-05-29,1166.0294696875476,1183.1553746137179,1148.2185763486632,1177.5772705078125,278890
2019-05-30,1186.0423211265581,1208.110321729855,1167.0081479650482,1177.28369140625,1087194
2019-05-31,1183.7424928176117,1239.8176449401299,1183.7424928176117,1212.318359375,1342593
2019-06-03,1216.4286020453994,1339.4414869055593,1216.4286020453994,1328.2852783203125,3836627
2019-06-04,1321.1411608471237,1328.4318550245055,1295.6969607122903,1303.819580078125,1306110
2019-06-06,1308.4191732470704,1345.606853563741,1298.9265763189912,1313.4591064453125,1226417
2019-06-07,1313.3122197607938,1375.9440990936484,1302.3027097218155,1368.310791015625,1963985
2019-06-10,1370.0722641038303,1372.5188217183015,1339.0009824000472,1349.6190185546875,731973
2019-06-11,1356.0780106788532,1371.4913248311193,1345.606791070852,1350.450927734375,827845
2019-06-12,1351.380596641565,1368.9468326437898,1335.8204662198073,1352.21240234375,523008
2019-06-13,1350.9892908907996,1354.2187951473832,1326.5237115555806,1344.921875,376393
2019-06-14,1341.6923764835183,1365.0814943202195,1337.2885721843381,1341.3009033203125,349894
2019-06-17,1349.5214394583113,1358.3290485628252,1327.1109435113235,1331.9552001953125,418598
2019-06-18,1332.786758235905,1336.7990888564136,1309.3976434040128,1325.7406005859375,434991
2019-06-19,1327.991653524222,1353.4358561709648,1312.3336826646882,1322.8538818359375,486030
2019-06-20,1362.2434573850005,1374.1826123162527,1326.3280347052334,1344.921875,1462438
2019-06-21,1343.6495104874084,1355.6866223496672,1314.6333118057662,1319.4285888671875,563852
2019-06-24,1324.9580266760966,1328.0895732553813,1301.617886326891,1315.90576171875,420849
2019-06-25,1316.2482121584558,1322.5602840532438,1281.9474210015144,1296.5289306640625,1156668
2019-06-26,1291.7826923432294,1296.7247875490325,1273.2378295064282,1279.990234375,597977
2019-06-27,1282.534632459717,1294.6694640971643,1264.9682750292018,1284.3939208984375,688891
2019-06-28,1296.5779480339809,1352.4573108642044,1291.097681809768,1330.1446533203125,1568379
2019-07-01,1333.863452679696,1356.9589368456643,1327.1599074956678,1341.3988037109375,675302
2019-07-02,1345.0194757446736,1347.0255812191576,1321.1410506409266,1327.061767578125,527306
2019-07-03,1327.649349238949,1335.0378836188017,1310.1319679416204,1312.9210205078125,220036
2019-07-04,1307.0978712890255,1320.7985936815355,1293.9353198854442,1297.1158447265625,369704
2019-07-05,1298.9757178742593,1312.7742836222772,1274.1186601621696,1278.71826171875,374619
2019-07-08,1268.3935669598025,1296.2354700225753,1262.9622796136816,1275.3907470703125,523713
2019-07-09,1275.3905088622596,1323.9791679088544,1274.9011973299894,1300.24755859375,806802
2019-07-10,1299.5624804736292,1308.9573576765958,1284.9810920473778,1289.9720458984375,440764
2019-07-11,1289.9722799506267,1303.6240267056157,1270.7423089116614,1287.1832275390625,560976
2019-07-12,1292.0764514429513,1338.756737260453,1288.846946616971,1334.1082763671875,1433514
2019-07-15,1341.6922909207767,1373.9868537219334,1338.316088957715,1356.0780029296875,1269223
2019-07-16,1342.8178563968013,1368.604553990256,1331.8083453260895,1360.48193359375,739553
2019-07-17,1358.6224316662492,1396.4950960163512,1340.7135820199028,1354.2186279296875,1150697
2019-07-18,1350.4999654381102,1370.0724287053292,1335.918456411865,1358.3779296875,464854
2019-07-19,1358.4759216949308,1369.0449813776188,1337.8269945057057,1344.090087890625,294619
2019-07-22,1344.2857580534185,1359.3076000072635,1322.1199190855386,1335.4781494140625,344053
2019-07-23,1339.2459967461023,1348.3961007820108,1326.0345820905873,1336.7994384765625,209290
2019-07-24,1331.0251815967542,1343.3069486141433,1289.5315405347274,1306.902099609375,398286
2019-07-25,1306.9023704543986,1320.1627632663567,1285.9109495418775,1314.878173828125,391683
2019-07-26,1315.4163517955562,1338.5118346091288,1294.6206095287355,1333.912353515625,336855
2019-07-29,1333.9125143733056,1348.5428846774473,1306.8535566920707,1336.652587890625,396917
2019-07-30,1335.7228739063246,1344.6283214297384,1300.590275968066,1305.0919189453125,364277
2019-07-31,1298.6331652473148,1327.5025536231972,1290.950995961497,1322.707275390625,343969
2019-08-01,1315.2693899640158,1351.9677546393511,1312.333520789989,1336.3587646484375,492611
2019-08-02,1326.1320941293907,1330.8783921119248,1247.7444103590017,1282.19189453125,976127
2019-08-05,1275.8311793793475,1283.1219948177456,1259.732873488118,1273.8250732421875,362139
2019-08-06,1262.4241510955862,1326.3283051330636,1262.4241510955862,1311.5999755859375,335196
2019-08-07,1311.3549465519327,1326.034292968559,1282.0452326577335,1286.546875,230845
2019-08-08,1286.8893225527734,1311.3548990271606,1278.081715021994,1305.8746337890625,203895
2019-08-09,1302.5474026819893,1341.6923283824246,1302.5474026819893,1329.753173828125,399477
2019-08-13,1329.7530689622595,1341.251889979952,1283.855623305858,1294.22900390625,610748
2019-08-14,1369.0936696282913,1414.1103306739678,1316.8841529381334,1331.123046875,3189181
2019-08-16,1335.820625284559,1455.2126518667685,1333.080432627846,1439.1632080078125,3588110
2019-08-19,1439.1633089470536,1476.6934862070568,1429.8175287069178,1452.2279052734375,1815260
2019-08-20,1456.191279407952,1458.1485257512422,1432.1660327597294,1443.5670166015625,561093
2019-08-21,1439.7993929291813,1457.1699548489726,1426.098668034698,1434.66162109375,779790
2019-08-22,1438.5760801910524,1443.762830849546,1414.4041353354428,1420.080078125,602866
2019-08-23,1417.0953529550384,1433.5851297549232,1394.5380407225248,1410.0491943359375,737187
2019-08-26,1413.1318389453927,1441.0715778667702,1392.14042000855,1429.7684326171875,501588
2019-08-27,1429.7684315783326,1448.3622715509462,1419.1992537043027,1444.0074462890625,466048
2019-08-28,1447.0899195269187,1502.1864474354281,1445.4263080535034,1488.877197265625,1429654
2019-08-29,1487.5073303692145,1497.0978859414595,1472.9258201464525,1485.892578125,619177
2019-08-30,1487.3116290244498,1509.477349559926,1464.265004231161,1475.91064453125,869797
2019-09-03,1464.0199503986403,1472.7785781197088,1456.1909667066689,1461.5244140625,301790
2019-09-04,1469.7942391506717,1472.8279472428574,1453.3044617730447,1464.901123046875,320979
2019-09-05,1463.5309665962786,1476.7423795344596,1455.2126695611275,1464.9989013671875,314054
2019-09-06,1470.8705636406867,1503.6054595381777,1453.0596704680927,1468.13037109375,1098301
2019-09-09,1467.9349119547126,1480.118723939597,1441.5610624875992,1462.1610107421875,625979
2019-09-11,1467.9347727716338,1480.3632393967653,1442.5395489870195,1465.194580078125,626957
2019-09-12,1544.58542436536,1552.1510937981864,1428.6432614677058,1433.3104248046875,2491122
2019-09-13,1439.3534774399716,1451.2424402676731,1405.6515908031208,1432.72119140625,883257
2019-09-16,1429.6258766112562,1436.1107535065544,1403.882833201453,1410.809814453125,408800
2019-09-17,1407.0269143873106,1414.887399942547,1385.5579872028695,1390.37255859375,605036
2019-09-18,1392.288619793336,1418.8177607491723,1377.2553919417617,1408.8939208984375,790353
2019-09-19,1409.9257004958085,1409.9257004958085,1382.0210671855502,1388.063720703125,465939
2019-09-20,1390.3234342022022,1449.2770780552992,1368.7070981227334,1443.7255859375,1265101
2019-09-23,1464.0155255506736,1492.5097874573646,1419.8002915575325,1444.8555908203125,928873
2019-09-24,1453.6004294724335,1462.4434764167063,1408.2060498602661,1427.759033203125,410553
2019-09-25,1430.608344271533,1432.033009275153,1393.025398414125,1402.654541015625,274220
2019-09-26,1409.9746570850748,1418.8177037148766,1394.1554532133953,1404.2757568359375,450521
2019-09-27,1406.7321592878116,1408.942920946221,1369.7878995622448,1376.12548828125,553438
2019-09-30,1379.9085120344216,1381.3331773216069,1336.4792495457043,1371.1636962890625,708880
2019-10-01,1373.6199601030446,1384.3789525864788,1336.7739311303233,1345.371337890625,356435
2019-10-03,1332.00831802489,1359.7164793145773,1325.0321616660024,1355.04931640625,443258
2019-10-04,1360.8467053261168,1397.692735253719,1360.7975293096117,1376.0272216796875,860655
2019-10-07,1384.624653329078,1405.0619662696017,1374.6025809868343,1386.0494384765625,673596
2019-10-09,1382.9542530801327,1406.8795833103065,1373.177821612222,1400.1982421875,381888
2019-10-10,1397.2014275549323,1412.9224000168724,1380.9891747035565,1387.6214599609375,435916
2019-10-11,1394.548753189147,1429.429665635455,1383.3965908622538,1422.846435546875,649286
2019-10-14,1431.7383468813653,1451.4877929477288,1419.6037462340876,1426.4324951171875,878725
2019-10-15,1434.440341728991,1463.032833150142,1431.5908918064185,1457.8743896484375,594035
2019-10-16,1458.1200809127356,1468.3387361958403,1454.189838107041,1457.333984375,304772
2019-10-17,1463.033098428902,1466.9633418095034,1445.0031309086946,1461.36279296875,354752
2019-10-18,1464.9979539044812,1504.3003805685853,1464.359265482892,1481.5540771484375,562505
2019-10-22,1475.8063716138724,1513.1436832792035,1475.8063716138724,1492.9029541015625,621477
2019-10-23,1493.4923229768785,1504.1530830045656,1483.6667155888729,1487.351318359375,193859
2019-10-24,1491.8221366021246,1513.1436583569152,1491.8221366021246,1509.99951171875,340507
2019-10-25,1513.1436647125722,1516.386163399273,1481.063029910722,1492.853759765625,289340
2019-10-27,1500.370311038487,1506.511315913399,1493.4923855785858,1502.97412109375,31619
2019-10-29,1499.485936953295,1500.3702656168107,1368.7071250846218,1406.04443359375,2296243
2019-10-30,1434.3420583681218,1463.2784209998517,1414.8873098806691,1436.4544677734375,751366
2019-10-31,1445.3468636694658,1473.6446612542775,1437.5355536812979,1458.90625,457117
2019-11-01,1466.7668617073396,1481.7017384150256,1424.8114421095954,1434.538818359375,551152
2019-11-04,1435.5210653798154,1445.3466715768025,1386.3930343948798,1390.07763671875,519503
2019-11-05,1398.6751116141716,1421.5688231668892,1387.8669442606374,1390.274169921875,620983
2019-11-06,1391.3062738821252,1405.012950849483,1377.599596914767,1389.242919921875,604579
2019-11-07,1397.8890334307675,1443.3816409555188,1395.7274479083148,1438.37060546875,909619
2019-11-08,1442.3008865605816,1442.3008865605816,1390.3234011443426,1393.860595703125,504630
2019-11-11,1400.1490264311906,1419.8002408372424,1389.4882666042063,1394.253662109375,475250
2019-11-13,1395.2855391776332,1409.9747754469765,1355.0987776870452,1364.43310546875,506842
2019-11-14,1369.6898159135162,1416.3614559823054,1362.1241453947582,1394.4012451171875,1643108
2019-11-15,1412.381952215252,1420.1933824197617,1355.933883101852,1372.883056640625,1282545
2019-11-18,1394.2536511540839,1403.686210006574,1373.8163403557776,1379.466064453125,783234
2019-11-19,1384.231706438918,1396.0224360680688,1377.5502450057975,1386.3441162109375,472316
2019-11-20,1397.201381703133,1412.0380249888963,1390.3234564767463,1396.75927734375,660964
2019-11-21,1403.0967485993092,1437.4371987764537,1400.1490663543527,1430.0679931640625,1123652
2019-11-22,1434.1949409866265,1449.3264017726358,1415.5262851972466,1426.2852783203125,882624
2019-11-25,1426.088743634109,1439.1567300757736,1415.034934831563,1425.0570068359375,337740
2019-11-26,1429.6259441427887,1462.050450092419,1425.3518287104562,1432.9666748046875,989762
2019-11-27,1441.908060901827,1454.1900716420469,1434.538854457695,1438.419921875,400326
2019-11-28,1439.7953269834975,1450.6526709154903,1414.8874367211838,1419.3089599609375,397266
2019-11-29,1428.1518274973298,1441.2689874767598,1406.0442140685786,1416.0662841796875,359720
2019-12-02,1424.9093995976007,1424.9093995976007,1389.7828565340387,1391.551513671875,308438
2019-12-03,1399.068383362113,1399.068383362113,1375.5851556452956,1379.908447265625,405568
2019-12-04,1379.5153337416043,1452.7652877940143,1376.6168274201011,1444.6099853515625,1204381
2019-12-05,1446.1819444021396,1466.5210228865049,1426.2850901983102,1457.333984375,725914
2019-12-06,1454.091594337461,1483.6666472242962,1434.1455642822864,1439.451416015625,830784
2019-12-09,1440.4340662105617,1448.7366566101418,1378.2379224692088,1387.1793212890625,878632
2019-12-10,1387.8670216726232,1411.9397593936706,1344.143069485415,1349.9892578125,1141233
2019-12-11,1355.933826290985,1382.4629663705914,1355.933826290985,1366.2015380859375,735568
2019-12-12,1370.6723404618988,1381.4805094547883,1350.7754839068068,1361.3380126953125,698123
2019-12-13,1368.7069664706323,1373.3741294934146,1321.5440559246235,1329.404541015625,2563372
2019-12-16,1346.1081032311067,1365.6610843393305,1342.1778605939357,1346.6485595703125,825493
2019-12-17,1346.0590794433554,1346.0590794433554,1317.9578653979968,1339.8690185546875,1184021
2019-12-18,1347.1399524834733,1370.5248261640759,1346.1082157283965,1360.69921875,1244195
2019-12-19,1361.2888605273981,1379.0733075895746,1347.238312555382,1372.0479736328125,730557
2019-12-20,1375.5850161518358,1377.9431858821094,1351.5122783691788,1355.147705078125,629259
2019-12-23,1353.9687029770628,1365.759431885426,1341.7358697112345,1362.0748291015625,476672
2019-12-24,1367.6263310579143,1374.0620320014905,1348.2698123301222,1351.463134765625,295536
2019-12-26,1360.2572335030259,1363.4996122686898,1346.5504379952652,1355.5408935546875,344456
2019-12-27,1355.8845491315408,1400.0997792992036,1355.4424448064594,1393.3692626953125,1085655
2019-12-30,1396.4154576800192,1407.8623157809727,1386.98289733515,1394.1556396484375,527326
2019-12-31,1392.2887613029322,1428.6435137152178,1390.3236395509168,1416.852783203125,985801
2020-01-01,1414.8874417302209,1416.8525631770683,1397.39781287668,1401.4754638671875,268255
2020-01-02,1403.0966569975776,1482.8805365757457,1403.0966569975776,1468.5843505859375,2000143
2020-01-03,1468.584291095329,1478.7537697762575,1455.7127706423842,1460.183349609375,629443
2020-01-06,1454.1898070245725,1454.1898070245725,1432.7208801456495,1436.9949951171875,378702
2020-01-07,1449.277292461062,1472.8095774705193,1446.8700662908675,1452.9127197265625,365266
2020-01-08,1438.4690695710065,1453.7969946846908,1432.573704531781,1447.9508056640625,190163
2020-01-09,1464.0155308817023,1472.5637615082376,1447.3119979790251,1453.796875,254798
2020-01-10,1458.1200491961672,1475.806141437091,1450.2595637557565,1459.9869384765625,364434
2020-01-13,1467.2580313563735,1477.7713835151544,1453.6494688727987,1457.5797119140625,374704
2020-01-14,1459.2008649022982,1475.8061646445867,1458.0218400442918,1467.2579345703125,308514
2020-01-15,1462.345176386384,1502.3353499553605,1462.0503601920057,1485.5826416015625,932167
2020-01-16,1493.1973557005715,1578.974947495693,1491.5762265987696,1563.79443359375,2305288
2020-01-17,1567.724969789684,1595.6787772394748,1552.4461010088487,1590.3729248046875,893254
2020-01-20,1591.748575989975,1630.0684491156599,1588.3096130171573,1601.132080078125,1047368
2020-01-21,1601.426580611069,1613.8559978246233,1592.730942145336,1597.8402099609375,317357
2020-01-22,1614.9859194725966,1634.9810057408038,1598.1349794696018,1605.9462890625,736367
2020-01-23,1610.2205431830453,1670.254978712146,1602.8021618290936,1657.481689453125,764590
2020-01-24,1660.5277136267107,1667.9460954718802,1620.3409538470894,1639.59912109375,1023849
2020-01-27,1638.9114116683972,1683.126647594703,1633.016046878223,1666.4722900390625,791549
2020-01-28,1666.324588202192,1675.069401754439,1644.6100223743867,1648.4910888671875,681671
2020-01-29,1657.5798172792552,1665.3911264735978,1641.9080228814546,1658.5623779296875,230705
2020-01-30,1655.61494217688,1679.9333218913478,1650.9477783932955,1661.3138427734375,634505
2020-01-31,1669.5673087650357,1669.616484782974,1627.5628334232838,1631.2474365234375,377299
2020-02-03,1587.8180660322048,1687.6462075815753,1587.8180660322048,1666.2755126953125,584886
2020-02-04,1666.275514083861,1675.1677362619214,1632.0332981913828,1641.9080810546875,384789
2020-02-05,1651.6843944135403,1651.6843944135403,1621.2250153375026,1628.5450439453125,438855
2020-02-06,1636.6512317265872,1636.6512317265872,1593.909843321059,1616.3614501953125,552992
2020-02-07,1621.0288335819705,1649.228280178575,1599.6089604591718,1634.14599609375,554048
2020-02-10,1633.9985011814226,1671.925321538044,1605.9955202531783,1636.6513671875,778081
2020-02-11,1641.3677444566006,1673.2027369695302,1639.8939033212012,1668.3389892578125,606839
2020-02-12,1675.2660818902134,1687.0076348981233,1641.4169119658636,1654.2392578125,728165
2020-02-13,1645.7892671864633,1677.2312113953988,1626.1380520558787,1665.9317626953125,902548
2020-02-14,1690.987244139547,1717.2215711882336,1645.248988019598,1674.6767578125,3179224
2020-02-17,1696.882545095301,1706.7081533471558,1670.4516349095106,1685.1409912109375,808709
2020-02-18,1686.074171898849,1753.2813481936053,1675.0695399656167,1743.947021484375,1860803
2020-02-19,1743.9471465294798,1761.3384243002336,1720.1691037687617,1749.449462890625,1029649
2020-02-20,1758.7837669460946,1781.8247688772522,1747.2386779731244,1769.297119140625,799535
2020-02-24,1764.6792166365246,1781.9232068469635,1733.482910885851,1766.1038818359375,708469
2020-02-25,1769.8442947424917,1781.6563812480033,1750.1574838999722,1762.4124755859375,459592
2020-02-26,1757.9829970589947,1768.8107433544383,1735.3924289879146,1739.526611328125,494854
2020-02-27,1737.3610576535073,1774.7659982715431,1727.6160622502148,1767.2850341796875,919960
2020-02-28,1752.618383586009,1771.566939544465,1699.0702325859454,1708.618408203125,1234826
2020-03-02,1722.5959906730673,1750.0591164989785,1684.403528644926,1701.48193359375,980080
2020-03-03,1711.6697585937147,1725.7457559701024,1668.457185624549,1698.6763916015625,672514
2020-03-04,1699.956172706768,1744.2514985734758,1684.846568915099,1727.7637939453125,1164850
2020-03-05,1737.311809955969,1741.1507621422159,1691.6876493823765,1700.1529541015625,661463
2020-03-06,1673.3789147299597,1683.222320110724,1646.8017202018955,1662.4527587890625,498503
2020-03-09,1624.1618201948736,1645.5712260065332,1580.9492483409686,1615.204345703125,486073
2020-03-11,1603.4906092209558,1617.0745556314462,1585.7724809422712,1603.7366943359375,617459
2020-03-12,1555.2582709922083,1565.1509428680417,1457.119553474754,1484.3857421875,1279868
2020-03-13,1358.4884109787206,1573.4684177699016,1357.4056603720328,1489.9471435546875,828569
2020-03-16,1408.5913331738661,1516.7703841209275,1342.0006706451109,1449.73681640625,1197701
2020-03-17,1469.4237040451953,1495.1641147536072,1393.2848620780278,1404.407958984375,610719
2020-03-18,1431.231102987682,1431.231102987682,1214.2332854021915,1262.613525390625,1731130
2020-03-19,1176.3852236346559,1228.7029415108273,1035.870627279222,1161.6201171875,2412020
2020-03-20,1171.6114715959807,1378.4706855087645,1131.9917599961166,1341.6070556640625,2002316
2020-03-23,1207.4904000466893,1279.0027588426071,1131.007193999027,1140.506103515625,816579
2020-03-24,1230.425587162427,1245.190694208376,1106.5463630786635,1137.8975830078125,1641749
2020-03-25,1161.5218576755544,1203.060981132312,1055.262342572892,1165.213134765625,2323541
2020-03-26,1171.3654847577513,1315.3745835944233,1114.2737216351047,1196.8106689453125,2809679
2020-03-27,1239.2847977795964,1239.2847977795964,1112.6002124243296,1148.7254638671875,2480908
2020-03-30,1121.163879102763,1148.725414322146,1063.2354621466325,1081.052001953125,1207547
2020-03-31,1104.4299603326426,1137.011604471135,1030.6536933097482,1121.2130126953125,1882578
2020-04-01,1118.2108757548747,1121.1638974338048,1063.1370695063317,1071.7991943359375,1017298
2020-04-03,1077.0653945923386,1220.040861185065,1071.0117962646461,1170.92236328125,2397409
2020-04-07,1216.644867430809,1258.6270141129835,1193.5128655015014,1206.752197265625,1473088
2020-04-08,1206.7031396328596,1317.441454752465,1192.036440976377,1244.1572265625,2070258
2020-04-09,1246.1750142185665,1279.642589639918,1236.971455009444,1259.80810546875,1156777
2020-04-13,1279.6426242349735,1279.6426242349735,1210.541970589785,1259.365234375,1027810
2020-04-15,1274.7212879743138,1392.7929144223976,1271.3745053486475,1339.244873046875,2274130
2020-04-16,1349.284728016752,1417.450307017416,1313.159480061128,1401.159423828125,1281806
2020-04-17,1427.2938732002046,1448.9493664487595,1338.7032190015711,1352.5823974609375,1718038
2020-04-20,1363.3115537016008,1442.058791460538,1351.4994680377602,1428.228759765625,1859711
2020-04-21,1393.8262849545574,1410.6093401921275,1309.271403664615,1329.9918212890625,1669510
2020-04-22,1330.0899132289521,1346.9221093757176,1290.8639738622358,1327.1861572265625,1272533
2020-04-23,1350.5152352176344,1394.712149964599,1340.4750096665462,1362.3765869140625,1301177
2020-04-24,1338.702985644998,1355.9289431808713,1320.0989274745064,1338.2108154296875,755944
2020-04-27,1348.6449207527048,1401.0610533778945,1348.6449207527048,1396.6807861328125,1179779
2020-04-28,1407.410308200064,1435.3654865085477,1394.8599649235632,1404.1126708984375,1214114
2020-04-29,1397.7636738641336,1406.4259193431362,1353.4683461712561,1395.7457275390625,1010961
2020-04-30,1419.3207012643934,1419.3207012643934,1365.5264647277768,1372.5152587890625,731401
2020-05-04,1372.8104638176928,1404.801529169604,1334.2735102927943,1350.26904296875,1532116
2020-05-05,1377.09244326235,1379.8486448934982,1313.5532120590428,1326.497314453125,652241
2020-05-06,1328.859805786904,1337.7188711588167,1241.9917481123157,1285.302734375,1621448
2020-05-07,1273.6873991492384,1314.094626553584,1245.6829587292589,1251.2445068359375,935845
2020-05-08,1260.251071381822,1306.7118905374343,1256.2151795853727,1294.2108154296875,1250585
2020-05-11,1299.3296072652897,1320.7390155668202,1262.3184243022135,1283.7769775390625,717988
2020-05-12,1275.8036395225356,1299.3294004256277,1260.8908575995374,1280.725341796875,663107
2020-05-13,1313.1102841632935,1313.1102841632935,1238.3004029066142,1264.4346923828125,1508002
2020-05-14,1269.1101369709324,1289.4859353670527,1245.9781373670196,1274.1302490234375,907116
2020-05-15,1278.6582447491214,1355.535209874344,1269.946855797014,1334.07666015625,1984090
2020-05-18,1333.7814065530847,1343.5264017471054,1236.3316949303871,1246.224365234375,860662
2020-05-19,1269.7993850932532,1281.6114723964463,1247.1595510954667,1254.2960205078125,960164
2020-05-20,1254.9356961532183,1278.6090124919801,1250.2108138076703,1268.2734375,531853
2020-05-21,1271.7680799540972,1289.4862110989684,1252.2780876312318,1260.2513427734375,608962
2020-05-22,1250.1124057769775,1275.705258178711,1233.0341225329555,1259.955810546875,775343
2020-05-26,1269.7993115114314,1317.8351784910262,1265.9603593285985,1301.0521240234375,1145344
2020-05-27,1301.4950617591676,1338.211013314115,1297.3608794027243,1316.6539306640625,1386447
2020-05-28,1319.0163053173737,1332.7970726863612,1296.37647321118,1316.112548828125,523206
2020-05-29,1302.2826124622104,1346.1841791453587,1294.3586225768445,1335.700927734375,870048
2020-06-01,1350.5152310998133,1376.1080853334831,1336.2915582526807,1351.794921875,868868
2020-06-02,1357.4056429650889,1373.0074169326092,1329.351936783432,1339.343017578125,608623
2020-06-03,1348.546719430558,1384.9673242618942,1319.0657643941072,1328.6630859375,738592
2020-06-04,1333.7815678257284,1346.3319109916163,1315.0790956569542,1342.88671875,762916
2020-06-05,1348.1526640479622,1359.177349246666,1330.532945859797,1337.7679443359375,548928
2020-06-08,1347.168619367589,1385.9516658675113,1330.8778533448792,1342.68994140625,746452
2020-06-09,1348.4971048146356,1370.2018590505934,1331.5172326389009,1343.1817626953125,517243
2020-06-10,1343.6249474921626,1356.8151358436194,1311.1417070033413,1334.42138671875,710311
2020-06-11,1337.7187710444573,1369.217667787226,1318.031960580227,1326.4481201171875,677212
2020-06-12,1284.5645213710454,1387.920287458371,1281.8083195452095,1381.6204833984375,1340007
2020-06-15,1372.9582126354376,1406.6226105343387,1349.5308600717833,1388.609130859375,1375760
2020-06-16,1417.4503164268804,1417.4503164268804,1334.0767243505502,1351.25341796875,1021337
2020-06-17,1353.4683120410966,1364.9359039530523,1325.5622803300384,1331.1729736328125,481888
2020-06-18,1333.7322861570392,1347.070149733066,1315.2758993777225,1326.3497314453125,591592
2020-06-19,1335.7501777130788,1362.3273735850414,1329.0074687180559,1349.235595703125,894818
2020-06-22,1358.3898417389837,1386.689630108546,1350.1706228877476,1376.4033203125,758430
2020-06-23,1385.951426514162,1399.7321935391608,1372.564419721628,1393.924560546875,630401
2020-06-24,1401.700923075646,1417.4503716495296,1379.0610907506882,1389.6920166015625,681132
2020-06-25,1389.6921184609246,1421.3878379755433,1383.4907245669158,1414.9896240234375,872300
2020-06-26,1430.2466861448022,1456.823878523267,1354.7478210442912,1366.4122314453125,3862478
2020-06-29,1359.3745024587547,1383.5401146318688,1337.965092300552,1343.67431640625,911358
2020-06-30,1355.4370299940197,1362.770319529246,1322.9537896237928,1328.712158203125,759369
2020-07-01,1328.8598208439091,1332.3542780659307,1290.4705371306407,1298.985107421875,1066663
2020-07-02,1309.173043206376,1346.4795772663415,1305.4817658289144,1341.21337890625,1095777
2020-07-03,1350.5150896347109,1379.060962520576,1344.6090469686699,1358.1929931640625,1034372
2020-07-06,1363.1147629009236,1390.7254416369765,1359.9648012277698,1387.9693603515625,684284
2020-07-07,1385.951801127356,1403.6699349485864,1373.1553711453564,1397.025634765625,750569
2020-07-08,1404.653735074882,1408.5910966308031,1365.4769395299707,1372.0228271484375,931697
2020-07-09,1382.9983785689046,1395.7948048474782,1368.577766461685,1382.0140380859375,534658
2020-07-10,1378.076816954148,1416.662919765359,1374.8777100576472,1380.4884033203125,722285
2020-07-13,1392.7928025446627,1420.3051967534288,1384.5244369273746,1409.034423828125,769099
2020-07-14,1403.6203450363473,1432.2154857886196,1396.385466098651,1419.1729736328125,846728
2020-07-15,1427.3923905052802,1446.83311885995,1417.5489837434222,1442.30517578125,821199
2020-07-16,1446.9313716467134,1468.586864169333,1405.1954276392187,1414.1036376953125,1040680
2020-07-17,1414.202100787696,1483.4012934633267,1414.202100787696,1475.723388671875,1195304
2020-07-20,1484.188842565929,1493.8845736912579,1442.305100905076,1461.84423828125,1032717
2020-07-21,1477.3966513073246,1496.1975304543098,1471.5890184402588,1476.609130859375,731642
2020-07-22,1476.5107267178585,1483.4503751969328,1445.2579163356638,1457.9559326171875,477423
2020-07-23,1461.7456648020911,1510.9626905530033,1455.2490414347214,1507.3206787109375,1015614
2020-07-24,1512.882300289736,1525.0881482712475,1472.622864195373,1488.372314453125,1481040
2020-07-27,1495.2133538376825,1507.6652863131787,1468.685423042777,1484.7301025390625,442729
2020-07-28,1494.6225889342743,1584.099161404933,1487.338445447652,1574.1572265625,1886396
2020-07-29,1574.1571935476543,1623.571156043652,1556.242245489765,1615.5980224609375,1522653
2020-07-30,1611.8575953425568,1700.9404120622523,1605.6070570961856,1689.2760009765625,2000500
2020-07-31,1690.1619134788293,1690.1619134788293,1617.763621216675,1648.3765869140625,885944
2020-08-03,1643.8486021055162,1676.4795130593009,1542.5599426506178,1549.6964111328125,2067390
2020-08-04,1545.4145896003279,1640.9448834731998,1543.4951736831154,1628.0499267578125,2098343
2020-08-05,1640.797172949885,1688.1439260871086,1632.0365186311521,1650.000732421875,1857434
2020-08-06,1662.0588372868176,1712.7523700793975,1628.2959120430187,1666.9312744140625,1406163
2020-08-07,1673.9204358475383,1725.5490516511775,1673.9204358475383,1715.9024658203125,1570379
2020-08-10,1731.4055215812004,1769.8440627767507,1726.533084599789,1757.1953125,1082244
2020-08-11,1761.9694705338336,1769.7949293366707,1711.2759354877485,1723.3341064453125,697840
2020-08-12,1723.3340601594252,1726.1886715248672,1676.4302132137263,1680.2691650390625,804252
2020-08-13,1697.9874054089512,1750.0590432065767,1684.698808323142,1698.0858154296875,1005174
2020-08-14,1707.8308090501694,1722.5959169093928,1661.0746341626289,1680.61376953125,765898
2020-08-17,1688.1440689649987,1700.2022408861772,1659.5981925801677,1677.7100830078125,479355
2020-08-18,1677.7100774710937,1689.9159244684922,1652.5109831221562,1670.5736083984375,639935
2020-08-19,1683.222282432307,1691.343091689656,1655.6607479831232,1658.61376953125,606462
2020-08-20,1652.707836608608,1677.3163511501298,1645.8174525369818,1666.6854248046875,455458
2020-08-21,1688.1442197978763,1721.6118019979508,1639.5670326068753,1651.2314453125,1091774
2020-08-24,1668.9493417785245,1673.3788740922982,1649.1641214754193,1664.076904296875,525574
2020-08-25,1664.5200344344707,1689.6207209383613,1632.676638528936,1638.3857421875,682054
2020-08-26,1638.3856525101037,1638.3856525101037,1609.5936901551047,1625.3431396484375,748724
2020-08-27,1630.0680308948863,1653.6429401622577,1612.5467201804572,1624.1619873046875,476278
2020-08-28,1627.9026464325948,1649.6565511854312,1621.7505172514323,1635.9249267578125,548801
2020-08-31,1643.8486810611375,1650.6897996643268,1596.6003357372247,1608.953857421875,626908
2020-09-01,1609.396719790894,1668.4571498749635,1600.636065296673,1644.685302734375,1106516
2020-09-02,1661.2715693190653,1681.6474916719637,1643.8487889014002,1672.0501708984375,1098000
2020-09-03,1676.479639337995,1690.1127319853326,1662.059026183596,1672.3453369140625,588865
2020-09-04,1658.613680723582,1663.2892979244348,1617.2713812634097,1624.0633544921875,456702
2020-09-07,1628.0990789788445,1641.7814350527976,1595.0252644049772,1623.4234619140625,443358
2020-09-08,1633.9560874801045,1659.4997974664766,1605.3118008131496,1625.7861328125,710352
2020-09-09,1610.3813830932706,1661.7147745628708,1575.7326385621095,1581.2940673828125,1000765
2020-09-10,1574.9450327004124,1589.7101423819788,1560.2291881146261,1583.7056884765625,936677
2020-09-11,1588.7256818571168,1622.8331066796677,1570.072476097082,1586.5601806640625,867578
2020-09-14,1612.2512662214522,1627.3116031899451,1565.2490091761147,1598.2735595703125,1094575
2020-09-15,1575.9787075295474,1671.9519246670125,1575.9787075295474,1646.654296875,2802668
2020-09-16,1666.4392658730178,1711.1776154238466,1651.7726879826844,1662.4527587890625,2077987
2020-09-17,1671.4247438848586,1761.885277877742,1659.741309342008,1752.1243896484375,2006191
2020-09-18,1752.124507619535,1845.6414560492037,1749.1174447124265,1802.7528076171875,3235148
2020-09-21,1798.414731656178,1873.2972773099116,1785.498743618311,1805.809326171875,2220744
2020-09-22,1817.0490697778978,1817.0490697778978,1738.2227379432925,1764.0052490234375,1384803
2020-09-23,1766.8149899492446,1809.0627461904241,1735.4126382222626,1792.25244140625,1421474
2020-09-24,1798.3653512731219,1946.2572387133457,1769.9700607427085,1920.277587890625,5742817
2020-09-25,1939.503590614271,2018.231350285533,1893.6077587128325,1999.1533203125,3665739
2020-09-28,2006.3997522918926,2067.5283933936603,1971.0042731313777,2030.94970703125,2422864
2020-09-29,2030.9502907268698,2085.2266720912257,2026.1685965307906,2055.894775390625,2160713
2020-09-30,2074.430120068244,2137.5306560399017,2056.781785197448,2117.861083984375,2025626
2020-10-01,2120.7695553165,2128.6077768002588,2047.3165883843387,2060.38037109375,1224430
2020-10-05,2065.556330104069,2126.6849661262418,2039.034485920148,2096.860107421875,1594662
2020-10-06,2112.3888303427125,2125.5513027688717,2074.2327768583355,2095.923583984375,903168
2020-10-07,2089.9094277630024,2157.643861384885,2067.5285044924076,2142.55908203125,1470503
2020-10-08,2159.2212514670805,2225.1809276596364,2157.1015643304577,2217.046875,1899346
2020-10-09,2213.350244254353,2281.479214221247,2204.920597892995,2245.097900390625,2181213
2020-10-12,2199.64554396228,2300.212036783505,2199.64554396228,2241.696044921875,2053057
2020-10-13,2250.174968408292,2260.2809136054375,2214.631571548639,2222.765625,939023
2020-10-14,2233.1674312431837,2241.9915987788345,2179.137548561725,2196.3916015625,1405987
2020-10-15,2212.463018837955,2257.8165388319594,2144.4327388469487,2151.926025390625,2782519
2020-10-16,2178.940591731347,2187.81410545333,2144.4324828125245,2179.48291015625,1036072
2020-10-19,2193.039723458385,2209.504973422765,2155.327289173057,2181.01123046875,760641
2020-10-20,2183.673145870096,2193.729746453519,2145.517085612999,2181.158935546875,869774
2020-10-21,2193.7296890219745,2200.088992113428,2105.6846695409095,2119.290771484375,1473524
2020-10-22,2119.290863178907,2140.24221504797,2063.14128831171,2072.16259765625,1391948
2020-10-23,2068.7117890192517,2077.4375071498,2023.7527971497502,2045.837890625,1124706
2020-10-26,2049.7817414031824,2081.332013517132,1995.7026271788122,2023.45703125,1236009
2020-10-27,2050.224995284069,2116.8256838277066,2006.0053491548847,2088.8740234375,1429726
2020-10-28,2078.2264441324537,2102.086290014296,2036.9645063241378,2050.07763671875,958986
2020-10-29,2048.6971809429447,2070.486684718297,2032.0347891449571,2056.53564453125,606805
2020-10-30,2058.605788655894,2114.607566499222,2048.7463292014154,2089.6630859375,1071769
2020-11-02,2108.0511475821027,2118.5513757435388,2035.9784018198523,2040.218017578125,637352
2020-11-03,2055.697230833629,2129.4460333478723,2050.668810388097,2081.677001953125,1528660
2020-11-04,2083.3034386037884,2117.8115409942916,2058.654794039144,2074.03564453125,725363
2020-11-05,2102.0861843803154,2109.4807792640136,2074.923324365638,2092.76904296875,466474
2020-11-06,2098.0928916555845,2137.97435548149,2033.562780136357,2056.58447265625,1290149
2020-11-09,2070.288933582016,2079.8525592132405,2000.6318422873653,2055.105224609375,1534921
2020-11-10,2060.626900745023,2060.626900745023,1958.0885286505336,2004.8223876953125,2804380
2020-11-11,2034.0065365873406,2177.7081617485646,2021.1892389743325,2164.49658203125,3735087
2020-11-12,2124.713241041631,2174.2076730390913,2064.5705460515896,2080.789306640625,2435538
2020-11-13,2091.2408564005677,2281.479093048522,2081.8250237562465,2233.95654296875,4605948
2020-11-14,2243.0272209889245,2290.8456035023146,2238.146836276361,2252.54150390625,325596
2020-11-17,2251.9009136266936,2308.6915058058075,2234.2032291067726,2274.9228515625,1832334
2020-11-18,2258.9501876402283,2295.874059640831,2250.2247095563807,2256.53466796875,1036844
2020-11-19,2256.534620165932,2381.05965131446,2244.9990998107764,2266.7392578125,2584654
2020-11-20,2302.1837066688336,2364.9390677424285,2292.0284156238645,2316.57861328125,2144949
2020-11-23,2340.6354295635283,2369.0800633969684,2295.7748937399647,2341.966552734375,1693126
2020-11-24,2349.163995785623,2389.341292808613,2264.5700267685856,2280.838134765625,2018323
2020-11-25,2302.676720181188,2321.9026658217504,2204.9202774771884,2209.997802734375,1501778
2020-11-26,2224.7376451464697,2285.422665267309,2212.4626664623993,2271.964599609375,1207176
2020-11-27,2282.415473624881,2341.6215746327493,2265.70373831834,2314.90234375,8998610
2020-12-01,2350.4952753882462,2473.5907303684376,2316.0365106631866,2428.385009765625,2001392
2020-12-02,2439.920348267843,2450.124984941507,2342.0652145774297,2377.657958984375,1611325
2020-12-03,2465.850697566562,2465.900043003485,2338.5649855067554,2356.31201171875,1745381
2020-12-04,2366.2701760852983,2410.637741886898,2366.2701760852983,2400.43310546875,1219317
2020-12-07,2400.4330443741223,2433.8567541863135,2384.0664871650893,2398.510498046875,778998
2020-12-08,2431.342983984426,2469.7948803248128,2381.799194468929,2416.011474609375,1412683
2020-12-09,2469.942143068593,2484.583535184706,2398.8062464699956,2408.369873046875,1650915
2020-12-10,2420.4479258648685,2420.4479258648685,2336.69186679811,2359.41796875,1121002
2020-12-11,2369.819422489136,2379.0872167305492,2312.0429022930534,2326.7333984375,1654915
2020-12-14,2342.4107096119437,2356.75627300108,2314.0154147951,2323.677734375,800654
2020-12-15,2327.818388168053,2358.9743764747554,2302.1837934656514,2322.099853515625,1060707
2020-12-16,2335.705957196877,2377.3621736137484,2326.83244364062,2356.114990234375,948217
2020-12-17,2361.340544746829,2388.947031282491,2346.797842018221,2370.70703125,1184865
2020-12-18,2371.1999500215948,2393.8767063003875,2333.881800470321,2354.1923828125,1065060
2020-12-21,2351.4811118081398,2399.792463790781,2272.3096031722457,2302.62744140625,1241568
2020-12-22,2307.1136676370725,2390.919078640983,2219.364472585919,2374.503173828125,1249868
2020-12-23,2356.4109753938396,2426.314451560017,2356.4109753938396,2399.595458984375,1093766
2020-12-24,2400.7784287160075,2418.3776605039334,2371.4958816493317,2379.136962890625,543157
2020-12-28,2391.4117042983694,2395.306142337466,2342.1144108681824,2355.2275390625,784636
2020-12-29,2369.228154011282,2381.6511694546775,2337.677883129734,2343.1005859375,585199
2020-12-30,2349.361360774967,2370.214020956757,2318.1560275958486,2362.671630859375,569168
2020-12-31,2356.5099401453112,2393.877202165493,2351.481518601607,2378.890869140625,855723
2021-01-01,2371.6926871855926,2395.8483599505257,2361.340256000621,2380.911376953125,423934
2021-01-04,2384.1163442084635,2394.863060340355,2364.5452179749923,2375.390625,527018
2021-01-05,2371.1998838959025,2480.4920829363805,2352.2697708025316,2474.181884765625,1720467
2021-01-06,2486.5557429811824,2503.16902890384,2446.131958103217,2466.984619140625,1108589
2021-01-07,2466.984479441174,2527.9653306791292,2464.8647920038316,2473.294677734375,1014690
2021-01-08,2498.2886420594095,2542.754905950166,2480.3444717878556,2517.61328125,862326
2021-01-11,2528.704974742638,2555.424207322566,2489.020648693943,2514.70458984375,422296
2021-01-12,2523.035555739615,2548.670149115633,2472.9494559245827,2481.872314453125,500012
2021-01-13,2492.471139814332,2502.0841119714482,2403.4895257446155,2444.35693359375,662618
2021-01-14,2447.0194601480653,2493.3589255384104,2440.21652853413,2476.696533203125,603193
2021-01-15,2484.5839461923447,2576.9670392243474,2474.823176973236,2555.917236328125,1941813
2021-01-18,2562.966373155226,2593.8758734776343,2511.253558718931,2572.579345703125,1572820
2021-01-19,2581.6990438233115,2621.6298482055317,2543.7401310155215,2608.319580078125,1202289
2021-01-20,2608.0733963593507,2645.14505854545,2606.1015045560357,2638.194091796875,1064146
2021-01-21,2637.405520115712,2647.264980003995,2538.219257355797,2548.7197265625,994932
2021-01-22,2553.6491412438695,2614.728439569296,2531.0217317356387,2561.388671875,1194708
2021-01-25,2574.157183640322,2669.9417402614063,2574.157183640322,2649.13818359375,1764152
2021-01-27,2660.0819277533747,2711.00593509023,2550.88842386209,2563.853515625,1665899
2021-01-28,2557.543424802283,2661.5607074995232,2544.2825018325293,2585.544189453125,1410605
2021-01-29,2585.74203276576,2638.8844249958056,2515.1482040591445,2525.254150390625,921579
2021-02-01,2553.600108563978,2638.933781955375,2492.570148199075,2626.067138671875,879244
2021-02-02,2641.8419326238095,2706.4213864722365,2640.3630138333874,2667.13134765625,607131
2021-02-03,2676.7443564152436,2768.6838091443256,2665.997642674924,2682.462890625,1286454
2021-02-04,2691.6325627379715,2709.2808997409998,2648.250939016187,2693.25927734375,455213
2021-02-05,2701.4920445247726,2743.8877225957817,2649.877675054534,2700.11181640625,941316
2021-02-08,2702.4778251190364,2740.9297168299604,2686.702690058145,2691.87890625,564043
2021-02-09,2707.9003453662426,2796.7341649769805,2699.6184963010023,2750.098876953125,1052950
2021-02-10,2774.3041062525867,2788.2551451540676,2707.062399929888,2717.760009765625,745906
2021-02-11,2721.2108205888353,2740.436766603865,2691.632442104174,2717.760009765625,581642
2021-02-12,2729.0982544936496,2750.7890643198275,2687.787217517572,2709.47802734375,693562
2021-02-15,2737.9717854112337,3083.052853071994,2721.6543324985278,3047.213623046875,4446974
2021-02-16,3045.5871688179345,3207.8246299183884,3004.177437160326,3157.738525390625,4381584
2021-02-17,3132.35053077002,3237.8467557597564,3132.35053077002,3189.535400390625,2081001
2021-02-18,3180.1689840543772,3192.296168610433,3050.517078488372,3063.087890625,1477343
2021-02-19,3046.67169038635,3065.552459131873,2855.299484327701,2878.912841796875,2037556
2021-02-22,2877.4340768633033,2926.189058782402,2826.6085120450844,2888.378173828125,1246303
2021-02-23,2903.8079827261836,3009.6000319926666,2896.2162470035896,2954.633544921875,1465930
2021-02-24,2972.6270239060173,3076.15134812165,2957.8871801714927,3016.6494140625,1088420
2021-02-25,3057.4183346930267,3095.8208805970216,3014.9239687461454,3047.904052734375,819639
2021-02-26,3026.8539123244063,3129.3429404646413,2978.197385886487,3015.663330078125,2103433
2021-03-01,2996.338989260192,3054.4604529654,2965.2816928533457,3037.84716796875,678218
2021-03-02,3061.8548107042293,3107.701292332871,3024.290177860214,3043.91064453125,944553
2021-03-03,3071.3204230392994,3075.6584890738086,3006.5435794917125,3014.036865234375,536623
2021-03-04,3015.022635312616,3037.995223481578,2974.5988524323616,2999.34619140625,687383
2021-03-05,2957.838240959802,2975.338783885481,2829.6652505182105,2839.03173828125,1486110
2021-03-08,2860.2289413175076,2894.5892508397924,2806.7413783852517,2826.3125,952087
2021-03-09,2830.157964629768,2885.814567629957,2786.9734821207653,2845.538818359375,883183
2021-03-10,2869.102629179482,2883.8424725517607,2840.263710999585,2863.28564453125,432551
2021-03-12,2889.905969931254,2988.401863814101,2886.35646859643,2934.52001953125,1512021
2021-03-15,2955.8658236865767,2982.486363126049,2874.032313557829,2954.485595703125,918701
2021-03-16,2959.8099401081918,3036.7137293581713,2948.7673928706026,3030.05859375,1081398
2021-03-17,3036.7136491180913,3038.981373036924,2928.259590221017,2955.2744140625,740599
2021-03-18,2983.472373045759,3021.9242641722576,2880.9339967084293,2917.1181640625,789785
2021-03-19,2912.4841877644835,2940.928823255103,2846.672298958363,2893.35693359375,2288304
2021-03-22,2872.0603605761353,2902.871169456329,2834.5944169778195,2864.271484375,488626
2021-03-23,2876.8915451548123,2926.090391697689,2856.137575807205,2905.336181640625,630061
2021-03-24,2916.2798087303395,2935.0127784673055,2863.2358778595735,2878.5673828125,627981
2021-03-25,2885.863879754913,2950.9363143513683,2748.3244157214963,2769.867431640625,1001626
2021-03-26,2800.0858212057074,2864.1722924656974,2779.380961260172,2811.621337890625,918204
2021-03-30,2861.7081942573545,2929.1468027064543,2834.5946799276126,2884.483642578125,1420415
2021-03-31,2860.2289984720655,2886.800191801677,2841.545372184087,2861.855712890625,665173
2021-04-01,2845.785217376369,2872.9971814413993,2803.4386458350336,2853.376953125,842489
2021-04-05,2880.9338588384676,2972.6268255982136,2845.439807189534,2878.468994140625,1241115
2021-04-06,2897.6949591186894,2972.6268464589484,2886.0607495213394,2941.618896484375,1015604
2021-04-07,2956.851919232312,3071.221650019557,2956.6054327435463,3054.263427734375,1240450
2021-04-08,3090.743452888408,3100.011248656625,3045.981361743484,3070.827392578125,800699
2021-04-09,3103.26498236145,3119.680886699209,3062.249533173378,3088.130615234375,934037
2021-04-12,3075.1655706102056,3075.1655706102056,2937.1824762042006,2962.521240234375,961549
2021-04-13,2989.73330587934,3018.8678162133324,2909.526506345404,2938.8583984375,544916
2021-04-15,2994.318095701494,2996.2406423197617,2861.5112134874494,2951.429443359375,692875
2021-04-16,2957.5917595081646,3029.812310015365,2951.92256953661,3017.98095703125,622872
2021-04-19,2995.303785053558,3197.5704996663303,2963.4083374049014,3113.025634765625,3552506
2021-04-20,3164.88665957911,3262.4953135661294,3137.0336850828144,3223.6982421875,2575420
2021-04-22,3223.0574982388557,3287.242679605347,3172.034792355142,3183.5703125,1307224
2021-04-23,3212.2119362299404,3252.635720571692,3126.434637748662,3155.076416015625,1030125
2021-04-26,3184.9505849188035,3207.28216432576,3107.7016237180433,3130.033203125,557667
2021-04-27,3155.0265593444065,3159.9562883433823,3113.419694734937,3146.202392578125,505348
2021-04-28,3164.8865166762716,3203.3384089349556,3137.871693783443,3154.28759765625,575824
2021-04-29,3154.287467717642,3214.1836820378253,3154.287467717642,3193.380126953125,589707
2021-04-30,3210.239846804144,3263.4809253445073,3138.068655146874,3152.56201171875,906562
2021-05-03,3163.7036027449208,3176.5209008656634,3095.870469164018,3159.266845703125,728281
2021-05-04,3187.711025439264,3197.6691757352037,3121.8991338242713,3136.54052734375,581864
2021-05-05,3154.830292426104,3309.820966954834,3131.512523374707,3286.0595703125,1679977
2021-05-06,3310.6589458610974,3338.314539207312,3254.31198628484,3300.109130859375,1124908
2021-05-07,3300.1087355363443,3349.2582351233023,3255.5933742646876,3264.319091796875,774478
2021-05-10,3268.4110872180036,3295.6232939112124,3215.76166553575,3276.98876953125,627199
2021-05-11,3268.4104633239435,3268.4104633239435,3199.640740905589,3212.40869140625,670759
2021-05-12,3228.8743345498983,3228.8743345498983,3140.829552714144,3151.82275390625,703372
2021-05-14,3155.0270412786117,3166.6119061958066,3051.847893853081,3096.806884765625,842794
2021-05-17,3102.7719677763967,3145.1182990485477,3071.3203876152934,3108.046875,847722
2021-05-18,3129.392471624585,3143.6393425800384,3095.870309042595,3119.0400390625,639445
2021-05-19,3135.5052460367183,3190.6197687859535,3117.2652460548607,3184.3095703125,711069
2021-05-20,3200.282027924305,3226.754774331323,3168.830446780497,3174.69677734375,752076
2021-05-21,3200.774589676696,3213.591886041126,3179.6754442528722,3202.105712890625,471439
2021-05-24,3202.3520796534312,3238.8320756347052,3194.6123085466043,3215.26806640625,611909
2021-05-25,3220.345981780081,3221.0854412477684,3126.0894520150327,3154.681884765625,622276
2021-05-26,3159.956567571261,3174.7457558750266,3133.4347194969528,3138.857421875,260821
2021-05-27,3141.716934743096,3178.2956276937516,3109.279407567589,3154.041259765625,1084157
2021-05-28,3154.041233628156,3161.9288015772104,3095.870420003879,3105.089111328125,555829
2021-05-31,3100.800091685158,3141.519708598624,3081.0811721831856,3124.21630859375,635444
2021-06-01,3145.1674241144888,3203.3382322720922,3116.4271973848086,3194.267578125,706976
2021-06-02,3198.70450882426,3254.6075963112216,3174.7459739842875,3227.5927734375,843219
2021-06-03,3225.029171799774,3386.7243060630462,3221.1347334761786,3377.505615234375,1098294
2021-06-04,3377.209967874397,3380.463396856821,3327.5674943052027,3332.64501953125,380548
2021-06-07,3332.644991186134,3332.644991186134,3261.509089641134,3268.70654296875,526855
2021-06-08,3252.635558147953,3265.945827937282,3209.845601923815,3243.2197265625,766456
2021-06-09,3243.7620329302945,3284.7774789313694,3205.3101425703303,3259.4384765625,587528
2021-06-10,3275.755880928934,3297.9890089367495,3250.7129515544184,3278.960205078125,749909
2021-06-11,3295.376493551732,3298.9750999322505,3255.297646851029,3289.657958984375,277612
2021-06-14,3297.989096164459,3312.778284936497,3238.8323410763073,3303.115966796875,317756
2021-06-15,3307.848395210098,3309.7709415155,3248.6916429857743,3251.9453125,461588
2021-06-16,3263.481315519413,3278.2705057710114,3231.931042982669,3247.9033203125,419575
2021-06-17,3211.225813044911,3236.8110611414354,3179.8726851195306,3195.056396484375,356502
2021-06-18,3189.534878574616,3207.2819041741036,3118.1031486785655,3176.224609375,520516
2021-06-21,3150.097485849193,3206.2964081319487,3136.2942417797444,3192.4931640625,200280
2021-06-22,3192.4926335574446,3256.5297677965204,3184.703757696344,3212.40869140625,567861
2021-06-23,3228.9239306836,3228.9239306836,3166.858675701154,3199.19775390625,504942
2021-06-24,3184.5065630981107,3235.529263374594,3097.595528379533,3158.231201171875,1754163
2021-06-25,3207.528747771569,3416.302808277411,3176.964422502709,3390.668212890625,3717669
2021-06-28,3399.3937137819244,3440.951237747733,3354.385138409782,3405.60498046875,1213113
2021-06-29,3371.9356001454858,3554.28627985356,3371.9356001454858,3540.68017578125,2268589
2021-06-30,3566.166764192071,3608.4146475495777,3532.2503172941624,3568.976806640625,1291906
2021-07-01,3568.9766398811526,3644.9929302556316,3544.47578607747,3626.7529296875,876022
2021-07-02,3648.9859867647947,3692.268917992216,3615.4638242276415,3680.7333984375,573795
2021-07-05,3707.1564949179015,3710.0649871111214,3650.6617480635673,3665.845458984375,444545
2021-07-06,3665.6482831955595,3698.0367033357925,3644.056163575042,3654.162109375,344090
2021-07-07,3662.7891955226255,3704.9877302239706,3645.633832317286,3663.380859375,466002
2021-07-08,3647.9999074348316,3667.7188258533984,3605.6042328349135,3619.8017578125,459811
2021-07-09,3621.3796853030603,3691.3818518308353,3621.3796853030603,3673.5361328125,469932
2021-07-12,3692.367468655025,3735.5519480725065,3677.6769707377484,3694.733642578125,464757
2021-07-13,3715.0444574454295,3716.9670039670227,3668.704996325489,3697.59326171875,246112
2021-07-14,3701.240736190479,3721.9455991260143,3656.7744818880064,3702.029541015625,395272
2021-07-15,3721.7982014466907,3744.622754124989,3697.8396664893066,3709.473876953125,399845
2021-07-16,3709.473930331606,3733.7774022988538,3689.8041155892606,3725.988525390625,226565
2021-07-19,3725.9885734183326,3864.8589211744934,3712.0866387265646,3829.167724609375,1044561
2021-07-20,3835.3296289876057,3853.076655548474,3763.65140874199,3828.378662109375,357815
2021-07-22,3835.329589839712,3947.727423577945,3835.329589839712,3929.290283203125,760359
2021-07-23,3929.290441819516,3943.5373126520153,3858.006501508178,3863.823486328125,335985
2021-07-26,3881.6690287736246,4100.351637979494,3874.767407437222,4042.723388671875,1982531
2021-07-27,4062.9845806346434,4130.768364890059,3993.52473640135,4020.93408203125,859687
2021-07-28,4042.3782475570483,4042.3782475570483,3929.4874403996623,3971.784423828125,455244
2021-07-29,3983.2216902661717,3997.5672521688,3937.079371058819,3981.9892578125,449417
2021-07-30,3974.3482083042904,4029.0188642433877,3951.178477990435,3978.2919921875,627367
2021-08-02,4002.595213892997,4035.4272608103693,3978.3410889529955,3991.2568359375,344295
2021-08-03,4033.1103221354824,4165.621352423472,4006.933410820376,4035.1806640625,981680
2021-08-04,4053.0263918879564,4070.576518533242,3995.693731558407,4009.25048828125,305863
2021-08-05,4027.391820541398,4053.9139094141738,3979.277612956428,4016.4970703125,270458
2021-08-06,4032.321596734148,4119.331081845831,4015.9547984828805,4030.59619140625,717143
2021-08-09,4051.251794375991,4053.223686220418,3933.9242296325633,3947.431640625,431991
2021-08-10,3967.4464216555157,4029.3638741910368,3943.783719339479,4005.701171875,364246
2021-08-11,4007.870634000993,4025.765458260157,3859.9787286873034,3969.763916015625,831738
2021-08-12,3970.4042250604252,4084.7248472023007,3919.48021450925,4075.01318359375,556973
2021-08-13,4086.69698307749,4087.4855472940526,3981.4470089847646,4006.983154296875,553736
2021-08-16,4087.731763452569,4313.020405022495,4067.1746948417294,4284.03369140625,3709012
2021-08-17,4283.935690764404,4904.095771199573,4271.36487832315,4851.34765625,8069431
2021-08-18,4784.754924701847,4896.234781710365,4697.987887557522,4723.490234375,2941548
2021-08-20,4655.516920670988,4868.315375654964,4634.010381236791,4682.64697265625,2331020
2021-08-23,4715.69653463145,4774.543990232606,4656.701193263985,4679.44091796875,699991
2021-08-24,4755.159508066286,4823.182158859494,4686.742334569306,4775.63037109375,1576663
2021-08-25,4799.553284019312,4814.351495583606,4686.100328693059,4707.458984375,469002
2021-08-26,4712.19470214386,4715.696752863137,4583.893918825526,4637.16748046875,800419
2021-08-27,4653.6432788959355,4766.9974895800515,4613.441468527478,4700.99755859375,937887
2021-08-30,4725.759989110599,4763.051291625092,4658.082734813331,4693.548828125,632354
2021-08-31,4701.983983989149,4978.118523964008,4701.983983989149,4902.69677734375,2883159
2021-09-01,4917.939021939396,5003.571147630344,4878.772895619244,4971.26171875,841956
2021-09-02,4971.261526815268,5053.09582704688,4945.562159505273,4975.65185546875,900686
2021-09-03,4986.010305947595,5005.0504771139285,4900.18068651399,4947.0908203125,567961
2021-09-06,4961.347191573979,4972.199213667301,4905.1139861813135,4928.2978515625,439776
2021-09-07,4952.862084803676,4955.427204186381,4794.619990512803,4811.4404296875,479021
2021-09-08,4834.082019763649,4835.512706107588,4727.633656936267,4746.673828125,642506
2021-09-09,4750.916487812168,4755.158448930117,4621.974550464232,4656.0595703125,838279
2021-09-13,4671.301724234609,4731.481112867831,4618.373555000527,4682.005859375,1151299
2021-09-14,4708.790927066264,4708.790927066264,4633.517550144113,4668.78662109375,528943
2021-09-15,4686.100829437754,4754.370112101157,4623.504195146829,4727.5849609375,659281
2021-09-16,4754.172005555147,4824.21687220682,4727.584359964997,4815.09130859375,779552
2021-09-17,4809.418975903135,4878.970573400811,4799.011092650595,4842.2216796875,814867
2021-09-20,4798.5661489903905,4885.924721209377,4717.373497501501,4812.4765625,434640
2021-09-21,4792.647320816726,4852.777578179367,4725.709982663293,4825.79541015625,462221
2021-09-22,4858.746694328206,4942.603236260775,4804.387827862325,4838.9169921875,562041
2021-09-23,4865.060423235872,5064.935050394519,4839.015664625071,5015.80517578125,696944
2021-09-24,5086.73739054525,5128.073632254178,4648.167433718793,4668.14501953125,1949974
2021-09-27,4684.9161610451165,4706.817706293503,4404.046401658979,4504.13134765625,1885178
2021-09-28,4518.387346230779,4567.615967918148,4317.1316653069625,4351.7099609375,1051440
2021-09-29,4360.539759681954,4446.468139524094,4340.808810543122,4363.99267578125,571896
2021-09-30,4385.203303067436,4440.104570912924,4324.6785222157605,4421.31103515625,808446
2021-10-01,4421.312195795391,4459.195530508491,4375.338977390522,4399.41064453125,534563
2021-10-04,4399.90241051323,4503.588632883355,4381.108876263664,4487.06396484375,535335
2021-10-05,4509.508794106289,4515.280193543445,4408.930079968776,4422.1005859375,425555
2021-10-06,4434.530368501106,4448.3420314953255,4297.4002859156435,4319.84423828125,480575
2021-10-07,4350.674887348969,4407.894647772153,4322.0650071373775,4368.728515625,276775
2021-10-08,4399.015049220044,4399.015049220044,4306.87161436787,4320.337890625,269607
2021-10-11,4341.8936266534565,4363.449782535016,4301.3464343358955,4318.265625,331320
2021-10-12,4290.495293477097,4347.764186049869,4235.544402275894,4292.76416015625,612692
2021-10-13,4326.010433769989,4349.6875718339525,4281.615799900057,4318.611328125,302343
2021-10-14,4344.705823678928,4370.158555136897,4254.337981154217,4270.171875,436160
2021-10-18,4389.149142841099,4389.149142841099,4263.512241971543,4272.14453125,345049
2021-10-19,4293.45423526006,4328.624553321729,4169.790423754433,4243.189453125,285362
2021-10-20,4243.189399485463,4259.270410744185,4079.373400361541,4090.96533203125,510321
2021-10-21,4130.673688940932,4177.929209913984,4020.427024326853,4079.225341796875,698306
2021-10-22,4099.597540769801,4133.09101621482,3948.507909433602,3974.207275390625,347114
2021-10-25,3990.9787797475524,4193.714271673322,3901.794990590853,4107.9833984375,1151030
2021-10-26,4107.982885245016,4250.53896759802,4079.9154223666233,4210.53466796875,790450
2021-10-27,4221.238774593593,4266.916207723467,4158.445129637784,4219.01904296875,623848
2021-10-28,4220.252611969662,4255.965823385957,4168.163097776001,4231.79541015625,537955
2021-10-29,4231.795275584688,4290.494848704466,4105.073063282236,4204.71435546875,705546
2021-11-01,4223.607086991851,4291.481358085256,4200.71899373035,4278.26171875,239375
2021-11-02,4281.61507856788,4335.875177489823,4213.099179153252,4232.18896484375,389193
2021-11-03,4258.9253810647515,4390.087058441152,4242.203208947445,4378.8896484375,667752
2021-11-04,4388.163398843803,4417.759824645358,4360.3921823092105,4378.84033203125,69818
2021-11-08,4378.8896168418905,4414.799847752594,4319.104744907454,4346.0869140625,285968
2021-11-09,4394.081440389324,4494.265120688494,4360.538833974138,4471.919921875,547476
2021-11-10,4461.2662057517955,4522.333395000577,4419.732462827789,4491.6025390625,359967
2021-11-11,4483.95666527418,4664.494838716897,4466.149195751315,4505.80859375,1110123
2021-11-12,4550.844426029639,4624.934232452618,4509.656071890369,4606.68310546875,423439
2021-11-15,4736.216969728241,5078.302309893798,4736.216969728241,5012.5986328125,3044498
2021-11-16,5011.661246428913,5134.979682610727,4972.199346850733,5028.28466796875,1118231
2021-11-17,5011.660632216453,5765.777344390916,5006.875781136486,5656.8134765625,6482125
2021-11-18,5656.813206547385,5765.185044439273,5471.539330550421,5513.41845703125,2165157
2021-11-22,5521.706925836389,5564.12847270274,5241.527406998166,5346.5947265625,1204625
2021-11-23,5302.198824042747,5465.472413284365,5278.028413550786,5380.8759765625,763056
2021-11-24,5392.469006554144,5407.7113591644365,5233.7335992094195,5324.5947265625,697909
2021-11-25,5327.356049932553,5672.6476457615145,5253.41412836928,5624.35595703125,1575738
2021-11-26,5632.19893142334,5855.5531594938975,5551.746186140677,5611.0869140625,2613669
2021-11-29,5692.378951433599,5779.195129549051,5475.338506144969,5650.45068359375,1189390
2021-11-30,5677.5811627270505,5751.523094447114,5553.868196027714,5611.23583984375,1352746
2021-12-01,5641.768910343312,5687.4458630982435,5457.284543231539,5496.0556640625,835169
2021-12-02,5550.068519966455,5730.853314222128,5503.7995475472135,5517.7099609375,1236317
2021-12-03,5517.710293138448,5578.57997670103,5347.086733201175,5359.31982421875,844674
2021-12-06,5393.45432647349,5394.44087381691,5205.072918562541,5228.50341796875,489242
2021-12-07,5228.503970933296,5362.1320154169225,5165.513301764159,5243.154296875,595254
2021-12-08,5241.5262668488385,5294.79982574397,5206.997108305697,5261.75048828125,557196
2021-12-09,5297.759775469744,5313.54453457729,5140.898731838518,5162.4052734375,689987
2021-12-10,5194.172972845668,5256.7199926433805,5160.1370815706105,5174.73779296875,416165
2021-12-13,5215.58003754013,5257.310797516947,5105.382506502196,5136.65625,480443
2021-12-14,5057.04265434634,5179.374548442896,4996.912389522686,5141.8857421875,1007056
2021-12-15,5159.642188487073,5199.005327961132,5100.4984873508565,5122.69580078125,377883
2021-12-16,5159.593901054757,5171.481604847854,5073.813409716237,5134.28857421875,265216
2021-12-17,5130.046489081788,5130.046489081788,4666.369210260934,4722.306640625,1133941
2021-12-20,4715.697429714258,4759.105523209535,4580.688297125613,4641.6572265625,994682
2021-12-21,4695.965080175687,4804.4852816083185,4631.88864128113,4782.38671875,1004676
2021-12-22,4834.27966874749,4834.328803431501,4686.100059445871,4711.30615234375,779992
2021-12-23,4738.387165987501,4833.095716463205,4722.15826855949,4811.93408203125,582129
2021-12-24,4814.351485867321,4839.952584506927,4758.858192613215,4777.35595703125,348742
2021-12-27,4789.046393191058,4794.6202895720135,4691.0328141800255,4774.9384765625,315490
2021-12-28,4789.490220403579,4828.163071940289,4745.490590855697,4779.033203125,348173
2021-12-29,4799.553547328969,4924.154302851034,4767.984027593198,4909.65234375,861183
2021-12-30,4932.688238318416,4942.257459794469,4873.544524531007,4903.880859375,617460
2021-12-31,4913.005956789826,4988.772602956489,4886.369177506026,4945.95654296875,504012
2022-01-03,4970.669886093724,4999.822168761271,4911.871565351409,4923.36474609375,310798
2022-01-04,4947.535370785801,4961.248283746154,4854.898663276522,4897.8134765625,369814
2022-01-05,4895.24850901542,5069.5220219267385,4855.786610514691,4906.34716796875,966342
2022-01-06,4903.141161661713,4970.226392847427,4839.01557302831,4897.666015625,585391
2022-01-07,4893.274918036405,4991.041858003398,4891.301823311391,4954.29296875,549876
2022-01-10,4954.293796933607,5016.594176947861,4896.2353786022095,4997.10986328125,542304
2022-01-11,4982.06412665113,5072.333209341938,4952.763477617281,4990.9921875,742409
2022-01-12,5006.728230250165,5030.405368678935,4938.311069322845,4946.943359375,360219
2022-01-13,4957.301886549535,4983.050869786019,4886.517111275897,4916.31103515625,457570
2022-01-14,4930.66548387488,4947.53554188565,4863.679007277418,4907.13623046875,207639
2022-01-17,4907.086399163994,4917.642648236444,4834.08189704535,4845.673828125,337077
2022-01-18,4834.0820284607535,4843.848750910435,4444.395824125652,4553.705078125,3507266
2022-01-19,4552.916552506059,4552.916552506059,4340.808847459731,4455.19921875,2404880
2022-01-20,4464.127712863533,4661.437225034297,4429.598548233649,4582.31591796875,2747887
2022-01-21,4587.396417423165,4670.06889941915,4483.710186128659,4628.53515625,1008450
2022-01-24,4626.907402576862,4647.427396240135,4402.221227537016,4437.63818359375,737762
2022-01-25,4355.606506048331,4473.992186846926,4192.924946026775,4425.6513671875,917284
2022-01-27,4367.445066325937,4367.445066325937,4094.1714536373697,4234.5078125,1244330
2022-01-28,4287.535272612063,4503.589166929145,4276.929887388736,4418.3515625,932049
2022-01-31,4522.3328383716635,4522.3328383716635,4299.422282503816,4397.38671875,934551
2022-02-01,4418.548372647502,4471.279524700461,4384.216715266997,4451.35107421875,548762
2022-02-02,4469.06013677275,4620.001902981631,4459.835821384123,4603.5263671875,676206
2022-02-03,4605.154338769154,4641.459092061654,4540.880387354568,4580.34228515625,777217
2022-02-04,4577.580408504733,4729.508723787002,4539.844966559624,4624.8359375,829635
2022-02-07,4624.342451562262,4660.992593231143,4390.185316403933,4414.94775390625,597040
2022-02-08,4436.997078081494,4468.764098095994,4321.07775475196,4340.3154296875,628869
2022-02-09,4453.965966081585,4525.293154045654,4370.454339052459,4515.67431640625,842211
2022-02-10,4514.49035357645,4560.808949938686,4467.185691457682,4528.89404296875,487802
2022-02-11,4547.9838468871785,4551.3876283513555,4416.230624658613,4454.1630859375,572726
2022-02-14,4418.8446015881955,4615.0687851441735,4343.521610473174,4425.9970703125,1094132
2022-02-15,4469.060186837682,4612.109574716592,4441.338105671722,4600.66552734375,791080
2022-02-16,4631.84028032934,4660.450156395273,4493.772771939906,4523.12255859375,584166
2022-02-17,4522.33314029001,4604.709845615974,4488.790529738121,4503.29296875,520450
2022-02-18,4443.410144911394,4531.015374266321,4402.517556465541,4411.396484375,388145
2022-02-21,4410.854065822694,4464.078498465518,4331.5848743808865,4367.1005859375,392246
2022-02-22,4268.790324645877,4543.592892517843,4242.1535465628085,4514.48974609375,833525
2022-02-23,4533.186178255492,4671.302840922689,4528.746714098333,4548.7734375,755051
2022-02-24,4365.47213667484,4473.992347982012,4292.516765570122,4323.00146484375,814710
2022-02-25,4508.522021526126,4683.7329517905455,4405.674445870963,4571.11865234375,1187316
2022-02-28,4552.916521369067,4761.078035130469,4509.705935368101,4738.18994140625,1617666
2022-03-02,4762.0642674048595,4837.979282003468,4715.894042083984,4795.853515625,1194676
2022-03-03,4814.351279342995,4902.153997347406,4809.467677061083,4851.642578125,930907
2022-03-04,4814.351376125652,4823.624825466652,4668.539861148527,4683.38720703125,738388
2022-03-07,4557.849064792801,4669.1314207027,4522.185472024444,4601.6025390625,643012
2022-03-08,4597.312018569009,4676.2358300465885,4533.58094445832,4658.724609375,670238
2022-03-09,4714.709546388038,4750.126498113184,4630.853025893587,4647.5751953125,447387
2022-03-10,4740.953094199082,4754.1727352819,4681.16821517174,4705.5361328125,363906
2022-03-11,4684.127029773175,4797.579980157319,4671.548550491455,4788.7998046875,436703
2022-03-14,4824.216290494566,4949.063658456191,4798.61519540907,4857.265625,626924
2022-03-15,4883.360108082548,4931.750061530364,4636.772412321006,4748.203125,686998
2022-03-16,4827.768514219977,4890.463409600186,4767.194599434151,4877.14501953125,477521
2022-03-17,4880.449348095739,4930.76325890085,4759.991830002174,4774.7900390625,852493
2022-03-21,4809.418213605896,4848.781355565512,4691.08166918302,4703.265625,509842
2022-03-22,4733.4540287951895,4763.050448316627,4411.69171757381,4614.673828125,1255679
2022-03-23,4634.306499622679,4652.606761555625,4533.777413993609,4546.2080078125,896055
2022-03-24,4538.068821656465,4621.974483794638,4497.274991075973,4566.28369140625,719101
2022-03-25,4607.176112796801,4699.9115634612335,4560.216362713574,4620.19873046875,968364
2022-03-28,4649.401254005055,4656.504589283953,4538.168014080952,4595.9306640625,524802
2022-03-29,4622.862404641715,4634.306450921583,4537.180665880346,4551.68310546875,778391
2022-03-30,4614.082190980742,4630.557725249997,4518.041705223645,4552.71875,4839707
2022-03-31,4562.781592075142,4572.3512942613925,4440.301832275793,4455.3466796875,1225845
2022-04-01,4496.682683918571,4496.682683918571,4395.167061047563,4446.27001953125,827880
2022-04-04,4495.697281468492,4521.643289903152,4438.477522345128,4503.54052734375,619577
2022-04-05,4543.050677895304,4543.050677895304,4481.046078815388,4492.9833984375,487075
2022-04-06,4505.561918943418,4546.996909220542,4437.638034968044,4451.05517578125,653418
2022-04-07,4470.04664509396,4522.037890128707,4429.59819829439,4475.47265625,413722
2022-04-08,4512.46765708422,4566.2344885908,4453.274815058629,4544.18505859375,685882
2022-04-11,4545.024133011831,4623.602541595373,4513.947888125816,4599.43212890625,652187
2022-04-12,4606.189730778787,4619.014846756539,4532.741085436548,4564.06396484375,574409
2022-04-13,4566.728386496806,4699.912299259188,4566.728386496806,4680.62548828125,812061
2022-04-18,4660.943539270914,4680.6253540553325,4457.221485961686,4493.23046875,579482
2022-04-19,4532.199174463206,4804.486282027821,4521.741674714211,4751.55810546875,1713344
2022-04-20,4741.347589401541,4784.7556821884045,4667.7510448340045,4716.634765625,777140
2022-04-21,4774.889974924517,4837.683627942306,4705.930399934977,4819.53125,771623
2022-04-22,4784.705702228213,4794.6203108031705,4723.588898791271,4748.943359375,381911
2022-04-25,4701.49063287186,4701.49063287186,4546.356046068679,4613.14501953125,421185
2022-04-26,4669.32876845264,4677.221147524608,4539.104513765181,4561.84423828125,548203
2022-04-27,4557.848719022191,4596.274930669539,4439.463038008628,4462.1044921875,476441
2022-04-28,4518.387568452288,4541.078161044952,4444.445640340264,4476.8046875,552600
2022-04-29,4483.858164458922,4534.172084456151,4371.391755053352,4394.427734375,465103
2022-05-02,4380.270377199605,4380.270377199605,4232.2882698617805,4246.83984375,568610
2022-05-04,4244.620517156182,4267.163223334158,3942.29309118857,3959.31103515625,1729814
2022-05-05,3987.624770625527,3999.6112257335476,3877.1314568427315,3895.974609375,1122769
2022-05-06,3846.203190627043,3846.203190627043,3740.050827560535,3775.862548828125,891448
2022-05-09,3753.8130682823653,3756.723335104909,3689.342095721114,3715.68310546875,521295
2022-05-10,3719.283449332525,3731.8125523035824,3612.539075960604,3637.30126953125,836241
2022-05-11,3659.9924759541886,3684.6561634679806,3570.956564029398,3630.1494140625,524764
2022-05-12,3600.898125349676,3600.898125349676,3493.8083534779466,3532.678466796875,717916
2022-05-13,3553.4450691563716,3662.9518331893482,3482.512405733389,3500.072998046875,957908
2022-05-16,3532.826652971261,3658.019436344467,3505.2526980845687,3637.154052734375,600622
2022-05-17,3662.0640943507196,3781.386958952012,3628.5708569607727,3761.853271484375,843357
2022-05-18,3770.584514620984,3790.3154644620145,3674.8894078919843,3684.7548828125,427461
2022-05-19,3561.0415671341434,3667.8353224569473,3561.0415671341434,3582.94287109375,572640
2022-05-20,3645.292786709485,3645.292786709485,3537.7591158701525,3618.656005859375,692428
2022-05-23,3618.655819154059,3714.0055278609516,3616.682724378075,3666.947265625,401917
2022-05-24,3689.686930723394,3689.686930723394,3564.8886963018676,3582.79443359375,471324
2022-05-25,3601.1447609520205,3624.5258869015897,3439.2522311399475,3476.88916015625,370431
2022-05-26,3340.4497350466368,3659.1045680118064,3316.3286975646542,3613.526123046875,1730687
2022-05-27,3650.2255127917233,3827.8040512518614,3524.9339884337373,3809.799560546875,1733752
2022-05-30,3837.6692983633143,3862.8756320289644,3769.054880088928,3839.593017578125,666686
2022-05-31,3803.140177995097,3945.992287845653,3787.404795339113,3925.76806640625,1361696
2022-06-01,3886.552857995189,3936.07748930589,3739.064021689347,3787.35546875,794887
2022-06-02,3793.275272481097,3793.275272481097,3575.0016303389793,3596.21240234375,1891062
2022-06-03,3639.373740189017,3644.2571021597787,3498.642835165875,3540.521728515625,1305662
2022-06-06,3531.938584568014,3600.7994031614617,3494.4497818662544,3584.8173828125,561188
2022-06-07,3584.817511656311,3584.817511656311,3477.5798492974654,3560.745849609375,490554
2022-06-08,3551.5709645743636,3595.965601631543,3509.149422497503,3587.283935546875,342056
2022-06-09,3576.0369541734103,3631.1354802622122,3513.0951838097726,3620.67822265625,483671
2022-06-10,3571.7951947807414,3665.023932774604,3547.1315074807776,3650.718994140625,624657
2022-06-13,3599.911569734878,3628.570820729049,3543.6783662613543,3602.7724609375,523342
2022-06-14,3579.391102386411,3707.2971128033337,3574.0144674171206,3656.341796875,655865
2022-06-15,3687.6649656903933,3705.570946291229,3596.8532254082243,3672.6201171875,466405
2022-06-16,3694.619984526509,3724.216406298417,3597.9383400716097,3614.3642578125,678602
2022-06-17,3551.5703362462004,3673.9022033835695,3508.2610054328206,3651.458251953125,768620
2022-06-20,3650.225787007174,3773.544225757416,3633.3557282436104,3760.423095703125,673219
2022-06-21,3798.158080140341,3816.951856111789,3743.0101773211513,3756.9697265625,596024
2022-06-22,3738.0774816688427,3756.5258699147334,3663.2971404269933,3736.794921875,359601
2022-06-23,3711.194217746946,3805.1134861112805,3673.0640145766397,3798.700927734375,646244
2022-06-24,3849.5079384504065,3869.2388863666056,3711.3913030370145,3786.763427734375,1024811
2022-06-27,3797.2206871041762,3817.9381811102007,3724.216184416281,3743.453857421875,708737
2022-06-28,3708.4810731737634,3794.90248139012,3672.8172399477185,3785.727783203125,463753
2022-06-29,3716.521606319714,3766.5888907658323,3645.2929266681253,3663.05078125,567477
2022-06-30,3664.0369606437494,3714.8441505934406,3607.211735347791,3633.947265625,534241
2022-07-01,3630.4943766920405,3694.6199567151334,3586.297005674096,3685.888916015625,316894
2022-07-04,3681.7950148714604,3731.911672569911,3650.274872601901,3719.382568359375,300790
2022-07-05,3710.404722158445,3822.6244874191534,3710.404722158445,3766.0458984375,468762
2022-07-06,3757.8573266392555,3837.225006849345,3732.601620022511,3831.25634765625,390568
2022-07-07,3841.665319411327,3877.131653669944,3816.212345880092,3862.580078125,398354
2022-07-08,3865.2927472031274,3892.9160746461307,3857.400367933698,3883.198486328125,268377
2022-07-11,3882.064348721636,3914.768301466814,3842.6518249154083,3880.337890625,199806
2022-07-12,3847.5350382525503,4043.562208399337,3847.5350382525503,3876.83544921875,1125104
2022-07-13,3897.996784734683,3905.691902865931,3809.256891508403,3816.261474609375,385514
2022-07-14,3874.1715826215946,3925.7680590513487,3827.853231046461,3845.611083984375,656393
2022-07-15,3845.611368119676,3890.943175658738,3822.8714010338763,3878.80859375,318645
2022-07-18,3887.0953891127106,3917.3823452022693,3837.8171552932213,3894.001220703125,291155
2022-07-19,3891.3378162824306,3978.696644537596,3870.6203190293313,3966.1181640625,412946
2022-07-20,4034.979443540539,4085.984144106057,3975.8359666163888,4054.95703125,753440
2022-07-21,4056.682768537934,4113.754629997162,4041.2433986042784,4094.220703125,542974
2022-07-22,4094.36912605091,4113.508048865854,4034.929405594767,4069.8037109375,378496
2022-07-25,4088.251757767091,4195.686655734635,4082.3816090109653,4133.5341796875,1127478
2022-07-26,4128.70102635046,4132.598081414021,4033.005924903388,4054.907470703125,363638
2022-07-27,4056.68246984429,4081.2970174958973,3967.8932134517836,4070.099609375,440198
2022-07-28,4093.185718743475,4149.418928183913,4079.3740532668758,4134.12744140625,364711
2022-07-29,4149.4187325760795,4195.588962307705,4130.674330312897,4155.6337890625,333278
2022-08-01,4182.960069933725,4235.986981197625,4133.632710618469,4230.4130859375,311325
2022-08-02,4253.005618976272,4289.754507704379,4213.494590357659,4267.705078125,440869
2022-08-03,4267.754848149384,4327.736736406622,4222.52155425418,4252.068359375,367949
2022-08-04,4264.795923700715,4349.688147688034,4252.019940243917,4336.66552734375,358472
2022-08-05,4336.665605692876,4362.51334465337,4276.683706257883,4315.2578125,207510
2022-08-08,4329.907689310531,4414.355766946645,4321.127031501696,4367.791015625,445755
2022-08-10,4379.184993067711,4563.718966335539,4337.947505981324,4456.38232421875,867000
2022-08-11,4478.5301486368235,4491.256512263166,4358.565902510416,4370.05908203125,446510
2022-08-12,4291.529955765384,4335.67794812022,4218.5750708344785,4254.73193359375,1412625
2022-08-16,4291.481184938071,4322.606562686319,4150.306155822072,4290.88916015625,596342
2022-08-17,4290.494343955032,4311.260972594506,4228.193976324042,4247.826171875,502434
2022-08-18,4268.600201828796,4291.946524336015,4204.299155914805,4220.77001953125,580509
2022-08-19,4244.85876317436,4263.110563047244,4075.697530710409,4090.882568359375,719126
2022-08-22,4088.557813513171,4088.557813513171,3952.635373565558,3981.6201171875,723542
2022-08-23,3981.521396129421,4049.4331064523776,3944.968767578447,4027.175048828125,497236
2022-08-24,4035.1388643696564,4174.622703515555,4034.100106626128,4165.47216796875,956039
2022-08-25,4169.675566680589,4194.258448063008,4112.002667238663,4123.97216796875,414795
2022-08-26,4161.762539569865,4190.203393625638,4111.508980224512,4169.923828125,342452
2022-08-29,4055.912297497942,4226.062764612489,4042.062840872339,4205.783203125,914112
2022-08-30,4205.783391987552,4290.858629365167,4187.680366083447,4276.41552734375,848217
2022-09-01,4251.78312076472,4282.400505132811,4198.3637888612075,4231.1572265625,390072
2022-09-02,4263.456134470299,4350.707905041536,4237.93375743473,4265.97900390625,735146
2022-09-05,4235.955130866974,4262.269194423387,4187.482033853317,4236.4990234375,522750
2022-09-06,4252.673725602635,4374.450124870838,4245.600706335238,4368.02001953125,1078704
2022-09-07,4332.111101793668,4362.579719319448,4288.38618667796,4329.43994140625,396347
2022-09-08,4352.686973746642,4397.104069213491,4314.106339206615,4367.32763671875,562760
2022-09-09,4389.189175591156,4426.780555235388,4367.52476656022,4412.38720703125,476210
2022-09-12,4424.902046747787,4453.392168524593,4399.230892633816,4433.40966796875,331303
2022-09-13,4471.396258587551,4471.396258587551,4418.273503630529,4441.81787109375,309270
2022-09-14,4357.979973846598,4431.827176055736,4357.979973846598,4379.99072265625,362669
2022-09-15,4401.901261809769,4411.200085785911,4281.509724463043,4295.16162109375,427750
2022-09-16,4295.310112758485,4316.3808788741,4211.2241248302325,4233.7294921875,458526
2022-09-19,4249.705508903612,4284.428170456186,4181.249915693729,4261.87353515625,266140
2022-09-20,4270.084520359679,4545.589799850046,4270.084520359679,4510.3232421875,1173769
2022-09-21,4507.009121553915,4618.299403857431,4507.009121553915,4555.2841796875,1177984
2022-09-22,4520.412882457489,4581.40033896883,4473.572429164144,4559.33984375,511789
2022-09-23,4560.428540833194,4668.256460779142,4335.721187753821,4370.9384765625,1205497
2022-09-26,4370.9392252293155,4372.91771951216,4146.033791020809,4236.64892578125,843901
2022-09-27,4288.385675250375,4307.280389249209,4159.7835673420595,4197.32568359375,651304
2022-09-28,4183.525773864467,4248.816079155328,4138.1194308819795,4223.04638671875,395837
2022-09-29,4251.24002589564,4357.2870222733145,4238.874437486575,4344.4765625,631907
2022-09-30,4305.4009206103565,4436.673705679483,4305.4009206103565,4336.26513671875,761064
2022-10-03,4337.847637509466,4441.718561554732,4304.163973924214,4318.2607421875,454169
2022-10-04,4382.363880401467,4396.7572299566355,4318.260872834973,4357.0390625,307009
2022-10-06,4378.852193975432,4402.148765578735,4314.4023711289565,4343.28857421875,272050
2022-10-07,4332.5060169536655,4385.331707210829,4306.735844217823,4346.85009765625,501530
2022-10-10,4327.954798381785,4372.470904879427,4248.815053497089,4293.9248046875,207878
2022-10-11,4315.441634204225,4315.441634204225,4217.802764645247,4229.57470703125,258216
2022-10-12,4233.976198758115,4303.223473036869,4199.352561618738,4240.9501953125,621343
2022-10-13,4224.183497778421,4271.519060941814,4190.450080177455,4220.1767578125,277038
2022-10-14,4254.75108012976,4277.503759702647,4218.198212560156,4250.9423828125,254366
2022-10-17,4243.8690045052945,4254.305365604797,4175.660240696132,4244.7099609375,254734
2022-10-18,4278.493120557826,4329.9339627009485,4212.213573950341,4319.05224609375,387469
2022-10-19,4332.902193552407,4358.5235962186225,4294.4205788961945,4341.55810546875,249672
2022-10-20,4336.858708068247,4346.058511659105,4249.01377051493,4276.02001953125,370651
2022-10-21,4297.437397060945,4382.364351356481,4276.218338044965,4341.8544921875,364601
2022-10-24,4362.777291230713,4387.310423498174,4273.547019055718,4362.7275390625,30919
2022-10-25,4390.0799559180205,4402.049940713018,4324.9876993099615,4356.69287109375,474364
2022-10-27,4397.203326881089,4450.6226698848195,4355.506658531562,4384.19482421875,421237
2022-10-28,4406.353988670849,4534.708802619334,4367.526039171981,4517.8916015625,691801
2022-10-31,4532.829288161573,4575.267892657028,4443.203403214928,4468.923828125,433481
2022-11-01,4527.783816967728,4597.031111524805,4421.934381001911,4462.83984375,866656
2022-11-02,4463.48159016749,4484.057730526917,4323.008543668425,4335.9677734375,643118
2022-11-03,4323.0095467594565,4377.418133732402,4302.581692074861,4347.74072265625,457168
2022-11-04,4362.579175016691,4362.579175016691,4293.381155660985,4315.68896484375,669679
2022-11-07,4337.303823471315,4372.471358036903,4289.81997161933,4316.87548828125,356178
2022-11-09,4300.256211948895,4387.309937886669,4297.288471291926,4314.3037109375,378028
2022-11-10,4327.460902465442,4330.379374260957,4204.2996537840045,4239.36865234375,527721
2022-11-11,4338.837199270637,4491.181232259164,4283.488638229065,4373.8564453125,1685313
2022-11-14,4382.363881440899,4518.879957205874,4377.615689409189,4507.70166015625,886587
2022-11-15,4510.96633512167,4579.2243783504855,4478.321184012238,4562.35791015625,492794
2022-11-16,4555.481776647179,4560.4280109323545,4413.0302292341075,4431.083984375,499585
2022-11-17,4441.718549672685,4467.389699758913,4323.70158854734,4352.98291015625,430622
2022-11-18,4382.364068697133,4401.159761091093,4273.546902205781,4351.845703125,385705
2022-11-21,4356.594301416836,4392.256460774569,4294.321012662704,4371.333984375,336664
2022-11-22,4373.411512586568,4431.826351982434,4332.901656625683,4421.73583984375,310657
2022-11-23,4434.102291612376,4566.5131187795905,4400.171307699241,4555.68115234375,799422
2022-11-24,4580.213009097655,4781.030123751397,4564.3850591742075,4763.27294921875,1822610
2022-11-25,4763.22379540237,4832.47107799389,4699.9612633082625,4737.94873046875,1069669
2022-11-28,4709.805588712465,4717.571275293718,4632.8916243095255,4671.07666015625,598162
2022-11-29,4674.192029175197,4789.933927040487,4657.028497287311,4668.45458984375,910558
2022-11-30,4668.454371976914,4708.914475385913,4592.677959449982,4675.57666015625,1113421
2022-12-01,4713.762031684245,4742.450195150948,4650.499491792774,4724.34716796875,611403
2022-12-02,4719.697330688512,4830.443723056247,4692.047684449018,4819.0673828125,996306
2022-12-05,4832.471851544763,4849.239782297239,4715.691430207466,4726.96875,684834
2022-12-06,4719.0536095889975,4748.38468085523,4664.298702131752,4736.56298828125,354855
2022-12-07,4753.034996746585,4763.224047082567,4660.243343352579,4676.56591796875,354913
2022-12-08,4687.0523727697555,4726.473963055705,4631.060894927052,4653.91259765625,336491
2022-12-09,4677.159790872098,4685.024497692149,4624.977011902448,4634.72119140625,271785
2022-12-12,4626.708030802401,4704.858540623523,4580.213423693632,4691.3056640625,445259
2022-12-13,4694.966415839229,4710.151454392946,4611.176998981409,4628.53857421875,363818
2022-12-14,4661.331679132298,4661.331679132298,4606.527494111976,4615.974609375,356293
2022-12-15,4629.626499024715,4636.204894695974,4577.888593250118,4592.974609375,316614
2022-12-16,4588.127282666628,4588.127282666628,4502.755465423092,4516.060546875,342890
2022-12-19,4550.535711902796,4570.320649780634,4472.434476417745,4560.87353515625,308464
2022-12-20,4560.775045206308,4566.809548568232,4491.428733259266,4547.22216796875,282355
2022-12-21,4561.219377007622,4736.959473818579,4552.712240159895,4714.94873046875,877375
2022-12-22,4743.439507125657,4796.660804107999,4674.19221505083,4730.28271484375,902304
2022-12-23,4714.454313151327,4753.331524499457,4635.957472222802,4649.60888671875,473498
2022-12-26,4672.905665719441,4689.0301966009565,4602.471094870453,4633.681640625,247357
2022-12-27,4634.621913228134,4662.024246674455,4575.910010741499,4593.86474609375,226485
2022-12-28,4601.976998910887,4629.280312449528,4532.729709589356,4539.30810546875,313366
2022-12-29,4539.308691565612,4560.4292141418255,4430.34321812021,4475.79931640625,530411
2022-12-30,4501.07352953204,4533.174785608796,4420.054302606609,4429.4521484375,348965
2023-01-02,4439.74021094416,4468.131790977774,4398.191839986127,4406.4521484375,246577
2023-01-03,4418.966467671223,4460.4655736479845,4377.517113864254,4442.609375,430096
2023-01-04,4446.665149495594,4465.559863310947,4377.417861294328,4385.62841796875,414977
2023-01-05,4407.590093271805,4407.590093271805,4309.160014878685,4381.42431640625,468816
2023-01-06,4394.283978438524,4426.187190814733,4322.019685942838,4340.271484375,299640
2023-01-09,4376.774084926686,4404.274952181004,4333.939409561426,4360.30322265625,407803
2023-01-10,4362.579369959593,4440.7298847502525,4358.622381868927,4418.6201171875,557940
2023-01-11,4425.891460385965,4434.250791470495,4289.424631733266,4313.7109375,462687
2023-01-12,4323.948899035976,4335.275486139429,4278.740122825456,4312.869140625,207917
2023-01-13,4318.063205201005,4323.009440258509,4222.155514223696,4288.9296875,366497
2023-01-16,4317.320425133788,4317.320425133788,4238.922614813148,4248.46875,210854
2023-01-17,4269.787815423793,4289.820065863945,4229.030648476477,4276.3662109375,294500
2023-01-18,4290.364090770496,4305.202795257827,4258.708187864188,4293.1337890625,331806
2023-01-19,4293.1338976204615,4293.1338976204615,4239.5662696728095,4271.716796875,162244
2023-01-20,4255.74078643676,4275.971081713841,4218.347441358206,4239.1708984375,242706
2023-01-23,4248.221208626148,4306.685789010972,4240.801857892811,4288.830078125,161350
2023-01-24,4303.175343638098,4303.175343638098,4244.660994950072,4258.70849609375,178860
2023-01-25,4268.551658633963,4271.568668858434,4148.902037330308,4178.92578125,423714
2023-01-27,4182.535965924603,4239.269373232208,4147.0220982032415,4198.51220703125,421866
2023-01-30,4190.945034572712,4214.192339733212,4078.6654968826374,4192.13232421875,623069
2023-01-31,4193.912676198701,4257.471796247236,4082.6716573138997,4210.13623046875,671038
2023-02-01,4229.030773180058,4305.202789445523,4166.213590935161,4216.8134765625,321331
2023-02-02,4216.171059409341,4216.171059409341,4125.1603279532965,4185.9990234375,479256
2023-02-03,4199.353197905613,4213.993859187788,4113.288715404368,4205.88232421875,413966
2023-02-06,4165.719155966338,4289.02869906363,4144.598635712624,4274.23974609375,257669
2023-02-07,4258.708708492954,4313.117298264642,4225.420640629711,4269.19482421875,319090
2023-02-08,4273.546915029889,4356.940241478937,4256.284362172388,4344.03076171875,250175
2023-02-09,4300.60245802283,4357.08855065802,4278.492693969243,4342.10107421875,284239
2023-02-10,4338.243839474194,4377.714699462558,4303.47190288994,4368.76220703125,359807
2023-02-13,4382.759224450287,4391.86048884208,4281.460441840965,4311.78076171875,272935
2023-02-14,4333.346829340764,4333.346829340764,4205.337892489857,4222.94677734375,339582
2023-02-15,4125.15961702142,4465.460554252923,4125.15961702142,4439.64111328125,2724361
2023-02-16,4461.454755765657,4617.805052827423,4451.759845227893,4593.22216796875,1419679
2023-02-17,4590.254170233455,4618.7447724092535,4526.794074557508,4565.078125,408098
2023-02-20,4543.611616573518,4599.94942824084,4526.151503070264,4561.0224609375,232327
2023-02-21,4561.41781152639,4590.105973863034,4442.708174271312,4453.63916015625,490637
2023-02-22,4456.558092473274,4487.175482791487,4392.257032315502,4401.25927734375,333978
2023-02-23,4423.269470440757,4469.714325176315,4353.675850525258,4400.2197265625,443522
2023-02-24,4413.097586262187,4443.756330432505,4355.495268684374,4428.55078125,358946
2023-02-27,4442.765292422152,4452.423477840461,4373.473809717018,4397.94140625,215703
2023-02-28,4407.10440387732,4431.274535833561,4320.230068749735,4360.2001953125,312308
2023-03-01,4360.20083789862,4404.133303508549,4296.407370814767,4372.236328125,287008
2023-03-02,4387.292550799682,4408.293105997251,4340.091362811634,4360.7451171875,313250
2023-03-03,4375.158218921428,4403.14219349199,4352.523296735681,4366.78759765625,168868
2023-03-06,4374.415702044958,4446.629125389624,4370.502704671511,4379.4677734375,242661
2023-03-08,4373.325561671221,4399.378189378277,4318.942642111547,4334.84130859375,246734
2023-03-09,4357.575350966489,4495.514056950141,4343.855677369,4376.544921875,684685
2023-03-10,4358.268493538581,4358.268493538581,4251.235703425966,4276.5947265625,328154
2023-03-13,4286.253973114751,4394.178217979515,4281.301056575446,4304.08447265625,496455
2023-03-14,4304.084198986983,4313.742385624526,4234.743371845651,4259.11181640625,279237
2023-03-15,4293.930296009806,4326.817849960042,4268.719761448017,4288.0361328125,279479
2023-03-16,4290.166745660675,4328.848828330703,4225.828169715968,4278.37841796875,300181
2023-03-17,4299.131033500374,4334.99033835907,4256.238974957393,4305.56982421875,368653
2023-03-20,4281.300502523259,4312.900009218015,4155.496438705476,4272.38525390625,563835
2023-03-21,4279.319266933786,4312.899939444615,4225.827776097113,4233.75244140625,239304
2023-03-22,4234.79190865092,4254.554234131372,4171.444412301382,4244.74755859375,302705
2023-03-23,4235.733937471018,4258.864152879307,4203.589317835209,4232.8115234375,233054
2023-03-24,4237.219639978154,4313.643037157191,4220.875017170523,4243.0146484375,354933
2023-03-27,4264.1637815855975,4366.391679703123,4236.724432912017,4277.4375,495895
2023-03-28,4293.979425134202,4302.597691570895,4205.074591976958,4292.791015625,343628
2023-03-29,4292.791016115499,4338.75397518909,4270.502896379938,4321.9140625,250790
2023-03-31,4343.558502907038,4359.5069879213415,4259.4580925148375,4270.3046875,465663
2023-04-03,4302.598133879708,4303.044089793474,4180.409599290169,4194.47607421875,493574
2023-04-05,4209.978042774456,4209.978042774456,4128.750231125631,4161.39013671875,622533
2023-04-06,4177.289921648639,4185.214588324758,4143.758579038662,4162.3818359375,286725
2023-04-10,4175.307757782998,4203.687866802116,4147.868412497022,4197.1005859375,323560
2023-04-11,4222.855990005055,4246.431675622123,4181.399988229312,4231.07763671875,284178
2023-04-12,4247.323140690461,4288.184691538866,4226.322586538755,4279.51708984375,304498
2023-04-13,4288.2350951706085,4438.902911467307,4279.616827008469,4356.88232421875,1257056
2023-04-17,4368.471506224091,4406.509800834173,4299.130688664979,4345.39111328125,334963
2023-04-18,4338.75367379978,4342.81516096165,4253.464378132981,4297.79296875,409038
2023-04-19,4313.989639888182,4313.989639888182,4181.796124384352,4279.6162109375,517278
2023-04-20,4279.616662111719,4317.803936971521,4193.287427791672,4307.4521484375,484517
2023-04-21,4299.131239320632,4386.302563988884,4277.784364082546,4320.23046875,485292
2023-04-24,4321.22058179847,4420.18022314054,4321.22058179847,4357.62451171875,571150
2023-04-25,4368.42300568806,4404.380985909109,4341.82574741716,4374.9111328125,252655
2023-04-26,4378.328034743991,4446.430623933317,4359.556291232359,4368.86767578125,438486
2023-04-27,4378.229334487332,4396.703614773451,4323.945083910257,4375.9013671875,400508
2023-04-28,4401.1115553448635,4486.35104106876,4389.22455766484,4471.1953125,713399
2023-05-02,4487.094150442996,4530.233854370633,4434.741732750253,4448.5107421875,384900
2023-05-03,4467.282193720302,4481.843958954238,4439.793512335361,4472.9287109375,287955
2023-05-04,4467.530341704634,4526.866180105044,4457.624509461387,4510.32373046875,391146
2023-05-05,4507.153561668251,4586.400217697583,4478.921940457802,4559.1591796875,332169
2023-05-08,4567.580040655793,4616.118627077855,4541.824872350207,4581.54736328125,274255
2023-05-09,4602.14977511884,4604.130941253219,4539.148595308963,4549.79736328125,207566
2023-05-10,4549.797903568977,4590.362478460676,4533.899236925878,4557.97021484375,293523
2023-05-11,4567.529379789445,4601.25854117669,4541.476753813576,4552.0263671875,409446
2023-05-12,4551.7298229390035,4596.3060671244775,4492.294830691704,4561.88330078125,427837
2023-05-15,4566.5393740937,4644.844785285982,4547.866783391894,4582.28955078125,401847
2023-05-16,4581.447234357523,4598.5347943126935,4498.238246749732,4512.20556640625,310725
2023-05-17,4536.9208800765855,4556.287073931237,4416.020380975186,4439.94287109375,266803
2023-05-18,4467.530065241937,4487.242573449495,4391.255161689027,4400.17041015625,167057
2023-05-19,4413.048636641072,4422.954469719952,4368.720033613084,4405.2724609375,177405
2023-05-22,4417.8032344514295,4581.447790069483,4410.02754244624,4561.93310546875,361967
2023-05-23,4561.635745441758,4573.572079814851,4490.313753330617,4507.5498046875,433331
2023-05-24,4498.188581040335,4563.616402189298,4480.754221512617,4493.73095703125,225979
2023-05-25,4525.974416633682,4554.651992326597,4488.28292121378,4525.13232421875,202680
2023-05-26,4546.776749469737,4576.494244564311,4508.391651639246,4566.4892578125,289579
2023-05-29,4591.35308127137,4621.070576943029,4537.514788209573,4596.751953125,332364
2023-05-30,4628.004906222585,4749.846644978017,4492.740958012507,4555.8408203125,1298380
2023-05-31,4556.682774557632,4686.449175311338,4482.389033668105,4578.42626953125,1655511
2023-06-01,4644.844021106773,4801.356146364796,4641.872271893013,4768.91455078125,1692479
2023-06-02,4794.076072157972,4955.095667742017,4760.743042928213,4920.52392578125,1326161
2023-06-05,4921.16781205917,4962.029367482769,4887.586655928138,4903.5849609375,698352
2023-06-06,4922.207835371503,4922.653791277045,4847.418805069522,4893.580078125,382992
2023-06-07,4917.701028256467,4992.539396571069,4903.436243033982,4979.1171875,552840
2023-06-08,4972.727878380686,4981.197171632527,4873.669554110154,4880.2568359375,411502
2023-06-09,4880.2563329768145,4919.087385562212,4860.840806684116,4880.30615234375,249400
2023-06-12,4902.395663128522,4947.96248481046,4868.765174087834,4878.3740234375,343835
2023-06-13,4878.622258931433,4943.01016691733,4870.449947533223,4904.4267578125,308751
2023-06-14,4918.245395592621,4975.253263049127,4904.426567019948,4961.8310546875,360156
2023-06-15,4992.489406834036,5210.268710868058,4970.745914670659,5169.60546875,1712253
2023-06-16,5169.605640725909,5244.147020264041,5114.429967647675,5151.08154296875,797312
2023-06-19,5170.84452441691,5212.399684901557,5086.941930327123,5096.55078125,327818
2023-06-20,5126.218362449489,5148.9519550747855,5053.063701556894,5113.439453125,334154
2023-06-21,5121.167243938842,5124.287484642095,5038.701183027098,5070.54833984375,410174
2023-06-22,5081.592602610494,5106.456337381717,5007.398018518833,5018.29443359375,329800
2023-06-23,5036.521404128246,5036.521404128246,4953.906857411951,4997.9384765625,335552
2023-06-26,5002.395158009746,5007.397409030181,4952.9646759671705,4989.517578125,430106
2023-06-27,4992.539812659044,5101.50397523692,4989.518727079048,5094.37158203125,556456
2023-06-28,5096.550747050612,5127.20949166505,5067.972323967532,5078.62109375,362944
2023-06-30,5079.7105918008365,5100.463503077983,5016.362603408356,5050.19140625,411015
2023-07-03,5079.214911474518,5094.073658168251,5012.350551352718,5020.7705078125,150815
2023-07-04,5071.6865785497275,5076.441667884887,5004.475415011361,5061.83056640625,233404
2023-07-05,5076.739174732405,5100.017881192153,5002.841567276728,5029.8349609375,279982
2023-07-06,5042.068402909289,5259.996703231498,5022.455049353569,5233.30029296875,1251554
2023-07-07,5225.276319568181,5225.276319568181,5081.691111170148,5097.7880859375,559765
2023-07-10,5131.072440959888,5154.499636700999,5062.623045694173,5109.77490234375,271366
2023-07-11,5151.032366071428,5222.750489200865,5116.461110966547,5207.49560546875,503174
2023-07-12,5212.102469755711,5238.650392130854,5156.82811566118,5202.5927734375,263391
2023-07-13,5240.085979106572,5240.085979106572,5119.333983621189,5133.2021484375,338327
2023-07-14,5131.2216095286885,5149.498065298481,5048.2602562858265,5123.0986328125,508041
2023-07-17,5103.682648858303,5268.862387501107,5103.682648858303,5170.150390625,469609
2023-07-18,5157.471368499306,5273.864893093307,5058.363714009777,5113.98486328125,511024
2023-07-19,5113.9852106495955,5174.757590100098,5113.9852106495955,5126.86279296875,265631
2023-07-20,5121.3148561288135,5160.93818190157,5084.316478951866,5146.525390625,276787
2023-07-21,5081.740502404229,5203.532884756373,5076.787587037052,5155.8857421875,313184
2023-07-24,5095.559915772235,5176.490755652705,5095.559915772235,5132.01318359375,249814
2023-07-25,5105.267233010529,5170.844030859838,5105.267233010529,5163.11767578125,547945
2023-07-26,5147.070191654948,5205.514599142947,5094.618618919137,5107.19921875,297720
2023-07-27,5098.284123233931,5215.42058752157,5095.758329528071,5166.38671875,363050
2023-07-28,5128.249782796377,5313.488861294141,5128.249782796377,5296.599609375,453505
2023-07-31,5289.665014907956,5289.665014907956,5109.972833355026,5124.73291015625,689230
2023-08-01,5160.9379077278045,5160.9379077278045,4974.262330624736,4985.01025390625,1044095
2023-08-02,4985.605419596957,4996.204853680157,4929.142175226398,4949.69677734375,1016605
2023-08-03,4913.292512759931,4982.633334512591,4909.627161565444,4949.25048828125,412037
2023-08-04,4977.681122810636,4989.023495160791,4917.2555410212935,4933.40185546875,358846
2023-08-07,4933.401192778486,4977.581299118327,4909.677015948117,4967.18017578125,608113
2023-08-08,4969.756574108355,5007.39874070515,4933.253481606127,4976.046875,519420
2023-08-09,4976.045898004156,4978.6708465805805,4911.31119326433,4934.44140625,268668
2023-08-10,4934.490758035775,4934.540577402691,4857.423583198672,4876.1455078125,370166
2023-08-11,4883.575213268185,4964.803036288061,4765.8443023131,4859.94970703125,1066479
2023-08-14,4817.206110218056,4881.148062419168,4685.458544382358,4775.453125,832136
2023-08-16,4754.799614386349,4907.300099658553,4709.331939810426,4895.36328125,667417
2023-08-17,4893.976620432097,4913.292994098411,4826.666294106185,4846.67626953125,375779
2023-08-18,4837.943090782229,4857.840691818788,4788.471419099763,4811.544921875,336848
2023-08-21,4843.947261486189,4907.9082012702975,4803.258501453218,4895.205078125,243126
2023-08-22,4910.338767619385,4921.354600785296,4868.905705594221,4882.30322265625,175172
2023-08-23,4920.361922277624,4949.141772165895,4873.718717286287,4908.05615234375,597123
2023-08-24,4917.385294923868,4945.668943946134,4862.9021521432605,4882.6015625,534065
2023-08-25,4862.802552730963,4875.803203409297,4809.2124837824995,4828.564453125,249504
2023-08-28,4837.893534650415,4874.563233431403,4805.243382231299,4868.2119140625,204098
2023-08-29,4868.757277351542,4907.4612182028895,4822.014728793076,4841.36669921875,591619
2023-08-30,4844.889732219975,4852.829001632223,4808.220037792337,4837.49609375,396122
2023-08-31,4850.3479605473985,4874.512724064668,4769.317404773,4777.5546875,488260
2023-09-01,4803.25851704175,4813.133178277492,4764.753250032496,4803.60595703125,206097
2023-09-04,4823.10621292173,4833.030299779593,4781.028181559299,4788.22314453125,354446
2023-09-05,4823.105774384969,4954.103708997894,4795.367760309473,4946.66064453125,800554
2023-09-06,4942.194610308768,5005.36131800153,4916.391987845308,4994.8916015625,535407
2023-09-07,4991.766602412625,5006.602822529475,4949.142452629226,4990.873046875,334709
2023-09-08,5001.73887934938,5011.464288896106,4940.160125269716,4947.30517578125,292671
2023-09-11,4966.01296602522,5068.032383088166,4965.764863858652,5057.26513671875,543287
2023-09-12,5072.201135249939,5086.094857788287,4928.301866102758,4941.40185546875,483061
2023-09-13,4937.232763213898,4983.082234161387,4907.4605053452715,4972.95947265625,232238
2023-09-14,4963.036103840929,5061.284569003947,4957.577855776317,5045.95166015625,414391
2023-09-15,5045.951521215216,5111.301731795197,5023.275369812656,5053.146484375,658355
2023-09-18,5061.284500621374,5122.81384160932,5028.882452645055,5036.623046875,371912
2023-09-20,5013.1025572972385,5021.388781350103,4891.581931827692,4968.294921875,509910
2023-09-21,4952.118746098408,5008.636607781975,4937.67939528778,4981.9404296875,422586
2023-09-22,4974.945030423939,4978.715989818844,4917.385323309519,4951.6728515625,348459
2023-09-25,4976.829689128612,5074.63184539697,4935.099102184493,5058.35595703125,386746
2023-09-26,5058.307039493224,5058.307039493224,4992.063760135528,5015.3359375,267102
2023-09-27,5015.633467380698,5079.991267176422,4981.8915722697075,5066.59375,460768
2023-09-28,5066.593559421344,5106.438669499031,4957.081168816958,4981.99072265625,407714
2023-09-29,5015.633814200039,5147.574751124035,4988.441911409954,5098.748046875,410567
2023-10-03,5099.938504559606,5115.817042582291,5027.5421014326175,5080.09033203125,268482
2023-10-04,5046.397667618741,5058.15780629594,4944.477111849029,5009.0830078125,442482
2023-10-05,5016.576744816165,5041.287625481554,4988.491286781353,5008.736328125,363289
2023-10-06,5011.663748703128,5045.405643248851,4990.624491215388,5021.8359375,407753
2023-10-09,4962.043152327542,5027.542121938266,4949.1912667332035,5008.98388671875,176296
2023-10-10,5030.469735742464,5045.950922147276,4994.792452962925,5028.23681640625,202645
2023-10-11,5034.439641395176,5100.980447370063,5026.549798818944,5054.1884765625,336099
2023-10-12,5054.138982706153,5075.128814990329,4834.717800319452,4955.9404296875,1029595
2023-10-13,4951.077515430961,4990.922627319965,4896.296362050055,4979.2119140625,410013
2023-10-16,4991.815411084043,5011.1179527757995,4948.546297882207,4983.57861328125,259806
2023-10-17,5011.664259632651,5029.527617389757,4974.151402172564,4990.625,217907
2023-10-18,4982.8841901550495,5001.690529255429,4900.961044033214,4939.46630859375,341459
2023-10-19,4939.465737791771,4981.8417791284755,4897.685238534002,4959.115234375,231958
2023-10-20,4952.218202143633,4961.993523670566,4902.99463916205,4939.76318359375,252447
2023-10-23,4939.217857031268,4972.512973449273,4906.617135924382,4931.82421875,363474
2023-10-25,4922.347041492202,4933.610976899236,4794.822526405156,4823.0068359375,894230
2023-10-26,4823.006095414361,4823.006095414361,4690.122690785421,4724.162109375,836962
2023-10-27,4743.66417747864,4823.651931343922,4740.537702402074,4793.53271484375,333727
2023-10-30,4803.257425646719,4831.441731807929,4746.739564380851,4804.994140625,234759
2023-10-31,4795.318788936047,4862.45513988362,4768.722429880214,4783.310546875,276660
2023-11-01,4798.296003169596,4819.136585603218,4753.637612240406,4760.1376953125,281746
2023-11-02,4801.074664811404,4857.840636869821,4773.68457206705,4849.9013671875,214035
2023-11-03,4913.167236771864,5126.286999251641,4899.571044124941,5114.08056640625,1262458
2023-11-06,5102.0222567266255,5188.312382005438,5088.575313453115,5125.7412109375,399720
2023-11-07,5110.905058606391,5142.61271197457,5082.174631485945,5097.85498046875,222204
2023-11-08,5096.018602254312,5114.52692733201,5048.829763068127,5072.1513671875,400498
2023-11-09,5108.4231643253115,5272.666784275935,5083.166172140565,5257.3837890625,1032216
2023-11-10,5259.766476034859,5297.478009259259,5179.03392575665,5238.4296875,696409
2023-11-13,5210.145847914087,5238.925701169232,5160.724086843704,5181.0185546875,150128
2023-11-15,5243.738415690933,5254.803674956531,5167.471715863769,5185.28564453125,356675
2023-11-16,5184.342787110747,5327.2496326972605,5162.261694650331,5298.2216796875,449045
2023-11-17,5291.7219315707725,5451.6484987038975,5265.869393860774,5437.35791015625,735541
2023-11-20,5433.437831437071,5552.526879797336,5413.6390833173455,5432.39599609375,526567
2023-11-21,5458.2474768234315,5478.39317822626,5381.236470053708,5425.29931640625,382979
2023-11-22,5425.497835304111,5497.894236758836,5397.859158781888,5490.00439453125,302473
2023-11-23,5488.019298571493,5507.867469633235,5431.749539781661,5452.2431640625,234584
2023-11-24,5451.3004493276085,5451.3004493276085,5354.044406357628,5360.29638671875,270183
2023-11-28,5360.297183882857,5383.66870067414,5300.455130128577,5326.05908203125,362746
2023-11-29,5331.318856894285,5393.741267006924,5323.7764538838355,5380.79052734375,277119
2023-11-30,5341.143381649679,5507.868035703404,5341.143381649679,5486.97802734375,775261
2023-12-01,5507.868047080194,5644.473001819446,5488.367313882466,5548.70556640625,546990
2023-12-04,5583.291191249799,5615.296370936576,5527.319439038067,5579.8671875,936113
2023-12-05,5567.412450725176,5645.812733008116,5483.05771662328,5537.8388671875,787929
2023-12-06,5492.138744020759,5596.192897560832,5466.931658882467,5501.02099609375,574427
2023-12-07,5448.571515761318,5477.896997135867,5400.191594738893,5419.9404296875,510609
2023-12-08,5453.285289808521,5530.246383371736,5397.759834474659,5513.17724609375,456382
2023-12-11,5507.868067286138,5513.177550536178,5448.323547639801,5505.23828125,238128
2023-12-12,5507.868181740506,5507.868181740506,5362.182781141587,5387.7373046875,615205
2023-12-13,5361.934578592292,5410.612029673608,5328.638977210086,5385.5537109375,476781
2023-12-14,5453.086935733396,5490.947713942794,5410.711376504993,5474.02685546875,490550
2023-12-15,5488.019824858398,5545.579526457274,5458.247565410704,5509.05908203125,349758
2023-12-18,5508.364693037664,5565.1800932135775,5452.293599414274,5456.908203125,428321
2023-12-19,5466.980494789575,5632.266443697515,5461.919598410576,5513.326171875,682732
2023-12-20,5513.326990476789,5563.244958400343,5334.296543051504,5361.19091796875,437044
2023-12-21,5303.432543159814,5510.845979073062,5244.731660484932,5434.28173828125,487514
2023-12-22,5468.171959699305,5506.875899159972,5421.2312218242705,5499.33349609375,220537
2023-12-26,5499.3332246415075,5602.146858228239,5484.198992650722,5590.38671875,243281
2023-12-27,5592.22287360346,5671.615567461185,5572.970242257872,5644.27490234375,307177
2023-12-28,5631.919561120725,5726.198390778252,5631.671458937416,5716.7705078125,568149
2023-12-29,5696.425222502625,5715.231558835287,5634.201010998449,5660.7978515625,325682
2024-01-01,5697.418309216411,5721.236117859713,5664.520057942763,5706.3994140625,127030
2024-01-02,5694.540167705427,5738.751779203808,5636.881128263737,5702.7275390625,166449
2024-01-03,5686.501198884867,5742.0760797116645,5629.983336071384,5724.51025390625,198997
2024-01-04,5724.511313649283,5795.617789673101,5687.990864746386,5718.4580078125,220702
2024-01-05,5718.4567363275955,5764.702587063132,5671.614858973124,5710.56689453125,144894
2024-01-08,5706.349508143865,5731.010959020051,5597.184561031547,5638.86572265625,157009
2024-01-09,5658.9130642370565,5804.598467084968,5631.621825077399,5753.63818359375,329437
2024-01-10,5755.970210373643,5775.123503623174,5677.867455240998,5756.86328125,239740
2024-01-11,5759.939240472634,5847.271193119359,5758.202525505228,5825.3388671875,213210
2024-01-12,5825.438895382605,5877.044146244598,5699.254229853239,5751.703125,250919
2024-01-15,5790.704390266605,5879.177523238976,5759.939722554819,5851.63818359375,375458
2024-01-16,5837.347453855351,5922.14896355254,5784.74979743673,5859.72607421875,347797
2024-01-17,5828.267463681545,5934.95139770462,5786.983165321426,5880.91455078125,378205
2024-01-18,5913.763754638523,5983.18294068802,5793.682295616663,5945.3720703125,591170
2024-01-19,5941.551085845255,6073.541447364784,5905.824371448992,6048.3837890625,326813
2024-01-23,6379.20324751168,6379.898127445002,6087.087644077621,6107.03515625,982889
2024-01-24,6106.835803331202,6182.705635334577,6037.169009709863,6166.18212890625,435151
2024-01-25,6162.907455520471,6190.844148093801,6072.648174972156,6122.0205078125,337391
2024-01-29,6151.991202669586,6300.803086985071,6130.902516955547,6281.69921875,554591
2024-01-30,6282.9386696196625,6339.357193855345,6236.0967911893185,6261.8994140625,304312
2024-01-31,6232.326734887719,6323.280896770968,6208.062147957891,6304.72314453125,499281
2024-02-01,6241.90360100619,6328.590602281987,6220.219372891671,6240.216796875,255111
2024-02-02,6272.022728442056,6310.776092768199,6243.540406082764,6272.568359375,239428
2024-02-05,6272.568447525743,6298.420984215415,6162.064129390009,6187.171875,147909
2024-02-06,6212.429188781007,6250.090809131144,6108.325125921007,6150.25439453125,326654
2024-02-07,6190.397113517691,6201.412946548995,6108.275296974291,6131.05126953125,323738
2024-02-08,6154.422187277449,6314.894858359985,6103.313142264986,6183.6982421875,794455
2024-02-09,6221.806231099565,6424.803696118574,6166.430026373967,6388.4814453125,933104
2024-02-12,6415.822784000852,6627.106495241825,6326.605340506116,6564.23779296875,709946
2024-02-13,6564.23773617535,6688.834451149964,6548.1605218546365,6667.89453125,521773
2024-02-14,6667.79531918213,6723.568881445493,6649.138229621373,6702.82763671875,452781
2024-02-15,6698.758318245529,6713.04890574288,6535.606434787167,6577.28759765625,446114
2024-02-16,6580.711335612641,6609.888538251145,6475.56592747945,6550.44287109375,391508
2024-02-19,6569.745396070645,6625.270854992632,6461.62227763329,6606.61328125,334607
2024-02-20,6622.853504107458,6739.56670796687,6593.402141582712,6714.18798828125,559251
2024-02-21,6739.517528648387,6776.269773157458,6672.3201314217895,6714.88330078125,537325
2024-02-22,6719.701464410911,6828.418779669073,6645.2531366652665,6723.87353515625,564432
2024-02-23,6733.607478245551,6741.355055052249,6678.0818844330315,6728.6904296875,352524
2024-02-26,6724.617643959539,6746.2714740479705,6526.900220120916,6539.91259765625,453443
2024-02-27,6543.885775554505,6623.797264435205,6526.006306222389,6576.267578125,313760
2024-02-28,6585.604758154835,6585.604758154835,6302.810948064697,6319.7470703125,536602
2024-02-29,6349.744642322766,6349.744642322766,6021.457703870001,6060.7431640625,1543361
2024-03-01,6061.141287913831,6066.107808143193,5902.063741969702,6044.65234375,1749136
2024-03-04,6103.85263331002,6130.423513365519,5982.5206555916375,5992.900390625,551616
2024-03-05,5994.638789618554,6062.630638775883,5936.183240363723,6020.5146484375,724456
2024-03-06,5984.656154595706,6038.195139208756,5905.191840509788,6013.759765625,588776
2024-03-07,6024.884755716486,6101.716908749595,5991.609075341166,6008.29638671875,738112
2024-03-11,6008.29636777837,6183.3167069665715,5995.681699399268,6163.15283203125,521556
2024-03-12,6198.217032790207,6232.237695189737,6066.604251244582,6103.654296875,482112
2024-03-13,6138.618036614268,6138.618036614268,5916.167436574041,5968.1669921875,356191
2024-03-14,5968.167613761409,6054.187836546346,5939.957877366227,5982.81884765625,439181
2024-03-15,5974.723101238706,5990.46706543217,5901.814690239226,5943.13623046875,764270
2024-03-18,5957.588594100379,6103.803125323437,5938.61639220082,6095.458984375,419258
2024-03-19,6036.307829640553,6084.681923810352,5993.645232923515,6072.265625,542392
2024-03-20,6106.8326341335105,6159.179945870593,6032.782019277638,6132.7080078125,413963
2024-03-21,6148.452403463625,6172.788351744117,6064.717069303194,6141.10205078125,350032
2024-03-22,6127.840479339412,6348.105612753867,6127.393783604415,6333.2060546875,727548
2024-03-26,6355.158665432844,6420.170602896818,6267.251265950067,6280.11474609375,629120
2024-03-27,6312.446132701666,6356.548727798777,6178.3501094263365,6189.7236328125,603420
2024-03-28,6189.724112489483,6382.573977979633,6071.570413264708,6314.234375,818070
2024-04-01,6358.138857440401,6513.094280305688,6330.078019645885,6414.01220703125,440465
2024-04-02,6426.179564207986,6426.179564207986,6361.317013712648,6376.7626953125,213898
2024-04-03,6356.697761889825,6366.084677723872,6268.7408957895705,6332.36181640625,289202
2024-04-04,6381.977993910548,6431.643192306739,6284.038125670919,6397.4736328125,547885
2024-04-05,6397.473326238201,6436.609403696612,6338.818438736087,6354.91015625,239001
2024-04-08,6354.910046599111,6354.910046599111,6237.948511999128,6265.5126953125,491584
2024-04-09,6305.294652276853,6496.207866454712,6288.557868642516,6461.49169921875,592624
2024-04-10,6461.490993868864,6472.268437607718,6407.803114960237,6446.39306640625,174947
2024-04-12,6406.810127178499,6434.523208865821,6320.094891089728,6363.65087890625,450885
2024-04-15,6282.747063893507,6356.251557980549,6240.928869579485,6260.94384765625,251305
2024-04-16,6257.764763107775,6305.0955944013485,6160.470457317524,6292.33154296875,290190
2024-04-18,6263.874094456811,6291.984402050263,6012.667624174102,6033.47705078125,518459
2024-04-19,6098.885857155995,6157.4907864022825,6009.488507458269,6128.23779296875,560178
2024-04-22,6113.28936144734,6216.096323655447,6108.819493525248,6196.7763671875,197001
2024-04-23,6199.706517458012,6261.5891586752605,6139.611629321153,6153.41845703125,217146
2024-04-24,6188.184077940416,6268.244471978081,6144.727030852381,6241.2763671875,207837
2024-04-25,6237.949009215323,6359.330949864292,6127.543368578448,6341.35205078125,520353
2024-04-26,6337.279388915862,6337.279388915862,6209.192646760598,6216.6923828125,261065
2024-04-29,6158.4839985597855,6158.4839985597855,5694.611090926331,5928.38525390625,2785015
2024-04-30,5959.824004953833,5982.669996972822,5861.486908872094,5907.2783203125,1040838
2024-05-02,5907.277840028499,5959.823520397669,5899.679162042328,5918.65087890625,572406
2024-05-03,5959.823560301182,5987.338273075912,5920.14087442417,5969.359375,563849
2024-05-06,6009.488712703728,6045.396552389697,5946.116116647161,6016.14404296875,419144
2024-05-07,6039.2875831532565,6039.2875831532565,5817.1847388494325,5860.7412109375,455928
2024-05-08,5852.547384452771,5870.426857114032,5773.7286121353645,5807.35205078125,511587
2024-05-09,5820.66128864038,5852.546440076939,5751.229444678458,5767.51953125,598157
2024-05-10,5780.979275343617,5841.620284943058,5714.72571065272,5803.32861328125,372227
2024-05-13,5781.028901905479,5803.278813047932,5751.428638646102,5791.11083984375,348407
2024-05-14,5815.794415664045,5855.1788188463515,5701.564465569874,5823.5419921875,558136
2024-05-15,5830.644507992367,5844.054110840573,5781.028783449329,5809.6357421875,509306
2024-05-16,5850.560475108828,5904.695542323332,5810.828315685339,5891.9814453125,378026
2024-05-17,5885.325520023793,5933.0041065151245,5870.525389136107,5913.1875,267904
2024-05-21,5959.82339868869,6001.442735087198,5880.756311263753,5908.419921875,606639
2024-05-22,5918.700981103324,5918.700981103324,5805.812084805545,5828.8564453125,735701
2024-05-23,5839.0874816020505,5951.330821853053,5821.356910055642,5930.07373046875,308200
2024-05-24,5898.5364079224655,5931.862045071405,5827.714033226092,5874.7470703125,608807
2024-05-27,5910.157841956789,5919.59422842714,5878.37211910929,5899.529296875,189637
2024-05-28,5904.3477849056235,5931.465274700718,5840.925228466722,5864.96337890625,314362
2024-05-29,5870.326440825704,5905.191503644337,5841.520628612804,5863.919921875,337183
2024-05-30,5860.492443070055,5862.230724726898,5711.496872483528,5727.8369140625,643549
2024-05-31,5816.7384270056045,5919.445957850548,5704.544552484965,5800.1005859375,1382132
2024-06-03,5946.214989470475,5977.851815937368,5773.628435484072,5812.02001953125,804820
2024-06-04,5711.845499710527,5923.816466893485,5655.078275634189,5806.55712890625,642000
2024-06-05,5875.392807386243,5904.943599612742,5738.118008820151,5894.9111328125,487289
2024-06-06,5930.024067630147,5934.990586949771,5860.492797155422,5922.07763671875,490549
2024-06-07,5947.65552794014,5990.615922342614,5925.505044599721,5974.27587890625,436163
2024-06-10,5999.555673509177,6034.321310690108,5951.92655656663,6016.14404296875,443756
2024-06-11,6041.026024931326,6125.953508818633,6018.627215875658,6067.05078125,521348
2024-06-12,6076.337653356273,6147.408837237361,6034.321093083174,6127.29443359375,321285
2024-06-13,6166.38085987103,6168.963061884385,6118.751746025152,6164.642578125,401804
2024-06-14,6168.417035411717,6178.300602927224,6133.651399946433,6166.033203125,216573
2024-06-18,6183.317211535036,6207.9509559795215,6124.911132119916,6194.59130859375,267887
2024-06-19,6223.049266298782,6227.022482111262,6087.016095914276,6132.21142578125,401714
2024-06-20,6124.414643472004,6152.227155366045,6074.798914856342,6134.49658203125,252844
2024-06-21,6111.004930063739,6197.322948786428,6103.852947414404,6128.685546875,434583
2024-06-24,6128.685083370269,6252.848071282957,6114.927727307209,6217.63525390625,357273
2024-06-25,6216.095803132226,6272.714125404284,6200.4512667149465,6253.19580078125,348730
2024-06-26,6237.749985154317,6243.5609102957815,6083.986726862137,6095.70751953125,538411
2024-06-27,6074.798590331834,6158.8816721173125,6014.455375785351,6151.03466796875,440975
2024-06-28,6180.833663816669,6180.833663816669,6104.001508333623,6144.2802734375,334692
2024-07-01,6138.617826507919,6138.617826507919,6067.547129657134,6099.38232421875,374933
2024-07-02,6093.6716540471025,6122.477469763695,6036.308348611474,6056.7705078125,436037
2024-07-03,6091.187982282883,6176.115467705882,6038.344019570566,6151.2333984375,188203
2024-07-04,6159.427975102992,6202.189513732242,6119.745290535609,6183.3662109375,222050
2024-07-05,6159.477140191978,6300.377387546868,6117.758378719947,6286.1728515625,350300
2024-07-08,6337.278421361714,6345.175380797375,6250.662133572931,6275.1474609375,317731
2024-07-09,6267.051685170936,6307.87656974623,6214.009357443425,6277.97802734375,176239
2024-07-10,6277.978872962075,6374.031560642007,6258.957198983227,6333.00830078125,295890
2024-07-11,6353.072295100121,6368.7168314711735,6297.5467042839255,6346.26806640625,354777
2024-07-12,6342.444218516864,6376.961528836321,6277.680610617848,6311.353515625,211028
2024-07-15,6298.043355825104,6423.3985015694025,6298.043355825104,6394.1455078125,359221
2024-07-16,6394.1457960050175,6420.716676434258,6360.125136016176,6410.48583984375,298376
2024-07-18,6388.930883888752,6495.909911257048,6386.944276026846,6477.18603515625,583444
2024-07-19,6481.556070725283,6481.556070725283,6322.379125729501,6339.2158203125,228785
2024-07-22,6339.216313013924,6390.917589405353,6327.4950354425655,6359.28076171875,222285
2024-07-23,6361.117927667184,6431.046422499296,6282.448067848775,6360.720703125,284679
2024-07-24,6357.144984770195,6400.800885349966,6307.529260767204,6379.59375,309594
2024-07-25,6361.912813723196,6391.066381056662,6329.332638839931,6343.0400390625,412373
2024-07-26,6389.92401486175,6635.220607975716,6350.737981841646,6619.92333984375,432671
2024-07-29,6731.620807454301,6731.620807454301,6572.096097544016,6636.9091796875,367708
2024-07-30,6636.90895683933,6668.198029926968,6540.012354663078,6596.53125,264929
2024-07-31,6619.625840263317,6641.975179109537,6540.062096968432,6571.00341796875,352268
2024-08-01,6571.003081958918,6689.9017525455765,6562.361629053946,6661.4931640625,361725
2024-08-02,6661.493371985256,6750.3446024328705,6636.263549192728,6665.21826171875,587569
2024-08-05,6644.2103527948075,6711.258371753343,6555.85576936254,6642.81982421875,907845
2024-08-06,6644.35874583707,6689.901827066726,6586.647691722252,6613.11962890625,334936
2024-08-07,6656.328424585223,6722.680932455258,6617.390716905574,6675.35009765625,358284
2024-08-08,6694.867824303537,6699.1887929728855,6456.474904743767,6498.09423828125,509454
2024-08-09,6538.1747057515995,6553.819242439751,6486.274576103603,6543.7373046875,115598
2024-08-12,6506.140247196892,6547.759581699533,6377.954578773954,6458.85888671875,230114
2024-08-13,6466.706899589566,6597.525231656459,6466.706899589566,6545.27734375,400126
2024-08-14,6555.805663488394,6819.031193916337,6416.991445083469,6472.21923828125,1723346
2024-08-16,6522.309890171482,6680.089666564443,6522.110729708442,6652.333984375,611092
2024-08-19,6715.107555983459,6721.9717910003565,6531.113414646631,6690.13720703125,398225
2024-08-20,6739.977578824799,6753.507372665825,6615.623748957182,6638.4052734375,146064
2024-08-21,6640.495087937553,6753.408375200611,6592.842793371806,6717.544921875,291296
2024-08-22,6725.602572845893,6822.5490199918995,6716.10213385321,6795.24072265625,344641
2024-08-23,6828.517610137108,6891.589776459263,6795.389943656525,6825.23486328125,468784
2024-08-26,6794.693191573332,6842.44506173373,6574.636462281306,6744.95166015625,385016
2024-08-27,6744.951832499185,6815.336101252771,6699.189622426182,6746.39453125,297297
2024-08-28,6750.821757387021,6813.098258271804,6711.675070987864,6741.4208984375,250361
2024-08-29,6764.749326170849,6871.644081501971,6725.353932446878,6821.75341796875,659960
2024-08-30,6829.513020245962,6953.866862566537,6815.5853899060585,6891.68994140625,499581
2024-09-02,6952.871367919955,6962.819674355669,6829.56191534643,6844.484375,248292
2024-09-03,6855.329079403612,6889.998542073187,6799.121142615768,6809.46728515625,361990
2024-09-04,6802.652105469428,6902.135172235579,6754.949780652193,6895.07177734375,389768
2024-09-05,6895.071774445305,7007.587220061957,6864.530764415233,6898.4541015625,387284
2024-09-06,6898.454524714826,6926.459398321278,6822.449554226711,6871.0966796875,185503
2024-09-09,6871.096167832186,6892.186772003188,6785.19292945141,6825.23486328125,304409
2024-09-10,6864.332099688092,6939.7901083991455,6825.235445944921,6885.7705078125,354522
2024-09-11,6864.33137046665,6918.00267744149,6837.918811452712,6864.580078125,223028
2024-09-12,6907.109234419397,7059.766192660277,6879.2539760924865,7025.294921875,831152
2024-09-13,7059.5182122196875,7063.2488275584865,6971.823492383212,6982.8662109375,238034
2024-09-16,6988.685657600014,7026.439676914403,6974.260612470448,6995.0029296875,226343
2024-09-17,6995.052636681572,7115.477186950699,6963.715468960245,6971.8232421875,266003
2024-09-18,6993.559824748831,7031.4629693155,6924.767383087559,6999.52880859375,251334
2024-09-19,7031.4630603019095,7087.820119682185,6975.205581138434,6993.908203125,407897
2024-09-20,7003.509070339235,7083.195112506374,6981.622793306209,7046.0380859375,493357
2024-09-23,7053.7478536550825,7144.874447519526,7053.7478536550825,7115.8251953125,254282
2024-09-24,7039.621031324705,7162.780874842038,7039.621031324705,7085.18408203125,333949
2024-09-25,7056.085391838599,7108.0157482723735,7037.581443812935,7096.5751953125,236185
2024-09-26,7071.256164253945,7156.762051764123,7057.726370446093,7130.796875,405696
2024-09-27,7122.291419247286,7242.2681019020765,7073.24645877972,7196.60546875,772592
2024-09-30,7123.4854363433615,7279.1268982275415,7123.4854363433615,7161.935546875,442794
2024-10-01,7164.272578353087,7206.503331699345,7098.1163433380925,7116.37158203125,310719
2024-10-03,7056.682144710622,7162.780737229402,6820.509443665073,6870.2509765625,655420
2024-10-04,6866.421196493559,6922.330391396013,6692.574528507,6738.58544921875,429272
2024-10-07,6765.84382843245,6822.051764957437,6708.2927732638345,6738.1376953125,260810
2024-10-08,6783.750864292319,6904.125384688179,6713.814457075952,6888.50634765625,345891
2024-10-09,6923.0265046665345,7033.45270699704,6900.5432347883525,6972.66845703125,391824
2024-10-10,7018.480649678205,7018.579744136934,6848.463703928402,6919.0966796875,237853
2024-10-11,6945.908115387754,6982.667304944651,6894.276497960472,6947.30078125,75315
2024-10-14,6940.784866591969,7064.69083954707,6925.762825437356,7055.9365234375,168515
2024-10-15,7078.22082630361,7113.388190666553,7003.608519631401,7103.24072265625,322659
2024-10-16,7048.47504878457,7098.316163716533,7019.525378431272,7034.74609375,223419
2024-10-17,7052.355230854419,7065.8850262904725,6924.668606141944,6953.17041015625,183572
2024-10-18,6947.201057786233,7005.249526489714,6914.073389660945,6946.80322265625,236651
2024-10-21,6936.207911600993,6995.649042185547,6921.534159699366,6950.28466796875,222611
2024-10-22,6983.66156445177,7000.87194026744,6836.028308470912,6856.3232421875,112233
2024-10-23,6849.409307470953,6922.977231372584,6819.315679068484,6871.046875,109466
2024-10-24,6901.389605949235,6941.92895892663,6835.133780986887,6918.2021484375,147408
2024-10-25,6918.20143773352,6944.912737722344,6840.505067151906,6908.94970703125,175261
2024-10-28,6887.2123704499845,6933.969409509807,6759.12792834462,6890.4951171875,238427
2024-10-29,6921.932539024274,6961.527092960051,6820.360225808573,6951.330078125,196146
2024-10-30,6944.515680431628,6998.634376468515,6903.926294086059,6946.40576171875,191699
2024-10-31,6963.715030465552,7013.5561436163,6920.091608931486,6986.3974609375,224153
2024-11-01,6986.397913467509,7009.57727501303,6964.561184792431,6995.60009765625,18769
2024-11-04,7053.349501778952,7053.349501778952,6856.522155131473,6922.4296875,273442
2024-11-05,6884.228109350667,6950.433894914466,6779.024767939709,6930.28857421875,246059
2024-11-06,6983.7112037284305,7104.831836072296,6855.378049130002,6932.07958984375,459745
2024-11-07,7278.678747525745,7445.21330797505,7163.079226979113,7386.46875,2502817
2024-11-08,7351.8480945974725,7505.997299037629,7341.850240808178,7383.0361328125,1032481
2024-11-11,7361.747075717114,7415.617060207584,6946.504844570667,7118.46142578125,625620
2024-11-12,7124.231376892577,7195.461352429142,6964.809756624183,6983.263671875,194183
2024-11-13,6933.969864578902,6962.024284158833,6795.141436987655,6823.39453125,299775
2024-11-14,6824.538515798352,6872.2903887951925,6791.758650344528,6825.18505859375,192648
2024-11-18,6838.914423382467,6838.914423382467,6659.943983381843,6707.04931640625,268706
2024-11-19,6715.107905053688,6761.7653724573565,6626.767124250095,6652.333984375,290018
2024-11-21,6589.310690002173,6726.995647515498,6560.062764567749,6707.64599609375,258574
2024-11-22,6716.698579375537,6914.371134123326,6716.698579375537,6899.25,498633
2024-11-25,6943.918329008392,7110.05505693739,6895.072044184419,7038.42724609375,639047
2024-11-26,7058.32357007706,7075.285238617017,7006.094960150486,7039.96875,179222
2024-11-27,7039.968469516138,7078.617736473386,6933.969460657862,6946.60400390625,227250
2024-11-28,6946.6044509310605,6993.659748248698,6780.765980663318,6805.736328125,412343
2024-11-29,6831.551814315006,6856.820902146592,6776.786579783888,6793.59912109375,410883
2024-12-02,6822.5492672878645,7043.401693263062,6785.840109851535,7029.27490234375,579743
2024-12-03,7067.675046618691,7098.514797963896,7039.968914791,7089.71044921875,351470
2024-12-04,7179.3448309882115,7231.52389519345,7088.218242262765,7194.9638671875,604278
2024-12-05,7219.734994249158,7297.033532835764,7103.488931466388,7237.14453125,510951
2024-12-06,7225.455357430957,7272.261947455104,7170.490961382759,7195.90869140625,189048
2024-12-09,7125.723753334774,7190.586910705944,7125.723753334774,7156.6630859375,203674
2024-12-10,7191.431791951017,7270.670443851504,7177.902483371456,7220.779296875,333300
2024-12-11,7218.193323158227,7325.933293946943,7178.747897194391,7302.85302734375,391192
2024-12-12,7262.264273448307,7280.817769269446,7152.335478624192,7189.7412109375,396742
2024-12-13,7183.671908195635,7239.7307107932365,7166.958948079755,7221.92333984375,314999
2024-12-16,7214.1640296449605,7232.518850569278,7129.006423615713,7221.67529296875,219812
2024-12-17,7189.641435267857,7269.227890895562,7163.775837188852,7181.43408203125,237831
2024-12-18,7195.859342610862,7229.932294946869,7140.546657141702,7199.98779296875,253532
2024-12-19,7111.049921641347,7275.445696620535,7100.504618954181,7259.82666015625,292899
2024-12-20,7286.9360948028125,7351.699673881511,7172.779266060064,7214.21435546875,349055
2024-12-23,7213.617291485036,7292.009759662813,7147.858882278121,7227.544921875,179062
2024-12-24,7222.470832613951,7242.118738804601,7173.127133079919,7202.57421875,146814
2024-12-26,7234.607916639912,7260.323901294319,7187.403006236704,7223.61474609375,116439
2024-12-27,7223.615130515267,7257.290248215313,7118.013944616939,7208.841796875,189089
2024-12-30,7202.574250393069,7340.258721785059,7182.7271836737145,7276.4404296875,428884
2024-12-31,7267.834996142092,7327.8731238665205,7215.307645628073,7258.6328125,212227
2025-01-01,7282.160465586694,7406.514298673898,7262.661687407189,7331.5537109375,341399
2025-01-02,7366.721322271683,7406.465002978976,7295.143059212911,7383.28515625,265991
2025-01-03,7389.553208257968,7399.10319478047,7242.367805598186,7260.623046875,180636
2025-01-06,7260.622917529674,7434.370006465373,7253.06210686972,7390.74658203125,527272
2025-01-07,7427.655124459767,7506.346334331083,7307.231055870855,7398.3076171875,398234
2025-01-08,7410.2448101423915,7421.436654963885,7094.137370850867,7105.72705078125,450295
2025-01-09,7103.090852655704,7126.668533402255,6954.960665779063,7054.89111328125,305521
2025-01-10,7053.349735318151,7102.096440117953,6980.577966018456,7000.375,185381
2025-01-13,6963.814887466366,6963.814887466366,6721.1257443352915,6804.244140625,431086
2025-01-14,6819.166906301571,6863.337294127557,6648.553433922548,6672.1806640625,362659
2025-01-15,6714.7092845236375,6725.005879258529,6573.841162462298,6657.2578125,547360
2025-01-16,6725.055126487546,6772.607836777305,6665.41483531591,6754.5517578125,579821
2025-01-17,6784.695450052863,6809.615763401311,6727.343074776568,6792.80322265625,166710
2025-01-20,6865.326663057103,6874.280139360177,6705.158920302112,6745.7978515625,120356
2025-01-21,6802.652397504971,6978.687886007684,6802.652397504971,6883.3828125,799900
2025-01-22,6872.290595671398,6906.065292829375,6794.5942194924655,6857.2685546875,247081
2025-01-23,6856.621963283079,6927.105816261511,6787.929097037554,6885.07421875,271085
2025-01-24,6879.502495989173,6879.502495989173,6693.668329097457,6710.18212890625,317194
2025-01-27,6665.365152204425,6695.010910369583,6639.847843959727,6660.8388671875,191705
2025-01-28,6664.370771612374,6712.620059927525,6600.751154881589,6674.26953125,202194
2025-01-29,6706.154003822878,6763.60547893351,6662.630159042096,6749.22998046875,146288
2025-01-30,6751.169692842102,6859.357529142943,6735.351982203344,6789.37109375,204648
2025-01-31,6786.983694234632,6844.435166746201,6754.054701150159,6775.29443359375,187712
2025-02-01,6775.095251429437,6904.12498618008,6775.0457041978225,6805.736328125,117096
2025-02-03,6746.543702639509,6851.150049412384,6690.186642888308,6763.50537109375,250589
2025-02-04,6749.925892276771,6781.362637651627,6671.632526607341,6757.0888671875,223642
2025-02-05,6790.86305775937,6971.773106306613,6761.31687928539,6908.75048828125,389639
2025-02-06,6802.055235816708,6889.202501068298,6750.473167592292,6838.71484375,334197
2025-02-07,6885.670989970042,6894.02747051311,6715.107075938341,6755.447265625,259335
2025-02-10,6781.96029041006,6799.021540387683,6651.438303493021,6726.29931640625,213808
2025-02-11,6764.748684187909,6779.770723808819,6250.023414868511,6284.693359375,1728723
2025-02-12,6316.776922475648,6460.479921373196,6182.872617076666,6341.59765625,1133586
2025-02-13,6339.309801137387,6391.787119511587,6311.65370253404,6339.26025390625,636246
2025-02-14,6353.257069176383,6355.897001874341,6207.158903233468,6246.90869140625,320088
2025-02-17,6126.862447017355,6293.234158993274,6126.862447017355,6276.49755859375,482329
2025-02-18,6296.223156438438,6365.959805323041,6296.223156438438,6352.859375,220118
2025-02-19,6324.366336346124,6410.789961703982,6260.607119943784,6398.486328125,195067
2025-02-20,6360.231262070558,6445.110918374913,6353.905054664758,6366.90625,165304
2025-02-21,6338.363870292431,6371.5388825211485,6269.275164639556,6293.7822265625,220428
2025-02-24,6251.391678520131,6251.391678520131,6212.538407530125,6227.88037109375,458224
2025-02-25,6227.481785926711,6256.323061563828,6189.674371100131,6227.83056640625,421160
2025-02-27,6237.44480571614,6258.614858762214,6122.329723612712,6161.93017578125,397857
2025-02-28,6121.930500032758,6121.930500032758,5978.77142935292,6029.82861328125,845516
2025-03-03,6002.930291682637,6171.692869468527,5978.422745711159,6147.384765625,373515
2025-03-04,6109.926236677634,6197.097041456583,6089.303920283668,6164.86865234375,445246
2025-03-05,6176.673805506694,6211.591742684341,6107.584622990131,6191.01953125,345922
2025-03-06,6231.467366421526,6268.328164592205,6193.659947774177,6250.49560546875,284475
2025-03-07,6268.5767838768925,6290.992132541874,6173.983817932991,6192.71337890625,299433
2025-03-10,6183.049977756527,6188.62900653871,6110.822739673131,6126.4638671875,266043
2025-03-11,6106.93749159309,6132.540996698339,6017.276092858445,6111.71923828125,526709
2025-03-12,6111.022145085766,6134.782512966866,6040.936721332973,6120.6357421875,250139
2025-03-13,6131.942860551381,6176.673836692785,6059.217507312902,6082.6787109375,247628
2025-03-17,5979.419227447075,6180.858703562556,5979.419227447075,6133.4873046875,287639
2025-03-18,6133.4873046875,6133.4873046875,6133.4873046875,6133.4873046875,0
2025-03-19,6251.640862921315,6410.690120441506,6203.672113144356,6403.36767578125,579880
2025-03-20,6440.676779364241,6460.252753028923,6339.807711473966,6449.99169921875,457285
2025-03-21,6469.568223340222,6609.141235333406,6445.708133636412,6586.67578125,496635
2025-03-24,6624.38335445037,6674.743465772107,6575.617807299454,6590.90966796875,389998
2025-03-25,6571.682317748241,6642.06641749554,6537.3617326837175,6619.701171875,223668
2025-03-26,6628.766362611771,6654.867985515875,6466.628673294,6495.2705078125,281646
2025-03-27,6475.594901888713,6535.269931435821,6406.057702487373,6467.625,728926
2025-03-28,6467.6257633426685,6624.732667444183,6408.748495346164,6591.30908203125,413873
2025-04-01,6574.173132640553,6636.836391927414,6521.023749607447,6607.34765625,319668
2025-04-02,6607.347342112043,6721.018165082216,6607.347342112043,6706.82177734375,292940
2025-04-03,6649.936764462926,6749.461307326242,6634.993197840112,6646.2509765625,312519
2025-04-04,6646.8983636427365,6709.661342795837,6557.236964852592,6689.2880859375,279891
2025-04-07,6540.301026900804,6700.396632753888,6466.430092789086,6658.15576171875,744140
2025-04-08,6699.699594571027,6764.455055336397,6690.982513314149,6730.1845703125,578124
2025-04-09,6639.925243120704,6825.67398407198,6639.925243120704,6808.38916015625,680834
2025-04-11,6797.031402077784,6845.099872882874,6740.04640894982,6755.4384765625,651996
2025-04-15,6938.795747816347,6938.795747816347,6809.284843693428,6879.021484375,778401
2025-04-16,6844.153339619316,7008.0344494253395,6839.172150871414,6979.1435546875,621996
2025-04-17,7011.521255334612,7065.3180936108365,6973.664220992083,7046.8876953125,533349
2025-04-21,7123.099712602818,7161.95298376247,7031.445842174921,7115.6279296875,244570
2025-04-22,7114.63214560363,7145.515516956107,7043.401143935821,7061.83154296875,305540
2025-04-23,7061.831164143994,7142.028301579783,7044.895122697927,7115.1298828125,287593
2025-04-24,7114.632172916012,7157.470397859705,7066.812759025377,7132.564453125,277769
2025-04-25,7142.526285233779,7215.749757158555,6872.047746083075,6926.8408203125,550158
2025-04-28,6928.335598648753,7029.453732700496,6928.335598648753,7018.4951171875,379519
2025-04-29,7022.479815008268,7063.325562265373,6949.7544601358595,6966.1923828125,174253
2025-04-30,6965.694053900315,7009.0303941956045,6893.9649389288015,6950.75048828125,499567
2025-05-02,6895.957632157323,7071.295474292499,6891.972681199706,6901.93505859375,207912
2025-05-05,6933.814390952108,7004.547267641418,6923.852013953613,6947.76171875,259097
2025-05-06,6973.1661124940365,7047.385824670736,6923.852344000794,6982.63037109375,292595
2025-05-07,6943.777424302772,7029.453874588286,6923.852668422419,6956.728515625,338311
2025-05-08,6923.852565787373,6952.743461385623,6780.394325575377,6825.72314453125,383274
2025-05-09,6710.159659433634,6818.251460049557,6652.377867399316,6696.71044921875,428193
2025-05-12,6774.4169106897925,6914.388318918015,6733.073042778965,6899.94287109375,237009
2025-05-13,6882.010838396729,6986.615809159853,6874.040935862396,6891.47509765625,323598
2025-05-14,6903.927236245527,6966.690211120486,6836.681191736641,6890.47802734375,324593
2025-05-15,6915.882573071315,7069.801307951683,6844.153453903765,7045.8916015625,656146
2025-05-16,7053.363364776373,7078.269308861035,6966.690679361747,6988.60791015625,270772
2025-05-19,6958.720750381412,7034.434820106391,6939.294114070397,6948.26025390625,307173
2025-05-20,6959.218589570787,6980.637700540048,6865.074125077989,6885.9951171875,365507
2025-05-21,6902.433412951702,7016.502638005172,6902.433412951702,6957.724609375,449740
2025-05-22,6957.724462915199,6974.660504706373,6888.984057998081,6928.33544921875,229993
2025-05-23,6961.211565087763,7061.333463090098,6903.927892101352,7037.921875,321466
2025-05-26,7068.306912890047,7093.212856910097,7053.363346478018,7069.80126953125,228090
2025-05-27,7091.718393876021,7097.695820351157,7003.053234494835,7046.8876953125,218088
2025-05-28,7073.2882466038955,7074.284484385107,6906.418418250916,6930.328125,278102
2025-05-29,6939.294206909373,6954.735892388821,6860.591422852832,6896.9541015625,308885
2025-05-30,6923.852292455807,6966.690515272441,6827.715350553363,6854.61376953125,911209
2025-06-02,6917.875198828719,7063.325915854783,6857.6028126638075,6889.482421875,1217905
2025-06-03,6923.852318663991,6924.350437535838,6773.918538238246,6786.86962890625,489548
2025-06-04,6786.869855417464,6842.161052037746,6746.522225451313,6829.2099609375,629518
2025-06-05,6842.6590761514235,6893.4672020717435,6816.258775428119,6850.130859375,488647
2025-06-06,6841.164423233818,6928.833342593738,6782.386397753871,6916.38037109375,269399
2025-06-09,6950.252500715657,6950.252500715657,6860.092986444208,6905.919921875,239444
2025-06-10,6925.347038673202,6966.1927883079,6884.999407936489,6892.47119140625,559472
2025-06-11,6891.972753095679,6920.863647839792,6837.179676856844,6901.43701171875,526939
2025-06-12,6905.919912802383,7028.457153032431,6903.927437351488,6970.17724609375,552007
2025-06-13,6952.743860410412,7011.023773841277,6896.954541570609,6968.185546875,367775
2025-06-16,6984.1252256430425,7111.145547484493,6955.73244781966,7087.23583984375,589027
2025-06-17,7093.212630682224,7107.658077753136,6973.165984334301,6980.1396484375,264117
2025-06-18,6980.1399077015685,7003.551495203315,6890.976627641726,6907.41455078125,394355
2025-06-19,6910.901182031417,7008.53248026395,6885.995238604751,6983.12841796875,462080
2025-06-20,6978.645385042273,7050.374502490245,6948.260133901118,7036.92529296875,378436
2025-06-23,6973.664447132536,7022.978217151545,6969.181377130809,6981.13623046875,137379
2025-06-24,7008.034867400208,7049.378736473647,6967.189117231268,6979.64208984375,238243
2025-06-25,6968.683657680035,7034.435354807539,6968.683657680035,7015.5068359375,378904
2025-06-26,7027.959053338754,7095.7032188539615,6994.086970581149,7074.7822265625,426516
2025-06-27,7103.17546029452,7296.445592033249,7090.722487888675,7281.00390625,523582
2025-06-30,7308.897880547878,7308.897880547878,7176.398266547623,7214.75341796875,353888
2025-07-01,7446.8773466291395,7555.965382676751,7376.642583694376,7467.79833984375,1872535
2025-07-02,7441.89626690906,7503.663009686618,7388.5975453187475,7413.00537109375,910865
2025-07-03,7445.880939023257,7571.905014322487,7412.008855543622,7536.53857421875,894597
2025-07-04,7564.43342335093,7564.43342335093,7496.689254670848,7525.08203125,349076
2025-07-07,7534.048445084516,7596.811427172493,7507.150024189668,7587.34716796875,449086
2025-07-08,7576.388084194791,7606.275216676822,7525.579958975339,7536.53857421875,481581
2025-07-09,7516.613972845574,7540.025560434954,7420.477028063652,7440.89990234375,266815
2025-07-10,7426.952793573876,7426.952793573876,7320.355349051756,7331.31396484375,384661
2025-07-11,7327.328516467157,7356.219410685722,7132.065921058923,7162.451171875,578061
2025-07-14,7172.912158067867,7229.199593752705,7146.013737475112,7192.8369140625,670246
2025-07-15,7233.184328477123,7346.25731536262,7200.308482069886,7332.80810546875,517978
2025-07-16,7346.755610369825,7382.122052049685,7282.498272669797,7324.83837890625,527782
2025-07-17,7333.306199673916,7380.627493585683,7303.917185560294,7322.845703125,378666
2025-07-18,7356.71821298088,7356.71821298088,7227.705414743894,7276.02294921875,192649
2025-07-21,7276.02317442918,7294.951693675315,7218.739497763242,7227.20751953125,217270
2025-07-22,7242.648893269596,7264.068006227683,7189.350170327378,7219.2373046875,300768
2025-07-23,7223.720149185533,7362.197200728326,7216.74648471935,7345.75927734375,508883
2025-07-24,7345.261133886739,7457.337883861275,7321.84954611428,7335.796875,454916
2025-07-25,7337.291245300575,7455.345422159789,7315.872133043417,7440.40185546875,434232
2025-07-28,7451.858608246109,7473.775839446832,7295.449276495488,7328.8232421875,240740
2025-07-29,7328.823073456727,7440.899821334642,7282.996136546646,7427.94873046875,336770
2025-07-30,7431.93356884438,7446.3790161296665,7372.159304215605,7421.97119140625,266922
2025-07-31,7350.242479765438,7496.689436193401,7327.329010392355,7469.791015625,342605
2025-08-01,7509.640136685541,7509.640136685541,7303.917041935532,7323.841796875,215243
2025-08-04,7359.208152198896,7360.204389934404,7267.554280532144,7280.50537109375,260996
2025-08-05,7284.490825628952,7314.377959760362,7208.278633593857,7246.6337890625,282791
2025-08-06,7242.64830927481,7251.614448859883,7137.545228583133,7162.451171875,296623
2025-08-07,7137.047475647228,7170.421441369475,7026.963200652948,7143.02490234375,407857
2025-08-08,7143.0250114135615,7171.417788655582,7039.4162804251355,7057.8466796875,327102
2025-08-11,7074.284374421515,7292.4604451155465,6994.087234280559,7231.68994140625,498598
2025-08-12,7231.689763239091,7257.59194450982,7177.892925215271,7209.2744140625,342006
2025-08-13,7375.148146413463,7810.504048072613,7361.200817756191,7779.12255859375,2291645
2025-08-14,7800.541751527241,7829.930765789061,7719.846492028683,7792.07373046875,673142
2025-08-18,7820.466362431088,7887.712410770464,7776.631901291346,7793.06982421875,633876
2025-08-19,7811.02507104372,7844.9405109792915,7780.600926395635,7804.04248046875,384598
2025-08-20,7810.52634526037,7898.30748426202,7793.069868754361,7863.39453125,452843
2025-08-21,7873.369450109009,7927.235147601204,7833.468933448125,7906.7861328125,482016
2025-08-22,7875.364780453712,7960.153381636557,7832.471723384743,7902.79638671875,843648
2025-08-25,7906.287591872254,7930.227902521375,7819.005209297333,7831.47412109375,402979
2025-08-26,7808.032627850933,7814.51646203567,7701.2987420406425,7774.1171875,671659
2025-08-28,7735.712633784513,7808.53107637204,7695.3133608421185,7708.77978515625,418353
2025-08-29,7650.924016764537,7724.739972076216,7567.132932356685,7591.0732421875,481590
2025-09-01,7576.609427796623,7665.3880781914495,7576.609427796623,7652.42041015625,255894
2025-09-02,7612.5196418792,7679.85176214741,7612.5196418792,7662.89404296875,195907
2025-09-03,7665.88709297693,7756.162015802488,7636.959217154375,7716.76025390625,321268
2025-09-04,7770.625629821005,7898.806039760928,7731.722626026009,7880.35205078125,386286
2025-09-05,7880.352330786725,7895.315025085688,7776.112227170623,7785.08984375,228324
2025-09-08,7815.015388337387,7829.978082935008,7721.2491688589635,7767.134765625,314960
2025-09-09,7735.712934614301,7828.481639052616,7735.712934614301,7806.03759765625,303494
2025-09-10,7785.588185539731,7919.254914157582,7785.588185539731,7909.27978515625,337313
2025-09-11,7855.9127804634945,7921.748631331451,7840.451330638444,7859.90283203125,161041
2025-09-12,7855.414283806214,7895.314800803325,7821.997600821133,7854.91552734375,117761
2025-09-15,7880.351897328567,7936.212619638744,7776.610555895381,7797.0595703125,214626
2025-09-16,7786.087107540642,7842.446587596506,7786.087107540642,7832.97021484375,194911
2025-09-17,7849.429090643026,7891.3246328729165,7840.451474450906,7868.3818359375,249447
2025-09-18,7855.414163944076,7866.386805950855,7801.548466819888,7830.97509765625,264065
2025-09-19,7830.9750403622475,7856.910375824883,7779.104369436977,7787.08447265625,207129
2025-09-22,7592.569544871904,7777.109433960954,7592.569544871904,7719.75244140625,302818
2025-09-23,7705.787680137908,7729.727991377172,7645.438145555598,7664.8896484375,443181
2025-09-24,7678.854198394673,7710.774610754849,7615.51213011745,7624.48974609375,201984
2025-09-25,7629.976397455302,7684.839608575715,7596.060957853591,7605.03857421875,374239
2025-09-26,7531.222783684255,7611.522576278504,7472.3695195468545,7491.322265625,207170
2025-09-29,7531.2226998043725,7576.110782121088,7407.531095198315,7425.486328125,388214
2025-09-30,7425.486194472095,7459.401633834273,7381.595625885747,7390.5732421875,369272
2025-10-01,7391.071995301843,7463.391682144327,7340.697592742596,7422.49365234375,220764
2025-10-03,7422.493796248909,7465.386852725015,7385.585817420632,7430.97265625,478143
2025-10-06,7531.22240274141,7710.774724925974,7531.22240274141,7642.94384765625,423558
2025-10-07,7655.413029499797,7687.333443460836,7614.514999112216,7680.849609375,210121
2025-10-08,7678.35555564265,7742.695137758786,7624.489858987281,7642.94384765625,188810
2025-10-09,7670.874739837151,7730.725518041341,7601.048831932261,7675.8623046875,295802
2025-10-10,7675.363397487764,7719.752723784236,7640.949200696116,7661.89697265625,273853
2025-10-13,7689.827367276104,7724.740320688306,7623.991512270239,7651.921875,191488
2025-10-14,7828.980041794962,7828.980041794962,7655.911552624875,7739.70263671875,413862
2025-10-15,7780.601283482143,7830.476932735233,7721.249260870965,7806.53662109375,212807
2025-10-16,7794.566075888013,7850.426800260899,7788.082241809017,7814.017578125,178563
2025-10-17,7830.476715506945,8010.02904783704,7821.000342411745,7881.8486328125,610960
2025-10-20,7930.22735252809,8044.941333099251,7901.798235603933,7990.078125,498555
2025-10-21,8018.009067087844,8038.4580824990535,7972.6222280044285,7992.07373046875,31082
2025-10-23,7930.2276517498585,8079.355832119243,7900.302264384765,7948.681640625,456860
2025-10-24,7955.1653474506575,7962.147937724282,7805.039656567733,7818.00732421875,287555
2025-10-27,7818.007689426114,7883.344787181445,7814.516394126211,7825.98779296875,266541
2025-10-28,7844.44191507122,7881.349894580076,7809.030205001914,7860.90087890625,348079
2025-10-29,7870.875490735549,7885.339427699704,7826.486166949004,7838.955078125,199897
2025-10-30,7747.682691589277,7818.007351014672,7745.687665789976,7770.62548828125,209452
2025-10-31,7813.518941129593,7813.518941129593,7631.971584141774,7661.89697265625,347031
2025-11-03,7655.911853767613,7825.489054437385,7642.445429008543,7805.0400390625,332284
2025-11-04,7805.039887992576,7863.893150615308,7761.14931925698,7791.07470703125,384562
2025-11-06,7713.268618499121,7830.975142518894,7680.849448747912,7762.6455078125,425649
2025-11-07,7769.628547674447,7871.374870933247,7606.535176568429,7622.994140625,486385
2025-11-10,7612.520248967343,7633.468021388009,7496.309987681266,7510.77392578125,377719
2025-11-11,7482.843483043406,7550.175607965813,7422.493948853695,7482.3447265625,306736
2025-11-12,7501.297335539477,7520.2500814670375,7439.451533039019,7479.35205078125,420561
2025-11-13,7461.396878779989,7490.324754379536,7406.5336664360175,7421.9951171875,448567
2025-11-14,7421.495935036385,7448.428783187727,7356.657596894266,7402.04443359375,218565
2025-11-17,7456.409505751774,7485.836138583838,7406.533856883869,7468.87841796875,248470
2025-11-18,7431.471420720924,7455.411731338011,7354.6629241577675,7367.1318359375,285148
2025-11-19,7400.548700081277,7463.392016984515,7313.765071976806,7440.44921875,454714
2025-11-20,7462.394324899699,7472.36945432745,7396.55847067655,7404.53857421875,228411
2025-11-21,7407.031870046499,7416.508242380408,7363.141303447341,7372.61767578125,138622
2025-11-24,7380.597819375574,7402.543102795801,7313.764456232154,7336.20849609375,751685
2025-11-25,7390.573319920835,7391.07207638729,7296.30834776096,7312.2685546875,237415
2025-11-26,7323.241364033122,7383.590897851008,7290.323436496094,7374.61328125,272489
2025-11-27,7371.6206983238735,7377.6057760221065,7291.819662347431,7304.28857421875,243681
2025-11-28,7311.770026354075,7340.697902311001,7281.844637433117,7317.25634765625,299937
2025-12-01,7356.6578697872,7363.141703841928,7263.8891671580195,7269.37548828125,227568
2025-12-02,7269.375117316953,7280.846515443765,7212.018126682891,7223.98828125,329723
2025-12-03,7182.093019209354,7238.951255611428,7132.716129702289,7166.1328125,329160
2025-12-04,7166.133100003472,7209.524913735397,7140.197763060251,7183.0908203125,306183
2025-12-05,7183.090539208655,7201.5445282345345,7129.224841511492,7171.619140625,260117
2025-12-08,7139.199849607173,7201.045649617743,7064.386381852452,7078.3515625,287363
2025-12-09,7082.341874272845,7163.639178885977,7041.44384373127,7073.3642578125,560843
2025-12-10,7083.339743568337,7098.3024384216715,6988.07725300211,7001.044921875,266098
2025-12-11,7010.52088376712,7047.9276187046935,6955.657672525345,6992.06689453125,350620
2025-12-12,6997.553243009897,7112.267230600223,6978.600497234104,7083.33935546875,306662
2025-12-15,7057.404089408007,7080.346887154493,6998.052069150795,7068.87548828125,205982
2025-12-16,7092.316908553366,7130.2223997664505,7007.528309787257,7033.96240234375,385236
2025-12-17,7091.319817693284,7091.319817693284,6894.311002952191,6904.2861328125,358023
2025-12-18,6904.285995930013,6932.216358985137,6863.886720796709,6901.29345703125,384579
2025-12-19,6901.792109375,7006.530969251337,6884.834389204546,6995.0595703125,235742
2025-12-22,6996.555538358112,7086.331700099235,6995.558025449877,7036.4560546875,358776
2025-12-23,7051.917663121211,7080.346781644297,6998.550721332261,7055.90771484375,286197
2025-12-24,7052.416280734758,7191.569331818563,7026.979701504386,7154.16259765625,351381
2025-12-26,7164.137973297102,7184.088232203527,7113.7635695583795,7138.20263671875,228172
2025-12-29,7150.172700966899,7162.142856158251,7052.416433570867,7066.88037109375,234376
2025-12-30,7037.453573464324,7047.428702554989,6919.747050194474,6972.615234375,433130
2025-12-31,6972.615434055511,7035.957505595215,6937.7024812383515,7024.98486328125,226286
2026-01-01,7045.4336126317185,7107.279412431119,7006.0318530821005,7093.81298828125,81987
2026-01-02,7112.267311160933,7133.215083045138,7057.902855556687,7111.7685546875,353245
2026-01-05,7111.768629863373,7116.756194650428,7045.932774674231,7065.38427734375,349588
2026-01-06,7022.491111526946,7341.6952529599885,7022.491111526946,7329.72509765625,581189
2026-01-07,7330.72251555157,7469.376812688822,7296.80707596404,7428.9775390625,567878
2026-01-08,7406.533615192074,7424.488848198601,7306.782320711372,7346.18408203125,778407
2026-01-09,7329.725070572505,7342.193982301159,7207.03097916254,7238.45263671875,312461
2026-01-12,7185.085753567405,7271.370623438789,7093.314562490326,7250.4228515625,333583
2026-01-13,7280.84700612103,7303.291047446927,7221.993742199788,7293.31591796875,275363
2026-01-14,7239.949147849347,7307.281273432129,7224.487696789597,7254.4130859375,383251
2026-01-15,7254.4130859375,7254.4130859375,7254.4130859375,7254.4130859375,0
2026-01-16,6932.7149382277485,7280.846954550264,6932.7149382277485,7217.5048828125,501597
2026-01-19,7235.95883076458,7241.943908374807,7086.331890508902,7115.259765625,364331
2026-01-20,7111.2696540884945,7111.2696540884945,6867.876499985872,6895.30810546875,499367
2026-01-21,6862.888914066506,6894.310571158525,6721.242078921528,6809.52197265625,620592
2026-01-22,6861.392516595959,6897.302981173621,6763.63625191232,6780.09521484375,714732
2026-01-23,6793.063157022866,6818.998493598871,6679.845437739152,6786.08056640625,458099
2026-01-27,6785.082863703587,6824.983380396933,6691.815405932889,6776.60400390625,515312
2026-01-28,6781.591499859426,6872.863930871728,6767.62631915809,6860.39501953125,399249
2026-01-29,6881.841716535826,6881.841716535826,6739.197367287439,6784.08544921875,517720
2026-01-30,6770.120466115154,6957.154146297355,6750.170206895719,6943.18896484375,489138
2026-02-02,6897.8018702788095,6932.714822622954,6814.010784652863,6916.255859375,343776
2026-02-03,7052.416615738741,7145.684077347167,6985.084491048166,7070.87060546875,438009
2026-02-04,7062.391293607715,7142.1923251739045,7032.465906770394,7098.3017578125,216137
2026-02-05,7098.302031776538,7115.259751638848,7025.483587661911,7104.287109375,234707
2026-02-06,7062.391253058371,7158.651246832401,6976.605144617267,7134.7109375,668962
2026-02-09,7181.095762509643,7261.8943118586185,7145.684052609782,7193.06591796875,412161
2026-02-10,7231.968799511272,7262.392944116113,7167.130458550137,7201.0458984375,277132
2026-02-11,7386.583270653119,7620.998809964866,7386.583270653119,7488.32958984375,1496488
2026-02-12,7493.317150815758,7560.649273776363,7391.570831675288,7520.25,434146
2026-02-13,7499.302144359049,7579.103178084604,7466.384217947257,7523.7412109375,431623
2026-02-16,7517.748482437514,7622.126973956111,7469.304876326013,7609.14208984375,494924
2026-02-17,7581.174504774963,7606.145435291349,7545.715783441693,7592.6611328125,525344
2026-02-18,7581.174767974624,7661.081748401234,7581.174767974624,7638.60791015625,385965
2026-02-19,7601.151527000329,7640.106180029635,7542.719547456371,7583.671875,186713
2026-02-20,7531.2328077297125,7626.122345758137,7531.2328077297125,7606.64501953125,256304
2026-02-23,7671.069803717665,7701.034920138437,7606.644803413005,7684.0546875,399710
2026-02-24,7649.095621412757,7720.512484422813,7649.095621412757,7711.52294921875,377143
2026-02-25,7761.464729882537,7790.930428297251,7705.030426139101,7773.9501953125,383833
2026-02-26,7790.930403436495,7821.894357603999,7720.012960020598,7765.95947265625,361759
2026-02-27,7726.505272988018,7861.348296949414,7722.509924129902,7812.4052734375,698131
2026-03-02,7612.138678643193,7809.908454049485,7596.157282650765,7782.4404296875,533503
2026-03-04,7611.139911877527,7706.029451461302,7467.3073466137,7657.08642578125,625428
2026-03-05,7691.046680315514,7787.43447312726,7626.122260286877,7765.95947265625,446578
2026-03-06,7760.965159683677,7771.95236904745,7660.0826009799375,7715.51806640625,225749
2026-03-09,7579.176684372589,7799.91970588634,7547.213893927159,7769.95458984375,358612
2026-03-10,7855.854664897515,7860.848850952758,7760.965129847895,7793.9267578125,381453
2026-03-11,7761.464851820239,7789.432294822745,7650.094498435264,7675.0654296875,331690
2026-03-12,7581.174359435853,7653.590056545089,7533.729592364285,7565.6923828125,550020
2026-03-13,7547.214214869618,7607.144449503311,7476.796189175031,7541.22119140625,394082
2026-03-16,7556.2038095064245,7740.988701080607,7401.384035484813,7481.291015625,481339
2026-03-17,7481.290924479167,7565.692671223958,7461.314179687501,7491.279296875,343558
2026-03-18,7502.765896329087,7596.157177871624,7446.831011127139,7462.31298828125,497712
2026-03-19,7398.387148992304,7398.387148992304,7220.594127185819,7243.5673828125,264884
2026-03-20,7223.09165595005,7438.840504416511,7194.125375368905,7355.93701171875,696455
2026-03-23,7279.525616143282,7279.525616143282,7071.76747561669,7136.69189453125,464969
2026-03-24,7201.616413811674,7455.321069721267,7190.629204303778,7404.38037109375,653790
2026-03-25,7452.324499074517,7603.648337917807,7428.851824402455,7571.685546875,450043
2026-03-27,7501.267516418772,7612.138447753325,7501.267516418772,7540.22216796875,533512
2026-03-30,7461.314234750935,7500.7683060056415,7351.941556209405,7410.37353515625,764508
2026-04-01,7540.222236176404,7578.1780508504935,7242.069323539146,7297.00537109375,618068
2026-04-02,7142.185398538926,7359.432489537068,7142.185398538926,7308.9912109375,338111
2026-04-06,7341.453501956039,7388.398850880112,7234.577920362937,7364.4267578125,360086
2026-04-07,7361.929795099819,7361.929795099819,7212.10421077515,7317.98095703125,311560
2026-04-08,7376.412740845394,7509.25808878479,7323.973787711422,7392.8935546875,387242
2026-04-09,7391.395546514736,7503.265316948473,7355.437406018178,7472.80078125,416753
2026-04-10,7491.2794847379855,7554.206232409784,7452.8242500496635,7502.76611328125,437163
2026-04-13,7411.37245845598,7557.2026982045745,7394.891643689872,7507.76025390625,310575
2026-04-15,7507.760183047325,7677.063096773996,7491.279368436764,7633.1142578125,464570
2026-04-16,7669.072430087796,7669.072430087796,7501.267771549798,7544.2177734375,400487
2026-04-17,7544.217615645091,7701.035061117921,7506.261800817273,7690.0478515625,343875
2026-04-20,7696.040866787539,7721.511216184435,7613.1373765937215,7648.0966796875,344019
2026-04-21,7677.56246402835,7755.971187560027,7658.584556421958,7734.99560546875,312758
2026-04-22,7693.044309324833,7792.428613243013,7606.145470723008,7653.0908203125,608446
2026-04-23,7676.064260786993,7805.91310319458,7592.161931846706,7771.95263671875,304110
2026-04-24,7804.9140223387485,7835.877976100266,7675.564602593053,7723.5087890625,407458
2026-04-27,7749.978109649561,7840.872298073084,7726.006015999401,7815.9013671875,289661
2026-04-28,7830.883700261189,7869.338932717828,7702.033700601279,7743.98486328125,353826
2026-04-29,7735.994272750398,7789.931482657243,7672.06869063858,7700.0361328125,321242
2026-04-30,7625.622930982933,7671.070025535258,7552.707812250632,7627.62060546875,392016
2026-05-01,7627.62060546875,7627.62060546875,7627.62060546875,7627.62060546875,0
2026-05-04,7690.547115622476,7780.941883329968,7664.077929498182,7728.5029296875,328426
2026-05-05,7715.518122572415,7771.453007013357,7669.0721917419905,7762.962890625,254331
2026-05-06,7801.418425540397,7805.913193214033,7733.497491805458,7751.4765625,437084
2026-05-07,7751.476160541791,7845.866276793476,7734.995346593084,7827.88720703125,405862
2026-05-08,7827.887284039421,8105.564030876598,7803.41577217787,8087.5849609375,922866
2026-05-11,8036.644398576698,8134.530447676936,8013.171723537355,8072.6025390625,466135
2026-05-12,8040.639899501402,8068.607342630103,7985.703850498598,8013.171875,390002
2026-05-13,7971.720195414981,8102.567876858329,7971.720195414981,7995.19287109375,329337
2026-05-14,8001.685148143051,8170.488642093392,8001.685148143051,8109.5595703125,431011
2026-05-15,8160.5003099143605,8160.5003099143605,8019.164839430531,8073.10205078125,300134
2026-05-18,8053.124990868127,8089.58254896632,7996.690688606539,8011.173828125,323387
2026-05-19,8020.6628293252015,8084.088992421359,7973.717480261903,8016.66748046875,396261
2026-05-20,7914.786095519744,8130.534934064956,7805.413420423907,8069.1064453125,492013
2026-05-21,8188.966775306821,8378.246424501263,8042.137707066276,8298.8388671875,1425124
2026-05-22,8298.839156565302,8430.685671419562,8245.401364559977,8352.7763671875,564876
2026-05-25,8420.198284949875,8433.183169612314,8365.262234454947,8394.228515625,364945
2026-05-26,8394.22828137298,8424.193398988542,8218.432924695011,8248.8974609375,310581
2026-05-27,8233.415161538607,8295.343068855773,8160.500044858719,8262.880859375,293786
2026-05-28,8262.880859375,8262.880859375,8262.880859375,8262.880859375,0
2026-05-29,8166.99267578125,8315.320005611069,8136.528140024958,8166.99267578125,1042419
2026-06-01,8211.940385697928,8239.907828475953,8071.6037531867605,8099.07177734375,217401
2026-06-02,7806.911768341677,8110.558285431732,7806.911768341677,8080.09375,556161
2026-06-03,8100.07080646476,8307.828957737302,8100.07080646476,8280.8603515625,724687
2026-06-04,8260.383784682235,8291.847157018086,8215.436109916733,8239.408203125,345278
2026-06-05,8255.389679541213,8331.301308778373,8230.418748871094,8294.84375,187969
2026-06-08,8201.452753933123,8480.128349883353,8201.452753933123,8348.78125,539009
2026-06-09,8410.209791379488,8528.572007564579,8355.773160307019,8514.0888671875,818210
2026-06-10,8517.085116421298,8613.972328370737,8460.65081255384,8478.6298828125,487815
2026-06-11,8468.142440833628,8521.08081655481,8415.204065112446,8483.125,314597
2026-06-12,8525.076119702799,8548.049376967376,8430.186578827372,8488.119140625,276444
2026-06-15,8516.086462653879,8524.077160718767,8381.243432808902,8458.6533203125,358223
2026-06-16,8458.653447933117,8507.097055682394,8372.254023802961,8380.744140625,263172
2026-06-17,8380.74419253838,8454.65815121162,8375.250587501854,8417.701171875,185437
2026-06-18,8428.68833294866,8454.65810206126,8377.248213360244,8401.7197265625,304242
2026-06-19,8394.228320646092,8511.092279893544,8390.232971611991,8479.62890625,333583
2026-06-22,8528.072111339887,8528.072111339887,8424.692459955057,8459.15234375,208982
2026-06-23,8488.118650128867,8549.047720222754,8447.166324328056,8477.630859375,248581
2026-06-24,8490.116711378083,8575.517297121945,8441.17368563014,8563.53125,399731
2026-06-25,8565.528950781796,8683.391747842288,8525.575460252816,8582.009765625,378450
2026-06-26,8582.009765625,8582.009765625,8582.009765625,8582.009765625,0
2026-06-29,8689.88420033579,8723.844667325608,8594.99466021718,8644.9365234375,363592
2026-06-30,8644.437248210648,8759.802954163428,8638.943643165278,8671.9052734375,491231
2026-07-01,8670.90584140403,8728.338981120736,8601.486655137749,8608.478515625,163174
2026-07-02,8609.977041348035,8739.825883038897,8601.48692477594,8685.888671875,152705
2026-07-03,8732.834171924194,8910.127785731416,8707.363821771607,8883.1591796875,377549
2026-07-06,8885.656318557687,8914.62259927241,8813.24061677088,8878.1650390625,219681
2026-07-07,8877.66530815039,8939.593216465571,8800.75484137186,8826.724609375,189321
2026-07-08,8789.767218112755,8877.664890293881,8689.883499725109,8743.3212890625,275829
2026-07-09,8746.3183290144,8910.127637066516,8746.3183290144,8835.21484375,571832
2026-07-10,8838.710424199928,8876.16681937537,8763.298215246701,8830.7197265625,264694
2026-07-13,8868.675879879198,8921.614253753914,8754.309015564955,8772.2880859375,410798
2026-07-14,8739.825393850766,8909.128297194504,8728.838184784212,8890.150390625,412508
2026-07-15,8938.095445320807,8998.525101066676,8894.646023420884,8923.6123046875,501832
2026-07-16,8920.11562008862,8934.099340897224,8841.207481240068,8877.6650390625,234384
2026-07-17,8864.68032847287,8881.660561214734,8771.788467002676,8815.7373046875,144563
2026-07-20,8814.738529640124,8989.535044392196,8761.300737987349,8894.6455078125,317613
2026-07-21,8923.611396062637,8935.09802367118,8869.674188161654,8916.1201171875,200394
2026-07-22,8915.621374765748,8935.098701318284,8856.689976478589,8927.607421875,158324
2026-07-23,8884.656940271665,8909.627870401715,8789.767405777477,8851.6953125,148922
2026-07-24,8790.766950964595,8859.1873050313,8782.276834036611,8795.26171875,189462
2026-07-27,8805.748773816927,8850.197029310899,8733.832495264884,8833.216796875,135186
2026-07-28,8834.21548559606,8934.598622721098,8819.732346408866,8892.6474609375,167309
2026-07-29,8921.613839972719,8959.56965344327,8893.146979869805,8924.6103515625,164862
2026-07-30,8889.651153795337,8998.524409499123,8855.191270109277,8977.548828125,263013
2026-07-31,9014.505891756273,9025.992519762389,8920.615193271498,8946.5849609375,268253
2026-08-03,9019.499953497023,9038.47786037592,8778.780187296272,8809.744140625,250717
2026-08-04,8789.76726519337,9039.4765625,8749.81377762431,9039.4765625,259286
2026-08-05,8998.524533420139,8998.524533420139,8809.744298453283,8899.6396484375,288978
2026-08-06,8936.596430119715,9004.517359732785,8869.674337706836,8964.064453125,399856
2026-08-07,8989.534678067355,8989.534678067355,8911.625377524106,8934.5986328125,273543
2026-08-10,8934.599325019111,8960.569093878865,8855.191762544095,8901.6376953125,411854
2026-08-11,8971.556014433105,8979.546712286085,8662.415891245946,8740.3251953125,562067
2026-08-12,8740.325425339144,8765.296356786888,8497.60797166708,8587.00390625,876688
2026-08-13,8730.336627906976,8775.783720930232,8544.053488372092,8590.0,796882
2026-08-14,8615.0,8925.0,8588.5,8920.5,1275740
2026-08-17,8917.5,8984.0,8825.5,8825.5,358418
2026-08-18,8825.5,8907.0,8786.5,8817.0,474997
2026-08-19,8817.0,8862.5,8695.5,8750.0,298438
2026-08-20,8788.0,8788.0,8679.5,8735.0,280417
2026-08-21,8727.0,8746.0,8638.0,8693.0,184342
