Date,Open,High,Low,Close,Volume
2010-01-04,2.918377327616386,3.0253932800633505,2.918377327616386,3.0096044540405273,4660649
2010-01-05,3.070568931826705,3.0762703451475364,2.947324381469088,2.989428997039795,3187793
2010-01-06,2.9911840947180037,3.078901951862863,2.94030747927007,3.0324113368988037,1928814
2010-01-07,3.069252153359706,3.069252153359706,2.9736398893410554,3.0139904022216797,1388767
2010-01-08,3.0183769649949377,3.149076393831861,3.0039026881333983,3.0688140392303467,3126964
2010-01-11,3.122760605680014,3.157847745450825,3.0832876810644736,3.1464438438415527,3920310
2010-01-12,3.2192505406784826,3.310477020400647,2.9495171240840548,3.0280251502990723,22134432
2010-01-13,3.0473238680069574,3.083288388248796,2.842063708863968,2.8683786392211914,4801039
2010-01-14,2.8955705824740408,2.999954840278701,2.8955705824740408,2.945131778717041,2555216
2010-01-15,2.903465717433449,2.991184445889734,2.903465717433449,2.9736404418945312,1191356
2010-01-18,3.0074118109440833,3.1034629893983063,2.9385533637704357,3.065305471420288,3208172
2010-01-19,3.05258655454448,3.1052174908145305,2.947324682004379,2.974518060684204,649765
2010-01-20,3.043813518123214,3.043813518123214,2.938990367409322,2.975832462310791,748573
2010-01-21,3.034165076328374,3.034165076328374,2.868377893930916,2.886798620223999,1419644
2010-01-22,2.8517123811751555,2.9718863551522925,2.684609746140256,2.8894309997558594,2024431
2010-01-25,2.7718883319087624,2.942939119285418,2.7718883319087624,2.866185188293457,704007
2010-01-27,2.85083507825486,2.865746316330563,2.763116367167102,2.7806601524353027,999195
2010-01-28,2.7727659263835616,2.850835270239371,2.6753984820091086,2.7876782417297363,1756415
2010-01-29,2.7236431492026925,2.763116288235367,2.6666262254029767,2.7061002254486084,2996661
2010-02-01,2.7267135751459395,2.7368009871042447,2.7039070652808777,2.7161874771118164,880729
2010-02-02,3.052585911876792,3.052585911876792,2.6315393713734117,2.6486446857452393,2326207
2010-02-03,2.753468075570001,2.753468075570001,2.614873376992495,2.66750431060791,1075360
2010-02-04,2.649521954400654,2.6745216805577514,2.6139963449716546,2.6240837574005127,1218734
2010-02-05,2.574522236648748,2.649083156380016,2.5613653136212258,2.5797858238220215,1142982
2010-02-08,2.557418443028063,2.6052246863770874,2.5267166546100817,2.547769069671631,849234
2010-02-09,2.5569797058842867,2.710486492380388,2.543821704573286,2.6003997325897217,966671
2010-02-10,2.5789085060293355,2.675398358404915,2.5644350927489734,2.5806636810302734,640090
2010-02-11,2.575839527960697,2.621891463571091,2.543822107159377,2.5596117973327637,553118
2010-02-15,2.585926677267793,2.6218911940352916,2.500840502705165,2.5280330181121826,471808
2010-02-16,2.545136854938386,2.570137442308514,2.502594204907544,2.552154541015625,653264
2010-02-17,2.6315391457501103,2.951709808544874,2.596890910129927,2.7161874771118164,22969772
2010-02-18,2.7192568192008357,2.7455728160376656,2.614872571735993,2.6429426670074463,2947360
2010-02-19,2.623645016195978,2.684170355476488,2.588558090721584,2.6113646030426025,2969489
2010-02-22,2.7192573093083565,2.7192573093083565,2.583294529944239,2.5925052165985107,1238908
2010-02-23,2.571013851076873,2.622767185115803,2.571013851076873,2.6109256744384766,665615
2010-02-24,2.601715225206992,2.6052244989312534,2.5446991597706514,2.560487985610962,523373
2010-02-25,2.5701379242879936,2.622767781444895,2.483296572022302,2.5012784004211426,2471538
2010-02-26,2.4802258004330184,2.7631165892325087,2.4802258004330184,2.634610176086426,13283088
2010-03-02,2.649083911650476,2.840747377384261,2.649083911650476,2.760047197341919,6508462
2010-03-03,2.8508357203619057,2.859606861585212,2.763116989516848,2.8179407119750977,3357207
2010-03-04,2.816624498185436,2.845132636334508,2.789431987795101,2.8069751262664795,1498485
2010-03-05,2.849080225387657,2.850835400549913,2.764432953290361,2.827151298522949,1145864
2010-03-08,2.86837775808512,2.894693756624807,2.807413739088833,2.813992738723755,971509
2010-03-09,2.840308792143881,2.8508351064595923,2.7675021794244965,2.8289051055908203,1722141
2010-03-10,2.8332912323848514,2.8587296470736283,2.790309031470269,2.8175015449523926,695155
2010-03-11,2.812238959546931,2.8385541020763854,2.719257512106802,2.7425029277801514,1418924
2010-03-12,2.762239741653656,2.8289051809950543,2.736801327423667,2.8052210807800293,1279769
2010-03-15,2.7653096518257225,2.8179405866371976,2.719257718398984,2.7442574501037598,463059
2010-03-16,2.7429419928896515,2.7872396113315063,2.706538573272521,2.7350475788116455,341299
2010-03-17,2.7982043623388626,2.7982043623388626,2.7218893319808943,2.748643159866333,283352
2010-03-18,2.8508356849592698,2.8508356849592698,2.72846870916749,2.741187810897827,359722
2010-03-19,2.7368013101290343,2.785046236755186,2.728029309603141,2.7293457984924316,430020
2010-03-22,2.6841709042415993,2.7543458458035466,2.6841709042415993,2.7249603271484375,1214309
2010-03-23,2.7718880142375295,2.7718880142375295,2.6762757561418833,2.690749168395996,1010620
2010-03-25,2.675398221745005,2.675398221745005,2.6578552980149732,2.6723287105560303,933529
2010-03-26,2.6841705029490703,2.813554287677494,2.670574676439294,2.748643159866333,4393250
2010-03-29,2.767502392486907,2.8846059800520125,2.736801465173284,2.7666258811950684,2548628
2010-03-30,2.7894320740618226,2.877149921663829,2.778028387943055,2.837238311767578,1651843
2010-03-31,2.842063374400284,2.850835375575862,2.7771520294232306,2.8100459575653076,605404
2010-04-01,2.780660288616344,2.8683781429870447,2.780660288616344,2.8569753170013428,1300869
2010-04-05,2.8661851099747366,2.921009037394842,2.830659497750933,2.8920624256134033,1372916
2010-04-06,2.938553549704736,2.9631143807166147,2.8556595073332227,2.906975030899048,791390
2010-04-07,2.9359212421703744,2.9560960678584927,2.9030271022054177,2.9455697536468506,1244157
2010-04-08,2.907413397668129,2.95697374045378,2.907413397668129,2.930220127105713,2729159
2010-04-09,2.9648682848122507,2.991184289428532,2.895571151631603,2.95302677154541,1722758
2010-04-12,2.972762347557788,3.113988714304981,2.956534835438583,3.0929365158081055,4504203
2010-04-13,3.071006646435404,3.1832861912578942,3.009604577560332,3.099076747894287,3909914
2010-04-15,3.1139884470939383,3.1139884470939383,3.017937503720846,3.02846360206604,2337015
2010-04-16,2.9911843319801013,3.2718819276152367,2.9911843319801013,3.2319703102111816,11584208
2010-04-19,3.2060930972762276,3.3499503033953433,3.0701300896757955,3.288548231124878,6112921
2010-04-20,3.3074076855147165,3.5043347272928087,3.306968999340033,3.384599447250366,21031488
2010-04-21,3.4183703491570414,3.5324031189217204,3.350827327628767,3.506964921951294,7324143
2010-04-22,3.5087196061387065,3.5495090249762318,3.430212432659605,3.5350356101989746,5245160
2010-04-23,3.5438069199378424,3.587665841879023,3.4753863128992637,3.5635428428649902,2087421
2010-04-26,3.5784556424187737,3.631525257296242,3.5188076726759854,3.58371901512146,1966793
2010-04-27,3.5999463479207066,3.7183653326273585,3.5473154249637955,3.680208683013916,3629238
2010-04-28,3.640297135478365,3.7495063035415535,3.5876662085171507,3.6889801025390625,5652023
2010-04-29,3.5968758617339236,3.745557948823552,3.5968758617339236,3.7332773208618164,3043389
2010-04-30,3.780206489685873,3.91222215203,3.6854709634450558,3.7613472938537598,3484320
2010-05-03,3.761347453994941,3.842047612554695,3.4718779216591757,3.734593629837036,8569638
2010-05-04,3.7806458713418634,3.8231885260550196,3.6929280145205814,3.7157349586486816,2265173
2010-05-05,3.640296368316968,4.299935515925716,3.6052083735598126,3.880204677581787,47082423
2010-05-06,3.8859062048801234,3.9231872024838315,3.757400029394466,3.789855480194092,6508359
2010-05-07,3.5964383400112263,3.766610464122264,3.5174914085616,3.7315237522125244,2737599
2010-05-10,3.641173601085731,3.9894141828578666,3.641173601085731,3.823188304901123,9214154
2010-05-11,3.8815224327720754,3.9429247284178137,3.711788316784594,3.76529598236084,9118949
2010-05-12,3.8157321128377504,3.9297650845188614,3.7902939188424654,3.840731620788574,6673965
2010-05-13,3.8587139913348567,4.262217386211234,3.8157326545236474,4.172306537628174,50475449
2010-05-14,4.228008463376915,4.429760221649771,4.1323959580954535,4.317042827606201,46108238
2010-05-17,4.230639367126806,4.473618115741365,4.166604533789619,4.332391738891602,13133435
2010-05-18,4.385899277986542,4.429758412833532,4.210462738598583,4.236778736114502,4620612
2010-05-19,4.236779859641042,4.236779859641042,4.007396497732085,4.156956195831299,21748670
2010-05-20,4.16660494438595,4.25432410331706,4.0438003605165935,4.142044544219971,3477218
2010-05-21,4.1218693195340315,4.175376546242029,4.0130988299624475,4.164411544799805,39619434
2010-05-24,4.092922651237991,4.184148711575044,3.8639784060167344,3.963099956512451,2036988
2010-05-25,3.8683635618966066,3.9209942678700287,3.6859097590450784,3.8008201122283936,2093288
2010-05-26,3.7631019645866015,4.004326372225604,3.7631019645866015,3.954766035079956,3313979
2010-05-27,4.008713657277881,4.070115525502577,3.881083941576323,4.0464324951171875,1386399
2010-05-28,4.122745953758921,4.148622841326251,3.9306436000315546,4.0609049797058105,929618
2010-05-31,4.044677810395239,4.060466639375807,3.9043292198486257,4.0034499168396,1221410
2010-06-01,4.0788859843261704,4.159148317352208,4.026255277978009,4.12186861038208,2354306
2010-06-02,4.07888632911654,4.166604180444978,4.07888632911654,4.128008842468262,1521849
2010-06-03,4.140288495733176,4.166603199174626,4.035904040457186,4.093358993530273,1657401
2010-06-04,4.098184121771886,4.192042275312123,4.035904476788206,4.165727138519287,3982888
2010-06-07,4.29993668205669,4.29993668205669,4.034589246327592,4.039852619171143,1034396
2010-06-08,4.039413773322185,4.165289142331843,3.991168630367298,4.013975143432617,1183122
2010-06-09,4.072307305561245,4.245551298651318,4.072307305561245,4.163973331451416,12589271
2010-06-10,4.192042759257387,4.192042759257387,4.115728595444301,4.166166305541992,3031655
2010-06-11,4.184149430949715,4.210464578954873,4.070115544403065,4.0780110359191895,1134645
2010-06-14,4.164850560757329,4.164850560757329,4.063536877325418,4.1060791015625,1024618
2010-06-15,4.122307536238124,4.192920071053219,4.09643022188273,4.169674873352051,3645294
2010-06-16,4.20958771139632,4.20958771139632,4.131518354967737,4.164851188659668,4531376
2010-06-17,4.166604130644369,4.174937444810254,4.088097397267463,4.166166305541992,12383936
2010-06-18,4.122744944812296,4.166603649635837,4.113973806556607,4.165727138519287,10859102
2010-06-21,4.166604130644369,4.175376130925615,4.149061421601352,4.166166305541992,8090728
2010-06-22,4.165288368061445,4.169674367606866,4.1490608585536775,4.1666035652160645,5110740
2010-06-23,4.140290357231892,4.166605072504591,4.140290357231892,4.164851188659668,677452
2010-06-24,4.1666035652160645,4.1666035652160645,4.15914805479914,4.1666035652160645,5038693
2010-06-25,4.16660454508825,4.21046368984408,4.128886145545293,4.164411544799805,2052118
2010-06-28,4.149061436893292,4.1666041460009655,4.096868982141795,4.129324436187744,3368426
2010-06-29,4.157394111952896,4.166603936908286,4.053886579878176,4.080202579498291,1513512
2010-06-30,4.035028482594969,4.166605072504591,4.035028482594969,4.164851188659668,3792477
2010-07-01,4.122745465532977,4.156955664292291,4.026255613923791,4.0604658126831055,2336088
2010-07-02,4.056957253635515,4.2525677646199265,4.022746627418977,4.15256929397583,8915157
2010-07-05,4.162657290122521,4.507389241720756,4.131956149834024,4.328444480895996,30095681
2010-07-06,4.376249696317934,4.464844903366263,4.316163054701603,4.418793201446533,20670427
2010-07-07,4.517478280472194,4.517478280472194,4.368357241134957,4.428882598876953,6638662
2010-07-08,4.5096650230817374,4.5269756186593115,4.429769296286823,4.4976806640625,4557004
2010-07-09,4.4963490689984535,4.64282338738705,4.466165758679634,4.528306484222412,27499604
2010-07-12,4.545173408109036,4.788411832796065,4.52830677559139,4.560265064239502,13399908
2010-07-13,4.571805843221195,4.77598389292439,4.571805843221195,4.739142894744873,5686297
2010-07-14,4.792851382183164,4.882511667343899,4.661910907809975,4.752015590667725,11430850
2010-07-15,4.752015863751654,4.764888148764213,4.6605797252843715,4.707629680633545,3086617
2010-07-16,4.707629420559881,4.93577535640158,4.690762349500633,4.835018634796143,10273355
2010-07-19,4.471047846555375,4.96995214049356,4.471047846555375,4.880735397338867,5684136
2010-07-20,4.913581942961876,4.944651871136935,4.678333533022884,4.811492919921875,3857217
2010-07-21,4.820370353254864,4.951754338307789,4.775984177974364,4.88339900970459,36459740
2010-07-22,4.926010708039333,5.001467257236321,4.758229667554194,4.771101951599121,4384707
2010-07-23,4.872746847002316,4.872746847002316,4.635279444064011,4.673451900482178,3621621
2010-07-26,4.382275595198949,4.882068309121249,4.382275595198949,4.80217170715332,4681029
2010-07-27,4.80882993442791,4.900266500300103,4.728046713779199,4.860762596130371,5393578
2010-07-28,4.882510373641662,5.09556590092211,4.752014331542583,4.898489952087402,11521115
2010-07-29,4.83901249906639,5.042302187262986,4.83901249906639,5.0059051513671875,4572237
2010-07-30,4.989927585466974,5.135958853044248,4.900266860988475,5.051180839538574,11559095
2010-08-02,5.11287781648586,5.2198486983290655,4.902041608450946,5.100893020629883,3608138
2010-08-03,5.139952800674109,5.184339411476685,5.025435885051578,5.055618762969971,3025892
2010-08-04,5.122199052870728,5.184340671646413,4.972172986412536,5.1523823738098145,4147157
2010-08-05,5.184339405593224,5.184339405593224,5.104444116196806,5.119978427886963,4295574
2010-08-06,5.06893473159983,5.317498997057006,5.06893473159983,5.2318339347839355,12516297
2010-08-09,5.281991363798703,5.539432306521299,5.26689970222611,5.412487030029297,16778113
2010-08-10,5.432458655530231,5.459534230288294,5.281988692116952,5.352563381195068,4353418
2010-08-11,5.326375299914447,5.539429963363892,5.31172804232055,5.393842697143555,6619003
2010-08-12,5.216297160408692,5.476401330822085,5.216297160408692,5.423137664794922,2321988
2010-08-13,5.450658188397747,5.475958358086184,5.300188184877047,5.329040050506592,2214740
2010-08-16,5.388518578016837,5.634419528656989,5.239379569980668,5.456429958343506,5998057
2010-08-17,5.3796401202293085,5.60867439329082,5.326820409220823,5.432459831237793,2837436
2010-08-18,5.521676962645038,5.53943108584618,5.3796404915638565,5.427577495574951,1917286
2010-08-19,5.459534798429007,5.588255435919376,5.397393635760443,5.4524335861206055,2546570
2010-08-20,5.371651152241516,5.724967368696911,5.361885730529551,5.637081623077393,7378487
2010-08-23,5.699222943175114,5.903401022303799,5.611781164059619,5.717864990234375,8201269
2010-08-24,5.735618971430232,5.814626765686031,5.518125556267198,5.606454372406006,3635311
2010-08-25,5.67081580017181,5.67081580017181,5.345906640745846,5.500815391540527,6440326
2010-08-26,5.486167174679583,5.725853889156011,5.415148082086721,5.6783599853515625,7597511
2010-08-27,5.708100083518217,5.769797731516678,5.432904201281698,5.474183082580566,4284973
2010-08-30,5.495044749361911,5.618883131700153,5.370762840719324,5.423582553863525,4095591
2010-08-31,5.256245207453839,5.547421082430337,5.256245207453839,5.445332050323486,4623905
2010-09-01,5.382303919975783,5.636638383364821,5.382303919975783,5.574052810668945,6192070
2010-09-02,5.592695147625654,5.867891897067578,5.577160398886095,5.712094783782959,13236360
2010-09-03,5.7613638263623255,5.903400724874602,5.71209450352688,5.816402912139893,10405408
2010-09-06,5.859013589424066,6.205227218823071,5.832381101495002,6.17238187789917,19311097
2010-09-07,6.1785979161814755,6.933167876196135,6.048101822583855,6.561652660369873,214860569
2010-09-08,6.549668011363036,6.791130633327823,6.482201033025905,6.635777473449707,15348484
2010-09-09,6.657971245433429,7.0024099665835395,6.657971245433429,6.766274452209473,157032775
2010-09-13,6.800006271341512,6.906534042955877,6.677500227137055,6.765828609466553,9550101
2010-09-14,6.824863291020591,6.824863291020591,6.657970619059537,6.708570957183838,6516490
2010-09-15,6.7360899909605605,6.835515683130103,6.6224610019244725,6.744523525238037,28223887
2010-09-16,6.747186660476208,7.258962364910364,6.542564648268789,6.925176620483398,30064907
2010-09-17,7.057448396330327,7.227892764191719,6.942043986424948,6.993088722229004,7960322
2010-09-20,7.00418479041545,7.272722957968616,7.00418479041545,7.091625690460205,9918367
2010-09-21,7.091627186840398,7.1817323133328514,6.3028791510169135,6.860373497009277,5027989
2010-09-22,6.9065342662760765,6.924288387154621,6.713009120492568,6.87058162689209,5224884
2010-09-23,6.755621627446955,6.906535605329631,6.755621627446955,6.835516929626465,5187420
2010-09-24,6.728988397202174,6.967788096274209,6.728988397202174,6.886560916900635,6627855
2010-09-27,6.757840149442664,7.144445633886508,6.757840149442664,7.0419135093688965,10726946
2010-09-28,6.884785553473541,7.1994848903852064,6.74674343877905,7.04502010345459,5473860
2010-09-29,6.924288834178226,7.146221894746975,6.8355160456347015,6.876351833343506,2676050
2010-09-30,6.879901948646805,6.95491539381063,6.802225603295721,6.867029666900635,1785748
2010-10-01,6.773374101599843,7.077865755357369,6.748961859843234,6.879457473754883,3699227
2010-10-04,6.995308811463422,7.057449117691404,6.879903518394182,6.95447301864624,3207143
2010-10-05,6.880790241405343,6.995307590431261,6.853714662051672,6.915410995483398,3308112
2010-10-06,7.208362057139608,7.208362057139608,6.86214840619683,7.096952438354492,7120042
2010-10-07,7.021938187804158,7.163975066313468,6.908309207817411,6.958465576171875,3920722
2010-10-08,6.9242878403471435,7.092957203580957,6.893661875329185,6.917629718780518,2064675
2010-10-11,6.946481837069007,7.084079971439073,6.946481837069007,7.045463562011719,1728934
2010-10-12,6.942930693127226,7.136900243835189,6.942930693127226,7.085411548614502,2305725
2010-10-13,7.021938437539742,7.146221200799919,7.021938437539742,7.08052921295166,3760982
2010-10-14,7.084081595417641,7.163976897082372,7.084081595417641,7.149773597717285,4848590
2010-10-15,7.057447533672542,7.155097809210774,6.942487099800971,6.967787265777588,1524216
2010-10-18,7.092958191862059,7.092958191862059,6.6135838286863375,6.7462992668151855,6601300
2010-10-19,6.879902729937084,6.879902729937084,6.631338048039154,6.668623447418213,5363318
2010-10-20,6.746743380999009,6.879902784101832,6.720111761788835,6.798232078552246,2741510
2010-10-21,6.835516702236588,6.871025821064911,6.817761707138409,6.849720001220703,2481110
2010-10-22,6.897657890430826,6.897657890430826,6.835516282768613,6.861260414123535,907180
2010-10-25,6.8532705842686035,7.077422132769583,6.835515592054081,7.023714065551758,1874161
2010-10-26,6.9953084342569865,7.083192869428295,6.881678124055546,6.959355354309082,915826
2010-10-27,6.961573661943591,7.011730032836883,6.835515484755765,6.900763511657715,762571
2010-10-28,6.8443940665136305,6.924289364479649,6.8364049288326365,6.840843677520752,593774
2010-10-29,6.821757221409403,7.013062148486632,6.567422760157235,6.8750200271606445,3793197
2010-11-01,7.013062059284406,7.110712350602995,6.937605511088228,7.089406967163086,2314062
2010-11-02,7.1462230288550455,7.439173495382002,7.092959347275967,7.158651351928711,16316803
2010-11-03,7.190608079001908,7.267395632478758,7.057447814900045,7.095177173614502,2232134
2010-11-04,6.973114377358579,7.206587405519172,6.973114377358579,7.193271160125732,1701659
2010-11-08,7.207916847805042,7.2527474132860155,7.115593688260252,7.183060646057129,1366226
2010-11-09,7.128467420761227,7.350399626132839,7.128467420761227,7.242096424102783,3540928
2010-11-10,7.190608990332683,7.314002542962975,7.172853995746216,7.189720630645752,2564685
2010-11-11,7.208363194015716,7.226118189873512,6.97755391175683,7.065439224243164,4061317
2010-11-12,7.06543766531365,7.084080145440608,6.8807900188370725,6.94870138168335,3615137
2010-11-15,6.906534036772825,7.10094666429798,6.906534036772825,6.938048362731934,2192508
2010-11-16,6.925177665629503,7.056117265349853,6.667735472103372,6.911861419677734,3688214
2010-11-18,7.084080892753684,7.084080892753684,6.5336878480085545,6.855933666229248,1673869
2010-11-19,6.835072763806226,6.985542775173533,6.659302145747126,6.760947227478027,1518452
2010-11-22,6.746743316871456,6.888780215483604,6.675724649723392,6.78092098236084,1103767
2010-11-23,6.791129619526091,6.853270787063899,6.684601841506427,6.784027099609375,1170566
2010-11-24,6.720111171594168,6.875907393774416,6.702356179434741,6.733870506286621,897711
2010-11-25,6.75562218414561,6.75562218414561,6.436482732737676,6.521705150604248,1919345
2010-11-26,6.471547222518473,6.586951626711479,5.770241122480561,6.48175573348999,5515441
2010-11-29,6.481755649169493,6.481755649169493,6.002825700615609,6.334836483001709,4489794
2010-11-30,6.2673692185474685,6.390763632102317,6.178596431548429,6.279353141784668,935897
2010-12-01,6.3028784727494305,6.496404081001306,6.3028784727494305,6.332174301147461,1017825
2010-12-02,6.373898082375104,6.640216488653963,6.3241847903821995,6.585621356964111,1160994
2010-12-03,6.586952282901926,6.586952282901926,6.302878467456208,6.391208171844482,638649
2010-12-06,6.436037340777462,6.462668955614834,6.258490918214115,6.277576923370361,465015
2010-12-07,6.471547576104517,6.471547576104517,5.903400842137884,5.963322639465332,6705769
2010-12-08,5.992173873380375,6.045437550134208,5.859014463653789,5.948231220245361,2567567
2010-12-09,6.124888207673957,6.124888207673957,5.672590749475022,5.867891311645508,6895769
2010-12-10,6.123556884775959,6.20522758704836,5.610449263223897,6.102695465087891,1257331
2010-12-13,6.100920115377307,6.294001295669306,5.878987073215101,6.202120780944824,716666
2010-12-14,6.249614148570002,6.300215355415418,6.063191080323736,6.262930393218994,588319
2010-12-15,6.143086999893814,6.214104790146043,6.048987545549621,6.129770755767822,179809
2010-12-16,6.187473936109189,6.187473936109189,6.054757628192597,6.1080217361450195,125156
2010-12-20,6.089824588803233,6.204785485605269,5.9921742901212,6.107578277587891,964510
2010-12-21,6.080946013647242,6.196351287722035,6.019692770187115,6.0742878913879395,939396
2010-12-22,6.063191917375351,6.167944298459286,6.036560295768673,6.051651954650879,424874
2010-12-23,6.151965266024443,6.240738059556426,6.067630349722058,6.226533889770508,1447537
2010-12-24,6.128882049638927,6.240736481874806,6.108020633598455,6.151963710784912,1377548
2010-12-27,6.2145492936877895,6.294001490805048,6.082276952475209,6.116899013519287,477983
2010-12-28,6.2136616706848145,6.30065905282057,6.171051339303309,6.2136616706848145,1955575
2010-12-29,6.258491468808959,6.294001453539902,6.1120158315814725,6.20611572265625,1663679
2010-12-30,6.257604326234619,6.258491378745806,6.214104769838777,6.248282432556152,675496
2010-12-31,6.2496145337773745,6.276247024716906,6.213218364622379,6.246063709259033,2265893
2011-01-03,6.38055508851207,6.38055508851207,6.244288392802892,6.256272315979004,1299325
2011-01-04,6.258491046783847,6.515932754831913,6.179483688778489,6.217656135559082,5865489
2011-01-05,6.151964788154673,6.30154685739219,6.151964788154673,6.191912651062012,20950486
2011-01-06,6.294001654815033,6.347708417155103,6.081390058415727,6.1142354011535645,1019780
2011-01-07,6.0809459630700236,6.12533213737766,5.814627174488386,5.8559064865112305,1279357
2011-01-10,5.771127989321485,6.009927669615454,5.504809639349139,5.7152018547058105,3627282
2011-01-11,5.601572081636668,5.769797064136057,5.601572081636668,5.642851829528809,1987172
2011-01-12,5.640633030011718,5.725854999139203,5.640633030011718,5.717864990234375,224170
2011-01-13,5.663713358378997,5.770241137761992,5.6122246630054375,5.6823554039001465,609521
2011-01-14,5.615775331586377,5.748935161043272,5.46752428134669,5.619326591491699,1427158
2011-01-17,5.558073966881313,5.725855004681066,5.50392236658952,5.628647804260254,736840
2011-01-18,5.637080820403976,5.894522988003803,5.530553913305901,5.7835564613342285,15012331
2011-01-19,5.8412592534038055,5.901181486605163,5.5669513064642855,5.601128101348877,1706187
2011-01-20,5.486168068067781,5.663713650042539,5.3716507102258735,5.524783611297607,1667796
2011-01-21,5.583818602782469,5.636194355722066,5.561624859449748,5.586925029754639,399863
2011-01-24,5.603347103870503,5.725854462690952,5.5660630132450795,5.69522762298584,401716
2011-01-25,5.787995779960907,5.81462783612306,5.486168278999197,5.510136127471924,849645
2011-01-27,5.504366169186272,5.5660633789219,5.4089352552051775,5.424914836883545,584716
2011-01-28,5.415149188872435,5.415149188872435,5.114209175297019,5.250475883483887,1526583
2011-01-31,5.23760312902427,5.415148702425793,4.985488066246933,5.214966297149658,4427730
2011-02-01,5.228727153396792,5.388519087304921,4.927343117228786,4.9837141036987305,4381105
2011-02-02,5.095565937833443,5.095565937833443,4.759559975505507,4.832798004150391,1280181
2011-02-03,4.994808563969414,5.36188493445232,4.758229124321863,5.3228254318237305,2759110
2011-02-04,5.353007601813265,5.57316524840287,5.1488304076528575,5.243373394012451,3162370
2011-02-07,5.238046873923949,5.3174981988578205,5.149274090901899,5.282877445220947,864981
2011-02-08,5.238934857444201,5.290867517703318,5.157708112738684,5.228725910186768,1028323
2011-02-09,5.096897108683977,5.27178019759475,5.095566094315176,5.239821910858154,2953947
2011-02-10,5.26379140917139,5.26379140917139,4.847890127904693,5.016114234924316,3292879
2011-02-11,5.019221351150009,5.542981838316253,5.00679346702471,5.327263832092285,873112
2011-02-14,5.415149176981459,5.530554463331922,5.335253879791146,5.451102256774902,393893
2011-02-15,5.461755014565283,5.503922254152825,5.335253731486651,5.429352760314941,738589
2011-02-16,5.468413004006284,5.477290500833085,5.251362650567628,5.331259250640869,280470
2011-02-17,5.415149611693657,5.476847264307512,5.3707634287322925,5.463531017303467,4141187
2011-02-18,5.505254222447335,5.947787174529864,5.503922336460531,5.594470977783203,4397470
2011-02-21,5.512798849097495,5.6370807474003435,5.450657682104092,5.624652862548828,6621371
2011-02-22,5.637080440395758,5.796872315164808,5.539430164919734,5.759143829345703,2433867
2011-02-23,5.770240556756018,5.7791171809778685,5.441780626564051,5.499926567077637,10365473
2011-02-24,5.477291109298307,5.502591280970881,5.2526955557012105,5.369874954223633,11568770
2011-02-25,5.423582488467346,5.423582488467346,5.136402695339522,5.151937007904053,740030
2011-02-28,5.264235215745068,5.5567421294562305,5.158151388540405,5.456872463226318,1112001
2011-03-01,5.512799771775588,5.539431393741559,5.3902932650904525,5.4835052490234375,580805
2011-03-03,5.547421062198443,5.829719003893869,5.424026213053118,5.480396747589111,13273208
2011-03-04,5.495932170246485,5.730736194187461,5.424914378921325,5.6490654945373535,3871009
2011-03-07,5.338360565270146,5.592695016023554,5.338360565270146,5.560293197631836,1246730
2011-03-08,5.58381860599204,5.779118319224154,5.539875081304794,5.61044979095459,1876425
2011-03-09,5.5949139603868145,5.832381322876694,5.5949139603868145,5.730736255645752,9036197
2011-03-10,5.639300310506663,5.921154291972028,5.639300310506663,5.889196872711182,2054691
2011-03-11,5.7706841836708405,5.936245832062089,5.637969184877661,5.8550190925598145,952365
2011-03-14,5.859013802881441,5.9744182049909105,5.82439217726983,5.897630214691162,960187
2011-03-15,5.8323804721389125,5.848804447880419,5.6827984279602175,5.736062526702881,750632
2011-03-16,5.691232927123602,5.876324982793546,5.691232927123602,5.740945339202881,468514
2011-03-17,5.682355367650794,5.805750215291813,5.682355367650794,5.753817558288574,385762
2011-03-18,5.791546905025428,5.791546905025428,5.574940943199722,5.618439197540283,808270
2011-03-21,5.756038642277187,5.760477391809226,5.575829245296463,5.586039066314697,255459
2011-03-22,5.637080338202221,5.761363098851243,5.597132914839073,5.606454372406006,791596
2011-03-23,5.513687259600452,5.7587002342254365,5.513687259600452,5.7005534172058105,710182
2011-03-24,5.649509649396681,5.823503513860978,5.649509649396681,5.669482707977295,731899
2011-03-25,5.778675863290321,5.787996452287937,5.6517306000623835,5.750711917877197,1346464
2011-03-28,5.734731478383109,5.927812681055781,5.732956066122091,5.903844833374023,1858825
2011-03-29,5.903401223308344,6.214105794136544,5.903401223308344,6.158622741699219,3094748
2011-03-30,6.187474143647694,6.4244975585450765,6.125776499036897,6.289563179016113,2269290
2011-03-31,6.258492864619622,6.479093640026629,6.134210940130795,6.212775230407715,2653612
2011-04-01,6.2229821545242885,6.2922249669149695,6.045436593441498,6.2087788581848145,1219661
2011-04-04,6.036559918528312,6.4360385745042406,6.036559918528312,6.4045233726501465,1311264
2011-04-05,6.400085214557784,6.436038292017586,6.272252050256261,6.3082051277160645,850263
2011-04-06,6.333949185693212,6.418283225088816,6.333949185693212,6.374341011047363,542620
2011-04-07,6.2531662382850115,6.436038493755619,6.233191870052823,6.3645758628845215,501141
2011-04-08,6.337500341343011,6.40763108691945,6.337500341343011,6.399641513824463,644722
2011-04-11,6.339275878573144,6.40718681553511,6.339275878573144,6.350372314453125,1598219
2011-04-13,6.339275370760182,6.472878295352947,6.331285798147727,6.386324882507324,2679652
2011-04-15,6.3659080779106425,6.420947603601887,6.325072286730558,6.355255603790283,1011032
2011-04-18,6.347264527980585,6.391651139454789,6.1963514431569955,6.214105129241943,1519481
2011-04-19,6.173270469043063,6.2926696659065895,6.169719208858298,6.253166198730469,423433
2011-04-20,6.311756104740382,6.337500673336422,6.258492426544888,6.288675308227539,421889
2011-04-21,6.214105198246348,6.33661168960004,6.214105198246348,6.313974857330322,1105311
2011-04-25,6.291338641942303,6.346378168169777,6.240738300167581,6.265150547027588,1098415
2011-04-26,6.233634707004705,6.2922246081158955,6.203451832636556,6.25405216217041,502788
2011-04-27,6.240738163400983,6.309980987076515,6.2389627510692005,6.285124778747559,662837
2011-04-28,6.23274720242939,6.30243441314927,6.23274720242939,6.290449619293213,674879
2011-04-29,6.3117562514884895,6.391651988481311,6.14353211314743,6.209667205810547,1165934
2011-05-02,6.13421043893718,6.231860732327655,6.080946761365288,6.135985851287842,333477
2011-05-03,6.058754136812808,6.134210689694529,5.743609500165439,5.790215492248535,1474194
2011-05-04,5.844809597659139,5.947786549940831,5.637524678616723,5.6606059074401855,1035631
2011-05-05,5.530554439193294,5.679692558995752,5.446663484357405,5.516350269317627,610242
2011-05-06,5.444001229810801,5.716977745577834,5.441781855412205,5.555410861968994,1049629
2011-05-09,5.574940842897355,5.697447337673278,5.574940842897355,5.685019016265869,353753
2011-05-10,5.685906286834441,5.797760739534241,5.562512308502148,5.645958423614502,441651
2011-05-11,5.620214849207128,5.708100156980718,5.566507645216617,5.6033477783203125,491466
2011-05-12,5.375645159778055,5.783556446453116,5.375645159778055,5.69522762298584,971817
2011-05-13,5.512798781425601,5.724078049515299,5.512798781425601,5.690788745880127,152123
2011-05-16,5.59313763792748,5.70277182403892,5.59313763792748,5.665931701660156,380616
2011-05-17,5.612668618595193,5.758700298659576,5.463974038135934,5.540762901306152,4015207
2011-05-18,5.637080694177161,5.805750072348406,5.425357463541532,5.625540733337402,1759297
2011-05-19,5.632643686840821,5.763583726337148,5.460423893561597,5.526115894317627,740236
2011-05-20,5.526115561019191,5.6455147593251604,5.481729382855289,5.500815391540527,835442
2011-05-23,5.636194187330125,5.636194187330125,5.335253746263305,5.399613857269287,730561
2011-05-24,5.326375595380988,5.503921593788334,5.299744414498388,5.337028503417969,383395
2011-05-25,5.264235505891567,5.495045220262574,5.237603883885084,5.282434463500977,554868
2011-05-26,5.264236622001879,5.392069828924768,5.221625407799542,5.285542011260986,343872
2011-05-27,5.193217398283507,5.921154747257146,5.193217398283507,5.599353313446045,1159964
2011-05-30,5.424470944019524,5.557185952766633,5.424470944019524,5.4466633796691895,450914
2011-05-31,5.459534885387734,5.486167372834936,5.432903269308397,5.474626541137695,477983
2011-06-01,5.477289577786829,5.650396379897236,5.468412082456085,5.60911750793457,709564
2011-06-02,5.548307141158504,5.67170153296701,5.50392097332334,5.623320579528809,284999
2011-06-03,5.549641171085734,5.661938728745952,5.503922667834232,5.548308849334717,5293123
2011-06-06,5.503921952516,5.6903450233679935,5.427133088625634,5.450657844543457,560529
2011-06-07,5.361884760585196,5.5389872344801265,5.361884760585196,5.496376037597656,616623
2011-06-08,5.361884934664362,5.725854442848419,5.361884934664362,5.6424078941345215,2764874
2011-06-09,5.6796923419468985,5.743608925524818,5.592694963492059,5.6024603843688965,3216612
2011-06-10,5.697891440910685,5.754705941249618,5.491050027366452,5.523452281951904,3178838
2011-06-13,5.468413185726202,5.573608651105239,5.468413185726202,5.547865390777588,409744
2011-06-14,5.548308543145463,5.583374570030027,5.503477966412644,5.52256441116333,576071
2011-06-15,5.432904470025325,5.530554767160261,5.3095100392926,5.341468334197998,1295825
2011-06-16,5.361884751347838,5.761363359920452,5.083138084909534,5.15903902053833,3558631
2011-06-17,5.26423453388351,5.26423453388351,5.12219764523372,5.181675910949707,1071449
2011-06-20,5.060058165424797,5.167029048635507,4.9162454058387395,5.076924800872803,1562504
2011-06-21,5.0778110543141395,5.219847495609797,5.0778110543141395,5.134182453155518,441445
2011-06-22,5.113320836716705,5.199875564473929,4.991258733678813,5.0254364013671875,684657
2011-06-23,4.982380903694931,5.077811815375076,4.97350340694144,5.059169769287109,329977
2011-06-24,4.989926740940932,5.23493971575982,4.989926740940932,5.15060567855835,738178
2011-06-27,5.062276156050892,5.343686130077208,5.062276156050892,5.307733058929443,6563938
2011-06-28,5.239379422134426,5.428465859931243,5.239379422134426,5.375202178955078,1066714
2011-06-29,5.415369268387966,5.587321615029452,5.23709885116676,5.563852787017822,628460
2011-06-30,5.433873362902223,5.587321129804468,5.433873362902223,5.505181789398193,1133513
2011-07-01,5.641479222810981,5.767849039976779,5.371591490601065,5.603569030761719,747750
2011-07-04,5.60537367337199,5.73174260136898,5.60537367337199,5.67397403717041,1967720
2011-07-05,5.677584561538991,5.822006172833982,5.542639610659764,5.583709716796875,1287180
2011-07-06,5.516013620326902,5.673072283416137,5.516013620326902,5.654567718505859,547663
2011-07-07,5.598152473145748,5.812980586688963,5.598152473145748,5.7804856300354,3524460
2011-07-08,5.7949267284800685,5.81929794111808,5.6690092395172025,5.74437952041626,2247470
2011-07-11,5.66855852806641,5.776874303831658,5.66855852806641,5.771458625793457,714711
2011-07-12,5.598152090109452,5.740768932997588,5.560693317863923,5.702406883239746,1398030
2011-07-13,5.731742086862329,6.576609975803968,5.731742086862329,6.182609558105469,85803529
2011-07-14,6.183061189477477,6.462878307544202,6.137929210466611,6.384799957275391,53722630
2011-07-15,6.386154975583496,6.526063320205255,6.237219614501863,6.476418495178223,13078576
2011-07-18,6.508009660828905,6.57029150659505,6.471904698834279,6.510266304016113,15546718
2011-07-19,6.528770934220564,7.0405650870346435,6.481832847226537,6.66416597366333,21430014
2011-07-20,6.7652613180354795,6.812649493513597,6.453851219321147,6.564424514770508,5034885
2011-07-21,6.589248241857951,6.589248241857951,6.336509508915199,6.424968242645264,3568718
2011-07-22,6.498983992847489,6.5964688590602645,6.435799751117221,6.563973903656006,6931998
2011-07-25,6.6289632403605685,6.6289632403605685,6.489957743392499,6.548177719116211,9019008
2011-07-26,6.494921427630197,6.659652830351594,6.328385685024639,6.37261438369751,4307925
2011-07-27,6.372615383296256,6.5332849422296455,6.319360103846657,6.364943504333496,3616681
2011-07-28,6.363588647607493,6.4538521687011245,6.228193144466908,6.25527286529541,2360790
2011-07-29,6.138832862730944,6.36043001606188,6.138832862730944,6.324324607849121,623005
2011-08-01,6.319359774886815,6.462878570254783,6.255272698766486,6.410074710845947,1261140
2011-08-02,6.264298474171548,6.452046861486752,6.264298474171548,6.425870418548584,4390162
2011-08-03,6.138833554043948,6.415490799404145,6.0747455833986255,6.219167232513428,2888281
2011-08-04,6.228192313792169,6.359977347112455,6.137928804737282,6.1573357582092285,1103870
2011-08-05,6.056692446107319,6.291378035047417,5.876164524768464,6.226839542388916,2337323
2011-08-08,6.002533070347844,6.182156790299702,5.867137600881356,6.121229648590088,2891677
2011-08-09,6.00253307055038,6.216908381462569,5.813881450227152,6.0566911697387695,17176226
2011-08-10,6.057142603761848,6.318456036121447,6.057142603761848,6.299500942230225,11405222
2011-08-11,6.0566921923541726,6.381189868104776,6.0566921923541726,6.201564788818359,455546
2011-08-12,6.416844960854432,6.541860084450016,6.1401864094963505,6.394278526306152,4428656
2011-08-16,6.408718985924806,6.452949011124369,6.229997203344472,6.331543922424316,2479257
2011-08-17,6.4087199310763605,6.471905057822512,6.1591411169304795,6.256174564361572,2559538
2011-08-18,6.336509886272896,6.336509886272896,5.929872397854544,6.0788068771362305,2698178
2011-08-19,6.002533573111541,6.0296119604726215,5.668557935654168,5.755661964416504,7260432
2011-08-22,5.820200373069102,5.820200373069102,5.642833269912416,5.755211353302002,740339
2011-08-23,5.758821997144031,5.957402172942159,5.677585055226837,5.938897609710693,1210192
2011-08-24,6.038640006595968,6.065718843567064,5.713690861940645,5.77236270904541,1168610
2011-08-25,5.822908261176613,5.822908261176613,5.686609951760989,5.704211235046387,2449923
2011-08-26,5.614399989436946,5.849085573670675,5.560693297175879,5.616205215454102,770496
2011-08-29,5.650505502113868,5.7944757129432505,5.444253442019699,5.522782325744629,11102005
2011-08-30,5.560240539755053,5.686609431499418,5.361660409728051,5.553470611572266,4884923
2011-09-02,5.641479306876807,5.751601204376306,5.4880310952465745,5.6762309074401855,3211260
2011-09-05,5.641479264863076,5.6771341427473985,5.534065871922082,5.64057731628418,1114163
2011-09-06,5.64057615891289,5.677584395072243,5.49931270023132,5.644637584686279,1198047
2011-09-07,5.579196738944823,5.8120770873248775,5.579196738944823,5.6798415184021,1091931
2011-09-08,5.686610789115352,5.741672176013763,5.614399976593318,5.714592456817627,1603262
2011-09-09,5.688866607803691,6.020585145870626,5.688866607803691,5.893313407897949,4918168
2011-09-12,5.867138119957925,5.903243522609945,5.733096447137133,5.808014869689941,6188880
2011-09-13,5.92851751179684,5.92942078933952,5.648700380685373,5.727680683135986,1063935
2011-09-14,5.748892580024964,5.794927393401237,5.696088722917316,5.708273887634277,337594
2011-09-15,5.775971315232112,5.775971315232112,5.6866102003381815,5.703309535980225,406965
2011-09-16,5.686611175537109,5.758822435966357,5.651408601390613,5.686611175537109,406965
2011-09-19,5.775520211490235,5.847280046224112,5.716848818456334,5.785900592803955,2057779
2011-09-20,5.736706428763444,5.856306294359886,5.714591858668308,5.755661964416504,380513
2011-09-21,5.867139447409488,5.903244858230426,5.749796197740981,5.829227924346924,1514335
2011-09-22,5.817493487475815,5.84908560745891,5.64147885528349,5.67307186126709,1695380
2011-09-23,5.659531647928987,6.0115600043169515,5.614399671058666,5.900987148284912,2500665
2011-09-26,5.9555964200817755,5.9555964200817755,5.641478264189333,5.757466793060303,480248
2011-09-27,5.776874361274897,5.831032471196175,5.7109820606540485,5.7439284324646,1739947
2011-09-28,5.794928233534545,5.829679835729244,5.650957563299543,5.715496063232422,686200
2011-09-29,5.652311047406532,5.822007178799721,5.623426985956875,5.705115795135498,1882601
2011-09-30,5.797182875912431,5.803049526971728,5.672167346029797,5.729033946990967,361163
2011-10-03,5.641477630748184,5.776873097430141,5.641477630748184,5.762882709503174,309392
2011-10-04,5.794927564842108,5.885191082269467,5.668558640443805,5.739415645599365,1433539
2011-10-05,5.715043967558004,5.729937193159155,5.562047184199146,5.619365215301514,1049937
2011-10-07,5.641930058440219,5.776423600893844,5.641478641200391,5.684805393218994,354576
2011-10-10,5.677585281863909,5.748441844870067,5.6256833710947065,5.7258758544921875,290145
2011-10-11,5.7791309352725335,5.849085547373995,5.767848604966222,5.791316986083984,1391854
2011-10-12,5.776873859406237,5.948375190424735,5.776873859406237,5.9375433921813965,1702482
2011-10-13,5.966428574153867,6.0205857955390165,5.876164175844047,5.9091105461120605,767408
2011-10-14,5.8671383048582975,6.09234543982243,5.8671383048582975,6.0544352531433105,1398133
2011-10-17,6.0657175916407455,6.2913774731604875,6.0296121877976745,6.223679065704346,1845342
2011-10-18,6.0837711264998395,6.201114361011225,5.979967751547602,6.086479187011719,1124043
2011-10-19,6.183060801488386,6.306722097258193,6.074744147259264,6.118973731994629,10586968
2011-10-20,6.160495853756778,6.219166365277755,6.02329424302911,6.051727771759033,2044708
2011-10-21,6.093700593876447,6.095054402645556,5.903244153676733,5.966879367828369,658205
2011-10-24,5.966879219585915,6.002534093955897,5.81298004997816,5.843218803405762,516065
2011-10-25,5.785901287037541,6.077904478550649,5.767849025630547,6.029613018035889,1629405
2011-10-28,6.137026564889125,6.452046707161976,6.129806103665475,6.286864757537842,4717979
2011-10-31,6.255272377134103,6.3184561724683705,6.156432821424387,6.183061122894287,1768869
2011-11-01,6.138832991886363,6.2642986457149865,6.138832991886363,6.23721981048584,566293
2011-11-02,6.228193807083264,6.255273530792773,6.149213494598809,6.219167232513428,6450824
2011-11-03,6.219165663805587,6.417745824249366,6.219165663805587,6.355463981628418,1625597
2011-11-04,6.417745749234966,6.4538511519845025,6.279190789958398,6.42271089553833,965024
2011-11-08,6.318455705174015,6.408719212547862,6.240377804520654,6.287765979766846,1028529
2011-11-09,6.21194493658244,6.318004055468652,6.21194493658244,6.253015041351318,334197
2011-11-11,6.229546525328177,6.25797961004432,5.916783479451098,6.0309672355651855,1614069
2011-11-14,6.2128484491347535,6.2128484491347535,5.797184395288622,5.855404376983643,1886615
2011-11-15,5.788156954966615,5.912269664474755,5.7136895064618125,5.823359966278076,2542247
2011-11-16,5.866234855144334,5.956950222177677,5.731741764826402,5.823359966278076,632268
2011-11-17,5.957401953568987,5.957401953568987,5.8215550474594515,5.838253498077393,1209368
2011-11-18,5.822006205708663,5.911366878851932,5.69744163496293,5.860368251800537,530372
2011-11-21,5.9122705038001335,5.9122705038001335,5.858112392017287,5.863076210021973,807034
2011-11-22,5.840058723549456,5.912269975811441,5.781387330274222,5.827422142028809,432490
2011-11-23,5.83103255885612,5.901439033112757,5.785901021410037,5.8517937660217285,4018294
2011-11-24,5.7019549341952,5.771909983347373,5.581001700874641,5.7312912940979,1471107
2011-11-25,5.686611431814312,5.758822695497888,5.6685591696437925,5.72271728515625,928795
2011-11-28,5.7136896512508955,5.848633719197371,5.7136896512508955,5.8238115310668945,337388
2011-11-29,5.7461853820884095,5.796281182360993,5.731742687072476,5.747990608215332,451737
2011-11-30,5.740767890701504,5.749794462182246,5.643283045110304,5.689769268035889,825458
2011-12-01,5.776873391854422,5.867137779243071,5.731741419660186,5.7515997886657715,403054
2011-12-02,5.776873563585981,5.894216783379339,5.736706293199117,5.856756687164307,593671
2011-12-05,5.793122121473173,5.9388975526747245,5.793122121473173,5.887898921966553,1512791
2011-12-07,5.885190058134697,6.04766480423051,5.884287666767597,5.98673677444458,1781940
2011-12-08,5.993507338710754,6.137026122312937,5.876164109532443,5.956499099731445,829163
2011-12-09,5.828324870704,6.0016305439863835,5.828324870704,5.9840288162231445,388850
2011-12-12,5.831032030338371,5.993507233818699,5.831032030338371,5.913172245025635,1708143
2011-12-13,5.803955009913505,5.947925696150482,5.706018705843104,5.891510486602783,1441258
2011-12-14,5.865332069141516,5.929871440578844,5.786803194106617,5.860368251800537,1597704
2011-12-15,5.719104775533534,5.821554324687388,5.713689098410925,5.775970935821533,2135282
2011-12-16,5.731743078638478,5.885191739912556,5.706920885447349,5.78003454208374,2752832
2011-12-19,5.776874304767894,5.776874304767894,5.525490269700484,5.714592456817627,1096665
2011-12-20,5.632452012894653,5.731742097666869,5.632452012894653,5.712335586547852,790258
2011-12-21,5.704662299999806,5.803952367966596,5.704662299999806,5.762882709503174,687024
2011-12-22,5.686610966885829,5.775972093825521,5.686610966885829,5.771910667419434,699375
2011-12-23,5.6866103021056364,5.776873810027878,5.6866103021056364,5.700601577758789,304658
2011-12-26,5.687512426289634,5.775970697306957,5.687512426289634,5.716847896575928,89750
2011-12-27,5.731742403000145,5.77687438293724,5.641478886126209,5.774618625640869,2124166
2011-12-28,5.687513427901909,5.86713850451955,5.52413627084287,5.5309062004089355,1619319
2011-12-29,5.506083918650995,5.5751357039730625,5.469978951430668,5.515110492706299,282426
2011-12-30,5.054764298287546,5.650504765507326,5.054764298287546,5.4713311195373535,855409
2012-01-02,5.4790052712320945,5.524136810413391,5.374298611850558,5.446510314941406,444430
2012-01-03,5.352635009445954,5.550763765658426,5.352635009445954,5.532711505889893,339652
2012-01-04,5.641479224015137,5.641479224015137,5.457793587450432,5.46366024017334,327507
2012-01-05,5.429811091042777,5.539030144634867,5.429811091042777,5.479455471038818,125774
2012-01-06,5.434775331410241,5.571976495266524,5.281326690452573,5.32555627822876,1258463
2012-01-09,5.415819210372105,5.539931475526348,5.415819210372105,5.506534576416016,502171
2012-01-10,5.594993801920899,5.704663836073617,5.510596933473793,5.6617889404296875,356738
2012-01-11,5.67758532957515,6.002534441946624,5.67758532957515,5.879775524139404,3179559
2012-01-12,5.867138965481229,6.037736596746941,5.8229093757082895,5.863076210021973,707712
2012-01-13,5.8851911128924455,5.894217686182278,5.796280960788521,5.8409624099731445,4812258
2012-01-16,5.776874134679966,5.9930555916279875,5.776874134679966,5.866235256195068,2120152
2012-01-17,5.785900170200297,5.894216818736144,5.785900170200297,5.867588520050049,2567155
2012-01-18,5.993507766564133,6.264298319767064,5.885191102282703,6.113107204437256,26511215
2012-01-19,6.155982210449827,6.182609625574378,6.008852086404436,6.147407054901123,6492200
2012-01-20,6.137928591931859,6.201113710579941,6.137928591931859,6.181255340576172,1393810
2012-01-23,6.210139805625745,6.273324932942038,6.137929433979262,6.262493133544922,2311489
2012-01-24,6.295439440194371,6.622645189017337,6.247599842441025,6.506656646728516,6027699
2012-01-25,6.544115333158145,6.643404523007081,6.526062189367186,6.58969783782959,1829491
2012-01-27,6.643405795286923,6.670485516159403,6.498984161302568,6.561266899108887,1228204
2012-01-30,6.665971640728289,6.665971640728289,6.409171491400558,6.517939567565918,1755282
2012-01-31,6.5779650160961545,6.851012209299911,6.480931569585645,6.775641918182373,3309965
2012-02-01,6.778802797790871,7.13624690583331,6.72554662879169,7.017098426818848,8520337
2012-02-02,7.087501541186544,7.087501541186544,6.770675800115167,6.984601020812988,2642496
2012-02-03,6.995434513461512,7.239146238054251,6.905170993797585,7.148431301116943,4460151
2012-02-06,7.193111551149089,7.345657810266856,7.068547847479394,7.107361316680908,5243617
2012-02-07,7.121803793991412,7.175961462105097,7.0053638329464105,7.132635593414307,2556965
2012-02-08,7.15790928651447,7.482858400062349,7.1308295661351,7.4250898361206055,4451917
2012-02-09,7.2301188965087695,7.617350705880948,7.2301188965087695,7.41967248916626,3890359
2012-02-10,7.420576015269548,7.537016412318197,7.31135740806924,7.3267011642456055,898638
2012-02-13,7.311357670223861,7.400266491789407,7.232376041304257,7.25990629196167,1282857
2012-02-14,7.310452826764003,7.31135610408424,7.1849863222825485,7.202587604522705,1128572
2012-02-15,7.288790777950802,7.311357209362675,7.121803172504957,7.176863670349121,3798755
2012-02-16,7.243659597927162,7.243659597927162,7.0680963748327414,7.090211391448975,904196
2012-02-17,7.221092114609063,7.356037066083568,7.118643443419941,7.277507305145264,5431455
2012-02-21,7.230118905975386,7.537016169632685,7.230118905975386,7.3903374671936035,2526191
2012-02-22,7.489174861744096,7.537015336408052,7.126766609358137,7.246366024017334,3342386
2012-02-23,7.175960394522738,7.292852198445444,7.0008495047394295,7.077121734619141,1757959
2012-02-24,7.175961762816263,7.238695032643851,7.144369640759313,7.216581344604492,1523187
2012-02-27,7.265775206535776,7.265775206535776,6.766165660219188,6.873579502105713,1646594
2012-02-28,6.887117117464044,7.040565306141471,6.887117117464044,6.98595666885376,977993
2012-02-29,7.040114848237163,7.256296770720395,7.040114848237163,7.135343074798584,3386232
2012-03-01,7.194013879041581,7.201235225591057,6.907878266398619,6.97963809967041,603243
2012-03-02,6.975575921488686,7.11909559990001,6.975575921488686,7.055459499359131,11054350
2012-03-05,7.023415654327059,7.085697500362302,6.869516486696588,6.880798816680908,300026
2012-03-06,7.031538050941772,7.17460628754195,6.814905647724194,6.925478935241699,2221739
2012-03-07,6.9277367247360235,7.040565787835661,6.814906775635883,6.950753688812256,2484918
2012-03-09,7.103750919835525,7.257199119143257,6.96925737231246,7.170546054840088,1876528
2012-03-12,7.266225075647237,7.266225075647237,7.004460235924441,7.240950584411621,906151
2012-03-13,7.221093093444243,7.318578403513075,7.221093093444243,7.299171447753906,1815494
2012-03-14,7.3564886046168025,7.401168720369987,7.160616502253532,7.393045425415039,2084745
2012-03-15,7.397107796866693,7.397107796866693,7.01348730403657,7.127219200134277,427756
2012-03-16,7.221092573930137,7.221092573930137,6.9308955229702685,7.046884059906006,477880
2012-03-19,6.995434214519594,7.211164260947551,6.995434214519594,7.098334312438965,416228
2012-03-20,7.040565301961093,7.230118894567695,7.040565301961093,7.141210079193115,207188
2012-03-21,7.194014176462389,7.392594348279475,7.19085514177904,7.3388872146606445,1145555
2012-03-22,7.338436114972333,7.446752778377981,7.244110728627631,7.356939792633057,3127170
2012-03-23,7.446301298072551,7.446301298072551,7.175960853690539,7.350621223449707,438048
2012-03-26,7.445396963477816,7.445848823670171,7.28247168312113,7.311807155609131,477263
2012-03-27,7.3564901494987165,7.3564901494987165,7.180926912154407,7.264420509338379,848410
2012-03-28,7.2775077695409,7.320382661444056,7.136697043321818,7.218837261199951,4280753
2012-03-29,7.302330394684548,7.302330394684548,7.08569709031542,7.182279109954834,7527008
2012-03-30,7.086148760049695,7.374541020605306,7.086148760049695,7.350621223449707,708741
2012-04-02,7.365515142832251,7.635403752444146,7.293304770324429,7.534308433532715,1287797
2012-04-03,7.672411845491396,7.831727142382084,7.582147884861916,7.799684047698975,1995509
2012-04-04,7.726571505966095,7.929665003477034,7.726571505966095,7.900328636169434,1604394
2012-04-09,7.943204526244245,7.943204526244245,7.629989987183615,7.812773704528809,660160
2012-04-10,7.852938811269185,7.889045104001933,7.676925064199588,7.83488655090332,513904
2012-04-11,7.699491388836243,7.870991846901471,7.6092265442747875,7.628633499145508,395334
2012-04-12,7.541528654917017,7.868282039811867,7.541528654917017,7.829017162322998,1536052
2012-04-13,7.897168658969365,7.961255732278335,7.808258509984045,7.926504135131836,3201790
2012-04-16,7.734692430346236,8.033465948818634,7.734692430346236,7.970732688903809,1860369
2012-04-17,7.988334428696687,8.114703790160938,7.889946734170885,7.986077785491943,2826732
2012-04-18,8.033466316066784,8.069571720934468,7.9436533351330105,8.027148246765137,1609026
2012-04-19,7.966670482457357,8.141330386633493,7.966670482457357,8.05422592163086,1016075
2012-04-20,7.870991707412363,8.123730432503836,7.870991707412363,8.052421569824219,729635
2012-04-23,8.024442294534783,8.150359834368334,7.814127867765742,7.844817161560059,2905058
2012-04-24,7.973441158543924,7.974794967334217,7.631793157104862,7.662934303283691,1684264
2012-04-25,7.6733133446416435,7.7518422147625765,7.464803791354266,7.6678972244262695,854277
2012-04-26,7.594783850867363,7.717542749320321,7.582598687462312,7.593430042266846,848410
2012-04-27,7.600201474795715,7.897620347561217,7.5821483272163634,7.792011737823486,1686426
2012-04-30,7.762673881089764,7.94455468003375,7.762673881089764,7.887237548828125,310113
2012-05-02,7.740110404096806,8.265895902521201,7.740110404096806,8.029404640197754,2147633
2012-05-03,8.051519035678504,8.051519035678504,7.830373307474477,7.894912242889404,5511427
2012-05-04,7.762676136231409,7.898071196932836,7.564095946002169,7.634952068328857,1765472
2012-05-07,7.410644978146128,8.191424212141182,7.410644978146128,8.067764282226562,2147530
2012-05-08,8.01721860800424,8.186913385780507,7.870991323813591,7.934176445007324,864570
2012-05-09,7.778021686401871,8.012707312572092,7.582149091036458,7.725217819213867,931882
2012-05-10,7.606519632125567,7.8791153983455215,7.606519632125567,7.744623184204102,527799
2012-05-11,7.5821473539451,7.832178454221063,7.5821473539451,7.755002498626709,324522
2012-05-14,7.60967952642923,7.913416489346321,7.581697854630061,7.69542932510376,416537
2012-05-15,7.579439545261425,7.970281801914836,7.579439545261425,7.907999515533447,2429030
2012-05-16,7.744622587954853,8.136365895925534,7.548749161968699,7.675119400024414,7838870
2012-05-17,7.690463756479499,7.988333538300764,7.500910178411386,7.7649312019348145,3492348
2012-05-18,7.669702719227499,7.961255341550299,7.53701617863552,7.851584434509277,1564357
2012-05-21,7.932822321582368,7.933725156093099,7.682792094140748,7.757711410522461,715019
2012-05-22,7.726570400440902,7.825860048350545,7.672411846853496,7.7753119468688965,557235
2012-05-23,7.681438059841444,7.807806535617566,7.627279508794195,7.652553558349609,583790
2012-05-24,7.509936831301205,7.762675558604869,7.509936831301205,7.686853408813477,1551800
2012-05-25,7.591174373979191,7.760870051041261,7.58259966107465,7.6457839012146,311965
2012-05-28,7.671959809433234,7.672411669686343,7.586660997653273,7.617802143096924,1971734
2012-05-29,7.515804431145093,7.672411211516055,7.515804431145093,7.602457046508789,849645
2012-05-30,7.491883816644182,7.690463972092628,7.491883816644182,7.664287090301514,1335143
2012-05-31,7.582147283455298,7.717543213660081,7.582147283455298,7.666996002197266,798903
2012-06-01,7.582147711106698,7.731534482785041,7.582147711106698,7.628633499145508,840588
2012-06-04,7.537921063176654,7.707616774494699,7.41064927968812,7.6475911140441895,777495
2012-06-05,7.500911166482577,7.690464769519983,7.500911166482577,7.660677433013916,266884
2012-06-06,7.583049372582475,7.74236462256326,7.583049372582475,7.698586463928223,445047
2012-06-07,7.618705716129208,7.744624118868169,7.618705716129208,7.713933944702148,271207
2012-06-08,7.6272791756435225,7.841655841257998,7.6272791756435225,7.774409294128418,334609
2012-06-11,7.690464011761566,7.870991024009348,7.690464011761566,7.853389739990234,496098
2012-06-12,7.826311454112663,7.976600169039186,7.826311454112663,7.931920051574707,454002
2012-06-13,7.744625073461499,7.997362086682977,7.744625073461499,7.920186996459961,422918
2012-06-14,7.77801945765167,7.903034114608123,7.77801945765167,7.853389739990234,436402
2012-06-15,7.771702142970265,8.066864379738842,7.771702142970265,8.04339599609375,900182
2012-06-18,8.033465794991033,8.033465794991033,7.762674833047524,7.779824256896973,775745
2012-06-19,7.672410458586955,7.843911775581404,7.672410458586955,7.782983303070068,294571
2012-06-20,7.705810354953198,7.8344363779682435,7.705810354953198,7.785242080688477,347886
2012-06-21,7.726571778916704,7.894913679133731,7.673316050354663,7.870541572570801,309186
2012-06-22,7.943202931716034,7.943202931716034,7.785693302086833,7.849328517913818,167767
2012-06-25,7.852938990921024,7.941397283738695,7.807807009973114,7.880018711090088,210687
2012-06-26,7.808712077411712,7.914771675032827,7.808712077411712,7.89355993270874,258547
2012-06-27,7.854745341328224,7.916123912377487,7.852938786296619,7.908452033996582,460486
2012-06-28,7.970281726870655,8.21399297745869,7.86196463105328,8.152162551879883,1345641
2012-06-29,8.239267371550895,8.304708251605028,8.123730253427677,8.236108779907227,1025750
2012-07-02,8.3304344605532,8.3304344605532,8.141782805598753,8.200453758239746,714299
2012-07-03,8.294330900166845,8.54797163371882,8.224827690033203,8.455451011657715,1309617
2012-07-04,8.53352848296077,8.534430431521688,8.269957495047226,8.291170120239258,1448154
2012-07-05,8.276993081327353,8.36845095835531,8.217544608417192,8.291168212890625,1811685
2012-07-06,8.368453519907671,8.414182921283453,8.255959138659525,8.30031681060791,136581
2012-07-09,8.231265741419033,8.423328497998945,8.231265741419033,8.341014862060547,755572
2012-07-10,8.455337912702483,8.55136883196203,8.379884726952648,8.473172187805176,565984
2012-07-11,8.41555350700011,8.621335336360133,8.41555350700011,8.5888671875,530681
2012-07-12,8.505639390698759,8.825745146300816,8.505639390698759,8.792362213134766,1670266
2012-07-13,8.880619468516183,8.889765526554452,8.707763639781145,8.836262702941895,717078
2012-07-16,8.761723206978875,8.990369266339462,8.761723206978875,8.809739112854004,1346361
2012-07-17,8.853182329468947,9.237307795750077,8.834890213108643,8.87833309173584,12527413
2012-07-18,8.972993337699451,9.100121586382468,8.889766712091943,9.033355712890625,2592371
2012-07-19,8.944638951183597,9.373122020766134,8.944638951183597,9.327393531799316,3992049
2012-07-20,9.328308446788133,9.373580894717083,9.102863685663785,9.218101501464844,1129807
2012-07-23,9.154994878206686,9.829959235191858,9.066279552060008,9.645669937133789,3119862
2012-07-24,9.64567125885475,9.968519609255164,9.593997101399273,9.877518653869629,8839404
2012-07-25,9.968976799253882,9.968976799253882,9.679967424555805,9.779200553894043,1934578
2012-07-26,9.67173396035608,9.78331351617128,9.486072962397637,9.581646919250488,431770
2012-07-27,9.603140412322393,9.786057056214728,9.228617113922633,9.398272514343262,1046129
2012-07-30,9.402391122877154,9.603142073276318,9.195236674912032,9.329681396484375,891124
2012-07-31,9.258799026510276,9.55741132091371,9.1549937942434,9.490646362304688,1193003
2012-08-01,9.465952973103224,9.591708568060694,9.347056921135362,9.55512523651123,483438
2012-08-02,9.46595290225223,9.603141067832214,9.447661685478623,9.540035247802734,344284
2012-08-03,9.438059273788557,9.694601372366868,9.437602329945383,9.5958251953125,410464
2012-08-06,9.694143191585749,9.694143191585749,9.420682509907243,9.472813606262207,1209883
2012-08-07,9.449033164137374,9.767765350879317,9.447661435131755,9.731639862060547,1607688
2012-08-08,9.7403292362287,10.05083108587224,9.71289106193884,9.7462739944458,1133410
2012-08-09,9.776911998644248,10.23420500169624,9.752676023380953,10.118510246276855,4032395
2012-08-10,10.197617906283543,10.336177766675796,10.070491512358982,10.16103458404541,2523103
2012-08-13,10.151437013143807,10.151437013143807,9.932850869488796,9.967604637145996,1466578
2012-08-14,9.88391793640362,10.197620150742768,9.419766316161073,9.899008750915527,1139894
2012-08-16,9.744903506678215,10.113481256277007,9.74444656280658,10.02110767364502,1991495
2012-08-17,10.105707606399863,10.113481038421986,9.843221636251254,9.889864921569824,3050388
2012-08-21,9.889864366113011,10.003730460979172,9.55649825239331,9.837733268737793,3556161
2012-08-22,10.005103086079092,10.005103086079092,9.786059113373964,9.89215087890625,678378
2012-08-23,9.520830208020755,9.991842417864685,9.021467726126586,9.886207580566406,853351
2012-08-24,9.814410179741248,9.96897478306426,9.814410179741248,9.8884916305542,604684
2012-08-27,9.968975991331567,10.014705387246982,9.785602361553476,9.922331809997559,1014325
2012-08-28,9.840936568891454,9.923248419394534,9.726612609224903,9.743989944458008,1772780
2012-08-29,9.922788953112814,9.92324589692566,9.388214067151562,9.489733695983887,2050368
2012-08-30,9.43165742628392,9.721580659626461,9.401933633720407,9.67813777923584,2102757
2012-08-31,9.685454756300446,9.88574786421328,9.526774058493272,9.594453811645508,1202266
2012-09-03,9.58439079995999,9.621431070332141,9.493389875891058,9.579817771911621,10694422
2012-09-04,9.555584406158024,9.831331634927844,9.529975798789616,9.63926887512207,1445684
2012-09-05,9.762737546898675,9.767766622088171,9.557869613701744,9.574790000915527,7344110
2012-09-06,9.57799059926868,9.712891369552159,9.512140415253123,9.550553321838379,845940
2012-09-07,9.573419632464555,9.802523596662333,9.548268864212629,9.791091918945312,822576
2012-09-10,9.667161635289228,9.774625114382722,9.511681355815853,9.563356399536133,1111384
2012-09-11,9.561982943965026,9.867911708560868,9.561982943965026,9.788801193237305,1440229
2012-09-12,9.786058596731035,10.140460267250416,9.786058596731035,10.04991626739502,1095122
2012-09-13,10.051287071336937,10.20402209743667,9.848706572000294,9.893978118896484,1022559
2012-09-14,10.006016259390936,10.147776565870641,9.929648291867565,9.992297172546387,1894643
2012-09-17,9.895351365023465,10.53967623453227,9.895351365023465,10.245636940002441,2452188
2012-09-18,10.097015772513439,10.334807857797493,10.069578500435545,10.114850044250488,1172624
2012-09-20,9.877974557600751,10.24243708009341,9.859225497215812,10.002358436584473,750837
2012-09-21,10.023393657693754,10.15921011689849,9.861055603037363,9.976750373840332,6589155
2012-09-24,9.98269323084699,10.28907985742555,9.98269323084699,10.194877624511719,1023383
2012-09-25,10.250209174421455,10.651254979998116,10.243349631605346,10.322918891906738,4007796
2012-09-26,10.198078643869742,10.790729350619692,10.197620802353212,10.632049560546875,2251278
2012-09-27,10.609185562386992,10.70064435269796,10.472455218486518,10.6622314453125,2116961
2012-09-28,10.655372969038181,10.901853326605499,10.655372969038181,10.789815902709961,628254
2012-10-01,10.837829571916313,10.993308947132865,10.782954128657606,10.896363258361816,1589162
2012-10-03,10.937062761217694,11.029435422321404,10.747743512829246,10.782954216003418,1017207
2012-10-04,10.974563422862982,11.097117741099987,10.700644879998057,10.811766624450684,1238393
2012-10-05,11.062361088594528,11.26768596398735,10.88401744376682,10.940722465515137,1973483
2012-10-08,10.796674456147246,11.01891881498266,10.721678217868057,10.755061149597168,1053231
2012-10-09,10.792557979432013,10.857036422988116,10.746370751729325,10.79530143737793,623725
2012-10-10,10.70110234932225,11.075624866694353,10.63159391321159,10.984623908996582,2230693
2012-10-11,11.021661644134792,11.102145692095718,10.673661702450598,10.975475311279297,3452104
2012-10-12,11.102603312234566,11.240248431632896,10.975018138363922,11.019375801086426,451326
2012-10-15,11.29512338813638,11.29512338813638,10.799875325759245,11.03309440612793,853248
2012-10-16,11.021662840780285,11.249395025617819,11.02120589695398,11.196349143981934,1297163
2012-10-17,11.26814156689448,11.487185503411117,11.26814156689448,11.413104057312012,1827845
2012-10-18,11.441457011911204,11.873598365798781,11.441457011911204,11.806376457214355,4379973
2012-10-19,11.816435458685143,11.952708835611007,11.44145609798751,11.623458862304688,9977137
2012-10-22,11.642664748240495,11.926186229068053,11.523768701295287,11.88457202911377,8428322
2012-10-23,11.89874892264219,12.06337345833466,11.844787366433797,11.916126251220703,1881674
2012-10-25,11.880458641685754,12.227543834406605,11.87177042492032,12.161235809326172,8077759
2012-10-29,12.163979362726304,12.365188143811862,11.965514039863827,12.184100151062012,4399117
2012-10-30,12.136541571172188,12.195988250605527,11.546634339575204,11.656841278076172,1741285
2012-10-31,11.615228091490204,12.114592271935093,11.615228091490204,11.750130653381348,1389075
2012-11-01,11.716746980222952,11.9719155221458,11.627574714594363,11.807290077209473,1785028
2012-11-02,11.762019040340567,11.889604214580151,11.724978762482944,11.785798072814941,455134
2012-11-05,11.807290051237876,11.839759094096205,11.295123397917923,11.538859367370605,1023177
2012-11-06,11.539319005255857,11.93533491918175,11.477584005065765,11.889605522155762,1589367
2012-11-07,11.70760393788691,12.163982272472047,11.707146096254558,12.09813117980957,2597724
2012-11-08,11.897376976265658,12.026790816175915,11.825582041347598,11.920698165893555,1301589
2012-11-09,11.981060373357458,12.05880005922464,11.908350659543416,11.97968864440918,942587
2012-11-12,11.904238233331665,12.703585633732398,11.904238233331665,12.540332794189453,2504062
2012-11-15,12.556335571343897,12.685292475461061,12.481340229863028,12.528899192810059,5722115
2012-11-16,12.662429107551121,12.66334299523148,12.383480603371881,12.427837371826172,1947443
2012-11-19,12.621275546330935,12.621275546330935,12.179073208664105,12.315804481506348,685068
2012-11-20,12.346898236971512,12.43378400534813,12.209710039893384,12.303455352783203,913356
2012-11-21,12.328603776055681,12.346894992222007,12.072977409384334,12.227084159851074,1915537
2012-11-22,12.2279996447416,12.319458423991428,12.072978100164567,12.13882827758789,1736344
2012-11-23,12.200561002935158,12.575542162978428,12.200561002935158,12.483168601989746,1072890
2012-11-26,13.2614823518556,13.2614823518556,12.407717357411585,12.463506698608398,1814876
2012-11-27,12.67386075170448,12.67386075170448,12.457104205294257,12.513350486755371,2153293
2012-11-29,12.700841804525414,12.703586160900649,12.310314595730743,12.45619010925293,22864171
2012-11-30,12.621271807671382,12.65785514176468,12.484541473060018,12.595206260681152,2103684
2012-12-03,12.529814133908358,12.66700141465389,12.438354450530477,12.527983665466309,8003139
2012-12-04,12.529816951168476,12.621274859653132,12.417322565662305,12.48180103302002,975420
2012-12-05,12.575084722972246,12.621271056076976,12.39262410944913,12.473565101623535,840691
2012-12-06,12.621270739443128,12.621270739443128,12.0734346620237,12.31534194946289,821753
2012-12-07,12.228457061846685,12.435152746685219,12.082579784346294,12.198732376098633,2179642
2012-12-10,12.198732514186336,12.200105140957598,11.971915141951754,12.034564018249512,2273098
2012-12-11,12.11824799240063,12.118704936120345,11.890515860686902,11.98974895477295,2690562
2012-12-12,11.798144689751066,11.990207405894868,11.798144689751066,11.92115592956543,1635375
2012-12-13,11.935333441522626,11.981061935158582,11.605167756553886,11.802261352539062,3613593
2012-12-14,11.706688603987175,11.926189542727515,11.615229804701311,11.812780380249023,1620657
2012-12-17,11.816894421717802,11.880458087701605,11.724978694451597,11.825125694274902,3495435
2012-12-18,11.752872460242624,11.844331240172993,11.706686126491887,11.768420219421387,2975150
2012-12-19,11.889605176565707,12.895648290980828,11.844789668554567,11.890976905822754,83104629
2012-12-20,11.98106205788601,12.209708119321853,11.810491848281806,11.887317657470703,14696866
2012-12-21,11.879999490406249,11.880457331908818,11.523769176368543,11.64540958404541,122515847
2012-12-24,11.779855735718014,12.03959826882407,11.681080444159177,12.01307487487793,2755199
2012-12-26,12.059259112447911,12.436981952695723,12.01764490970786,12.352383613586426,3971772
2012-12-27,12.48271028370879,12.529812296525801,12.155288992280765,12.232114791870117,2428618
2012-12-28,12.343695417945503,12.438354606941108,12.164436985819691,12.372048377990723,2139399
2012-12-31,12.16397832415524,12.529812521959967,12.16397832415524,12.367473602294922,2017432
2013-01-01,12.395368463428948,12.555420877179936,12.388966761879425,12.485455513000488,1394324
2013-01-02,12.619900591489516,12.62127321851907,12.275102786220042,12.34826946258545,3165149
2013-01-03,12.48088327138307,13.11194690877464,12.392624889090468,12.680720329284668,4795584
2013-01-04,12.666543847602282,12.894276031304011,12.657855630846006,12.686665534973145,2790193
2013-01-07,12.749314184418347,12.950065133332087,12.586974345602371,12.667915344238281,2320135
2013-01-08,12.661514577139368,12.712731788327796,12.532101615348742,12.656484603881836,1046438
2013-01-09,12.720961726933298,12.756630275299953,12.484541338164755,12.541245460510254,1200517
2013-01-10,12.511522261378667,13.09868519895328,12.511522261378667,12.854034423828125,8543083
2013-01-11,12.954181569857713,13.073992429415828,12.639564500849188,12.66700267791748,1736035
2013-01-14,12.749313699948505,12.839857697100342,12.621271584026582,12.747941970825195,3086309
2013-01-15,12.9962503399358,13.338305523286765,12.804187624321111,12.85952091217041,19125111
2013-01-16,12.849918505473655,12.986648846844831,12.602066427181224,12.674318313598633,3614005
2013-01-17,12.709986959052774,12.894276266883022,12.6212725259304,12.642765045166016,2244382
2013-01-18,12.71227315038264,12.78406809168153,12.452988503737862,12.543075561523438,3131904
2013-01-21,12.548105708720017,12.80418905899012,12.452988676671135,12.725077629089355,23093899
2013-01-22,12.80281748832097,12.87552631407313,12.639562869475805,12.708614349365234,8636025
2013-01-23,12.915138964342209,12.915138964342209,12.369163784445671,12.42658519744873,2631400
2013-01-24,12.416229090381574,12.566843697215086,12.059933209353483,12.256202697753906,1168900
2013-01-25,12.34092171539151,12.472709154164939,12.157361377376912,12.30938720703125,685400
2013-01-28,12.460473017480238,12.460473017480238,12.190308795530504,12.242082595825195,741500
2013-01-29,12.246789941999019,12.378106087709005,12.091469431799032,12.192663192749023,852000
2013-01-30,12.236905937186588,12.37857648418146,12.049109198092713,12.285384178161621,1053500
2013-01-31,12.204899170102616,12.340922096046116,12.058521843537198,12.159714698791504,1080800
2013-02-01,12.201604137751804,12.302797887676622,12.138063813538883,12.201133728027344,1439600
2013-02-04,12.376693362510943,12.377164669992457,12.073112094332478,12.166775703430176,1135400
2013-02-05,12.152655740544184,12.217137788015137,11.973802175978962,12.051933288574219,489500
2013-02-06,12.186543293167047,12.194544747352557,11.992627651492,12.047696113586426,1480400
2013-02-07,12.021336750528134,12.131002348512112,11.823185659613724,11.875900268554688,3120800
2013-02-08,11.81377284727462,11.86083985019771,11.700812578896256,11.77564811706543,834600
2013-02-11,11.858956130768457,11.860839564931949,11.634918135880456,11.718226432800293,1078500
2013-02-12,11.682454745524153,11.771411543372142,11.630210547690226,11.690927505493164,684100
2013-02-13,11.941793231509184,12.143238980451711,11.729051366971639,11.85519027709961,10469500
2013-02-14,11.907905441702002,12.218546390773994,11.860839338537692,12.161596298217773,9614300
2013-02-15,12.123943693141698,12.144652492654874,12.01145383173201,12.136651039123535,6106500
2013-02-18,12.143240902376244,12.143240902376244,11.927674750389961,12.031222343444824,426600
2013-02-19,12.09146661903758,12.218546354018667,11.910259249669291,11.964385986328125,9132100
2013-02-20,12.095704343347965,12.281618537022142,11.973801785287295,12.097116470336914,929500
2013-02-21,11.973328415536452,12.114999829312595,11.814713276268352,11.906023025512695,969400
2013-02-22,11.79635874401599,11.907436484673086,11.631624669659173,11.663630485534668,1286200
2013-02-25,11.870254854740676,12.254320201451993,11.709286732573545,12.111237525939941,4446000
2013-02-26,12.111233972491272,12.312679719850093,11.912141171070761,12.042986869812012,1971200
2013-02-27,12.12394452850042,12.416228767604897,11.990744960671464,12.341863632202148,1375800
2013-02-28,12.416228649526271,12.513657326786879,11.91967437549175,12.061816215515137,1267000
2013-03-01,12.236433718704992,12.236433718704992,11.95497428477016,12.070758819580078,1813400
2013-03-04,12.086762893322774,12.086762893322774,11.741291792275216,11.834484100341797,923300
2013-03-05,11.9262622055446,12.096173459534947,11.832598613316494,11.970033645629883,2678700
2013-03-06,12.03875158526862,12.03875158526862,11.71587368899942,11.750702857971191,1307700
2013-03-07,11.76576437080908,11.906023665377445,11.74835023470879,11.844837188720703,1757600
2013-03-08,11.954032582464457,12.190307527493871,11.89849371445483,12.093820571899414,2134900
2013-03-11,12.002041094985323,12.049108102354493,11.955444497348578,12.03828239440918,2084800
2013-03-12,12.133356590128523,12.133356590128523,11.851426765938683,11.88296127319336,1110500
2013-03-13,12.0368681534336,12.038280280111366,11.754467954273856,11.791179656982422,2765300
2013-03-14,11.945090482031794,11.954974473102462,11.691870889903692,11.921557426452637,866800
2013-03-15,11.959681700491858,12.378576209651465,11.860841786175863,12.227962493896484,3697300
2013-03-18,12.141358329249663,12.215724360319156,11.973800901076643,12.081583976745605,4936100
2013-03-19,12.094763408433469,12.094763408433469,11.766707369958688,11.799654006958008,696500
2013-03-20,11.753529140550725,11.908849647546505,11.729054366789919,11.758235931396484,456600
2013-03-21,11.839189975062139,11.896140975205297,11.536080016845014,11.635391235351562,3597200
2013-03-22,11.766234303086613,11.766704712729364,11.129419942396982,11.387346267700195,1095800
2013-03-25,11.436769465939053,11.436769465939053,10.966571553295598,11.054116249084473,6047100
2013-03-26,10.967040001445476,11.031050725787157,10.401767393052753,10.698287963867188,4395700
2013-03-28,10.692169563600599,11.187312555139272,10.416358674713788,10.807483673095703,8527900
2013-04-01,10.88420574460535,11.154840408697806,10.88420574460535,11.042820930480957,795600
2013-04-02,11.01363553709317,11.286623053134914,11.01363553709317,11.131772994995117,3924700
2013-04-03,11.070587009893472,11.437237232317253,11.070587009893472,11.360989570617676,9007800
2013-04-04,11.408998530644451,11.408998530644451,11.107771131095861,11.250383377075195,3184600
2013-04-05,11.118127262958748,11.30545359742494,10.97127861348705,11.039996147155762,4290700
2013-04-08,11.07388353116511,11.201434595372506,10.93456593918807,11.03811264038086,735200
2013-04-09,11.042346677782364,11.175074914221351,10.59003433630115,10.702524185180664,973700
2013-04-10,10.599447200626178,10.766063772702513,10.500606420002592,10.578267097473145,1314400
2013-04-11,10.542970012272729,10.565562249255423,10.401769877723728,10.455426216125488,1772600
2013-04-12,10.354702027667546,10.543439567443983,10.354702027667546,10.538262367248535,805700
2013-04-15,10.728411492277173,10.728411492277173,10.354700638417562,10.483193397521973,4143700
2013-04-16,10.32646116755632,10.6822856941669,10.32646116755632,10.582975387573242,3850800
2013-04-17,10.420594095767106,10.83478263178657,10.420594095767106,10.78442096710205,1520200
2013-04-18,10.561796405633462,11.154367235952938,10.561796405633462,11.027287483215332,1469900
2013-04-22,10.966571051999301,11.57844038181316,10.557090132939775,11.5036039352417,7438300
2013-04-23,11.436298307064787,11.757293708474402,11.417471144491477,11.664572715759277,739300
2013-04-25,11.76670627931551,12.265614374194524,11.71022569417428,12.147947311401367,2725100
2013-04-26,12.20913386120309,12.281616450982005,11.828833674243798,11.871193885803223,788400
2013-04-29,11.871195841613105,12.049108579928589,11.296039125358952,11.443828582763672,7275400
2013-04-30,11.667396819591682,11.672574020312531,11.442417957886882,11.543140411376953,597400
2013-05-02,11.586909224958049,12.001096826761684,11.586909224958049,11.93708610534668,1446000
2013-05-03,11.907906109742067,11.973328966357359,11.625505883999901,11.694223403930664,974300
2013-05-06,11.6772783778245,11.954972701606545,11.67257158786042,11.861310005187988,24875000
2013-05-07,11.907906950481319,12.14324108703414,11.907906950481319,12.061816215515137,5333200
2013-05-08,12.225136175049002,12.990442404079007,12.099938082859568,12.821943283081055,9050500
2013-05-09,12.472710076962205,13.188126115699417,12.472710076962205,13.084578514099121,12789700
2013-05-10,12.943378394890058,13.338739843134075,12.943378394890058,13.173535346984863,2103100
2013-05-13,13.346740138477083,13.346740138477083,12.918902499419442,12.978677749633789,2168800
2013-05-14,12.870894860148807,13.168357193181544,12.868070606339478,12.993739128112793,1072000
2013-05-15,12.89819367311876,13.649380589857572,12.886897555009803,13.18953800201416,15733300
2013-05-16,13.545833124323556,14.025914077114683,13.358506815448452,13.871535301208496,10179800
2013-05-17,13.969433823793294,14.354439928575415,13.884713395034499,14.207120895385742,12353600
2013-05-20,14.393036856085391,14.966311050467269,14.167116283176695,14.883943557739258,17414800
2013-05-21,14.81663535007969,15.01431603838795,13.790578486847682,14.048504829406738,6089600
2013-05-22,14.091807898362239,14.215592982328035,13.284611763932004,13.595723152160645,5223200
2013-05-23,13.34815208155193,13.496883243869119,13.066221356973383,13.41592788696289,2003700
2013-05-24,13.884715501326717,13.884715501326717,13.197540182001283,13.572662353515625,4259600
2013-05-27,13.649380413064947,13.835765012855829,13.395219105498185,13.702095031738281,1330400
2013-05-28,13.743514685027598,13.976024580469153,13.743514685027598,13.883302688598633,3628900
2013-05-29,13.762339039970069,14.0146168827649,13.762339039970069,13.951077461242676,1948200
2013-05-30,13.927075035901902,13.977907118817992,13.74304337912727,13.844708442687988,1337600
2013-05-31,13.705859557188226,13.912952936626047,13.705859557188226,13.85976791381836,1738800
2013-06-03,13.837647021621246,13.978848041902898,13.762340169895758,13.912013053894043,820900
2013-06-04,13.912482608669226,14.433512519101317,13.543008109555885,13.722332954406738,1174600
2013-06-05,13.790111567272795,13.883303876872674,13.605609484974762,13.809409141540527,750800
2013-06-06,13.882832116724854,13.882832116724854,13.52606582328483,13.690328598022461,579100
2013-06-07,13.69597745579929,14.214183181001944,13.611257017197694,14.151583671569824,2595100
2013-06-10,13.470524762971356,14.333730100420874,13.470524762971356,14.060271263122559,1446200
2013-06-11,14.0729813773287,14.214652809547724,13.936016735632037,14.072040557861328,30911000
2013-06-12,13.94354821797993,14.099339128930925,13.650322251281754,13.709626197814941,1548400
2013-06-13,13.743514130085783,13.743514130085783,13.377334265833777,13.532654762268066,967200
2013-06-14,13.508650372004771,13.639496096072243,13.461112954840377,13.55195140838623,1840900
2013-06-17,13.602314098848796,13.827293854640354,13.461113963700832,13.536420822143555,2082300
2013-06-18,13.555247506446548,13.884715695603147,13.494061018720743,13.549129486083984,1707000
2013-06-19,13.639493899524638,13.87341587435368,13.414985504211572,13.457816123962402,4659300
2013-06-20,13.460169301236395,13.592897542869984,13.322263860098573,13.385804176330566,639600
2013-06-21,13.366038143186744,13.366038143186744,13.075165131996338,13.155649185180664,1366700
2013-06-24,12.944790709002094,13.064340323813592,12.519777280655877,12.628030776977539,1516200
2013-06-25,12.799352852183096,13.318028940189732,12.267968519990982,12.957497596740723,5565900
2013-06-26,12.990444628632302,13.272374467002663,12.625205585934037,12.935376167297363,1682100
2013-06-27,13.084576644082667,13.272844657275101,12.62802877686638,12.69392204284668,2527700
2013-06-28,12.95043677397472,13.384393322465863,12.67697881174839,13.035157203674316,3904700
2013-07-01,13.17871478504652,13.60231615216299,13.056340897172214,13.545836448669434,1891200
2013-07-02,13.607018244696738,13.790578564253153,12.978205290977053,13.356152534484863,19540100
2013-07-03,13.193302254048046,13.41451601630775,13.167415355732112,13.34579849243164,1118800
2013-07-04,13.463296856904686,13.463296856904686,13.271589310403094,13.395747184753418,564600
2013-07-05,13.41477637057956,13.460919452504658,13.23591204445992,13.447123527526855,841500
2013-07-08,13.508010978273692,13.508010978273692,13.140293616415756,13.197378158569336,1300200
2013-07-09,13.177399185391863,13.372436606915802,13.176923745497191,13.24447250366211,906500
2013-07-10,13.300606095589188,13.403358280956958,13.23638722731047,13.271113395690918,1248600
2013-07-11,13.319635235606615,13.795336494021136,13.319635235606615,13.789152145385742,16486200
2013-07-12,13.5289463418564,13.756807326901068,13.5289463418564,13.711139678955078,10005400
2013-07-15,13.576988582313545,14.135937148274973,13.576988582313545,14.091696739196777,1700800
2013-07-16,13.785347053884584,13.915689280830163,13.452832151484147,13.510391235351562,13070400
2013-07-17,13.54083516636794,13.84195375983105,13.31963402866283,13.420482635498047,2566100
2013-07-18,13.291091759679224,13.700670521224286,12.863436301754222,13.07750129699707,9591100
2013-07-19,13.081783518124597,13.176924124824003,12.52045593471985,12.60941219329834,3848700
2013-07-22,12.526166240022508,13.081784977184927,12.526166240022508,12.757832527160645,5029400
2013-07-23,12.672680249826934,13.060852439294296,11.689881533512166,12.90434741973877,12903200
2013-07-24,12.796363687891994,12.891504302640039,12.411045922085895,12.493342399597168,4370100
2013-07-25,12.737852723212033,12.737852723212033,12.254064451951448,12.392969131469727,1527100
2013-07-26,12.321138213919118,12.482401279162925,11.798342980092388,11.927733421325684,2433500
2013-07-29,11.927730538959699,12.016211346212149,11.46439807614969,11.516724586486816,2254500
2013-07-30,11.408267023439254,11.797390098288595,10.943030917324073,11.225597381591797,3023900
2013-07-31,11.04007373265377,11.04007373265377,10.558663616122772,10.883567810058594,4140400
2013-08-01,10.89593737210556,11.17850384705332,10.659989416049278,10.749421119689941,2036400
2013-08-02,10.75227599323899,10.828388123021462,10.122923241678476,10.489688873291016,3364200
2013-08-05,10.48969002317697,10.843136116188951,10.052520215295164,10.179057121276855,3246800
2013-08-06,10.142425826372115,10.142425826372115,9.609165500761238,9.703829765319824,3863500
2013-08-07,9.609165613071074,9.847016238074536,9.60868926580344,9.667201042175293,2757600
2013-08-08,9.704307748814648,10.132438799567227,9.69431806361465,10.01636791229248,3139700
2013-08-12,10.179530088814385,10.941127632426698,10.132911574317697,10.773204803466797,33790500
2013-08-13,10.826486549884711,12.0823377255265,10.665223470923697,11.835448265075684,3243900
2013-08-14,12.025728591328512,12.130857985440635,11.477245077831535,11.63089656829834,1522900
2013-08-16,11.47486431787518,11.702249798217377,10.893557388600062,10.94303035736084,22749100
2013-08-19,10.849318797449877,11.178980164428136,10.360774283286865,10.627166748046875,24759600
2013-08-20,10.627165735820354,11.188493342166362,9.753302611905525,10.992504119873047,4851800
2013-08-21,11.178977703240438,11.415876505606295,10.275145644869577,10.465901374816895,1191600
2013-08-22,10.160979171388076,10.788429247455658,10.160979171388076,10.424993515014648,953200
2013-08-23,10.703279178624618,10.922101339647844,10.466380317511558,10.82410717010498,2048400
2013-08-26,10.750848024790294,10.929711426713878,10.570081048524465,10.66569709777832,1499500
2013-08-27,10.868822373004415,10.868822373004415,9.813716764113904,9.919798851013184,4746200
2013-08-28,9.856530372277,9.856530372277,9.276175126874781,9.364179611206055,5883700
2013-08-29,9.637708302615819,9.68242415881885,9.183889044191485,9.589662551879883,6455000
2013-08-30,9.32374422076874,9.837501509090279,9.32374422076874,9.769000053405762,3606100
2013-09-02,9.847016030599404,10.03729634512737,9.370838443357837,9.626290321350098,9272400
2013-09-03,9.742360734589276,9.742360734589276,9.380827699743868,9.522586822509766,2643900
2013-09-04,9.430300962301258,9.598699242377785,9.323744350634174,9.378925323486328,2582900
2013-09-05,9.590139745100531,10.30321637479962,9.515930264516978,10.146710395812988,9344200
2013-09-06,10.19903484139512,10.608137290881931,10.18048179620396,10.422614097595215,3046800
2013-09-10,10.75084901604194,10.988699653975043,10.560568687161092,10.914965629577637,4042000
2013-09-11,10.855500114422052,11.131406745550706,10.855500114422052,11.086690902709961,2183600
2013-09-12,11.121893886496961,11.17897843090037,10.56056722105838,10.71183967590332,1185900
2013-09-13,10.769877256720132,10.985370434250386,10.584354038083038,10.898792266845703,2134700
2013-09-16,10.983465255673442,11.116661009952429,10.750847218243035,10.856452941894531,1756200
2013-09-17,10.88404473230683,12.786849825231869,10.844562346853303,11.22274398803711,2883700
2013-09-18,11.339764628100172,11.866841451003134,11.156619561506863,11.624710083007812,3788700
2013-09-19,11.79691425646022,12.130380907740816,11.475339954015716,11.850668907165527,12981900
2013-09-20,12.129429841128946,12.548998320579356,11.52196006131907,12.300207138061523,6894800
2013-09-23,12.130856812776072,12.237414331141192,11.702250447044593,11.896812438964844,1452700
2013-09-24,11.778360447847652,11.778360447847652,11.179928683836,11.239391326904297,3275100
2013-09-25,11.21893844342449,11.454886408439167,11.084790882870223,11.330728530883789,1525200
2013-09-26,11.378773175662989,11.417781023969455,11.083838021153968,11.139970779418945,3671200
2013-09-27,11.302663211490215,11.322642579366065,10.98965130011206,11.202765464782715,2054000
2013-09-30,11.32169180473894,11.32169180473894,10.989652283110035,11.088598251342773,378300
2013-10-01,11.008201735574497,11.176123655346506,10.857403817638827,10.993454933166504,1747100
2013-10-03,10.990601792397891,11.55954008447877,10.990601792397891,11.46249771118164,1181000
2013-10-04,11.415878651903391,12.035241725002999,11.415878651903391,11.873979568481445,4035000
2013-10-07,11.759335552145803,12.129907444688843,11.759335552145803,11.997662544250488,2854800
2013-10-08,12.126100168694087,12.356815564815978,12.082811543757106,12.283557891845703,4492300
2013-10-09,12.27309365553373,12.27309365553373,12.130383622901487,12.19507884979248,2380400
2013-10-10,12.13989652784592,12.250259388522366,11.942004626954107,12.022873878479004,1478300
2013-10-11,12.119441949788229,12.168439489645502,11.976256479530157,11.996235847473145,1585000
2013-10-14,12.168438048343097,12.364902717173596,12.025728034988548,12.325419425964355,1311000
2013-10-15,12.321614336800426,12.387261343473435,11.912510959633522,12.148934364318848,12420300
2013-10-17,11.999089849433322,12.196505414086445,11.987672938564026,12.154644012451172,1484100
2013-10-18,12.11373122438043,12.29259461565486,12.082810392089167,12.163204193115234,1784300
2013-10-21,12.163679563967943,12.347300075116348,12.16225233696838,12.267382621765137,1404000
2013-10-22,12.196981564455834,12.387262818474465,12.168439739284345,12.330178260803223,5666300
2013-10-23,12.328273164284342,12.43482977450383,12.178427023835104,12.228375434875488,815000
2013-10-24,11.987671595500544,12.319711038817262,11.987671595500544,12.129429817199707,748200
2013-10-25,12.054268025553734,12.45005175742739,11.968641667613529,12.233131408691406,1253300
2013-10-28,12.273090890991067,12.510941496687236,12.084237814930535,12.124672889709473,361500
2013-10-29,12.13038249105787,12.463373745900533,11.902046097220248,12.268336296081543,7361200
2013-10-30,12.334932581198242,12.706930733266757,12.275469929655504,12.522834777832031,6425400
2013-10-31,12.63747806087589,12.976177264168953,12.372036522939215,12.872950553894043,5754900
2013-11-01,12.844409726788001,13.0817849217699,12.609888986218657,13.009002685546875,3801400
2013-11-05,12.98664284931631,13.016612802632782,12.701222845239256,12.759258270263672,5190100
2013-11-06,12.843933410588452,13.214980702421347,12.700747055035892,13.064659118652344,1766300
2013-11-07,12.987120134792978,13.5384571660198,12.986643787524416,13.407639503479004,3720400
2013-11-08,13.414775035495298,13.538456556722702,13.035165294645763,13.273966789245605,2306700
2013-11-11,13.36482632271042,13.5099153494651,13.272064723920543,13.430473327636719,2795700
2013-11-12,13.430474455289039,13.650723840915045,13.358167655810954,13.426669120788574,1466900
2013-11-13,13.320110886621903,13.45473479492119,13.17692542981201,13.329625129699707,2547000
2013-11-14,13.422863126420172,13.77630920668878,13.332004185417007,13.557011604309082,4241200
2013-11-18,13.624084370873442,13.880963497629029,13.41763000806423,13.570330619812012,2769900
2013-11-19,13.577465570208116,13.745863863451142,13.48137407329438,13.679265975952148,792400
2013-11-20,13.649770098048329,13.745861578992386,13.530844800234236,13.584598541259766,860100
2013-11-21,13.614569745443,13.681167628000544,13.197854817549517,13.271113395690918,1056600
2013-11-22,13.319160979297749,13.319160979297749,12.986645145874421,13.114133834838867,2478300
2013-11-25,13.066084826460255,13.462344025782787,12.996157052695596,13.307266235351562,5152300
2013-11-26,13.176448656712122,13.414775629270025,12.987595565094356,13.089871406555176,11043600
2013-11-27,13.462822161060833,13.462822161060833,13.130306343267433,13.219738960266113,2541600
2013-11-28,13.256368243736608,13.319160800065301,13.08178559290533,13.22021484375,7001500
2013-11-29,13.091300021304098,13.460443788104639,13.091300021304098,13.42000961303711,2392300
2013-12-02,13.40526120859462,13.595066084901717,13.234960257509437,13.378622055053711,6870300
2013-12-03,13.48945976886023,14.164479195638668,13.368155448699959,13.984664916992188,7449700
2013-12-04,13.890476563358597,14.108823258192563,13.626937670059275,13.893806457519531,15143500
2013-12-05,14.069340327107511,14.223467249628982,13.700195691099674,13.816742897033691,2905600
2013-12-06,13.842431343375122,14.271037733872971,13.802471704599137,14.164480209350586,2121800
2013-12-09,14.3186053200999,14.451325626424074,13.932811281375663,14.241065979003906,3021000
2013-12-10,14.318610015217068,14.318610015217068,14.171618299033884,14.276747703552246,1905700
2013-12-11,14.27056024245867,14.299577499650445,14.094074963273236,14.202058792114258,1004000
2013-12-12,14.12880392549467,14.318608817491523,13.890477843727151,14.237739562988281,2301900
2013-12-13,14.083613363173482,14.251535322553941,14.033188596229795,14.095505714416504,6503000
2013-12-16,13.826257624405416,14.231079324095058,13.826257624405416,14.112154006958008,2256200
2013-12-17,14.080757671532236,14.175897380446601,14.050312275110237,14.079330444335938,2986500
2013-12-18,13.927104781681846,14.308617180815686,13.810082143979876,14.22679615020752,2985300
2013-12-19,14.086466293427817,14.314802693673162,13.954221393569439,14.098834991455078,2173000
2013-12-20,14.062205316714971,14.271037777560851,13.985616840544004,14.221089363098145,2325700
2013-12-23,14.33763534848159,14.841879325485651,14.270562024056318,14.796687126159668,3719100
2013-12-24,14.932261236752955,14.984588662108479,14.528391359269058,14.573582649230957,6834200
2013-12-26,14.727709613831419,14.727709613831419,14.375690813262528,14.447522163391113,1061300
2013-12-27,14.223464525735622,14.64969272223914,14.223464525735622,14.507933616638184,1037400
2013-12-30,14.746738433170593,15.03168391857475,14.699168127727003,14.803346633911133,2908800
2013-12-31,14.760534793597033,15.117787103214738,14.760534793597033,15.044053077697754,2568000
2014-01-01,14.841881429183275,15.365152151169298,14.841881429183275,14.939875602722168,1199500
2014-01-02,14.94177490841411,15.03263383211286,14.830461181133696,14.929407119750977,697300
2014-01-03,14.954145256532362,15.260497348172592,14.638755269177652,14.799066543579102,5128200
2014-01-06,14.947961064666432,15.032160210656446,14.557409823822374,14.760534286499023,4769600
2014-01-07,14.796687601100498,14.955096209138903,14.702023332637197,14.785270690917969,2253900
2014-01-08,14.849015423680592,14.849015423680592,14.699169267479263,14.798590660095215,1756800
2014-01-09,14.709635444822608,14.82094918900037,14.62305728172596,14.750069618225098,3188200
2014-01-10,14.839975566339042,14.884692325170066,14.738651513726902,14.847111701965332,2183900
2014-01-13,14.851867180382362,14.954143008873782,14.795734425414828,14.89801025390625,1445600
2014-01-14,14.936542581369288,14.936542581369288,14.747689503222338,14.775755882263184,366000
2014-01-15,14.784794440111517,14.935116024054432,14.575485641348642,14.793356895446777,6362600
2014-01-16,14.794308981458496,15.260496893664302,14.73532176544706,15.070691108703613,3605500
2014-01-17,14.917990772084586,15.070215019582903,14.604028034787282,14.972696304321289,1908300
2014-01-20,15.032160158132664,15.165355931666275,14.756728900631414,14.932262420654297,900000
2014-01-21,14.937020549192747,15.222441508951226,14.916090301842502,15.192472457885742,1141400
2014-01-22,15.231953099155284,15.317579462899023,14.890874871219802,14.970316886901855,1061800
2014-01-23,15.079729960049201,15.079729960049201,14.74769050993901,14.978404998779297,693400
2014-01-24,15.078777157942426,15.078777157942426,14.59736793997619,14.751970291137695,1734000
2014-01-27,14.699168947141644,14.699168947141644,14.004645533864124,14.192546844482422,1689900
2014-01-28,14.050787338095203,14.72770943089298,14.03318608072056,14.611163139343262,2383200
2014-01-29,14.699168897766278,14.829035684184783,14.234884543263895,14.38710880279541,413100
2014-01-30,14.137364685593386,14.354760494526596,14.128326790548378,14.255814552307129,5068000
2014-01-31,14.276269157006265,14.79430811933848,14.27103659601884,14.567398071289062,734800
2014-02-03,14.689653954537942,14.689653954537942,14.10026087056474,14.19873046875,983900
2014-02-04,14.393293086792026,14.502228719470255,14.033187245550572,14.093125343322754,515900
2014-02-05,14.170189048841348,14.36617827821712,14.037944157888843,14.121667861938477,497800
2014-02-06,14.413746667586798,14.413746667586798,14.042223947776188,14.110725402832031,1315400
2014-02-07,14.270561237065046,14.280550919187181,14.08123180932846,14.213001251220703,305600
2014-02-10,14.290066030594227,14.460842424210298,14.062205087573709,14.135462760925293,329100
2014-02-11,14.261047796014182,14.27103747869752,13.890476842196838,13.943755149841309,168200
2014-02-12,14.080758291719373,14.223468315040664,13.987996685827714,14.098834991455078,1193600
2014-02-13,13.958501035289636,14.260571417588892,13.958501035289636,14.101686477661133,838600
2014-02-14,14.102163637263631,14.223467055613007,13.899990063577182,14.036992073059082,310700
2014-02-17,14.033660877657667,14.389009551617388,14.033660877657667,14.30766487121582,1506000
2014-02-18,14.756253046496553,15.013131250621399,14.328122101403057,14.817618370056152,8535600
2014-02-19,14.756726309635418,14.756726309635418,14.602123062697068,14.653499603271484,745300
2014-02-20,14.699168877059247,14.72580803170692,14.206342701421,14.388060569763184,791000
2014-02-21,14.319557457966486,14.65159688020719,14.28102595762547,14.55312728881836,1091000
2014-02-24,14.553605466270993,14.746740258859822,14.426593125163194,14.521257400512695,586100
2014-02-25,14.385204533418317,14.803822107832278,14.385204533418317,14.778609275817871,5958500
2014-02-26,14.841878931893618,14.889448329649605,14.513644824874312,14.72675895690918,892600
2014-02-28,14.794308757579817,15.079729683279153,14.746263012145349,14.951290130615234,1607100
2014-03-03,15.022171760897933,15.16535722970212,14.889926855954343,15.117311477661133,15068400
2014-03-04,14.956048479372928,15.127300322985041,14.956048479372928,15.080681800842285,881900
2014-03-05,15.07972950314267,15.191995023568017,14.74673827591654,14.819045066833496,1832600
2014-03-06,14.861857688946548,15.67007468041471,14.851391659712625,15.37846851348877,5313300
2014-03-07,15.41319896276126,15.650574183196715,15.0949544814811,15.57160758972168,4682400
2014-03-10,15.571603057638347,15.935989611731774,15.438405492589135,15.90839958190918,6902500
2014-03-11,15.895557863400496,16.298001444308923,15.880334711902842,16.1234188079834,3036400
2014-03-12,16.135786735095927,16.257566510992074,16.031133686239492,16.085838317871094,944800
2014-03-13,16.41169274821934,16.41169274821934,15.507859668107095,15.670075416564941,1025600
2014-03-14,15.698139770705783,15.88842097863738,15.56018598568818,15.753321647644043,1189300
2014-03-18,15.698142544792773,15.983562592471896,15.612991607536468,15.890325546264648,1363000
2014-03-19,15.70146999476125,15.992598906172315,15.65818137290457,15.88080883026123,3110500
2014-03-20,15.888423017992192,15.915062172763147,15.698141785637093,15.716694831848145,7044100
2014-03-21,15.727159497962612,15.991173838223835,15.726684058020702,15.919817924499512,1993000
2014-03-24,16.021614786961127,16.133880286763496,15.698137861610025,15.764260292053223,1076900
2014-03-25,15.727157989488736,16.02922745734861,15.704799611769621,15.797085762023926,7825700
2014-03-26,16.028756582742552,16.029232022774274,15.745713703399538,15.79280948638916,5335600
2014-03-27,15.793758057912266,16.219510914774695,15.698142000470463,16.15386390686035,3692300
2014-03-28,16.00116613823321,17.36119497833432,16.00116613823321,17.103364944458008,8717000
2014-03-31,17.12524390314034,17.267953906068616,16.79225268653694,17.03961753845215,2686500
2014-04-01,17.030104411669598,17.113829022205046,16.46211700221111,16.910703659057617,4765300
2014-04-02,17.125245347223494,17.125245347223494,16.564393155618912,16.663814544677734,2669800
2014-04-03,16.345570974808442,16.697113449995733,15.808503484466996,16.60910987854004,4806800
2014-04-04,16.573432076647393,16.86789091167141,16.431197500621355,16.729461669921875,1402100
2014-04-07,16.781790132512647,17.02820414231594,16.74468585271172,16.819847106933594,918400
2014-04-09,16.79225270642035,17.056267028745534,16.62147723140694,16.70900535583496,4270800
2014-04-10,16.59293733232058,17.277471112714345,16.59293733232058,16.99300193786621,16494400
2014-04-11,17.030103277178156,17.17281327994617,16.74468327164213,16.76751708984375,1397600
2014-04-15,16.801769192972337,16.92973331734063,16.61148795365401,16.723278045654297,1833200
2014-04-16,16.783216365067215,17.030105813566742,16.716618474833755,16.86551284790039,9339800
2014-04-17,16.934964603609473,17.015834763691736,16.74468518308337,16.813186645507812,8537600
2014-04-21,16.77322967496315,17.12429861059304,16.716146018097966,16.8298397064209,7016100
2014-04-22,16.896904982699322,17.011072241930822,16.691402464357925,16.793678283691406,16532900
2014-04-23,16.802243819134485,17.610460885133964,16.80176837918439,17.379745483398438,5004800
2014-04-24,17.379745483398438,17.379745483398438,17.379745483398438,17.379745483398438,0
2014-04-25,17.585247287789706,17.585247287789706,16.997755966086658,17.248926162719727,2266400
2014-04-28,17.499147153309156,17.69608818232074,17.14427476376474,17.6656436920166,1900500
2014-04-29,17.518175514032503,17.875902355505684,17.376891812266287,17.815488815307617,2954900
2014-04-30,17.78171402512563,17.980556808068357,17.39163912792366,17.79027557373047,4711000
2014-05-02,18.0576214730906,18.0576214730906,17.79122989820046,17.86543846130371,855800
2014-05-05,17.83879773512821,17.90301660852588,17.685145338417342,17.86876678466797,642400
2014-05-06,17.61046146197003,17.98055699676965,17.61046146197003,17.877805709838867,8320400
2014-05-07,17.69893705937773,17.94154384006488,17.69893705937773,17.922990798950195,8936300
2014-05-08,17.75554936937322,17.981982175289748,17.75554936937322,17.97199249267578,955700
2014-05-09,17.968186902953704,18.124216488417606,17.90349259417902,18.09282112121582,2512600
2014-05-12,18.046674835302767,18.285476292325306,17.629485445279652,18.077594757080078,9285600
2014-05-13,18.247899464315964,18.247899464315964,17.421131220562465,17.884939193725586,5057700
2014-05-14,17.88589245423001,18.076649137309985,16.982536526140926,17.181379318237305,4048400
2014-05-15,17.220385162385735,17.220385162385735,16.221411474728626,16.513017654418945,9318100
2014-05-16,16.839826438756162,17.125246487688404,16.649545196363725,16.85266876220703,5966800
2014-05-19,16.868367926805554,17.315051062539176,16.868367926805554,17.124296188354492,14438200
2014-05-20,17.223712450566616,17.298873684762917,16.839821987392046,16.937339782714844,6544100
2014-05-21,17.257965777225504,17.590957023798087,17.009174583191967,17.51484489440918,3973600
2014-05-22,17.60094770557678,19.69403410453496,17.514845888344265,19.442386627197266,14796500
2014-05-23,19.694031769035515,19.694031769035515,19.080376743042347,19.293014526367188,2847800
2014-05-26,19.665492215310344,19.88431438225174,18.45721045317162,19.083709716796875,4504100
2014-05-27,18.5523502240168,19.265902155709753,18.5523502240168,18.821598052978516,5453000
2014-05-28,19.16885890222594,19.16885890222594,18.219358129791356,18.51191520690918,3062400
2014-05-29,18.363023358290697,18.97858027131104,18.363023358290697,18.92768096923828,862200
2014-05-30,19.104160438232274,19.40670716137823,18.74262831864754,19.226415634155273,3352200
2014-06-02,19.36865087480056,19.9794514359967,19.11082089813477,19.824848175048828,4104200
2014-06-03,19.905719767276572,21.216275429514724,19.88288594715054,20.110271453857422,3762100
2014-06-04,20.445639939088647,20.503200836796434,19.600794036692033,20.108367919921875,1099200
2014-06-05,20.10313144691872,20.930852314154386,19.59888934800304,20.77434730529785,2348000
2014-06-06,20.930853627667254,20.930853627667254,20.137384343105122,20.424232482910156,6723500
2014-06-09,20.921342746187094,20.921342746187094,20.122164425038473,20.446592330932617,6161500
2014-06-10,20.4813175648944,20.4813175648944,19.782511583198815,20.094097137451172,3010700
2014-06-11,20.13025124663032,20.41329226782585,19.140791735701804,19.41765022277832,2823900
2014-06-12,19.028052882572673,20.17734745088709,18.59421387205736,19.60365104675293,10122300
2014-06-13,19.968983299483323,19.968983299483323,18.980476724847136,19.26875114440918,3729200
2014-06-16,19.683562090080702,19.683562090080702,18.79305053681981,18.970487594604492,3938000
2014-06-17,18.96097714952102,18.98048107546571,18.13040170101064,18.720272064208984,8111600
2014-06-18,18.88533795372426,20.443735545415706,18.72026957968536,20.112646102905273,3612400
2014-06-19,20.188762820783037,20.40710954654287,19.694510280516525,19.97136878967285,2175800
2014-06-20,19.772045471459233,20.027020996064945,19.52468061485483,19.718767166137695,2877000
2014-06-23,19.617922055620415,19.921895151787965,19.515646205384016,19.601272583007812,665700
2014-06-24,19.40908675261771,19.73208831909405,19.31347069641867,19.341062545776367,4513300
2014-06-25,19.45618466615618,19.57558543587287,18.96145485905169,19.14174461364746,2916100
2014-06-26,19.617918720723875,19.617918720723875,18.98999145334008,19.076570510864258,3136500
2014-06-27,19.217852754865355,19.235454919450227,18.847281823950286,19.02138900756836,3055600
2014-06-30,19.123187954000905,19.303954911970422,18.98047796177487,19.090364456176758,1653900
2014-07-01,19.256389193606857,19.256389193606857,19.028052778029288,19.119863510131836,4688200
2014-07-02,19.123189412703045,20.159265523313074,19.123189412703045,19.978500366210938,6191800
2014-07-03,19.998632058153508,20.990893828192398,19.941108311637628,20.857633590698242,5565900
2014-07-04,20.43963725909889,22.385813537930115,20.43963725909889,21.772239685058594,4165500
2014-07-07,22.212769609085697,22.701710562198123,21.1874321585929,21.30103874206543,3222100
2014-07-08,21.666783663509555,21.666783663509555,20.468399631552046,20.55228614807129,1923500
2014-07-09,20.75601552717701,21.858528707733008,20.469362209947807,20.901260375976562,2307900
2014-07-10,20.946793959133707,21.631788816693064,19.77045911435764,21.07334327697754,3997900
2014-07-11,20.956860693518653,21.446280670717165,20.181266561245522,20.389305114746094,1122900
2014-07-14,20.676916504911976,21.23536388165569,20.4204624048649,20.536945343017578,1315000
2014-07-15,20.62179045788331,21.21618785078858,20.62179045788331,21.058481216430664,3106900
2014-07-16,21.374377893476286,21.44628166759071,20.81449321890605,20.98657989501953,4487000
2014-07-17,21.23536757391647,21.369587847223865,21.00527802786129,21.086769104003906,2646100
2014-07-18,21.26364656047238,21.26364656047238,20.615559933048903,20.936246871948242,2881100
2014-07-21,20.976512414019588,21.2435138134219,20.756010200217393,20.854278564453125,2885700
2014-07-22,20.767997755866507,21.52249921971873,20.7560131828901,21.391157150268555,1377700
2014-07-23,21.542149292549386,21.63322764332374,21.187428666278237,21.494693756103516,1324800
2014-07-24,21.546467736031985,22.03876413694258,21.475043047783746,21.91413116455078,4084000
2014-07-25,22.049312626862413,22.2468057569276,21.11553070117796,21.983640670776367,7371400
2014-07-28,21.47504055193426,21.820175723259236,21.18790821849779,21.343698501586914,1733900
2014-07-30,21.28329772385543,21.666780186829957,21.101621958440898,21.221460342407227,3537300
2014-07-31,21.22050822985071,21.47504418171316,20.947755872921714,21.018699645996094,4863200
2014-08-01,21.331235174622226,21.618846602844506,20.814971508952244,21.075260162353516,1756000
2014-08-04,21.57043556341044,21.57043556341044,20.94775526280644,21.03595542907715,1218500
2014-08-05,20.947751782529412,21.273712362762325,20.901733517081905,21.155790328979492,2146900
2014-08-06,20.996165363490952,21.187428435159703,20.91898977417798,20.967405319213867,809000
2014-08-07,20.823120669618703,21.187430446142606,20.717664116278794,21.000001907348633,7479600
2014-08-08,20.99568951692652,21.570914262990755,20.612686052746852,21.12942886352539,1957600
2014-08-11,21.0915601973769,21.93522180069281,21.0915601973769,21.564682006835938,2361400
2014-08-12,21.839352008955085,22.002332316058816,21.4424457995428,21.82784652709961,8284800
2014-08-13,21.60926126044162,22.126962199844627,21.566598453394267,21.605424880981445,1333600
2014-08-14,21.398345684951853,22.08669789049444,21.398345684951853,21.663908004760742,4424700
2014-08-18,21.972609900579645,21.9831553720891,21.52297637622877,21.82305145263672,1212100
2014-08-19,21.63946302347355,22.044994713151645,21.571872884702955,21.787582397460938,2477200
2014-08-20,22.016713181041947,22.016713181041947,21.79189547184726,21.905982971191406,10504900
2014-08-21,21.86331999963271,22.625492366883332,21.86331999963271,22.35993003845215,2000800
2014-08-22,22.242011028355037,22.865170433887105,22.242011028355037,22.765464782714844,1459200
2014-08-25,22.486957560705044,23.296585438167263,22.486957560705044,22.99267578125,1993500
2014-08-26,23.056909783154,23.200717340710835,22.865169420726648,23.152301788330078,1280000
2014-08-27,23.200718228268226,23.871812265320653,23.200718228268226,23.733280181884766,4764800
2014-08-28,23.495997956756746,23.735674781800075,23.495997956756746,23.693492889404297,14013300
2014-09-01,23.699242082470498,23.756765832891325,23.013766266294823,23.36513328552246,2690200
2014-09-02,23.363697344051573,23.58228139088609,23.200717032429953,23.289396286010742,881800
2014-09-03,23.267824025245986,23.914950649426828,23.200714814274797,23.833940505981445,2871900
2014-09-04,23.63213275742719,23.87180956394996,23.05786806523616,23.43368148803711,2702600
2014-09-05,23.29658790873438,23.670485019239464,23.018563727681016,23.363698959350586,1156600
2014-09-08,23.583717440927987,24.912964349409496,23.20071403243031,24.69629669189453,3115100
2014-09-09,24.830520446945343,25.386570646826662,24.44703786574946,25.046709060668945,3046600
2014-09-10,25.13634648482984,25.357808733499553,24.421150563423446,24.62295913696289,1008400
2014-09-11,24.778747782621924,25.271523241766474,24.42785985289234,24.91775894165039,1719800
2014-09-12,25.252349368930368,25.252349368930368,24.925909664004482,25.138263702392578,1182400
2014-09-15,25.11813461706691,25.30939590957309,24.494973344055808,24.692947387695312,2813500
2014-09-16,25.08936958113951,25.08936958113951,24.494970263187874,24.653636932373047,2176100
2014-09-17,24.653638868566222,24.86886929878175,23.571737633161103,23.781694412231445,1647000
2014-09-18,24.408684110498125,25.1181290382456,23.547766197357586,24.454702377319336,1458900
2014-09-19,24.677121463964234,26.007807436999506,24.399097345359344,25.766212463378906,3817000
2014-09-22,25.51120204449937,26.075879493098554,25.362122663168282,25.715885162353516,1687700
2014-09-23,25.71588283340312,25.9416587057637,25.118129919791993,25.361162185668945,756800
2014-09-24,25.610902278586686,25.611381368822467,24.73464258016833,25.04286766052246,794700
2014-09-25,25.121003733129136,25.30986953292327,23.958092536896597,24.211191177368164,2525100
2014-09-26,23.967680512781726,24.638776298575177,23.89098400828438,24.51366424560547,3711200
2014-09-29,24.169009786509527,25.661718097729977,24.169009786509527,25.440736770629883,580800
2014-09-30,25.44073435276184,26.364447842077446,25.4340216030706,26.089298248291016,5372500
2014-10-01,26.08642575540637,26.939676528559765,25.639189426473095,26.556673049926758,6349700
2014-10-07,26.7862825060947,26.818398015757463,25.444092650204578,25.729785919189453,4899100
2014-10-08,25.8927648677629,26.14586352340107,25.602756143893245,25.898517608642578,1341200
2014-10-09,26.36444934783782,26.796826521944322,25.933030354346705,26.562902450561523,4362200
2014-10-10,26.652062241722756,26.652062241722756,25.933512684751026,26.189006805419922,2749600
2014-10-13,25.885098512753498,26.72876017821957,25.64542167467245,25.763341903686523,853000
2014-10-14,26.086426787076103,26.719175336661053,25.885099116118,26.15066146850586,6291400
2014-10-15,26.15066146850586,26.15066146850586,26.15066146850586,26.15066146850586,0
2014-10-16,25.960833394040474,26.12429278569683,25.16606465118537,25.31178855895996,4973800
2014-10-17,25.55865785109176,25.59748611186126,24.341578209196307,24.597553253173828,2294300
2014-10-20,24.964737773941167,25.165586329264833,24.331510213636914,24.81038475036621,1109900
2014-10-21,24.916801567961507,25.50161358405686,24.735127594729697,25.345823287963867,1464200
2014-10-22,25.348699401544675,26.00014153661789,25.348699401544675,25.868318557739258,748400
2014-10-27,26.191882291156578,27.64767867905857,26.143947659151966,27.245502471923828,4833900
2014-10-28,27.002952229820583,27.493809571156476,26.843806454749725,27.00343132019043,1326300
2014-10-29,26.957409360424695,27.21769802563814,26.05910041101042,26.319869995117188,9653800
2014-10-30,26.086424477836164,26.93967520920201,26.086424477836164,26.796348571777344,1237800
2014-10-31,26.938239538308935,27.208115543079895,26.652065317363625,26.925296783447266,3217900
2014-11-03,27.227282275364995,27.227282275364995,26.188044091843693,26.745052337646484,2915000
2014-11-05,27.14100352221206,27.51490061776654,26.556672394993694,27.363903045654297,2914500
2014-11-07,27.51442088855713,28.751633344031717,27.179353867690473,27.64097023010254,6039800
2014-11-10,27.946312772038528,27.946312772038528,27.372048131277136,27.721017837524414,2291700
2014-11-11,27.47655180318151,28.1500431142124,27.47655180318151,27.776147842407227,1278300
2014-11-12,27.783338447050326,28.75163308590031,27.783338447050326,28.63898468017578,1664100
2014-11-13,28.719035961533237,28.95296187950534,28.377737120117263,28.623645782470703,1227800
2014-11-14,28.473604449765872,28.933783464938166,28.332673277785073,28.538795471191406,1976500
2014-11-17,28.933784442643393,32.452238215056006,28.540714625327844,31.42690086364746,5881300
2014-11-18,31.167573993108235,31.349730728178816,30.300905030588392,30.36945152282715,2036200
2014-11-19,30.659458394718264,30.755331317085062,28.809153050586524,28.999937057495117,3999300
2014-11-20,29.096767977518006,29.959604213138572,28.46114491213107,29.877634048461914,1360700
2014-11-21,30.00753717755054,30.75341132547903,29.585707290302242,29.67774200439453,1552200
2014-11-24,29.68637179863106,30.669046418983086,29.05170693469083,29.236738204956055,1606800
2014-11-25,29.432794645996715,29.432794645996715,28.330760680305307,28.81490707397461,2524800
2014-11-26,29.066567708100514,29.24057258528921,28.531129404289928,28.77224349975586,1102600
2014-11-27,28.847978930787804,29.35465530645307,28.56995479320859,29.19742774963379,1193700
2014-11-28,29.256870646359516,29.815797173641016,29.19743053088542,29.64179229736328,1929900
2014-12-01,29.73813962901264,30.10340759237719,29.068962005550038,29.596731185913086,4525200
2014-12-02,29.30096806598237,29.815794464504027,29.109227721985945,29.67294692993164,1658900
2014-12-03,29.795187787754106,30.150866672244767,29.240574856054437,29.772178649902344,5016000
2014-12-04,29.902084127465706,30.266392132565027,29.385820356771248,30.017127990722656,3114000
2014-12-05,29.72088490768516,30.870855325309964,29.72088490768516,30.676715850830078,1812400
2014-12-08,30.870371480337216,31.44559431713515,30.381909696454198,31.20304298400879,1994700
2014-12-09,31.340144324028977,31.416842673272466,30.91831437472554,31.171892166137695,1324700
2014-12-10,31.171886177015466,31.407247516685022,30.553519569467646,30.63644790649414,846600
2014-12-11,30.636446333483622,31.96281873891443,30.314801212597008,31.661306381225586,2765200
2014-12-12,31.848258534326988,31.97959877553978,31.447036826784505,31.673770904541016,840300
2014-12-15,31.637342286531943,32.30843815737888,31.146004042313027,32.052940368652344,1129100
2014-12-16,32.039996834947,32.039996834947,30.103409440934648,30.277414321899414,1629000
2014-12-17,30.46771469430429,31.062113947666493,29.720401529427065,30.685819625854492,1595300
2014-12-18,31.013219062068867,32.35636881952582,30.894817929919597,31.872699737548828,3191400
2014-12-19,31.896188745730555,32.07834179579236,31.75142302336931,31.893310546875,2694800
2014-12-22,31.714030514403397,32.0879256733903,31.30178619624422,31.917274475097656,1402400
2014-12-23,32.0390340719226,33.69855889489507,31.749027197518554,33.39752197265625,3296600
2014-12-24,33.525987901281276,33.525987901281276,32.59604085940734,32.83380126953125,886900
2014-12-26,32.78779187032023,33.36301481339426,32.557700498783646,33.165523529052734,698300
2014-12-29,33.38123153615178,33.7369104132366,32.99870531305204,33.23886489868164,1577400
2014-12-30,33.210100539014114,33.35342901156642,32.809361575772776,33.163124084472656,1138500
2014-12-31,33.16168499105716,33.89941094585316,32.644461271996406,33.400882720947266,1585300
2015-01-01,33.40088991266335,33.7465042836592,33.21921589709147,33.55188751220703,756600
2015-01-02,33.45888359567654,33.74649503157168,32.75135500161755,33.015480041503906,1404300
2015-01-05,33.21920978948998,33.74649807911179,32.70150696381992,32.92919921875,1446200
2015-01-06,33.07540453596952,33.41095065534712,32.52127252003519,32.843875885009766,1378100
2015-01-07,32.63199047613149,33.726835970305466,32.63199047613149,33.51256561279297,1094700
2015-01-08,33.22399584355595,33.734987672722795,33.22399584355595,33.45552444458008,968600
2015-01-09,33.37260345638825,33.67027947828629,32.98911906171801,33.07588195800781,1731600
2015-01-12,33.07587921912168,33.65062301600859,32.58166648015498,32.96227264404297,1177400
2015-01-13,32.98048701965746,33.64822549578238,32.81702580514746,33.39177322387695,1419200
2015-01-14,33.553311994493896,39.671301726725886,33.34095798665466,36.18112564086914,41759300
2015-01-15,36.79517778109803,38.20160012327517,36.670544839985205,37.00801086425781,12232000
2015-01-16,36.98692341726528,38.1469581852348,36.4524415506484,37.75196838378906,5086200
2015-01-19,37.79080335352324,38.156550428474745,37.240028663150746,37.40636444091797,3989900
2015-01-20,37.725130350438334,37.77498500192983,37.34164962923504,37.435123443603516,1867600
2015-01-21,37.683913203163435,37.71555145618409,36.431841499990405,36.59769821166992,5657400
2015-01-22,36.85749921179772,37.293712757449605,36.48839853693509,36.82059097290039,1217100
2015-01-23,37.35889908116329,37.35889908116329,36.63219961164366,37.1034049987793,4241800
2015-01-27,37.240984468444964,41.46408875389116,37.006577648253064,39.973777770996094,11599500
2015-01-28,40.39991621798966,43.06895713891361,40.08354477978272,41.44107437133789,13940500
2015-01-29,41.52832610476707,41.65535453159422,39.40526834335616,39.57927322387695,4071600
2015-01-30,40.16025295699962,40.84333345183047,38.44512764747013,38.832923889160156,5898700
2015-02-02,39.29740857061129,40.55283353446694,38.52996081736765,39.8831787109375,3765600
2015-02-03,40.260908894623775,40.79299169713589,39.69048058256227,40.00014114379883,2104900
2015-02-04,40.264266730791775,40.361573262640974,38.86886685355672,39.37602233886719,2867700
2015-02-05,39.77149188916788,40.45744681172219,38.87653656187634,39.599403381347656,3847300
2015-02-06,39.59940844876992,39.642548525233956,38.07026901411907,38.75574493408203,3343100
2015-02-09,38.75574596200144,38.827649748527,38.01274992037994,38.4154052734375,980600
2015-02-10,38.64549510876866,38.82764819110569,38.030961143854036,38.38472366333008,1728700
2015-02-11,38.8084741692633,39.70965778676102,38.40150335598023,39.4254035949707,2503400
2015-02-12,39.49874320570026,39.90331855232434,38.96234486816936,39.55866241455078,1900700
2015-02-13,39.17277335869136,40.313633510548904,39.17277335869136,40.11614227294922,1042000
2015-02-16,42.17208616580092,42.17208616580092,40.11614173726842,41.284324645996094,3374400
2015-02-18,42.06807699186678,42.06807699186678,40.328500006833,41.40656661987305,2920100
2015-02-19,41.43580282904493,41.50099567522276,40.27528532056152,41.315006256103516,2802200
2015-02-20,41.129027736239465,41.13861320101636,39.594614621883906,40.18134307861328,5721400
2015-02-23,39.882221381507044,40.7450593962999,39.66507643542843,39.90666961669922,1133200
2015-02-24,40.10032426521611,40.16983258426906,39.307473743673135,39.50209045410156,1707400
2015-02-25,39.849631013036586,40.169838912741184,38.923516447981136,39.129638671875,5669600
2015-02-26,39.27823917646591,39.871678496659094,39.01938776709769,39.276798248291016,1905200
2015-02-27,39.40334962433229,39.881266027188595,38.93358507190312,39.37506866455078,2808100
2015-03-02,42.092045246949745,42.60495353553853,40.87304919627302,41.90845489501953,4168400
2015-03-03,42.42279336911009,42.92132154925813,41.17647474732883,41.51106262207031,2753700
2015-03-04,41.51298754978192,42.17353981052522,40.84093346275309,41.34857177734375,2221400
2015-03-05,41.09786208303246,41.91468179432988,40.982339147687625,41.62562942504883,1266200
2015-03-09,42.04890062204738,42.04890062204738,39.78635092410636,40.40855026245117,2486700
2015-03-10,40.74505756156894,41.21482571673118,39.75663209741765,40.097930908203125,1462900
2015-03-11,40.284879738264834,40.33665074981368,39.21112862483222,39.6204948425293,1320800
2015-03-12,39.69047876401724,40.50537840515522,39.41293189402415,39.68568420410156,1240500
2015-03-13,40.073959167808766,40.32753689366494,39.11477290291518,39.37985610961914,2544500
2015-03-16,39.82469968273785,39.82469968273785,38.28118043904162,38.39718246459961,7726900
2015-03-17,38.63591070071215,39.49874889531898,38.46430124263674,38.673301696777344,3119500
2015-03-18,38.73273292812954,39.4028669034257,38.35931677237793,38.8089485168457,4020200
2015-03-19,38.88516588454484,39.36595676202127,38.58796533186449,38.688629150390625,1964100
2015-03-20,39.06731633379193,39.77676123342872,37.40060521281076,38.544822692871094,3521000
2015-03-23,38.76053110487639,38.76053110487639,37.97582879028853,38.28117752075195,4545900
2015-03-24,38.3482915072623,38.731775885206154,37.69684934939162,38.04198455810547,2209100
2015-03-25,37.88091591702687,38.06067350253268,37.59090540325275,37.8516731262207,2225600
2015-03-26,37.86893462097148,38.6358996540113,37.753890780309945,37.93172836303711,2005500
2015-03-27,38.156546375666956,38.3478094595617,37.792236610433584,37.98062515258789,1488400
2015-03-30,38.338700568093316,39.01938176741106,37.980622657333704,38.34492874145508,2434500
2015-03-31,38.645491269978,40.25611977197178,38.25145959877348,39.38800811767578,3770100
2015-04-01,39.86305992804557,39.86305992804557,38.944617960068314,39.69097137451172,1292300
2015-04-06,39.86304934127104,40.9751496086337,39.83428563679565,40.6573371887207,1274900
2015-04-07,40.984736992643796,41.847575023781225,40.36445398519614,41.61940002441406,1844900
2015-04-08,41.61891522900593,43.42943391803583,41.08635336867165,43.03828048706055,1882400
2015-04-09,43.54448330172015,45.04965710973547,42.18407888772885,43.18640899658203,5351800
2015-04-10,43.42943140245153,44.08135253058959,42.93857236680413,43.353694915771484,3245100
2015-04-13,43.35370771815731,43.35370771815731,42.374867556420334,42.698429107666016,3008200
2015-04-15,42.71041591293716,43.043566603550566,41.96262527666619,42.72000503540039,3832700
2015-04-16,42.875787161131996,44.14847051920221,41.943444456360595,43.95624923706055,1044800
2015-04-17,43.90831200111465,44.148946992986204,42.57906314779677,43.424163818359375,1872200
2015-04-20,42.88153930891205,44.043011521369024,42.55414141352095,43.70027542114258,1909900
2015-04-21,43.18976131097563,43.62118030920557,39.68377108639116,41.928104400634766,12573800
2015-04-22,41.32076029419955,42.173533732378395,40.189006351064855,41.03171157836914,1725600
2015-04-23,40.658773333871,41.594952345003385,40.658773333871,40.98137664794922,7722400
2015-04-24,40.3826704140561,40.84092946004338,39.49874143622629,39.68952178955078,2896900
2015-04-27,40.39992003110775,40.39992003110775,38.10861045316049,38.302268981933594,4170100
2015-04-28,37.51900356178508,40.25563300832967,37.51900356178508,38.423065185546875,2084600
2015-04-29,39.086503922479864,39.086503922479864,37.917358731243205,38.24763488769531,6349800
2015-04-30,38.195852135384214,40.26570130420142,37.87851883200846,38.77299499511719,4903600
2015-05-04,38.87461834456397,40.74505631083508,37.57748687866258,40.19523620605469,3258700
2015-05-05,40.84092960724906,42.13518665941186,40.745060339908754,41.129981994628906,3202100
2015-05-06,41.463128105798084,41.897900708024494,39.49346361290521,41.08443832397461,1621300
2015-05-07,41.79004824347354,41.79004824347354,39.21208529556357,40.0792350769043,1217700
2015-05-08,39.74033028052341,41.703762935502375,39.74033028052341,41.65055465698242,2022600
2015-05-11,41.530240440903015,42.66247349210603,41.22968623855293,41.67596435546875,1501100
2015-05-12,41.84613600307464,42.08725376675862,40.93728331554798,41.62228012084961,1168900
2015-05-13,41.760814968773516,42.27851416546533,41.32987501424649,41.48422622680664,1755000
2015-05-14,41.93863728775874,42.37485073441081,41.56762033590417,42.03642654418945,2771900
2015-05-15,42.13086642773835,43.1322382566758,42.10690094220083,42.98747253417969,1780800
2015-05-18,43.14182151059808,43.61158962064937,42.567077776916676,42.76361083984375,1529200
2015-05-19,43.13175012883868,43.54351537308727,42.54310550668172,42.964935302734375,1407200
2015-05-20,43.37958203258208,43.477367645419584,42.112168873149734,43.12983703613281,8276300
2015-05-21,43.33261432833718,44.10053764977812,42.88297888884677,43.880035400390625,4842800
2015-05-22,43.98548896078079,44.079441860196134,43.04595630944956,43.20893478393555,1645300
2015-05-25,43.141829041998385,43.61878724632462,42.58146523251436,43.173946380615234,2050000
2015-05-26,43.42369029233784,43.95673135482453,42.663436051780366,42.981727600097656,3720200
2015-05-27,42.818732935839016,43.26645189603493,41.27905031834086,42.2943229675293,4273000
2015-05-28,42.29433401724716,43.141351131392824,41.75170384983101,42.415130615234375,1993500
2015-05-29,43.132243414034754,43.995077797287074,39.457518125396376,40.424373626708984,23631300
2015-06-01,41.03267216517457,42.29816552268269,40.721091557771686,41.990421295166016,4038200
2015-06-02,42.576191343199596,42.576191343199596,40.721091388197166,41.07773208618164,2672400
2015-06-03,40.4574494352095,41.854286695714684,39.97809577758184,41.46265411376953,2593300
2015-06-04,41.50531862486784,41.99138324575737,40.34480446215428,41.725341796875,1721700
2015-06-05,41.89550807721234,43.093892154608696,41.22441226243478,42.668704986572266,3294000
2015-06-08,43.2357790888402,43.2357790888402,42.23201175106562,42.88010025024414,2425500
2015-06-09,42.293372725948394,44.282687380787195,42.18407796163295,43.93132400512695,5611000
2015-06-10,43.65953220080823,44.052602055453576,43.18976400516954,43.65186309814453,2279800
2015-06-11,44.10053816070969,45.74951597527676,43.39492949162348,44.7265739440918,8594200
2015-06-12,44.72369918438002,45.194421916934665,43.228114407012264,44.83346939086914,3890000
2015-06-15,44.87948148355343,45.37369420421548,44.61823464529707,45.2059211730957,2678700
2015-06-16,45.203046849584275,45.25098147911023,44.43751907651396,45.06067657470703,2233600
2015-06-17,45.08320908592392,45.92207791463569,45.02855987716869,45.78977584838867,9815000
2015-06-18,45.78977887525,47.14922511906539,45.78977887525,47.004459381103516,8103900
2015-06-19,47.0150033430522,50.24392931650273,47.0150033430522,49.450599670410156,7863000
2015-06-22,49.85277674810136,52.23995939769757,49.297207537949284,51.63884735107422,12956100
2015-06-23,51.942758323404206,51.942758323404206,50.28467433478632,50.994598388671875,5400400
2015-06-24,51.051158927522344,51.482098813127685,50.09245171761582,50.36759948730469,10692000
2015-06-25,50.40883040271803,51.77019298122327,49.469294052519906,51.62542724609375,7445800
2015-06-26,51.616804950275935,52.719319888715404,50.81149061313905,52.11293411254883,6722500
2015-06-29,50.14086890007847,52.4412887353218,50.05506418926159,52.300838470458984,5934300
2015-06-30,51.827718265672765,52.34541743132482,51.57845231815684,52.18627166748047,2855600
2015-07-01,52.249540230515066,53.352534017871285,52.05779806704096,52.71163558959961,5751000
2015-07-02,52.72889950541071,53.515039169098955,51.87565062583526,52.25529861450195,4948900
2015-07-03,52.298439530195886,53.591738370792626,52.298439530195886,53.31467056274414,5219900
2015-07-06,52.834351168310135,53.92775581503813,52.344929387731916,53.34486389160156,5063000
2015-07-07,53.86497155501438,54.26283230940162,53.037125393319684,53.28495407104492,5112400
2015-07-08,53.25619186132564,53.39904124410373,49.6370738569346,50.1010856628418,12273000
2015-07-09,50.092425096715715,50.697537764116774,47.81820934618186,48.306434631347656,18850200
2015-07-10,48.12989612028816,48.8571842938735,47.63157155289193,48.33865737915039,6691500
2015-07-13,48.582054268446704,49.447874525316685,48.48825737977066,49.01832962036133,9573700
2015-07-14,49.074601374552394,49.29394271259457,48.10103541947185,48.892295837402344,6645300
2015-07-15,48.94232965415936,49.82306035268439,48.89230269136338,49.618629455566406,4792000
2015-07-16,49.736474165460095,50.82115125426783,49.68837386128878,50.495506286621094,7216800
2015-07-17,50.42720685724373,51.0732049563051,49.64027305974259,49.821617126464844,8084100
2015-07-20,50.21556945817173,50.68407317353736,49.18957259742182,49.750911712646484,2941700
2015-07-21,49.736476215957815,50.30839535171121,48.889896882332245,49.12799835205078,4275200
2015-07-22,49.73647309984087,50.121279194784776,47.865343050067864,49.36417007446289,18540600
2015-07-23,49.73647729756872,50.26558801640939,49.063061987308686,49.44979476928711,9167900
2015-07-24,49.544079412934614,50.1212905206918,49.40939706577919,49.73744583129883,3066400
2015-07-27,49.73647843806495,50.511386258345226,49.07027797511757,50.2963752746582,7168100
2015-07-28,50.31368237871674,51.55180549810425,50.2651013310718,51.36565399169922,8062600
2015-07-29,51.65571279577964,52.911150384860456,51.383459966411635,52.32960891723633,5517800
2015-07-30,52.38203395869759,52.906814286017514,51.630693737340486,52.33970260620117,3616800
2015-07-31,51.997227573107516,53.36618360152725,51.76201423243199,53.01985549926758,6296500
2015-08-03,53.15068727907176,54.83518515783496,52.478233482876675,54.66539001464844,4170800
2015-08-04,54.83518662756403,54.91215005451895,52.92413247806234,54.13195037841797,4563800
2015-08-05,54.354170410230594,55.0295086293748,53.20840191816762,53.50807189941406,5596900
2015-08-06,53.584561083020205,53.87316659869241,51.87312666856761,52.53066635131836,3163800
2015-08-07,52.670637646862694,53.631216187313115,52.33393184216156,52.744232177734375,4062800
2015-08-10,53.19975740973126,53.632667568010774,52.106903761743744,52.321434020996094,4285300
2015-08-11,52.333940730120794,52.77550799034296,51.98568594891918,52.452266693115234,3530600
2015-08-12,52.91113921918024,52.91113921918024,50.69849231306899,51.10157775878906,4404000
2015-08-13,51.17950506976292,52.06456240578668,51.101580155290556,51.52583312988281,3891700
2015-08-14,51.938550416889576,52.40128522043124,51.16797285571782,52.062171936035156,6539900
2015-08-17,52.23676749211187,52.23676749211187,50.69945865653766,51.94864273071289,8362500
2015-08-18,51.949123610104294,52.14200925176372,51.75912611532436,51.92555236816406,3680800
2015-08-19,51.92555579512229,52.04532765779936,51.56479796846522,51.862545013427734,6178000
2015-08-20,51.809628153436776,51.9491216055335,50.79517669316083,51.062137603759766,5316000
2015-08-21,50.1405250335707,51.933734018224364,50.09242472564916,51.413761138916016,4970900
2015-08-24,48.630149894418246,50.50609115707314,45.708013231114805,46.85810852050781,14469900
2015-08-25,47.27898995844604,48.897588808987834,46.74506815975489,47.28860855102539,24910200
2015-08-26,47.610412450833145,48.7263564658891,47.06205720196784,47.785980224609375,11040300
2015-08-27,48.11546977858661,49.50558954255428,48.11546977858661,49.06258010864258,6201100
2015-08-28,49.11308368839441,49.341085816208015,47.013955083312645,48.606101989746094,20694900
2015-08-31,48.70085947031516,48.76916212326505,48.09142013171198,48.304988861083984,4484400
2015-09-01,48.304996032428065,48.82256155378974,46.99472034296181,47.47621154785156,6406400
2015-09-02,47.822054338560136,48.63015197849762,47.79367563433247,48.31220626831055,4201500
2015-09-03,48.78119325897183,50.425286583585915,48.78119325897183,50.04624938964844,14177400
2015-09-04,50.54264992524662,50.54264992524662,48.219372350521894,48.828330993652344,6736300
2015-09-07,49.65951574389387,49.65951574389387,47.95433465104735,48.47671127319336,5277800
2015-09-08,48.63977635478039,49.061141230283226,47.67582883317285,48.21263885498047,3858700
2015-09-09,49.062099325633866,49.22467960783457,48.10104001762785,48.58156967163086,5512500
2015-09-10,48.2924831048527,49.21313403958212,47.509395301327494,48.62726593017578,5638800
2015-09-11,49.38004796773768,49.38004796773768,48.08757464830494,48.45554733276367,2067800
2015-09-14,48.44736617999871,49.84229701939519,48.44736617999871,49.53300476074219,6167300
2015-09-15,49.78650164981505,50.68887693704326,49.30356824315078,50.36178970336914,6967300
2015-09-16,50.52870177695439,50.650400294196906,49.544074825315896,50.02604675292969,4191600
2015-09-18,50.21748281242975,50.7369748871012,47.37952092652221,47.77009963989258,34401500
2015-09-21,47.610411669742085,48.31749388494169,46.850414346402026,47.4843864440918,7069800
2015-09-22,47.745091472521345,47.76336716602362,46.018262295452644,46.382869720458984,12573700
2015-09-23,46.37614195437927,46.937000311886344,44.99419841131549,46.608951568603516,14319300
2015-09-24,46.61135064976923,47.049071874505174,46.06203759598326,46.83213424682617,2846800
2015-09-28,46.476183591641295,47.295822716632046,46.2731949600087,46.39585494995117,2262200
2015-09-29,45.79411236237013,49.53444946529871,45.52426331383425,49.168399810791016,10475100
2015-09-30,49.20737012488037,50.02508641567067,48.312690401168474,49.36369705200195,8438400
2015-10-01,49.447869336324395,49.92887972414927,48.837945581010565,49.13569259643555,5197600
2015-10-05,49.92407249222974,50.34736034544364,49.15974475374305,50.09771728515625,4358800
2015-10-06,50.26558378885834,50.432975192521006,49.47432334297849,49.69221878051758,7465000
2015-10-07,49.688380219733645,50.02556680805384,48.93944367197746,49.256431579589844,5900600
2015-10-08,49.25691472067787,49.25691472067787,48.356943081343346,48.49980545043945,4041600
2015-10-09,48.594559397258905,49.81343816339493,47.523831195316205,48.0659294128418,5027700
2015-10-12,48.06736963344102,48.48344260374995,47.49015861879069,47.748939514160156,4935200
2015-10-13,47.264076248676275,48.05293289955096,47.264076248676275,47.876399993896484,3583700
2015-10-14,47.87640440085251,47.956733045613,47.33142175836031,47.52286148071289,2054700
2015-10-15,47.52383592780837,48.58205749441267,47.35067186493586,47.95048904418945,3411500
2015-10-16,48.10103940960881,48.312204411185675,47.61041042235075,48.0817985534668,2375900
2015-10-19,48.283350152402484,48.5382851208849,47.8764149613777,48.24967956542969,4130500
2015-10-20,48.764837657968684,51.45849908941409,48.380031503346814,51.091487884521484,37756200
2015-10-21,52.189630382220116,52.215605355826305,50.467612204059606,51.54555892944336,15041400
2015-10-23,51.70861362134254,51.77355104739275,50.56909849487464,50.72783279418945,4707600
2015-10-26,50.88128537743203,51.416649515116845,50.6022984325853,51.063106536865234,4329600
2015-10-27,50.98757889916516,51.5643091170261,50.86876854758075,51.187198638916016,2621600
2015-10-28,51.23722769595378,51.281482033903266,49.85191902446028,50.10445022583008,5687200
2015-10-29,50.50465232815539,50.50465232815539,49.20303750307715,49.66047668457031,10727000
2015-10-30,50.01546366142725,50.48685180449962,49.90964078487112,50.24009323120117,4139200
2015-11-02,50.34254177942757,50.50656427256954,49.78552953971231,50.248260498046875,2493100
2015-11-03,50.85241442264072,50.88127386909103,50.180922188009596,50.538795471191406,2081400
2015-11-04,50.590748292406055,51.46811001075833,50.590748292406055,51.41952896118164,4055300
2015-11-05,51.46811184143798,51.660516731818184,50.76343338007488,51.23386001586914,5950300
2015-11-06,51.285330886830025,51.285330886830025,50.52196467036122,50.96160888671875,4034000
2015-11-09,50.54937635322787,51.94911824523706,50.0250768287468,51.431068420410156,3162600
2015-11-10,51.43059821974537,51.92700356117725,50.987107991520006,51.39308166503906,3473900
2015-11-13,51.80386227101668,51.80386227101668,50.409896400603714,51.089561462402344,6087400
2015-11-16,50.98710740730397,51.160271461895384,50.140047246394346,50.71870422363281,5449100
2015-11-17,50.775459141983944,51.14054734528036,49.93513680907392,50.31753921508789,4155200
2015-11-18,50.6879118660219,51.08330172964928,49.78649813482458,50.75429153442383,5910800
2015-11-19,50.79469584372398,52.18962669203695,50.50705183944726,52.11266326904297,3507300
2015-11-20,52.16606022974813,52.78560263025835,51.85965975763033,52.413299560546875,3861000
2015-11-23,52.511902440732776,52.91114193792983,52.24782967908827,52.88035583496094,4035900
2015-11-24,52.81494483259501,53.873166273613705,52.81494483259501,53.342132568359375,6254800
2015-11-26,53.440261836513336,54.30608213996606,52.86305074742393,53.39697265625,7798500
2015-11-27,53.20071537921027,54.10790183163496,53.05160331727339,53.67451095581055,3494800
2015-11-30,53.86355019125145,53.86355019125145,52.657174462807475,53.30557632446289,2645400
2015-12-01,53.05544632591755,54.11270620056803,52.86640666322527,53.90971755981445,4725100
2015-12-02,53.58455978943101,54.160809314485846,53.41139575024441,53.61005401611328,2736400
2015-12-03,53.8616301533841,53.91839124134428,53.20072146947557,53.355125427246094,1828000
2015-12-04,53.35367400655911,53.73800305781685,52.29304516757581,52.40223693847656,1700300
2015-12-07,52.456102107423526,53.11893356424907,52.33488803001693,52.68698501586914,1933400
2015-12-08,52.66101539053561,53.84910788722979,51.76344768818174,53.269012451171875,2675900
2015-12-09,53.295477244374496,53.59273987478539,52.5378836027435,52.953956604003906,7183900
2015-12-10,53.008307690109035,53.680757795469624,52.81397614927545,53.2743034362793,1871200
2015-12-11,53.274310241508225,53.66921940380742,52.922213181126914,53.147804260253906,2803200
2015-12-14,53.10355032899032,53.39215584282574,52.13238798582138,52.314212799072266,2855800
2015-12-15,52.67063683650743,54.11366798271311,52.238688250992475,53.9299201965332,3295800
2015-12-16,53.96984792435809,54.79574418803638,53.748102827306774,53.95253372192383,4391200
2015-12-17,54.16176626854603,55.411430989079925,54.11366596609529,55.189205169677734,9175600
2015-12-18,55.18151766846891,56.27822087266268,55.18151766846891,55.929969787597656,6464500
2015-12-21,55.31620513865661,56.994930684445734,55.31620513865661,56.46870803833008,3788400
2015-12-22,56.80636650651992,56.893429272241065,56.23011698179405,56.7154541015625,2572900
2015-12-23,56.759227595292735,57.254186977395825,56.34219313159123,56.8698616027832,2848900
2015-12-24,56.90353078538478,56.999731395762645,56.29264553304939,56.76788330078125,2460600
2015-12-28,56.90353311221499,56.90353311221499,56.61492392964384,56.820316314697266,902100
2015-12-29,56.85542830108805,57.71162990309948,56.67456865335937,57.59041213989258,3623100
2015-12-30,57.72124998092396,57.923273475100814,57.17482138444902,57.47304916381836,3829300
2015-12-31,57.720281845364255,58.10605309447746,57.349901812183134,57.81696319580078,5519300
2016-01-01,57.87613270358144,58.86364773054032,57.72124802994761,58.64334487915039,3039400
2016-01-04,58.673646802410516,58.673646802410516,57.67747106301124,58.225826263427734,4072000
2016-01-05,58.44277176613324,58.67221249657527,57.52885114446867,57.7005729675293,5112000
2016-01-06,57.6914194855032,59.452876902337614,57.24984867874757,58.75300598144531,3460100
2016-01-07,58.681351188994334,59.548129278824,58.01178180310032,58.74388122558594,7822900
2016-01-08,59.029600025535366,61.234551640660676,58.612081126464375,60.74680709838867,10350700
2016-01-11,60.72178464293061,61.46350252162413,59.84730743663511,60.66695022583008,5324000
2016-01-12,60.70350459686267,60.88629087822922,59.18351380180231,59.729942321777344,5845200
2016-01-13,59.83770199512322,60.56306365543818,58.05844183636021,58.47018814086914,10359400
2016-01-14,58.20225373466334,58.88817571378201,57.61975089156029,58.451416015625,5575400
2016-01-15,58.00985739833935,59.12483996201272,56.581255827313186,57.4836311340332,4152700
2016-01-18,56.90545343909492,57.48074145299397,52.60570013568682,52.94192886352539,11221300
2016-01-19,52.94193141489557,54.93138757205422,51.4589762269052,54.30511474609375,6370100
2016-01-20,54.06556881329394,54.83518470679411,52.498435399617975,54.252201080322266,9801800
2016-01-21,54.73946433260167,56.03819091142303,53.96936403029102,55.239715576171875,7095800
2016-01-22,55.96074837849137,56.2685984118463,55.349386036809534,55.99586486816406,5613300
2016-01-25,56.036755274157315,57.24024287746323,56.02761375638943,56.338829040527344,4681400
2016-01-27,56.82656413486247,57.6144593463162,55.970366273729304,57.114688873291016,3929500
2016-01-28,57.23590594689925,57.52836108566089,55.12378988509311,55.566802978515625,6951900
2016-01-29,56.172392641168834,57.43216043534185,55.373917303721136,57.032440185546875,3596300
2016-02-01,58.365795534752564,58.365795534752564,56.59519651053887,57.751548767089844,3292700
2016-02-02,58.07719901123192,58.203224244550846,55.61490867396837,55.90687942504883,7836400
2016-02-03,55.41240058678018,62.434194373958704,53.882787258268955,61.37452697753906,51682900
2016-02-04,61.67515371594848,61.81608941002507,59.83769414544336,61.02963638305664,13885700
2016-02-05,61.069083566396095,64.93640785219384,61.069083566396095,64.43952178955078,23956600
2016-02-08,64.42268757099633,65.78250196254042,63.11818467756137,64.07202911376953,10352100
2016-02-09,63.49336245397659,64.12589220124985,61.53083946100656,63.33992004394531,9211800
2016-02-10,63.33993309480737,64.52802942118316,61.665534469750625,62.32548522949219,7918000
2016-02-11,62.86517474391894,62.86805922102216,58.3080825819257,59.4451904296875,11069400
2016-02-12,59.674143452416885,60.97287361249108,57.047827355135,57.68997573852539,14716300
2016-02-15,59.13446888572245,60.607321292429866,58.846821150517705,59.74102020263672,9653700
2016-02-16,59.56832670376741,60.106098185333984,57.387427174868066,57.83091735839844,6572000
2016-02-17,58.19263745285432,59.30858138892217,56.08773262200555,58.78860855102539,6671700
2016-02-18,59.26048002083171,59.981995623373415,58.73136931293141,59.29848098754883,3276500
2016-02-19,59.548619952671764,59.789605946237515,57.91366428334849,58.183990478515625,4720300
2016-02-22,59.05797598709684,59.05797598709684,56.28976243708659,57.74481964111328,5274800
2016-02-23,58.024284892360875,58.153679012991056,56.35518183921418,56.709686279296875,4355700
2016-02-24,56.825610215489796,56.825610215489796,55.79720968487773,55.933815002441406,4758100
2016-02-25,56.27340890198947,56.326320342615276,53.95782693458273,55.34409713745117,11698700
2016-02-26,56.230110362549965,56.37441126492431,55.183430642581115,55.87849044799805,10910400
2016-02-29,55.8784967029159,58.39466346309674,54.29597204195414,57.06755447387695,6404700
2016-03-01,57.33836604036871,60.22250184489995,57.33836604036871,59.730430603027344,8677500
2016-03-02,60.41490940398551,62.61793438906216,60.06280868220193,61.28938674926758,12220100
2016-03-03,61.38655175804239,61.66553501547324,59.450964809702015,59.71936798095703,6545100
2016-03-04,60.59769573894038,61.444271455606135,59.202764754458855,60.939693450927734,4627500
2016-03-08,60.99019460738234,61.88391643817711,60.35814916190218,60.54045104980469,5294900
2016-03-09,60.559216688897564,62.290853583510206,59.69868828498044,61.79829788208008,6285900
2016-03-10,61.85985617096773,62.146534989174754,61.38846441903464,61.6164665222168,4042300
2016-03-11,62.04841494072771,62.04841494072771,60.89591229970903,61.57317352294922,4313900
2016-03-14,61.6174311565638,62.96425431700186,61.6174311565638,62.69248962402344,4579100
2016-03-15,62.96426474409705,63.445275192377814,61.77136088745911,62.282676696777344,5195800
2016-03-16,62.36658970953611,62.60921535728555,61.084983114148194,62.53541564941406,5833300
2016-03-17,63.04622077892876,64.15273798308458,62.66420222788111,63.49239730834961,9279200
2016-03-18,63.75239725981191,64.27912280466664,62.6381664656462,63.98295974731445,6992000
2016-03-21,64.31674632402029,64.7865562072569,63.67039708968529,64.19133758544922,11715900
2016-03-22,64.29745559439046,64.42190016007989,63.30187698857598,63.74323272705078,3453000
2016-03-23,63.95980669205678,66.55485254815713,63.75818413458233,66.31560516357422,12459400
2016-03-28,66.55486018374577,66.56450927490349,64.5386343776873,64.63703155517578,6596800
2016-03-29,64.10451970804475,65.10733343464318,64.05532479466063,64.2178726196289,4419400
2016-03-30,64.37366110629901,65.81058806905173,64.34664954081127,65.48162841796875,4798900
2016-03-31,65.17050572587742,67.4327352394685,64.97273986185239,66.79747772216797,7455900
2016-04-01,66.94073284253813,67.82777932708105,65.60028218289463,66.34744262695312,6645800
2016-04-04,66.5645002422744,67.17033207498791,65.9113944933931,66.2721939086914,6338500
2016-04-05,66.08213254309176,66.75742146445673,65.60074538339829,65.82696533203125,5577900
2016-04-06,66.46803684052828,67.48097055417726,66.04405094037597,67.02322387695312,4550500
2016-04-07,67.32613266890144,67.97778849779668,67.00295807023915,67.36134338378906,5609500
2016-04-08,67.77036840345065,69.2174225330617,67.14331014193294,68.81707000732422,7467300
2016-04-11,68.97626966810776,69.74803506997289,68.49391813196715,69.39302062988281,5598600
2016-04-12,69.65153966423686,71.12754114021892,69.41036396268466,70.76577758789062,12334700
2016-04-13,71.29155032410941,72.54565975795114,71.19604567301734,71.68128967285156,10425400
2016-04-18,71.70637426830807,72.65853563850158,70.28343884485808,70.55741119384766,14558100
2016-04-20,71.3590683193312,71.57419663465795,69.45860259839817,69.58787536621094,15538400
2016-04-21,69.55505968380685,69.65249264963767,67.00293864325691,67.3989486694336,18101800
2016-04-22,67.39897048127627,67.68742014131766,66.47768474484799,67.25089263916016,9793000
2016-04-25,67.51860314771021,67.72118991373601,65.88391746846968,66.11930084228516,6605600
2016-04-26,66.32333612032666,68.80310848460628,65.98616992407398,67.57118225097656,13350500
2016-04-27,67.5292015357979,67.93196822625849,66.7145121918825,67.0048828125,7996400
2016-04-28,66.85390015970577,67.91507165936352,66.80566208059054,67.21179962158203,15367500
2016-04-29,67.14333345740374,67.36714675242489,65.55350759649616,65.88053894042969,7697200
2016-05-02,66.3136680016927,68.49389837705753,65.11743859790681,68.04772186279297,7833700
2016-05-03,68.49391739983518,68.74232814388833,66.95039397270403,67.38933563232422,9893900
2016-05-04,67.341089171003,67.91219608015162,66.69763248523307,67.08737182617188,8851300
2016-05-05,67.49544570792825,69.30426393599166,67.1578011107098,69.02932739257812,9150400
2016-05-06,69.68530687153587,70.23036630504987,68.61979281284532,70.08035278320312,6698600
2016-05-09,70.42332978746283,71.87038450912303,69.81074122779843,71.18206787109375,8606200
2016-05-10,71.6291995738746,71.98614234259927,70.8526133446966,71.50668334960938,7833900
2016-05-11,71.35811932890249,72.32330075451947,70.18648710001447,72.1872787475586,8210500
2016-05-12,72.54566662369604,74.23389696603031,71.90510974362273,73.99417114257812,9471200
2016-05-13,74.42682929189158,75.34329409158342,73.22095068171868,73.56968688964844,16253100
2016-05-16,73.703317599593,75.80684903820008,73.47034097886373,74.9680404663086,12775000
2016-05-17,75.47835580993545,75.47835580993545,74.57154005306325,74.84551239013672,6229000
2016-05-18,74.61252592565215,75.43975681903463,74.13740949719049,74.69259643554688,7226700
2016-05-19,74.8599859794247,75.43977047137355,74.33615296521974,74.65065002441406,7909300
2016-05-20,74.72589486688987,75.66358631784408,73.98934758685235,74.96224975585938,7481400
2016-05-23,75.256471362925,75.58446679896258,72.37827534721191,73.83546447753906,10553200
2016-05-24,74.71623772963581,74.71623772963581,69.60765916105403,73.56390380859375,43044900
2016-05-25,73.31742857499366,73.31742857499366,69.98920614293192,70.78266906738281,20068600
2016-05-26,71.29155113302495,72.54566058109656,71.195082307804,71.950927734375,16384900
2016-05-27,72.76754337845875,74.6660810101941,72.0367811926006,73.97245788574219,13854900
2016-05-30,74.28214081198209,74.47507849342745,72.92576992236121,73.73660278320312,7632500
2016-05-31,73.97438216022815,74.76447406359759,72.06330302435707,73.2093734741211,154592300
2016-06-01,72.62283095245206,74.46541696893964,72.15977769601983,73.72645568847656,9970900
2016-06-02,73.91359462456218,77.17622310702015,73.220943144805,76.83423614501953,15882300
2016-06-03,77.17622916066662,78.09269393791004,76.03787948614284,76.20718383789062,13053400
2016-06-06,76.68423715776099,76.68472292433303,74.77412939549669,74.9969711303711,8372800
2016-06-07,75.24681574682866,75.7677561236723,73.79976159785117,74.15911102294922,14258800
2016-06-08,74.64869954042267,75.80345479053136,73.92180152003162,74.74468994140625,9940800
2016-06-09,75.14842321679018,75.14842321679018,74.18564873729049,74.46492767333984,3101200
2016-06-10,74.73361279175188,74.73361279175188,73.07625083243185,73.27545928955078,6892400
2016-06-13,72.83507935868572,72.9214206927401,71.87037632082233,72.35851287841797,9882200
2016-06-14,72.36236553973553,72.75788989574436,71.58095119720775,72.27457427978516,7466700
2016-06-15,72.25626232288224,74.16540613067068,72.25577655625457,73.81136322021484,4862300
2016-06-16,73.55860062871132,73.89046015417277,72.92623560157392,73.28125,5810900
2016-06-17,73.4857643099275,73.79832565125845,72.11154543026599,72.6435775756836,6411800
2016-06-20,72.64212559921869,73.31741463205348,71.82212231064985,72.73714447021484,5460400
2016-06-21,73.12255450393496,74.13742394226267,72.59390061710823,73.37579345703125,4583500
2016-06-22,72.93202450941932,73.74960640084667,72.93202450941932,73.30825805664062,3036900
2016-06-23,73.07623808777555,74.66847760770493,73.07623808777555,74.25221252441406,3073000
2016-06-24,73.2595368335489,73.58656809699882,71.5462236287029,73.2026138305664,7542600
2016-06-27,72.65660855957252,74.39789776320886,72.65660855957252,74.23968505859375,6817400
2016-06-28,74.9087000873748,74.9087000873748,73.80942507512987,74.24980926513672,6163300
2016-06-29,74.28211248596874,74.69452085485237,74.00234780248515,74.14512634277344,1971000
2016-06-30,74.4263389887816,77.41740205420345,74.08965864343598,77.14439392089844,13410000
2016-07-01,77.65857855720813,79.4915154237458,77.12798905159772,78.7892074584961,11114200
2016-07-04,78.86927614577516,79.89523706161799,78.14092816865339,79.14759826660156,4235200
2016-07-05,79.14760423969953,79.29857458938174,78.24705197245517,78.81622314453125,4760300
2016-07-07,78.53646751736194,79.10515293546291,77.95233325122182,78.09896850585938,4457900
2016-07-08,78.14093279053753,79.4813907901062,77.833192338222,79.1808853149414,5548200
2016-07-11,80.06598421665467,84.07384448005706,79.58846107526433,82.65090942382812,26266600
2016-07-12,83.73621290500624,84.02561935286731,82.67503384921903,83.22636413574219,9689300
2016-07-13,83.34937512029948,84.45974919702601,82.2269378402126,82.7261734008789,11805700
2016-07-14,83.22388563260986,84.21206435343254,82.790861344621,83.70952606201172,9246500
2016-07-15,83.99723476548797,84.81838684404983,83.6120092009989,83.99820709228516,7148000
2016-07-18,84.8666686051296,85.31079362427548,84.48047069444678,84.96997833251953,7276700
2016-07-19,85.05879283242429,85.25286041767383,83.03222811467383,83.44786834716797,8582700
2016-07-20,83.66946022847209,84.5094327507478,82.9105812369398,83.41939544677734,6288900
2016-07-21,84.27772021988437,84.808257115564,83.53139305486488,84.07351684570312,23674300
2016-07-22,84.06529468205636,85.68635477277668,83.83550884332314,85.32815551757812,7320400
2016-07-25,85.75491183736347,87.18384178364715,85.47975072789,86.73633575439453,22901400
2016-07-26,87.85872292229485,96.45159496869086,85.92870573173543,95.0849380493164,95646500
2016-07-27,95.58361499823432,95.94712527006179,91.87033573099414,94.55488586425781,38403300
2016-07-28,94.52156851927822,100.99035514595487,93.43490500221617,99.60777282714844,59563200
2016-07-29,100.31402975712737,101.16800518740881,98.96282705337887,100.14700317382812,28248400
2016-08-01,100.99036171349107,110.14949597777932,100.70023265660538,108.38843536376953,52960000
2016-08-02,109.10048742210599,113.63829235958947,104.27303222643758,105.664306640625,40981800
2016-08-03,105.72127001785803,105.72127001785803,95.96981188212735,96.6031723022461,54461400
2016-08-04,97.75596250923572,99.61550056771824,93.87903061935663,96.25655364990234,38068700
2016-08-05,98.48008812420524,99.08062515463112,94.76439277426279,97.46342468261719,26812600
2016-08-08,99.1269596978869,99.26550889458659,96.2884211526468,96.88074493408203,16569600
2016-08-09,97.51459854917238,99.05938279554076,95.68016403393578,98.2850570678711,14404700
2016-08-10,97.99734795312801,99.15593434208941,95.58362017103127,96.53269958496094,11447200
2016-08-11,97.03088472972992,97.27804725424359,95.09121063409194,96.61958312988281,8901000
2016-08-12,96.75186068640215,98.47043363810256,96.37145990986765,98.03982543945312,7975400
2016-08-16,98.09486078710408,99.68695763957446,96.74655279836595,98.51485443115234,9063600
2016-08-17,98.48008748005924,98.96283300692227,97.8452759336564,98.56504821777344,3955200
2016-08-18,98.81173622285232,99.38234476030824,97.21530076254545,97.84817504882812,6188300
2016-08-19,98.48009180656936,98.86628971824899,97.75693844519829,98.31692504882812,4067600
2016-08-22,98.17016476788896,98.7890434079483,97.71831271963062,98.15326690673828,4942700
2016-08-23,98.86145578650994,98.86145578650994,95.72844194967618,96.94158172607422,6695400
2016-08-24,97.7945750084513,97.98767024371192,96.80494535399075,97.06659698486328,4375400
2016-08-25,97.12840585688048,99.8510905390838,96.80062120691724,99.34565734863281,12545300
2016-08-26,99.98189394499367,102.53513545730722,99.90369530701916,101.192138671875,9162400
2016-08-29,102.12964879144369,104.34690025289801,100.58631560749451,103.72850036621094,10646000
2016-08-30,104.96818614951906,105.62472034574779,103.36112149501578,104.0548324584961,13942300
2016-08-31,106.20401817596144,107.77728717801293,104.3797194320735,106.31118774414062,19100900
2016-09-01,106.49848881406606,108.71428896952153,106.20401375401273,107.75700378417969,12919100
2016-09-02,108.41498062834955,108.90738307976139,106.96674419040652,107.55376434326172,10016000
2016-09-06,108.14465530543663,109.09083241582196,107.90424750199837,108.7707748413086,7553400
2016-09-07,109.05221002531397,113.3486495731293,109.04256041851431,110.00128936767578,25193400
2016-09-08,111.40802455162643,113.31004331862295,104.27304545644225,112.2673110961914,16049330
2016-09-09,113.05899120201681,114.30447543822227,110.50527082546279,111.37421417236328,7584160
2016-09-12,108.59842339875195,109.47219151465036,101.37654797790375,105.663330078125,10346120
2016-09-14,106.49367513977141,106.97642070728423,103.11445616718173,106.30540466308594,10497610
2016-09-15,107.06330942452374,107.4591643184115,104.75578624311194,106.10747528076172,6615510
2016-09-16,107.07296405991012,107.85500949080837,104.34062248933503,105.03095245361328,8039660
2016-09-19,105.8661064207635,105.8661064207635,103.51996262386157,103.87718963623047,8248830
2016-09-20,101.38138498645824,105.13714457918752,101.38138498645824,103.79511260986328,5971260
2016-09-21,104.74612887322327,104.74612887322327,102.92618342731878,103.3316879272461,7228850
2016-09-22,104.58682600738994,109.31290931754148,103.37996206838885,108.90257263183594,13636280
2016-09-23,109.91149492541774,110.50044504089523,107.97086326567582,108.76256561279297,11604320
2016-09-26,107.94191048807583,110.05150623448384,107.70536251116167,108.40534210205078,6485510
2016-09-27,109.10048897293461,109.10048897293461,105.41713824912611,106.06884765625,9053720
2016-09-28,106.68676414210802,107.54605061242515,105.43645496369416,106.79296875,8753570
2016-09-29,108.1349994247518,108.42464969108443,97.6304592752906,100.13590240478516,15500650
2016-09-30,100.4062529704447,102.92618541541583,98.53319781634482,101.94620513916016,11517110
2016-10-03,103.21099076426788,105.23852041837193,103.14340668800146,104.91990661621094,8814260
2016-10-04,105.4316131800151,105.85160676969458,103.50063119967702,104.63508605957031,4900220
2016-10-05,105.23852572474807,105.61024184601204,103.14341188873699,103.71788024902344,7291610
2016-10-06,103.8916836123377,106.68677738973922,102.92136024393754,104.00753784179688,11826710
2016-10-07,104.91991642176541,105.23853025370327,103.88684123593778,104.51441192626953,6068850
2016-10-10,104.7702718098347,105.49439017411008,103.54892609137926,103.68891906738281,3824020
2016-10-13,104.755772066592,104.755772066592,100.43036920468874,101.75791931152344,9690240
2016-10-14,102.5158373121399,103.28823307845656,100.42072355610429,102.46755981445312,8194600
2016-10-17,102.79583186252624,104.75577748857323,101.4779386598588,104.16200256347656,9208790
2016-10-18,105.14198396183835,108.2315525853067,104.76544301604416,107.879150390625,13562070
2016-10-19,108.45360713387082,109.09565954071346,107.29018869667223,108.02396392822266,6481410
2016-10-20,108.47291672393818,109.58323289165757,107.90328054684309,108.2701644897461,5359990
2016-10-21,108.714288564973,109.96942985111278,107.68121345694547,109.5156478881836,4660280
2016-10-24,109.72805780795156,110.27355523479935,108.6370482220319,108.99910736083984,3998320
2016-10-25,108.90738462132963,110.54871632778665,107.66190038313559,110.2301025390625,4172010
2016-10-26,110.06598988009014,112.31558600252399,108.62257797503747,110.87699890136719,9716900
2016-10-27,111.12319684478094,112.19006036136845,106.01092335262318,106.6674575805664,20146350
2016-10-28,106.69643530571689,106.87987362601699,101.63725607944409,103.55375671386719,14524330
2016-11-01,104.94887038014814,105.23369582780755,101.98481325885297,102.4192886352539,9037750
2016-11-02,101.18346639006113,101.3765616562949,98.05527004106608,98.46560668945312,13298860
2016-11-03,99.42627648554237,101.00484912673338,97.99734641980935,99.52764892578125,9680280
2016-11-04,99.92831856952255,100.04418014140339,93.66228403767441,95.88774108886719,16667440
2016-11-07,97.49527766780396,99.29108402658956,95.12016349014459,95.62222290039062,10632580
2016-11-08,96.23049099855675,96.7325504686035,93.84572693111488,94.97535705566406,9603360
2016-11-09,88.82517769965321,90.22513679303981,80.72953308266796,89.70860290527344,33848550
2016-11-10,91.72165559178305,94.55054484310044,89.20172320149874,89.71343231201172,17539210
2016-11-11,88.82517741165692,88.82517741165692,82.06673999990042,82.84878540039062,27806070
2016-11-15,83.8625524325266,83.8625524325266,73.59938531580731,78.69234466552734,43683530
2016-11-16,79.8461117306933,91.01684356197975,77.5820412686766,86.87489318847656,77573480
2016-11-17,87.23211347486505,87.23211347486505,83.03222894892663,84.10874938964844,19293840
2016-11-18,84.19080981687982,87.03418043494166,83.5149690828849,84.80872344970703,16472760
2016-11-21,86.06869754647461,86.06869754647461,78.73579911253209,80.3481674194336,20767910
2016-11-22,82.07155568221052,83.32187206267437,80.15988772322206,82.83912658691406,14340860
2016-11-23,84.0942489649129,84.13769428395473,81.53569681819991,82.09085845947266,11615950
2016-11-24,81.82535468039232,82.14879325153784,78.79853861288973,79.23783874511719,16130900
2016-11-25,80.23229731051545,85.34940234545353,79.484040343221,84.76045227050781,16230360
2016-11-28,84.59632542173073,86.79764375827997,82.81981812300431,84.89080047607422,18188630
2016-11-29,85.39766867751372,89.43342100594161,85.3397415796389,87.59416198730469,25464460
2016-11-30,87.85967803757183,89.58308295019617,87.76795521708662,88.80586242675781,17753150
2016-12-01,89.40446985946474,89.78101078010826,87.85968565091288,88.26519012451172,9974750
2016-12-02,87.2803837054514,87.85967680456693,84.96320394287791,85.59077453613281,18182210
2016-12-05,85.6390445025979,87.64726745078039,85.44594925862746,87.11141967773438,7978130
2016-12-06,87.21280159381074,89.20171064639094,86.24731061821078,86.70591735839844,8784340
2016-12-07,87.5410634139,87.9320860734011,84.5432181136507,86.03007507324219,8880280
2016-12-08,87.66659316990574,88.42932464231423,87.29005223730982,88.00933837890625,10019200
2016-12-09,88.22657102026491,88.60311194697621,86.07835487015244,86.54179382324219,6517670
2016-12-12,86.58041719606656,86.58041719606656,80.52195908034197,81.4488296508789,23954250
2016-12-13,79.17025251995678,81.4294976536955,77.72201619337221,80.7874526977539,29139710
2016-12-14,81.07226923689389,82.82463751671033,80.40607818186733,81.94603729248047,14235920
2016-12-15,80.62816069494643,83.69842256845745,80.23713799319705,82.43362426757812,8334950
2016-12-16,83.11911488989948,83.32187447777385,81.87363800851553,82.14397430419922,6264590
2016-12-19,82.37570875924659,82.37570875924659,79.06407365383264,79.45027160644531,8083120
2016-12-20,79.65301167927912,80.08747970563033,75.91655866143256,77.79927062988281,20296040
2016-12-21,78.30133187133328,78.66822322770393,75.60278583774499,76.13863372802734,16082650
2016-12-22,75.77174435083644,75.77174435083644,73.42560069614244,73.89868927001953,18362220
2016-12-23,74.98968645919267,79.93300317977815,73.50282939050744,78.1033935546875,33652970
2016-12-26,78.20477294921875,79.29577515461125,75.50622730482553,78.20477294921875,21339160
2016-12-27,78.3013199219181,79.93300209606264,77.17652200437999,78.18063354492188,35055640
2016-12-28,78.81785883927333,81.18813361570784,78.30131762514729,79.18956756591797,21246090
2016-12-29,79.17026829450278,81.07711169788571,78.80820914071694,80.45919799804688,15940840
2016-12-30,81.10124284302653,82.52051577135735,80.42540209911263,81.31365203857422,8425640
2017-01-02,82.25982159282145,84.3742490173595,81.29433069447326,84.00253295898438,9499670
2017-01-03,83.9977295647232,85.83216421234776,82.95982953091458,85.34941864013672,12602640
2017-01-04,85.64871853023678,86.02525948723934,83.80463427493105,84.1811752319336,9714280
2017-01-05,85.28666639297157,87.1838604786188,84.48530690913861,86.87007141113281,14234470
2017-01-06,87.95623904051638,88.33277998580868,84.56736316677298,84.81356811523438,40406250
2017-01-09,85.71628851794726,86.29075683292334,84.49011820739653,84.79424285888672,6153810
2017-01-10,85.41700977073077,87.08248065900308,84.96805252116616,86.87007141113281,11472930
2017-01-11,87.37694552119241,87.8114135745765,86.02525649294593,86.5224838256836,20051890
2017-01-12,87.13557323229752,87.85486676562783,85.54251141743187,86.04457092285156,7377500
2017-01-13,86.23765833687919,87.42521554255393,85.74525585002752,86.89901733398438,8211850
2017-01-16,86.89419533329115,88.83483442491274,86.35834750075804,88.60311126708984,11175040
2017-01-17,89.20173184278525,89.26931593249232,87.90797716378883,88.2796859741211,8495540
2017-01-18,88.69968000719125,90.56307833488142,88.34244560812263,89.82447814941406,15251440
2017-01-19,89.77137661039222,90.01274941467622,88.438994016432,89.4334487915039,5989970
2017-01-20,89.28860741653739,89.79065947574281,87.28038444749274,87.63761138916016,6978570
2017-01-23,87.80176055412883,89.95480152234599,87.39142390157315,89.75687408447266,8296480
2017-01-24,90.26858471926406,90.26858471926406,88.92172063398566,89.76652526855469,8262880
2017-01-25,89.90652826744368,97.12839711927887,89.90652826744368,96.53462219238281,38749460
2017-01-27,96.54910189802115,98.48008393598157,95.7139542291146,96.14842224121094,13869160
2017-01-30,95.58361126832894,102.24550079964698,95.50154541531481,101.83999633789062,48663840
2017-01-31,102.23584802098252,103.50063895572815,99.51798832283204,100.11177062988281,23045840
2017-02-01,100.3145244229841,103.29788831665118,98.96283544129517,102.93582916259766,18603790
2017-02-02,103.05650959580991,104.6543960581775,101.37655728052961,101.77723693847656,16817290
2017-02-03,101.88826825971478,103.1144460053822,100.63313432754101,101.1207046508789,9030790
2017-02-06,101.95584882693323,104.80405171615959,101.38621266875505,103.6647720336914,12180630
2017-02-07,103.30755279487741,103.79029836868524,101.6082863125622,102.43378448486328,6587860
2017-02-08,102.3420645536417,103.2496286153302,98.96284544102147,101.32347106933594,10462970
2017-02-09,102.14895450116347,102.50135666660553,99.05937876793199,100.49313354492188,9168710
2017-02-10,100.91311078223644,102.24549300661458,100.21796348625683,101.90274047851562,6433910
2017-02-13,102.05240640986808,103.30754778737465,100.72485614624527,102.24067687988281,4844760
2017-02-14,102.72826053535215,103.21100611365164,101.85931702119049,102.29378509521484,4381000
2017-02-15,102.37102471391773,102.8248067297067,99.34904008812228,100.44969940185547,6792040
2017-02-16,100.49795757711563,106.78330623242792,99.92832140628215,105.65850830078125,10350070
2017-02-17,107.16950617403255,107.94190195776773,104.37923763861022,105.19024658203125,14088530
2017-02-20,105.52332556964933,107.12121182181946,99.92830760266162,105.80814361572266,6175650
2017-02-21,105.45091669899033,106.77846667921892,104.75576207622015,105.80814361572266,3354820
2017-02-22,105.72127604733777,106.60470129276273,102.82480273097235,103.91098022460938,10006320
2017-02-23,104.56269634270498,106.10748073683247,102.96963444377758,103.1337661743164,11961770
2017-02-27,103.38960704515708,106.5902121971482,103.21099356006722,105.39300537109375,12234400
2017-02-28,105.98678351101708,108.03845203144809,105.8178196275955,106.99571990966797,12574750
2017-03-01,108.13499642339995,108.99428285926122,103.36546833114056,103.87235260009766,20450870
2017-03-02,104.56267657291357,105.19989679233672,98.39318977094548,101.25586700439453,25871530
2017-03-03,101.13518986308874,102.04275382856261,98.88076909231756,101.0145034790039,11857510
2017-03-06,101.76274890834144,101.95584415437337,99.09799178965443,99.82693481445312,11760840
2017-03-07,99.9186670242383,101.93654715562452,98.71180320784603,101.6082763671875,15346340
2017-03-08,102.12483040458876,104.6592447363764,101.28002562732622,104.38890838623047,17634140
2017-03-09,103.76132164346011,105.7212672457858,103.11444442452627,104.96818542480469,13914440
2017-03-10,105.47989363459625,106.20401189753399,104.76543234434236,105.67298889160156,7484050
2017-03-14,107.36261010802001,109.62668797376278,106.53228715158315,108.7818832397461,12546820
2017-03-15,109.00393188061065,110.37492728881556,108.5453251435273,109.53977966308594,7815100
2017-03-16,110.03701854625386,113.73485111624592,109.18255688586234,112.33488464355469,12345030
2017-03-17,112.96244979574769,114.28517515028452,111.15697892926322,111.92937469482422,8228260
2017-03-20,112.47971318212745,115.11550712696982,110.33149695723637,113.20865631103516,9783710
2017-03-21,113.16037590406714,114.40586019430319,110.64526857505675,113.40174865722656,22847520
2017-03-22,111.52387730411664,112.76452951811065,111.03147478819665,111.96800231933594,6915510
2017-03-23,112.1417819883241,115.05756158972828,112.1417819883241,114.48309326171875,8737410
2017-03-24,114.93205712774741,115.6658323988047,113.01555677666433,113.64312744140625,6680100
2017-03-27,113.63830209310159,114.79689585896679,113.05900889322534,114.41069793701172,4792650
2017-03-28,115.27964189326039,116.43822829777045,114.57966230028086,115.35205078125,8099590
2017-03-29,115.80099703509168,116.34166965725586,113.15554629696089,114.00035095214844,6326070
2017-03-30,113.92793234273405,114.90308026682288,113.25209162273866,114.02931213378906,6579660
2017-03-31,114.70033914534513,114.70033914534513,112.72107955573745,113.06865692138672,4745850
2017-04-03,112.96728598863652,114.7968957884054,112.19006534139554,114.09691619873047,4736420
2017-04-05,114.89344692813293,114.89344692813293,112.47971905149149,113.26176452636719,6807770
2017-04-06,113.71553799375656,116.24995207362902,112.55211947684337,115.67548370361328,8568760
2017-04-07,115.66582748866206,118.17610267495357,115.10584092751903,116.0134048461914,10999610
2017-04-10,116.02307029223488,120.87948962178957,114.89344740910491,119.7933120727539,10466890
2017-04-11,120.30019032621266,123.00356836927419,119.91399241061634,121.26085662841797,11429670
2017-04-12,121.65187354293901,123.38976039714018,120.49328721754638,122.25048065185547,10620450
2017-04-13,122.40496917045279,124.74145603048166,121.74843488119286,122.9939193725586,6133480
2017-04-17,123.09045391063417,123.77595168338698,120.3532876231513,121.60842895507812,6094760
2017-04-18,121.11120623366975,122.68495407867023,118.74574861328907,119.33953094482422,5837080
2017-04-19,119.50847949188316,120.92775249616459,117.55335866692637,120.00570678710938,7772970
2017-04-20,120.97602581854133,121.50704145138545,120.01053481397551,120.87947082519531,4436370
2017-04-21,120.87948472926368,121.64222359453753,119.36366397238372,120.39191436767578,3801260
2017-04-24,120.79257472624498,123.10009753386538,119.92363138807777,122.78631591796875,4754880
2017-04-25,123.48633570746571,130.24476727520408,123.19668537814078,129.5399627685547,20927240
2017-04-26,129.8585453645181,130.33164127948396,125.66348560148789,126.45036315917969,12073200
2017-04-27,126.96208353726648,127.04415676545838,123.39459410818324,124.1332015991211,16276310
2017-04-28,123.39458639103276,125.03109345864623,122.49667940205204,123.21597290039062,11831540
2017-05-02,123.76629783447532,124.17663446980272,121.36221985953897,122.48219299316406,7085740
2017-05-03,122.61735718763018,123.85318449094336,121.65186618615277,122.62701416015625,10867780
2017-05-04,122.73804918930878,126.66277264738532,122.73804918930878,125.18074035644531,11213020
2017-05-05,125.03107784466991,125.80347355000045,122.12494802685018,123.0276870727539,4672050
2017-05-08,122.64150643160929,124.19594030019428,121.70015409782978,122.81046295166016,4716270
2017-05-09,123.10011066507604,124.82833318752853,122.08634210138935,124.17180633544922,5677030
2017-05-10,125.03109791876781,128.50687178468922,124.89109758371991,128.12066650390625,13021850
2017-05-11,128.88820294633678,129.84887640948796,127.29514885465635,129.34681701660156,6727680
2017-05-12,128.60342892595156,129.27926984069742,125.99660555065918,126.9379653930664,4388630
2017-05-15,127.73447050175665,130.19647565731754,127.21792924763962,128.69512939453125,6341950
2017-05-16,129.124766745683,131.19091681802152,128.1399618380157,130.12403869628906,7885300
2017-05-17,130.34129044808756,132.6584630520528,125.2724624862175,127.90824890136719,24083020
2017-05-18,125.41726359005578,129.6654324426682,125.13244553885032,126.91860961914062,12109850
2017-05-19,127.83101513279092,128.78685662079843,122.18772586794546,124.46627807617188,11670100
2017-05-22,125.4172810386877,125.90002656190393,119.4650352196102,119.928466796875,8738730
2017-05-23,120.67672046276353,122.13461396469533,114.94653361928323,119.1174545288086,13483830
2017-05-24,119.14160263973753,121.15947549329054,116.82442253766871,118.20989990234375,7871010
2017-05-25,118.75541137911584,122.42428069337109,118.58644748152155,121.54085540771484,9058070
2017-05-26,121.81599404991888,128.09168536176486,121.81599404991888,127.2323989868164,13067930
2017-05-29,127.38690036525641,128.6999688739862,125.69729091009364,126.2331314086914,6522890
2017-05-30,126.01590968690994,127.91792844100836,125.87107717431144,127.594482421875,5130050
2017-05-31,127.7344716285281,128.88340836007313,127.06828043244067,128.1158447265625,7262840
2017-06-01,128.79650983589966,129.27925539710202,127.46895954259317,128.1544647216797,3879680
2017-06-02,128.6420086063359,131.7895035336497,127.2516993987156,131.4274444580078,6680810
2017-06-05,132.13228526148194,132.5281401628839,130.1530254866978,131.60609436035156,5700090
2017-06-06,131.63504437422927,132.06951239418817,127.92756232998461,129.05235290527344,6016780
2017-06-07,129.48198897368292,131.30676623874123,128.90268852385833,129.67991638183594,5509880
2017-06-08,129.84891389844478,132.46538674210043,129.82959994985168,131.47093200683594,5708190
2017-06-09,131.11369410947984,133.43086685275537,129.7330341780075,132.9336395263672,5305820
2017-06-12,132.2674593345506,133.52743298372948,130.97370469060334,131.7847137451172,3700280
2017-06-13,132.65845648838078,133.23775697682154,131.40332998379816,132.41708374023438,4356440
2017-06-14,132.6777914817167,132.75503254124413,130.72749524226938,131.40335083007812,6347270
2017-06-15,131.41299200918547,136.42389309141134,130.55370553386712,135.67562866210938,15697740
2017-06-16,136.61697469159458,137.56798390329496,135.48735200441428,136.16319274902344,8245160
2017-06-19,135.67079229213317,137.26384646525412,134.74391449882202,135.1542510986328,4262230
2017-06-20,135.91218117178266,138.34520804527887,134.6908355654039,136.0956268310547,7811610
2017-06-21,135.63217116025103,137.67902209220614,135.26529459923074,136.77627563476562,4491810
2017-06-22,137.00315964745582,137.7755553524083,134.71495081468734,135.34251403808594,4775860
2017-06-23,135.65150183198065,136.66527045047965,131.88609237152755,135.2411651611328,6207810
2017-06-27,135.1687435967226,135.1687435967226,129.0620158056726,130.33645629882812,10538290
2017-06-28,129.47236663163196,132.94812586581992,126.85587918299494,132.49917602539062,9982180
2017-06-29,133.14122620744084,134.67153619128112,131.93436224714054,132.88055419921875,7268690
2017-06-30,132.0405407368044,133.23775485211942,130.58265466484895,132.57156372070312,4962600
2017-07-03,133.23779313342922,134.2032843880193,131.9343740468417,133.92811584472656,4465140
2017-07-04,134.20325706648774,136.0135528002983,132.90467041485638,133.19432067871094,7043420
2017-07-05,132.75503524779836,135.84460403075647,132.2819392731321,135.0287628173828,6439290
2017-07-06,135.41110103318871,136.82436229205774,134.77707353825008,135.44981384277344,4181300
2017-07-07,135.37239305286664,135.86605893646407,134.29793161307086,134.7141571044922,2020050
2017-07-10,136.05965826694617,136.97440909098034,135.04327338587882,136.75660705566406,1496500
2017-07-11,137.39549294374328,138.51835663425123,136.44687385291599,137.37612915039062,6655560
2017-07-12,137.88915534672384,140.55110820967312,137.45356601410865,139.7476806640625,6549340
2017-07-13,140.55108919080152,144.1810244218152,140.444610499882,143.83255004882812,10117980
2017-07-14,143.74543055551598,146.0347149520212,142.356377748067,145.1393280029297,5705220
2017-07-17,145.67654094763347,150.00826911820872,144.04064794225206,148.92413330078125,9470060
2017-07-18,148.87088593828034,149.56783460942614,145.8749785343218,146.39285278320312,5017080
2017-07-19,147.099475230199,152.6895837200612,146.64936685698135,149.24839782714844,26552730
2017-07-20,150.13410826550736,155.65160617178927,149.75659563955762,154.42710876464844,21696350
2017-07-21,154.7707616221274,157.9263800762708,153.42526618769492,156.94387817382812,13805410
2017-07-24,158.07156508661467,158.4877905242528,153.71079864913145,154.62554931640625,8354750
2017-07-25,155.54514256971223,158.06188872988733,154.87723214285714,157.5391845703125,8138540
2017-07-26,158.36196492267138,164.14565230204207,157.7811694338362,163.3131866455078,14759060
2017-07-27,164.94427119409542,168.409651558226,161.7596141268874,162.55819702148438,19555620
2017-07-28,161.84668706754533,165.61213877448685,160.93195119501863,164.68771362304688,9262680
2017-07-31,166.29943150428193,166.88021226454617,164.32473851674933,164.8571319580078,5769280
2017-08-01,165.51538688881433,167.2577441399829,165.14270405200406,166.1300506591797,6925910
2017-08-02,166.97219191884017,167.09318977141945,163.6955753882814,165.2540283203125,3961710
2017-08-03,165.91222561052126,167.3641996319794,164.36829205275126,164.72645568847656,7757090
2017-08-04,165.03137680746534,167.46100808141657,164.65869401282512,166.8269805908203,7106360
2017-08-07,167.9934043881196,174.81284089343748,167.42229812689288,174.0578155517578,15040330
2017-08-08,175.49526479900766,177.09243033075677,171.52652985856417,172.28155517578125,17610650
2017-08-09,171.32329496095105,171.32329496095105,162.86796392753206,164.33445739746094,18995600
2017-08-10,162.62110325263353,163.5794114998032,155.85006859070606,158.32325744628906,18350020
2017-08-11,153.9092543920321,167.71268283342576,153.9092543920321,164.11178588867188,35055760
2017-08-14,166.6188930546866,168.65649282264212,165.04107627932046,165.6121826171875,13118550
2017-08-16,167.4610287226203,167.4610287226203,162.93087619140266,166.62371826171875,7057540
2017-08-17,167.4609788962231,170.60692214138336,166.54139844014762,167.33998107910156,7292690
2017-08-18,165.525060410469,166.77375173571014,163.4439032783186,165.03622436523438,9323350
2017-08-21,165.03620859728082,167.5578142094711,162.4807348153833,163.64715576171875,10900570
2017-08-22,165.3314713221856,165.8735393470385,160.93199110554497,162.90182495117188,6543340
2017-08-23,164.1601966872003,172.7558885300222,164.1601966872003,172.23316955566406,18250880
2017-08-24,173.4044399692218,174.0142738659182,169.66802573231553,170.37464904785156,13245320
2017-08-28,171.67174950590194,177.85715879155094,171.0425518456802,177.13600158691406,13473450
2017-08-29,177.6248095232605,177.6248095232605,170.5585334928098,171.6620330810547,14822570
2017-08-30,174.0432766443638,176.11475884386152,172.01535188999017,173.0801239013672,10646010
2017-08-31,173.98520884259102,174.7886362238218,171.3329310335969,172.48483276367188,11167650
2017-09-01,173.26891752496917,174.91448529601763,173.26891752496917,174.2320556640625,4893960
2017-09-04,174.03845837653557,176.17286213249324,171.87017167915525,174.36756896972656,6589650
2017-09-05,175.19034038075478,175.71788915221333,172.74134545955596,173.69480895996094,7412290
2017-09-06,172.49449725793045,182.27112747658288,172.07827182749443,179.94313049316406,27428920
2017-09-07,181.9807399766268,192.23167279534545,181.124080640301,190.03436279296875,42717340
2017-09-08,190.69258864330385,191.17173534514282,182.0775486685312,183.06488037109375,28563290
2017-09-11,183.91671733860719,187.34821431862716,183.7279536179372,185.896240234375,10988040
2017-09-12,187.30465653226625,187.30465653226625,182.61962370701545,183.37464904785156,14739970
2017-09-13,183.43273019317692,186.3076401276922,183.43273019317692,184.60882568359375,8108100
2017-09-14,185.1750569558111,187.3530176014147,184.0134808988707,184.87498474121094,9518700
2017-09-15,183.49078779947504,185.08796802566638,182.11625421618012,184.18289184570312,9221490
2017-09-18,185.46547265672277,186.74804665174491,184.55556664659616,185.0443878173828,4309470
2017-09-19,186.2495588243296,186.69482260448996,184.3087487429565,185.05892944335938,5980200
2017-09-20,185.73653240164649,185.74136227156788,183.91672012863233,184.3910369873047,3775510
2017-09-21,184.69111648794723,186.43348843759904,181.16281513618293,185.80429077148438,7548800
2017-09-22,184.88469755960932,184.88469755960932,178.78640353422261,180.34970092773438,17729430
2017-09-25,180.03993973442024,180.03993973442024,170.26815307828383,173.84970092773438,18268840
2017-09-26,173.84972196492063,180.31584017174814,172.39290308106158,178.11851501464844,10449470
2017-09-27,179.94797469983368,179.94797469983368,173.77708510125615,174.89027404785156,7641480
2017-09-28,175.88244763797925,179.56078472658876,173.36570156595204,178.3846893310547,39255550
2017-09-29,179.84633473666062,181.49674692782008,177.17470793917062,177.9200439453125,12169640
2017-10-03,180.0447945700343,181.35157721291475,177.3054015683942,180.79981994628906,9752930
2017-10-04,181.9759060122475,181.9759060122475,179.27039609279808,180.30130004882812,5380690
2017-10-05,180.5288052781577,182.51317311596156,179.59953522393008,180.64495849609375,3984630
2017-10-06,181.98075136606062,187.26109887626575,180.8578878659646,186.20115661621094,12276150
2017-10-09,186.62705580465095,189.14380180459838,185.4654795915796,187.9144744873047,9995740
2017-10-10,188.1758551852986,189.66655700645015,188.07906576499056,188.83409118652344,5171170
2017-10-11,190.4021902485376,190.4021902485376,184.10547295736257,186.19630432128906,7269780
2017-10-12,187.78865427036718,189.50681775056776,186.14308654266546,189.06155395507812,10193500
2017-10-13,189.25030286096379,191.05075137367808,188.6066008286529,189.05186462402344,8498320
2017-10-16,190.30541515393853,190.4022045670948,181.53064913447585,182.59059143066406,26527530
2017-10-17,182.00494050226249,184.11030582005293,179.69630708965417,180.7320556640625,17824210
2017-10-18,181.01277573410817,182.36794568712128,178.94613786320207,180.86758422851562,7100460
2017-10-19,181.2837921109279,181.2837921109279,177.3344210698443,178.67991638183594,1698450
2017-10-23,178.59281050793234,179.74471229937973,175.41782839163307,177.5038299560547,10111370
2017-10-24,178.8832130881479,178.8832130881479,175.78567127796998,176.75848388671875,9298720
2017-10-25,176.17284420708256,176.17284420708256,165.86866465062107,167.10768127441406,28652790
2017-10-26,168.33217155142012,170.94573643915356,164.56671975397495,169.08236694335938,16412620
2017-10-27,170.36981710334496,177.0101796890146,169.6341407238437,176.07606506347656,16560790
2017-10-30,177.3344228307096,177.74581842099477,174.02392385977706,174.65310668945312,5639010
2017-10-31,172.9784954068561,176.56487287277798,171.7733617424031,174.29495239257812,7648830
2017-11-01,175.166152657117,176.14380984878045,174.33368695967565,174.89027404785156,4689990
2017-11-02,175.68884015419957,176.3567505048014,174.4304598326555,175.22421264648438,4586030
2017-11-03,176.6568521550116,178.5928176580802,175.0499972426059,177.8135986328125,7699950
2017-11-06,175.9792831093572,178.58315930987808,175.37912370532433,176.36647033691406,5830970
2017-11-07,178.88321392700186,178.88321392700186,171.6523816524821,174.48373413085938,7695900
2017-11-08,173.70933134172182,174.71119694728748,171.4829682527682,171.8846893310547,5495670
2017-11-09,172.9833579904641,173.5980217154438,167.75141244223013,169.6873779296875,8663490
2017-11-10,167.56746864266543,171.23611620139,167.56746864266543,168.9129638671875,8059540
2017-11-13,170.36008186797818,170.36008186797818,166.3478048868014,167.33998107910156,5445300
2017-11-14,167.55781401428885,171.3232661879683,166.512390908788,169.8712921142578,6335540
2017-11-15,170.56824161139403,170.7473160513773,165.23949201065088,165.89288330078125,9264650
2017-11-16,166.9770168520857,172.32028552702073,166.15422564355757,170.77635192871094,9010890
2017-11-17,173.26888968245993,175.88243981300715,172.11698799675113,173.0123748779297,9439390
2017-11-20,172.95914214390754,174.96287342723107,171.3377829338752,174.7450714111328,6021150
2017-11-21,176.0760515244732,176.43904504584324,173.3899053744324,175.18067932128906,4955850
2017-11-22,175.85342180017355,175.85342180017355,171.19258256512248,171.71530151367188,7382040
2017-11-23,172.01051025741577,172.5380590179087,169.10656236977147,170.71826171875,5874120
2017-11-24,171.6233379814771,174.07233306392638,170.7521446775671,173.26890563964844,5729470
2017-11-27,172.30094385496952,172.71716938242926,170.84896960900068,171.64755249023438,5730990
2017-11-28,171.5265498182191,172.68329635806592,170.6069691089857,170.98448181152344,5529620
2017-11-29,170.84896097232271,172.10249690221147,169.49379098602273,170.00682067871094,6871180
2017-11-30,169.8664671543111,170.30690111345965,166.72052296346072,167.17547607421875,13045560
2017-12-01,168.13861682093446,168.60324444975603,165.07011298204162,165.67994689941406,6018220
2017-12-04,166.88019911933222,166.88019911933222,161.66761798608186,162.2290496826172,8020410
2017-12-05,162.2290516687809,166.39620984262962,160.7867522184592,165.2733612060547,11099200
2017-12-06,164.55221411884946,165.9993582969943,160.92712363914055,161.79347229003906,9332130
2017-12-07,163.10509498625498,163.6036055166198,160.78194227140327,162.26295471191406,9861670
2017-12-08,163.10509565102342,165.35082275207847,162.9405403536565,164.77487182617188,7677140
2017-12-11,165.52504539306616,166.49302811466305,163.6084437399727,165.3120880126953,6161890
2017-12-12,165.04105366235626,166.10584056182395,163.59875409312167,164.48446655273438,10518280
2017-12-13,164.04888017988714,164.6296609596527,160.7819384441309,161.8273468017578,9323780
2017-12-14,162.13712531069015,164.4506037019254,157.49564937646437,163.18739318847656,12570720
2017-12-15,164.5570668190428,168.39995950226003,163.7826776681984,167.42230224609375,15072790
2017-12-18,167.07385486983927,171.62337155727414,160.02694052167067,170.06007385253906,16301700
2017-12-19,170.94575331751062,171.41522552493174,168.33703281177782,170.14715576171875,7074670
2017-12-20,170.84895414287257,172.78491962891079,169.3969800283439,171.3716583251953,9578930
2017-12-21,171.81211295007904,171.81211295007904,168.7532983389191,169.20823669433594,8963980
2017-12-22,169.97778211834014,173.11403687336272,169.3969865420978,172.5380859375,6627160
2017-12-26,172.75590762661002,173.75292882207518,171.73952263766833,173.2205352783203,4942240
2017-12-27,173.96586629494195,174.00457910721002,170.55856277579406,171.42491149902344,4504130
2017-12-28,172.3009148144616,172.49450839391233,168.9613775656457,169.89547729492188,8863760
2017-12-29,169.32435939787067,170.9360439292854,169.21788072097368,170.04550170898438,4475070
2018-01-01,170.3165793964577,170.3649814929765,166.53176291047626,167.0399627685547,5353190
2018-01-02,168.3999645548627,168.3999645548627,165.52505453138224,166.94314575195312,5762080
2018-01-03,167.17059329783854,168.26926300988976,165.62182998857102,166.03805541992188,4161360
2018-01-04,166.97703543466758,170.19557533754758,165.91224843104393,169.7841796875,7301470
2018-01-05,170.94574994205385,176.26965476757343,170.27783951888603,175.6404571533203,9843270
2018-01-08,176.17286072912566,178.39922401107012,176.17286072912566,177.8039093017578,8250220
2018-01-09,178.3992159544199,178.3992159544199,175.2048700654757,176.12445068359375,5127210
2018-01-10,176.17286780395528,176.2648273506374,173.65610664151498,174.44985961914062,4067910
2018-01-11,174.04331268204868,174.04331268204868,171.6281855205322,172.33482360839844,8184710
2018-01-12,172.5913422354456,173.35604217530525,169.50831927276658,171.34263610839844,6063160
2018-01-15,171.4297505780782,173.74322875497734,167.75141318164685,168.2499237060547,8470370
2018-01-16,168.9904255034883,168.9904255034883,163.06637596696905,163.3325653076172,10765810
2018-01-17,164.08273251155865,165.51051281820193,161.23687594790138,164.67320251464844,11995010
2018-01-18,165.71864053442604,166.22684033016753,160.1043377425667,160.75289916992188,9616920
2018-01-19,160.7722320905059,165.64602819616888,158.03283946463534,164.740966796875,9745970
2018-01-22,165.91222858552143,167.0738196397115,162.42749973368274,165.17172241210938,9244980
2018-01-23,165.52504291785704,166.2994320376034,163.8213986706102,165.39920043945312,12454930
2018-01-24,166.00903840803574,169.092061043803,164.27151117788532,168.34671020507812,14413130
2018-01-25,168.5257755432938,168.6128904319059,164.88615153647123,165.55406188964844,8808910
2018-01-29,165.62182998857102,167.96917599467486,165.52502581976074,166.03805541992188,6431370
2018-01-30,166.00905295138116,166.39141029938693,161.74993446889002,162.4662322998047,6801040
2018-01-31,160.43828616777608,163.58907454902976,159.23315244565322,162.41297912597656,13322250
2018-02-01,162.79535379039905,170.364987007377,159.20899021513463,167.40780639648438,19398120
2018-02-02,165.33625827551163,165.81541969866083,156.8325424950496,157.6746826171875,16450450
2018-02-05,154.87722233842294,157.5827320437181,149.69850930838476,155.3563690185547,14721640
2018-02-06,148.10136099423246,162.98409580002544,146.28154869475316,160.89324951171875,21094160
2018-02-07,162.62111030525293,163.29869531080908,156.87129011336367,158.9088897705078,14669830
2018-02-08,160.10434120592862,162.52429808491937,158.56040753551298,160.89324951171875,7507460
2018-02-09,157.6892201785069,160.20113646051945,156.55183755472333,158.6910858154297,7037200
2018-02-12,159.23314232463812,160.29792912365983,158.29419799374878,159.1169891357422,4721150
2018-02-14,160.10433603279077,164.261834814379,159.86718499279056,161.6482696533203,10660360
2018-02-15,162.50494069834156,165.70411643794907,155.05146207857638,162.33554077148438,11771160
2018-02-16,163.58908109159754,164.9394211333179,161.80315177616737,162.1613006591797,9476850
2018-02-19,162.13709311483737,162.13709311483737,157.1568182682688,159.01051330566406,6953100
2018-02-20,160.18664206173568,160.46252071805026,157.39401686481682,158.62818908691406,5839550
2018-02-21,160.49151624987317,160.49151624987317,153.64787225423729,154.53358459472656,16897440
2018-02-22,153.71567344926203,156.5712197896769,152.59765448338817,154.9111328125,10506250
2018-02-23,155.53545300285955,158.55556906784042,155.10470838228355,158.11029052734375,7114740
2018-02-26,158.74918319766726,162.60175070301503,158.41038330103737,162.1322784423828,10366590
2018-02-27,162.23390598770698,162.61624851859355,159.81394924427605,160.3753662109375,6052440
2018-02-28,159.13635472940666,160.64642019355605,157.68438063599876,158.7733612060547,17563490
2018-03-01,158.265172120357,161.2659244111647,157.58758718153572,160.62220764160156,12383900
2018-03-05,160.6851267291802,160.6851267291802,156.91000014183308,158.4539337158203,7437790
2018-03-06,160.2011328352755,161.83218128066156,157.54885498645518,158.53135681152344,9441760
2018-03-07,158.84595293119776,159.58645904040435,155.45801378079648,156.65347290039062,6445770
2018-03-08,158.26033293745033,158.54588607257696,154.3158062362773,157.59242248535156,6631960
2018-03-09,158.26516283375142,161.38206813968083,156.46955915867568,160.12368774414062,8397180
2018-03-12,160.97552635275323,162.8050130693611,160.2059818768243,161.1933135986328,4861870
2018-03-13,161.21753532643064,164.44574963366975,161.03361623457687,162.68887329101562,8208020
2018-03-14,161.8467169950985,166.58015217313636,161.48372345454268,165.53472900390625,8486590
2018-03-15,166.0187012156044,168.41930885444503,165.91222253186353,167.09800720214844,7391870
2018-03-16,165.71862973762117,166.94312722131474,162.72272219980593,163.3857879638672,10176990
2018-03-19,164.45056059339618,164.45056059339618,157.49076345168643,157.96023559570312,8489840
2018-03-20,157.49079570036383,160.98521413470425,156.34858310715458,160.4237823486328,13187580
2018-03-21,162.08871972629134,165.71865528945216,161.217541099231,164.9975128173828,11310980
2018-03-22,165.33146856453928,166.49304499417042,163.60361568645595,164.13116455078125,11537160
2018-03-23,160.2011383293939,164.07306916514966,160.2011383293939,163.13412475585938,10884260
2018-03-26,164.45058712751242,169.2033859263411,163.20189589167023,168.58387756347656,12889840
2018-03-27,169.39698231600607,174.04330249929404,169.37761852521575,171.57009887695312,16702390
2018-03-28,172.01053069047722,173.55930898929668,170.44240337134977,171.09579467773438,9869600
2018-04-02,171.2361374610876,176.65684660755403,171.2361374610876,176.03733825683594,6332030
2018-04-03,176.17285252460684,178.10881793696515,174.39176789009574,177.55223083496094,10494570
2018-04-04,178.10882958690843,180.9740650835186,177.789393500546,179.09617614746094,17934410
2018-04-05,180.62558690665162,186.05597072040828,180.62558690665162,185.42677307128906,13859590
2018-04-06,185.75588691339604,188.12745650662507,184.77338499657782,187.55633544921875,16120010
2018-04-09,188.04030205911363,190.47477780440835,186.8448429096204,188.2000274658203,11317920
2018-04-10,188.75663147914278,188.99378252042047,185.23801958911437,186.4383087158203,10138110
2018-04-11,186.43348253364468,189.24062658512156,183.08425573814108,186.30279541015625,11889760
2018-04-12,186.21569869690327,187.99195370579886,184.98635635541208,186.7577667236328,5353540
2018-04-13,186.91748577639603,188.64532385999402,184.6523947846096,185.3057861328125,5928860
2018-04-16,185.26705116976814,188.75662463308592,183.6795601482791,188.1080780029297,7727230
2018-04-17,189.7149315794211,189.7149315794211,185.6590817696882,187.3094940185547,6962030
2018-04-18,188.36945765125154,188.8098768247776,185.97853896806157,186.51576232910156,4629050
2018-04-19,187.30465277024018,187.3530548593717,184.70562157953555,185.20413208007812,6325890
2018-04-20,184.67176375414596,184.67176375414596,179.09134331101782,182.0194854736328,12261960
2018-04-23,181.98074613700012,185.8284832466645,180.12222114037064,183.85379028320312,7621250
2018-04-24,184.69110580217048,187.13525626038052,183.78119968276144,185.6397247314453,7848950
2018-04-25,186.4286574998153,187.68703815429106,182.81808561810644,183.9022216796875,6776750
2018-04-26,184.78791715715604,185.3687127658262,181.6516622270258,183.15203857421875,10983390
2018-04-27,185.07829866568696,185.41225389573128,183.19073525907436,184.02804565429688,6415910
2018-04-30,186.3269796259407,186.3269796259407,183.41334249014972,184.66204833984375,6472100
2018-05-02,184.78789780686606,187.47405875287345,183.91671925533328,184.41038513183594,6870830
2018-05-03,184.4055596451768,184.57011494125575,180.2964628024819,181.4290008544922,4717500
2018-05-04,181.98074159158514,183.26331567268994,179.23650422878367,179.79310607910156,5621770
2018-05-07,180.52876713861616,184.11030004737117,179.6624185172158,183.4762725830078,4855190
2018-05-08,183.7715169463827,183.7715169463827,180.0447777356917,180.85787963867188,6697570
2018-05-09,181.50644669621005,181.50644669621005,178.59282383067801,178.9897003173828,6455530
2018-05-10,179.27042445230958,180.1851753535776,175.97928860456787,177.857177734375,5887920
2018-05-11,178.5927912691034,182.05332614045895,176.9568982974918,180.18995666503906,4832490
2018-05-14,180.34486020576816,182.36311069832269,178.3943755940845,180.48037719726562,6429710
2018-05-15,180.55298932561124,187.1594838785458,179.51241074969795,184.10549926757812,15703020
2018-05-16,183.19071644981665,186.7238472130105,181.2934639575589,185.8478240966797,9528360
2018-05-17,186.82065742529693,202.0954229492276,184.50717940861205,200.0336151123047,55812030
2018-05-18,200.36275898698565,210.22166114148098,199.95136335546616,208.08241271972656,83167340
2018-05-21,205.69633259283026,208.01948526460444,201.39364221664172,203.80392456054688,23768230
2018-05-22,204.34116205763206,210.81695417284553,204.24435787565957,208.04852294921875,19633730
2018-05-23,207.92269806854932,207.92269806854932,200.0045914772371,201.18553161621094,14438270
2018-05-24,202.84078422733586,204.22499244289563,200.17883171718773,202.7681884765625,8409320
2018-05-25,203.95397141955098,208.30021947503323,203.61518630433335,204.82516479492188,13421450
2018-05-28,205.69632944155722,206.954709940425,201.94539637527,202.78753662109375,8061900
2018-05-29,203.76034214331065,203.95393571386384,199.89325629086895,201.05967712402344,7272590
2018-05-30,199.72389197958785,206.1803354535198,199.04146233629112,205.08168029785156,12515080
2018-05-31,207.3903140320758,207.63230973106303,203.3731913369855,204.2346954345703,13233970
2018-06-01,205.2123308111845,205.2123308111845,199.96586639023346,201.08872985839844,6045740
2018-06-04,202.32776182416455,203.1553829531772,198.94949665455198,199.68032836914062,5131520
2018-06-05,199.8884411148461,205.16878887411076,198.92045834915677,203.33445739746094,8168790
2018-06-06,205.40592779358488,210.3329562350857,203.9539537308071,209.14718627929688,18029770
2018-06-07,210.24583371667208,212.68515418940385,209.09877661188705,209.99900817871094,14894130
2018-06-08,209.55857428658237,214.88730886000917,207.8307216696643,211.68328857421875,30395950
2018-06-11,213.92419535535558,218.6189177678585,212.5883743863867,217.82516479492188,20595810
2018-06-12,218.28012731076606,220.4096865743829,216.44096584906188,218.88511657714844,16551670
2018-06-13,219.73205797061007,219.88693873694544,215.44390199067993,215.96176147460938,10953720
2018-06-14,216.3441478861518,217.989715631908,212.66581042665595,217.14273071289062,13213410
2018-06-15,217.7961156238814,221.81808271078287,215.9666288434506,221.0485382080078,16375000
2018-06-18,219.92568160481719,222.24884910667043,216.2667079288993,217.133056640625,11268770
2018-06-19,216.3441449016451,220.79687146543677,215.57460038684044,219.7901611328125,11515820
2018-06-20,220.2112386670203,222.83932315033906,218.87543246918594,219.51913452148438,11272730
2018-06-21,220.40968109988907,221.47446809037342,217.80580499881452,218.51727294921875,7170230
2018-06-22,219.44169052107048,226.7015612800621,217.8493547322631,226.1256103515625,17142240
2018-06-25,226.70154825193552,232.21904675763955,225.92715912809686,231.40594482421875,23935350
2018-06-26,230.86388446028323,234.1695390323688,226.9483960329564,229.1553955078125,23379420
2018-06-27,230.3605288955424,230.3605288955424,224.81883655757275,226.07237243652344,10691260
2018-06-28,226.21753941429634,227.28232622357098,218.16393155137106,220.18701171875,17130030
2018-06-29,220.90333606862512,224.57198396290502,219.79014711355933,222.28269958496094,13784210
2018-07-02,222.63604097348627,224.0589768517625,220.80655409716613,222.5924835205078,8403760
2018-07-03,223.12001404721053,225.92715799046616,221.25664438148766,224.678466796875,8106670
2018-07-04,225.83037211346652,226.99194842641856,223.27005367678376,225.6754913330078,9163790
2018-07-05,226.80027034627852,227.76991667489986,225.190668685445,225.942138671875,6887850
2018-07-06,226.78089282380836,228.35171517448373,225.34580557452978,227.449951171875,6906170
2018-07-09,228.73957463643364,229.14683913532002,226.60635556410423,227.6778106689453,5516950
2018-07-10,228.83651993463292,230.96973877150816,227.86687366372345,229.45223999023438,7841340
2018-07-11,229.4086467548593,230.96977810873005,227.38208925445954,228.409912109375,5948050
2018-07-12,230.29101590932527,235.52710045806438,228.8704875095094,234.1696014404297,13961500
2018-07-13,235.9973856561518,239.98748595101674,234.86775410104545,239.36691284179688,13904850
2018-07-16,239.98750143882427,242.35344119404738,238.53303173313444,239.72569274902344,11726440
2018-07-17,239.98749198251542,241.6601379964033,236.16708267213937,239.4202423095703,9446860
2018-07-18,240.29776993013698,244.64661968519255,239.63354973997573,241.32073974609375,14054780
2018-07-19,242.78977185895894,245.99929921254187,228.59414854935247,244.37030029296875,48898170
2018-07-20,244.44785669628826,266.16792954609684,241.1365060449801,263.8747253417969,73612740
2018-07-23,263.7437976214272,271.2100860817719,263.4529155634947,267.2151184082031,35518880
2018-07-24,266.55582174321347,267.42849769071313,260.5682663341402,263.0990295410156,27788370
2018-07-25,264.42253951842275,269.3967998359832,261.0287777036566,262.2941589355469,18841050
2018-07-26,261.3196770404693,264.5582921214857,257.42170957939703,260.02520751953125,21859050
2018-07-27,260.35005418200024,264.18016923645143,258.6095259020447,263.1329345703125,9587030
2018-07-30,263.3122912023102,263.99590840792416,258.50770685508854,259.6712646484375,8221620
2018-07-31,259.0895408993527,262.6675386343254,258.7065116167098,261.6009216308594,7111740
2018-08-01,263.2589663879608,268.75202087825585,262.06629080451114,264.0152893066406,15845410
2018-08-02,263.19108173149783,264.34981613383,259.86520210496633,260.238525390625,7811730
2018-08-03,261.80456731349256,262.6772432862847,257.9502163764577,259.9913330078125,7418520
2018-08-06,261.21303477115134,262.5753866588739,258.5513307821691,261.4408874511719,6229050
2018-08-07,262.28937432602174,267.0891362657201,260.05919924589136,266.39581298828125,11664830
2018-08-08,267.1569783503386,273.40635680141946,266.84671397674333,272.7760925292969,21139340
2018-08-09,273.82817728446935,275.96626447867214,271.5010315041154,274.4245300292969,11470830
2018-08-10,273.05243078048574,275.1274586785605,270.6525500343431,272.3203430175781,8775080
2018-08-13,272.27183605568297,272.27183605568297,267.0599873802579,267.6611633300781,8093650
2018-08-14,267.9423545248508,275.13714323777697,267.9423545248508,274.4292907714844,10516580
2018-08-16,274.6038748964857,281.97316393271444,273.6390518627627,276.98919677734375,22297270
2018-08-17,277.90057146532513,279.74289309257216,275.5249267412106,276.4654846191406,6881330
2018-08-20,279.0594340158194,279.0594340158194,275.0208479632893,275.3553771972656,6654800
2018-08-21,275.46198645181744,279.549042435224,273.90572293408013,278.4630432128906,9515490
2018-08-23,280.13081089213165,282.0701034972572,278.41454758944803,280.6011047363281,16759200
2018-08-24,280.42171579214175,285.4056822799721,280.3295982119639,282.8070373535156,13277100
2018-08-27,285.01788052824753,286.91837928901487,283.62644023663523,286.1184387207031,9760040
2018-08-28,289.1486072537282,289.1486072537282,283.6991688952397,284.3585510253906,12337420
2018-08-29,284.1063894642133,290.3121203806747,284.1063894642133,289.4879150390625,14025830
2018-08-30,290.30243042761316,290.30243042761316,283.2288473939232,283.7912292480469,14529960
2018-08-31,284.59122107381575,286.5159549920945,275.48622708846705,276.98919677734375,13572060
2018-09-03,279.258140700258,279.258140700258,263.2880645953117,264.1365051269531,25168400
2018-09-04,264.13165386548627,269.33382653798105,260.20459807304604,266.2939758300781,26069920
2018-09-05,265.6976462811485,268.08782087033836,258.70162215519736,263.4432067871094,17284550
2018-09-06,264.6164896164448,264.85890121000904,259.0313466227814,260.2627868652344,11478790
2018-09-07,261.6493657254048,266.7885090996552,259.1476911798416,266.0903625488281,12644360
2018-09-10,264.90739404167465,265.48915817731785,251.72019779402942,253.62554931640625,15701790
2018-09-11,254.14434482710362,258.7792537540381,248.44767183553745,252.18081665039062,33576600
2018-09-12,253.84855155194845,255.69087349790573,243.9726921252205,251.52622985839844,26823400
2018-09-14,255.06544860810465,260.2045917776332,254.65336076512077,259.10888671875,17951310
2018-09-17,257.9259261515828,257.9259261515828,250.96872550636567,252.5540771484375,14553200
2018-09-18,253.0777064373875,254.76973464429267,248.13250395656598,249.2379150390625,14492900
2018-09-19,250.6535765623341,251.88501674984562,241.102554283777,242.36795043945312,18945570
2018-09-21,245.32053903271822,247.93858135180702,206.01591868456848,230.71766662597656,57508800
2018-09-24,234.86290644446663,234.89199465371038,210.27752535951643,219.21766662597656,77981720
2018-09-25,216.71592839199957,225.96150857479665,211.44105063117584,222.94105529785156,55373960
2018-09-26,225.8306189478129,228.24989654443849,222.54351855940635,224.5264434814453,27287560
2018-09-27,225.28762911249413,225.28762911249413,212.56102078544018,213.7294464111328,27962940
2018-09-28,216.42506050244447,217.976500567374,205.2741275731969,210.21932983398438,38310960
2018-10-01,210.2193372987033,216.55597991750096,198.99083048793113,214.1464080810547,48217720
2018-10-03,213.32219559768694,225.92274509850358,210.03024211830106,216.4444580078125,55677010
2018-10-04,210.31628562906593,214.48576785814777,205.42442160990691,211.30047607421875,40027180
2018-10-05,209.44361702905883,214.73789274737035,190.365821639161,196.1885528564453,34704410
2018-10-08,193.1535558345949,202.65609331268902,185.41578186906852,191.49061584472656,59666690
2018-10-09,191.50516878181506,205.16264517691445,188.85318521977078,199.82958984375,48590160
2018-10-10,203.62572329663215,223.5713548185896,203.62572329663215,220.2018280029297,72359570
2018-10-11,203.62572205066093,216.23112389189234,199.74713686874358,209.64723205566406,54670860
2018-10-12,215.96448412316926,224.95794788883563,215.96448412316926,221.79205322265625,36655770
2018-10-15,224.93370867336867,224.93370867336867,219.24672773897274,223.6198272705078,24354130
2018-10-16,225.44280014267136,229.03048905678344,221.58844957681856,223.87681579589844,25284840
2018-10-17,226.89724062489157,229.73345909182848,206.81102050257482,208.52244567871094,38119850
2018-10-19,208.47395644462307,213.12826168716362,199.16050778902414,207.55279541015625,42867900
2018-10-22,212.15861559269737,215.15967210587647,202.75304934457606,205.1141357421875,36819460
2018-10-23,203.14092306240997,208.99274270253372,193.69172352377444,202.01129150390625,90647750
2018-10-24,210.89807213728395,226.80026568133812,209.4436026742682,224.16282653808594,103572950
2018-10-25,221.56419790786646,227.67297306313924,218.8297880134033,226.4124298095703,52011590
2018-10-26,225.92276593732583,230.46555710893344,220.93394569206143,226.7906036376953,37958310
2018-10-29,226.79060868990564,231.93942899687892,224.47315425508015,230.81948852539062,22011450
2018-10-30,232.2303088377424,235.03258629410544,227.90084128656193,228.4826202392578,22022300
2018-10-31,229.592867485286,231.93940993727406,223.68772461257876,231.02310180664062,28088120
2018-11-01,231.88609837326175,236.10890440997372,230.04376128898852,234.47019958496094,25521340
2018-11-02,236.8845996684952,239.97777380617194,229.32135538995448,231.09580993652344,23671170
2018-11-05,231.74549705986666,233.5878193609189,226.18942715179364,228.77838134765625,16259990
2018-11-06,229.80619072158697,231.73579233297542,226.1554727139743,226.87301635742188,13686820
2018-11-07,228.83653953737877,229.27287743754033,227.25601124580317,227.7117462158203,1714670
2018-11-09,227.83298311759435,231.1491723254839,226.7275867149645,230.32498168945312,13278460
2018-11-12,230.32496711034125,231.26067235950285,220.10973847214737,220.84666442871094,14796780
2018-11-13,220.10970902390764,223.82830907630427,216.53171182709954,221.56417846679688,22977100
2018-11-14,222.9216834261258,224.47312345899672,219.62489185081103,222.43202209472656,14561460
2018-11-15,221.75812780568913,227.6729767395308,221.57389262314868,227.0233154296875,15771150
2018-11-16,227.09116314810709,234.38290755188387,226.89723684497213,232.9187469482422,19188730
2018-11-19,234.65441025825965,234.8774247698613,227.89597420064212,228.92864990234375,13577950
2018-11-20,229.3213769606961,232.0315369129378,227.4548046542156,230.78553771972656,12377020
2018-11-21,231.64848907686834,236.10886785814822,229.00135889006413,235.6773681640625,15147250
2018-11-22,235.8179659297309,238.02875820441372,228.8365158625416,230.92124938964844,16042790
2018-11-26,232.71511556146015,233.86899704341963,227.57114896313877,232.19151306152344,13914340
2018-11-27,232.23027899628877,236.58399602498338,230.29098647857447,236.15249633789062,15949550
2018-11-28,237.1706526454784,237.4663876834233,232.3515090518635,233.93203735351562,13962600
2018-11-29,236.10888928431802,244.1181629126696,234.3489787689638,243.04185485839844,28612840
2018-11-30,246.09627265817318,248.65613870151535,243.09521570337003,246.0671844482422,27373410
2018-12-03,247.06589169408088,247.79796462361392,241.5146604500537,243.25033569335938,11155920
2018-12-04,243.2842543635618,247.16283962114352,241.92675544165962,246.63438415527344,13295870
2018-12-05,246.2804747294988,246.2804747294988,239.53172981615674,241.83949279785156,13270310
2018-12-06,240.5692628088424,241.829791214007,234.4604879093268,235.85678100585938,13174720
2018-12-07,236.88461908490504,242.1934242611032,234.13566502379805,241.08802795410156,14787200
2018-12-10,233.72840879695374,236.9718771065133,231.00370484921567,232.28363037109375,13998940
2018-12-11,228.8365519783797,237.22398747797934,226.13124501379724,235.30894470214844,21892780
2018-12-12,237.07854319207902,243.85637680853696,236.04586741578208,241.82496643066406,16831970
2018-12-13,243.4006296728123,245.21871656974807,239.98747039552208,241.35467529296875,17131610
2018-12-14,241.2722631378735,243.57517334376266,238.9451176901743,241.08802795410156,12043790
2018-12-17,242.27583311958685,243.37153820941248,239.1390266435573,239.92929077148438,10196020
2018-12-18,239.47355445316612,246.11563770832566,237.23367380612254,245.53384399414062,16531070
2018-12-19,247.33743926961475,254.92977339407562,247.2744098777052,251.80751037597656,29463140
2018-12-20,248.2294661720544,253.06799200050233,245.47567408265917,251.274169921875,14670280
2018-12-21,253.56252314212873,254.42552260634005,245.5823377420379,251.25961303710938,30424640
2018-12-24,251.52627978454333,252.5783378829052,247.55073827109098,248.70460510253906,10500170
2018-12-26,248.22946214698075,250.45481350942842,242.77034853781893,248.94699096679688,16620680
2018-12-27,251.99655983568167,254.7018519398389,249.19912055018577,250.862060546875,16263010
2018-12-28,252.39889395293122,256.3550670189272,250.74566020254503,255.48239135742188,19015810
2018-12-31,257.63019856028035,258.53681554604833,255.5599940977068,256.48602294921875,14533270
2019-01-01,256.47145486210263,258.31377697499664,253.28131014367213,257.6204833984375,9178720
2019-01-02,255.51151412864786,258.11986512611014,252.2922812081078,253.47039794921875,13049150
2019-01-03,253.2716628915569,256.7623664153252,249.71304742357646,250.76995849609375,12824780
2019-01-04,252.20504499385294,253.26195606263406,248.58340015254345,249.78578186035156,10510210
2019-01-07,252.20503117837163,252.59288381492192,246.8089466673855,247.60890197753906,10243280
2019-01-08,248.22947178505848,250.3627056447149,244.84056244196938,246.00413513183594,12333790
2019-01-09,246.87195180904396,248.2100536306927,243.3812192403337,244.7726593017578,10939920
2019-01-10,244.9326655828997,246.5277231214499,242.86731419316908,243.8321075439453,9108390
2019-01-11,243.9630267021159,245.32052566898915,241.24801397274044,243.78848266601562,8182180
2019-01-14,243.9581755712616,247.5410111548739,240.87469247240873,246.75559997558594,10215040
2019-01-15,247.35676415756896,253.36855314951822,247.35676415756896,252.51528930664062,14663030
2019-01-16,251.95292148637265,253.2861853099807,248.50098260855003,249.1845703125,9525970
2019-01-17,249.58695878309467,250.80386965872225,245.03447696915723,245.89260864257812,9941830
2019-01-18,246.77499760128157,247.74464395727875,244.84539602642067,246.5713653564453,7537750
2019-01-21,247.065893350183,252.6898451486657,244.9908507495558,251.54566955566406,13321590
2019-01-22,250.65354005765272,255.5017710065435,249.68389386787456,254.23153686523438,14747130
2019-01-23,253.95037105235556,257.2471626969145,253.1746658152563,255.43878173828125,9925040
2019-01-24,255.88967310442612,257.2956721883071,252.4086461601464,255.56484985351562,7538560
2019-01-25,256.8593312660491,258.0229188089374,250.6536000835857,252.06442260742188,9169270
2019-01-28,253.0777102767833,253.0777102767833,228.35172708882172,238.3875732421875,23640470
2019-01-29,239.30872934532192,249.20882538701588,229.9661770125412,243.9193878173828,61188330
2019-01-30,250.1687519268227,254.40610163377272,246.87196033906181,251.67169189453125,38797070
2019-01-31,252.8837525289289,252.8837525289289,244.932670330476,249.66937255859375,20834180
2019-02-01,249.68393888774781,260.63125462977666,249.68393888774781,254.86184692382812,21177680
2019-02-04,253.0777241623649,254.39160575866725,249.4124617546983,251.56993103027344,9421130
2019-02-05,252.1080947775039,256.190298334309,251.5214479810322,252.4571533203125,10108170
2019-02-06,253.95039159536307,263.74382636007374,253.28133319795762,262.8953857421875,17984610
2019-02-07,264.22861492002403,264.81040861424606,260.26276513144126,261.4748229980469,17605800
2019-02-08,258.8955701685611,265.4358299312893,258.8955701685611,262.497802734375,15107850
2019-02-11,264.1995941302449,264.1995941302449,255.50186347644737,257.65447998046875,11947020
2019-02-12,258.70167059955634,259.58890541970123,253.68861483860016,254.22190856933594,12003700
2019-02-14,250.16388892780876,254.24126813326734,247.92886133953468,253.0001220703125,12141260
2019-02-15,253.0776900655036,253.0776900655036,242.99337423401852,248.3361053466797,16406960
2019-02-18,247.07074774922464,248.32645287719572,243.61880887804892,247.20651245117188,11545200
2019-02-19,247.3567890247368,252.7819615195623,246.77499529831624,248.21006774902344,11483390
2019-02-20,250.65359877688462,253.54315575219525,249.29609971143208,252.7043914794922,10381270
2019-02-21,253.07772745608335,257.9259597828282,251.434169595414,257.41204833984375,11398230
2019-02-22,257.20356852164304,259.2834494611181,255.2497167614077,256.02545166015625,8256720
2019-02-25,255.88964638631256,259.3803788990936,253.44129545701156,257.7077331542969,10240400
2019-02-26,255.72482309045202,259.6712609454687,252.10803182715642,257.7077331542969,16189960
2019-02-27,258.895539559304,261.47965500937033,254.53213158920337,256.1805419921875,11478390
2019-02-28,258.5659010217937,258.60469516161305,255.01699180541374,256.85931396484375,11368430
2019-03-01,258.24586163544666,259.3124783828236,255.98659899026762,257.9986267089844,7070940
2019-03-05,257.44111460291765,262.61416976899056,256.4326740793725,261.3342590332031,8473070
2019-03-06,263.2589496954695,268.9992683590733,261.8044803601354,268.27203369140625,15434240
2019-03-07,269.07200874477627,269.78471419838434,264.2286299685774,265.17889404296875,8598510
2019-03-08,264.21889342695346,269.4646831156273,263.4141000710778,268.4271545410156,11780870
2019-03-11,268.49506147561925,272.27185284991833,268.49506147561925,270.6331481933594,11690750
2019-03-12,272.3543078035749,273.11548384067396,266.21642901932864,266.9485168457031,13853350
2019-03-13,267.6223876644738,275.18079384348437,266.54124147336506,274.23052978515625,15492960
2019-03-14,274.60387660671427,274.89475869475484,270.25014408063805,272.2864074707031,8960550
2019-03-15,273.323897803444,281.10045030658773,272.9554274828981,277.3915710449219,20915620
2019-03-18,278.4824540429032,285.1826845333966,275.86439696281565,284.062744140625,18199860
2019-03-19,284.10635014086523,287.2964945764625,282.171910614268,283.2239685058594,14805650
2019-03-20,283.60214676002323,284.54752818379313,277.10550502774004,278.1527099609375,14068620
2019-03-22,278.09453895807997,280.76106620593595,273.0523960987058,275.0547180175781,12508760
2019-03-25,271.8888370256696,277.51280374288837,271.5979549503216,276.329833984375,10667570
2019-03-26,277.3188496474049,285.26996136890347,277.22187909640957,284.5281677246094,15706370
2019-03-27,286.0457015053888,292.26599174062693,284.3488202252721,285.5851135253906,24196560
2019-03-28,285.08578499526425,290.8939582252915,285.08093202802496,290.4915466308594,13669450
2019-04-01,293.82218723104467,295.3930389656995,290.0211906158727,291.0344543457031,11090000
2019-04-02,293.2986343352015,298.360189392238,290.733900838347,296.246337890625,11362380
2019-04-03,297.9723674815539,299.523807851186,294.5931635209497,295.3543395996094,10527520
2019-04-04,296.71179346303643,297.1966166549695,292.5859433650846,294.71917724609375,7727760
2019-04-05,295.54820133889336,303.0144902142767,295.36396616154235,301.96728515625,12444080
2019-04-08,302.8205615177482,303.49932584015676,292.63927422918067,293.23077392578125,16421890
2019-04-09,292.49869431335594,295.65489819546974,288.90131432325,291.7375183105469,17333240
2019-04-10,291.9702104660756,294.48162065800625,289.53641814775676,290.7339172363281,9948990
2019-04-11,291.66954463055544,296.2268932868538,290.1181344925617,295.5335998535156,10167120
2019-04-12,295.93607162855994,296.90571795815384,291.01995763561706,291.7471923828125,10481380
2019-04-15,293.6670663669433,294.0937131093714,291.0829802642053,293.0513610839844,6516340
2019-04-16,292.63928888677964,296.4500219521573,292.63928888677964,294.0452880859375,10214780
2019-04-18,294.6464244501828,295.35427692126336,290.4090747386804,292.2950439453125,6588260
2019-04-22,291.86355813995243,291.86355813995243,288.46979583599955,290.04547119140625,6621570
2019-04-23,290.1181906820465,296.56633278960675,289.63819089715327,294.2925109863281,9919680
2019-04-24,294.28768312471277,300.49341418174305,293.9968010405003,299.9164733886719,9905800
2019-04-25,300.570986750785,301.98666213870507,297.9384004568883,298.748046875,12405640
2019-04-26,299.5237362127691,301.07517621133655,295.2572984101513,300.284912109375,6138070
2019-04-30,299.8146017415449,302.5295991279875,294.7724299195776,300.1976013183594,9009680
2019-05-02,300.1055675836119,305.3367993770056,296.711805106899,303.66900634765625,8958300
2019-05-03,303.5090576004516,306.8931143846518,300.8134415392701,301.73944091796875,7307280
2019-05-06,297.2935487393133,300.0085464262911,293.4149637057704,294.2197570800781,9664870
2019-05-07,296.0233532552272,297.66205801369296,291.6308563134473,292.5471496582031,9702640
2019-05-08,292.05748617240386,292.5423093369721,281.1974354495725,283.2627868652344,11550230
2019-05-09,281.1974093413252,290.0987547144357,279.7429399826632,288.1158447265625,17452340
2019-05-10,287.9947018538785,290.50608261078315,281.1974707637982,283.4131164550781,16300890
2019-05-13,284.09661746429396,286.8164974182297,281.77917854145795,284.28570556640625,13562290
2019-05-14,283.90761557069607,285.26511454006464,276.1649740920651,279.4375305175781,18617600
2019-05-15,283.2337058724461,293.1483457586253,278.3660622378064,291.1605529785156,24536700
2019-05-16,292.25138656367295,303.40231892446303,291.88776920408196,301.5648498535156,36446720
2019-05-17,304.1781230931481,321.53478976493017,302.72847669893935,320.0899963378906,58487160
2019-05-20,328.7101614206161,333.9995700245002,324.15281106294026,330.4118957519531,27248590
2019-05-21,331.42995615620555,338.21262748833965,327.2556358146055,332.9086608886719,28849970
2019-05-22,333.7522978276715,335.4540023780866,329.49068302368977,334.4213562011719,15668120
2019-05-23,338.89138678328413,341.1215614692464,325.37936776338853,327.52227783203125,24062050
2019-05-24,329.67976475795774,336.9521125099715,328.83617715332554,336.263671875,15685230
2019-05-27,337.4369707591338,337.91694102604276,333.5583848883392,334.4310607910156,9320000
2019-05-28,336.2733548783943,336.2879137779909,328.3949779909706,330.6300354003906,16277680
2019-05-29,329.97060074398246,332.8795394384916,328.17677888870554,330.5766296386719,9212780
2019-05-30,330.5428124333283,338.3775432005953,329.6846658042394,337.59698486328125,11751110
2019-05-31,339.12894579155443,342.3821198320616,334.401920004724,336.1860656738281,21728660
2019-06-03,335.4976676680566,342.2754868028985,335.4976676680566,340.4477233886719,12411330
2019-06-04,340.78222758480666,344.22446035182134,340.30222777639113,342.39666748046875,10514000
2019-06-06,342.5760507327707,342.5760507327707,334.08682161888186,334.8140563964844,13149160
2019-06-07,334.8334579093528,341.2185713380155,331.6142246736315,340.2925720214844,12850440
2019-06-10,343.9287624037426,344.97596757309094,339.95805891822425,341.2767639160156,9832740
2019-06-11,342.96392847428655,345.58195588470534,340.4670772672932,344.4038391113281,9031550
2019-06-12,343.2499792843315,343.2499792843315,337.63089485855966,339.9434814453125,12144700
2019-06-13,339.8611075284611,344.3214874684854,339.3762842652251,343.69122314453125,8803180
2019-06-14,344.6074555619654,346.1443663398095,339.47319468513905,341.1603698730469,8646410
2019-06-17,342.1881888188504,342.2657770974612,335.1097823454051,336.1278991699219,9534600
2019-06-18,336.85519462745134,342.2852210496071,336.3752243353692,340.2780456542969,10835270
2019-06-19,343.1578138013246,344.03048953819524,339.38590514608455,341.8487854003906,8739410
2019-06-20,341.2185627357564,348.0060875455832,340.09376935917675,347.38067626953125,11070050
2019-06-21,348.791497532758,348.97573271567546,344.2244712838128,345.7613525390625,10582660
2019-06-24,345.3880596299737,347.12370538083695,342.5809143626453,343.7735900878906,5437030
2019-06-25,343.77357328637123,347.7151880783253,342.31910375697885,347.11883544921875,8278690
2019-06-26,346.14919480427085,352.46645510157373,345.48498940886293,351.7828674316406,9788060
2019-06-27,352.466404312579,354.79354934439743,351.0216409002791,353.16455078125,11351420
2019-06-28,354.1584959602949,358.11466985822267,351.95255631028203,356.9365234375,12000360
2019-07-01,357.6734760481102,360.32062147076596,357.3147116014568,358.6722106933594,9138840
2019-07-02,358.6721951334784,360.7084584786258,355.8650794763974,359.845458984375,7064780
2019-07-03,360.12659494651524,361.70712299670436,358.28427307358925,360.2623596191406,6050400
2019-07-04,361.6780901204318,363.60767689610753,359.2685331340233,361.9205017089844,7436160
2019-07-05,362.06594825175904,364.78097583960493,359.3945677706702,360.62603759765625,7762800
2019-07-08,361.1883957402976,361.1883957402976,327.2556280225998,330.9693603515625,38571320
2019-07-09,330.6494503346338,351.4968496959084,323.51286643151036,349.3733215332031,51961250
2019-07-10,349.06780264141423,349.06780264141423,330.84331765101734,332.4965515136719,29095840
2019-07-11,336.0856830245054,342.4625712602787,327.00845435940465,335.2163391113281,27122410
2019-07-12,337.05703222583963,337.05703222583963,326.9550406468314,328.07208251953125,26966780
2019-07-15,330.11193657937037,334.14301645978014,325.7505729804616,331.4329528808594,16180730
2019-07-16,333.5019095331645,336.56164329765573,330.84529263149227,334.9880676269531,16858560
2019-07-17,334.14299653144843,338.19835389082283,334.14299653144843,336.4062194824219,9155470
2019-07-18,336.08567204761925,341.91374728543923,334.53151272224255,336.8287658691406,13204640
2019-07-19,337.63985144802086,340.0924939944719,316.9598882828481,322.7879638671875,30339090
2019-07-22,322.0983521270742,322.0983521270742,307.3970203562504,315.3572082519531,36920230
2019-07-23,316.3674153979945,320.2867705625385,311.6223805320996,318.3003845214844,22236910
2019-07-24,318.02838155547863,319.9613505132708,304.516955812187,308.2615051269531,27679890
2019-07-25,310.7238964303468,315.04636848721987,291.03469338851005,295.9205627441406,102905770
2019-07-26,295.92056648210314,318.40722148014197,290.8209997492742,317.1056213378906,69450800
2019-07-29,317.89727064516416,320.54419454388716,308.8880420150185,315.94488525390625,34784730
2019-07-30,316.65882474902895,320.447068564333,313.8710662188325,315.6826171875,22849050
2019-07-31,314.0410146716003,317.40189320949736,306.95506212828514,315.8865661621094,24381300
2019-08-01,313.84189864362736,316.7559366446951,308.30521458434754,312.9773864746094,18925160
2019-08-02,309.76224958037704,319.33487557972165,303.05996776045436,314.51214599609375,33560190
2019-08-05,310.81127066249326,310.81127066249326,305.2940034410858,306.9501647949219,20133710
2019-08-06,306.95022025076366,319.28146575017934,306.2799890895776,317.8487243652344,20051390
2019-08-07,318.1158499474787,322.972580481028,315.9109049567744,317.2221984863281,23989100
2019-08-08,319.5728163211891,326.37223794504416,316.75591900564575,323.91473388671875,15877420
2019-08-09,326.3674051458228,335.07551876197556,324.4295745556737,332.17120361328125,21017570
2019-08-13,332.1711777802859,332.58884942704236,311.61263232015597,312.9530944824219,19006940
2019-08-14,317.6252707065498,323.4484850536034,315.2017672543817,319.5679626464844,27702370
2019-08-16,318.6597707804883,326.2654266654649,316.01284696538147,324.1575927734375,17581540
2019-08-19,326.84817561575665,328.2177769053849,321.6126365777538,323.2687683105469,14328420
2019-08-20,323.16683659782507,323.8856231754686,314.25471897126647,319.9710998535156,16887170
2019-08-21,319.5630712761906,322.676251418825,315.31829452746484,316.7995910644531,15528010
2019-08-22,316.5616722412172,316.5616722412172,300.9667184994257,302.48687744140625,25061940
2019-08-23,302.8656589026534,310.8307076432625,291.20950736603106,308.3392028808594,31437870
2019-08-26,318.0186809006509,324.3130137794272,309.1842876663239,322.8996887207031,29500170
2019-08-27,325.5951499123134,330.0633172331763,324.4392459469329,326.1536560058594,22259370
2019-08-28,325.2843658421664,326.6296895901584,320.22849311587464,323.10369873046875,12509150
2019-08-29,322.84625228757557,323.4582049858544,318.21294272551984,320.4761657714844,15299260
2019-08-30,321.5301360677863,325.1095439918725,316.6588212604909,323.7010803222656,21189530
2019-09-03,320.8355638460561,322.001190873891,314.15272843493295,316.5130920410156,11997260
2019-09-04,317.33878398443335,318.05270914205903,311.60781825722495,315.7117614746094,18793490
2019-09-05,319.1842673400928,321.02981861378623,314.98804595520875,319.8350524902344,15012260
2019-09-06,323.45823362116187,329.0920288359906,320.349914413797,327.635009765625,17008940
2019-09-09,327.73215119329393,335.1143870985842,325.6097624464532,333.8856201171875,18025510
2019-09-11,334.6626520704211,335.69713779092575,328.8297153922403,331.8506164550781,13011120
2019-09-12,330.50048938563697,333.07455045736964,327.4018931533779,328.543212890625,11640860
2019-09-13,329.18914212395185,333.75448002383183,327.5864272078243,332.91424560546875,13283630
2019-09-16,329.7719534462899,335.1094947540152,328.538354748517,332.088623046875,11797670
2019-09-17,332.68113163463494,333.5601985474855,325.7894308252698,327.18817138671875,13618720
2019-09-18,330.93759666480133,336.522836208809,329.1406006220168,331.60296630859375,18536680
2019-09-19,332.7831263818617,332.8219885197014,324.45868452646,326.57135009765625,12376920
2019-09-20,328.82971128530784,364.25469582204613,318.85886149276297,359.6116638183594,56480860
2019-09-23,371.0541916343876,395.33784291936064,365.6049545147416,390.8453674316406,40110020
2019-09-24,390.9667424827039,390.9667424827039,381.44756408820143,384.8229675292969,21896040
2019-09-25,384.65303658406214,388.4315869549661,377.8536142202025,381.826416015625,24147290
2019-09-26,384.1673372962148,389.99541320968456,383.20571425629294,388.6160888671875,23881650
2019-09-27,389.1212190230692,396.7948466027964,387.5670594724988,394.1139221191406,20244780
2019-09-30,394.93958226724567,399.3931955540384,391.54959407841824,393.011474609375,22563610
2019-10-01,396.3091402304305,397.1930685856685,383.32224986332847,387.8001403808594,16155060
2019-10-03,387.08138724499673,389.01921780336045,381.91868080025375,384.63360595703125,12458400
2019-10-04,386.4985747747151,388.9269398206019,378.07702139573144,379.2086181640625,14782660
2019-10-07,376.8822743086645,384.4830691464969,371.0007809824512,378.9123840332031,14061520
2019-10-09,380.2819820248218,391.93813473056343,376.88713229217524,390.8599548339844,13566000
2019-10-10,389.86427062118133,389.9954118145659,381.8361114935216,383.5748291015625,11027880
2019-10-11,386.4985177109766,389.99536878939415,381.2532559149121,385.9351501464844,16238660
2019-10-14,387.37275204617384,389.1503317304348,374.2644432261935,377.2027587890625,17683520
2019-10-15,378.33923216329026,380.3790645040921,373.28822157112614,376.82879638671875,13948940
2019-10-16,379.7962733664921,391.64670602955135,378.8249273988028,390.13140869140625,23817690
2019-10-17,390.4859690052763,399.9225922134619,388.6355559873974,398.9123840332031,21035930
2019-10-18,398.25189486078295,407.8682151739173,396.30920269073033,401.9090270996094,18362130
2019-10-22,404.5655830807885,409.8934013207512,388.54809805277785,391.85552978515625,50347550
2019-10-23,397.2756065895667,399.2231598372688,385.4300363749359,392.2634582519531,24422490
2019-10-24,394.56078823919347,396.3091993201185,389.7574747752394,391.0784912109375,12675570
2019-10-25,392.21010441286217,394.74047152870054,378.8249571138963,387.2999572753906,17580980
2019-10-27,389.99534420765053,389.99534420765053,384.1672693253444,386.4888000488281,2146910
2019-10-29,387.5670593843521,394.3664814788144,384.890996374274,393.1280212402344,13355150
2019-10-30,395.8186513721659,395.8186513721659,387.0813984511565,387.7613525390625,13385540
2019-10-31,388.94639284469014,393.39514464735527,388.0527414484406,391.2144775390625,12512200
2019-11-01,391.35527182007536,399.2231798330005,390.57820692825885,395.3232116699219,18756120
2019-11-04,396.98911158347545,405.77978079429994,395.93517985822956,399.51458740234375,18631580
2019-11-05,405.24558204071576,413.30774236113143,401.65158981510655,410.6656799316406,29346520
2019-11-06,413.79335749100284,415.7360493102094,405.6971976345343,406.8142395019531,20766950
2019-11-07,408.4218092091867,411.77296440051714,406.81909441281636,410.4761962890625,11416030
2019-11-08,409.9080436629281,411.85073581298934,402.91434006545563,404.02655029296875,15096930
2019-11-11,404.07991747103443,406.7996742890698,402.4189241872745,404.958984375,7693020
2019-11-13,404.75013615604587,405.5369239844219,401.36014836111383,402.57916259765625,8990150
2019-11-14,403.8856538282938,410.0051513972846,400.2334130356982,408.9900817871094,13836290
2019-11-15,409.92740133500916,412.5549086926536,405.5903452869305,406.7608337402344,11931710
2019-11-18,407.8682038825382,408.8929668595203,402.6375255168055,403.5845642089844,9273640
2019-11-19,404.56560140897017,406.2314562105377,400.801635729595,401.72442626953125,8295350
2019-11-20,402.1372028922807,406.21686753249566,400.91329757159133,401.9963684082031,8138790
2019-11-21,402.1372936928339,404.0799859328959,399.4175364139995,400.54913330078125,7028530
2019-11-22,401.165884140654,402.50634631724455,392.5209109679431,396.1440124511719,12226150
2019-11-25,398.2518726896016,403.02604673179803,394.5899088244454,402.3023986816406,13893040
2019-11-26,402.6228898185357,405.43492562716654,396.98909525612964,398.091552734375,15027270
2019-11-27,400.29169215869763,400.6705016839213,397.76618663240606,400.0342712402344,4850640
2019-11-28,400.1945373008877,402.0449501771971,394.8521344971137,398.4509582519531,9697080
2019-11-29,397.7661444776796,401.6515280623211,394.5946858980163,395.7457580566406,8319830
2019-12-02,395.8235359894506,396.05178809438604,380.7773943771503,383.7254333496094,20654040
2019-12-03,382.70546781021443,388.0527323569319,377.51362218281776,385.094970703125,19843820
2019-12-04,384.4587826400783,388.93670367005143,382.2246984201608,387.649658203125,14308300
2019-12-05,387.649658203125,391.8410190845704,385.43012876058697,387.649658203125,12553040
2019-12-06,389.50971409092466,391.23870864355837,381.48638730240384,383.8419189453125,11713550
2019-12-09,385.5855143710541,385.7652110163666,376.90653990587964,383.1814270019531,12689420
2019-12-10,383.6816400045621,388.0526966628419,383.24452248148407,387.26104736328125,11594800
2019-12-11,388.6840953676912,393.88080238824546,386.9891013432242,392.1129455566406,13659810
2019-12-12,393.39509084567425,394.8521097006582,389.5145687048002,394.089599609375,10870560
2019-12-13,395.33780210486935,397.2076312035204,392.530598077439,395.5272216796875,8616560
2019-12-16,397.08139528763775,397.08139528763775,391.60298969930693,392.370361328125,8260690
2019-12-17,394.07021519024994,403.5942554271959,393.0988692084757,401.72442626953125,13794840
2019-12-18,402.1809641481755,403.9682372156028,398.35385856969594,400.13140869140625,11097750
2019-12-19,399.51945382641594,402.6229113673495,396.8239746427509,397.460205078125,7361040
2019-12-20,398.9317733021165,402.62287586778,396.40626803149826,401.7098083496094,10542340
2019-12-23,402.0012309222321,406.4111499481212,401.16588761256287,404.0799255371094,11378790
2019-12-24,403.8856504475292,406.09062481458955,400.74336040120386,402.08868408203125,7519790
2019-12-26,403.10370315020623,407.6204558372342,401.48157203247683,406.7122497558594,12650200
2019-12-27,407.7710659633053,413.793423419622,407.1882820391897,413.0794982910156,11266480
2019-12-30,415.2358295676532,415.88664442904053,410.8793569969891,412.1712341308594,8319100
2019-12-31,412.53063346746427,414.4150469665899,409.77198490594736,411.3407287597656,7796080
2020-01-01,411.6370453001194,413.016369792457,410.0051909814247,411.00567626953125,4070420
2020-01-02,411.85067952558444,417.2659450110308,411.3650065544458,412.4383544921875,8638440
2020-01-03,409.9080240827934,411.3456268766953,405.3426858909707,407.3291015625,11768500
2020-01-06,404.46849623155003,408.3538804982184,386.9648507817357,388.2178955078125,28667350
2020-01-07,393.88083410268507,397.4748264437346,388.1693144287762,389.2815246582031,21490420
2020-01-08,383.68166050229087,394.40046690413135,383.68166050229087,393.3902587890625,16305760
2020-01-09,398.8248984794195,402.91425630510065,396.30911622526236,400.60247802734375,14193880
2020-01-10,401.1755953407106,406.595692631796,400.0002454126757,402.6083068847656,11066240
2020-01-13,404.8569456300691,406.24113127683427,402.7200025079007,404.5169982910156,6451520
2020-01-14,405.051285908739,408.1984374933081,403.15231750339,407.2853698730469,7034340
2020-01-15,406.9891467886504,409.9080465072724,405.0561775717281,408.6695861816406,6169760
2020-01-16,406.9939355329033,410.8744576932348,406.7996544940149,409.9322509765625,5787280
2020-01-17,409.616604824033,412.04496973372466,408.1595858782181,411.04931640625,6711290
2020-01-20,410.78221296367013,413.10860557974314,400.6948050216906,403.36114501953125,8486390
2020-01-21,403.10373844362556,406.6151448342069,399.9080017249334,402.0012512207031,8979220
2020-01-22,406.6054216457157,406.6539770860904,400.5199250245939,402.3509216308594,7979010
2020-01-23,400.4859283690358,404.45389796778494,396.7948255698228,400.7579040527344,11545220
2020-01-24,400.194581731303,408.5141632108325,399.3203761949819,407.4311218261719,8648920
2020-01-27,405.4397866748112,408.7423569197647,403.4970948080003,404.50244140625,7821550
2020-01-28,403.1231743384949,412.72490938925785,403.1231743384949,409.2280578613281,10527640
2020-01-29,412.326655492581,431.6661579772212,409.4320633740849,429.23779296875,45814130
2020-01-30,433.60881967428287,435.6486520674378,422.03522455283985,423.92449951171875,35777740
2020-01-31,424.47818093452054,429.344633638815,420.96191333192195,424.0799255371094,17369270
2020-02-03,412.84144570584243,425.14841195643453,412.84144570584243,423.4436950683594,10941810
2020-02-04,426.2217769472218,441.9624256804017,425.17270667732373,438.97552490234375,19583230
2020-02-05,438.5627258136976,440.9862293784498,434.9347626760332,439.84490966796875,12856310
2020-02-06,439.84489108300687,454.381080027468,439.534053256961,453.2640380859375,18464770
2020-02-07,453.0308816573457,455.26013364562436,449.35433369582495,452.0935363769531,9503260
2020-02-10,452.6472443855863,459.83519899012236,450.7045523495966,458.6452941894531,11608790
2020-02-11,460.12657389319884,464.7890224492327,460.0294333726304,461.326171875,11674290
2020-02-12,463.3320597570369,464.5171031081784,458.6696106356012,463.2057800292969,8829640
2020-02-13,462.94350496572133,466.30435379252015,459.9323264667749,465.7944030761719,6810390
2020-02-14,466.24607644804297,467.7030954369431,463.13775741447176,464.4733581542969,7311180
2020-02-17,464.47336313037846,466.051800385264,461.39421290099926,463.9779968261719,7164840
2020-02-18,463.27379160671114,463.5214895945797,456.6880665144662,462.16644287109375,7286110
2020-02-19,464.7890557815329,474.6967967275437,464.31310573267746,473.8274230957031,11720490
2020-02-20,472.8414725266108,478.23243034100045,471.4670097967398,474.0605163574219,16346430
2020-02-24,470.1314738168328,473.62832541847615,461.5059164138218,466.6297607421875,12633890
2020-02-25,471.09311729821644,471.09311729821644,464.69195030443905,468.7667541503906,9593090
2020-02-26,467.7030802070475,469.9128863396289,463.06490917204104,467.2174072265625,8513460
2020-02-27,467.7030973052168,467.7030973052168,457.7079387013598,462.3412780761719,11748700
2020-02-28,450.7045425363119,450.7045425363119,418.8200983326075,433.7885437011719,49414100
2020-03-02,446.81915272862096,448.5627318132226,418.22758605536035,423.5797119140625,22382160
2020-03-03,428.3745684795578,435.6715350683796,420.5908126083729,433.6416320800781,20235030
2020-03-04,434.80015858709396,437.79876725651883,411.3369110892206,417.314697265625,24729910
2020-03-05,419.6123707423057,425.21532026089153,416.0247360282891,421.627685546875,18332950
2020-03-06,401.6011465079927,412.6025720914656,392.9849705133876,411.419677734375,33122380
2020-03-09,396.2464546846393,401.84453113288663,384.09134121450097,392.04058837890625,35456270
2020-03-11,390.7943888145991,401.0072470875097,387.97101721625535,392.4154052734375,27936830
2020-03-12,375.80134657021597,376.7700525413814,353.22405604056036,363.5683288574219,52726190
2020-03-13,334.9110242997916,393.66649627835875,319.4360038003649,384.8117980957031,48499170
2020-03-16,373.2164499974109,373.2164499974109,350.48825880401677,357.5223693847656,31404670
2020-03-17,360.42845902304754,363.6023341840232,331.21139080407795,335.3831481933594,25585480
2020-03-18,339.778948010613,343.6732626009926,293.91367218382425,298.0465087890625,54435800
2020-03-19,272.60194122968255,297.2383345376142,241.9050166789474,267.3543395996094,83247130
2020-03-20,272.58740592239616,296.35733714380353,255.2382568413477,287.39068603515625,61101890
2020-03-23,258.65548022397195,262.86621951364856,216.62123645106223,220.6275177001953,48442350
2020-03-24,240.6686392673755,250.07827038152524,204.90422697156708,240.88282775878906,62572210
2020-03-25,238.52673250639066,262.8661950070428,233.65884000626025,251.72845458984375,62263550
2020-03-26,256.7618936777383,285.891348615711,249.72778238325975,271.9886474609375,50961240
2020-03-27,287.69245286823883,295.9678702942288,243.39463017617499,247.5128631591797,71706090
2020-03-30,232.6901496000013,235.0608110280439,216.71859443522933,218.2860565185547,76983550
2020-03-31,224.41960548743458,227.81740026679122,204.45151305994085,215.72555541992188,110431110
2020-04-01,212.2401225405872,222.64767955032684,207.63022754163873,216.07115173339844,64083010
2020-04-03,220.8854908010124,228.1775841252754,212.53704343142994,214.91744995117188,61726720
2020-04-07,218.56837255727166,222.56005033687208,202.65035819047046,219.38131713867188,111614780
2020-04-08,212.62954540590664,231.12753751037098,208.74983436240302,227.12612915039062,91093390
2020-04-09,232.78266800287,249.834883109231,230.4558155551677,248.4426727294922,71932460
2020-04-13,245.34180855579592,245.34180855579592,220.60804527456384,222.68663024902344,81831990
2020-04-15,228.30416116894864,230.5433947187038,211.11076107377403,212.4786376953125,93336280
2020-04-16,208.83259108259873,219.0551654712574,206.59335753110003,216.13442993164062,72467400
2020-04-17,229.27775064766308,231.31252627064998,217.61428367025854,224.71653747558594,101915460
2020-04-20,226.35701967436856,228.352858732946,220.51554819890097,224.7262725830078,54031770
2020-04-21,215.16086778196984,215.16086778196984,202.9911354413607,204.4271697998047,73839850
2020-04-22,200.55231661359608,211.26655373540774,196.89166646832743,209.14901733398438,90627230
2020-04-23,210.2929805565186,216.04683372876357,205.61980023969204,211.5050811767578,71440060
2020-04-24,205.7658289532701,205.7658289532701,191.79984370476268,192.40345764160156,104944510
2020-04-27,194.71570600108123,202.9911235061272,186.50357347738634,199.0043182373047,144952470
2020-04-28,202.60170249553653,218.48076629251406,198.1232352166911,216.92303466796875,147563440
2020-04-29,214.19215684534436,231.2249090781637,214.19215684534436,223.57745361328125,150601540
2020-04-30,230.25621569812085,235.5038038525051,223.06147030863107,225.6852569580078,88833050
2020-05-04,214.18728209459783,214.4014705651428,197.49527360996748,202.4702606201172,73127450
2020-05-05,207.37224975445037,207.85903907312277,194.42365090663782,194.94451904296875,115212090
2020-05-06,195.6893033081417,207.55722910457618,190.07662313832992,205.05999755859375,131496960
2020-05-07,204.3492861789308,211.25195494744747,199.42298079710505,200.61073303222656,77702040
2020-05-08,207.37221390363206,207.37221390363206,196.176061509774,197.06687927246094,69663750
2020-05-11,201.53077912849415,203.74080680798238,194.25814547584147,196.18096923828125,76549900
2020-05-12,193.71292789155964,202.50434112804305,192.4862242500608,201.50155639648438,103365270
2020-05-13,216.13443706219815,218.07672150632047,208.83259797225904,210.3951873779297,94411850
2020-05-14,210.19559759018688,219.92652504869258,204.13993797667044,205.61978149414062,143075310
2020-05-15,206.39377281753073,208.01478936638787,200.16774890159448,203.13229370117188,80267260
2020-05-18,203.4779247763583,203.81381057747782,187.5112418844847,188.73794555664062,108205710
2020-05-19,190.8214127964008,195.06134359972373,187.14128673806354,191.30332946777344,94135140
2020-05-20,191.79497858256994,200.55718572593608,188.387453582372,198.88262939453125,163185080
2020-05-21,200.45980663885052,202.265805447278,192.2330713083235,193.7615966796875,98795420
2020-05-22,192.2817768933643,195.39722549721924,181.59674562754404,184.52235412597656,161950940
2020-05-26,186.73237860197986,188.2657619270925,177.34220883781737,178.06752014160156,98692950
2020-05-27,178.16489191825931,189.45841013511182,173.58907526088382,188.5286407470703,173352460
2020-05-28,190.2372151453527,193.0606014443692,187.6085564126065,189.62387084960938,90517750
2020-05-29,186.34293564665353,192.76856026438517,184.1037167806119,190.20318603515625,103618470
2020-06-01,194.4285106469807,216.7575328353278,194.4285106469807,210.375732421875,189159830
2020-06-02,210.80408529870104,231.22490091087076,210.3757232241633,228.42098999023438,234424700
2020-06-03,235.31391775250992,243.08794257916466,233.46412456619336,234.81739807128906,187051760
2020-06-04,235.02186529508296,238.88211568832818,221.66436587392235,225.19358825683594,163153500
2020-06-05,228.2068141078992,234.53507490280526,221.48912782171254,232.7193603515625,158500390
2020-06-08,243.8814332629361,248.03861794160528,241.01423722620828,244.10049438476562,149925030
2020-06-09,246.80216339355567,246.80216339355567,235.1484269158711,237.90365600585938,123730770
2020-06-10,237.55315820876675,240.47389376051387,233.75620793374716,237.12965393066406,89614430
2020-06-11,234.63244102460723,239.40297019032428,225.87996412134703,227.71029663085938,100427670
2020-06-12,214.1872704276677,240.4738899801542,214.08990663522172,238.5413360595703,168024570
2020-06-15,235.60604225725473,236.57474829703094,226.94119788508775,228.9272918701172,120703460
2020-06-16,238.7214579446956,239.0524710869765,222.46269909977661,230.25132751464844,129143510
2020-06-17,228.49888067271357,236.09279626600375,227.0433855072669,233.26942443847656,96502790
2020-06-18,231.22491175279836,247.4544648287297,231.03019900876413,245.92108154296875,127382680
2020-06-19,249.43083228787938,264.28274786614975,249.23610469658158,262.7298889160156,186038260
2020-06-22,266.7605505262383,278.7939683980597,265.59224425986656,276.5255432128906,139393260
2020-06-23,282.33291111239436,302.7099033405757,275.81479549111737,294.5561828613281,161869530
2020-06-24,304.24333760139507,304.24333760139507,283.4087597847042,285.6918029785156,201088070
2020-06-25,280.2008146947135,296.5520822717885,277.567297345899,292.594482421875,159821300
2020-06-26,296.2112632511294,297.798200984715,279.6166043865061,282.67852783203125,125724990
2020-06-29,275.9121568275538,281.7974522715154,269.68126001141917,278.243896484375,116139990
2020-06-30,283.3113824527271,285.9059778311125,274.15974923671274,275.6201171875,97030570
2020-07-01,275.62009923373677,289.0262654526381,273.1861528076375,287.58538818359375,127048960
2020-07-02,290.12641572021073,293.63130453693515,284.77173355087797,288.593017578125,116197340
2020-07-03,290.12640284307446,291.0464416874904,284.3822954404466,285.404541015625,85435970
2020-07-06,289.152832024923,305.1827994336134,287.69246418641325,302.6661071777344,114375830
2020-07-07,306.6772572373351,332.92980047009405,304.27251692070615,326.33868408203125,228764010
2020-07-08,326.33863503351256,331.87342613392366,309.6076917802282,312.3288269042969,191261830
2020-07-09,314.95266384548614,329.0598076581955,311.0680949025684,324.20166015625,187577860
2020-07-10,318.8470006879496,330.52994422460733,318.55978191971826,322.6585693359375,161504130
2020-07-13,327.12237911445055,328.8748085466318,313.1223153973582,314.9136962890625,131364670
2020-07-14,313.47284625001976,313.47284625001976,303.9852978983331,310.6640625,124044220
2020-07-15,314.465876321847,321.0569925072142,303.9755732320002,306.6042175292969,109802620
2020-07-16,309.597996055607,313.0055211694266,302.03330099898153,312.0124816894531,99999250
2020-07-17,312.51872403560833,323.5201501000212,312.0319347458332,321.4075012207031,84256260
2020-07-20,325.6571380537468,336.2691378413335,322.8873060119579,335.0570373535156,105554950
2020-07-21,340.7525281081131,342.6510183635062,313.3608832338755,320.5458984375,259600480
2020-07-22,323.228034894924,325.17519173164044,310.9219894254737,316.7050476074219,170696590
2020-07-23,316.7050691192253,323.2280568497934,313.1077191996003,321.06671142578125,87180350
2020-07-24,315.9262407159686,320.30734420817777,313.492294331408,316.5931396484375,66376830
2020-07-27,317.67864402744743,319.33373931694666,306.89140761371834,308.736328125,70898670
2020-07-28,309.11123321219935,317.3866520541008,307.76768986994733,315.4005432128906,82116970
2020-07-29,315.9262139431677,324.1042671599998,315.4004732495032,319.74749755859375,80700220
2020-07-30,320.833094491986,323.61751497736225,312.0368084311212,313.3267822265625,65082780
2020-07-31,315.05003776170537,318.6522607190404,309.7196890375883,316.53961181640625,72353970
2020-08-03,315.8288837870572,315.8288837870572,308.52704447457313,309.0625305175781,44639200
2020-08-04,311.73986816629036,317.38661195459827,305.98114263943376,315.0110778808594,66791450
2020-08-05,316.997175459418,324.20165064255633,316.2134518731013,317.5959167480469,69853800
2020-08-06,320.50210272913085,328.9527582610383,316.89984984789106,325.6815185546875,81729060
2020-08-07,324.49370390621857,338.94647800469966,322.2544852287096,337.27679443359375,101512670
2020-08-10,340.168372673364,346.28731802348693,332.30187029350265,335.1982727050781,71292450
2020-08-11,337.0820846406743,340.22185143999434,331.4742631412717,336.6050109863281,55718180
2020-08-12,333.45067173934433,335.8846182483906,327.31713842105205,332.79351806640625,56625270
2020-08-13,335.88459346201944,338.0264781164257,331.11406459857875,332.9297790527344,46633590
2020-08-14,333.4506634602946,335.767785233178,321.8845451826731,324.3087463378906,55313350
2020-08-17,326.14877111483554,330.96799618446744,322.4881067433777,329.5368347167969,46705720
2020-08-18,330.9193867258898,334.71149469209104,327.76500131662215,332.95416259765625,47062980
2020-08-19,335.592537760389,337.3449672642711,331.1140704922622,331.98541259765625,41988490
2020-08-20,328.8748455988212,332.4284313270197,326.4457716983279,330.4131164550781,36774590
2020-08-21,333.9374783564069,334.91105701050725,329.0695850859054,329.9750061035156,26273800
2020-08-24,331.3087692921173,342.2128609567509,331.11894405507405,339.9784851074219,62055750
2020-08-25,343.1864477880013,356.3297585543503,341.7260799250737,354.6649475097656,98540590
2020-08-26,356.81656064279997,360.9056026901961,353.5063993103305,354.9229431152344,66650850
2020-08-27,356.03281144703453,357.14754817969146,350.1378005158671,353.65240478515625,46110620
2020-08-28,355.35619513592616,359.0557819953024,352.1482405205797,357.3812255859375,42513280
2020-08-31,361.68443377765146,365.07734078600487,337.34496986260086,339.5647277832031,85297660
2020-09-01,342.4075747177901,357.6927395367064,340.7719402362957,354.7574157714844,60651820
2020-09-02,354.6454072450051,358.27686551818454,347.90338844006885,357.1718444824219,42810110
2020-09-03,357.10865252946246,357.9605338854118,350.9751186511327,352.4062805175781,32213660
2020-09-04,344.7928090294854,355.3366804924227,342.772651532037,350.17669677734375,49146490
2020-09-07,351.1697387860791,353.31159342725937,338.571631984154,341.25384521484375,46651680
2020-09-08,342.6996595982143,348.04459648604904,338.3185559953962,340.75250244140625,44487030
2020-09-09,338.5132691033237,340.1147951001809,330.28164593702,333.2413330078125,45632470
2020-09-10,336.51741294241344,343.0355283312751,332.76912965977124,340.62591552734375,47622820
2020-09-11,339.77892544443097,346.3700417548494,336.5369218362109,345.0751953125,46083840
2020-09-14,346.3018790294886,348.0591810643665,332.96384189931143,334.9791564941406,45315090
2020-09-15,338.3185903508896,343.10861051600773,336.37143299635215,342.05712890625,38936370
2020-09-16,342.5000712452737,347.31439448447605,338.9659764357139,342.8456726074219,39077180
2020-09-17,339.6621145648697,342.40761341096805,336.4882387479788,338.0216369628906,27811560
2020-09-18,339.9152161619461,341.1224440100079,333.8400660394631,338.299072265625,37690870
2020-09-21,337.1307822110289,337.53969827874977,322.668262021504,324.2162780761719,36274190
2020-09-22,324.104277578348,326.51876296088653,313.2050591108689,321.5729675292969,42249680
2020-09-23,324.2016705853399,325.5646746695727,311.5646097865902,315.8143005371094,42443280
2020-09-24,310.66890624552315,311.0339981841434,292.74532244017456,294.88720703125,59637770
2020-09-25,299.86217540041713,308.34690838900985,294.8774582774322,305.6014099121094,62325930
2020-09-28,309.40322184491606,326.1487831949505,307.9185206397874,324.7030334472656,55886950
2020-09-29,326.9276414450785,328.2906750850236,316.851127953926,320.769775390625,46434460
2020-09-30,320.6870524328592,325.55007253004413,317.38660689120564,319.19744873046875,36035360
2020-10-01,323.7148995330087,336.8582112433715,322.74619353482467,335.18365478515625,53821060
2020-10-05,337.3449073065462,342.6022245950467,328.1202462510788,329.3518371582031,42071900
2020-10-06,334.9012840581004,338.8053436462248,330.15996115800226,338.2503967285156,47587570
2020-10-07,331.0166962392602,331.0166962392602,319.8497494453266,324.3135986328125,65710800
2020-10-08,326.53826242951016,329.848423787389,321.4756714443017,323.8560485839844,44618100
2020-10-09,323.705107732451,332.8129453459471,321.7676960144296,323.02362060546875,56840990
2020-10-12,326.1488044698456,329.01112769791445,321.7677011262208,323.9290466308594,32046520
2020-10-13,323.22322269679904,325.17525254446804,315.79481322169704,318.61334228515625,37776570
2020-10-14,318.1654489001288,329.2983169151262,314.7287179081332,328.2955322265625,53044470
2020-10-15,327.92076668351876,328.0960037090996,311.642530533596,312.981201171875,52680190
2020-10-16,315.0840792765816,318.30662165205734,308.6341218794537,314.5972900390625,50762360
2020-10-19,316.90959412593014,320.76495723957004,311.21415311250564,318.0876159667969,42066370
2020-10-20,316.89981166412036,320.25866947870446,314.15431307752635,317.5959167480469,32520900
2020-10-21,318.36012620307184,320.7940721220556,301.9407365412089,314.7432861328125,75364600
2020-10-22,307.65084565671555,325.66205022839034,306.6772670312196,322.6877746582031,70857690
2020-10-23,324.33797030409465,326.81083841294384,321.5729810941256,322.92626953125,32047770
2020-10-26,324.201615572108,324.201615572108,315.113269292564,320.68701171875,35462450
2020-10-27,323.81222649421494,337.34496218056296,319.1390317021877,336.2010192871094,60209460
2020-10-28,335.782377714201,339.7691832359702,325.944385059521,328.1738586425781,46491050
2020-10-29,327.8817926714316,334.13218022202864,324.5667587981417,329.0744323730469,37803490
2020-10-30,327.60433919803177,330.1405222472995,316.6905309799408,322.15716552734375,42876230
2020-11-02,323.7684014844676,335.6314535165393,318.8128903233787,332.94439697265625,42885510
2020-11-03,333.9374366020195,342.69964339332614,332.5598146595671,339.8567810058594,44460450
2020-11-04,337.73437885918935,347.5626550968485,337.05289172958504,346.735107421875,43711430
2020-11-05,351.4618155839646,365.0919136952541,349.2858820397438,363.8165283203125,63321410
2020-11-06,363.54400174208615,372.6177617530203,360.62326583643227,368.08575439453125,57440500
2020-11-09,370.93343433217274,377.6219143391638,368.601724358343,376.2881164550781,41498980
2020-11-10,379.59339920622983,413.18185928299096,378.02107935081926,409.73541259765625,114214480
2020-11-11,409.97391372780845,431.25145290460836,402.47247472073707,415.6011962890625,138966540
2020-11-12,414.7444434796444,421.07270376747937,408.90784509105026,418.4732360839844,55900380
2020-11-13,414.7444867620711,429.3481658734117,413.77090815464845,426.0428771972656,60884590
2020-11-14,428.3745804513251,431.78210552309696,422.53310889971607,425.9211730957031,7894790
2020-11-17,428.2479677733059,438.49487548928926,423.0198560097939,436.9420166015625,58515230
2020-11-18,435.67635625592806,455.43998690102404,434.6054140189695,453.0790710449219,75130190
2020-11-19,450.6598064259712,465.85735390858497,439.3322100579156,441.6687927246094,83510050
2020-11-20,445.1152506837396,463.63270394153255,439.5950472523045,459.1250305175781,87364100
2020-11-23,464.2995979498566,474.06458947903644,460.84827867749374,468.43243408203125,73250390
2020-11-24,470.72521454257287,473.35388843176077,464.3969541609251,468.35455322265625,42973850
2020-11-25,469.45956601909734,469.75162768548665,455.14795014086013,456.583984375,47633210
2020-11-26,453.2008519665948,472.5750607485857,451.7404840225564,469.3865966796875,62732080
2020-11-27,473.06181588278974,482.894965271086,465.8719584281259,477.9102478027344,123647070
2020-12-01,482.0382183196503,482.155042994611,469.77599500401834,473.2662658691406,40174270
2020-12-02,473.54859147270906,475.49574853444824,465.85732702109124,469.6445617675781,36549700
2020-12-03,473.6459689736333,476.0799153712367,468.9728037747385,473.8844909667969,28768440
2020-12-04,474.1327269106967,482.7002057794054,468.77804518993935,474.6535949707031,36793780
2020-12-07,474.1327291723512,479.48253827235294,468.77804742605156,470.18487548828125,31151240
2020-12-08,472.1856225820973,473.6459904869904,464.8837830576319,466.553466796875,29710760
2020-12-09,469.2648882139335,472.4630975008258,466.4609770741231,471.6160888671875,19659920
2020-12-10,472.18563626965835,473.15921490114215,465.8573751650134,466.8114929199219,19259630
2020-12-11,467.8045211452283,475.98257551019753,467.8045211452283,471.5868835449219,26700190
2020-12-14,472.91579178559346,478.484662411025,471.9908802568355,476.92205810546875,17863480
2020-12-15,476.0750330072705,501.3929476721686,474.0207965510278,498.7156066894531,59367960
2020-12-16,506.1635217823946,508.69480229273796,498.47222731843414,501.0619201660156,32691840
2020-12-17,500.4047828512728,516.303338040023,496.6808625301146,514.7017822265625,37331520
2020-12-18,511.1287062080743,514.5313582698868,502.85328905994356,511.3721008300781,32550430
2020-12-21,508.98683240838847,509.6391133708418,477.55971933942766,490.8636779785156,35515700
2020-12-22,493.6043568509202,498.95903922307025,469.88312344989924,487.8992004394531,54735210
2020-12-23,486.7892994840035,502.95068045786365,483.9026425034147,495.4444274902344,34314570
2020-12-24,500.3172062278306,508.10583522344444,497.10925158730697,504.790771484375,26255590
2020-12-28,504.7907190181743,510.622444864907,503.8268857877483,506.65997314453125,19326060
2020-12-29,508.69484991430664,510.83673485108255,503.09677261859895,506.3095703125,19695290
2020-12-30,506.30948305517916,520.6697658171449,503.72953570399625,519.3213500976562,38647000
2020-12-31,519.404243206508,523.0551633789999,513.2707092012274,515.5294189453125,28692120
2021-01-01,516.9896951797363,519.696212620461,511.1287333553886,514.0640869140625,14471870
2021-01-04,518.3332797504241,518.3332797504241,505.89091649537704,507.83807373046875,23336590
2021-01-05,508.0132689912644,508.6168829307228,492.87413461739663,498.3748474121094,39534000
2021-01-06,499.4457757120894,503.17947069065906,485.84488273670365,489.73919677734375,36079230
2021-01-07,493.1175308438654,499.5967245547609,488.86299737498626,494.6752624511719,30357500
2021-01-08,499.44580932170874,500.2976905754251,490.8783297402654,494.77264404296875,29984510
2021-01-11,497.30392477142925,497.5911435243241,482.7246093638075,485.2558898925781,29241640
2021-01-12,485.25586547589245,496.4276850163998,482.01873470010304,490.89776611328125,33359080
2021-01-13,493.21487853234555,493.9937294549328,469.87332784009885,477.3358154296875,32693730
2021-01-14,477.3358741309052,483.5570261177438,470.6279031185093,474.8483581542969,26808110
2021-01-15,474.81425143837527,479.6821439907012,471.4456484000598,475.456787109375,25449160
2021-01-18,474.1327617657412,475.1063403319953,456.21892208891796,459.51446533203125,37034130
2021-01-19,463.9199343605722,486.2976235529154,462.64454880950217,482.8122253417969,47674650
2021-01-20,483.6738213026105,489.963160251861,477.1508627156112,485.031982421875,33147070
2021-01-21,486.107793253274,508.69482912976036,485.81573155167547,498.3067321777344,70618090
2021-01-22,499.9325690442132,500.12729663233654,481.4929895345036,484.1167907714844,30847960
2021-01-25,491.5598503707899,502.65864094659776,476.0799559062739,477.9005432128906,36730600
2021-01-27,479.12726233904203,481.493051310857,468.3886910950759,471.6988525390625,28004930
2021-01-28,465.32671953469077,477.9297009069136,459.83087935446883,468.31561279296875,34773290
2021-01-29,475.7586729054836,481.9214124400959,458.27317965999333,460.9456481933594,42607950
2021-02-01,464.88377155674283,494.5779182216238,454.32043803042654,492.49444580078125,42907450
2021-02-02,496.5251001944248,519.6913870053855,496.0285655866266,503.6517028808594,43479930
2021-02-03,508.0717566401465,513.0759653261764,500.4194424623428,510.6517639160156,26507830
2021-02-04,507.62381701949647,539.6545117034294,506.8497793836691,535.9403076171875,53258880
2021-02-05,537.9995285740758,547.8327084162712,532.5475120008464,539.2213745117188,44379870
2021-02-08,539.5572697799845,551.5322746261088,533.0635171830635,535.2443237304688,28008090
2021-02-09,539.1190644350742,539.265124970969,524.0383438151831,525.7615966796875,22639040
2021-02-10,529.110749617154,535.6970233116782,525.2456709781798,533.1219482421875,26380120
2021-02-11,532.5475567245236,544.0357736688102,531.1602189411456,541.9961547851562,20289470
2021-02-12,542.2832946345267,546.9564601544128,538.5885803874867,543.0086059570312,16252680
2021-02-15,545.724788707902,564.5781859421505,545.2039503655129,562.7137451171875,31688260
2021-02-16,563.8382906759227,566.8368697989456,553.9954258846789,560.8056030273438,21268100
2021-02-17,557.8606130656943,564.5783300810472,552.0191406775718,555.4412841796875,23463950
2021-02-18,554.8424601592503,556.3757988948158,537.6295384598524,541.6358642578125,23175130
2021-02-19,541.3096874156637,547.3410138153231,528.1663766600676,535.2686157226562,27444560
2021-02-22,533.5209795048057,539.2358801336567,519.3797290436345,523.478515625,20005630
2021-02-23,527.6796028956583,535.920971917051,520.8645526737587,524.1455078125,21902450
2021-02-24,530.0161764002424,543.1497412846223,524.0773117036559,541.5919799804688,19087950
2021-02-25,545.3013511900156,547.146301655941,536.5732523000369,538.3840942382812,15845950
2021-02-26,528.6532624809704,530.9898752554236,508.30544278957797,512.5794677734375,37133260
2021-03-01,517.4570605942085,522.8019979589698,505.7741166108963,512.764404296875,20318810
2021-03-02,515.9965585278728,526.705921063357,512.3018450914337,517.58349609375,22086340
2021-03-03,522.2421197368734,542.6094259130846,519.9006942093486,539.6448364257812,22524130
2021-03-04,528.6531289875645,542.00578434906,525.829727549932,534.095458984375,22346980
2021-03-05,529.6267767778315,537.3910426132396,525.9369351479035,530.1038208007812,20757600
2021-03-08,532.4501394405885,534.8792131994959,517.0675506196856,518.007080078125,17210420
2021-03-09,522.9090505475668,530.1135560703326,519.404191301235,527.1976928710938,18114960
2021-03-10,529.626739431217,541.407016300293,529.626739431217,539.8541870117188,21912500
2021-03-12,545.2039401356097,552.0189893873048,537.512646496834,541.1002807617188,25080130
2021-03-15,542.385491856334,543.8069380173321,520.9180954161645,529.5343017578125,20870080
2021-03-16,534.3436957467645,536.1497243812094,527.6795790325302,531.1795654296875,15613050
2021-03-17,531.5738794392208,531.6128011884653,520.3241866121937,521.818603515625,11347580
2021-03-18,527.9716047367476,539.8492742328665,516.483390406737,522.9917602539062,23390580
2021-03-19,517.5543464577675,533.423724760826,505.29215283421485,530.916748046875,32203100
2021-03-22,530.2595842334337,535.1761440561645,519.5988871619558,524.695556640625,19384610
2021-03-23,526.7060174799203,530.1135425467959,520.8645459367049,523.66845703125,18490380
2021-03-24,523.2011067744053,523.2011067744053,512.102288166803,513.1051025390625,17376430
2021-03-25,514.0495001794521,515.9966573771015,496.83176503613777,498.6864013671875,23432710
2021-03-26,503.34020465834004,510.9341068866678,499.932679094889,504.6107177734375,23474600
2021-03-30,509.65378849821263,512.102352983484,501.3929881872515,505.6329040527344,18452800
2021-03-31,504.80046921996217,508.0911694143875,498.75939778607403,501.3783264160156,18459750
2021-04-01,507.23446105073566,514.8770294491894,502.5564229120549,513.2852783203125,21482340
2021-04-05,512.0050274895406,512.0050274895406,479.05910036263975,483.1383972167969,37396800
2021-04-06,491.65718774505103,492.57722664292004,482.1745417900073,486.1175231933594,20709060
2021-04-07,484.84212323869946,497.40128072973914,480.9478089958183,494.2955627441406,24027820
2021-04-08,496.5250633681916,497.9854312016274,488.2496456453884,489.6613464355469,14078790
2021-04-09,486.7892768888118,487.7628554425894,471.69880930525864,474.356689453125,29026460
2021-04-12,461.4762485501444,461.4762485501444,428.37457671321425,439.1813049316406,45000460
2021-04-13,441.52764132418014,464.87403718617867,439.47824767080687,460.3809814453125,31750190
2021-04-15,458.3705010161278,462.44979739531556,444.5456741358065,453.716796875,28971850
2021-04-16,453.784971444221,456.60834331779336,446.87255774598543,449.4622802734375,21426480
2021-04-19,433.2424832000375,438.4998017730216,424.6750032819346,436.124267578125,34265070
2021-04-20,444.24390138105286,457.4845762262451,443.48451126477585,449.1750793457031,33945970
2021-04-22,442.97822133032093,458.9449029261292,438.6701483150733,456.48175048828125,25635390
2021-04-23,449.90039631175404,463.4039565630823,448.8684053641055,454.447021484375,27295250
2021-04-26,456.6083433462878,470.1410793496934,456.6083433462878,461.1403503417969,29039890
2021-04-27,462.15776046565514,476.06530423439074,462.1139363569178,473.6508483886719,26449970
2021-04-28,478.51387908569666,516.9702335595217,478.51387908569666,514.1371459960938,85764540
2021-04-29,520.8645324067161,537.9021572985246,518.9173752762237,533.9932250976562,72584860
2021-04-30,520.8645706699202,537.8681477069526,518.6935093251393,530.7853393554688,41248880
2021-05-03,517.5835805971988,543.2568427677437,515.1447615223699,540.4480590820312,40335910
2021-05-04,546.1775461927681,559.8027727383746,541.3096536242051,546.7373657226562,48383470
2021-05-05,553.2846657203097,554.9397611028393,530.8339472357517,536.9431762695312,43786930
2021-05-06,542.0885058713087,547.1413807466877,532.873618493179,538.2720947265625,22231110
2021-05-07,544.2303834378287,546.4842200502545,531.3791353075663,534.8645629882812,18510330
2021-05-10,542.7700260261233,542.7700260261233,530.113505239864,535.2247924804688,19973390
2021-05-11,526.827772207113,531.3889860238645,524.7589174768009,528.13720703125,16172480
2021-05-12,527.0078810209427,529.6268100874305,518.8590320974805,521.6824340820312,15393360
2021-05-14,526.2192060339542,526.2192060339542,512.7838339346123,518.951416015625,15257620
2021-05-17,520.8645892016299,534.4946906012988,517.4619364988719,528.6629638671875,24115830
2021-05-18,535.5656399201152,555.4266699411874,535.5656399201152,553.8446044921875,31478830
2021-05-19,552.5009220192933,557.1692142539781,544.7171667231365,548.2415161132812,22509060
2021-05-20,547.9299874777057,550.8507230819819,539.8492975237118,544.1087036132812,14888270
2021-05-21,551.0455376951638,554.4530631049396,543.8702675146668,548.295166015625,18569660
2021-05-24,548.5142640823257,553.7715534158373,544.2304940275874,545.4863891601562,12150600
2021-05-25,549.0983753794974,550.9287080512312,543.4516309214476,547.019775390625,13155460
2021-05-26,549.0982874219022,564.1692639550851,543.8506849172285,561.8667602539062,29167460
2021-05-27,562.7235414102274,562.9377595955651,550.1692267215547,553.206787109375,21525900
2021-05-28,557.2763995878278,559.8076801114977,544.4348958184563,546.2506103515625,15263750
2021-05-31,547.1511315734707,551.5029990615758,541.309660417882,547.9251098632812,17958110
2021-06-01,549.4877360436489,566.4279665020786,547.6768348498806,563.1956787109375,28534510
2021-06-02,560.4405212864746,569.0566677650645,559.0823601813928,565.5177001953125,20131950
2021-06-03,568.5698415288916,575.8716802471564,562.7429884931199,574.557373046875,22303780
2021-06-04,575.8716440820606,585.1206392110201,574.4112764301196,583.5093383789062,24453670
2021-06-07,564.6755333778885,568.944684633529,553.2311132881267,557.8361206054688,28358050
2021-06-08,559.9049970870225,566.3306511332476,556.9015453081128,560.3333740234375,17890070
2021-06-09,564.1888251509798,564.1888251509798,547.8618922483139,552.4572143554688,15381120
2021-06-10,556.4001751210745,595.343319486504,552.7005882908633,592.5588989257812,52961200
2021-06-11,594.4038202791639,606.5395044064988,588.5477898078514,595.8301391601562,37027210
2021-06-14,590.9330009815629,608.3893183589959,581.7716520881206,603.0491943359375,26336010
2021-06-15,605.4684885695873,607.4934890508291,598.750773198838,599.8363037109375,15236610
2021-06-16,597.7772780723745,599.8120835524401,590.261279580986,592.091552734375,14816580
2021-06-17,576.3584836871377,595.3432648221025,576.3584836871377,589.0393676757812,18718570
2021-06-18,592.8995750807412,598.5560639211976,580.7444614852258,592.6221313476562,27096150
2021-06-21,584.1470655920381,597.2903745678589,582.8911707931196,595.4405517578125,12719620
2021-06-22,598.7508502042773,602.547830584338,584.1471709310022,585.7827758789062,15406110
2021-06-23,589.1124015261852,595.3433284878722,584.2445084069058,585.6659545898438,12382150
2021-06-24,586.7758533902298,594.6618165404112,585.2180919255173,588.3919677734375,10824210
2021-06-25,589.6965839385449,594.5644770543946,587.0874003591522,591.5269165039062,9619940
2021-06-28,593.8828713036352,595.6061242240979,585.6074542444861,587.7542114257812,8284810
2021-06-29,588.0414293626261,597.5484379249012,584.3515881433344,589.2486572265625,13100790
2021-06-30,589.015057167604,596.3168967192685,584.147164133161,585.6903076171875,12257940
2021-07-01,588.0414684932224,588.0414684932224,578.3056825910168,580.948974609375,11206010
2021-07-02,584.1471319914267,587.0678676513838,580.73960705481,583.9281005859375,8112980
2021-07-05,586.9705639120832,593.4886203717281,584.736158232481,591.22509765625,8631790
2021-07-06,589.5018175042501,617.5214369564935,589.3070899079364,603.8523559570312,34913930
2021-07-07,605.5658331122771,611.9914275081275,599.7632838016034,603.4823608398438,19479250
2021-07-08,602.6437844867871,606.6321813522115,592.9312515819763,596.578369140625,11305600
2021-07-09,593.184742332344,601.766065028797,591.0442772983755,598.36767578125,14475440
2021-07-12,602.1561829215508,604.4868098006273,595.1935854046162,599.6744384765625,9787400
2021-07-13,603.1313572916548,607.0319642911157,598.7431744172612,600.1376342773438,10021270
2021-07-14,599.718356577287,602.838854238796,596.792901179349,598.1483764648438,7765740
2021-07-15,598.1483150631083,602.3706790673431,595.0375787618857,597.7387084960938,8709900
2021-07-16,597.2804146239658,603.61890065671,594.5694643364487,597.3242797851562,9631210
2021-07-19,593.6723848002675,597.0854159902542,578.7525746448908,586.5927734375,12905320
2021-07-20,587.0414072666952,587.8166363137567,572.2190874054218,579.4205932617188,14018370
2021-07-22,578.2649493551684,608.8847360795342,577.4019305907536,604.1600952148438,34885910
2021-07-23,603.5213767992358,607.0318989132486,598.7431099321038,602.7315063476562,9537390
2021-07-26,599.7182529927526,604.4282520351042,597.7679497309875,600.9323120117188,7335020
2021-07-27,602.6437749617811,616.9785174349681,602.1561990920709,607.6609497070312,20685280
2021-07-28,610.2402911060659,612.7854828201492,600.4010416843234,610.64013671875,11491530
2021-07-29,613.3655618938732,627.0225667285019,610.8399522260794,624.1068725585938,14846640
2021-07-30,625.7402797567951,625.7402797567951,605.7837720022219,607.3342895507812,14068850
2021-08-02,611.4201387374753,612.7804944557183,601.6686213732413,604.642822265625,10124350
2021-08-03,606.056773230861,618.4412115545713,605.1791129054939,617.456298828125,10917100
2021-08-04,618.5386650361537,631.6495858019886,615.8082523845525,620.113525390625,16320910
2021-08-05,619.6113737625225,619.7576107969071,607.7145118911542,609.2991333007812,8665670
2021-08-06,612.8828622245791,614.2968441366012,605.6667156161107,606.9636840820312,7297890
2021-08-09,607.0319422556167,611.4152444506622,598.3579487095021,603.9260864257812,8811790
2021-08-10,607.0319794794626,609.3186818212125,598.9431121771325,601.6784057617188,7310090
2021-08-11,602.2634346302025,604.5891809865445,590.6494039271596,601.4541015625,7919290
2021-08-12,602.7412217901937,609.9476068964609,599.8401693871999,604.5452880859375,7946020
2021-08-13,605.5691514293997,607.4073217421302,597.8654298823861,600.3569946289062,6679320
2021-08-16,599.6208079275075,623.6095160917212,595.2179836897293,621.868896484375,14233350
2021-08-17,625.0673896893367,627.6905502711137,614.8331768597913,625.08203125,16027760
2021-08-18,627.4126767882025,647.5007795760677,624.6870847196193,638.1490478515625,21537300
2021-08-20,631.1133747846028,656.5404698105154,629.5238725930449,649.558349609375,21647320
2021-08-23,657.2522989650726,665.0047675108761,653.0591582195971,658.4419555664062,17383400
2021-08-24,660.6653377136943,687.3845205666538,656.0772318766311,680.6657104492188,26229900
2021-08-25,683.0937668023657,687.8720339464421,674.902468703531,677.2379760742188,15096670
2021-08-26,672.8547198732939,681.9480220129708,668.4665369175985,675.9703369140625,12345880
2021-08-27,677.7304564355051,684.9807072110195,670.124284799361,679.3491821289062,9359060
2021-08-30,682.211220453352,701.8166857240071,680.6558820710982,698.7449340820312,15043820
2021-08-31,698.2085792172559,740.9982382469692,695.2831242764015,733.7528686523438,29464380
2021-09-01,733.8017070135639,748.3802378805316,729.7402213176983,733.275146484375,22277890
2021-09-02,731.3638846245886,739.7892108599149,726.0054299913895,731.2127075195312,11833780
2021-09-03,731.3638096437231,736.7271442477771,727.6338423108323,733.6456909179688,8802470
2021-09-06,736.2395600274637,742.5780463058459,729.9108347893991,731.9830322265625,8970710
2021-09-07,734.182009945783,737.8241874208138,722.3143703821605,727.1998901367188,8360130
2021-09-08,727.1706792250627,732.7290561599249,722.6898259389036,727.7752685546875,8592560
2021-09-09,724.5376869797938,727.4631419743286,719.661928655569,724.60107421875,7004360
2021-09-13,724.6011715308107,730.876270956076,716.9316121797686,726.0541381835938,8025650
2021-09-14,729.4135487176162,734.2893077331083,722.392443831599,723.32373046875,7192580
2021-09-15,726.0004298059255,729.4134607049459,719.6619438506017,722.9920654296875,6572830
2021-09-16,726.000499299926,726.000499299926,714.8349995292142,722.7337646484375,5771290
2021-09-17,726.0492020410773,748.9116412844843,717.7116667293823,724.4207153320312,34749690
2021-09-20,717.7117093977141,739.2625399078105,713.8842505685609,725.7518310546875,10838060
2021-09-21,729.5255580328603,765.2112631698955,721.7097033709839,761.9688720703125,19931330
2021-09-22,765.4941352243961,769.8823181651729,757.7904124765051,759.9991455078125,15005410
2021-09-23,766.8202660968645,780.0238580271258,761.0717873761631,770.2772216796875,21091470
2021-09-24,775.2310634260803,775.2310634260803,753.3681760587814,759.974853515625,11293460
2021-09-27,765.3966609056462,766.4693040632035,754.7723631475391,760.1746826171875,6507740
2021-09-28,762.0810992898017,763.05625104833,724.0550612274772,735.5862426757812,15723010
2021-09-29,734.1917300460124,744.6112234564243,727.0877166652297,732.865478515625,9458790
2021-09-30,735.7519879746072,750.8668399475779,730.4764432483274,747.756103515625,14907070
2021-10-01,743.0656637734787,744.9379385445667,728.9259628224087,733.5823364257812,9377400
2021-10-04,739.9451390809783,757.5954215406824,737.229367634064,750.3841552734375,10901980
2021-10-05,749.2090641938004,757.2053203041976,744.4405579373131,753.2266845703125,7732430
2021-10-06,761.5934909459043,768.4780596869016,749.4040944839019,754.2944946289062,17646310
2021-10-07,765.0943152458248,768.907132288165,754.5723900805436,755.5377807617188,9405500
2021-10-08,755.7425735110475,763.4462958097362,752.0370089252814,754.0067749023438,7565710
2021-10-11,758.0732260097014,770.798944322506,755.9376413167636,762.285888671875,9086480
2021-10-12,761.5934786336361,772.8077231973836,755.7425684264634,766.0548095703125,10994490
2021-10-13,771.1402726740599,781.0965940068653,766.5960914613798,773.2271118164062,10524380
2021-10-14,777.0984808627802,777.0984808627802,761.8226900669705,766.7520751953125,11348490
2021-10-18,784.9971796978284,784.9971796978284,760.696414104548,767.010498046875,8550980
2021-10-19,769.394701164481,771.8032973254644,748.0388548532612,754.6991577148438,12449890
2021-10-20,754.8649590931304,763.8899934589859,738.6774635669346,756.8494262695312,11028990
2021-10-21,763.5438262298537,763.5438262298537,749.4041257441157,754.504150390625,6394610
2021-10-22,756.3277247298352,773.7829660447522,747.4538670110934,751.861572265625,15173760
2021-10-25,755.7426439769702,764.2996248178038,716.7853177159972,745.6644287109375,11697290
2021-10-26,750.3792295786312,769.8773829658484,746.0982993515572,766.0450439453125,16605750
2021-10-27,767.4444663426261,772.3153448205092,727.5607339285847,729.6232299804688,31122330
2021-10-28,735.2643633541956,740.7251889297836,717.0680592768479,729.827880859375,15723020
2021-10-29,729.4135280599065,736.2103073661106,713.1333620260237,721.6318359375,9483340
2021-11-01,724.5377557747516,731.3833401578833,704.0595688686011,722.97265625,10373140
2021-11-02,728.1165113046692,736.7271175770138,721.6366686584137,727.0097045898438,6871160
2021-11-03,729.9986282667344,735.1474584425704,726.585596898501,732.948486328125,6687040
2021-11-04,737.3121625733863,738.0923315334131,732.8264886459086,733.8114013671875,940330
2021-11-08,735.6447922841941,752.1492248556847,729.9986251813127,748.29736328125,9003010
2021-11-09,750.8668740076502,756.1717020956667,736.2395972412673,738.9212646484375,8002470
2021-11-10,735.7519495311658,742.0904355112222,731.851342774208,739.306396484375,4649890
2021-11-11,738.2093755049284,741.2079194347224,722.5874258752956,726.7513427734375,6344000
2021-11-12,731.3638460001561,741.1397665491083,726.7806206615134,739.0772705078125,4971280
2021-11-15,739.0675753815883,743.7921572987373,730.3887005265262,734.7037353515625,4025180
2021-11-16,733.8016871607582,745.9910839574485,731.436956085908,736.79541015625,5980490
2021-11-17,734.0942183239796,750.0867306751439,733.4360028028684,741.861328125,6455740
2021-11-18,743.0656078905735,750.6425557728699,725.5128769955205,729.8961791992188,7725390
2021-11-22,730.5837088079529,732.7778002628842,681.6359591856045,688.2913818359375,19352430
2021-11-23,682.6062800417533,699.9639706876776,675.204851474284,693.7522583007812,11875890
2021-11-24,698.2086973292941,713.7916042377208,689.0422464899001,699.8956909179688,10993800
2021-11-25,697.2334465761667,702.5967807805987,691.0704808572133,694.8735961914062,6154860
2021-11-26,684.6539793995304,687.2771398327241,660.6652715748542,663.7906494140625,16890820
2021-11-29,659.8851752723442,680.6558948297746,651.2355843502454,673.4154052734375,14918150
2021-11-30,673.8298377553821,702.0897155229826,667.9057791593967,682.3380126953125,21955390
2021-12-01,685.7461324864989,693.108575249315,677.8279056451123,686.3800048828125,11367680
2021-12-02,691.3825911972181,703.0844122047874,684.7905558399877,700.2077026367188,8477040
2021-12-03,698.2087066089612,705.4053318380063,687.9696124477962,689.3591918945312,8164110
2021-12-06,689.3590943323665,691.9579116697208,676.5699894821156,677.9010620117188,8582530
2021-12-07,687.2869408118438,699.183804053704,678.5105750705839,692.6649169921875,10796080
2021-12-08,694.3080330603838,720.2812089605455,694.3080330603838,717.8579711914062,14026910
2021-12-09,721.6122245202453,728.2530049083997,715.4687809989823,725.5421142578125,10769500
2021-12-10,719.0769548033336,728.1458545598667,717.7117184879236,726.7318725585938,6791450
2021-12-13,728.4383081371753,729.1209262198597,702.0117213013265,703.9376220703125,12985990
2021-12-14,700.1589254896724,700.1589254896724,686.0192257409255,689.032470703125,12764810
2021-12-15,689.6760082021412,689.6760082021412,666.1260719195327,667.710693359375,18175280
2021-12-16,677.2428986178269,688.7935426682626,676.0629435592913,685.4195556640625,17683180
2021-12-17,682.6061784974337,685.0440577063531,669.4416307692688,672.9619140625,16805110
2021-12-20,667.9789704869389,669.4270565983622,633.1270553307768,646.9302978515625,22263190
2021-12-21,655.8041367814227,658.2273743863822,637.7491894054724,641.410888671875,13755910
2021-12-22,647.0132366931334,662.2012382901286,645.921071409257,660.2947998046875,12678980
2021-12-23,667.0038035856934,681.9723592885704,666.8331639314665,674.5856323242188,13393990
2021-12-24,681.1337569536081,681.4311711041365,658.968576051063,668.1740112304688,9807740
2021-12-27,658.3249164639178,673.7128395039787,648.8708727123537,671.9526977539062,9123600
2021-12-28,680.6559951501677,680.6559951501677,669.1248125549818,673.5032348632812,8624640
2021-12-29,671.3822036875584,677.7255704396796,668.2763478146209,673.99072265625,5323790
2021-12-30,672.8448795103196,677.2379424684356,668.6517393062521,670.0364379882812,6589920
2021-12-31,671.0994133527423,682.5087001721045,670.4704214588963,680.392578125,7699070
2022-01-03,680.1683949223716,706.3951221854198,680.1683949223716,704.0206298828125,12697250
2022-01-04,706.9849347144917,719.1743301406036,705.5709529413563,716.0538330078125,9591730
2022-01-05,728.4285252084233,750.0037555742006,723.074952145711,748.0193481445312,25832620
2022-01-06,733.8017451804618,758.6047293627302,733.4116606447092,755.572021484375,15359860
2022-01-07,757.1030023417596,759.1556778389872,739.6526417994501,746.9028930664062,11659510
2022-01-10,749.5016014441642,756.6202567409318,747.9169798711304,753.9190673828125,6390600
2022-01-11,754.6699703198371,756.7128846866448,738.2873731489789,747.9267578125,10379120
2022-01-12,753.4021923312238,767.346909491462,750.0671901261137,758.1317138671875,14584040
2022-01-13,763.3487569931464,765.4502375254741,758.0829733991553,761.4326171875,6163740
2022-01-14,758.1804009280972,765.113714811622,753.6459219897315,763.7582397460938,5696350
2022-01-17,762.5199307188522,771.3450422441064,760.7695499746525,765.7476806640625,6797740
2022-01-18,770.3649945642455,774.7580579171911,752.4319397699194,755.1575317382812,11300240
2022-01-19,765.4940838588136,784.509541992886,728.7308528958996,738.3653564453125,50003170
2022-01-20,742.0904709536617,745.9910778969136,721.7097758677554,734.3136596679688,29103830
2022-01-21,721.8559901199819,731.2662271049128,712.431171094766,719.0524291992188,13704500
2022-01-24,716.7364749904001,716.7364749904001,664.8291708203598,675.9507446289062,25025820
2022-01-25,672.8546362791128,682.2160682808003,658.441866370789,679.0712280273438,25259340
2022-01-27,665.4045740987304,673.0838945945355,654.1415826085916,666.7113037109375,17610280
2022-01-28,678.807938222481,687.0528623063855,667.4913220709923,669.6610107421875,14675220
2022-01-31,680.6461481286942,690.0076404702216,675.7899115476043,682.630615234375,12512490
2022-02-01,690.0075916846115,693.8984372985626,671.4894116013116,684.0299072265625,13834490
2022-02-02,692.3577805771191,709.9105130424545,691.8702046753042,706.7363891601562,13398210
2022-02-03,707.2775725422132,710.5979929145575,692.3577622454216,693.3963012695312,8398560
2022-02-04,691.3825485536167,700.9780673761414,687.9695176369205,698.0526123046875,8232080
2022-02-07,698.6961808773947,698.6961808773947,671.0018492724677,675.838623046875,11830120
2022-02-08,682.606208958075,696.9409512499021,674.288136157159,687.9695434570312,16405420
2022-02-09,695.1417867885425,698.0038548150003,689.4322922964333,694.0496215820312,6491660
2022-02-10,695.7708390756009,706.0099334137842,688.9447761834787,695.9658813476562,12442000
2022-02-11,686.5068228438766,690.4025492716851,674.9073738863989,683.7373657226562,12764610
2022-02-14,664.0783618603898,675.7801832147579,657.6472644432848,661.7330932617188,11697660
2022-02-15,663.1031706523972,701.6216636535291,661.7330539147248,696.458251953125,13468200
2022-02-16,700.6464333470279,704.5421592761807,687.4818865826788,689.295654296875,10540410
2022-02-17,694.3080619716533,695.0881714858908,680.8509794157985,690.6463623046875,9036160
2022-02-18,684.5564691308891,693.9179013115902,683.5813174654605,685.5413818359375,7625170
2022-02-21,682.6062329757359,690.4952369135704,673.9273584919141,683.2254638671875,8166640
2022-02-22,663.1031715107583,686.131369921949,662.0305284230825,683.7130126953125,12587320
2022-02-23,688.4570320152219,694.0495121763939,685.2829087846042,686.950439453125,7952280
2022-02-24,663.1031805173742,672.8742199585773,642.8639014740704,646.3110961914062,19300400
2022-02-25,663.1032401773763,681.6262443087887,659.1051415072537,679.622314453125,14132810
2022-02-28,668.9541147195641,685.0441189365798,663.7467780757174,682.8305053710938,15808910
2022-03-02,674.6098940073371,676.3993186970138,659.397552200104,666.1797485351562,16080090
2022-03-03,674.80498606385,677.1745975865608,655.7895276415306,658.0665283203125,13339990
2022-03-04,652.2205148708539,653.1566224478119,633.8486299320509,637.54443359375,19965090
2022-03-07,619.2213712731186,621.1716748046874,594.8425771285076,597.2804565429688,28435880
2022-03-08,597.5729423460508,606.2859202953055,576.5974200197035,600.8738403320312,28857830
2022-03-09,606.4956639562623,636.2865390534473,596.9732925011505,631.1669921875,22801310
2022-03-10,662.518016633239,662.518016633239,633.9460273201566,642.1275634765625,20915610
2022-03-11,638.7243946786699,651.8889432712837,632.8783647132849,646.33056640625,12647710
2022-03-14,643.6976834126415,652.2790669213351,633.8486739782429,649.9825439453125,12668460
2022-03-15,651.1283232663432,658.2274568513586,644.0877559264035,650.08984375,14792700
2022-03-16,661.1528995535991,672.7962140592226,657.578989745961,667.0623168945312,16335960
2022-03-17,677.506238401279,688.1548794434729,675.7899617020303,682.0601806640625,16706780
2022-03-21,682.6061881072234,684.4345975396534,667.9789126477829,669.9682006835938,9620190
2022-03-22,669.9292231424744,683.5813470493079,659.8851724575827,681.2214965820312,12737960
2022-03-23,687.4819847474841,692.7478280125403,679.6807707361652,683.0742797851562,11767500
2022-03-24,679.5833311888201,686.0729356396985,671.026350110242,682.3673706054688,7837160
2022-03-25,688.359752147356,689.1837269365022,676.7554206940301,680.0221557617188,7023730
2022-03-28,681.631049575568,686.0192322981575,669.929228981996,682.7427368164062,9369730
2022-03-29,686.5068686931921,688.4571722974341,681.094788095129,686.4434814453125,7159500
2022-03-30,692.3577286271326,709.369257707245,692.2602372615017,707.1654052734375,12722540
2022-03-31,710.6856128453276,726.0003858020151,706.0731646987211,707.9552001953125,16330110
2022-04-01,705.029829955188,726.3905574631785,704.0888418531925,722.4021606445312,8715130
2022-04-04,726.3904801795783,740.2278843268937,724.5376682568382,730.4519653320312,10497590
2022-04-05,725.0253218524612,729.4086241813975,714.7862285377996,720.4859619140625,10720820
2022-04-06,716.7365010409776,724.0501388067019,711.8607425304947,716.4390869140625,7670310
2022-04-07,712.8359327958591,717.3216070607565,708.9353257764564,710.9051513671875,7182660
2022-04-08,714.6204971722774,724.0501982403985,707.9601938350562,718.3552856445312,8819730
2022-04-11,716.2538460468616,720.0520811863629,711.3732067415247,715.4346923828125,5975080
2022-04-12,711.855890022115,711.855890022115,704.0595566185492,709.3741455078125,8055980
2022-04-13,713.1285388867842,719.6620682119295,710.1104724677242,714.6351318359375,6723170
2022-04-18,708.4964679956971,719.1743911992442,705.1906893910237,708.1015625,7582220
2022-04-19,711.8607930505067,725.8347345984566,697.3310078506896,707.9163208007812,11911100
2022-04-20,709.4180005076323,711.3439013600519,678.7056016430413,685.7754516601562,15581810
2022-04-21,692.2602419781085,700.841565360923,687.218664643929,696.0730590820312,8753430
2022-04-22,690.407402483019,702.7918409566901,689.5687863068246,693.406005859375,8079870
2022-04-25,682.6062565414259,689.915014483911,677.73049756613,683.142578125,6849530
2022-04-26,695.3806126161579,708.2477456840711,692.0651327420298,706.0634155273438,10124190
2022-04-27,692.3577565177061,692.3577565177061,652.2644010276789,654.7266235351562,39843570
2022-04-28,658.0323812324921,663.5907580456194,641.6498439294895,656.0479736328125,24990940
2022-04-29,663.1031983399257,665.4045422144205,648.5734132747672,650.6017456054688,13375170
2022-05-02,638.724315336629,648.4611900424657,636.3351819480757,646.1500854492188,12387410
2022-05-04,646.5157800046829,650.2116428334327,613.3703850931247,618.2217407226562,16491150
2022-05-05,624.0970812495169,633.5999297017474,613.3704126655408,615.26708984375,14860280
2022-05-06,604.6914793644264,605.086444328716,582.6530771571898,585.1202392578125,30648650
2022-05-09,581.2879057410337,598.2799717628109,568.7621106980375,588.6942138671875,19356480
2022-05-10,585.091008375019,596.1150909822608,575.3394915687687,578.11376953125,11779330
2022-05-11,580.8979060489681,584.7594688649682,559.4445676719399,566.2706298828125,18613390
2022-05-12,560.7121309849701,562.1504556874777,536.9087082733945,545.4412841796875,24940440
2022-05-13,555.8364823301525,560.6147495821601,536.3334478624279,537.8693237304688,21053150
2022-05-16,543.6470991217507,557.0018094432979,535.1632670165015,550.5121459960938,14149550
2022-05-17,551.9358010471117,570.3661899424925,551.1556916772528,569.2252197265625,14017700
2022-05-18,574.3594249987599,580.8685501737208,564.6127892956313,567.0701904296875,16550940
2022-05-19,551.058279043096,560.2247301143519,547.157671696782,556.5191650390625,10650250
2022-05-20,569.4886433420047,569.6788050826059,557.006712377943,562.6235961914062,10986100
2022-05-23,568.0258762084044,575.9489839237577,562.7795551997091,565.0029296875,9680210
2022-05-24,563.9301909833483,568.80594926527,558.274323280026,565.470947265625,10840690
2022-05-25,569.3910969888549,573.1649292768876,565.7635017435578,568.2598876953125,8675980
2022-05-26,570.463751447248,572.9454958887811,551.2922949799294,567.3237915039062,12595460
2022-05-27,575.3395687262914,592.5997676917888,571.5413333749526,584.4572143554688,16258050
2022-05-30,593.6723941370864,597.4755099017287,589.0989298898346,595.9347534179688,8174840
2022-05-31,595.8177613736885,601.5906434766342,586.6952351534181,593.1019897460938,15489660
2022-06-01,590.941989005822,597.7680515850973,582.8725840779049,586.0808715820312,8876200
2022-06-02,585.773630530914,592.8922259453001,580.137225208787,590.7322387695312,7508090
2022-06-03,597.2804034950074,601.473543811755,586.4562436635731,587.8409423828125,10434650
2022-06-06,585.8906916686109,589.9668189115934,576.4121855457125,587.1388549804688,7376570
2022-06-07,583.1407384396488,584.1110096560042,568.8693832526955,573.252685546875,8969820
2022-06-08,575.3395158128342,590.356876134686,565.8073839256388,580.6345825195312,13341460
2022-06-09,575.82711204588,578.4209895292585,570.9513532647971,575.1981201171875,12376740
2022-06-10,568.0258758908387,569.0010276091062,551.194747710575,552.667236328125,21518910
2022-06-13,538.7762046648428,541.5992879341217,519.2682897865885,522.5106811523438,19327850
2022-06-14,521.4136020764989,532.5302952375872,515.2896211113336,524.2171630859375,18845410
2022-06-15,528.337196735611,536.3236918050865,526.2064925809577,534.8658447265625,16599430
2022-06-16,542.6719378635582,547.5428159944893,512.4275926665515,515.2604370117188,21796860
2022-06-17,509.0292327480567,533.8956033133353,509.0292327480567,528.4884033203125,19379390
2022-06-20,529.3122685091346,537.308523410971,521.9011402694985,533.4517822265625,11194560
2022-06-21,538.7713118200755,542.5744272403376,531.9452499508619,541.1262817382812,10023590
2022-06-22,539.4051890234362,539.4051890234362,527.0694961570272,530.4435424804688,8983460
2022-06-23,531.028614266632,535.8458661079251,521.0235481717509,531.2772827148438,11018570
2022-06-24,537.308553059158,547.7085238618437,531.9452190449559,544.890380859375,13049330
2022-06-27,555.8364971454822,558.2743765189274,544.8904425661295,550.1026000976562,10490080
2022-06-28,546.767524027004,547.9377178721192,538.7712688570037,543.7689208984375,7395000
2022-06-29,534.870775434746,541.5993468273955,532.4328958748793,537.5817260742188,7559820
2022-06-30,539.539086316308,541.7313701288626,526.2482910336289,528.5482177734375,11982750
2022-07-01,524.9759799519196,551.396045892303,522.1426174496378,549.482666015625,12218900
2022-07-04,549.3358260755626,552.8640887029217,542.2989537185742,551.038818359375,7898180
2022-07-05,553.945518701269,563.2431908349475,550.6619914998655,554.0531616210938,12284530
2022-07-06,555.9029193656519,581.2366385496649,552.565570728322,579.0687866210938,22229520
2022-07-07,580.859886581899,585.9393545338368,569.2133038835432,573.588134765625,13352470
2022-07-08,580.1747320813887,580.1747320813887,567.7452004832571,574.8114624023438,8032820
2022-07-11,572.540972118238,577.821091309723,568.9980737875409,573.66650390625,7613370
2022-07-12,572.5213458181329,583.2626411555851,566.0815266420386,574.8457641601562,9754460
2022-07-13,580.3656415455632,585.1662056280949,574.1655401591437,575.369384765625,8869340
2022-07-14,579.8811482252403,580.0720023536459,567.1286278031637,570.6666870117188,6929200
2022-07-15,573.030250589591,580.1992575589624,568.9049937232697,578.9220581054688,5698590
2022-07-18,584.2755110058437,593.8863753273484,580.5026325319312,593.0740356445312,9664320
2022-07-19,591.1361994805629,596.8273558434488,587.4220409133387,593.6759033203125,9785600
2022-07-20,601.8041321617709,601.8628519166055,591.3369027819243,594.5029907226562,8270920
2022-07-21,594.9532207429742,614.933408999213,590.7447525789681,613.343017578125,13254930
2022-07-22,613.7442697175434,619.0292867315674,608.5278287770789,612.4964599609375,9532950
2022-07-25,610.7102894371935,619.9101157683294,605.3274263091413,609.43798828125,7240230
2022-07-26,616.5824901899174,624.7742242093346,608.0188444928352,613.1032104492188,15304060
2022-07-27,614.5272705920288,629.2469334165883,606.3061464076536,626.0123291015625,14449890
2022-07-28,638.309648879884,695.8524336006047,638.309648879884,692.5884399414062,64857820
2022-07-29,702.2189864799136,710.5379570514526,697.3254743790083,705.5563354492188,26067620
2022-08-01,709.6619990936387,715.431468974453,703.8827923662392,710.6358032226562,12270770
2022-08-02,704.8076691512073,719.9334719524664,702.9236192157704,718.5535278320312,12491240
2022-08-03,716.9973391221758,721.9300373440043,706.4273653736548,714.0955200195312,12186210
2022-08-04,718.2648223790543,722.7717278497554,705.1550845169245,716.082275390625,9494810
2022-08-05,718.3626082812351,721.102962844268,712.1086860878365,714.9126586914062,7580780
2022-08-08,714.4527293826987,724.0440006520189,710.9294247483369,718.5828247070312,9574820
2022-08-10,721.2058273305755,721.2058273305755,695.3680599017704,699.7135009765625,19065230
2022-08-11,708.9720641483918,716.8995299368679,706.3637839420169,716.3074340820312,10270510
2022-08-12,714.6485724470837,718.6612287749055,711.7173632589123,715.372802734375,10369410
2022-08-16,718.2695971966842,722.6737572728005,711.7220768274485,713.0922241210938,8044640
2022-08-17,714.4527841739821,747.5329148366302,714.0612793022499,736.6791381835938,23444140
2022-08-18,733.0481530757537,742.7177382983507,729.3682222156226,732.8768920898438,8353540
2022-08-19,735.0054663066153,737.8143372778617,711.6144562011592,714.6190795898438,11004270
2022-08-22,710.6357931272671,712.4757584294315,693.7874646591322,695.093994140625,10608620
2022-08-23,693.4106145804896,709.5592033463018,689.9851563574384,705.4193115234375,10886030
2022-08-24,701.2402490153404,708.2281982826726,698.793493087164,702.4049072265625,9530960
2022-08-25,705.9185067257215,708.4827022747882,687.5482432766846,689.706298828125,13542960
2022-08-26,696.8360373690263,698.9402712074279,687.6068818513152,691.1693725585938,7591390
2022-08-29,673.4451544350177,686.608714774057,671.522037508305,681.6026611328125,9967350
2022-08-30,685.0916331399701,717.8781612973829,685.0916331399701,715.0643920898438,17313810
2022-09-01,707.4647531676422,717.7656191030512,698.989217258493,702.8355102539062,14625790
2022-09-02,706.3392678819539,715.7249896127089,702.0671821077249,703.72119140625,9063700
2022-09-05,703.755487875431,709.9506903174016,700.5551121579949,704.2937622070312,7070250
2022-09-06,707.4795290977811,710.0486230128863,695.3680863551423,696.7725219726562,7919050
2022-09-07,692.7254727699319,705.4437043204384,691.9425228806242,701.3870239257812,7919940
2022-09-08,706.6230936947426,712.4414863089771,702.2189331384734,710.3079223632812,7722510
2022-09-09,714.4527052566185,716.8016147570416,701.2402237210509,702.79638671875,6496070
2022-09-12,706.3148392055599,716.4003602700573,703.4765783512536,713.170654296875,8347160
2022-09-13,717.3888521932574,728.5460833383862,715.6663264284407,724.577392578125,13827000
2022-09-14,711.7270566950207,739.8989775941116,711.7270566950207,732.406982421875,14933880
2022-09-15,733.0431661406051,737.2417777419358,721.274246419021,722.89892578125,7174200
2022-09-16,722.7717439377876,732.0841118877466,704.1127797363613,711.9179077148438,11870360
2022-09-19,712.0059851680684,736.4197233328863,703.7799629482911,733.6450805664062,16481170
2022-09-20,740.8727911024857,755.0688736681583,740.3883382112272,747.2783813476562,16134500
2022-09-21,747.7286607899567,757.0263339280518,742.4485420346724,752.685791015625,12392620
2022-09-22,750.6646734733265,761.234646498261,743.8137572877812,755.51416015625,12810390
2022-09-23,755.0492714414521,756.6837473787502,731.5800081546605,734.7265625,14123310
2022-09-26,727.8608560810275,730.1118592496279,697.7168395228636,710.4888916015625,18752050
2022-09-27,716.8995024726788,722.2774673403942,705.6493232502384,708.8594360351562,11428290
2022-09-28,702.6104128191823,714.2080113080921,700.7606511153061,704.9103393554688,8690690
2022-09-29,715.6761332407021,716.1067646880623,693.7091506050015,695.3435668945312,9696320
2022-09-30,693.0191205395838,720.5206928283927,687.7145704488598,717.9515991210938,16186650
2022-10-03,718.0739440594593,724.0440046493243,699.243719933247,701.90576171875,8201980
2022-10-04,717.8781867879388,734.5161270406927,715.0742140618062,732.9208374023438,11914950
2022-10-06,738.9202692054272,743.7159345817878,719.0428270020395,724.6458740234375,15100600
2022-10-07,722.8157828702656,724.9983299496969,711.7368639885599,718.8716430664062,9911960
2022-10-10,711.0272826736701,718.1717981368299,706.7209682857435,713.8068237304688,6531130
2022-10-11,715.1378200759416,719.590903827518,701.9840580844345,704.9397583007812,7322060
2022-10-12,705.1551359924645,710.3911703600677,699.2829211195224,707.22998046875,7407310
2022-10-13,706.6720301202822,707.2103044735394,696.3173423812237,699.9336547851562,6086550
2022-10-14,714.4527229946394,718.8568836158393,706.7209504544325,711.7612915039062,8390120
2022-10-17,710.0436487305852,721.5287063435292,706.3294900795495,719.8551635742188,6174010
2022-10-18,724.2397466690771,727.1758537501679,716.5079741281039,723.3001708984375,9069750
2022-10-19,725.9036176144789,728.1546212977836,719.3462992659555,722.321533203125,6271770
2022-10-20,721.2987143332386,729.0353848756157,710.6357334004081,727.4107055664062,10260540
2022-10-21,733.0480174892626,733.0480174892626,700.0706365569466,703.9561157226562,23869600
2022-10-24,715.4314873301132,715.4314873301132,703.6870579895368,705.3019409179688,2278840
2022-10-25,708.8300802837163,708.8300802837163,693.8999710502121,695.1624755859375,9098990
2022-10-27,703.2954876215127,705.6443971649834,678.3385775969537,682.26318359375,16414580
2022-10-28,685.0916762100563,693.8999977613284,683.1342714208847,685.7620849609375,8396690
2022-10-31,694.2914536747905,699.733036215717,689.5936347237107,699.1947021484375,8189860
2022-11-01,704.3671827775339,708.1889843258992,700.7508704885564,705.595458984375,7627420
2022-11-02,705.3507919231655,708.580497714316,698.7983725557679,700.3789672851562,5859140
2022-11-03,695.3680560787087,704.1763776898395,694.1055514858048,696.99267578125,6323130
2022-11-04,696.9927016942594,707.1027146007792,696.9927016942594,705.8402099609375,9219250
2022-11-07,709.3732545579807,709.6228284383883,695.955223709119,703.69189453125,7224940
2022-11-09,708.0911652383268,708.0911652383268,696.3125084898497,699.1849975585938,6896340
2022-11-10,700.555232240822,701.240335932679,681.6222611948106,682.65478515625,10081820
2022-11-11,699.6743831048278,700.5404845678647,684.6023419609774,690.1271362304688,12333420
2022-11-14,690.4647580013466,695.5638190941011,685.1944359328196,687.6167602539062,8550600
2022-11-15,688.5318601226924,691.1988003725918,683.2321481894604,687.6118774414062,7195210
2022-11-16,686.1682158718513,688.502430609697,670.6656035984572,674.8201904296875,13362040
2022-11-17,672.3685361848657,680.1981552379646,668.6494790816943,674.8201904296875,7339440
2022-11-18,676.2735324413579,678.0449813189969,660.6240913028029,664.6857299804688,13276890
2022-11-21,660.3305474190596,660.3305474190596,646.9565403620172,653.6851196289062,10717480
2022-11-22,653.7976980155535,658.4465344394551,651.8451914963351,654.2674560546875,9587690
2022-11-23,657.5411220946152,666.0069209575355,654.751844409392,663.5650634765625,8936670
2022-11-24,666.8829046011837,669.41771022723,659.3811128836599,662.713623046875,7546110
2022-11-25,662.5814135262771,663.364363367738,653.2837422877252,660.3793334960938,8590580
2022-11-28,658.5688237796204,668.7277587751319,658.5247391652549,663.3106079101562,6040540
2022-11-29,663.0708355059365,666.3886507757769,657.7858189745936,659.0728149414062,6818600
2022-11-30,659.1560503356278,661.0351421719611,653.5774348445341,657.7809448242188,14828310
2022-12-01,661.0743394133837,662.5815195928475,656.4157064683546,660.4039306640625,9816160
2022-12-02,658.6862802785447,659.8362436024623,650.5434694895033,653.3572387695312,14386020
2022-12-05,653.2398060373021,655.6327404963107,649.0754226808698,651.8598022460938,10292500
2022-12-06,653.2252000804335,659.156134850929,649.0755110311443,655.5887451171875,8409800
2022-12-07,658.1724443382834,658.1724443382834,646.0414093688976,648.409912109375,9610270
2022-12-08,653.773171349387,653.773171349387,642.0287431215537,644.177001953125,11377840
2022-12-09,646.1882484297432,647.7052251764694,635.1778466200732,637.8643798828125,11312920
2022-12-12,636.9492907059677,639.9735073302305,625.5865704611566,636.792724609375,11000480
2022-12-13,636.8416451678178,650.6413247137243,636.8416451678178,647.9107666015625,9586360
2022-12-14,651.6200749577936,654.6100037545588,648.5469349486357,651.3460693359375,6782830
2022-12-15,649.0754203719731,657.1007917114908,646.3350656972053,648.429443359375,8577060
2022-12-16,644.964890698969,655.2706557892815,642.0287834575473,645.6401977539062,8802330
2022-12-19,645.9533264208217,656.2199041783662,645.6499310916704,654.458251953125,6595590
2022-12-20,651.8157688899261,655.6180370994242,644.4755012222467,650.1372680664062,6077160
2022-12-21,655.1335878609282,655.1335878609282,636.6458859225061,638.7696533203125,6223900
2022-12-22,643.0074559812741,643.4968071654304,627.0546193248317,635.241455078125,8497060
2022-12-23,631.2629999870741,632.8288998138725,620.502172696347,623.8836059570312,9943030
2022-12-26,623.8884578340457,633.2105609503614,616.5824192337444,629.6676635742188,5305350
2022-12-27,632.8289426358828,639.092661837426,629.3056379195481,636.6165161132812,7810350
2022-12-28,633.7097398958498,643.0074117553255,632.6380895491765,633.8173828125,7559340
2022-12-29,630.2843018192056,638.1628436448956,626.6043714931801,637.2233276367188,5218800
2022-12-30,641.050069304122,657.6782134525532,637.6246109185274,643.5164184570312,15202660
2023-01-02,642.5180933674214,646.9222539464822,634.6639831073294,641.4170532226562,5793400
2023-01-03,642.5180896423398,651.815761922008,639.0926314340409,646.5552368164062,7420810
2023-01-04,645.454195161661,649.6626032892054,641.0500346184806,643.1052856445312,6712530
2023-01-05,635.1777973533373,635.1777973533373,589.6730383602875,597.0133056640625,51023000
2023-01-06,599.9445084635712,600.9183124709199,581.5057308922096,585.3031005859375,29319220
2023-01-09,589.1788380371516,594.8552999449439,582.8172725101724,586.5706176757812,14005480
2023-01-10,587.1235521431806,588.6894519783666,574.9876193471162,577.8405151367188,11203750
2023-01-11,580.3705375079312,582.2300960078767,574.0627932161952,577.0184936523438,11088910
2023-01-12,578.075476851971,583.7861669486476,573.2259898842042,577.27783203125,14769490
2023-01-13,579.391717483348,585.753281948959,574.6939587480992,585.0486450195312,11084900
2023-01-16,587.2213961878947,594.2875983157693,584.7306154916009,588.2882080078125,9083390
2023-01-17,589.1739324392914,589.1739324392914,581.3492117169716,585.7484741210938,8170050
2023-01-18,587.6080964577187,592.017155922917,585.7534361369562,587.08935546875,7962810
2023-01-19,585.5576555637433,590.1233406586526,583.3702699555505,588.43994140625,5481420
2023-01-20,588.4448003833496,589.1543357080062,571.2881191520584,573.5587158203125,8330900
2023-01-23,575.5748236559415,580.8598401988603,571.6600142864462,573.8131713867188,8560640
2023-01-24,576.6856971042962,579.4896699361568,571.8215748257971,573.03515625,6081450
2023-01-25,572.5457452129793,573.0350963641953,565.3963320619442,567.24609375,8278370
2023-01-27,569.1154331735135,573.6713214189587,555.9029510620045,563.8010864257812,16213520
2023-01-30,564.716160482224,593.700421340189,564.716160482224,589.35498046875,24481600
2023-01-31,592.1148877085459,592.1148877085459,574.8897512329418,576.1033325195312,19967880
2023-02-01,581.7407489043322,585.3031803545238,558.7314451929387,569.3307495117188,26348660
2023-02-02,569.506864402401,569.506864402401,552.4774213214247,559.5877075195312,20250440
2023-02-03,564.7112357360098,590.1574959251542,562.46513064903,588.6160278320312,14868920
2023-02-06,587.2214324774193,599.3573659760539,582.8759914876763,597.4194946289062,10738200
2023-02-07,599.2545786382486,605.0338450734018,597.0084733210515,602.9345092773438,14721930
2023-02-08,603.3699934742979,624.1184950590691,603.1547076321096,621.637451171875,19032080
2023-02-09,623.9129045453301,634.9624914750399,620.0323834716351,631.7523193359375,18381540
2023-02-10,631.6496701403319,638.8578039364504,628.3269562951095,629.8439331054688,12912820
2023-02-13,629.7901453519881,633.5287959805408,616.2938597054153,621.03564453125,7365570
2023-02-14,621.8479235354482,633.4504211453709,617.5612023284212,632.114501953125,10340900
2023-02-15,631.263001576017,635.7650083908314,626.1052211920463,635.1729125976562,6189790
2023-02-16,636.6458532918575,638.5787664619418,628.3268836485358,630.02001953125,5290480
2023-02-17,627.3481924159342,633.788070461768,623.1887075208209,628.00390625,6160440
2023-02-20,628.8162904458325,630.6317642780641,620.790918838617,623.178955078125,4657320
2023-02-21,625.8801522288632,627.1769447884282,621.6717440749218,624.3386840820312,4485090
2023-02-22,619.6164415030471,622.4547022470163,605.327410911603,606.663330078125,9347000
2023-02-23,608.1657393044633,612.907524102996,599.225282675252,607.0255126953125,8097680
2023-02-24,612.0559908556637,615.212282085304,606.7954656494287,610.34326171875,6077610
2023-02-27,608.2635300833998,610.8081323811198,600.4339110316424,606.2572021484375,5950040
2023-02-28,608.7528648955245,611.3561868766797,596.029734278737,598.1926879882812,9778520
2023-03-01,597.0182155721344,607.1820487875185,597.0182155721344,602.3765869140625,5448040
2023-03-02,603.3895685598275,607.7350092148797,594.0772017239115,595.3446044921875,5822980
2023-03-03,599.1419712351077,601.0210629390045,594.3658991972982,597.0133056640625,7120370
2023-03-06,600.9232354936229,605.131643599704,598.9707291082575,600.419189453125,6084770
2023-03-08,599.846725485788,599.846725485788,585.7533870168451,586.9131469726562,13427950
2023-03-09,587.2213091949375,591.1361179229037,576.4653817724887,577.5615234375,9408580
2023-03-10,574.0089887405788,576.2012726778719,565.7878642404728,574.9044799804688,7708610
2023-03-13,574.4004511522413,582.0832409469738,568.723929555729,570.930908203125,7933560
2023-03-14,571.5622417888922,572.5409442577087,559.4410021549572,560.9482421875,13725650
2023-03-15,567.6473915642076,569.604796362705,557.9582139175446,559.6954345703125,6794730
2023-03-16,560.7670630170454,563.243208662889,554.4348874153372,559.3381958007812,8849630
2023-03-17,561.7801092658659,569.2867403939596,556.695742827576,561.0264892578125,10471510
2023-03-20,561.677366192923,561.8192374297754,536.8868161329699,543.2581787109375,17127560
2023-03-21,548.2494531685928,559.3283704925099,546.7177816631361,558.8488159179688,11301140
2023-03-22,562.7343167860638,573.2260381347769,561.2858562722564,570.9945678710938,12425340
2023-03-23,568.5771331255447,577.434377304952,564.9559225411585,570.8819580078125,10544190
2023-03-24,568.0291539830229,570.5590616956783,550.7354379304155,552.8934936523438,12780420
2023-03-27,557.6646041400056,560.3071125128811,546.5612543125625,547.3931274414062,11187430
2023-03-28,550.1334335267139,550.4613202996982,540.5079347015015,541.6578979492188,9481360
2023-03-29,544.3689616154563,552.5753307590757,543.6691631417632,550.5396728515625,11096120
2023-03-31,557.2730963246587,557.2730963246587,546.7226571831748,549.7125854492188,12678280
2023-04-03,553.4562003699883,561.1879731286748,551.2247302526042,559.3333129882812,7453860
2023-04-05,570.7792351829762,582.0392107493982,562.0834550518599,563.8598022460938,24333290
2023-04-06,563.8304349365402,583.2087904575102,558.4035467948262,580.5858154296875,17405020
2023-04-10,581.8336833663823,584.2755410959469,568.7239454936597,570.466064453125,9282570
2023-04-11,573.3238776162015,575.4770349320461,568.7386590725222,571.342041015625,8116200
2023-04-12,571.2686237902651,575.1589420789222,566.2772055259481,573.2211303710938,10230690
2023-04-13,573.2210977757868,581.0556151086043,572.5800190437939,577.8699340820312,8330060
2023-04-17,587.025612077752,587.025612077752,577.4343417383006,583.448486328125,6728570
2023-04-18,584.7747222225374,586.634280798185,574.5228378065467,578.9661254882812,6408890
2023-04-19,578.9660102270306,583.3065524012103,575.476934248174,582.107666015625,5549280
2023-04-20,583.3066112487933,583.8889104847533,576.0788847044545,578.6773681640625,4367310
2023-04-21,578.706717338755,581.838576966703,570.3877469363714,581.1436767578125,6431010
2023-04-24,581.3492378410049,583.7666041469835,575.1834245382271,580.737548828125,5448920
2023-04-25,583.296816343106,596.2940124986391,580.2432697254089,594.586181640625,14944750
2023-04-26,597.0084784744471,598.9462901581479,588.5231451865916,592.697265625,9740070
2023-04-27,594.5616763642871,612.1244971660269,593.6808203570546,606.8003540039062,28271360
2023-04-28,611.0919291955227,616.1909298291615,598.0849377010162,614.6348266601562,14896680
2023-05-02,619.5186041421455,619.9737270305951,609.2226360291153,611.6057739257812,9912540
2023-05-03,610.5194790022367,612.1783868350326,602.4843103258165,604.8626098632812,6682510
2023-05-04,606.501907831074,626.2717088645496,605.0485490589541,625.4153442382812,12451410
2023-05-05,624.4071928765726,631.0672551133457,619.6800438617731,625.3760986328125,11600400
2023-05-08,625.8263293589118,655.2510178067988,625.195047229904,651.6151123046875,22247350
2023-05-09,650.8371036382534,659.6307304689949,640.2671295412546,641.270263671875,21307700
2023-05-10,645.0577986495492,652.3051182461194,638.6032853047155,649.0264892578125,8353210
2023-05-11,651.7179113738617,653.7731623914714,648.3902995274698,652.1533813476562,5674940
2023-05-12,650.8371076550015,659.0239438199684,646.403557030685,657.1399536132812,9120780
2023-05-15,657.1398751597076,660.6240529607276,654.3408009162149,656.934326171875,7390760
2023-05-16,657.6880585979222,670.3133443311821,655.7306536616189,664.010498046875,12651330
2023-05-17,664.0495743774051,666.5403552444457,652.0115468773782,656.224853515625,7407850
2023-05-18,661.5831831672591,668.5173106930913,660.1494177028418,664.4801635742188,11067180
2023-05-19,665.5176801062111,667.4750850476998,656.9051103107117,663.9713134765625,5928340
2023-05-22,663.9711802381552,667.2791987042755,661.7886932816351,664.8373413085938,4197920
2023-05-23,666.5011975466866,672.7551198893826,661.318985337812,663.614013671875,7901960
2023-05-24,662.483669112259,670.2692035850905,658.6422144582251,664.1425170898438,5539360
2023-05-25,663.3644748638987,670.215391664838,660.2424118180605,669.5449829101562,5302600
2023-05-26,670.0783917828576,677.262094034891,669.5499139656154,675.7451171875,6940730
2023-05-29,679.2389899794796,682.3414595474338,675.4807468605501,678.4413452148438,6407280
2023-05-30,680.0023735623759,686.9267045616413,678.2456195887793,685.6593017578125,8819230
2023-05-31,685.5711572910886,687.6362047857059,677.9764179660775,684.0982055664062,21476270
2023-06-01,687.4405358941551,690.6995716219058,680.305757725554,689.0553588867188,5900260
2023-06-02,692.5052941504605,694.878635288728,685.5809634081041,687.4307250976562,6642090
2023-06-05,691.9425562232383,694.0565269997595,686.3688392138606,689.3196411132812,5771620
2023-06-06,687.5383812494981,698.0105080426257,687.5383812494981,696.2439575195312,6905860
2023-06-07,696.8360282384423,698.8912791467321,691.1595669217515,692.9163208007812,5344830
2023-06-08,692.9212589814432,695.9552123512448,684.6169839359011,686.0801391601562,4553600
2023-06-09,686.3395638023231,693.165989290931,686.2710474646603,688.7276000976562,4473610
2023-06-12,689.9998301449061,695.857349190876,689.1629990417326,694.653564453125,5132550
2023-06-13,694.8786727443351,704.6656963041144,694.8786727443351,701.4114990234375,8001340
2023-06-14,702.9040383658465,702.9040383658465,693.1219131752209,694.5703735351562,4015200
2023-06-15,694.3893214679647,698.9598447438638,690.572358386091,697.4819946289062,4370180
2023-06-16,701.729582875314,706.4860619457912,697.9126198274987,704.9788818359375,14148580
2023-06-19,705.8353424199137,724.1272941653982,704.8859699517261,722.8892211914062,11845900
2023-06-20,721.9055326960362,721.9055326960362,704.7635465008512,709.4417724609375,8638260
2023-06-21,712.0059533025549,713.0727651380922,702.4146823047734,705.267578125,5468040
2023-06-22,704.6755079856595,705.0718513859931,687.0490686191433,688.0277709960938,8271940
2023-06-23,687.1419575362006,690.47446751584,680.7950875043535,684.0786743164062,8152260
2023-06-26,684.1129502287936,688.5171108525841,679.7087896050031,684.9644165039062,5635390
2023-06-27,688.0277028355425,688.0277028355425,680.5895894016893,686.9755859375,7097890
2023-06-28,690.4109469796125,697.3254820436025,689.0065113806262,693.9196166992188,7097820
2023-06-30,697.8312795502393,707.1684586428129,696.966357108854,703.7874145507812,8879080
2023-07-03,703.7874797566218,722.8943009327068,703.7285104932944,720.7319946289062,12092270
2023-07-04,751.88870402524,778.4259524026015,748.2177323970838,772.572998046875,41622080
2023-07-05,774.4895681685151,786.2789813577606,764.6658770281854,770.440185546875,19786660
2023-07-06,764.2727797525566,768.9905611002923,760.2430731728709,763.3145141601562,10459840
2023-07-07,758.7687959554335,761.609279031973,747.5248621753906,749.171142578125,10949150
2023-07-10,749.1711457461633,749.918129809915,730.4918650038852,740.4138793945312,14515180
2023-07-11,743.7310255470632,754.8373442656555,725.4497726221799,731.641845703125,16750430
2023-07-12,734.1873382068287,737.932036265287,727.1353224392099,730.4573974609375,11317550
2023-07-13,734.192296237057,739.3965287777767,728.8897415964187,734.6493530273438,7470520
2023-07-14,734.5903601725157,739.0033966131103,727.3073263229855,735.4110107421875,7266000
2023-07-17,739.1114417915251,741.2737479009636,731.4451383026721,738.221923828125,5067440
2023-07-18,739.111570291442,742.5515842489156,724.6733378817972,729.282958984375,13097090
2023-07-19,731.4402757615952,746.8761251263186,730.2657496250837,745.4705810546875,9759430
2023-07-20,742.1583537720356,750.6257520962055,737.3423706275382,746.6401977539062,6494360
2023-07-21,746.6401983233461,752.6455249263269,740.3990546558612,745.1806640625,6733940
2023-07-24,745.1708736945324,751.377644018967,743.0773747259717,745.1659545898438,5843420
2023-07-25,751.8297700528129,751.8297700528129,741.1804484691331,747.6083984375,8508690
2023-07-26,750.4144267101467,760.144775295733,720.5354261958662,730.5753784179688,22288660
2023-07-27,744.8023068004162,744.8023068004162,714.3139956394706,715.9258422851562,21471720
2023-07-28,719.3560678910707,726.7864954571442,708.6428578338721,725.5087280273438,10070500
2023-07-31,721.9114878237364,724.3588023979559,715.6260718067635,717.5181274414062,7493150
2023-08-01,717.5181105728204,720.4371792163602,711.9845978351018,714.510498046875,7527650
2023-08-02,716.5057147301861,716.5057147301861,702.2542293206008,707.9990234375,8985360
2023-08-03,705.2028473197673,710.0483453995255,689.7768349800549,698.652099609375,10818980
2023-08-04,701.6645734358427,708.1514327940487,695.0105844960809,702.617919921875,7313490
2023-08-07,703.9250484385992,705.9644969773448,695.039946754019,700.0083618164062,7184090
2023-08-08,701.2713563067706,708.1513836286309,696.3718083899386,705.065185546875,8073620
2023-08-09,707.6598984784619,709.0359278322436,696.8484278072631,700.3228149414062,5115720
2023-08-10,697.8362382806704,705.1045146677521,697.0450423639552,702.1411743164062,6161300
2023-08-11,702.1411924463758,703.6302413167834,691.0544911395605,693.9588623046875,6303960
2023-08-14,691.9341816446553,693.7918034330971,682.1596212691817,689.7767944335938,6937850
2023-08-16,687.413024522798,687.413024522798,680.1398289459536,686.1844482421875,5987950
2023-08-17,689.9684582272515,689.9684582272515,678.4689719256485,680.4592895507812,7101180
2023-08-18,677.5351734429246,679.7269941590271,672.7683218201055,674.4490356445312,7455330
2023-08-21,668.44375666126,694.1947274198611,668.44375666126,692.7401123046875,12308310
2023-08-22,693.0202468025451,703.0896538288353,692.9170655850274,694.8778686523438,12487800
2023-08-23,697.831355505407,702.6473987150899,688.2975911858978,699.4481811523438,8032480
2023-08-24,702.745702539029,706.2790594794133,699.8953812883427,701.51220703125,9103600
2023-08-25,699.3057101194534,715.3361731198173,697.9296805100921,708.7903442382812,13032760
2023-08-28,710.1121861340539,713.6553810059013,701.5760403550764,711.158935546875,7036260
2023-08-29,712.5742368356637,718.5647459354085,711.1982074171783,716.8349609375,14183050
2023-08-30,720.0439541183439,720.5256064055308,713.3605112278502,714.3532104492188,4602680
2023-08-31,715.5228630473491,716.0142935851563,701.271377450939,704.0233764648438,14129800
2023-09-01,704.5688856090431,720.3782282446496,703.2371279943231,719.5133056640625,6760760
2023-09-04,724.3685901229878,724.3685901229878,713.3998872566182,714.5645751953125,5813630
2023-09-05,715.8177365759997,723.2334068763923,715.5228902399259,721.9213256835938,12213530
2023-09-06,718.9923605354162,727.0223183811021,716.57450079726,726.1181030273438,6051570
2023-09-07,725.3514557148218,726.1181161294404,717.8522210957714,723.7002563476562,5496220
2023-09-08,726.334281230766,732.2265281447367,724.3685592247288,728.3638916015625,6246420
2023-09-11,729.77438444012,731.6418445710206,723.5823713578384,726.4965209960938,4068490
2023-09-12,729.3811789865681,733.1160990588614,718.0291455802006,730.3935546875,9635170
2023-09-13,730.1969336418945,737.9566406258572,725.4153243565513,734.777099609375,5798460
2023-09-14,734.7770796121519,738.2956787915276,729.9757940404857,736.5855102539062,6503720
2023-09-15,737.0475487161664,743.5491651694223,732.7769861244444,736.379150390625,7874940
2023-09-18,736.0548581655213,743.0429861377711,733.7058057564102,741.9274291992188,7066180
2023-09-20,736.0302646964345,751.5938917400225,735.4749457779039,740.97900390625,8441900
2023-09-21,740.0944161907495,745.3674564502168,729.7743745307191,735.5928955078125,6757250
2023-09-22,736.5511705751435,744.7138243392303,732.585292672434,734.3298950195312,5263040
2023-09-25,744.5171831313072,771.5360215387053,738.1285868404116,768.58251953125,23475330
2023-09-26,768.5875295240287,776.4553373010369,764.1744928548624,773.5755615234375,12468200
2023-09-27,772.0373533549691,772.0373533549691,761.0047620846428,770.322265625,7441100
2023-09-28,767.098494220037,769.4819803825089,758.5771052667251,760.63623046875,7775050
2023-09-29,760.6362161489837,771.3493659605126,759.2601866371162,767.688232421875,5730050
2023-10-03,764.7445331288019,783.8808087410229,762.2087348542022,783.1043701171875,9445550
2023-10-04,788.7459496664459,790.5150874622753,768.5972992388295,771.9439697265625,11763840
2023-10-05,777.9197549651649,777.9197549651649,769.2755089251057,771.6343994140625,7950610
2023-10-06,771.54601814254,805.1598821409619,771.0545875577359,802.8550415039062,21450340
2023-10-09,796.3189833524876,799.5574938354318,788.0580071260307,789.0114135742188,7478000
2023-10-10,791.6946467766571,799.5575358818257,788.3528949113273,794.505615234375,9650240
2023-10-11,800.0292458737603,803.292351870987,795.6702593662415,796.3091430664062,7123720
2023-10-12,798.5746151231598,798.771199333929,786.5836981351871,787.6943359375,7640920
2023-10-13,786.2446277347174,794.4367361901758,781.9691461754835,791.3652954101562,6622820
2023-10-16,790.6428788414705,793.0705767420528,784.5835622820268,789.8270874023438,4382460
2023-10-17,794.1517969171099,801.9164238776505,791.9452784686141,795.4295043945312,8382830
2023-10-18,791.203165040366,794.6038859544963,771.5459435486799,773.172607421875,15446420
2023-10-19,770.8874427916575,778.7208167548939,759.8498721405794,770.7154541015625,10614530
2023-10-20,767.6145212485104,769.8112014157794,759.0144865994394,763.6044311523438,7711530
2023-10-23,766.6316598942002,774.9761410555649,762.8329113315672,766.5235595703125,8822300
2023-10-25,766.5234979119886,772.2289989539518,754.4440975417849,756.2575073242188,7087740
2023-10-26,749.4414216865495,752.4784288702973,727.4351474149955,729.4598388671875,13246300
2023-10-27,738.1237653873872,741.9618667692847,728.9487354428057,737.8534545898438,9119440
2023-10-30,737.7158674263693,739.7847707505482,722.6485906569407,737.445556640625,7992760
2023-10-31,744.0061403048553,744.9791631485516,733.2634762000098,736.4234008789062,7494100
2023-11-01,739.1115315593637,741.9618526846792,732.9834071279228,734.3839721679688,4627780
2023-11-02,740.094377736928,748.4486967419265,728.417983551992,732.1430053710938,8550300
2023-11-03,739.8978052964578,740.8757472670019,724.6094084728142,728.447509765625,11387550
2023-11-06,732.8211637315899,744.2174686272203,731.5041635385168,743.2444458007812,6340430
2023-11-07,750.905833671463,750.905833671463,731.8383055223945,736.7133178710938,15630070
2023-11-08,739.7995116452654,740.684050581649,727.9707455174951,733.2094116210938,9167170
2023-11-09,735.6714895653901,735.6714895653901,724.0442266474618,726.0099487304688,7717910
2023-11-10,724.3686162642364,732.6246733353358,722.0539976163698,731.7203979492188,4962610
2023-11-13,732.0153451214284,732.231545776428,719.3560889000194,723.4693603515625,7322400
2023-11-15,731.1896289270578,734.806550278549,699.7134807956866,710.0482788085938,19234400
2023-11-16,682.5527843702537,725.4202592853391,681.2455623823744,723.6265258789062,45570430
2023-11-17,701.8119185583575,713.5571200669164,698.6225392602149,709.7239379882812,20800340
2023-11-20,702.8438822889896,711.4931071440515,692.9268483197171,694.7451171875,19029400
2023-11-21,696.3570958980997,700.6669514603798,690.9513597972675,698.1409912109375,16662250
2023-11-22,696.4996075368289,705.4829121944503,694.4404823849223,700.6177978515625,10414040
2023-11-23,701.2713784187505,703.7285311111779,693.5067519150485,695.2415161132812,6061580
2023-11-24,698.6176389050581,699.4825614486899,689.0838744962155,690.047119140625,7264990
2023-11-28,691.4427398345815,701.2713502089182,690.941471107238,700.5391235351562,7281580
2023-11-29,701.1730640755618,704.5737247555516,699.2122611721935,700.7897338867188,6824300
2023-11-30,700.9764638377694,704.0822781433823,696.420893591343,699.9837646484375,12719340
2023-12-01,703.7285632862186,715.5081394349078,701.9594252646003,713.4932861328125,9004770
2023-12-04,721.4200222894307,729.282910815746,718.9677887294124,728.069091796875,11014260
2023-12-05,730.2658050482348,731.2486661586631,719.4592519382021,722.3832397460938,15222420
2023-12-06,726.3342769946257,733.1160418715315,723.8820436055222,729.980712890625,7018000
2023-12-07,726.3343319783361,731.2486373367823,720.0439971238934,726.4522705078125,6688620
2023-12-08,726.3883501011073,727.1304149766302,714.9331360101247,718.2355346679688,11443880
2023-12-11,719.9457651047727,722.6683095836545,714.5449480892224,716.7760620117188,5900550
2023-12-12,715.522838440311,722.7960341453627,715.522838440311,718.9186401367188,6333120
2023-12-13,717.4738057429114,717.9308625241617,708.3479673326608,713.3605346679688,6829550
2023-12-14,724.2211369087137,738.2515023197068,717.4984009557617,734.6099853515625,17295670
2023-12-15,739.9814141987059,739.9863333035007,731.7401139948823,738.6250610351562,11739380
2023-12-18,741.8635855466194,747.9573366869581,739.7012790143594,745.7557373046875,10827980
2023-12-19,751.0041222830682,751.0630915479164,740.5858188993592,750.1834716796875,7914080
2023-12-20,751.8887366664908,756.3116115880583,733.2291332003232,736.5512084960938,8745460
2023-12-21,729.9316186248815,734.8852771009756,718.0291847670798,724.0885620117188,9130820
2023-12-22,729.1797400171289,731.2486433936659,711.8862681231952,717.0266723632812,11294850
2023-12-26,719.9458216358441,721.8132818923771,702.2789157421895,703.9546508789062,12258440
2023-12-27,709.615859879276,719.7885080267596,706.7655987474382,710.8837890625,16052790
2023-12-28,715.0314259186323,716.5057175184645,707.6599679194711,713.4244384765625,18560640
2023-12-29,710.7707237178988,721.7148916328167,708.1661778039236,720.216064453125,9128020
2024-01-01,721.1202856639225,721.1202856639225,714.8348697006603,717.395263671875,3314890
2024-01-02,719.8474083487524,731.7498404621834,715.52771512954,730.2706298828125,11129900
2024-01-03,731.735166070884,735.7550943443438,724.1917191651114,725.8232421875,5534050
2024-01-04,743.042974950916,760.1398625988384,743.042974950916,757.3485107421875,29118790
2024-01-05,760.2381399929844,765.5505330209978,754.15914650306,757.89892578125,10526010
2024-01-08,754.542464206798,769.5802267547648,750.050781866002,760.34130859375,11212090
2024-01-09,764.0762135726662,767.6144894001341,756.6064335082319,759.3043823242188,12470830
2024-01-10,758.3755831434762,760.2676387082789,752.8715851069942,754.891357421875,5590720
2024-01-11,754.8373516785375,765.9731851350091,751.9919494962114,753.8298950195312,6517410
2024-01-12,755.2304407050533,758.6655352114964,748.6452597952739,752.9747314453125,8086380
2024-01-15,756.6014828294449,756.6014828294449,732.6246290158088,734.9834594726562,9972200
2024-01-16,734.6887036275347,748.3996285559253,730.0594060527546,732.8851318359375,11947230
2024-01-17,717.812919206714,735.0031491757079,717.704758900756,723.272705078125,13802710
2024-01-18,717.0953951858676,722.5748575152852,711.0017046917606,714.1026000976562,16869960
2024-01-19,723.3857116636435,726.2163562040621,713.6799590784825,719.3657836914062,8308100
2024-01-23,722.6878468555501,722.8942692626915,692.189701061125,694.9515380859375,25332970
2024-01-24,698.2245782719611,698.2245782719611,687.688275650495,693.4380493164062,20636750
2024-01-25,693.4380501444454,700.3672091960742,691.541075350445,696.40625,11683490
2024-01-29,696.4061731284861,710.1121774361815,696.3668802832228,706.8392333984375,18603610
2024-01-30,686.8724880104904,686.8724880104904,668.8370099737674,670.0360717773438,41531470
2024-01-31,670.3112575177814,680.2381304443337,669.5249806504738,674.5277099609375,18105120
2024-02-01,674.8226532293942,676.2035419300623,661.7603903492395,662.7727661132812,19111370
2024-02-02,663.9226627202323,679.1570095332058,663.7260785054747,673.0927734375,13675080
2024-02-05,677.5844490120838,677.6827111239393,648.6883094152283,649.4942626953125,17712220
2024-02-06,653.4060176907929,658.4186450672299,642.2996997615909,648.5064697265625,24395330
2024-02-07,652.7180227774293,662.2124944556805,651.1700645592856,659.421142578125,15382370
2024-02-08,661.6473915933145,662.2027105516337,642.4668415426279,646.2951049804688,21932090
2024-02-09,646.7225344324216,656.325105545954,645.9362576345741,654.0448608398438,12098740
2024-02-12,655.5142527943211,655.7501298418088,643.9214238141736,645.6561279296875,5447840
2024-02-13,648.6883234036575,652.5215056739477,644.078702463544,649.0470581054688,9480140
2024-02-14,645.1352451669485,654.1922759419431,643.7739730455389,653.2586059570312,6361260
2024-02-15,653.2094769598568,656.2956752768878,647.2779364903729,650.5950927734375,8808590
2024-02-16,653.6075263952281,654.585468354379,648.8848861833428,650.5753784179688,10294310
2024-02-19,653.4944671676909,669.0236590288164,651.1749295962652,659.7749633789062,13158810
2024-02-20,659.686508485121,667.5592350692423,656.6740369767329,664.7678833007812,11067090
2024-02-21,667.3626872331514,667.3626872331514,655.0818425816473,657.4161376953125,8549440
2024-02-22,657.637262592259,659.1901999401261,644.8551490812519,656.0548706054688,10223740
2024-02-23,655.9615296677557,660.3844046685416,651.892470269653,658.3056030273438,12803110
2024-02-26,657.5340726060406,659.3032105793618,651.066829803496,652.939208984375,8920560
2024-02-27,651.7351683564591,652.8163515548347,637.9849512302274,644.3883056640625,11503060
2024-02-28,645.936322201085,648.3688794101897,636.402557602886,638.73193359375,5353210
2024-02-29,638.7615046823597,642.6929494011579,625.7090794211889,638.4027099609375,16990980
2024-03-01,640.0144908649104,649.5433353273979,639.066063606851,645.8822021484375,9190800
2024-03-04,647.5088966603577,652.6148673995442,644.5062631244532,648.9291381835938,3971180
2024-03-05,648.9290775869724,652.2511526758622,616.4504515657954,621.5858764648438,17175580
2024-03-06,622.3966849484427,623.7137449920048,608.1747160626534,620.30810546875,21047920
2024-03-07,624.1167670191805,635.7734846798294,621.6989072390697,631.0999755859375,14694210
2024-03-11,643.7739648665181,643.9705490673459,629.424218042223,632.3482055664062,12039710
2024-03-12,629.5225153591942,637.3854039194964,623.2666142466564,632.5742797851562,10946770
2024-03-13,632.888888923134,640.3291554376946,628.2006817716315,634.5499267578125,11321830
2024-03-14,634.5498462808503,635.9111184742914,618.9862794790538,628.7804565429688,12198650
2024-03-15,626.5788931785316,646.5260431326884,625.0996823700231,640.2701416015625,19705000
2024-03-18,640.2701189341543,644.2654517093061,634.5449410229793,639.3167724609375,6764250
2024-03-19,639.8130112015571,655.2930723102747,639.351095315609,648.3197021484375,14080870
2024-03-20,649.6711536539264,661.5637483560448,649.2779852385349,653.553466796875,14908310
2024-03-21,659.2540690179163,665.5591012462978,654.3053898782546,660.06494140625,18060920
2024-03-22,659.008404261456,668.6404315802123,657.1704587011959,664.5026245117188,11252380
2024-03-26,663.8735535348625,682.5970458175714,662.9398234758127,679.1668701171875,18503210
2024-03-27,682.670787796321,692.8188410569524,678.6656166560375,690.2388305664062,15512750
2024-03-28,691.1577363233044,722.3340598431446,691.1577363233044,712.107421875,35745180
2024-04-01,713.6799782128822,721.7590672296725,709.6305954957585,712.6676025390625,11252380
2024-04-02,712.6676087697674,713.0656962922967,701.2713636175791,708.3872680664062,9676150
2024-04-03,707.3651137244694,719.783572760427,706.2986878830583,718.397705078125,9589430
2024-04-04,721.9113918879408,722.4028223793554,713.0656430424793,715.8569946289062,10405890
2024-04-05,711.0753447679182,713.4588307069328,703.3353143190251,705.2666625976562,12004940
2024-04-08,709.1343058305621,710.3088320804891,702.0380772613624,705.5517578125,5182100
2024-04-09,709.625651260301,711.1343165197956,700.2393405856287,707.0308837890625,7102810
2024-04-10,711.1884365553128,712.9674126137022,703.7284949690369,710.6331176757812,5679860
2024-04-12,710.0189113559687,713.9503559149961,703.3649222433083,710.5643920898438,10925880
2024-04-15,702.2591593281959,707.5420376223908,694.2389793379149,695.4970703125,7584480
2024-04-16,688.9806465210651,691.3739106725683,681.2209396774696,683.506103515625,9632930
2024-04-18,680.9359738676322,687.5113168096638,674.8323850415595,677.5057983398438,13851330
2024-04-19,672.2818660245838,702.7456389590752,669.3332829240562,699.7479248046875,12183750
2024-04-22,704.4459986079967,718.0782769098266,704.4459986079967,716.721923828125,11652720
2024-04-23,718.3731222703118,721.4101291384206,711.2768347214397,713.5472412109375,10815670
2024-04-24,715.8176825643206,729.2288406353281,712.5742531340775,720.3535766601562,8869290
2024-04-25,720.4371566045547,723.8624129994909,700.2983430939023,716.9873046875,11733540
2024-04-26,688.0027452763311,688.0027452763311,657.68150542657,661.5834350585938,58147230
2024-04-29,667.3577964474154,672.2377284136237,659.7995918643516,670.9599609375,16810300
2024-04-30,671.2891439329634,685.545547537877,670.5028671307349,680.4887084960938,17986750
2024-05-02,681.8942491920023,685.0492548604204,674.7341326068033,676.4738159179688,11395720
2024-05-03,720.3388672379123,727.3171565005983,678.8572009948793,681.2701416015625,68186010
2024-05-06,688.7841369948202,689.9635823284196,672.7684319529418,674.2279663085938,12299880
2024-05-07,677.1863649698947,682.4102740093062,667.1660890612795,675.4761962890625,12981260
2024-05-08,675.3729733110791,676.1641692328135,666.8712014997192,668.2914428710938,7259250
2024-05-09,668.3357151225395,671.5595283510169,647.2140395132897,649.1945190429688,13811150
2024-05-10,652.5116957860283,658.320378720701,648.8062900965256,656.9591064453125,8249080
2024-05-13,656.9443839156904,662.8710051605036,650.6540488735465,660.3598022460938,5122560
2024-05-14,659.4997461478056,662.6301561051438,654.3495639877649,656.1285400390625,7558400
2024-05-15,657.7306538025854,661.6571790602583,653.1161137837024,656.5512084960938,5950590
2024-05-16,658.5512805195903,664.6204955248128,650.9537837617775,663.151123046875,10598510
2024-05-17,663.1364514854245,666.3798813881692,658.6201731598629,661.2100219726562,4801580
2024-05-21,659.0083518103895,666.8712404225939,659.0083518103895,662.7284545898438,7616240
2024-05-22,666.1291601186391,666.1291601186391,661.1951784319834,662.8955688476562,4160460
2024-05-23,664.369823800349,673.6037620992813,661.4703718536321,670.9647827148438,7093170
2024-05-24,670.311252424547,679.1570020899736,667.6575155271032,671.9722900390625,7420430
2024-05-27,674.1444047558762,684.0270652179893,669.3283617112221,677.7318115234375,6554710
2024-05-28,679.5452578153254,682.5970222821547,673.9380185387291,675.5253295898438,7528670
2024-05-29,676.0118325548276,678.9604157674736,666.9056103357268,669.0040283203125,7213310
2024-05-30,666.3700122607348,668.2423915203118,648.1035764339965,650.30517578125,11555750
2024-05-31,655.0720602157015,665.5886868852847,652.8557034460296,658.2909545898438,28417330
2024-06-03,682.9753976459507,686.8920844600966,671.5840118927728,679.7024536132812,11482120
2024-06-04,679.7417678387379,679.7417678387379,626.6427349217323,639.79833984375,32993870
2024-06-05,649.0814756336619,674.4392792813052,642.3537604047218,671.9476928710938,12185170
2024-06-06,673.2598569642232,689.2755618741886,670.5373125067086,680.7099609375,14657160
2024-06-07,687.5112921911428,717.3902915729219,682.2038186203412,706.814697265625,29840520
2024-06-10,712.5743324735939,712.5743324735939,695.3988579037432,696.7355346679688,8723180
2024-06-11,696.1604757738193,704.6131168708044,693.0153083886406,701.5760498046875,12052130
2024-06-12,702.5491098113629,715.2280421328746,699.3056801444194,709.4046020507812,12685080
2024-06-13,712.790493365213,719.9457509199681,710.8199120628877,716.9922485351562,13454950
2024-06-14,717.1003825540677,724.3686598778424,712.2794798587018,721.5724487304688,11874880
2024-06-18,723.8772068420091,730.2117538887596,717.4886096329486,720.8991088867188,9469040
2024-06-19,720.8990418993583,722.2996668409224,705.48778833962,710.9967651367188,5204000
2024-06-20,709.6256572070406,714.0386935933586,698.9124480818302,708.3577880859375,9001580
2024-06-21,715.0945048282623,717.6331454889764,698.8650384493473,704.7177124023438,14998180
2024-06-24,698.9638051600815,702.0210624177417,693.4864980824194,699.5416870117188,6356540
2024-06-25,701.4332946884508,705.2857197950198,691.2590169511345,698.8107299804688,15608110
2024-06-26,698.3711360722783,709.1627854874854,694.9138532204354,707.08349609375,9125520
2024-06-27,706.2734948202619,715.0648953054446,699.660199406663,707.9280395507812,11376060
2024-06-28,707.7552599617932,713.7807865585632,701.8581515640897,702.87060546875,8295840
2024-07-01,698.8650681621814,721.4856011982937,698.8650681621814,718.7938232421875,7727450
2024-07-02,718.6209958774693,718.7148074805743,703.5077416304641,707.8145141601562,12810270
2024-07-03,710.2197726643374,719.5742241333493,708.24912615328,717.020751953125,8363930
2024-07-04,721.1941339011956,723.5599224969773,701.3345323861486,702.0309448242188,18979770
2024-07-05,704.6930528972721,706.2636133536423,699.0626087337416,705.088134765625,9310790
2024-07-08,705.7746684515739,706.0413924264733,696.0992321460046,701.1616821289062,6777050
2024-07-09,702.3075042300012,705.5227821931134,695.6053408178624,698.1785278320312,9735030
2024-07-10,698.1736480442297,704.2337813532699,693.5309984614504,696.8845825195312,8097140
2024-07-11,700.1393130682804,700.1393130682804,684.5420491224842,686.5473022460938,9718010
2024-07-12,691.1553936638887,695.901742529635,683.0653482837658,691.8814086914062,10688330
2024-07-15,693.4371242895946,699.8528488286088,690.9874116627859,697.7537841796875,5333730
2024-07-16,699.3589519428645,700.3467470727272,691.9702636643643,697.29443359375,5582000
2024-07-18,696.1091170922163,703.1026630964072,688.606781843992,702.3223266601562,8646050
2024-07-19,702.3223655294826,702.3223655294826,682.5664621390612,684.7692260742188,9385980
2024-07-22,684.7396343081177,687.367142972546,676.5804364334842,680.0228881835938,5751930
2024-07-23,684.9371788205336,686.0088979689281,653.9203870988464,664.4996948242188,19322120
2024-07-24,654.908208519878,657.348033690738,646.1217510448248,652.651123046875,31006260
2024-07-25,647.9936333019148,658.4642380166149,647.1490877221169,656.6615600585938,9509650
2024-07-26,659.3581902337322,672.5304599400265,658.5729099900292,670.6881713867188,11101840
2024-07-29,674.0566429995353,677.133615427579,668.3175552497527,672.9305419921875,7485650
2024-07-30,672.9304784445294,681.4798741060647,670.0214145953803,674.0318603515625,11794130
2024-07-31,674.3628584874658,677.1336168181738,671.009274454842,672.3872680664062,8896590
2024-08-01,674.8122682376168,676.04701215206,666.7617137993547,668.9002685546875,8395230
2024-08-02,664.292236328125,666.7617241955157,659.1655771038124,664.292236328125,6222180
2024-08-05,656.8838006878773,656.8838006878773,645.2870948154039,651.6188354492188,9440410
2024-08-06,654.5130198768088,661.5264013759534,643.2028140285233,645.8550415039062,8918280
2024-08-07,651.9448163455381,657.8073783051573,650.0778689927109,655.614501953125,4642840
2024-08-08,654.4191981724056,659.6545001493494,649.1147433035685,650.1864624023438,6903890
2024-08-09,661.8227721020037,661.8227721020037,651.0557804994747,653.7426147460938,6994900
2024-08-12,653.8314847185177,656.389900776712,648.3937276892558,652.7498779296875,6748870
2024-08-13,656.3849268793009,656.3849268793009,637.3451514354092,638.614501953125,10723270
2024-08-14,640.3382619802703,641.0741646081509,635.2461485974422,637.967529296875,7742760
2024-08-16,642.5607120079574,651.9447654500414,634.6583512146235,651.0458984375,7534190
2024-08-19,655.6983691199149,657.4763882250516,651.3125565057898,653.559814453125,5287300
2024-08-20,656.6219927918777,669.1225693206712,653.559851951242,664.015625,9571590
2024-08-21,663.9909634660577,666.4949976261717,661.3288483205148,665.3145751953125,6331110
2024-08-22,666.7617199612553,668.2434126722802,664.1835891137271,666.1295166015625,7282600
2024-08-23,667.2556196678566,667.9470883265949,662.3117001496897,665.364013671875,6180450
2024-08-26,669.3299561128887,673.5775234049675,667.3593096513421,669.5621337890625,8983430
2024-08-27,669.5621151500945,678.946168625842,664.7861041240081,677.9830322265625,20359020
2024-08-28,679.2079417679081,683.2579381807396,676.8372695096431,681.5786743164062,8489860
2024-08-29,680.4970320266902,707.0637410137804,679.7561856802193,697.7340087890625,26391590
2024-08-30,698.4748865110748,712.6991611183636,698.4748865110748,711.2273559570312,20443670
2024-09-02,718.5222408127387,735.907411931538,714.0771624856354,734.924560546875,22963780
2024-09-03,736.8951645794576,736.8951645794576,711.8150318408045,726.40478515625,18986560
2024-09-04,716.6404324170142,728.6964890180799,715.6823000676559,721.0410766601562,8867460
2024-09-05,723.0660563684515,723.7229184446853,710.5210457914444,715.647705078125,6734470
2024-09-06,716.6996940860888,730.4745045197369,716.6996940860888,722.7845458984375,18428270
2024-09-09,723.4612370588418,728.7903512278202,717.4159351873451,725.777587890625,8789380
2024-09-10,728.0000891351112,728.0000891351112,710.5210465437442,715.346435546875,13089320
2024-09-11,716.1515287684227,734.1294136865873,711.8348685147892,725.5899047851562,11048900
2024-09-12,732.9439681617731,734.9195583724518,720.7545500341854,733.7638549804688,14467640
2024-09-13,733.7638786030753,756.6510750493478,726.2269968834776,750.5761108398438,22084380
2024-09-16,758.6267230907938,758.6267230907938,723.2636665464314,725.6096801757812,26795550
2024-09-17,724.7947323564229,736.401326026185,719.7223943274977,727.560546875,15677860
2024-09-18,729.7089318400728,757.8858119833055,728.8446111030438,753.7963256835938,29749930
2024-09-19,758.1327695118755,765.3436619716622,746.7731254084403,749.7710571289062,17206440
2024-09-20,754.1816524090713,756.1572428541507,739.5869538799527,748.9907836914062,16450040
2024-09-23,753.2678899217586,754.275399965835,743.9776477033498,750.2402954101562,5734970
2024-09-24,750.428048874669,751.0651358011555,739.25608722626,746.2002563476562,10695400
2024-09-25,745.2914259933434,754.6754797334848,740.6537206206248,753.0851440429688,12720380
2024-09-26,754.6755091847756,768.4453762534998,749.494528346117,767.3588256835938,16681650
2024-09-27,768.5045824372041,771.467967716525,761.688772178675,766.1338500976562,11781310
2024-09-30,765.1460664763093,772.8509165502438,758.2463321171649,760.8985595703125,9619520
2024-10-01,756.6609402618316,771.9273305359507,755.7620129510991,760.8985595703125,7882880
2024-10-03,751.7120738578051,760.6022297904203,729.0915418687258,734.3120727539062,10406620
2024-10-04,732.9440157642659,733.9318109337596,706.767443772685,712.3336791992188,17681110
2024-10-07,712.3336058894837,723.461131798297,710.2543165645639,718.0677490234375,9362270
2024-10-08,717.618302941095,720.6360097123239,707.2662296698204,709.9234008789062,9038050
2024-10-09,712.7928901556166,733.6156268717573,711.814982694058,721.1348266601562,10543750
2024-10-10,723.0661007841838,727.8075057804592,718.4234511937793,723.0364379882812,5594270
2024-10-11,723.5599416713886,724.0538392424954,713.7856894463122,721.2880249023438,3615870
2024-10-14,720.3693413114017,722.4585182708441,711.2124615757413,712.0817260742188,4451810
2024-10-15,715.6476937732767,716.7589633095673,689.382254673613,693.1259765625,14855670
2024-10-16,692.4444088609181,697.3191755758832,683.5542523990803,687.1448974609375,11256980
2024-10-17,689.5748476231796,691.3380957829829,678.7140444363072,681.529296875,6897550
2024-10-18,680.8872059400413,685.3964933511593,673.7454660770677,681.5342407226562,7449290
2024-10-21,682.4726228748415,686.5917116835217,663.5266592359529,669.8140258789062,22099660
2024-10-22,671.7007101041571,674.9604220804397,656.2565231011339,659.6397094726562,17006190
2024-10-23,652.5127933907359,701.2209698346917,652.0435545202597,691.041748046875,26373910
2024-10-24,692.6913393865416,703.5916321887945,690.52806562626,695.4967041015625,8951250
2024-10-25,695.4966706377589,697.3783889311043,680.9168054798616,682.5812377929688,10223240
2024-10-28,683.5542011714341,695.9016397764094,679.109123273643,682.6997680664062,7149810
2024-10-29,682.477514750229,697.383369964567,671.917982274992,693.6791381835938,14097500
2024-10-30,691.3578584764198,693.4766381030124,684.7396188284117,687.0115356445312,5660440
2024-10-31,686.4188968009918,688.572283065161,679.5783669263487,680.566162109375,7301530
2024-11-01,684.5419933626162,685.979252091416,681.776179184853,683.9097900390625,450110
2024-11-04,688.9870885899387,688.9870885899387,667.0481375125781,676.017333984375,7162390
2024-11-05,676.1457335892629,692.9333061836481,663.0080710574805,684.5765380859375,12234300
2024-11-06,685.0359341414089,693.8371623695832,680.8180295727112,692.0690307617188,6962620
2024-11-07,692.069053447962,695.3041067750942,678.6152879339744,682.023193359375,4590470
2024-11-08,682.0231336334226,686.6707264246178,675.7505986222902,681.1785278320312,4248400
2024-11-11,677.6275207794866,681.9935587697154,666.9741758616995,669.6066284179688,7623160
2024-11-12,673.577554339216,675.3407421999111,653.4265086414368,655.7182006835938,10572330
2024-11-13,655.4020530252933,662.0449509990211,644.6943275453784,648.5862426757812,8673470
2024-11-14,649.2086233112618,655.8416946407648,645.0302688868454,646.921875,5277030
2024-11-18,655.2045432549749,657.575275848004,647.4997527629816,648.7789306640625,5965350
2024-11-19,651.3867189263092,656.370128780279,648.0924002620611,651.4805908203125,8040460
2024-11-21,653.3277296958628,653.3277296958628,637.2266206820782,638.6737670898438,11010800
2024-11-22,639.1035280482557,664.0354705624637,637.7255343788306,660.2374267578125,9698550
2024-11-25,670.7029636843931,677.9237432210431,658.5925865022996,660.3804931640625,11327510
2024-11-26,663.9959333145356,665.7541773873521,652.7794780269845,653.7178955078125,6632780
2024-11-27,656.8837167070218,665.1120664607204,653.1547662291734,662.3363647460938,6420100
2024-11-28,663.2056712979346,664.4156962104363,641.5729339359649,642.995361328125,15768820
2024-11-29,643.9437129378866,652.8338697094714,643.0892194488209,649.5642700195312,7096430
2024-12-02,651.4509155066913,658.3654817061558,641.1778216085368,656.947998046875,9202490
2024-12-03,661.4424482999739,664.0354106023556,654.987233438699,659.397705078125,13136660
2024-12-04,661.9955973046382,668.1841483396045,658.5482019051158,665.77392578125,11304410
2024-12-05,667.7495523533025,680.581002300163,660.3855222874306,676.67919921875,13482430
2024-12-06,679.2029480959052,685.0359071458076,669.5917209914767,676.6693115234375,8332070
2024-12-09,676.6495323888263,684.04810805551,674.4565959117224,678.4522705078125,8409100
2024-12-10,680.0771983445102,687.3918505068708,676.05198126489,685.1544799804688,12045630
2024-12-11,687.4955113857335,707.7551988096811,680.8970472625028,702.8261108398438,19931040
2024-12-12,703.4929192804703,706.1155444652702,698.8651011986301,703.8831176757812,9667960
2024-12-13,701.2358213850275,712.9164511394662,689.5402999430213,709.5135498046875,12504360
2024-12-16,709.513483319545,715.9538662829843,706.8760270309309,712.042236328125,7960740
2024-12-17,711.2124738078229,716.8824080497986,702.3223178852251,706.5501098632812,10318560
2024-12-18,706.1747595242988,709.1183697061999,697.422848889461,698.8107299804688,7275140
2024-12-19,686.5176458569614,693.8717881614369,680.3784723235021,683.4110107421875,9076750
2024-12-20,682.8973526743346,693.8273079556544,672.1649081824262,676.466796875,27000190
2024-12-23,681.2822937029399,689.1747669191143,677.2273538130918,678.2892456054688,5829280
2024-12-24,679.8006139646213,682.5664282438878,671.1080289625424,672.5106811523438,6014270
2024-12-26,674.703555812157,677.4298799847502,671.705624156204,673.2564697265625,3290960
2024-12-27,676.3285391188027,689.1550450370221,674.7035967579224,682.34423828125,5554180
2024-12-30,681.5786770684942,690.9627313179881,678.121393923944,680.4180297851562,4908760
2024-12-31,678.6103005167183,679.3067129543762,670.9104544730343,673.9725952148438,6153980
2025-01-01,673.9726320429301,686.3151278617189,672.2933681968553,685.0656127929688,4187210
2025-01-02,689.4809910242172,733.9317712478415,688.5919513036531,729.9015502929688,31716510
2025-01-03,729.9559287245287,740.8463948448415,726.9431654435398,731.6845703125,15059280
2025-01-06,740.8464082616522,750.7144727732598,722.7450489617455,725.9652709960938,19059760
2025-01-07,726.5183720958249,735.6011555232448,721.2336922825674,726.4196166992188,10425380
2025-01-08,727.2000134135191,729.8275221413492,716.8133323228351,726.5628662109375,8444660
2025-01-09,724.8885023686057,726.5628223814273,714.7685458876665,718.8629760742188,6681410
2025-01-10,718.8629737364873,727.7136399495483,715.6625271097332,719.9100341796875,8089630
2025-01-13,715.1637156887145,716.6552960681491,704.6931108182054,706.3673706054688,6642740
2025-01-14,714.1758806037512,729.7830316349712,710.3382868685931,724.5477294921875,9980110
2025-01-15,725.0909770841355,726.0293944819878,701.8481898606851,708.9800415039062,6817500
2025-01-16,711.2125110577488,720.0039120466387,710.6248018802831,717.1145629882812,8608490
2025-01-17,713.2868743970815,719.6038438575115,706.8958685304382,709.4443969726562,6652740
2025-01-20,709.4444007088368,737.883002347853,709.4444007088368,734.9295043945312,10679710
2025-01-21,735.907382821227,739.3646658277696,718.8778041725794,720.265625,10032060
2025-01-22,724.9428586460236,732.9686939513183,717.173799426706,730.6868896484375,7273680
2025-01-23,725.1404197011007,743.2171197816112,723.5599715244443,735.2406616210938,10302950
2025-01-24,735.240662323378,741.3402855259882,724.8737566914398,734.7813110351562,6796870
2025-01-27,729.002703629846,738.327492197745,717.1392743078752,720.6409912109375,6928100
2025-01-28,729.9806046112333,761.2739472466138,725.5355265046696,751.376220703125,24789330
2025-01-29,756.3794336352531,769.1961121605289,747.657245679247,766.4945068359375,15149200
2025-01-30,775.4191780157412,814.9951923600901,775.4191780157412,780.5211181640625,56488830
2025-01-31,782.8276454863043,788.3247278312023,769.5911665443239,778.8863525390625,18335460
2025-02-01,778.3826029398437,801.09694831282,768.9392834173096,790.2460327148438,16153780
2025-02-03,782.5509811875085,833.6298859467698,782.4373944009279,832.29638671875,43369260
2025-02-04,832.2174566954532,838.6381255008187,820.1663431873357,837.1909790039062,19663000
2025-02-05,839.6258525480382,848.3875904449388,834.2423570824784,840.559326171875,18674930
2025-02-06,843.0091001420255,855.707248339586,835.8723039919615,840.3469848632812,17094730
2025-02-07,848.0221185056897,848.0221185056897,828.1575729250835,837.082275390625,9665400
2025-02-10,837.5317181052883,838.4404727202495,811.9675759752106,818.5660400390625,12438380
2025-02-11,819.7712021351498,825.3127183423073,804.0010263640768,809.1227416992188,9630590
2025-02-12,805.0185403586128,818.289566436961,792.7056466833607,811.3799438476562,14837310
2025-02-13,809.700697020402,839.4283652023549,809.700697020402,830.6370239257812,18003130
2025-02-14,830.592471806726,835.2400648701193,818.0919555306888,828.9873046875,8633150
2025-02-17,811.992384689552,838.4405653632614,811.992384689552,832.37548828125,8627990
2025-02-18,832.7113570489839,837.6503330694405,825.8659435194592,836.257568359375,8689770
2025-02-19,835.5907028741462,842.4904977370978,829.7479163344409,833.644775390625,8961980
2025-02-20,825.3868311363984,835.240063629847,824.3792607917218,829.693603515625,7900700
2025-02-21,825.796744718911,831.7531784078093,818.6846075867305,829.4219360351562,6086470
2025-02-24,822.6357365676507,829.6491178609544,820.9614166600082,825.2978515625,3552600
2025-02-25,825.2978838441362,842.25830927362,823.6285076698499,838.51953125,10985410
2025-02-27,843.8338875734571,863.2341986302015,843.8338875734571,859.9151611328125,18382830
2025-02-28,855.9245297524822,856.4184273461074,840.6186481492557,842.6189575195312,17545800
2025-03-03,843.1819256317436,854.5218550816613,833.5114327063873,852.2548217773438,8749960
2025-03-04,841.8187725751311,851.4102854001063,840.9742269959129,848.115966796875,7655060
2025-03-05,835.1807583739746,839.6258363310212,812.066328881241,819.7415161132812,16300920
2025-03-06,826.2906396991598,835.6549183911609,817.4548048826118,830.8197021484375,8814220
2025-03-07,830.7258315228701,836.6624900063057,826.4338905459149,830.1924438476562,4729460
2025-03-10,833.4768883821185,853.2475627633547,822.443172994423,824.0780029296875,10164530
2025-03-11,820.36388361121,827.2784497584448,811.1033039497349,823.8656005859375,8135670
2025-03-12,823.9297789001807,842.0459680567951,817.158462597569,838.08984375,20882230
2025-03-13,839.6258715800483,845.5526424382605,829.056451491524,831.7679443359375,12173510
2025-03-17,829.6688455074964,852.4622295528987,828.3649487375309,847.562744140625,11020850
2025-03-18,847.562744140625,847.562744140625,847.562744140625,847.562744140625,0
2025-03-19,859.3817677282159,877.0633247665322,857.6630138391963,862.503173828125,12898200
2025-03-20,861.8512675396124,866.1037184214129,843.6906440780284,857.3716430664062,7924330
2025-03-21,892.9618800357553,897.8070442304975,872.3218808932932,880.72802734375,27448010
2025-03-24,898.4935319979464,900.3753107639236,881.8047733514692,897.9107666015625,14332170
2025-03-25,901.3631106730027,914.7032895341817,886.7486977214932,895.6585693359375,17482600
2025-03-26,899.0961208716863,901.5507774029766,874.1937828960345,875.7841186523438,8862110
2025-03-27,875.2853078152061,894.4880490291454,871.4576013924166,889.39599609375,20920440
2025-03-28,888.7785142673646,891.8703177029499,875.2851996598098,883.6419677734375,9770990
2025-04-01,867.6101258150749,881.6071661259728,856.5171453492644,859.2039794921875,11834240
2025-04-02,862.345105454572,865.293659300819,850.6891355603105,856.34423828125,6464950
2025-04-03,854.4428225247317,865.8024669860432,835.6944894805895,848.970458984375,13966330
2025-04-04,855.0354482029139,868.9633958369621,847.9035962386396,861.2437744140625,18496580
2025-04-07,823.821177532594,849.5532298327297,820.5762969041879,846.3428955078125,13981240
2025-04-08,854.4427728243368,876.4705917882363,854.4427728243368,871.45751953125,14775630
2025-04-09,870.741349818885,873.4084085524958,851.9732435834242,862.9180297851562,10487740
2025-04-11,871.7341706295462,886.3979608089876,870.3166869895953,881.221923828125,10097220
2025-04-15,914.2537474566216,917.6616526272227,896.4734355650285,902.9434814453125,12633610
2025-04-16,903.783162298271,905.9563236328113,885.459574774967,894.5966796875,7198220
2025-04-17,892.9667707622783,907.7836972682895,884.2741859367974,905.0672607421875,11415130
2025-04-21,905.8081437295533,920.1311732650805,902.9929516955591,916.0317993164062,7824150
2025-04-22,918.1555247049528,927.8359044081861,911.7348567000231,914.7476196289062,11293580
2025-04-23,916.8715115726395,923.4403134417787,903.8326029474815,920.9214477539062,10818710
2025-04-24,950.2589188698975,954.210099405739,915.9824156634257,918.7482299804688,18496710
2025-04-25,919.6866896864188,923.0452174123409,888.0278662459314,900.0789794921875,10893540
2025-04-28,896.918026756798,901.3631050832358,889.0650429887111,898.2021484375,9946560
2025-04-29,901.8570026750623,903.4374508528135,885.0644845529637,898.2021484375,11768180
2025-04-30,873.2109216488716,877.9523263599593,845.1575149820685,852.9117431640625,39690570
2025-05-02,847.0837366024972,880.6193947068681,846.1453191322561,876.026123046875,18933030
2025-05-05,876.9151493635896,892.2753519747675,875.7791608185833,882.2986450195312,8930610
2025-05-06,880.2242686600637,886.4474265819485,864.3207902358181,869.0128173828125,12040870
2025-05-07,864.3207496704923,888.7686794468863,861.6536907277487,887.68212890625,11635570
2025-05-08,886.7436831494186,896.3746854810895,866.7902098503728,872.4700317382812,12018090
2025-05-09,855.6052761471834,868.5629735214347,851.1541504331229,854.7150268554688,12151340
2025-05-12,875.2891347417517,893.1925266870196,872.9646218431894,892.0549926757812,10638220
2025-05-13,890.6208003889055,906.3975195067259,889.3348713613016,894.3795166015625,13363000
2025-05-14,894.6762452523169,901.1550937709037,891.412098554703,898.2371215820312,7594000
2025-05-15,900.0670603030197,911.4916038712305,892.9946921848513,908.870361328125,10385000
2025-05-16,908.8703259586581,918.514430995986,903.430061578627,906.7437133789062,6251920
2025-05-19,906.7437633385294,918.8607164889439,906.7437633385294,915.4976196289062,7162740
2025-05-20,919.701414140777,920.8883929945976,897.0501676578166,898.039306640625,8106160
2025-05-21,900.1165146035777,917.9210170902419,893.0441464113619,909.7606201171875,7321500
2025-05-22,909.7605598698166,909.908954862947,897.1984829838995,903.97412109375,6159740
2025-05-23,903.9741536872501,918.563953895906,901.2045161972959,914.3106079101562,4251690
2025-05-26,915.4481216652316,923.5096284630482,914.9535521775681,916.8823852539062,5476790
2025-05-27,916.9319051022092,918.9101832146195,904.3698270139519,907.139404296875,7150000
2025-05-28,914.4590075574926,919.3552576929596,904.1719377854458,916.6845703125,6507400
2025-05-29,914.9535797277344,917.8715518672628,906.0513286817348,910.403564453125,7081750
2025-05-30,911.3974672853087,914.7269757525836,906.5273802181192,912.4410400390625,15041740
2025-06-02,907.4218677688716,910.9004839103733,898.4768548335816,906.2788696289062,6619630
2025-06-03,905.0365436982427,907.2231146375449,891.5196589753353,892.4141845703125,9080270
2025-06-04,892.0166089717943,898.4272140043767,890.973036213526,893.2092895507812,5544930
2025-06-05,893.2092570386384,893.2092570386384,881.5310455913839,887.941650390625,7853320
2025-06-06,889.0349292177171,937.6361922067621,882.1770614518629,931.4243774414062,19783860
2025-06-09,949.1652576010766,972.8198351344962,934.5550577338245,954.880126953125,23496010
2025-06-10,964.0736055386697,964.0736055386697,942.7546461497201,943.9473266601562,9044040
2025-06-11,943.2019253434805,951.1530480018029,934.6544927506848,936.7416381835938,11860810
2025-06-12,939.1270255972054,947.4756682253494,929.7844319466296,931.1261596679688,12388330
2025-06-13,909.409657042722,930.8279816417149,909.1115020745027,927.3990478515625,10182020
2025-06-16,950.1591916602812,950.1591916602812,919.3485902570712,932.2691650390625,7016290
2025-06-17,935.7477499981485,937.7355306672895,911.8943819684558,917.3607788085938,6110175
2025-06-18,921.3363768999933,926.8027739581917,909.4096924093784,913.38525390625,5002923
2025-06-19,913.385200835148,916.86381694279,888.5379429234192,894.9982299804688,6585940
2025-06-20,891.5196413830498,901.9554900280019,880.5868475645286,899.4707641601562,14320241
2025-06-23,893.5074254217726,912.3913420880837,885.0593574394755,909.9066162109375,5870597
2025-06-24,914.3791289467403,930.2813746675532,908.9127319802109,910.9005126953125,11555634
2025-06-25,912.3913575534164,924.3180419658793,910.4035768180058,922.3302612304688,6623799
2025-06-26,924.3180034916086,947.6744261604825,922.827168002106,945.6866455078125,11677790
2025-06-27,944.1958434478533,953.6378018823319,930.2813783865166,941.2141723632812,21637194
2025-06-30,950.1591822944474,950.1591822944474,928.2935944173786,930.7783203125,6086081
2025-07-01,926.8027599436833,936.0459281516897,922.3302533273331,930.9274291992188,5381327
2025-07-02,927.299682154299,934.1078066812064,908.415765797459,917.3607788085938,9394493
2025-07-03,916.3668704010717,918.8515961884932,899.6695252420488,904.5892944335938,7606558
2025-07-04,916.3669024938135,934.9526641670823,913.3852314444845,919.646728515625,10613046
2025-07-07,919.348569777971,923.6222861320559,912.4907021276991,919.000732421875,3383973
2025-07-08,913.1864557424574,923.8210947863812,913.1864557424574,921.982421875,3851432
2025-07-09,920.8393812062847,940.2202424405239,918.3546554070233,934.8532104492188,5341529
2025-07-10,937.2386150259385,945.8854733415554,936.4931972515277,941.8602294921875,5409906
2025-07-11,932.9648727512993,941.3632582428945,925.858532567122,927.796630859375,4278038
2025-07-14,926.3058276901469,926.3058276901469,905.7322848353934,913.2361450195312,6657978
2025-07-15,913.3852504906677,924.9143545235808,912.3913601201664,922.7278442382812,3892075
2025-07-16,918.3546614371439,921.336332415836,913.7827902013834,916.118408203125,3952491
2025-07-17,920.2927692034689,920.5909241719648,910.4035482229633,917.658935546875,4583882
2025-07-18,914.876047867372,939.1269961604789,914.3791027028597,936.2446899414062,7893820
2025-07-21,933.1636935624069,945.189742786162,931.6231149576104,942.6553344726562,4660232
2025-07-22,949.165268057785,956.1225003890987,934.2569130621131,946.730224609375,6237382
2025-07-23,948.1714130436221,965.0178669487034,947.8235756790004,962.384033203125,9694991
2025-07-24,964.0736630264946,964.0736630264946,948.1714170384288,953.0911865234375,5189112
2025-07-25,900.8622276357114,919.2491989092772,892.5135245222726,908.1672973632812,24415481
2025-07-28,903.69476891972,908.1672753372495,873.6295868907714,875.1204223632812,14011284
2025-07-29,869.7037447809487,888.5379791789943,868.163226860013,881.1334838867188,11323854
2025-07-30,885.5066151591211,887.1464978312954,869.6540520212546,879.44384765625,5054496
2025-07-31,866.6723590329987,882.425496339971,862.6967977530308,875.816162109375,6999179
2025-08-01,879.3941695635544,890.3766457988038,867.6662755657916,870.2503662109375,5300299
2025-08-04,868.6601644770973,881.3322664188398,868.3620095050362,879.89111328125,3969985
2025-08-05,883.5684994549333,888.1403706877749,877.0088475708995,886.4508056640625,4446791
2025-08-06,882.5746376427153,890.0288153255085,869.2564825845568,871.2940063476562,4212648
2025-08-07,865.678516138179,876.6113102570308,861.951427234025,873.72900390625,5998002
2025-08-08,871.6418467707626,882.8727957198508,870.6479564095645,871.7909545898438,3736916
2025-08-11,871.7909583433857,882.8727995211062,867.4178164703837,872.4369506835938,5367926
2025-08-12,871.840610285568,879.493577964962,846.2976166522797,847.7884521484375,8257312
2025-08-13,849.3289521825652,858.7212277434593,843.8128730951354,854.7456665039062,10117225
2025-08-14,854.7456755162978,861.6035429917359,850.2234866910745,856.1868286132812,5379250
2025-08-18,869.6540550045962,914.0312833334461,869.6540550045962,899.6695556640625,16277779
2025-08-19,900.4149554099347,904.340834340714,885.0593376992107,896.7872314453125,5764382
2025-08-20,895.0479566542332,896.4891098168773,880.6365463522989,882.3758544921875,5561646
2025-08-21,882.5746314276544,895.7933609596045,878.5990700248271,890.128173828125,6697533
2025-08-22,889.5318572810404,898.3775056015852,886.5501862510481,889.034912109375,6424895
2025-08-25,896.5884320002725,902.4524091439717,892.6626137722333,895.29638671875,5837876
2025-08-26,894.4516368796031,896.3897352037943,868.1632248643122,870.8964233398438,6712926
2025-08-28,864.8834023279845,879.0960223258443,864.386457148603,871.4927368164062,8349342
2025-08-29,865.5294007405946,882.5746447779533,865.5294007405946,872.4866333007812,5672446
2025-09-01,872.4866425092836,889.3330965188461,872.4866425092836,883.9163818359375,4101526
2025-09-02,889.531829961714,894.054018752533,880.7359249582778,884.6617431640625,6103185
2025-09-03,887.2459325590307,893.358321848498,874.673195296038,890.8239135742188,5493809
2025-09-04,909.4096671199059,942.2080485570173,906.6764686668133,929.0390014648438,21738706
2025-09-05,936.2447239024901,936.5925612653656,926.3058202517205,931.87158203125,5467260
2025-09-08,931.8715622116007,943.8479893858586,929.9335245707231,938.5306396484375,5657331
2025-09-09,938.2325099594004,943.5995422261885,934.2569484765216,942.6056518554688,5417393
2025-09-10,945.2394223633869,963.7258196057238,941.9099138954552,962.0361938476562,6836239
2025-09-11,962.0858293005991,969.9375870897502,959.7004682688378,964.3220825195312,5982627
2025-09-12,966.3098828648202,998.4622110922587,964.9184121242076,997.1204833984375,11412561
2025-09-15,992.8964290458812,1019.4332520431325,992.001903493552,1003.6801147460938,9989753
2025-09-16,999.7045740170013,1009.096849860506,993.8903397941067,997.1204833984375,7602155
2025-09-17,1003.8292693713166,1005.6182598971513,994.2382030772733,1001.3445434570312,6995023
2025-09-18,1000.8475919379939,1003.630472811925,983.9514558278192,990.4117431640625,9738376
2025-09-19,984.9453214918962,989.9147731644083,982.5599604241896,986.386474609375,6736440
2025-09-22,983.9017736531472,1004.7237888199518,982.9575656790432,1000.3506469726562,4250045
2025-09-23,992.8964637224411,1022.5144448037238,992.8964637224411,1019.2345581054688,10230040
2025-09-24,1015.2589619880337,1029.6703716295672,1014.1657069008178,1023.4585571289062,6433184
2025-09-25,1013.7681439092971,1024.8003023869387,1001.8414598633053,1006.5624389648438,16731453
2025-09-26,1001.891155536227,1004.3261990270311,975.0561160768209,979.0813598632812,9109737
2025-09-29,983.9514219414285,991.7037543454866,975.1057737823071,984.8956298828125,5804877
2025-09-30,983.951470544565,996.1763100158497,983.4048429711578,992.797119140625,7182200
2025-10-01,985.4422986048428,993.8903667219796,971.7763060624155,981.66552734375,6932272
2025-10-03,969.0430597091871,986.137985305225,966.0613887562358,983.7029418945312,7692197
2025-10-06,986.933141732111,1016.7498529626885,986.038616130292,1002.7360229492188,9299635
2025-10-07,1002.7360085412411,1023.2101256938167,1002.7360085412411,1010.3392333984375,7991437
2025-10-08,1005.8667066083218,1021.7192696660381,1005.8667066083218,1016.89892578125,4448915
2025-10-09,1016.7498234980768,1022.7131655713794,1008.7490183488464,1017.8430786132812,4444154
2025-10-10,1011.8797350138916,1021.2223285128763,1010.786479900336,1017.5946044921875,3714548
2025-10-13,1017.5945623126523,1033.645914968652,1015.2589443658443,1030.415771484375,7684523
2025-10-14,1033.6459286680113,1035.7330740667676,1005.1709468489393,1012.92333984375,7668358
2025-10-15,1019.7315303152786,1056.5054743909757,1012.1779876889561,1053.4244384765625,10205158
2025-10-16,1055.5115586239883,1074.4948401686147,1052.3807797360498,1059.2386474609375,9901992
2025-10-17,1049.6475471792012,1069.873191012859,1049.6475471792012,1063.56201171875,5761670
2025-10-20,1074.8924530057527,1079.8619049382805,1065.6492238814471,1074.3955078125,5700858
2025-10-21,1078.271616183115,1082.3465421688047,1074.3954197286298,1079.86181640625,911624
2025-10-23,1083.3404189115208,1095.764047568763,1077.2777123916862,1087.465087890625,11143407
2025-10-24,1086.819129938597,1091.8879466089368,1080.7564228887977,1083.092041015625,6440277
2025-10-27,1084.2845668288383,1087.3159807528757,1069.1774829021078,1077.774658203125,7366175
2025-10-28,1071.4138474332178,1085.7258934078031,1056.5552345352612,1066.1959228515625,12324341
2025-10-29,1065.4504445842445,1072.5567847808404,1054.766123428199,1056.4556884765625,5386803
2025-10-30,1056.5054276799265,1060.282259488358,1038.6154016232579,1045.870849609375,4271927
2025-10-31,1045.5726982056322,1062.9160371127934,1035.0374842566753,1036.428955078125,5315632
2025-11-03,1030.6643436131337,1041.5971380005442,1024.701001220001,1036.72705078125,4135617
2025-11-04,1033.6459780776963,1053.9213657587372,1028.6765262600152,1050.5421142578125,6202540
2025-11-06,1030.6643366417718,1046.3678533672753,1028.6765558575062,1035.534423828125,5776277
2025-11-07,1032.6520258968524,1070.3204926848425,1027.8813039076636,1060.0833740234375,6940923
2025-11-10,1060.0833659595746,1081.3526425691243,1056.406020392402,1078.3709716796875,5692236
2025-11-11,1037.3233116315946,1037.3233116315946,990.9086807328857,999.05859375,23762890
2025-11-12,1004.8231337094597,1012.1779464901371,1002.6365628290757,1007.0097045898438,11131278
2025-11-13,1006.3139824958898,1013.1718501970593,997.3689693181485,999.2573852539062,8503994
2025-11-14,998.7604589574643,1013.6688145355203,996.474462572359,1012.27734375,4381122
2025-11-17,1014.7620597331335,1026.6887440786747,1010.7864982846197,1020.5266723632812,6011603
2025-11-18,1014.9608295603725,1017.8430751553253,1005.5188713097211,1007.4072265625,4562185
2025-11-19,1002.8353671911749,1009.89196443971,998.462225368651,999.4561157226562,5158832
2025-11-20,1008.7987279931348,1025.3966486825288,1001.1457599931499,1022.3156127929688,5459073
2025-11-21,1013.768151744064,1021.3216941000011,995.3811803643922,997.9652709960938,6304584
2025-11-24,998.8597957373146,1003.1335120841381,983.9514405770561,987.927001953125,9574900
2025-11-25,988.9209056300073,990.809321574001,978.4850568771278,980.1746826171875,6376983
2025-11-26,980.174650422007,1006.6121087960257,975.3045635657265,1004.5249633789062,9772235
2025-11-27,1009.3950096533575,1038.5160452782807,1004.7237735638056,1027.48388671875,12076038
2025-11-28,1031.6582000658886,1037.1245970797252,1024.700967502824,1031.1612548828125,4983147
2025-12-01,1035.534356502259,1035.6337212701098,1012.5754535393232,1014.8613891601562,6459837
2025-12-02,1008.3017642106271,1029.6704068232723,1007.7054542630824,1019.2345581054688,6706145
2025-12-03,1014.7620265368471,1020.0296938136075,1008.0035844279158,1015.1596069335938,5895670
2025-12-04,1011.7803417565528,1025.9930218061163,1009.7925611244182,1022.8125,5404918
2025-12-05,1022.6137652237765,1054.5176199410707,1020.228404212544,1041.5970458984375,13123572
2025-12-08,1041.597096857867,1043.3861480349447,1016.7498378679369,1020.1290893554688,5189635
2025-12-09,1018.737620150018,1019.7315105111398,1007.5066712017904,1010.4883422851562,5968501
2025-12-10,1009.7925673399986,1015.4577543089035,1001.1457094045386,1004.1273803710938,4990527
2025-12-11,1005.7176787137419,1014.2651115377427,993.9897239456782,1000.2512817382812,4670539
2025-12-12,993.8903645868176,1014.5632720377727,993.8903645868176,1011.0846557617188,4381711
2025-12-15,1008.7986919901589,1010.2895274955631,1001.8414596316061,1006.5127563476562,3958977
2025-12-16,1001.3445490117061,1004.4255848976097,990.4117549282037,992.3001708984375,3861617
2025-12-17,993.8903172081899,1005.0219008933718,989.2190205848613,993.4927368164062,4695550
2025-12-18,995.9774670089271,1003.5310698504261,988.9208699904783,994.1884765625,3103997
2025-12-19,997.0708318128779,1007.8048356817715,996.3750964210808,1002.1396484375,5126009
2025-12-22,1002.1396453790434,1009.1963033853727,998.8598192988709,1001.6427001953125,3921237
2025-12-23,1007.3078485512267,1011.780355032214,999.5555161166326,1005.220703125,4712043
2025-12-24,1004.8231244992292,1031.0618534988278,999.8536728449303,1005.5188598632812,5984816
2025-12-26,1005.5188486986123,1005.5188486986123,991.9025391845703,993.8903198242188,5211460
2025-12-29,996.8720397337644,997.766565330431,983.5538845292492,991.902587890625,6715489
2025-12-30,988.0263376479772,991.5049537496724,981.0691054445871,983.2556762695312,7473887
2025-12-31,983.9514573813728,988.125809029987,972.4223534587753,980.77099609375,9895270
2026-01-01,982.1624435784461,982.9575437159378,963.079736967385,967.1546630859375,7118751
2026-01-02,966.9559186204996,988.1257703484403,954.7310191290646,984.398681640625,6206869
2026-01-05,973.7144106235808,993.0455905121329,969.0431137377275,972.7702026367188,10564157
2026-01-06,972.0247761461352,980.9697894235536,967.3534793021437,971.3787231445312,8380183
2026-01-07,967.1050155315073,970.4842670653649,959.1538925457289,962.8809814453125,7048491
2026-01-08,962.582784977722,972.372580467112,959.4023237880401,966.01171875,4410256
2026-01-09,964.1729698848583,976.9941792075174,947.8732051235074,953.7371215820312,7598970
2026-01-12,952.9420353889222,955.5261866418798,934.1078015204165,946.084228515625,5640136
2026-01-13,944.195855706459,950.0100901319603,933.2630615877528,943.2019653320312,6765116
2026-01-14,941.214166001815,948.0720337148815,937.3877124007109,940.1705932617188,4452202
2026-01-15,940.1705932617188,940.1705932617188,940.1705932617188,940.1705932617188,0
2026-01-16,934.4556893365371,957.1163764598338,931.0764379896394,944.4442749023438,10710080
2026-01-19,944.6927439465522,966.9559112565895,943.0528006627021,963.5269775390625,7000442
2026-01-20,969.7388134208337,969.7388134208337,922.2308674702824,927.4984741210938,9001207
2026-01-21,919.3485796817632,941.5123224973162,915.3730182561123,930.5298461914062,5375254
2026-01-22,941.2141466917889,941.2141466917889,928.542044927987,937.0894775390625,5518756
2026-01-23,937.0895078420846,945.5873190059384,920.6406344080395,922.18115234375,6535035
2026-01-27,924.3180213853252,926.2561196916482,902.1542788114394,909.1115112304688,15312488
2026-01-28,909.1115146957117,931.1758925840434,909.1115146957117,929.4365844726562,6046468
2026-01-29,929.4365844726562,934.0581381998472,918.0565278399878,929.4365844726562,6430445
2026-01-30,922.6780488062319,932.2691146019519,919.4976483309938,924.1688842773438,10151379
2026-02-02,881.5807301538995,903.8438979987861,881.5807301538995,898.1787109375,11874989
2026-02-03,954.1347317497356,966.8565160406149,936.1453407597718,958.5078735351562,15261370
2026-02-04,959.1041764888621,969.7388152414482,938.3815871995736,957.41455078125,17489015
2026-02-05,958.1102951298911,962.5828016942942,947.1775013057949,958.855712890625,6020258
2026-02-06,967.9994983851784,980.4728098858425,960.1974229025727,975.7021484375,13742927
2026-02-09,981.9636544236286,981.9636544236286,965.6638286075663,977.143310546875,4852548
2026-02-10,977.1433247113504,979.1311054171357,955.4267841032932,959.7005004882812,6166752
2026-02-11,959.4023662008532,968.546169777069,955.5262301383489,963.0300903320312,3597342
2026-02-12,962.3840381852973,995.8781559623915,959.1042120795487,992.995849609375,10346853
2026-02-13,988.9208978418898,1025.6948407767138,986.7343269403416,1018.4891357421875,21613987
2026-02-16,1016.7994973052029,1023.0113725747423,997.1701631461748,1006.5624389648438,4460636
2026-02-17,1006.5624477080115,1010.1404286879872,997.8659071822697,1007.9539184570312,2913899
2026-02-18,1008.3514361946241,1019.4332771309149,1000.8972586159408,1017.544921875,4929647
2026-02-19,1017.7437317964992,1018.2406769780405,1000.8475956240964,1010.836181640625,9866245
2026-02-20,1009.6932029015758,1030.2666840477068,1002.5868628307375,1023.90576171875,6922705
2026-02-23,1026.142020179564,1039.6092826480663,1022.7628901253963,1024.700927734375,9452225
2026-02-24,1020.0297068575513,1022.4646896664448,1004.1274007181052,1017.2964477539062,6610984
2026-02-25,1021.7192564500571,1027.6825984137733,1007.2084819365814,1014.8117065429688,3182612
2026-02-26,1014.5135629762356,1024.8996684832712,999.9033628685212,1006.76123046875,4336261
2026-02-27,1002.7856866993056,1008.6993464492525,987.0324881612286,989.8154296875,8145772
2026-03-02,965.0675492124609,984.3490466542129,962.0858781026386,972.2732543945312,8493269
2026-03-04,961.0919675381565,961.0919675381565,935.5489734349401,939.3257446289062,8964293
2026-03-05,952.146938837118,962.3343147484754,940.1208900749527,956.5200805664062,6181254
2026-03-06,954.1347052689937,955.6255407459765,940.816550743047,944.3945922851562,6560051
2026-03-09,916.168129174755,935.3502011464798,903.496026981582,932.31884765625,9182152
2026-03-10,944.1957988094701,946.3326872506235,926.1566653357364,934.05810546875,8474956
2026-03-11,926.5045848959302,935.499280319272,884.5624005143713,888.1901245117188,11172537
2026-03-12,874.7228568335765,882.7734049192558,853.1057421149175,857.8267211914062,15508258
2026-03-13,855.7395874221821,863.0446571962509,843.6141130753871,849.825927734375,6668639
2026-03-16,844.9061777172205,876.5119399548598,844.9061777172205,872.7848510742188,8982957
2026-03-17,872.7848534268901,875.6670991050029,854.2984561317264,863.2931518554688,7941385
2026-03-18,870.7472781073361,888.488256574478,852.9566779192932,874.7228393554688,12375517
2026-03-19,862.8955912055036,864.5852168883157,821.6491427701986,827.1155395507812,11585591
2026-03-20,831.5880356170413,836.8059597514911,814.2446375519916,825.4755859375,14881843
2026-03-23,813.1016506942655,813.7973860542813,783.0862114062364,807.63525390625,15835828
2026-03-24,824.9290101463579,848.7823791144452,812.6047452479443,843.8129272460938,18828248
2026-03-25,856.7831474745351,883.3697138215995,848.0866070806355,877.356689453125,15995501
2026-03-27,869.6540439335951,869.8031517488845,836.1102450961564,838.6446533203125,11282824
2026-03-30,825.9228529471898,829.7990494461383,794.1183628216662,796.6527709960938,20377282
2026-04-01,827.711880179218,836.9053660148123,809.8218536883318,812.3065795898438,15094026
2026-04-02,804.0572991582707,824.9786790496539,787.6084258753081,821.7982177734375,9113618
2026-04-06,823.8357064074843,847.7884387352203,809.2751890271433,845.6515502929688,12504591
2026-04-07,842.8190131619239,857.5285781459786,839.2907145671045,849.8756103515625,11569047
2026-04-08,884.5624095069836,920.3424620263672,875.6173963771378,909.4593505859375,13826150
2026-04-09,896.4890823934403,907.8194564801651,885.9538691047153,897.7314453125,9457820
2026-04-10,910.1550832505548,921.6345046005437,906.7261494285443,918.9013061523438,9491544
2026-04-13,890.6748827576488,900.365313902328,875.7167841019559,893.457763671875,10723313
2026-04-15,919.3485600943784,919.3485600943784,905.533460169681,907.5709838867188,5975197
2026-04-16,913.3852347747978,926.9021193161395,898.4768794737946,900.3652954101562,11805227
2026-04-17,896.6382207477712,904.887498678844,890.3269805066387,902.700927734375,6035241
2026-04-20,902.7009248247721,915.2736622182542,892.5135485743411,912.1428833007812,6184179
2026-04-21,913.8821981797305,940.1706106839638,913.3852529931185,933.1139526367188,6713975
2026-04-22,932.2691450912259,940.5681052202607,924.4671301354808,929.0390014648438,5759028
2026-04-23,920.4418471427572,924.1689360292474,903.7941834497668,912.7391967773438,9143598
2026-04-24,914.3790988282084,919.050395487281,904.2414053826628,915.9196166992188,3982355
2026-04-27,917.4104537284172,923.2744309195722,902.7505714127813,916.1680908203125,7813458
2026-04-28,916.1681024128881,924.2186505566239,908.7636072544419,918.0068359375,7119135
2026-04-29,919.3485415879115,931.2752253706736,910.9998386750779,924.3179931640625,5438997
2026-04-30,939.2263914452292,969.0431022847603,928.194232699504,931.2752685546875,27364272
2026-05-01,931.2752685546875,931.2752685546875,931.2752685546875,931.2752685546875,0
2026-05-04,932.3684830401445,960.0980471769249,932.3684830401445,944.3945922851562,7503756
2026-05-05,944.3946434071306,955.2280120622871,927.4488247005652,952.7432861328125,7290077
2026-05-06,959.1041619784364,977.988078121017,959.1041619784364,974.7579345703125,7771237
2026-05-07,986.1876852701698,986.1876852701698,963.079734972834,966.8068237304688,7873561
2026-05-08,965.0675308165735,966.0117387824698,945.1897237966647,949.5131225585938,5555386
2026-05-11,940.2202758524367,950.1591794026738,927.8463287999407,930.3310546875,5581022
2026-05-12,922.330237181858,926.9518515360861,896.2406157098496,898.6756591796875,7174645
2026-05-13,896.4891000333595,901.8561322142032,884.612098160999,890.6748657226562,7422952
2026-05-14,897.3836018637576,909.4096505736561,883.5685020327653,906.5770874023438,6815238
2026-05-15,907.4218593475697,915.9692918081777,901.8063547920738,904.887451171875,5012279
2026-05-18,894.5012895507624,919.3485475938392,885.2581216911881,915.4723510742188,6387223
2026-05-19,921.9326534050346,924.3180144815005,914.4784758688934,917.9074096679688,8313548
2026-05-20,904.4402049183851,920.6406052476597,902.8996870314689,917.4601440429688,5864990
2026-05-21,927.2997107512654,929.1881267100869,897.7314723859383,902.1046142578125,9713326
2026-05-22,902.5518096566084,918.354690610588,902.5518096566084,910.9501953125,4811990
2026-05-25,920.4418089864607,938.232470132043,918.8019263417376,936.1453247070312,7065528
2026-05-26,938.1827765217242,942.605600563208,922.4295786056811,924.5167846679688,8489543
2026-05-27,926.3057810448138,930.2316599531514,917.3607681377288,925.4609985351562,5349669
2026-05-28,925.4609985351562,925.4609985351562,925.4609985351562,925.4609985351562,0
2026-05-29,909.509052497803,932.0703760088064,889.8300353220891,902.700927734375,46752428
2026-06-01,905.8813937458372,912.3913635647469,882.5746523371408,883.6182250976562,6887616
2026-06-02,868.6601444858543,878.9966281359411,855.1929427077972,876.6112670898438,15697997
2026-06-03,876.6112961958627,876.6112961958627,858.2243245636365,871.4430541992188,14747769
2026-06-04,864.8833876892113,873.7787183820307,862.6968168044914,869.0577392578125,9676279
2026-06-05,868.660189418972,907.4219141184456,868.660189418972,883.9661254882812,13274646
2026-06-08,867.6662479009749,874.027170203179,861.2059608318382,865.77783203125,6203084
2026-06-09,880.5868586887179,883.3200571778759,866.7717584240726,881.4813842773438,9183355
2026-06-10,884.6617673327235,889.2336992938868,874.7228639331322,878.6984252929688,6939714
2026-06-11,874.6234767765276,881.5310265948833,863.1937381595617,865.231201171875,5191085
2026-06-12,875.8162057173853,915.3730302902005,875.716780283085,912.6895141601562,11729668
2026-06-15,936.2446917128663,953.1408273382576,933.26302072015,936.5428466796875,11989428
2026-06-16,940.2202381671683,958.010899073921,940.2202381671683,953.786865234375,9335988
2026-06-17,949.2646689105351,955.9237465275168,945.7363702265553,952.5445556640625,5682977
2026-06-18,952.4948150672145,955.0789664353642,942.2080739675965,952.9917602539062,5750456
2026-06-19,948.2210560069122,965.7632445741657,947.4259558763664,955.9237060546875,12941776
2026-06-22,960.147779870475,967.0056476888367,955.6752732051749,962.384033203125,5680845
2026-06-23,962.3839971326659,971.7265905260309,954.6316646691564,956.5200805664062,8202516
2026-06-24,946.5811699790587,987.8276184745832,946.5811699790587,984.8956298828125,9873777
2026-06-25,990.1135501580862,999.4560827804515,972.9192597329742,974.4100952148438,12807092
2026-06-26,974.4100952148438,974.4100952148438,974.4100952148438,974.4100952148438,0
2026-06-29,969.3412280561971,986.2373636895479,969.3412280561971,976.0499877929688,19875760
2026-06-30,986.9000244140625,1010.9500122070312,977.7000122070312,1004.75,12445420
2026-07-01,1000.4000244140625,1025.4000244140625,998.9000244140625,1014.9000244140625,6834299
2026-07-02,994.7000122070312,1025.699951171875,993.4000244140625,1018.4000244140625,8168339
2026-07-03,1035.0,1040.0,1017.5999755859375,1031.4000244140625,9399193
2026-07-06,1040.0,1040.199951171875,1024.800048828125,1029.0999755859375,4819952
2026-07-07,1024.0,1052.9000244140625,1024.0,1042.5,9101171
2026-07-08,1025.0,1034.699951171875,1004.0999755859375,1010.4000244140625,8313859
2026-07-09,1000.0,1013.5,994.0999755859375,1003.7999877929688,11712515
2026-07-10,1010.0999755859375,1023.9000244140625,1004.2000122070312,1020.5,7039305
2026-07-13,1014.0,1028.0,1003.7000122070312,1022.5999755859375,4874070
2026-07-14,1007.0,1022.0,995.2000122070312,1006.5999755859375,6458393
2026-07-15,1006.5999755859375,1037.300048828125,1006.5999755859375,1021.2999877929688,5538356
2026-07-16,1024.0,1042.4000244140625,1021.2000122070312,1037.5999755859375,9079076
2026-07-17,1044.9000244140625,1058.5,1037.5999755859375,1056.300048828125,12882360
2026-07-20,1057.0,1067.699951171875,1038.199951171875,1064.0,9348760
2026-07-21,1064.0,1074.4000244140625,1060.9000244140625,1069.199951171875,6970658
2026-07-22,1064.0,1070.5999755859375,1056.0999755859375,1060.300048828125,6757716
2026-07-23,1053.300048828125,1061.199951171875,1036.5,1039.800048828125,8016651
2026-07-24,1027.300048828125,1030.199951171875,1001.2999877929688,1012.7999877929688,18416962
2026-07-27,1026.699951171875,1050.0,1026.5999755859375,1048.300048828125,7610916
2026-07-28,1049.0,1055.0,1042.4000244140625,1048.4000244140625,4726447
2026-07-29,1056.0,1065.9000244140625,1048.4000244140625,1054.4000244140625,6444368
2026-07-30,1046.0,1068.0,1035.0999755859375,1053.5,9866564
2026-07-31,1095.0,1151.5,1083.5999755859375,1141.199951171875,40814590
2026-08-03,1176.300048828125,1176.4000244140625,1140.199951171875,1153.0,13758012
2026-08-04,1164.0,1164.0,1139.5,1149.0,9437990
2026-08-05,1152.0,1166.0,1145.0999755859375,1158.800048828125,5154683
2026-08-06,1155.5,1160.199951171875,1144.5999755859375,1144.800048828125,6472397
2026-08-07,1113.0,1113.0,1074.5,1078.0,15614001
2026-08-10,1078.0,1106.0999755859375,1070.800048828125,1102.199951171875,7303098
2026-08-11,1098.0,1101.5,1086.300048828125,1093.300048828125,6523358
2026-08-12,1093.0,1094.699951171875,1080.0,1094.199951171875,7054842
2026-08-13,1095.0,1095.300048828125,1083.0,1090.800048828125,2405186
2026-08-14,1090.800048828125,1098.5,1085.199951171875,1087.0,4225781
2026-08-17,1080.0,1100.4000244140625,1078.800048828125,1089.300048828125,2295675
2026-08-18,1088.5999755859375,1100.0,1087.5999755859375,1094.300048828125,3374018
2026-08-19,1093.9000244140625,1093.9000244140625,1076.4000244140625,1080.199951171875,2877930
2026-08-20,1089.699951171875,1102.300048828125,1086.300048828125,1095.0,6741475
2026-08-21,1105.4000244140625,1105.5,1090.5999755859375,1095.0,3042594
