Date,Open,High,Low,Close,Volume
2010-01-04,15.05464539140576,15.239933173203994,14.938841256687377,15.038433074951172,7048998
2010-01-05,15.13185040345487,15.199017592350577,14.984391352276557,15.085142135620117,4961484
2010-01-06,15.062758424539256,15.107922886459997,14.908737710848603,14.98323917388916,1252251
2010-01-07,15.053872335430395,15.093246348613908,14.848125659261637,14.897921562194824,1266012
2010-01-08,14.727298567945803,14.966242452247247,14.727298567945803,14.909883499145508,2553705
2010-01-11,14.923393639771872,15.884574683686049,14.803729273428822,15.660299301147461,13219272
2010-01-12,15.656831390791316,15.903882240636495,15.162729691100957,15.223335266113281,4437576
2010-01-13,15.222943406529465,15.757190110003771,15.102506397951649,15.542179107666016,5629338
2010-01-14,15.672265571048825,16.201879310731087,15.533299803006381,15.982236862182617,14958207
2010-01-15,16.174094043710166,16.722236819742538,15.838259576066735,15.98147201538086,10269072
2010-01-18,15.842120312766456,16.51378926726412,15.826679177965246,16.20883560180664,7632207
2010-01-19,16.23585838253443,16.521510643474492,15.781130643801673,15.876091003417969,5140080
2010-01-20,16.038214945823608,16.211150684325954,15.55646674224866,15.674201011657715,5129487
2010-01-21,15.671885261943803,15.884579868117351,15.239931527241676,15.445679664611816,4840110
2010-01-22,15.21677142418287,15.50898670043817,14.899465764787655,15.396655082702637,6182253
2010-01-25,15.36345842372274,15.36345842372274,14.977441748550827,15.074332237243652,4688145
2010-01-27,15.132240078229923,15.170068827004982,14.954286494884792,14.981307029724121,8576469
2010-01-28,15.093250179225286,15.286258553192308,15.005237742584368,15.137255668640137,9076815
2010-01-29,15.209050698092817,15.301696036666273,14.508817487479835,14.995969772338867,10304019
2010-02-01,15.305554113607322,15.595066591286168,15.131847210124333,15.466524124145508,11437866
2010-02-02,15.556468151475704,15.709331304978463,14.861638948761057,14.953896522521973,11954349
2010-02-03,15.178868593225573,16.01641701206264,15.101424483345623,15.364344596862793,40411404
2010-02-04,15.448364097100296,15.682242021026095,15.188155274815125,15.402671813964844,13308174
2010-02-05,15.17887376685858,15.23230918262689,14.90820900386478,15.082844734191895,6843474
2010-02-08,15.573833189545127,15.573833189545127,15.105301984388598,15.18313217163086,5905647
2010-02-09,15.079743697646101,15.232306823805233,14.993007857776876,15.096006393432617,5846148
2010-02-10,15.478572862015035,15.48012148088831,15.062702158036169,15.295031547546387,11379159
2010-02-11,15.3492465958014,15.430561533239295,15.21023499151798,15.282644271850586,2024451
2010-02-15,15.333757749293307,15.542853515293883,15.298907236342298,15.438304901123047,4534398
2010-02-16,15.542849246984476,16.108185771631874,15.497545932334916,16.017576217651367,12084732
2010-02-17,16.015249471894116,16.224734122726836,15.837130560527312,15.927740097045898,9184626
2010-02-18,16.100440618805774,16.169752640374632,15.899088011652328,16.060169219970703,9209079
2010-02-19,15.99201958894815,16.13451444623806,15.720968905183136,15.906057357788086,4575087
2010-02-22,16.053975407271928,16.20111906644074,15.799188839480584,15.855721473693848,2187207
2010-02-23,15.869661109761086,15.869661109761086,15.581572669804359,15.722518920898438,20759805
2010-02-24,16.020674693668678,16.020674693668678,15.504127711100864,15.638104438781738,11403711
2010-02-25,15.71826052107022,15.71826052107022,15.333755534057918,15.468505859375,5417082
2010-02-26,15.60480390313739,15.775178288899433,15.449917167318748,15.493673324584961,5411934
2010-03-02,15.709739727323173,15.798411676423353,15.464244906157218,15.506063461303711,3810213
2010-03-03,15.679925558952808,15.98272807614152,15.495998185677843,15.561050415039062,7203240
2010-03-04,15.759687271907158,15.759687271907158,15.55833470459586,15.634228706359863,3898818
2010-03-05,15.651267969930018,16.603819018567147,15.651267969930018,15.937032699584961,20534184
2010-03-08,16.224354033613466,16.36375169709634,16.038490482302965,16.15581703186035,5240466
2010-03-09,16.223963696096302,16.456679131895182,16.004798309173644,16.199954986572266,6486975
2010-03-10,16.155811933949295,16.340514328159806,16.009057278799187,16.065589904785156,6560631
2010-03-11,15.798416430063272,16.18524512768056,15.798416430063272,16.024551391601562,12597156
2010-03-12,16.146130646887272,16.184464442465156,15.887857905612258,16.152326583862305,2359467
2010-03-15,16.201116696352727,16.208861252264526,15.822418733586373,15.940520286560059,4801203
2010-03-16,15.914578909193928,16.185631113501607,15.875857583533097,16.095796585083008,2053260
2010-03-17,16.115928986722302,16.618921498771417,16.072560352418012,16.30140495300293,10743381
2010-03-18,16.24758869909909,16.518639484225783,16.15194573725081,16.27391815185547,5569542
2010-03-19,16.339744477873793,17.308558606698362,16.26307539721203,17.188522338867188,36711774
2010-03-22,17.16064305121967,17.439438382752613,16.95232086218468,17.14980125427246,9176409
2010-03-23,16.902752335774885,17.413101906442215,16.902752335774885,17.047958374023438,10196010
2010-03-25,17.07622995100101,17.190846788038876,16.883784393249318,17.114177703857422,5242149
2010-03-26,17.192388897434203,17.26828291206867,16.836537087241137,16.89539337158203,5299074
2010-03-29,16.76722410013675,17.037501185348958,16.716887415017453,16.770322799682617,5691114
2010-03-30,16.821049628166268,17.192390586442,16.65880731003171,16.948444366455078,4473711
2010-03-31,16.848156353545757,17.192391379739686,16.691333462959257,17.05647850036621,6365898
2010-04-01,17.152123440422017,17.152123440422017,16.65183904354,16.9267635345459,4974651
2010-04-05,17.0684794744102,17.0684794744102,16.121347842876677,16.280881881713867,19198377
2010-04-06,16.34826418302118,16.34826418302118,15.466185885157484,15.54207992553711,38550699
2010-04-07,15.635785875122057,15.740334493193176,15.194359189011301,15.367058753967285,15113736
2010-04-08,15.33375403068974,15.597060179529493,15.225333163595375,15.336077690124512,8405892
2010-04-09,15.372474460160388,15.480895320970841,15.217587725051265,15.240819931030273,5893470
2010-04-12,15.333759170634476,15.408878177252625,15.023985578624723,15.12350082397461,8165817
2010-04-13,15.0627060094305,15.293099318673367,14.885362049791274,14.986424446105957,8958312
2010-04-15,15.031727452741263,15.10142554797187,14.644511263065986,14.700657844543457,13402719
2010-04-16,14.706464617228615,14.822628583727969,14.520599638616204,14.630956649780273,6678342
2010-04-19,14.61352950041489,14.6367617034389,14.286718340798778,14.507044792175293,11590227
2010-04-20,14.644508381202483,14.82649960357434,14.528342962223473,14.704139709472656,9550332
2010-04-21,14.789331798361788,14.834249069571042,14.598047337655029,14.696012496948242,4585779
2010-04-22,14.675488911172627,14.749446802705975,14.530668903812822,14.65031909942627,10984050
2010-04-23,14.572871286970353,14.7993936858077,14.5674518529332,14.642183303833008,4839912
2010-04-26,14.706463125581806,14.783905762059858,14.568226600998047,14.666579246520996,5580927
2010-04-27,14.576360150335567,14.752930490726936,14.342480673831417,14.402112007141113,5962176
2010-04-28,14.328160059464048,14.357975738476389,14.133390807041,14.21548080444336,5580234
2010-04-29,14.125642525070901,14.357971955399876,13.952944437054782,14.07491683959961,4119390
2010-04-30,14.125643499025902,14.429996170497569,13.872016516523033,14.088083267211914,11105820
2010-05-03,14.079173330627205,14.311502706362536,13.978497024085113,14.11673355102539,5234229
2010-05-04,14.2480047230379,14.24955334243053,13.761660729664904,13.923130989074707,4031082
2010-05-05,13.784890655703053,14.079175055127045,13.437170858900027,13.966108322143555,5903667
2010-05-06,13.800379010437288,14.203082801423163,13.800379010437288,13.917705535888672,3651219
2010-05-07,13.718673188767763,14.009471279927494,13.560687779196446,13.803085327148438,6516081
2010-05-10,14.14113239635274,14.14113239635274,13.801157100344843,13.944425582885742,5387580
2010-05-11,14.517115762918696,14.517115762918696,13.862719741317047,13.947908401489258,2408373
2010-05-12,14.4044373721728,14.4044373721728,13.78953907699218,13.951007843017578,2680722
2010-05-13,14.125639297221039,14.179849728967012,13.80115320965198,13.939388275146484,5616765
2010-05-14,13.9397787922008,14.156619103460292,13.569212807462003,13.821677207946777,3146715
2010-05-17,13.630004884435323,13.823612978986382,13.358954137000225,13.763595581054688,9473607
2010-05-18,13.823610131097691,14.288268877356584,13.722933825684821,14.085369110107422,2968812
2010-05-19,13.948293346256445,14.102405038181045,13.618386375552532,13.825933456420898,2839716
2010-05-20,13.8545890572328,13.978497575062066,13.50609424872318,13.58663558959961,3390849
2010-05-21,13.358953569453512,13.506095773554712,13.204066807924738,13.427103042602539,2203245
2010-05-24,13.70008737735552,13.70008737735552,13.413161521789137,13.54365348815918,2546181
2010-05-25,13.619936829157558,13.629230005110218,13.049180817536651,13.110748291015625,4831596
2010-05-26,13.28151075677816,13.320232081099675,13.080158115497218,13.151406288146973,2653794
2010-05-27,13.23620522734931,13.304742216131288,12.756057323221706,12.87299633026123,8434107
2010-05-28,13.087903613490683,13.311713439844361,12.871061841959811,13.230010986328125,2258487
2010-05-31,13.259050483416988,13.490604822341107,13.130880707650896,13.31054973602295,2895255
2010-06-01,13.312488080204403,13.312488080204403,13.123913365703629,13.207551956176758,5321547
2010-06-02,13.207549211905857,13.441816182965661,12.952373694327868,13.16379451751709,7669530
2010-06-03,13.361278740408821,13.382187293019097,13.180836088832383,13.236595153808594,1962576
2010-06-04,13.077058630852372,13.319070183613995,13.077058630852372,13.288866996765137,1064052
2010-06-07,13.281507455608617,13.281507455608617,12.875705035913843,13.084800720214844,2202453
2010-06-08,12.974833154608696,13.165343981165428,12.832338286156865,12.89893913269043,6897924
2010-06-09,13.036791173840886,13.12004225135201,12.902426888666906,12.97445011138916,3040983
2010-06-10,12.894292424247514,13.193997710177436,12.894292424247514,13.115006446838379,9751203
2010-06-11,13.20406715919699,13.601739079891463,13.127012027892691,13.391093254089355,6296598
2010-06-14,13.451885132981444,13.72293586485263,13.451885132981444,13.67453384399414,5217498
2010-06-15,13.678405665874495,13.914994864616148,13.570759832451927,13.83910083770752,4243635
2010-06-16,13.877818645599177,14.319245124762134,13.793018984494037,14.215084075927734,5697945
2010-06-17,14.218577222270733,14.280532237217617,14.015288380534093,14.069112777709961,5337090
2010-06-18,13.970753148157385,14.132609409663146,13.746168317733622,13.866979598999023,3164337
2010-06-21,13.746170430630036,14.032710295757214,13.708222682270538,13.951007843017578,3150972
2010-06-22,13.916543600058493,14.059039941413696,13.568048766129438,13.844134330749512,2051379
2010-06-23,13.631550218899978,13.924285949984995,13.631550218899978,13.777918815612793,2295216
2010-06-24,13.842586991551462,13.884794539279113,13.290804793963565,13.403871536254883,12183732
2010-06-25,13.358954831993426,13.622261035370306,13.128174018077214,13.245500564575195,5671314
2010-06-28,13.13088066808981,13.557207088902178,13.13088066808981,13.499897956848145,10157598
2010-06-29,13.622255827071399,13.622255827071399,13.250528876268694,13.354302406311035,2286009
2010-06-30,13.240463393929701,13.614514080937424,13.167280549353503,13.455368995666504,7159977
2010-07-01,13.343462011545048,13.458852386470921,13.227298058422592,13.310161590576172,2068506
2010-07-02,13.273765629002213,13.47511679928915,13.250531958003245,13.345399856567383,2242548
2010-07-05,13.358951645797225,13.591281023465074,13.358951645797225,13.553333282470703,2829222
2010-07-06,13.599026014778246,13.939388746741633,13.552560137758343,13.86426830291748,8640126
2010-07-07,13.939779297816537,14.00134678104647,13.592833032407906,13.700091361999512,4617954
2010-07-08,13.728354255844687,14.009473153360064,13.728354255844687,13.947132110595703,5451435
2010-07-09,13.980438841993912,14.140746541953364,13.909578170818484,13.967660903930664,5012964
2010-07-12,14.133387222129034,14.133387222129034,13.916545443462178,13.957202911376953,2162952
2010-07-13,13.98623960086135,14.172103075144367,13.832515445522409,14.064069747924805,1838034
2010-07-14,14.156619843036367,14.206570489698173,13.641622797342002,13.781795501708984,4393125
2010-07-15,13.93203378257144,13.93203378257144,13.684215247493968,13.787215232849121,4562118
2010-07-16,13.787214826617964,14.040454252164073,13.707447054407995,13.917319297790527,2565090
2010-07-19,13.924291084723027,14.053621998637105,13.746172082920806,13.91344928741455,2060190
2010-07-20,13.813162532104752,14.024581998223736,13.813162532104752,13.868534088134766,1775664
2010-07-21,13.832131736738623,14.055941545659907,13.746169490610724,13.953329086303711,2834964
2010-07-22,14.032711340528442,14.08459812694614,13.901058234886175,14.019158363342285,1768833
2010-07-23,14.029992528259863,14.67393261290749,13.978493290244025,14.302593231201172,17664372
2010-07-26,14.520600499821567,14.520600499821567,14.087693489358642,14.15158462524414,6027021
2010-07-27,14.31150583482368,14.31150583482368,13.926613296357166,14.064849853515625,2965446
2010-07-28,14.220510217724987,14.220510217724987,13.82361332159044,13.882471084594727,1562616
2010-07-29,13.901054108201386,13.976948125699916,13.745779853089942,13.776369094848633,3654288
2010-07-30,13.85768425383725,14.05593814563166,13.820511557729516,14.018765449523926,3733488
2010-08-02,13.978500651124117,14.156233583641411,13.877824318459268,14.055557250976562,1676565
2010-08-03,14.055942220959864,14.141130892856483,13.908801474822402,14.039679527282715,898227
2010-08-04,14.133386633167003,14.148874286468498,13.831357652184671,13.906864166259766,1771506
2010-08-05,14.125640521061905,14.125640521061905,13.63000349844892,13.684988975524902,2932578
2010-08-06,13.684210067048125,13.684210067048125,13.516157907809653,13.549072265625,8646363
2010-08-09,13.53629809504832,14.114023616623706,13.53629809504832,13.890987396240234,8360550
2010-08-10,14.082271130637293,14.093114387221924,13.72254700740514,13.785664558410645,2762595
2010-08-11,13.861558908374917,13.861558908374917,13.544815896670015,13.586248397827148,1387188
2010-08-12,13.552558992260083,13.65323529435057,13.361660661147187,13.40270709991455,3453120
2010-08-13,13.40774047631689,13.544814436354566,13.348884191179948,13.40270709991455,4616370
2010-08-16,13.436396205412127,13.513840317268375,13.343851961396517,13.443753242492676,5046624
2010-08-17,13.547915567256753,13.547915567256753,13.320232017076092,13.340754508972168,2953368
2010-08-18,13.359340635421052,13.509967592773421,13.219555473162178,13.362825393676758,6419655
2010-08-19,13.505319575625608,13.544040897104605,13.335718754453636,13.489831924438477,1923273
2010-08-20,13.35972814597958,14.015283851738952,13.35972814597958,13.714417457580566,13444794
2010-08-23,13.575794062280398,13.815480513961461,13.358953762873279,13.408516883850098,4102758
2010-08-24,13.48286195512118,13.552173988537561,13.281510775891363,13.349272727966309,3638745
2010-08-25,13.204064703205235,13.391476821247364,12.909780341911574,12.97134780883789,8037216
2010-08-26,13.01045605443572,13.227297768591304,12.950824729276995,13.058084487915039,12267486
2010-08-27,13.080158605308478,13.165345814473985,12.816850957848528,12.923723220825195,9642402
2010-08-30,13.010845861742443,13.121976455494384,12.855571584411452,12.946954727172852,3038013
2010-08-31,12.93301246774128,13.932029388326253,12.7161707695638,12.857892036437988,2107710
2010-09-01,12.93301194009629,13.22729625427914,12.864087448288513,13.129329681396484,3988116
2010-09-02,13.196319656372337,13.475114894914183,13.051113620172549,13.356241226196289,5109291
2010-09-03,13.436397173942343,13.630005274027383,13.312488633317962,13.424781799316406,3058209
2010-09-06,13.490604410747634,13.685375025637246,13.334944096818466,13.518097877502441,5555484
2010-09-07,13.480149573618498,13.629227886000981,13.32100304621072,13.371342658996582,2757447
2010-09-08,13.405417426007773,13.500285315478422,13.227298481452436,13.252854347229004,2435004
2010-09-09,13.258275584352619,13.436394533478547,13.204065151501094,13.235816955566406,9073746
2010-09-13,13.414541858018689,14.031104704159654,13.402444068248434,13.878914833068848,16000677
2010-09-14,13.967888355097081,14.122027966422419,13.816868614862992,13.872671127319336,7718139
2010-09-15,13.970232119682814,14.282024742466009,13.837943376658664,14.172370910644531,11009097
2010-09-16,14.142711904585742,14.469723622818966,13.983106252829838,14.100956916809082,14981868
2010-09-17,14.126320132572395,14.422895032482764,14.126320132572395,14.349922180175781,9009297
2010-09-20,14.34991874254229,14.469719104361143,14.09822023230864,14.159485816955566,7033455
2010-09-21,14.360461650534209,14.438118014218206,13.807115479162727,13.985061645507812,10783971
2010-09-22,14.515769794947992,14.515769794947992,13.697068169604103,13.865647315979004,8366193
2010-09-23,13.900380283141697,14.040472386155235,13.72828776013199,13.838724136352539,15785550
2010-09-24,13.913257790084247,13.913257790084247,13.736092711227519,13.76926326751709,3305511
2010-09-27,13.788381505459817,14.009252756483905,13.787601906120432,13.865647315979004,5273235
2010-09-28,13.918726109997959,13.97023716782411,13.814143321149135,13.853948593139648,7543404
2010-09-29,13.81452855213929,14.08729993174204,13.697460422680628,13.74662971496582,15792282
2010-09-30,13.759508153425376,13.853163253610548,13.494151053752013,13.5772705078125,9958113
2010-10-01,13.649853170242483,13.880479044209364,13.619414893519636,13.821944236755371,3988413
2010-10-04,13.883990712083156,14.290221002143236,13.876966947939529,14.154810905456543,8900694
2010-10-05,14.15480713985647,14.274607529933018,14.01120318111283,14.073638916015625,15213132
2010-10-06,14.11110436602758,14.611770818441455,14.110715303146762,14.550503730773926,22000176
2010-10-07,14.594987599299698,15.0503856409213,14.562988655317813,14.632059097290039,22062546
2010-10-08,14.74132564258598,14.90678347310932,14.438507984574414,14.612940788269043,7460739
2010-10-11,14.634404061632408,14.844346221001773,14.614891968930397,14.69918155670166,4826547
2010-10-12,14.720254896990253,14.749910626354122,14.338218717769752,14.442801475524902,4394511
2010-10-13,14.61801043904784,14.61801043904784,14.383482204769638,14.422114372253418,12548646
2010-10-14,14.438509072082384,14.59264872144778,14.22778434950839,14.363975524902344,4223439
2010-10-15,14.399483181192604,14.399483181192604,13.595610048082468,13.67599868774414,9279765
2010-10-18,13.689262409806789,13.892182230208679,13.462929557516881,13.869548797607422,15074730
2010-10-19,13.954234078133565,14.046717577924905,13.775117759678627,13.855896949768066,3353229
2010-10-20,13.775508342122322,13.853164712996442,13.564785081368198,13.766923904418945,7980786
2010-10-21,13.845357173946997,13.89218471983769,13.74389724556334,13.803213119506836,1205523
2010-10-22,13.853164180815972,13.939014449444578,13.751704236537382,13.851603507995605,1757745
2010-10-25,13.891795116537658,13.907795327391817,13.814138755595497,13.882039070129395,2606769
2010-10-26,13.892183172983335,13.892183172983335,13.737261015358023,13.77745532989502,592119
2010-10-27,13.775116640890522,13.845358704352273,13.658048500085052,13.725558280944824,5087610
2010-10-28,13.619025481324563,13.775116332234363,13.287328738833606,13.474638938903809,11169972
2010-10-29,13.634633179423691,13.634633179423691,12.487357509436363,12.742568016052246,11695464
2010-11-01,12.954852269985233,12.994654577290245,12.684813185960456,12.806955337524414,22997106
2010-11-02,12.799539136622629,13.119527062392201,12.76051496078993,13.06411361694336,4735071
2010-11-03,13.188597377723069,13.673652552270418,12.92909545309208,13.576096534729004,15311934
2010-11-04,13.617851833275456,13.720481891344026,13.415713062097955,13.544097900390625,1683396
2010-11-08,13.663899265200676,13.663899265200676,13.54097604832936,13.628777503967285,886446
2010-11-09,13.658045916775773,13.658045916775773,13.462930911948,13.593657493591309,8780706
2010-11-10,13.525365417626933,13.595605980014208,13.345858647000817,13.447709083557129,4128498
2010-11-11,13.595222904898591,13.595222904898591,13.267820531852461,13.306063652038574,838134
2010-11-12,13.360300948496667,13.540976418511969,13.191721795369777,13.254548072814941,6561423
2010-11-15,13.267817185189154,13.369277115370904,13.042263887767128,13.299816131591797,7582905
2010-11-16,13.306839577809008,13.3380589240268,13.072311313217844,13.235036849975586,5603400
2010-11-18,13.22879567724058,13.612781595240135,13.019633107457462,13.343522071838379,5385798
2010-11-19,13.461758946398303,13.461758946398303,13.127722032794727,13.170256614685059,8801991
2010-11-22,13.228791850537334,13.384103060202337,13.072699567864062,13.341177940368652,1474704
2010-11-23,13.267427636777708,13.462933211543673,13.111725848119596,13.210844039916992,6855651
2010-11-24,13.338056618370107,13.455124725281333,13.17689178203811,13.342348098754883,27935325
2010-11-25,13.42391354463774,13.439521749100091,13.25221150576472,13.3392333984375,12666258
2010-11-26,13.26781671701556,13.462931733753562,13.033678991674535,13.386836051940918,6773976
2010-11-29,13.315425080708385,13.453956504148813,13.042263178262658,13.340398788452148,2920005
2010-11-30,13.423911257340718,13.564393915905441,13.27757497045374,13.359522819519043,3462327
2010-12-01,13.454346327283444,13.564390681824438,13.31464330156974,13.47775936126709,825462
2010-12-02,13.579997434124152,13.728284879309257,13.501952030857312,13.566340446472168,3046428
2010-12-03,13.685361369013627,13.728286493229,13.44732123997048,13.593657493591309,15716052
2010-12-06,13.65804560177771,13.992082553077598,13.593657180078248,13.896866798400879,4776354
2010-12-07,14.001453902551928,14.097839833321972,13.776291074658694,13.907017707824707,2765961
2010-12-08,13.736093334226464,13.970232553174508,13.643219309338464,13.700582504272461,855459
2010-12-09,13.91247784934784,13.91247784934784,13.52224924239026,13.612781524658203,5362236
2010-12-10,13.384884506251266,13.580388559392425,13.189769515902428,13.408297538757324,2336697
2010-12-13,13.37707882209114,13.51678035640174,13.228791379885674,13.427027702331543,622908
2010-12-14,13.361860307027724,13.658044668653348,13.345860099968363,13.541365623474121,1113750
2010-12-15,13.366151625280263,13.657653966437392,12.885779936104857,13.508975982666016,2218194
2010-12-16,13.50195491989169,13.564392140098532,13.366935370692772,13.484004974365234,544005
2010-12-20,13.366154638159195,13.673655781773057,13.345862946348658,13.455127716064453,1585485
2010-12-21,13.42390649728675,13.812964847795433,13.42390649728675,13.716188430786133,1451637
2010-12-22,13.736093438384524,13.860966412210415,13.612000064043531,13.818042755126953,5590530
2010-12-23,13.736092186538889,13.891403421751228,13.736092186538889,13.847308158874512,729828
2010-12-24,13.678342406041924,13.81414158924271,13.501958356202326,13.598345756530762,966141
2010-12-27,13.719706814540567,13.72673057987649,13.433667434484915,13.486739158630371,409959
2010-12-28,13.540977049617549,13.556196185866176,13.322839535407294,13.462931632995605,826551
2010-12-29,13.443032244117276,13.4773729430913,13.299428230293328,13.345865249633789,4208193
2010-12-30,13.392687980710422,13.853160010249042,13.322447408878094,13.695507049560547,2297592
2010-12-31,13.798532105791748,14.102911945598729,13.51756677999601,13.819604873657227,4090977
2011-01-03,13.97022956804557,14.00925227162428,13.665849827430746,13.689653396606445,1927233
2011-01-04,13.736098737358887,13.814144191892282,13.549958604040125,13.735319137573242,3721608
2011-01-05,13.61902243662895,13.798527759278485,13.589754303334315,13.722824096679688,968121
2011-01-06,13.722826425827098,13.832089720837269,13.589756609896055,13.704093933105469,1109691
2011-01-07,13.592097271598913,13.853161380716365,13.592097271598913,13.680289268493652,2070684
2011-01-10,13.546051691358835,13.68107124089035,13.190551398236424,13.307621002197266,588852
2011-01-11,13.392690259865471,13.392690259865471,12.963437499178253,13.136309623718262,2481435
2011-01-12,13.189772945095068,13.193673890091365,12.817102273456078,13.069581985473633,2245419
2011-01-13,13.252208299808437,13.46293300944419,13.049678963982265,13.079336166381836,1604889
2011-01-14,13.189770092704896,13.462930501649781,12.971240586570778,13.248303413391113,2170476
2011-01-17,13.191720612112189,13.267424272748803,13.046554506412475,13.213963508605957,1843281
2011-01-18,13.142943603555695,13.345861980701779,13.142943603555695,13.181575775146484,4304421
2011-01-19,13.34585890506752,13.34585890506752,13.158939306589465,13.23347282409668,383823
2011-01-20,12.975922831337096,13.306836929846648,12.676225125387672,13.281082153320312,1036827
2011-01-21,13.306844523406324,13.611224419817571,13.26938247300023,13.559713363647461,1454013
2011-01-24,13.572193573210916,13.614728154316243,13.361078392451388,13.385663032531738,428274
2011-01-25,13.519902743211185,13.790722872261929,13.307228344010886,13.35639762878418,1872189
2011-01-27,13.345863099049778,13.650242900859446,13.209282872203799,13.398155212402344,2826648
2011-01-28,13.377079273718111,13.453173469257173,12.699249381146975,13.156208038330078,7377975
2011-01-31,13.116015568995667,13.892182574943082,12.760515337965915,13.668971061706543,4929804
2011-02-01,13.569072739563698,13.790722097668898,13.345080162468017,13.477367401123047,3291156
2011-02-02,13.901459349127517,13.901459349127517,13.345792163441434,13.643009185791016,1142955
2011-02-03,13.596023155152995,14.432461245064909,13.381039595211652,13.534152030944824,3571425
2011-02-04,13.682172120462557,13.682172120462557,13.157441065235028,13.26865291595459,801108
2011-02-07,13.431553779302282,13.431553779302282,13.142559170202215,13.182109832763672,1620531
2011-02-08,13.274916881872835,13.274916881872835,13.105749959672508,13.15939712524414,968319
2011-02-09,13.251422807317617,13.251422807317617,12.646416196708985,12.981225967407227,2422035
2011-02-10,12.914653008572234,13.000802583602818,12.625267987946012,12.778380393981934,2219679
2011-02-11,12.844169116966965,13.1417766421196,12.648373797424185,12.955379486083984,701019
2011-02-14,13.157440757822345,13.439385663399458,13.079123221449132,13.339529991149902,1125630
2011-02-15,13.61168781394246,13.619519864215194,13.039964411508898,13.199734687805176,958914
2011-02-16,13.298416438984367,13.298416438984367,12.891163080571502,12.951858520507812,1504701
2011-02-17,12.922486410280658,13.22792745795143,12.922486410280658,13.11514949798584,929709
2011-02-18,13.001587915092466,13.235759683871311,12.922094684526686,13.13942813873291,1103949
2011-02-21,13.175065688232534,13.175065688232534,12.859834505210626,13.014904975891113,976635
2011-02-22,13.07912374557484,13.118674413589115,12.926795110810316,12.976526260375977,1186713
2011-02-23,12.844947626486864,13.141382326752268,12.844947626486864,13.084993362426758,1093356
2011-02-24,13.094787526117454,13.274920249128893,12.72669298740033,13.151568412780762,4367187
2011-02-25,13.612075470673297,13.612075470673297,13.041919839045297,13.177410125732422,2249577
2011-02-28,13.251424627291856,13.353238329060265,12.922488848657824,12.996108055114746,6235713
2011-03-01,13.118281769340198,13.314077085846526,13.035656311406989,13.278834342956543,1037223
2011-03-03,13.079123553686065,13.314077647635315,13.079123553686065,13.121024131774902,892089
2011-03-04,13.19659935528935,13.392393171748063,13.118280349844756,13.15939712524414,1255122
2011-03-07,13.102615602849253,13.274916223189146,12.971041336555318,13.130027770996094,654192
2011-03-08,13.117890917427584,13.220096506708165,12.93932579931782,13.001588821411133,1182258
2011-03-09,13.07873095117794,13.110449567295458,12.935408591871099,12.963994979858398,1090881
2011-03-10,12.96399361752207,13.195815446328174,12.883326181325366,13.151174545288086,1273833
2011-03-11,13.000802515078357,13.258862298338325,12.854739840717832,12.938539505004883,922383
2011-03-14,12.969872106544218,13.095964283451137,12.93619547010726,12.985926628112793,313335
2011-03-15,12.945979072464992,13.115929782539641,12.812838692397897,13.04701042175293,1415997
2011-03-16,13.102615110523104,13.102615110523104,12.922483927770658,12.997669219970703,1361646
2011-03-17,12.998064495997873,12.998064495997873,12.687533186813887,12.727866172790527,3267990
2011-03-18,13.068939085671397,13.068939085671397,12.687530469586006,12.974957466125488,3922776
2011-03-21,12.985922816009818,13.182110017611667,12.789345195059232,12.93149185180664,931986
2011-03-22,13.164488755816844,13.164488755816844,12.86453132549539,13.019209861755371,704682
2011-03-23,12.977307443377917,13.079903429053504,12.883325823346444,13.058366775512695,338481
2011-03-24,13.15704751464073,13.532583597640746,13.071289835866994,13.280399322509766,14271642
2011-03-25,13.314466947664785,13.351275799008295,13.16527057254862,13.184850692749023,4771998
2011-03-28,13.254947188644204,13.3923955219097,13.157441422067265,13.234192848205566,4612410
2011-03-29,13.298409331742459,13.298409331742459,13.118278163307798,13.194247245788574,1443717
2011-03-30,13.2749174814827,13.2749174814827,13.15900730028586,13.21970272064209,2985048
2011-03-31,13.049364356499758,13.3097711609175,13.01725383695634,13.18328857421875,6096222
2011-04-01,13.266691376717974,13.27491532237617,13.118278808749272,13.195030212402344,1024749
2011-04-04,12.922487450436613,13.24359262245829,12.883328679884585,13.209132194519043,4271850
2011-04-05,13.157439988437917,13.830583595998707,13.157048090218096,13.631265640258789,5113548
2011-04-06,13.6312704724472,14.089038811559467,13.6312704724472,14.052621841430664,3975741
2011-04-07,14.05222579088974,14.370197236604445,14.05222579088974,14.31263256072998,4844268
2011-04-08,14.363537844896472,14.418360705984396,13.987611344706288,14.319679260253906,4412232
2011-04-11,14.292659697404373,14.598491121103818,14.12114287121682,14.372543334960938,4290660
2011-04-13,14.448907195021775,14.589095856481645,14.262510031890136,14.458305358886719,2197503
2011-04-15,14.399960331493938,14.630606536536854,14.293448286086685,14.414448738098145,1832094
2011-04-18,14.3717649734481,14.684644735054704,14.243322897826754,14.305977821350098,2236410
2011-04-19,14.25389580816112,14.559335397418762,14.128977867719438,14.321640968322754,1099989
2011-04-20,14.37098352763917,14.606329579059336,14.37098352763917,14.573436737060547,1372833
2011-04-21,14.72105920543736,14.794287968649526,14.488846962604851,14.663496017456055,1403226
2011-04-25,14.700302235029286,14.700302235029286,14.293049112142999,14.346305847167969,871101
2011-04-26,14.42619173341675,14.42619173341675,14.15951907607792,14.280519485473633,730521
2011-04-27,14.401523650422266,14.566382667418143,14.293053613377884,14.357665061950684,2747844
2011-04-28,14.461826069982427,14.515866608588945,14.222173687456472,14.325551986694336,1855755
2011-04-29,14.72380234373406,14.776275296679085,14.034994643484621,14.341217994689941,9748035
2011-05-02,14.488845379466763,14.598489605491773,14.21473111725199,14.302448272705078,1126521
2011-05-03,14.206514736079503,14.390170113401371,13.799651829709152,13.89676570892334,990495
2011-05-04,14.09725910715992,14.245279818317364,13.650845584144665,14.105483055114746,956736
2011-05-05,14.293055245788636,14.400351079244599,13.893632519416824,13.96960163116455,1267893
2011-05-06,13.877966925585065,14.285221658270537,13.801607402637176,14.057315826416016,2032866
2011-05-09,14.13680635571174,14.214731977860406,13.964115321320712,14.040082931518555,888228
2011-05-10,14.097260370267472,14.268777245885763,13.964902267784804,14.013459205627441,806157
2011-05-11,14.09725872645879,14.16735379472641,13.59328201795385,13.750308990478516,1752795
2011-05-12,13.744822936250113,13.838804545589824,13.353232404381027,13.451913833618164,2284227
2011-05-13,13.447214961331138,13.643010241063159,13.345401297561608,13.462095260620117,2665080
2011-05-16,13.462098656212577,13.588190812672002,13.329742043016207,13.467580795288086,809127
2011-05-17,13.392396277973956,13.509874073958036,13.32621722801943,13.391613960266113,1024155
2011-05-18,13.392005950966833,13.61873611710639,13.348539254884454,13.46718978881836,1655775
2011-05-19,13.353630792243532,13.532979733420593,13.314472015798037,13.33170223236084,623601
2011-05-20,13.314075527132525,13.490290699813738,13.314075527132525,13.475018501281738,1486386
2011-05-23,13.470711451910518,13.484807955237681,13.157438404721422,13.212653160095215,1792791
2011-05-24,13.204040153219543,13.38456475780717,13.118282462587675,13.334440231323242,901890
2011-05-25,13.334436725948548,13.470710805497294,13.21226062791148,13.465619087219238,734184
2011-05-26,13.462493425298439,13.462493425298439,13.086957205945593,13.127291679382324,1563111
2011-05-27,13.180933541019163,13.311724000412802,13.16605324248435,13.215002059936523,1362933
2011-05-30,13.353238615452824,13.353238615452824,12.977312003236989,13.044273376464844,1587069
2011-05-31,13.039961411329719,13.191507704200205,12.961643884344257,13.012160301208496,1878822
2011-06-01,13.174667455435042,13.431551508992248,13.091650120022575,13.395524978637695,3128796
2011-06-02,13.298020709526073,13.415888893877266,13.064240874008508,13.12611198425293,1295613
2011-06-03,13.295671398895276,13.29606181823321,12.886066795540815,12.950287818908691,1674981
2011-06-06,12.96164558384563,13.173105004838016,12.96164558384563,13.119848251342773,568062
2011-06-07,13.118280464589477,13.209912178534207,13.016074893626545,13.141775131225586,718542
2011-06-08,13.14177652748619,13.196207495704497,12.922486540518976,13.004329681396484,18875142
2011-06-09,13.104574859802847,13.235758719246066,12.938540157895321,13.165271759033203,1059498
2011-06-10,13.227928756078787,13.286666173512469,12.96947849969724,13.186810493469238,1768041
2011-06-13,13.235757159818027,13.235757159818027,13.040744196150817,13.14647388458252,1661517
2011-06-14,13.233800853442938,13.235760344741262,12.985142147116369,13.11436653137207,7286499
2011-06-15,13.000802754571678,13.220094198109107,13.000802754571678,13.155089378356934,1354815
2011-06-16,13.157442450593672,13.196602702679735,13.055628752892874,13.151568412780762,432729
2011-06-17,13.165271947053533,13.165271947053533,12.917003687069663,12.956162452697754,817443
2011-06-20,13.036441413784802,13.036831833198798,12.234854160113777,12.559091567993164,2437380
2011-06-21,12.558700101220285,12.862183178405628,12.335102162784723,12.37582778930664,1914363
2011-06-22,12.452576291667462,12.67186624204826,12.23328486242563,12.288498878479004,1772199
2011-06-23,12.241116304609674,12.326874712169802,12.107975931365713,12.134995460510254,418473
2011-06-24,12.33470958595563,12.335101484222951,12.129516829201249,12.180031776428223,3229776
2011-06-27,12.021827099345687,12.272053361940744,12.00616374158233,12.194910049438477,6867135
2011-06-28,12.28811128908034,12.483906631121613,12.217625054677171,12.45727825164795,3853674
2011-06-29,12.529723998330214,12.844171372221082,12.468244765927185,12.513276100158691,2036925
2011-06-30,12.68714233407602,12.726693005650473,12.382093138829346,12.590810775756836,1713690
2011-07-01,12.336667756996942,12.797178516074565,12.336667756996942,12.710245132446289,2318976
2011-07-04,12.805010688550055,13.02430218743539,12.734525191666556,12.999239921569824,5908617
2011-07-05,13.07129105555086,13.07129105555086,12.770157927376172,12.866881370544434,1354320
2011-07-06,12.880588972561194,12.882546985351347,12.766244870656505,12.805011749267578,895158
2011-07-07,12.883326876497033,13.079122180711446,12.812839916280929,13.053668022155762,3754872
2011-07-08,13.059933304912242,13.156264838224855,12.875886083066325,13.078729629516602,7868916
2011-07-11,12.882938317288287,13.301939726205092,12.882938317288287,13.100662231445312,2336004
2011-07-12,13.077167210584022,13.157050873293251,13.071293172627804,13.08069133758545,1305513
2011-07-13,13.079120700295118,13.19659846107101,13.04818440686287,13.159788131713867,990396
2011-07-14,13.227927321665508,13.31407690483031,13.095177341702096,13.251813888549805,2635479
2011-07-15,13.079121709249536,13.462880255058685,12.923268972146888,13.352060317993164,1445400
2011-07-18,13.353234057943371,13.509870585859852,13.353234057943371,13.440167427062988,1269279
2011-07-19,13.509874162762436,13.509874162762436,13.353629491661751,13.495776176452637,2108700
2011-07-20,13.50987118336335,13.627347475350554,13.39239341251501,13.513395309448242,1748241
2011-07-21,13.392395316453785,13.579968174048979,13.392395316453785,13.461708068847656,840213
2011-07-22,13.548637510761854,13.704882141196274,13.41275531848716,13.588188171386719,2476188
2011-07-25,13.587797940549947,13.653583597581138,13.57252574200303,13.617950439453125,19610316
2011-07-26,13.619908576323533,13.744826509019418,13.533367093608804,13.590147972106934,6726357
2011-07-27,13.949235839927692,13.949235839927692,13.509870650605611,13.603852272033691,1279971
2011-07-28,13.549421013170623,13.664940764779328,13.533365018813456,13.607376098632812,6585084
2011-07-29,13.705665591359105,13.824317570236527,13.415888686220066,13.747174263000488,8435790
2011-08-01,13.83880883873656,13.870135558614503,13.331699889119102,13.461708068847656,8552313
2011-08-02,13.580356058909462,13.783201079760333,13.314075292490193,13.34422779083252,1842390
2011-08-03,13.314077423030735,13.314077423030735,12.93854129843848,12.987491607666016,16491816
2011-08-04,13.220093242824253,13.272174291413505,13.063848618195477,13.090476989746094,2399463
2011-08-05,12.844166943221209,13.118279752645753,12.679698370249858,13.086169242858887,1224729
2011-08-08,12.83633487017414,12.943630675085217,12.656203680266229,12.686746597290039,3843675
2011-08-09,12.374259884572613,13.039963402166656,12.147137838550709,12.843777656555176,1287198
2011-08-10,12.690271322852729,13.063457486917956,12.687530993219276,12.775638580322266,2484504
2011-08-11,12.773681937013588,13.06345888676834,12.687924251021894,12.811666488647461,1934163
2011-08-12,12.770157927376172,13.081081117225589,12.765850004467035,12.866881370544434,602514
2011-08-16,13.063459742917834,13.063459742917834,12.688316980821046,12.756452560424805,831600
2011-08-17,12.914263112572145,13.039181050936222,12.084483628388792,12.225847244262695,9925443
2011-08-18,12.249344368198638,12.593553089959748,12.219584497897097,12.487039566040039,4686165
2011-08-19,12.593156127129772,12.593156127129772,12.256779591389883,12.327657699584961,2302542
2011-08-22,12.452581608763046,12.805012089460602,12.13930842718559,12.708290100097656,1099890
2011-08-23,12.531678381097757,12.78934479109784,12.483513353190915,12.57162094116211,1856547
2011-08-24,13.060719094007963,13.060719094007963,12.409503987317015,12.432998657226562,790515
2011-08-25,12.444746855899652,12.679700951648282,11.983061872895924,12.243078231811523,3277098
2011-08-26,12.512883551172981,12.512883551172981,12.006165036673913,12.191779136657715,2236707
2011-08-29,12.19412850432556,12.29320112152427,12.100146867232182,12.240727424621582,1095138
2011-08-30,12.218011694826595,12.440827232222741,11.998329863708149,12.073515892028809,2053161
2011-09-02,12.27127338539422,12.687534450382229,12.147139229010227,12.467460632324219,5800905
2011-09-05,12.37504178881153,12.721990000867205,12.37504178881153,12.599815368652344,2763585
2011-09-06,12.904476643584857,12.904476643584857,12.454147024892817,12.514843940734863,1644786
2011-09-07,12.647979323300357,12.84299080664272,12.532459575906751,12.682047843933105,1760913
2011-09-08,12.81245079824056,12.812841217630591,12.501135700530577,12.528938293457031,1085139
2011-09-09,12.669128384840407,12.669128384840407,12.491738948751275,12.575538635253906,1342242
2011-09-12,12.530894340881975,12.59981518330558,12.324134771333352,12.367993354797363,818730
2011-09-13,12.497715848360524,12.53726679207565,12.295221887171301,12.321720123291016,1941192
2011-09-14,12.299968371216146,12.489806934614144,12.296804146223552,12.437206268310547,1091475
2011-09-15,12.496532124818708,12.65591737785028,12.47477984874103,12.61439037322998,453123
2011-09-16,12.493763736144123,12.766657081717412,12.268330037904626,12.333983421325684,4579740
2011-09-19,12.260419637490422,12.637724947535562,12.260419637490422,12.413082122802734,646965
2011-09-20,12.64800717799519,13.051414925909894,12.276240190617147,12.516702651977539,455796
2011-09-21,12.5174920224479,12.695465304687445,12.421386061698442,12.559810638427734,1284030
2011-09-22,12.23668833688874,12.729477731560284,12.214936063760614,12.582353591918945,1704483
2011-09-23,12.260418565386576,12.537267723890379,12.062670553384255,12.163917541503906,12173733
2011-09-26,12.062670618677005,12.339518285063518,11.71463199473461,11.803619384765625,3510837
2011-09-27,11.667174100809378,12.0231222206679,11.667174100809378,11.978035926818848,1794177
2011-09-28,12.383418178869796,12.383418178869796,11.983570517965784,12.054759979248047,2140974
2011-09-29,12.101031246172399,12.212561759951933,11.864919752717388,11.980799674987793,2149389
2011-09-30,11.749038623562575,12.180130408488052,11.749038623562575,12.134648323059082,1793583
2011-10-03,11.793729861084847,12.098262378045657,11.567109556123603,11.777910232543945,1322838
2011-10-04,11.658866697336235,11.983570550097275,11.652143185963114,11.76446533203125,2115531
2011-10-05,11.84910127771283,12.007299824860446,11.82378822565971,11.882718086242676,1352439
2011-10-07,11.478125162993043,12.242226936970647,11.348007321563365,12.016793251037598,2203344
2011-10-10,12.07848742540999,12.07848742540999,11.913169584460801,12.031027793884277,565983
2011-10-11,12.101826327247233,12.227594775057028,12.038942850150372,12.103408813476562,1320759
2011-10-12,12.102219215709079,12.220868313881542,12.102219215709079,12.179341316223145,9888813
2011-10-13,12.189232151862376,12.335566957061602,12.181322707360215,12.276637077331543,5031180
2011-10-14,12.284146453796536,12.284146453796536,12.118037731637534,12.173407554626465,152460
2011-10-17,12.181322145083223,12.181322145083223,12.054762824001477,12.101826667785645,1962972
2011-10-18,12.023116346998815,12.220865039912,12.015206907111494,12.03221321105957,429165
2011-10-19,12.178157453954906,12.181321679573648,12.015212903730232,12.0875883102417,577566
2011-10-20,12.220472062840507,12.220472062840507,12.009277049151283,12.038543701171875,245619
2011-10-21,12.102219869551064,12.140978452580088,11.997808657518311,12.04091739654541,1531629
2011-10-24,12.040918183993567,12.104198208447956,11.971310455816916,12.038941383361816,513909
2011-10-25,12.018769679199863,12.102616044724627,11.967751496192157,12.093914985656738,1204632
2011-10-28,12.294431234445687,12.552690089126694,12.294431234445687,12.434436798095703,951390
2011-10-31,12.655915437720585,12.81411473542583,12.307877580215342,12.386581420898438,2843280
2011-11-01,12.418616760694642,12.616365501822326,12.294430832066205,12.568510055541992,1018512
2011-11-02,12.442742859914794,12.56099690546676,12.299968870205047,12.362457275390625,1422531
2011-11-03,12.31578991519771,12.402799021331624,12.181716222274343,12.269516944885254,4673691
2011-11-04,12.560997898632428,12.560997898632428,12.269911568725918,12.375510215759277,1321947
2011-11-08,12.481503938517887,12.59184856353502,12.33952079000679,12.505233764648438,375804
2011-11-09,12.360873570571385,12.557039813909887,12.360873570571385,12.498902320861816,3698739
2011-11-11,12.372741421736945,12.576422087376104,12.339518923371779,12.527775764465332,2183445
2011-11-14,12.560995564269948,12.560995564269948,12.288498082199496,12.35098648071289,187506
2011-11-15,12.347824919619645,12.418223521873362,12.027076861155793,12.13109302520752,353529
2011-11-16,12.18171586959303,12.18171586959303,11.912382560444453,11.992668151855469,307494
2011-11-17,12.092727757537824,12.092727757537824,11.78582182940885,11.890233039855957,1159290
2011-11-18,11.785820966083543,12.022724092920381,11.74152555322603,11.823392868041992,4593204
2011-11-21,11.785822710095264,11.840401674856746,11.706723053394771,11.811925888061523,1451340
2011-11-22,11.785821935986379,11.944021238996614,11.70672228448126,11.883509635925293,11446182
2011-11-23,11.785824425785723,11.864133224276157,11.590448984634104,11.695255279541016,7787835
2011-11-24,11.8649238177027,12.094311879334612,11.643840261391654,11.863341331481934,13863366
2011-11-25,11.840794102329088,12.0626684518596,11.7142348291224,11.81706428527832,3015837
2011-11-28,11.944020689185116,12.007299959391581,11.785426332100444,11.885090827941895,1431936
2011-11-29,11.841590244102255,12.023122853811593,11.786615462350992,11.92859935760498,220671
2011-11-30,11.880741807374468,11.991481474326768,11.739153745296608,11.913568496704102,4273236
2011-12-01,11.9440191955368,12.14176717025576,11.645418566286828,11.764067649841309,879516
2011-12-02,11.864922753276977,11.9736848781339,11.817463107072347,11.911591529846191,322938
2011-12-05,11.916334983761272,12.02311954531905,11.785821349421605,11.853450775146484,4096323
2011-12-07,11.967751340009224,12.141769531864318,11.880741497273767,12.078490257263184,530244
2011-12-08,12.023122168958169,12.272285702425913,11.9361130604116,12.063067436218262,3763584
2011-12-09,12.007301550976578,12.141770298042287,11.810343648134824,12.101034164428711,533412
2011-12-12,11.913965119077782,12.141771439604756,11.913965119077782,12.087984085083008,839223
2011-12-13,11.943625728426554,12.062274835236797,11.65926293346672,11.77514362335205,5232150
2011-12-14,11.864921694905792,11.975265549190688,11.746272589977918,11.876786231994629,1709433
2011-12-15,11.469422576494553,11.888649853145191,11.283142574301033,11.815877914428711,2250369
2011-12-16,11.880738961620741,11.944018969524214,11.485241526051157,11.628411293029785,438372
2011-12-19,11.867297193249593,11.935323194510955,11.0430809613873,11.11941146850586,6148296
2011-12-20,11.129296916787188,11.17675656054615,10.836628117863029,10.968724250793457,2848329
2011-12-21,11.081838441773376,11.175175999945811,10.83623419931218,11.006298065185547,759627
2011-12-22,10.899907130367346,11.137206073973372,10.876572372044276,11.011042594909668,2133351
2011-12-23,11.073534428341894,11.113479699419752,10.876575743731365,11.065624237060547,1196316
2011-12-26,11.073923597936343,11.15302322824056,11.003920832127305,11.120197296142578,234036
2011-12-27,11.153028371133397,11.153028371133397,10.836629704018543,10.932340621948242,985644
2011-12-28,10.859965817023651,10.994831150241444,10.619504054781965,10.725496292114258,2078010
2011-12-29,10.758321074358395,10.986919001952469,10.441132301423668,10.659842491149902,3265713
2011-12-30,10.496499473437543,11.049800415467438,10.203831468592034,10.680800437927246,6083154
2012-01-02,10.71798091879558,10.876180257394216,10.607241979222984,10.697811126708984,1220472
2012-01-03,10.91493760377275,11.125342535809027,10.686735490886976,10.98256778717041,910008
2012-01-04,10.888834351893722,11.292242066173282,10.888834351893722,11.190202713012695,2594493
2012-01-05,11.073926951738137,11.216305881321379,11.042287687480473,11.16212272644043,2890008
2012-01-06,11.144722343309727,11.247946889708205,10.916916035777648,11.12415599822998,1299870
2012-01-09,11.07392564650491,11.50106238490997,11.073530585162805,11.374898910522461,2407680
2012-01-10,11.374902095855042,11.564345637965376,11.311227002009261,11.424339294433594,1932183
2012-01-11,11.467844083530627,11.947581597510169,11.406145793325805,11.634347915649414,2196909
2012-01-12,11.74627087099471,11.74627087099471,11.493152319652081,11.582930564880371,1283535
2012-01-13,11.75418122822291,12.098659021840712,11.75418122822291,12.02430534362793,10851489
2012-01-16,11.801642800181025,11.995830783504104,11.770002788914953,11.869272232055664,6820110
2012-01-17,12.06267382802058,12.141772755571216,11.904474479303092,11.951143264770508,2515392
2012-01-18,11.86491867492575,12.086001388601803,11.66716922130197,11.861358642578125,863973
2012-01-19,12.037357208395186,12.103009081599957,11.722936937609155,11.815877914428711,1795959
2012-01-20,11.983569941460532,12.038939768730078,11.47733280095242,11.608242988586426,4376097
2012-01-23,11.744293124642532,11.745479802275444,11.564342311284324,11.586885452270508,21287376
2012-01-24,11.781866204850058,11.781866204850058,11.469423457114289,11.522419929504395,4397778
2012-01-25,11.588073484072982,11.599542959979841,11.162122629978214,11.317553520202637,4678839
2012-01-27,11.31715775435114,11.663218086585806,11.2558560266954,11.345237731933594,7253235
2012-01-30,11.223029865329375,11.539427748877053,10.918892327888903,10.980589866638184,4742397
2012-01-31,10.995222842468543,11.310434027373171,10.994827781089333,11.115849494934082,6508854
2012-02-01,11.042160035919341,11.295100263520427,10.882428265265649,10.98041820526123,8898516
2012-02-02,10.91429141556899,11.288724237596726,10.91429141556899,11.246102333068848,2880009
2012-02-03,11.344096967299253,11.614165430603538,11.19392588330955,11.393489837646484,3248586
2012-02-06,11.23455371120049,11.742028750564765,11.23455371120049,11.69900894165039,3207006
2012-02-07,11.551624333956557,11.965889346577088,11.551624333956557,11.80894660949707,10230858
2012-02-08,11.981824266875304,12.299692459995088,11.870689579077371,12.229187965393066,20086308
2012-02-09,12.259064005210691,12.62313968918169,12.237553724221097,12.306465148925781,4753683
2012-02-10,12.64862869904699,12.64862869904699,12.15031584031828,12.201701164245605,4707351
2012-02-13,12.205287367131918,12.348288068447907,12.201702571516138,12.24432373046875,3108402
2012-02-14,12.388119914159185,12.388119914159185,12.101321263537095,12.178996086120605,4160277
2012-02-15,12.26065467358827,12.308454452891137,11.965889117167192,12.079812049865723,33524568
2012-02-16,12.15708623844211,12.39847621253073,12.069453574827676,12.076623916625977,2533410
2012-02-17,12.109290067474351,12.35864549068025,11.88024974121725,11.926456451416016,4326300
2012-02-21,12.148325750164538,12.148325750164538,11.814523075515678,11.866704940795898,9758232
2012-02-22,11.870290172155004,12.092559533482873,11.822489638221075,11.910123825073242,9610128
2012-02-23,12.029623205696373,13.04935237871887,12.029623205696373,12.131197929382324,13890393
2012-02-24,12.131195724715832,12.308452776731748,11.567953438952062,11.693826675415039,32773851
2012-02-27,11.751586247591822,11.949159163419752,11.631289513644267,11.889409065246582,11494494
2012-02-28,11.949954892050227,12.510806080236476,11.949954892050227,12.465794563293457,7401141
2012-02-29,12.465796937987028,13.089185844390592,12.465796937987028,12.889622688293457,12570624
2012-03-01,12.666955931723532,13.62295169754681,12.587688012154045,12.695237159729004,5155821
2012-03-02,13.025452599281781,13.22461861937309,12.253485701118796,12.589280128479004,4220568
2012-03-05,12.74622350909268,12.778488175378968,12.348288613373773,12.413216590881348,2027718
2012-03-06,12.348291519141457,12.61915802948879,12.212859016128222,12.43393325805664,2105631
2012-03-07,12.308855121965225,12.404056051332402,12.20489002076439,12.267827033996582,2223342
2012-03-09,12.333947826203561,12.658588443478543,12.31243830088513,12.421979904174805,1796751
2012-03-12,12.467789637610574,12.666159142947965,12.356257044571613,12.48531723022461,1561923
2012-03-13,12.508019364803602,12.833855932618535,12.485315407981032,12.763351440429688,3389463
2012-03-14,12.787249952096309,13.065285970895086,12.770520404875633,12.988804817199707,7436286
2012-03-15,12.985617580113013,13.136983790890008,12.865720245249037,12.981634140014648,6704280
2012-03-16,13.129018277198817,13.264450741678553,12.467787460371376,12.678505897521973,11282040
2012-03-19,12.396087975998599,12.736661614790249,12.109289280628838,12.448269844055176,2161368
2012-03-20,12.666554361892949,12.666554361892949,12.23675425932745,12.466591835021973,1831797
2012-03-21,12.412021549670424,12.731084905380504,12.34828800578331,12.678505897521973,1035639
2012-03-22,12.746620514121705,12.815930576536006,12.268622677334283,12.406046867370605,2613105
2012-03-23,12.591271915888909,13.535318043814746,12.30925243279752,12.379756927490234,2324718
2012-03-26,12.390112256661974,12.42795418824436,12.164258858358656,12.200506210327148,1136916
2012-03-27,12.213256761374948,12.427957179987503,12.212858116375509,12.237554550170898,4529151
2012-03-28,12.268619999474733,12.269017892158399,11.989787487435736,12.02922248840332,1479060
2012-03-29,11.965887188630308,11.965887188630308,11.774687350074256,11.855151176452637,2981781
2012-03-30,11.894189801504526,12.157088595479149,11.870289911143196,12.147927284240723,2634192
2012-04-02,12.175413941083626,12.340323587352627,12.079017826381603,12.134783744812012,1328976
2012-04-03,12.149124088227058,12.17302398177808,11.83045859016001,12.1005277633667,1392138
2012-04-04,12.06945770896238,12.148327734958656,11.93402522750329,12.033208847045898,3437874
2012-04-09,11.830459567255707,12.030820044673053,11.806558919570394,11.965095520019531,5187006
2012-04-10,11.9129103470495,12.132391432328825,11.870289191887752,11.994966506958008,4392432
2012-04-11,11.97784135827278,11.97784135827278,11.830459299340207,11.900166511535645,7434999
2012-04-12,11.88263931171536,12.013690452963049,11.791819719273331,11.832449913024902,5162949
2012-04-13,11.934022644458778,11.965092123741996,11.83882098221373,11.930038452148438,1417482
2012-04-16,11.926853884993012,12.029623796301609,11.806557135561027,11.8499755859375,662508
2012-04-17,11.902159807164848,11.981826380005186,11.84639313096057,11.954340934753418,477378
2012-04-18,11.88024764515566,12.643052360837448,11.879849000278648,12.123628616333008,16954443
2012-04-19,12.18855559332698,12.39210366353948,12.157087469944646,12.180987358093262,1857636
2012-04-20,12.180987505355501,12.184970945455117,11.926055612741637,11.95154857635498,2106819
2012-04-23,12.029623920471657,12.109289726232465,11.710957688787401,11.723306655883789,3838923
2012-04-24,11.941591383429351,11.950354801697275,11.671123608291962,11.707371711730957,8158788
2012-04-25,11.790622890755792,12.109288333632424,11.71095634199659,11.830057144165039,4847139
2012-04-26,11.581499136223751,11.790622982157606,11.232958640840483,11.659173965454102,17491716
2012-04-27,10.764121460018872,11.726889498806392,10.764121460018872,11.646028518676758,2177307
2012-04-30,11.632088632900201,11.764334964537378,11.552422820534948,11.72251033782959,3306204
2012-05-02,11.742026453529832,11.853956911643321,11.591854668430573,11.6145601272583,1774080
2012-05-03,11.639259320755448,11.702195585159274,11.409023792422309,11.516971588134766,6763086
2012-05-04,11.418582394499232,11.534099173619515,11.312627077132934,11.355646133422852,2475693
2012-05-07,11.32019508602517,11.59345040513081,10.978027593635247,11.356841087341309,2750121
2012-05-08,11.411409458949917,11.411807351632882,11.153290683877664,11.268010139465332,1115829
2012-05-09,11.170022787553362,11.273588478050575,11.162852444339137,11.230966567993164,728046
2012-05-10,11.1616607203145,11.54485559803625,11.1616607203145,11.408227920532227,1150776
2012-05-11,11.29669029122702,11.34449006560659,11.073625178895748,11.152494430541992,3145725
2012-05-14,11.181174732167952,11.23255930359425,10.684056307031224,10.83542251586914,3957129
2012-05-15,10.692823358231777,10.95412914123384,10.61156371099776,10.644227027893066,2977920
2012-05-16,10.643428310147979,10.675294330508258,10.44426229817519,10.506402015686035,1019106
2012-05-17,10.532688800747193,10.895967807640496,10.277756942882457,10.366186141967773,2893275
2012-05-18,10.1463083126084,10.410800905752392,9.799361670658731,9.870662689208984,6286500
2012-05-21,9.838798229834381,10.188135318607433,9.838798229834381,10.031989097595215,2417778
2012-05-22,10.125594938933924,10.157461707871857,9.936387549695258,10.012070655822754,687456
2012-05-23,10.019640581931846,10.076602431618129,9.704958536070839,9.816889762878418,2505789
2012-05-24,9.839197413658347,9.974232006872045,9.77506596681032,9.93240737915039,1066923
2012-05-25,9.97702012053612,9.97702012053612,9.822865613781484,9.891777038574219,933966
2012-05-28,9.91846335531166,10.165429135518528,9.904521314080522,10.136749267578125,950499
2012-05-29,10.078591578125325,10.197294482420947,10.066244117304388,10.13953685760498,1017126
2012-05-30,10.157861809217163,10.157861809217163,9.95829788352645,9.998529434204102,397089
2012-05-31,9.878630959248694,9.990163533977395,9.862299304270818,9.914082527160645,1370457
2012-06-01,9.91965909954753,10.090941779250477,9.67548156332836,9.721688270568848,1032867
2012-06-04,9.717704008132042,9.990162745951015,9.480298190540482,9.8638916015625,1752003
2012-06-05,9.878631617139309,9.950331295417103,9.559966129629027,9.592230796813965,3671811
2012-06-06,9.75952941757777,10.03676815573,9.62330041370377,9.88540267944336,4560534
2012-06-07,10.157860982725913,10.300863193606588,9.99972380331271,10.190923690795898,1902384
2012-06-08,10.144316064497994,10.47612697108416,10.118025813201578,10.331931114196777,3082761
2012-06-11,10.427134844339125,10.452229920075467,10.151090515559947,10.221595764160156,1611918
2012-06-12,10.055488195902637,10.256248009796103,10.02202910444055,10.061463356018066,6334119
2012-06-13,9.937183616522017,10.157859119366448,9.937183616522017,10.043140411376953,4589442
2012-06-14,9.974627944886706,10.10966251163665,9.880621460020519,9.927624702453613,1769130
2012-06-15,9.934000617797786,9.934398510622803,9.806932904792227,9.84915542602539,1356894
2012-06-18,9.881019228642968,10.022028943437086,9.819676809787804,9.857915878295898,1147410
2012-06-19,10.022029264502518,10.02601270464309,9.77147794996584,9.966660499572754,753984
2012-06-20,9.976620731920745,10.076602388027814,9.976222086977417,10.042346000671387,1839321
2012-06-21,10.117632344723054,10.261430371807325,10.00609899056381,10.22199535369873,2498760
2012-06-22,10.211635474972297,10.347865981092214,10.11723109413088,10.237926483154297,2175723
2012-06-25,10.245098278710227,10.403635646100067,10.21323224981302,10.318391799926758,1165230
2012-06-26,10.339102090113084,10.355433745320141,10.245095599481273,10.31360912322998,547965
2012-06-27,10.117232697078334,10.341095921085394,10.117232697078334,10.307236671447754,1861299
2012-06-28,10.46696730612843,10.555795175506368,10.305642470781901,10.463780403137207,1439955
2012-06-29,10.479317882152184,10.754564971409115,10.479317882152184,10.679281234741211,3630825
2012-07-02,10.674496558326114,10.914291981782187,10.60638168781506,10.790013313293457,1595781
2012-07-03,10.595229827480761,10.937396540855287,10.595229827480761,10.895174026489258,1132956
2012-07-04,10.725483965020087,10.93540587297381,10.725483965020087,10.869681358337402,2566575
2012-07-05,10.733451146301206,10.965281232278615,10.733451146301206,10.871672630310059,1908423
2012-07-06,10.35623171409566,11.148911626270472,10.35623171409566,10.82546615600586,2450151
2012-07-09,10.873265007939164,10.873265007939164,10.635461280366364,10.662149429321289,598257
2012-07-10,10.738627763014094,10.76292629596622,10.572125084002156,10.610763549804688,1624392
2012-07-11,10.739026989468654,10.739026989468654,10.425140772752925,10.498435020446777,1936737
2012-07-12,10.498437588663288,10.810729302215615,10.475732124079338,10.629487991333008,3101472
2012-07-13,10.587663814752462,10.715130178780852,10.545440539359035,10.644227027893066,1191762
2012-07-16,10.635062854527407,10.747392720698395,10.596026490423244,10.66135311126709,3666069
2012-07-17,10.61196082636271,10.683261859816817,10.438287770573693,10.577305793762207,3177801
2012-07-18,10.635858605729682,10.658961204045728,10.420360968401381,10.504010200500488,1185822
2012-07-19,10.543842699379702,10.594431483329325,10.500027117123057,10.555395126342773,2523609
2012-07-20,10.520741512848424,10.579297188607505,10.374554654559,10.43549919128418,547371
2012-07-23,10.396464318372217,10.47493570459388,10.197297519700786,10.363801002502441,842193
2012-07-24,10.571331002467002,10.571331002467002,10.156268638789681,10.191720962524414,2363328
2012-07-25,10.197695764511616,10.198094409487704,9.92802522491313,10.018048286437988,8168094
2012-07-26,10.038361253919454,10.061863252432719,9.806532684638176,9.9463472366333,1497375
2012-07-27,9.917665023732601,10.189327182388949,9.766298830706706,9.857516288757324,1119294
2012-07-30,9.760325212569146,9.917267944998455,9.006681030564353,9.131359100341797,13564089
2012-07-31,9.119808269031,9.384698023100889,8.930600119872228,9.258028984069824,46945602
2012-08-01,9.36119783931445,9.767098116525142,9.322560118771657,9.731247901916504,7482024
2012-08-02,9.118614313781428,10.394072806946218,9.118614313781428,10.290904998779297,6091767
2012-08-03,10.12599715976556,10.372166476012449,10.037567164402176,10.131573677062988,2840409
2012-08-06,10.197295471863976,10.352645137463535,9.998130217509946,10.110459327697754,12175515
2012-08-07,9.87863091031302,10.515961839731895,9.87863091031302,10.151089668273926,2860605
2012-08-08,10.277358971245619,10.277358971245619,9.8467616443381,10.181757926940918,2694186
2012-08-09,10.181759800140965,10.196100485937034,10.00091793053281,10.048319816589355,397386
2012-08-10,9.93240706833262,10.149497082441204,9.918863669721151,10.047524452209473,2237499
2012-08-13,10.077794114964032,10.117627760039506,9.895358442473784,10.082574844360352,669141
2012-08-14,10.076600454254338,10.07779488453456,9.998925630193755,10.026012420654297,884367
2012-08-16,10.029997367123585,10.07700061614712,9.958297686958947,9.987774848937988,351846
2012-08-17,9.95829797116767,10.08496778582049,9.95829797116767,10.035176277160645,654390
2012-08-21,10.035972814936269,10.045532772564394,9.87863215904017,10.035176277160645,2271357
2012-08-22,10.189326567869642,10.199683811150178,9.926427841825408,10.07341194152832,2502126
2012-08-23,10.07660299513836,10.077797425719766,9.96666273042696,10.018844604492188,4602213
2012-08-24,10.006893728811287,10.033582631821147,9.695398585810809,9.771878242492676,1344717
2012-08-27,9.806931372548211,9.878631046685618,9.682651185216473,9.799363136291504,2732202
2012-08-28,9.836406444862458,10.06186193091277,9.697787093677306,9.939972877502441,1197108
2012-08-29,9.886595245218569,10.10169422562991,9.886595245218569,10.036368370056152,3954852
2012-08-30,9.963474971318405,10.014063009510133,9.78741156950439,9.948737144470215,2604393
2012-08-31,9.878631503973502,10.028403912829065,9.790600170638642,9.886597633361816,1930896
2012-09-03,10.02920221406913,10.02920221406913,9.824858285426899,9.935992240905762,257796
2012-09-04,9.995342708290934,9.995342708290934,9.8391964933324,9.886597633361816,2299869
2012-09-05,9.9005373996148,9.91846212681736,9.657555089855318,9.717305183410645,561033
2012-09-06,9.814499072745159,9.918463406525897,9.73801867234899,9.809320449829102,2064447
2012-09-07,9.901748978987534,9.966046498670966,9.845489597784601,9.89250659942627,3350655
2012-09-10,9.845889291220535,9.885673251266063,9.741004995478622,9.774358749389648,2407284
2012-09-11,9.79726646535576,9.844685637706219,9.607187603459554,9.664251327514648,868428
2012-09-12,9.664251309022406,9.729753825989711,9.483817757992117,9.543292999267578,3020094
2012-09-13,9.62045131616866,9.773157001018093,9.44363348851715,9.458100318908691,2392830
2012-09-14,9.515964598439819,9.643353099676837,9.404248681487514,9.488638877868652,1575288
2012-09-17,9.491852587729372,9.732967093209776,9.421126394585036,9.60999870300293,8697051
2012-09-18,9.644560770600815,9.765117666410923,9.604375391602789,9.654205322265625,3757050
2012-09-20,9.567402898958388,9.773153556051165,9.40344478683215,9.715286254882812,9880200
2012-09-21,9.715287408655474,9.966045743498007,9.577851413835086,9.840665817260742,14562108
2012-09-24,9.885674347830705,9.901748347318113,9.483817531301389,9.525209426879883,5708340
2012-09-25,9.54369576859634,9.700822307717699,9.37732684896955,9.51114559173584,7846839
2012-09-26,9.52400376176985,9.604376042847765,9.483818380046968,9.529228210449219,4000590
2012-09-27,9.604374041863773,9.724930920731566,9.443228858393248,9.540478706359863,24282324
2012-09-28,9.708856760108391,9.78922827055744,8.929255309318924,9.713276863098145,6001479
2012-10-01,9.72372766175108,10.014270004211184,9.69559758964836,9.964037895202637,2040588
2012-10-03,9.982522394614815,10.126788499164505,9.805705358617258,9.90375804901123,3138894
2012-10-04,9.925856733078811,10.046413589923688,9.845486001059415,9.931884765625,1814670
2012-10-05,9.96845572201037,10.006230338272998,9.813339326562506,9.837048530578613,625086
2012-10-08,9.832631289033278,10.030344633571195,9.82941618496386,9.848705291748047,3618054
2012-10-09,9.94997351959395,9.951982864869574,9.853527981628798,9.909788131713867,4620528
2012-10-10,9.816154264146244,9.91943141101575,9.805303952815214,9.88768482208252,493812
2012-10-11,9.963232442360583,10.046416125465841,9.845488485890897,9.974081993103027,1490049
2012-10-12,9.947559783390846,10.046416050810768,9.902551373266684,9.996988296508789,1370358
2012-10-15,9.981717656392181,10.206356028873811,9.917823072325032,10.148086547851562,2024451
2012-10-16,10.207160309066795,10.329726554972819,9.885674986826206,9.958812713623047,4446288
2012-10-17,10.038380704191464,10.254980954679553,9.951177562479081,10.242925643920898,3796452
2012-10-18,10.287126809745835,10.512568721312316,10.247342853726357,10.47439193725586,5145030
2012-10-19,10.488057358653602,10.641165181518371,10.295567743970057,10.431797981262207,4385106
2012-10-22,10.37754712954785,10.480422091131512,10.126788035333675,10.44586181640625,2083455
2012-10-23,10.408085806253611,10.44827193450376,10.2553801882979,10.293556213378906,613503
2012-10-25,10.292350995707928,10.440234335845,10.292350995707928,10.398038864135742,821205
2012-10-29,10.328119635289468,10.335754083821472,9.998194752794548,10.046819686889648,6270759
2012-10-30,9.96604511428475,10.022304487672677,9.492657783549276,9.700819969177246,7763877
2012-10-31,9.763509192957855,9.91782199903061,9.708856234929808,9.885271072387695,2098503
2012-11-01,9.925858677074828,9.929877366226021,9.807713313635773,9.890897750854492,1010295
2012-11-02,9.885675012836707,10.022305914710824,9.79766828517974,9.847900390625,12601512
2012-11-05,9.741005966066039,9.876431857400773,9.623663418802566,9.643756866455078,8975043
2012-11-06,9.604776078000283,9.821377060380637,9.491853638758009,9.68032455444336,11978208
2012-11-07,9.692782509669557,9.821376771283207,9.578654315215902,9.751453399658203,13350942
2012-11-08,9.644962212771418,9.751453686697403,9.60598183657109,9.68032455444336,8319366
2012-11-09,9.644963988225605,9.845490250084184,9.403447239125807,9.427156448364258,3229083
2012-11-12,9.516368533280492,9.564189118435062,9.44523939664714,9.490649223327637,569349
2012-11-15,9.479395463835385,9.70202368733653,9.421125994691508,9.488236427307129,3418866
2012-11-16,9.524403434012957,9.652595501483505,9.461713106576417,9.637324333190918,1193445
2012-11-19,9.62085119570557,9.684745778927423,9.573029852888514,9.630093574523926,6010884
2012-11-20,9.64335337897233,9.724931405867657,9.598747900678005,9.642951965332031,11551617
2012-11-21,9.443631602965379,9.765117670343152,9.296552569425835,9.697203636169434,1099197
2012-11-22,9.589104240898056,9.909785963889254,9.589104240898056,9.755473136901855,2807046
2012-11-23,9.765117452561034,9.765117452561034,9.443631392353058,9.576244354248047,1096821
2012-11-26,9.580665238718225,9.716894718022983,9.576244376648981,9.614823341369629,3183246
2012-11-27,9.424748801083876,9.696002125305373,9.424748801083876,9.563791275024414,2472129
2012-11-29,9.485423950907652,9.821376026017008,9.485423950907652,9.734574317932129,410058
2012-11-30,9.6722878492328,9.759892392979339,9.499890933686856,9.534049034118652,946836
2012-12-03,9.540080358516057,9.652601430878487,9.492661929059752,9.520792007446289,3064149
2012-12-04,9.580261383844208,9.683135561621231,9.494665442192511,9.637324333190918,1521036
2012-12-05,9.57343298340739,9.869601172318513,9.57343298340739,9.708054542541504,1801800
2012-12-06,9.876837027802374,9.876837027802374,9.52440935593167,9.587499618530273,480744
2012-12-07,9.64496123974941,9.739798808493932,9.525609364863472,9.614017486572266,1756260
2012-12-10,9.718099849065192,9.765116844771104,9.52561024564184,9.660232543945312,5901885
2012-12-11,10.12678705094554,10.223232555185106,9.572627574009003,9.630494117736816,4320261
2012-12-12,9.837450105409863,9.837450105409863,9.403444596610772,9.462116241455078,7289073
2012-12-13,9.548113491907477,9.626876304213525,9.435994650974886,9.553738594055176,1330362
2012-12-14,9.553740000244044,9.56418889650394,9.347587905813892,9.49587345123291,2735172
2012-12-17,9.499891677306442,9.55775974574884,9.350401886254321,9.405054092407227,4678839
2012-12-18,9.29615172399275,9.547712910109567,9.29615172399275,9.437604904174805,548856
2012-12-19,9.443630333485348,9.821376487756506,9.428762853120078,9.597140312194824,3020292
2012-12-20,9.339148856951315,9.634513422254368,9.339148856951315,9.542086601257324,571131
2012-12-21,9.548114804395224,9.620448938475553,9.449659188735234,9.523199081420898,878031
2012-12-24,9.56418960296788,9.620047570164546,9.443631943940309,9.588703155517578,751212
2012-12-26,9.592318453021234,9.80530215650836,9.524002252575364,9.757481575012207,1116819
2012-12-27,9.804903705636773,9.949973424970311,9.76552190447822,9.894115447998047,1703097
2012-12-28,10.205551645452099,10.223232815802808,9.8213767908322,10.200729370117188,3488562
2012-12-31,10.200729872246951,10.657238879362119,10.16697318442496,10.510963439941406,2959605
2013-01-01,10.568830117409995,10.688984827090657,10.327715594338601,10.41049861907959,1414017
2013-01-02,10.408086366312865,10.648396527503326,10.368704580737576,10.607407569885254,25872957
2013-01-03,10.603791831086006,10.676528138207907,10.44827401071128,10.476804733276367,828927
2013-01-04,10.506137309774948,10.633124368304006,10.414111928547024,10.588518142700195,685377
2013-01-07,10.589328457473778,10.728773082934525,10.448277418029486,10.465958595275879,576774
2013-01-08,10.459928671406862,10.648801793946744,10.404874286562702,10.60218620300293,1469754
2013-01-09,10.602584188937644,10.729571264188214,10.588920950573735,10.669292449951172,2032371
2013-01-10,10.633127372816645,10.842092392148157,10.40808759589473,10.44505786895752,8990289
2013-01-11,10.41974169702292,10.665276339423176,10.299988392930405,10.373527526855469,3935646
2013-01-14,10.528242900487818,10.561195242438137,10.383976051044256,10.463945388793945,389466
2013-01-15,10.431799612721033,10.60901808302924,10.401660195123764,10.4430513381958,1450449
2013-01-16,10.606201497364445,10.606201497364445,10.325705952815673,10.363480567932129,966438
2013-01-17,10.447871655026026,10.52864458092587,10.30882924995506,10.429386138916016,1108701
2013-01-18,10.386789971410298,10.527440317381062,10.299989005288015,10.48564624786377,406098
2013-01-21,10.51257213526079,10.584504106795622,10.304008496838565,10.36227798461914,880506
2013-01-22,10.408088087547698,10.448274224606036,10.207159678704043,10.228055953979492,643203
2013-01-23,10.194703952999244,10.367904495877513,9.94595491635971,10.011457443237305,2784276
2013-01-24,10.11914987991034,10.11914987991034,9.636520280000374,9.688761711120605,2959506
2013-01-25,9.688764047074313,10.432198809464142,9.526413854385687,9.884066581726074,10024146
2013-01-28,9.884070006319522,10.609019504238203,9.884070006319522,10.467565536499023,7889310
2013-01-29,10.439434628539825,10.467563941709361,10.234085330689448,10.314055442810059,5239872
2013-01-30,10.368154072225648,10.45980439614035,10.22199888533402,10.28013801574707,380259
2013-01-31,10.263182837291135,10.369772030864203,10.109356541960786,10.282966613769531,832491
2013-02-01,10.349581448056103,10.456977974200266,10.186873461925536,10.265199661254883,247896
2013-02-04,10.400454158892297,10.417007724122234,10.189698676627069,10.250664710998535,405009
2013-02-05,10.250665917350217,10.335855073617992,10.045159399828579,10.315264701843262,1415304
2013-02-06,10.254702651365701,10.385112404403918,10.25389529045192,10.281350135803223,6175521
2013-02-07,10.255508728121477,10.569622401360304,10.240570647135883,10.499370574951172,2371644
2013-02-08,10.50543089414258,10.511486483716032,10.255109303845863,10.286197662353516,1569249
2013-02-11,10.295480913266932,10.376229965548276,10.214731860985589,10.299115180969238,1389762
2013-02-12,10.41620004884941,10.41620004884941,10.242590768134251,10.299115180969238,1100385
2013-02-13,10.41660433666541,10.41660433666541,10.173953130662992,10.180817604064941,1008414
2013-02-14,10.234919179597878,10.234919179597878,9.89012195593286,9.937359809875488,583902
2013-02-15,9.869935916365886,10.057273406818366,9.770615262780087,9.839654922485352,714285
2013-02-18,9.972486255948116,10.007612176521032,9.7229728310893,9.744773864746094,819720
2013-02-19,9.926455114867064,9.926455114867064,9.700762359302262,9.738715171813965,610038
2013-02-20,9.780304140260467,9.890930895250419,9.730240134067243,9.807354927062988,461835
2013-02-21,9.84974857468834,9.850152636379782,9.692288020675164,9.762539863586426,839520
2013-02-22,9.8109882516274,9.89173730495638,9.619613216328055,9.737910270690918,636669
2013-02-25,9.65635328179031,9.851361810853804,9.504545040070612,9.532403945922852,1538460
2013-02-26,9.657160753223716,9.657160753223716,9.073749927172727,9.236055374145508,1768239
2013-02-27,9.324881051444255,9.350720416052782,9.106455206663155,9.202950477600098,916641
2013-02-28,9.245745793385167,9.3264948480476,9.053160094702877,9.103628158569336,905058
2013-03-01,9.175090465763372,9.447617852502251,9.124622402945784,9.39472770690918,1123056
2013-03-04,9.448019852170216,10.29305750426813,9.33456850422991,9.975310325622559,5863275
2013-03-05,9.99671125851304,10.09360982747013,9.576817205572127,10.024166107177734,2214333
2013-03-06,9.924036469235364,10.170321200039146,9.85499605425903,10.050812721252441,831699
2013-03-07,9.948663381457894,10.133174674945215,9.934128599992166,10.054847717285156,381447
2013-03-08,10.15780233001536,10.15820639159231,9.93291690389153,9.970465660095215,2385603
2013-03-11,10.089167677519836,10.154574584437324,9.932918564354047,9.987828254699707,20933253
2013-03-12,9.987826562459372,10.052828634338583,9.731044668508156,9.84247875213623,257994
2013-03-13,9.851361866665107,9.931706854013449,9.653931253841412,9.747599601745605,462330
2013-03-14,9.532403570032589,9.850150762303224,9.40724281658952,9.501718521118164,1069200
2013-03-15,9.41531861457418,9.609116505239749,9.245746127324761,9.342644691467285,1773783
2013-03-18,9.286122111068043,9.485571551593857,9.205373044152005,9.308732032775879,415503
2013-03-19,9.370098506937985,9.405627719526846,9.164996077189498,9.223941802978516,518661
2013-03-20,9.234036294307558,9.286119070910178,9.060022214994884,9.12381362915039,453222
2013-03-21,9.284909266496507,9.285313328157168,9.043874287825323,9.110895156860352,613503
2013-03-22,9.092325287009311,9.28531508357188,8.924770795603617,9.220715522766113,2643300
2013-03-25,9.592963711172528,9.592963711172528,9.132694926848888,9.190834045410156,507078
2013-03-26,9.082633244844471,9.20375643925058,9.043873822634517,9.138349533081055,305019
2013-03-28,9.156922471309482,9.485570220299305,9.00349949441602,9.32932186126709,3851892
2013-04-01,9.229595585942482,9.47991710270489,9.04387361295256,9.164592742919922,456687
2013-04-02,9.124623231281964,9.407244561193005,9.124623231281964,9.355565071105957,600633
2013-04-03,9.367273252243319,9.961988752442167,9.366869190573631,9.834405899047852,10642104
2013-04-04,9.8061377969695,9.810982722191046,9.366863560375938,9.52715015411377,750123
2013-04-05,9.512216682703139,9.778285183306197,9.374943978119473,9.48193645477295,2056923
2013-04-08,9.55501421843242,9.64949069258647,9.44963722841405,9.573989868164062,2704977
2013-04-09,9.568737648718553,9.770610590595458,9.447614493496575,9.582061767578125,195624
2013-04-10,9.550165597218683,9.689861863299743,9.407240650866427,9.662810325622559,2125233
2013-04-11,9.641413595024675,9.641413595024675,9.326492586905692,9.383824348449707,666270
2013-04-12,9.456500431623898,9.519484495293376,9.302270097369837,9.382615089416504,140877
2013-04-15,9.407246129068612,9.48799444046079,9.205373825826822,9.239288330078125,357984
2013-04-16,9.23968675851666,9.399166037965902,9.2392834593531,9.35798454284668,462924
2013-04-17,9.367272126836097,9.439541978489448,9.245744876424128,9.364850044250488,762498
2013-04-18,9.406839148725837,9.446809992644317,9.298232718847434,9.413299560546875,245916
2013-04-22,9.455692920967088,9.487991932032502,9.366868734586024,9.446406364440918,261261
2013-04-23,9.50777502471076,9.612345409869874,9.40764626786203,9.538864135742188,165033
2013-04-25,9.538864357728222,9.6010410564772,9.458115309204564,9.532403945922852,205029
2013-04-26,9.55016642538014,9.74638710343957,9.528364636071512,9.66967487335205,437778
2013-04-29,9.584489379481584,9.745584221849406,9.245747648544253,9.617193222045898,180378
2013-04-30,9.368887505553115,9.730239076300908,9.368887505553115,9.492433547973633,215919
2013-05-02,9.526748970638577,9.915959351646734,9.456901214062526,9.635356903076172,965943
2013-05-03,9.689864553852969,9.810987746419066,9.561877650176424,9.694305419921875,4205025
2013-05-06,9.763346134846898,9.763346134846898,9.611134587908902,9.691076278686523,2041875
2013-05-07,9.689864275488468,9.770613322339635,9.568740324021505,9.683000564575195,1021680
2013-05-08,9.7298383887869,10.238959253313165,9.711669332531788,10.071808815002441,3898422
2013-05-09,10.135196726618632,10.230884647776037,10.002365619799386,10.058485984802246,1505097
2013-05-10,10.037086990519521,10.626150287945936,10.029011854986514,10.50744915008545,8096220
2013-05-13,10.162245697738042,10.272063554112576,10.013667656173102,10.078670501708984,333234
2013-05-14,10.110161726790295,10.219577041682724,10.012455812958589,10.065346717834473,266805
2013-05-15,10.046771656218263,10.497351364781828,9.883659631983964,10.351598739624023,813285
2013-05-16,10.10894956598535,10.497351843400477,10.10894956598535,10.478375434875488,1114245
2013-05-17,10.386728581937362,10.901098330679092,10.343930826845588,10.682672500610352,1902384
2013-05-20,10.618477919747908,10.736370919779425,10.340701524984114,10.354024887084961,522522
2013-05-21,10.335854089755918,10.570026853096339,10.10249021201878,10.171127319335938,647559
2013-05-22,10.406916173252723,10.406916173252723,10.117835168440147,10.165881156921387,414711
2013-05-23,10.071808555905038,10.213926983465084,10.012862808364149,10.108146667480469,340560
2013-05-24,9.974100472371243,10.17435800575044,9.974100472371243,10.11298942565918,94842
2013-05-27,10.1739516867638,10.545801164516238,10.0290079397668,10.341909408569336,338184
2013-05-28,10.544995942349392,10.544995942349392,10.15053647136058,10.43113899230957,480348
2013-05-29,10.21634562794906,10.544994857545044,10.21634562794906,10.372191429138184,477576
2013-05-30,10.496545662004513,10.496545662004513,10.133982700011186,10.228458404541016,394713
2013-05-31,10.626553048783784,10.820350192710162,10.416606396990401,10.579315185546875,12070773
2013-06-03,10.650777199611905,10.699226483354703,10.457384126330465,10.532076835632324,520641
2013-06-04,10.543376311331759,11.05815069214408,10.543376311331759,10.714160919189453,2499156
2013-06-05,10.739600439847068,10.860723638434745,10.699629593718015,10.800565719604492,934956
2013-06-06,10.71699053016076,11.017376825267869,10.71699053016076,10.859108924865723,6853473
2013-06-07,10.901097069258393,10.940260551893067,10.653198399462388,10.713760375976562,4603995
2013-06-10,10.707300676247636,11.142940129922444,10.7064933153197,10.921285629272461,11281347
2013-06-11,10.820348667430975,11.038370423614941,10.57729491074856,10.635030746459961,713097
2013-06-12,10.634625456011374,10.941470601058855,10.602325686182024,10.894232749938965,1653993
2013-06-13,10.679039520252942,10.901098866787184,10.409338250477903,10.649566650390625,6139188
2013-06-14,10.69922545340868,10.851437002046582,10.578102255711443,10.708107948303223,1510443
2013-06-17,10.724256477704225,10.7246605393183,10.138424315825258,10.452133178710938,485694
2013-06-18,10.34393013948894,10.85264832765252,10.34393013948894,10.727487564086914,692505
2013-06-19,10.618478078480171,10.829232079449525,10.51350437730064,10.73798656463623,315909
2013-06-20,10.625745007903655,10.682672724694601,10.463439529059459,10.590619087219238,258093
2013-06-21,10.642295059191534,10.693570469763415,10.150130557726786,10.322933197021484,5976135
2013-06-24,10.31526394355948,10.319704809479614,10.025375651999335,10.098856925964355,15081561
2013-06-25,10.26721925476883,10.271256059275178,10.021741896999313,10.158611297607422,2470050
2013-06-26,9.980562312774303,10.180819874808243,9.980562312774303,10.098052024841309,87318
2013-06-27,10.31163097427605,10.31163097427605,9.955125074749974,10.049601554870605,96624
2013-06-28,10.343930074407956,10.372596342148425,10.110969476725579,10.305978775024414,1223343
2013-07-01,10.311631247103849,10.464650930747492,10.111777765022074,10.18889331817627,495297
2013-07-02,10.271256640313949,10.415797121231366,10.225230204913817,10.294673919677734,700623
2013-07-03,10.154976030829564,10.295074850740523,10.022951580911135,10.045157432556152,311949
2013-07-04,10.085532409496217,10.214729954172117,9.940991960718002,10.079071998596191,785367
2013-07-05,10.238552950088657,10.238552950088657,10.086744705027224,10.168705940246582,247797
2013-07-08,10.068171815336894,10.148920092816287,9.980559065158152,10.084725379943848,808434
2013-07-09,10.102086289968469,10.222806178287813,9.975310814056634,10.068575859069824,8138889
2013-07-10,10.012861492183728,10.149326849243192,9.900620014895699,9.936957359313965,2054745
2013-07-11,9.835212897208244,10.109355007130079,9.835212897208244,9.924440383911133,1827441
2013-07-12,10.004787533438083,10.050007379024596,9.851364527646524,9.890932083129883,325413
2013-07-15,9.891739349044633,10.004787437161754,9.851364432846587,9.930094718933105,1707354
2013-07-16,10.013263969331538,10.013263969331538,9.830771425977053,9.88043212890625,78309
2013-07-17,9.942205975200562,10.053236034120449,9.699556244893751,9.804529190063477,454212
2013-07-18,9.753658342592054,9.851364281250254,9.658374487182922,9.716513633728027,231462
2013-07-19,9.786764509312404,9.89173821202811,9.617999376440737,9.700363159179688,1774278
2013-07-22,9.653931769715728,9.81098824763166,9.545324571301357,9.613556861877441,247896
2013-07-23,9.689865046633717,9.794031378728187,9.609115993356324,9.741543769836426,242352
2013-07-24,9.810989556989119,9.810989556989119,9.545325845203806,9.619211196899414,15026121
2013-07-25,9.80291240385788,9.80291240385788,9.528366252432665,9.585294723510742,3126024
2013-07-26,9.536440926602848,9.681386222326799,9.137138067397785,9.4116849899292,2319570
2013-07-29,9.932112137902193,9.932112137902193,9.134716991738811,9.193260192871094,219483
2013-07-30,9.183166752508058,9.199316260179907,9.085056758985766,9.127045631408691,509355
2013-07-31,9.06002243837762,9.205370257396767,8.680098563307165,8.909022331237793,5694975
2013-08-01,8.923558704468647,9.19729676457994,8.923558704468647,9.02045726776123,1529550
2013-08-02,8.93082202564192,9.124215773032233,8.93082202564192,9.050734519958496,2434311
2013-08-05,9.020055388399957,9.326497359548412,9.003501816300794,9.16136646270752,1483713
2013-08-06,9.06810000230955,9.634149287410326,9.016016448079878,9.217485427856445,1598751
2013-08-07,9.189222550852081,9.3991691874757,9.044278002708154,9.162979125976562,469062
2013-08-08,9.188414334965113,9.447617590930728,9.092726439182988,9.333762168884277,11141856
2013-08-12,9.447614493496575,9.769399168448187,9.333759108778018,9.582061767578125,396594
2013-08-13,9.689461411093784,9.915558312785281,9.481129500123492,9.75123405456543,371646
2013-08-14,9.82673413710425,9.932111126026095,9.661198468829525,9.724989891052246,292347
2013-08-16,9.721760795213008,9.827137787904432,9.512216707656115,9.618805885314941,313137
2013-08-19,9.609116222133862,9.672099524590354,9.489607742418894,9.580046653747559,298683
2013-08-20,9.48799110261087,9.581660208701424,9.265932562021309,9.540478706359863,364122
2013-08-21,9.681791266224522,9.681791266224522,9.447619207694112,9.59821605682373,225126
2013-08-22,9.569951772689109,9.689863530065091,9.45569154092525,9.475475311279297,1607364
2013-08-23,9.586909023046934,9.634550936072813,9.407242648157045,9.529577255249023,6663789
2013-08-26,9.43146588462102,9.5925591245002,9.416527043073891,9.511003494262695,4038606
2013-08-27,9.423394238958707,9.580450733369963,9.16499830860508,9.307923316955566,874170
2013-08-28,9.213447341523228,9.390690905942058,9.060024357051947,9.126237869262695,3201561
2013-08-29,9.068097022999162,9.504140453689446,9.068097022999162,9.387862205505371,1078902
2013-08-30,9.391092726435756,9.5283661823286,9.34264345079838,9.44317626953125,220374
2013-09-02,9.350315109276304,9.604270904255861,9.350315109276304,9.533211708068848,2671911
2013-09-03,9.447214289644718,9.608712404139988,9.447214289644718,9.500509262084961,129888
2013-09-04,9.629301274155118,9.649489105503054,9.431869925186804,9.606691360473633,270666
2013-09-05,9.61234514240504,9.649489840056424,9.463766351799508,9.504948616027832,100584
2013-09-06,9.563904760207842,9.735448634295963,9.539339958841657,9.671171188354492,391941
2013-09-10,9.58028144108422,9.906175774772723,9.58028144108422,9.832889556884766,345510
2013-09-11,9.645783870156388,9.899621101566353,9.645783870156388,9.809959411621094,2590929
2013-09-12,9.703103985745555,9.821834490309508,9.637598113605838,9.672398567199707,2565585
2013-09-13,9.732584185054323,9.784990132846392,9.581101092972176,9.658889770507812,6399855
2013-09-16,9.662161874728351,9.81773917407503,9.466462204013899,9.597064971923828,7690221
2013-09-17,9.44066971147703,9.58355527510322,9.425521097278434,9.444355010986328,154836
2013-09-18,9.4738334280949,9.506177019218441,9.375574221368751,9.407508850097656,1310463
2013-09-19,9.425522527014639,9.572911337172789,9.416925039693533,9.433711051940918,847638
2013-09-20,9.433301209885782,9.433301209885782,8.547330190109571,8.87977409362793,18833760
2013-09-23,9.12132810855824,9.12132810855824,8.720511745872823,8.871585845947266,860607
2013-09-24,9.006692569538412,9.16922998413043,8.583767503238981,8.829416275024414,1453122
2013-09-25,8.842517299598889,9.072608501801776,8.772508197302763,8.966160774230957,1931193
2013-09-26,8.966161952461754,9.11887269949941,8.852754118687876,9.041903495788574,1951983
2013-09-27,9.036986479582913,9.037396214952688,8.851522470254336,8.925217628479004,2094444
2013-09-30,8.941593159783237,9.023476060846935,8.728697771634726,8.901061058044434,1163250
2013-10-01,8.81058319344558,9.064010778076685,8.77864933713617,8.878546714782715,6088599
2013-10-03,9.01529018814078,9.039445252913973,8.917030987223097,8.939957618713379,839223
2013-10-04,8.848247162998677,9.170865844738618,8.802393135278377,8.883866310119629,6540633
2013-10-07,8.908842085323469,8.974349510653926,8.802395128326053,8.842107772827148,5647950
2013-10-08,8.964931293459236,8.964931293459236,8.802394651167416,8.893284797668457,1707750
2013-10-09,8.884277124613133,8.90884192549272,8.802394970405036,8.867900848388672,3696759
2013-10-10,8.916621718890202,9.08939558852541,8.843746005892374,8.998096466064453,1168596
2013-10-11,9.072609097897562,9.072609097897562,8.847430841047936,8.920716285705566,1986831
2013-10-14,8.998913253605265,9.039854326628715,8.71232265009828,8.917030334472656,1964556
2013-10-15,8.96616125843267,8.96616125843267,8.784380950050366,8.848249435424805,3137508
2013-10-17,8.925222480451046,8.925222480451046,8.72870324016188,8.800760269165039,830313
2013-10-18,8.89246512032316,9.293691208271573,8.769641123231093,8.929312705993652,2185029
2013-10-21,9.088985737927942,9.193386345373543,8.894104707107605,9.006693840026855,1238589
2013-10-22,8.933406048094279,9.170866266741887,8.900652727880829,9.01487922668457,5888025
2013-10-23,9.088985690211771,9.088985690211771,8.851934372915311,8.950194358825684,2642112
2013-10-24,8.94937493646559,8.9940013179851,8.75121911388754,8.840062141418457,2404809
2013-10-25,8.851524191686105,8.880592989110816,8.629622295459805,8.72951889038086,1524798
2013-10-28,8.720922450532907,8.859713791771483,8.704137209145877,8.775784492492676,932085
2013-10-29,8.826959195281434,8.843335470437262,8.72051147405421,8.798709869384766,985842
2013-10-30,8.925218309756973,8.925218309756973,8.720510637964175,8.82368278503418,653004
2013-10-31,8.852344888810483,8.852344888810483,8.606696083460678,8.743030548095703,2375703
2013-11-01,8.801985492220767,8.849886662064671,8.720512298012487,8.754903793334961,4802292
2013-11-05,8.74507643625115,8.908432547755362,8.687758312509311,8.799118995666504,968220
2013-11-06,8.801983926786965,8.801983926786965,8.695945949839931,8.740982055664062,1607364
2013-11-07,8.700863043845379,8.810585599244328,8.679573800492578,8.760637283325195,734184
2013-11-08,8.73238606652729,8.859713309805388,8.679571932029496,8.812631607055664,672408
2013-11-11,8.859710206600823,8.876087251997584,8.697582559537873,8.741390228271484,518067
2013-11-12,8.741387564612683,8.761039394632046,8.663189206694174,8.683660507202148,360657
2013-11-13,8.67138121544289,8.802393725974166,8.638627894538653,8.742619514465332,445104
2013-11-14,8.74262024274279,8.86626293780888,8.638628614153403,8.800347328186035,466290
2013-11-18,8.777832094956452,8.802396901224366,8.671384343433502,8.727065086364746,4938318
2013-11-19,8.784790374297478,8.794206559303825,8.720512155713498,8.752037048339844,3643299
2013-11-20,8.747534588032657,8.761453999022436,8.689806720360963,8.747125625610352,294327
2013-11-21,8.679566727881221,8.80239067230573,8.67137820722445,8.735246658325195,304722
2013-11-22,8.794205338746936,8.794205338746936,8.671381349809925,8.697993278503418,8023356
2013-11-25,8.695947617525409,8.761453498336103,8.695947617525409,8.731976509094238,441837
2013-11-26,8.702499591584765,8.751629200233628,8.638630327255349,8.700042724609375,457875
2013-11-27,8.646818164689188,8.720512571795702,8.646818164689188,8.673020362854004,293931
2013-11-28,8.66769949402105,8.745078437621197,8.6140658846935,8.671792984008789,599445
2013-11-29,8.720513224419792,8.728701750184161,8.581312924940878,8.650504112243652,375210
2013-12-02,8.647226345677113,8.71928335047612,8.556746707123555,8.639857292175293,438372
2013-12-03,8.556748912355488,8.712325504670309,8.556748912355488,8.661968231201172,264132
2013-12-04,8.65500660647766,8.712323962728991,8.560841660485064,8.626347541809082,435699
2013-12-05,8.679572149926939,8.679572149926939,8.556748128775439,8.60997200012207,511731
2013-12-06,8.528907968742354,8.646000333958794,8.528907968742354,8.566983222961426,585090
2013-12-09,8.646407687081544,8.679570747247485,8.58131154620566,8.59645938873291,515394
2013-12-10,8.556744698497601,8.607101947167788,8.556744698497601,8.574349403381348,2430252
2013-12-11,8.563298949378666,8.622254482724754,8.532183786696875,8.554291725158691,693495
2013-12-12,8.58826898526138,8.58826898526138,8.532179310897016,8.553059577941895,642411
2013-12-13,8.581312439258905,8.581312439258905,8.216933886569954,8.387659072875977,1244727
2013-12-16,8.55674621841283,8.679570212142883,8.21283903596868,8.25951099395752,15019587
2013-12-17,8.331569351986348,8.331569351986348,8.18827557122312,8.223484992980957,1593207
2013-12-18,8.360229089155855,8.360229089155855,8.155522144374332,8.177220344543457,1136223
2013-12-19,8.245591641348907,8.35203936099691,8.15060800991707,8.234946250915527,656568
2013-12-20,8.39298182201995,8.39298182201995,8.106392711705494,8.144058227539062,2474604
2013-12-23,8.188277944494448,8.229219036578783,8.122771269456228,8.167806625366211,2461338
2013-12-24,8.216522624609285,8.311098064241499,8.147332227162572,8.2185697555542,1455399
2013-12-26,8.245593033038382,8.302911164536177,8.17189862386373,8.248458862304688,1624986
2013-12-27,8.253780245410056,8.28653356863924,8.163709572886967,8.236175537109375,1365804
2013-12-30,8.309871621368263,8.309871621368263,8.147334178543819,8.19400691986084,1214730
2013-12-31,8.14774211832484,8.671381680008917,8.14774211832484,8.429008483886719,1107612
2014-01-01,8.434330837007062,8.565343349244056,8.352038957894436,8.395027160644531,1242054
2014-01-02,8.379060180122492,8.556746201607769,8.3151917035083,8.362274169921875,1185822
2014-01-03,8.331977087741393,8.433921574492492,8.22921467636182,8.31027889251709,605682
2014-01-06,8.392981722089383,8.515805735488302,8.323381576677635,8.404854774475098,754182
2014-01-07,8.43392018317612,8.499426039613956,8.253778111615151,8.363500595092773,763488
2014-01-08,8.360230331262144,8.433924749562209,8.269340162149089,8.342625617980957,391446
2014-01-09,8.392982398364657,8.392982398364657,8.237405817580806,8.286944389343262,545292
2014-01-10,8.286945427345069,8.311101272585686,7.94262838345893,8.110078811645508,3008709
2014-01-13,8.106393088159539,8.31110004679677,8.106393088159539,8.234539031982422,500742
2014-01-14,8.204649596917816,8.352038372954848,8.128907305056016,8.23740291595459,380556
2014-01-15,8.155931126827099,8.261969116523423,8.139145115612067,8.196053504943848,598257
2014-01-16,8.147742524090452,8.228397015004159,8.14733278863895,8.154292106628418,3479949
2014-01-17,8.123174980988008,8.261966247086127,8.074454359914144,8.160021781921387,652014
2014-01-20,8.147332948695617,8.270156950839333,8.10639187234297,8.23576545715332,597069
2014-01-21,8.173535741980833,8.227168571383137,8.147743279460487,8.163710594177246,335115
2014-01-22,8.188274573083763,8.261559236896252,8.130956449296797,8.19318675994873,356202
2014-01-23,8.164938428798127,8.311099584963161,8.142011021871372,8.223484992980957,531531
2014-01-24,8.188275983115217,8.237405591082585,7.828809600829864,7.959003448486328,4754673
2014-01-27,7.9590043729764535,7.95941333545692,7.639661884094864,7.760848522186279,7581420
2014-01-28,7.681830130117388,7.8607438413177295,7.681830130117388,7.819802761077881,23056704
2014-01-29,7.869242313272123,7.885722127355319,7.725454126607695,7.761297702789307,8881389
2014-01-30,7.76253240781008,7.818152839342639,7.622451292173508,7.703204154968262,1418373
2014-01-31,7.699084354745551,7.699084354745551,7.646760966912285,7.650880336761475,378675
2014-02-03,7.655001479141545,7.700733103184144,7.486080842278069,7.5276923179626465,1888623
2014-02-04,7.530162536632467,7.699494654996576,7.358357241062469,7.598142623901367,1397682
2014-02-05,7.597319614742774,7.597319614742774,7.507091036005873,7.568478584289551,775863
2014-02-06,7.596085132598829,7.59649745860219,7.432520074907117,7.481960296630859,13178385
2014-02-07,7.5561208190258045,7.708561636165581,7.457240373094448,7.540464878082275,8048304
2014-02-10,7.491847531546172,7.745641160956903,7.491847531546172,7.649643898010254,3056427
2014-02-11,7.646761735514965,7.704441476910068,7.580840919672547,7.667773246765137,487773
2014-02-12,7.655000041272884,7.9104414117533715,7.601439678626315,7.844109058380127,716958
2014-02-13,7.869240442824629,8.190602575863823,7.725863838256806,7.885720252990723,1029105
2014-02-14,7.806616531727474,8.014265423594853,7.720920422979703,7.9829535484313965,554697
2014-02-17,7.959882615334939,8.009322836537255,7.745641916116102,7.825158596038818,1166913
2014-02-18,7.753882632452975,7.811563158759583,7.6797222891903525,7.736578941345215,269874
2014-02-19,7.74605244702842,7.8280407382588,7.624099658084805,7.729160308837891,272250
2014-02-20,7.902198747970894,7.902198747970894,7.663238039453242,7.687134265899658,239085
2014-02-21,7.790963313054825,7.790963313054825,7.5940254908329585,7.652530670166016,1192851
2014-02-24,7.712683515581957,7.745643930948509,7.597323228759704,7.642230987548828,239382
2014-02-25,7.639757243381982,7.823097606636345,7.638108717388466,7.779837608337402,260271
2014-02-26,7.7044391696542265,7.762119671749304,7.619154616207183,7.692491054534912,9164430
2014-02-28,7.745642218733458,7.804558160479032,7.626161031181823,7.664889335632324,14835942
2014-03-03,7.663654385519211,7.7950829219467455,7.580841423189456,7.631929397583008,10444995
2014-03-04,7.589492302992561,7.745640916643151,7.564359869635401,7.608443737030029,3772098
2014-03-05,7.6228655368188765,7.992843336357045,7.6228655368188765,7.978423595428467,3780117
2014-03-06,7.910440138676257,8.125917754454289,7.910027812794808,8.090072631835938,7806249
2014-03-07,8.322443504118745,8.322855830055728,7.9269210160284365,8.052994728088379,8801199
2014-03-10,8.050521293782854,8.223562814415736,7.95164086940603,8.12756633758545,5418369
2014-03-11,8.127155406124135,8.223563438217894,7.992842171179358,8.167943000793457,1009800
2014-03-12,8.042691774193337,8.112320383754883,7.993251571538185,8.048871994018555,3593007
2014-03-13,8.075242646759618,8.502901715183548,7.9928427990380255,8.219856262207031,11308473
2014-03-14,8.215324200835418,8.327388175466389,8.124682505236413,8.293603897094727,1165032
2014-03-18,8.293603792245529,8.567997385573921,8.212439371175211,8.432036399841309,10673586
2014-03-19,8.388364929818088,8.523501264804423,8.322444121261345,8.466232299804688,1584000
2014-03-20,8.381770237709823,8.565523647125737,8.355402387817431,8.38753890991211,419661
2014-03-21,8.446046602072485,8.502903254145632,7.992844245683233,8.160117149353027,3121569
2014-03-24,8.244989923897359,8.848573078405638,8.244989923897359,8.7167329788208,9114633
2014-03-25,8.670586973522932,8.895128836361565,8.668526899333685,8.733211517333984,4521528
2014-03-26,8.775646759340608,8.956927823877626,8.570469458999684,8.902132034301758,6591519
2014-03-27,8.89100501779637,9.43484808940047,8.783885084669546,9.173227310180664,4353525
2014-03-28,9.393237983762665,9.570811226840636,9.072288881390268,9.453390121459961,5565780
2014-03-31,9.360689061109676,9.831195758322012,9.286528738165547,9.459157943725586,3295611
2014-04-01,9.43485008901274,9.572458828197698,9.22884969520264,9.300126075744629,1723986
2014-04-02,9.394062162643634,9.599651001242568,9.076407794295813,9.14686107635498,3538854
2014-04-03,9.115137745307988,9.305483005217168,8.808608342783687,8.976293563842773,2290662
2014-04-04,8.900072249263689,9.574931657746486,8.528858264200887,9.364398002624512,40951845
2014-04-07,9.451741443981515,9.508598080086768,8.98164785459487,9.18146800994873,5336694
2014-04-09,9.08877065651203,9.43485226942343,9.00884241366859,9.359868049621582,6257295
2014-04-10,9.41013007212828,10.356499116083985,9.237089303959614,10.029781341552734,17269659
2014-04-11,10.216831241428874,10.216831241428874,9.772692355122729,9.918952941894531,14943852
2014-04-15,9.970454706381817,10.472272587876548,9.937494297928769,10.104354858398438,15661899
2014-04-16,10.135665562020458,10.352378630366022,9.888876039245739,9.928016662597656,7472421
2014-04-17,9.929251049534402,10.143492473828667,9.789170716706145,9.992698669433594,5620626
2014-04-21,10.003825019172544,10.1764534477132,9.897528166711716,10.09364128112793,4842486
2014-04-22,10.102294180813956,10.324775174142097,10.020305879585273,10.099411010742188,4471434
2014-04-23,10.11053413580478,10.259267119000528,9.945733664890955,10.179750442504883,8229969
2014-04-24,10.179750442504883,10.179750442504883,10.179750442504883,10.179750442504883,0
2014-04-25,10.09735034259059,10.300055251313708,9.970454292364202,10.240315437316895,3806154
2014-04-28,10.251438875803421,10.258855298015998,10.011654190489903,10.228778839111328,3372039
2014-04-29,10.135253748676543,10.464855452326068,10.016596450746023,10.300466537475586,6217299
2014-04-30,10.225891548705409,10.398932267415601,9.731488717274388,9.975394248962402,11550726
2014-05-02,9.975398905765596,10.157916202855828,9.929667277951921,9.988995552062988,5228487
2014-05-05,9.890113285780016,10.209414637782102,9.822544726635307,10.1385498046875,3672306
2014-05-06,10.037195341558387,10.20117190026103,10.019891657903552,10.153379440307617,2044152
2014-05-07,10.052028616221083,10.192933613712158,10.036372678271732,10.109296798706055,2963268
2014-05-08,10.02113050288477,10.17645527281978,9.929254150638547,9.972514152526855,6098103
2014-05-09,9.896293139317315,10.165741935925018,9.896293139317315,10.056973457336426,8359362
2014-05-12,10.102293766931272,10.48957599884045,10.096113545098628,10.270390510559082,9321048
2014-05-13,10.304173602733224,12.140878544677276,10.185104774546605,11.04248046875,37588716
2014-05-14,11.05443053627148,11.395979564550219,10.810937285180897,10.925885200500488,13671702
2014-05-15,10.925887341765312,11.082860637165762,10.767266298215178,10.969559669494629,6781797
2014-05-16,11.08285881625055,13.16346881825493,11.001282070692513,11.667078018188477,22700304
2014-05-19,11.721460658397476,12.39302523246289,11.717341288988091,12.026755332946777,34206777
2014-05-20,12.112868647036755,12.81368457207974,12.112868647036755,12.387262344360352,14847327
2014-05-21,12.39302563903647,12.634870363013652,12.138820472505287,12.431753158569336,11505186
2014-05-22,12.471305048859117,13.307670081008846,12.471305048859117,13.005672454833984,23555070
2014-05-23,13.760874889629617,14.172877262272785,13.357112813390867,13.433332443237305,22072446
2014-05-26,13.629030710808022,14.337674285830527,12.574717969070548,13.428386688232422,46164294
2014-05-27,13.390070117915773,13.464231216730461,12.87300794577061,13.021740913391113,10926630
2014-05-28,13.25823225419203,13.480301705399313,13.02050686233014,13.090958595275879,10289070
2014-05-29,13.217030777412758,13.239277707765597,12.937692388632511,13.002788543701172,15533100
2014-05-30,13.760871444811398,13.760871444811398,13.10043114707365,13.246691703796387,38155590
2014-06-02,13.348873478278735,13.841627990464938,13.348873478278735,13.781475067138672,29024721
2014-06-03,13.802074310513785,14.296476517210335,13.55528553316008,14.110251426696777,17543988
2014-06-04,14.209545811880487,14.411839191637503,14.008077084206501,14.2890625,20015028
2014-06-05,14.172879684172026,14.831670955777989,14.172879684172026,14.706421852111816,12223629
2014-06-06,14.847738052027474,15.367684309868453,14.847738052027474,15.137786865234375,18763866
2014-06-09,15.24408067903814,15.779682744144093,15.24408067903814,15.534954071044922,10082556
2014-06-10,15.614880570295131,15.687804680625462,15.046317415730472,15.211941719055176,6980688
2014-06-11,15.458324091702877,15.458324091702877,14.847737691795345,14.950325965881348,6457671
2014-06-12,15.043849103557678,15.043849103557678,14.560158042687043,14.900471687316895,9332631
2014-06-13,14.914478785256858,15.244081265657249,14.379699795511987,15.006768226623535,10167201
2014-06-16,15.227603685134966,15.358620673655121,14.64255971135081,15.043027877807617,6068601
2014-06-17,14.930965557313462,15.099062362885869,14.436561632035188,14.98988151550293,11520729
2014-06-18,15.038081525778697,15.289815105559635,14.91654026900435,15.008828163146973,8879409
2014-06-19,15.087522086851497,16.37255709535146,15.087522086851497,16.12576675415039,31455468
2014-06-20,16.18098107885255,16.438893404754154,15.936663067536594,16.06191062927246,11060478
2014-06-23,16.213524070925263,16.31570156967997,15.862086937555954,16.054903030395508,6464700
2014-06-24,16.076327245740664,16.68526743647242,15.994752042362512,16.54889488220215,12502314
2014-06-25,16.60369195967604,17.55129659411007,16.405931046609716,17.390615463256836,16562997
2014-06-26,17.54305502472683,18.00449759947895,17.238173406905634,17.418630599975586,20747430
2014-06-27,17.53481570720527,17.839697342040186,16.686090062810013,16.843063354492188,12951576
2014-06-30,16.966247387229487,17.80673093263046,16.26666882519125,17.72597885131836,16894548
2014-07-01,17.707856526295316,18.358821308478436,17.67366147256792,18.074951171875,15306489
2014-07-02,18.26818003063314,18.456465217391134,17.88089851567725,17.98884391784668,9436185
2014-07-03,18.12315069624753,18.292895161131053,17.674891746478043,17.893253326416016,7847532
2014-07-04,18.024278301831846,18.210503438614655,17.913860484946063,18.014801025390625,7678539
2014-07-07,18.12810062105497,19.10042616511022,17.62298563152149,18.72220802307129,23519034
2014-07-08,18.82850550699952,18.909256065263904,17.551296746456387,17.661714553833008,19511514
2014-07-09,17.71156612830997,17.71156612830997,15.942839905186243,16.155433654785156,30887901
2014-07-10,16.16696732322379,16.30498918096081,14.547388043005625,15.113066673278809,70510770
2014-07-11,15.252323074500245,15.898343070284428,14.503304033303733,14.618252754211426,16231149
2014-07-14,14.642555131525313,14.988638162899443,14.029496517911253,14.824249267578125,9536967
2014-07-15,15.038081560824358,15.450082367306392,14.881520600863375,15.305883407592773,9713583
2014-07-16,15.301760887507765,15.646608551788493,15.0216001673272,15.30382251739502,8163540
2014-07-17,15.432778806951823,15.47480338435301,15.121306188442288,15.153030395507812,4138101
2014-07-18,15.079281458582734,15.435663376963133,14.856799685370587,15.24449348449707,7872975
2014-07-21,15.244086211823165,15.524247010713436,14.956508211096208,15.033140182495117,4732893
2014-07-22,15.013360222445371,15.548963899936288,14.955679706719648,15.189697265625,7659432
2014-07-23,15.120482698333378,15.548965689645135,15.120482698333378,15.215655326843262,5285016
2014-07-24,15.326483909444113,15.326483909444113,14.9643340631415,15.055386543273926,2663991
2014-07-25,15.054557824468926,15.189694922987778,14.668924169718254,14.818069458007812,3996432
2014-07-28,14.832079504624641,14.93920023701266,14.273816585418082,14.356216430664062,7417377
2014-07-30,14.224378226183735,14.510306877958522,14.214077855194978,14.394535064697266,6019200
2014-07-31,14.300595397169332,14.951558504254082,14.300595397169332,14.521017074584961,27799002
2014-08-01,14.420082404307133,14.73073201869082,14.017555637665568,14.448511123657227,6694578
2014-08-04,14.317903699687202,14.667280784121209,14.317903699687202,14.550271987915039,2518065
2014-08-05,14.420077460599133,14.708478480789099,14.337676057725494,14.592706680297852,3346200
2014-08-06,14.529260499910803,15.122543223145298,14.529260499910803,14.74308967590332,6360354
2014-08-07,14.891823995482634,15.450085505052387,14.474876748276989,14.611250877380371,11110176
2014-08-08,14.47775711944669,14.99688016983945,14.308835731697421,14.747206687927246,9095526
2014-08-11,14.551914769235186,15.03807813062406,14.551914769235186,14.874924659729004,4212747
2014-08-12,14.7628636439255,15.02984083099237,14.684171618189527,14.745970726013184,3686661
2014-08-13,14.741851850860982,14.832079666832618,14.222316448692004,14.335205078125,2829717
2014-08-14,14.33808629012695,14.58446425485872,14.337673964203631,14.51071548461914,2830707
2014-08-18,14.420074524481683,15.235838755552987,14.420074524481683,15.010886192321777,4020786
2014-08-19,14.964330438744975,15.150967828294874,14.915302551151562,15.00553035736084,2030490
2014-08-20,14.939200883556964,15.114713277262446,14.716719113438263,14.766983985900879,3377385
2014-08-21,14.685405417412115,14.947439331514088,14.547795913130297,14.652445793151855,1944756
2014-08-22,14.79911993989889,14.992759110256458,14.79911993989889,14.893467903137207,5631714
2014-08-25,14.90047429553905,14.993174529944945,14.584879927739152,14.880698204040527,4926141
2014-08-26,14.76615922732805,14.897588525622341,14.4274933305205,14.556037902832031,2053755
2014-08-27,15.079692445069808,17.467244923135596,15.079692445069808,17.15824317932129,106898022
2014-08-28,17.617217448273657,18.210501744469337,16.862430480718018,16.9481258392334,92926152
2014-09-01,17.089851404941893,17.526574653010197,16.933290446042502,17.391437530517578,24929982
2014-09-02,17.49361207176147,17.51586055640637,16.98108005280913,17.09479331970215,9251352
2014-09-03,17.139291957909187,17.303268549250152,16.596684988596778,16.69226837158203,8049591
2014-09-04,16.834413559312456,16.834413559312456,16.251843481441202,16.349899291992188,8240661
2014-09-05,16.438886670988133,17.88089479235539,16.438886670988133,17.137229919433594,46720476
2014-09-08,17.221692562803113,17.510093584322565,16.93452696329282,17.224164962768555,11611017
2014-09-09,17.300795852555503,17.37990019901892,16.94152924173614,16.994266510009766,6017517
2014-09-10,17.015689966791292,17.295852224927973,16.785380250047705,16.853361129760742,6064542
2014-09-11,17.15494892546134,17.757296572347613,17.15494892546134,17.45117950439453,26918199
2014-09-12,17.571230269777097,17.793051658847332,17.211497437665866,17.426671981811523,12434796
2014-09-15,17.380970622129176,18.01984868336595,17.258844119515988,17.812150955200195,14625666
2014-09-16,18.019856614388377,18.601410822962375,17.04783125801138,17.326976776123047,26234604
2014-09-17,17.58784457195514,17.861174663613234,17.249712063842,17.589920043945312,11977812
2014-09-18,17.529686816720716,17.975820682099577,17.423345167228696,17.569149017333984,9094338
2014-09-19,17.66260872338367,17.765211990627744,17.455326717631323,17.566652297973633,4871097
2014-09-22,17.529684296039726,17.93677162411922,17.281277191297935,17.464881896972656,9048798
2014-09-23,17.493135214097716,17.77892757484246,17.1736960452858,17.31576156616211,11394702
2014-09-24,17.305371687923394,17.60445608859478,17.305371687923394,17.45034408569336,5888619
2014-09-25,17.463224133945914,17.642674795765895,16.707204880558844,17.03495216369629,4983264
2014-09-26,16.615816378565835,16.929024342463318,16.31673040677969,16.7130184173584,12882276
2014-09-29,16.806899395691303,17.037443056364374,16.67397193603608,16.779067993164062,9137898
2014-09-30,16.831822323451263,16.948133458525138,16.412688397830657,16.5335693359375,5137110
2014-10-01,16.631601969017538,17.445776734978516,16.631601969017538,17.0685977935791,18088092
2014-10-07,17.03951841166549,17.28127869506912,16.53315196948945,16.630769729614258,16197291
2014-10-08,16.699727924118992,16.823514209376988,16.416426804212563,16.455474853515625,5780907
2014-10-09,16.781559844493795,17.213985864859723,16.574276225809854,16.991748809814453,10495089
2014-10-10,16.951871153711334,16.9892563139627,16.575523651321063,16.671064376831055,4961880
2014-10-13,16.5825836300769,16.698894753456024,16.46627407545939,16.632431030273438,2757942
2014-10-14,16.649048711248987,16.82351384178641,16.53273757838288,16.68684959411621,4627656
2014-10-15,16.68684959411621,16.68684959411621,16.68684959411621,16.68684959411621,0
2014-10-16,16.554340686967773,16.86464181198998,16.446753419752667,16.482892990112305,6340059
2014-10-17,16.479978295490454,16.85674301850166,16.457963866538865,16.615814208984375,4066524
2014-10-20,16.781971138236838,16.853420376910528,16.619966715608815,16.78280258178711,5334318
2014-10-21,16.827665585941833,17.65347263209377,16.551844366502355,16.67770767211914,21855042
2014-10-22,16.79859092240264,17.263833885060098,16.79859092240264,17.184907913208008,6008211
2014-10-27,17.704149880728025,18.63463567567513,16.957268796468583,17.077733993530273,26462700
2014-10-28,17.21398806651714,17.579536254333046,16.935672451997135,16.998397827148438,8396784
2014-10-29,17.130906845909433,17.197370576128616,16.741267208232472,16.948549270629883,4372533
2014-10-30,17.00587548330681,17.147525276623693,16.790285232059116,16.963504791259766,3010689
2014-10-31,17.01459414090644,17.421681471989825,16.980531622718054,17.31077003479004,7010883
2014-11-03,17.363524764738656,17.529683264254373,17.23890549791152,17.342754364013672,4101075
2014-11-05,17.375988241402844,17.662194657434934,17.04824102096533,17.15291976928711,6987915
2014-11-07,17.23891249322422,18.900495025105887,17.23891249322422,18.540348052978516,52978068
2014-11-10,18.903817157138082,19.639897533906662,18.767567041767588,18.942033767700195,37516743
2014-11-11,19.041730046151198,19.31589161677236,18.944112255809575,19.082439422607422,9700713
2014-11-12,18.925413288448688,19.731279798225188,18.925413288448688,19.175065994262695,14722191
2014-11-13,19.274352490737733,19.390662082240805,18.643782286086797,18.839017868041992,6043059
2014-11-14,18.933724287957986,19.191267902750702,18.452694875739617,18.654577255249023,4894263
2014-11-17,18.775041592931075,19.105695764403944,18.65499210641015,18.945768356323242,12171159
2014-11-18,19.058341840388454,19.382350749609103,18.650838725862002,18.81035041809082,7040286
2014-11-19,18.742640103480593,19.06664899559058,18.485094935876624,18.60472869873047,5518656
2014-11-20,18.57648487377803,18.811599929149228,18.194737641660208,18.25870704650879,5297688
2014-11-21,18.1195488974798,18.52497499690818,18.1195488974798,18.207197189331055,9924057
2014-11-24,18.36089407219113,19.396060419433006,18.32433878301941,19.13892936706543,22573782
2014-11-25,19.305088921406295,19.34911935961395,18.69611911146442,18.942447662353516,10817433
2014-11-26,18.9270771372301,19.21369931497569,18.79871948501659,19.126466751098633,14719320
2014-11-27,19.126467131782917,19.415582077646697,19.04504996595973,19.1459903717041,11748429
2014-11-28,19.249426901131702,19.390660976967833,19.15804023845903,19.28805923461914,11135223
2014-12-01,19.233217665264778,19.34080488503337,18.983566558299962,19.157201766967773,8713386
2014-12-02,19.29096362125707,21.176860048064196,19.139760082613684,20.89397621154785,70537401
2014-12-03,21.25163384191123,22.33166220761185,21.193893985176146,21.87680435180664,38939670
2014-12-04,21.999343113168575,24.799107624723035,21.828199042557127,24.34134292602539,94107420
2014-12-05,24.25909317017368,26.09306350053069,23.677539072511706,24.045995712280273,65482956
2014-12-08,23.843697245785915,24.574791976836668,23.195680997947694,23.378870010375977,30783456
2014-12-09,23.51137660794769,24.71602384431432,23.32901906690121,23.634334564208984,30555261
2014-12-10,23.834969126455952,24.37539803068433,23.121736443097987,23.363080978393555,19423602
2014-12-11,23.552921116520277,24.259094549828845,22.92982774118075,24.02564239501953,25527249
2014-12-12,24.42275943075458,24.807415111943097,22.930242614596988,23.249267578125,24526161
2014-12-15,23.129211420817185,23.501404751246422,22.44837841872108,22.567596435546875,14519538
2014-12-16,22.348272650340853,22.534370139369518,21.52828250123657,22.036725997924805,19666251
2014-12-17,21.87887183433224,22.555966504161063,21.70232813442995,22.029661178588867,14211054
2014-12-18,22.44797017396091,23.282915429119342,22.413907647984917,23.138357162475586,21166596
2014-12-19,23.56455045474723,23.841203137360502,23.079368563402216,23.246356964111328,10738035
2014-12-22,23.461529407649103,23.503900086892003,22.73874137354879,23.00044059753418,7773084
2014-12-23,22.863366163541862,23.04614104075067,22.517341219411357,22.734594345092773,5598945
2014-12-24,22.58920626672873,22.92982998837464,22.3482773694066,22.65483856201172,6491331
2014-12-26,22.657745237417796,22.904905237618614,22.597512625706603,22.65359115600586,5058801
2014-12-29,22.84674674256904,23.16244747689991,22.63904897360197,22.686405181884766,8350848
2014-12-30,22.763671820599217,23.818775585113677,22.739163053327047,23.334840774536133,21703671
2014-12-31,23.328604146029633,24.915414284179672,23.328604146029633,24.487972259521484,39987783
2015-01-01,24.508331377134397,25.197886910452432,21.70856529332756,24.41985321044922,16552206
2015-01-02,24.30935838541444,24.657874524593023,23.96831896535418,24.297727584838867,10896534
2015-01-05,24.19470709779076,24.325555949495726,23.76892632426574,23.838712692260742,7117209
2015-01-06,23.83538684489007,24.209243121754145,23.20107849654823,23.523426055908203,14174127
2015-01-07,23.602764152886195,27.249105634018203,23.602764152886195,26.69330596923828,106931187
2015-01-08,26.651772522394015,27.12532209445101,25.929814226859044,26.12421989440918,53019450
2015-01-09,26.29452882888187,27.57394809277808,26.178217701480094,26.60358428955078,41711868
2015-01-12,26.742331371872517,27.158558444763138,26.323613104916756,26.710344314575195,30037887
2015-01-13,26.85116766448475,28.479100348321577,26.801318679537392,27.689849853515625,67516218
2015-01-14,27.623793767152574,27.87303234408421,27.13362791254523,27.32512664794922,20496861
2015-01-15,27.515794550764024,27.73180051019278,27.050553117972377,27.171432495117188,11048400
2015-01-16,27.391173830237427,27.98934583795783,27.204246450491368,27.365835189819336,21368655
2015-01-19,27.469681539366228,27.690255701543055,26.917621766789885,27.009008407592773,11937024
2015-01-20,27.200095999537872,27.264066976313075,26.095144760935984,26.280826568603516,17753967
2015-01-21,26.38716452486979,26.948781274691754,26.02867890591569,26.181961059570312,18738423
2015-01-22,26.31945606468013,27.000703439198993,26.169082399521386,26.65550994873047,38991249
2015-01-23,26.90931692716699,27.249942184955078,26.427045025542483,26.72405242919922,28132434
2015-01-27,28.429661616657512,29.692464605773914,27.92287941609538,28.28427505493164,58023207
2015-01-28,28.414521548195392,28.67127204966463,28.114494217146166,28.36541748046875,19361529
2015-01-29,28.29676256367389,28.29676256367389,27.581021061021985,27.852754592895508,11334510
2015-01-30,27.925157484835864,28.10866834946304,27.497792092888787,27.780344009399414,8474994
2015-02-02,27.880624572182757,29.112365511741363,27.54772085101665,28.488590240478516,20583486
2015-02-03,28.685422060010687,30.19180712076864,27.84733697925115,29.967100143432617,44045100
2015-02-04,30.294178189253433,30.5663265677203,29.421139065116947,29.573442459106445,22104819
2015-02-05,29.55346965954316,29.570115320888476,28.962567540162116,29.06160545349121,7194330
2015-02-06,29.12902070036277,29.57303181629112,28.24682885083207,28.37125015258789,8053254
2015-02-09,28.371244172225285,28.40078896053362,27.422887898153657,27.506113052368164,8275806
2015-02-10,27.381278318062634,28.36334095916293,27.167804614666643,27.78866958618164,10634481
2015-02-11,28.338375107994302,29.294639470182307,28.338375107994302,29.114871978759766,31994127
2015-02-12,29.27882177564809,30.868431933331145,28.81317391964178,30.688249588012695,44479017
2015-02-13,30.918789445626064,31.04321074144365,29.98125144009795,30.132307052612305,20106603
2015-02-16,30.335781105026488,31.163462469130327,30.00288055454945,30.464366912841797,16078788
2015-02-18,30.709475517332926,34.496247165224574,30.63540295324912,33.23579406738281,109588149
2015-02-19,33.11552620330501,33.4983669275213,31.675720716204793,31.934555053710938,37016100
2015-02-20,32.041920805386496,32.78262759556309,31.735648177993397,31.8450927734375,24559821
2015-02-23,32.07271613533853,32.44140688164098,30.836398499160644,30.99910545349121,20875833
2015-02-24,31.359465296568853,31.754790298566533,30.513893414289655,30.787704467773438,31191039
2015-02-25,31.109371876367078,31.500950348611454,30.71030662866108,30.84679412841797,21727827
2015-02-26,30.984945954020247,31.451011800488,30.127719721235664,30.350767135620117,34231131
2015-02-27,31.126423756822398,33.99771106438419,31.10145527583731,31.36070442199707,161824707
2015-03-02,31.28456244730558,31.292885277297163,30.173499217118735,30.310819625854492,24964632
2015-03-03,30.47727935229737,30.6786868506262,30.002893660501663,30.29543113708496,19086210
2015-03-04,30.48559998721177,31.184695798504634,30.26172274525345,30.476444244384766,26097885
2015-03-05,30.618341547092967,30.75191857482321,29.56179154350217,29.814380645751953,24376671
2015-03-09,29.78650032280278,29.79315732959959,28.538113535451114,28.6671142578125,17811090
2015-03-10,28.796112809332744,28.970889102745453,27.298050499770405,27.597248077392578,32164803
2015-03-11,27.714175568788225,28.754497781278854,27.42288597790332,27.920574188232422,38426553
2015-03-12,28.18024039120005,28.613014966822757,28.047911169583205,28.17275047302246,20495079
2015-03-13,28.413269238060582,28.588042351815456,27.561037366045106,27.707931518554688,22500522
2015-03-16,27.797405965705344,27.862322788067914,27.008842899832153,27.1640567779541,11763873
2015-03-17,27.3646334744568,28.105343464530474,27.25643980977046,28.015043258666992,27175302
2015-03-18,28.042505526294807,28.221858130297974,27.289729365399413,27.418312072753906,12434202
2015-03-19,27.628045774909612,27.814055409200314,26.936854705531463,27.003019332885742,16199865
2015-03-20,27.13159921797956,27.143253695798496,26.216949009733224,26.559423446655273,15232635
2015-03-23,26.748758001813453,27.050451155367014,26.34136836629592,26.529457092285156,20835441
2015-03-24,26.71546910207123,27.181535044683134,26.5357016181371,27.054615020751953,23075019
2015-03-25,27.13159366650299,27.13159366650299,26.399209834843326,26.553590774536133,11144727
2015-03-26,26.544026913431487,26.723794414057426,26.008054487030783,26.30974769592285,11206899
2015-03-27,26.5490218922363,26.631832180813852,25.650184367054493,25.81247329711914,17418456
2015-03-30,26.382567163952153,27.245617627119525,26.382567163952153,27.03131103515625,44026785
2015-03-31,27.206499909316104,28.104922324900983,26.89148961282615,27.884788513183594,36140247
2015-04-01,27.922242335780336,29.91965863559502,27.880628186591434,29.08074378967285,57692745
2015-04-06,29.20392489121058,30.036182947649984,29.20392489121058,29.91092872619629,23404095
2015-04-07,30.08610485393239,30.160174250000658,29.05452051702471,29.84516716003418,16399251
2015-04-08,29.960446555546476,31.00035420231622,29.691211750819686,30.647476196289062,21605661
2015-04-09,30.910048403913667,31.25127186942041,30.302500658477587,30.746923446655273,13617351
2015-04-10,30.784380227373344,30.784380227373344,29.961277986624424,30.24591064453125,10212444
2015-04-13,30.368242282591037,30.47726882580268,28.54643225563014,28.660449981689453,22594671
2015-04-15,28.779462733162756,28.86269102347685,27.30220772602246,27.671728134155273,31522194
2015-04-16,27.870643610943667,28.258890435028448,27.306372701564058,27.45701026916504,19918404
2015-04-17,27.54731597776715,27.713351442944948,26.63308056531632,26.710481643676758,13110966
2015-04-20,26.78204577397207,27.327172199795385,25.79998183863258,25.968929290771484,18779310
2015-04-21,26.216110856062418,26.434163955171716,25.79998353417697,26.03384780883789,11051964
2015-04-22,26.22443764883653,26.627249447618812,26.04966449296697,26.450395584106445,12318372
2015-04-23,26.77122866465646,27.131593338411403,26.50740315180635,26.59687042236328,15151257
2015-04-24,26.673862788168655,26.776229222560534,25.818716935648283,25.928991317749023,12249567
2015-04-27,26.049661782390295,26.099597189090105,24.759662466369168,24.7991943359375,12447864
2015-04-28,24.634825509416608,25.120864038082498,24.33521304069067,24.82083511352539,12513897
2015-04-29,24.87451411997519,25.383856860402144,24.559921830834757,24.980627059936523,14457663
2015-04-30,24.96772651718272,25.88320948231431,24.651468422712256,25.67140007019043,11784564
2015-05-04,25.956448404964853,26.423342472650386,25.79998361367955,26.080869674682617,9386982
2015-05-05,26.156195633919854,27.997148989186336,25.841601732302006,27.235631942749023,30648519
2015-05-06,27.364629450876077,27.963854362694487,25.400501255651676,26.160770416259766,32678316
2015-05-07,25.899857674838472,26.84030764913839,24.65147083398606,25.00975799560547,35901459
2015-05-08,25.396338780919383,26.13288559916992,25.396338780919383,25.840763092041016,20133630
2015-05-11,26.17449912541615,26.623502894799074,25.925238551403165,26.042171478271484,11096118
2015-05-12,26.15785877876609,26.506575330316245,25.642275442054654,26.140796661376953,18304902
2015-05-13,26.407537891742624,26.548186819587738,26.224438754519067,26.368837356567383,15410835
2015-05-14,26.36508543332871,26.59062844767734,26.09127283826046,26.161182403564453,7010487
2015-05-15,26.42334300063214,27.04753635515299,26.145370552955853,26.27811622619629,10490337
2015-05-18,26.465793743470815,26.715469234193755,26.17491898373726,26.341787338256836,6051672
2015-05-19,26.457471186937862,26.673858500310867,26.230680335127406,26.5128173828125,8670123
2015-05-20,26.757080323347015,26.84155327323463,26.382565558619792,26.466205596923828,5335011
2015-05-21,26.673855098394693,27.170713572709534,26.466205526567055,26.796613693237305,12054933
2015-05-22,26.859448322367236,26.91520939889971,26.43250096235269,26.588132858276367,4779918
2015-05-25,26.704235535474947,27.005095801753342,26.54901851754916,26.73794174194336,5633595
2015-05-26,26.734190102361065,27.61430411945426,26.734190102361065,27.451597213745117,16580421
2015-05-27,27.298052456240413,27.739146778882883,27.058362469531694,27.56520652770996,8275707
2015-05-28,27.630946691208443,28.063718033023452,27.57268689505704,27.767019271850586,8401536
2015-05-29,27.897276107066034,30.19430818106734,26.493257345302386,29.788997650146484,84869631
2015-06-01,29.836433116616465,30.418597455522722,29.639190223828013,30.030765533447266,22627737
2015-06-02,29.753207376503276,29.83643252916543,28.547264573752948,28.903470993041992,23190651
2015-06-03,28.987119913267787,28.987119913267787,26.32015068256902,27.08416175842285,24557346
2015-06-04,27.38127423846639,27.764111840527047,26.65471444892624,27.545228958129883,18543294
2015-06-05,27.44785832907665,28.25515096077984,27.065020662930486,27.650928497314453,15275700
2015-06-08,27.67256190633553,28.080367969308767,27.25643301407203,27.387096405029297,8058699
2015-06-09,27.279736711431713,27.664240124171112,26.7820484735729,26.929357528686523,8142849
2015-06-10,26.96514839380973,27.614310339861554,26.96514839380973,27.224397659301758,6222150
2015-06-11,27.422893462717393,27.573945938188697,26.536955088769286,26.690088272094727,8519544
2015-06-12,26.782046722926932,27.131592971250505,26.407946871647713,27.042125701904297,8975538
2015-06-15,27.048376359455997,27.539407713715224,26.861118932608804,27.200679779052734,7584984
2015-06-16,26.932688678291782,27.2148257148961,26.819503842050956,27.134096145629883,5414607
2015-06-17,27.28972557502246,27.76660988561497,27.078332616152387,27.485305786132812,13570920
2015-06-18,27.497786257547475,28.229340255074735,27.497786257547475,28.03376007080078,12617847
2015-06-19,28.194385267923696,28.504816074656116,28.13030137635599,28.345855712890625,11836044
2015-06-22,28.546439688761268,28.62799903223649,28.05041404808587,28.33587646484375,7175916
2015-06-23,28.33004924218621,28.656292866205607,28.089941251957942,28.250152587890625,7694577
2015-06-24,28.338365335006127,28.571395092591832,27.693365015706522,27.981740951538086,7587063
2015-06-25,27.897273668527635,28.19979973062813,27.670067958754117,28.037925720214844,6584886
2015-06-26,28.084949975299867,29.003346612377115,27.92182502076798,28.65920639038086,15173235
2015-06-29,28.183152464298423,28.28010965408801,27.252271664895463,27.7391414642334,9170766
2015-06-30,27.86357426571041,28.25015848853938,27.730830127145268,28.016292572021484,11378862
2015-07-01,28.121985286626717,28.695408802394677,28.096183884305205,28.404537200927734,9997515
2015-07-02,28.461550250567353,28.920956088525113,28.29676258814278,28.43366813659668,9492714
2015-07-03,28.502330844402554,28.746182256965124,28.30133824115251,28.446151733398438,6734277
2015-07-06,28.263472540797927,28.379989043307333,26.549022616590097,28.16110610961914,8270658
2015-07-07,28.246828775240488,29.253859951244138,28.213122565053585,28.73661231994629,14410341
2015-07-08,28.49649631155577,28.949245015345355,28.081615223081027,28.37248992919922,8962668
2015-07-09,28.54644283512603,28.836066699304144,28.36376170352369,28.52522087097168,5673393
2015-07-10,28.67045172046298,28.879349161915396,28.296766593261978,28.623428344726562,4535784
2015-07-13,28.712884303147895,28.846046429500266,28.474442157339364,28.712051391601562,4255911
2015-07-14,28.754502200080616,29.312112980105617,28.671273895841498,29.04787254333496,9681408
2015-07-15,29.253854157147803,29.54514377135756,29.12901485304002,29.320018768310547,6866046
2015-07-16,29.526002480412533,30.608768692341886,29.29546512384727,30.44647979736328,24660603
2015-07-17,30.835142539242828,30.943336187261014,30.260886121882017,30.365751266479492,14044833
2015-07-20,30.493916134774167,30.62166590670701,30.194303709888008,30.403615951538086,5303826
2015-07-21,30.543021523899345,31.001179513301228,30.065307397279014,30.173086166381836,12587157
2015-07-22,30.194303571362433,30.61875529043613,29.794820340013633,30.479351043701172,5129982
2015-07-23,30.768147246234353,31.54131550801153,30.63873164256157,31.282896041870117,18236295
2015-07-24,31.451020779625722,31.534245949380473,30.43275317431752,30.55509376525879,13132845
2015-07-27,32.53294989342011,32.68982958445117,30.5022421952725,30.639562606811523,40279536
2015-07-28,30.943331479140486,31.367783176548496,30.693656043823108,31.222972869873047,12994542
2015-07-29,31.40690679487724,32.890822300663466,31.006175683471703,32.705230712890625,27314100
2015-07-30,33.0822361444314,33.13216997505579,32.5416828623596,32.682334899902344,14478750
2015-07-31,32.784298527535974,33.41514907932235,32.57040991649321,33.16672134399414,19211247
2015-08-03,33.17379481968932,34.57198653101789,33.13218066152817,34.32355880737305,20486565
2015-08-04,34.5386765309351,34.62190480225952,33.87328724590295,34.343929290771484,16490925
2015-08-05,34.45546882430321,34.55533965732835,33.481728988073954,33.65525436401367,10469547
2015-08-06,33.739731367367,33.78966836138607,32.66612056965628,33.13093566894531,10861389
2015-08-07,33.20708825640403,33.65650866338808,32.79304303251649,33.000274658203125,12000879
2015-08-10,33.16769264905613,33.484556935264216,32.674609277752,32.79850769042969,5712597
2015-08-11,32.774648568548,33.0082152163977,31.73238937380514,31.89396095275879,11398761
2015-08-12,31.99608514124528,32.02078008708442,31.085679137048178,31.225900650024414,10953360
2015-08-13,31.477045102488457,32.12584142084021,31.27110426326153,31.460721969604492,12544983
2015-08-14,31.60263526098371,32.29412563568371,31.38246412877645,32.18404006958008,11867130
2015-08-17,32.35607046560523,32.35607046560523,31.611001248106728,31.741178512573242,7882083
2015-08-18,31.811917883192915,32.03795050455122,30.97936513222068,31.075637817382812,12560724
2015-08-19,31.39291833453523,31.39333882209526,30.446514653095836,30.513906478881836,26581401
2015-08-20,30.544461604084358,30.803560968556496,30.095744489394637,30.327638626098633,13040478
2015-08-21,30.13760979566202,30.220486958766035,29.677172680921185,29.981061935424805,15330051
2015-08-24,29.37580007609864,29.37580007609864,26.127635542085233,26.560028076171875,20647935
2015-08-25,26.873536847224887,28.151872918946093,24.71283756710884,27.91412353515625,29554767
2015-08-26,27.668004049786607,28.43818572648584,26.926700075933628,28.17113494873047,13196007
2015-08-27,28.421439147324993,29.01581890681552,28.421439147324993,28.631145477294922,12168684
2015-08-28,28.823271100879623,29.928315557504465,28.823271100879623,29.093669891357422,16223328
2015-08-31,29.174874403708092,29.216733465349098,28.111685853631965,28.204193115234375,12774465
2015-09-01,27.969791519695544,27.969791519695544,26.88107009662023,26.96729850769043,12255012
2015-09-02,27.291274724191624,28.254004729735776,27.060221546259864,27.416431427001953,18747630
2015-09-03,27.626141170327134,28.128434186287837,27.375834056812483,27.634933471679688,7975539
2015-09-04,27.62865722433249,27.62865722433249,26.886518630270913,27.0238094329834,15925536
2015-09-07,27.023392753593576,27.165710442298312,26.203399110266453,26.423152923583984,16773471
2015-09-08,26.537839702077587,27.591818784397415,26.42063589268025,27.380016326904297,13866336
2015-09-09,28.044302292557443,28.379582687992215,27.691857781790933,28.053508758544922,23537052
2015-09-10,27.6680004744438,29.09116455870452,27.416852383545507,28.479623794555664,37580499
2015-09-11,29.007451772069263,29.367009820332147,27.835432528668466,27.987377166748047,54376938
2015-09-14,28.8818728019906,28.8818728019906,27.07361493880535,27.490520477294922,14214090
2015-09-15,27.500568112559307,28.001606006748084,26.840054748850026,27.314722061157227,11272899
2015-09-16,27.597260635715102,28.228893122755004,26.92795498644797,27.0384578704834,10171392
2015-09-18,27.58846675584182,28.000348591007917,27.116312923058278,27.318485260009766,13291344
2015-09-21,27.500565599451885,28.027974027325627,27.376249863280204,27.67762565612793,9001212
2015-09-22,27.902399105979352,27.963932563837975,27.299647539378817,27.482986450195312,9080445
2015-09-23,27.349875222286126,29.007443417576194,27.19918576745956,28.694765090942383,22769439
2015-09-24,29.13050539664447,29.88645666299145,28.446131861899225,29.429370880126953,45326292
2015-09-28,29.685545831686866,30.300855206984558,29.440679750636516,29.71442985534668,11624745
2015-09-29,29.359049077391212,29.660424848079142,28.674675524246666,28.83415412902832,9061635
2015-09-30,29.13303010953292,29.25734588132217,28.254014757377355,28.516462326049805,7614486
2015-10-01,28.630725955762955,28.9999140727868,28.403441339899455,28.73244285583496,7382925
2015-10-05,29.030054825213483,29.883954635774153,29.030054825213483,29.730754852294922,9730083
2015-10-06,30.388754028774283,30.80691473867234,29.454490609402075,29.850046157836914,18573786
2015-10-07,29.836229530416972,30.514324219035245,29.41304515345294,30.22927474975586,10532973
2015-10-08,30.255654297216207,30.388759201377884,29.886466105045578,30.220491409301758,5093979
2015-10-09,30.31341187078777,30.739106594741955,30.212953265296047,30.327224731445312,7844793
2015-10-12,30.464097681444475,30.589668551976324,30.13760646262799,30.309642791748047,4172223
2015-10-13,30.14012297139529,30.33727477999439,29.650387622729873,29.837491989135742,4650525
2015-10-14,29.748327425625344,30.101186032971206,29.590103968169124,29.79353141784668,3386955
2015-10-15,30.05974830686058,30.05974830686058,29.56373422548042,29.711910247802734,2798169
2015-10-16,29.88646395038404,30.088639475850755,29.31510658248599,29.924137115478516,6246306
2015-10-19,30.059752396810055,30.22550988019646,29.760886870822528,29.851301193237305,2439591
2015-10-20,30.082361488772765,31.518921263221582,29.836237091774933,31.30921173095703,15788388
2015-10-21,31.54403119619657,31.61686408179954,30.137610691769694,30.896072387695312,10940028
2015-10-23,31.11707407898118,31.212512105016945,30.289548271091775,30.534414291381836,4580829
2015-10-26,30.740359587820834,30.740359587820834,30.01203395847684,30.163978576660156,8727213
2015-10-27,30.044679350075334,30.840814030927724,30.037145351399822,30.546972274780273,7597887
2015-10-28,30.55200789390247,30.86091776771606,30.137615674427146,30.43899154663086,8467767
2015-10-29,30.42768141460083,31.142194189007647,30.28829451549442,30.595949172973633,31515660
2015-10-30,31.51892068281954,31.86550052681569,31.016624455798457,31.23763656616211,23721390
2015-11-02,31.24265952086019,31.439811342546022,30.70269324850905,30.916168212890625,3293103
2015-11-03,31.167303886020953,31.770055369822806,30.26317666031817,31.592998504638672,11755029
2015-11-04,31.77006424747019,32.146783239724485,31.226332620645874,31.546545028686523,7079688
2015-11-05,31.392089640980224,31.5264528304953,31.016622632655086,31.149730682373047,3305280
2015-11-06,31.183636837483345,31.694722200897843,31.04173964046765,31.2564697265625,8562015
2015-11-09,30.854626034497624,32.64907081748184,30.51432199463932,32.41048049926758,11813043
2015-11-10,32.473268142348466,32.473268142348466,31.142191047558175,31.378271102905273,5994417
2015-11-13,31.770067983665076,31.770067983665076,30.730322051681004,31.035463333129883,3767379
2015-11-16,31.01661838430533,31.73740997773079,30.769238900393294,31.35315704345703,4003890
2015-11-17,31.402120038647112,31.870508285188798,31.350634037236855,31.496299743652344,4960758
2015-11-18,31.51890977617772,31.592997780098404,30.771747716667434,30.904855728149414,4275975
2015-11-19,31.04550592072857,31.456129479895313,30.90486387399672,31.34060287475586,2664156
2015-11-20,31.39334040097413,31.820290212343917,31.112056340093453,31.46491813659668,8867463
2015-11-23,31.69472270683762,31.749974154068827,31.208752779119415,31.41594886779785,4149420
2015-11-24,31.544025336738155,31.97097512952144,31.343108159141387,31.52142333984375,6782490
2015-11-26,31.521424600543916,32.43183079553853,31.343109412709833,32.130455017089844,15326388
2015-11-27,32.16560906560355,32.573722224594775,31.87176733820505,32.0186882019043,3939540
2015-11-30,31.694719894146616,32.01995601083051,31.34688177693611,31.490034103393555,7236141
2015-12-01,31.5251922722412,31.792666653886883,31.016620412168077,31.09071159362793,4438302
2015-12-02,31.26650748322097,31.26650748322097,30.438978537938997,30.600967407226562,6123315
2015-12-03,30.388755409438982,31.14596512163854,30.364898268718505,30.72529411315918,5696559
2015-12-04,30.464094838288833,31.11707405341974,30.401306247322083,30.78807258605957,3926439
2015-12-07,31.12713028743373,31.12713028743373,30.46410344578861,30.735340118408203,3788235
2015-12-08,30.587161198310586,30.89105044827215,30.391267712908295,30.510562896728516,3471864
2015-12-09,30.438980417646118,30.76295817622794,29.76465116214797,30.0710506439209,6490077
2015-12-10,30.11248355574209,30.29456411826041,29.60014643744061,29.935426712036133,7385664
2015-12-11,30.012030176267135,30.376194525826467,29.233476926581126,29.411788940429688,6885648
2015-12-14,29.409288444342536,30.076083912689707,29.082797141442473,29.78726577758789,3628944
2015-12-15,29.86134463748018,29.95175578623306,29.414303128842597,29.568758010864258,4976697
2015-12-16,29.941717935479087,30.5294015939874,29.685546108974638,30.01078224182129,6116022
2015-12-17,30.137603275257327,30.551995324244064,30.13634813576569,30.254384994506836,10445721
2015-12-18,30.263186100782214,31.38078855415756,30.1388671852847,30.981464385986328,32125863
2015-12-21,30.715251241237027,31.741187483876548,30.715251241237027,31.590497970581055,13544388
2015-12-22,31.518913005529633,32.121664537264714,31.418451255346504,31.90191078186035,12566730
2015-12-23,32.01868919576977,32.1970043577141,31.46867887515254,31.95088005065918,5534331
2015-12-24,32.272358360004986,33.51302458978206,31.999866548439233,33.079795837402344,20373309
2015-12-28,33.27568507657973,33.31586535086531,32.73195039151738,32.8236198425293,9020814
2015-12-29,32.91654670294153,33.888483229298906,32.84999268513431,33.744075775146484,21020076
2015-12-30,33.980144337966976,34.55652519642184,33.8043394660402,33.966331481933594,16273092
2015-12-31,34.177299794402764,34.72103449301976,34.03037890582988,34.43472671508789,19482474
2016-01-01,34.58290797464923,34.654485720349996,34.19865498724972,34.551513671875,7632504
2016-01-04,34.453566688886646,35.58372675198924,34.2815303449415,34.40835952758789,14444199
2016-01-05,34.63312834590741,34.95961954077107,34.130835415948134,34.31040573120117,8738796
2016-01-06,34.28152003767479,34.65823889158898,33.728996311915225,33.99018859863281,5917362
2016-01-07,33.980152823125714,33.980152823125714,32.26858809446819,32.49336242675781,14032953
2016-01-08,32.774655764286635,33.15012284048958,32.322593531000756,32.6001091003418,6597558
2016-01-11,32.44816095392427,33.5758076067988,31.92326276806409,33.41758728027344,10047939
2016-01-12,33.703891147009436,34.395801944755945,33.515531662665566,33.65617370605469,16810035
2016-01-13,33.90480458578374,34.15595264471932,32.510942027217254,33.64738082885742,17194683
2016-01-14,33.20159816027738,33.39874994605695,32.397929340296805,32.84246063232422,5554494
2016-01-15,32.988120647251826,33.2769418731437,31.21753594113764,31.63318634033203,6103053
2016-01-18,31.443576518389218,31.70853751185895,30.063526423546566,31.021650314331055,7673622
2016-01-19,31.142195662401207,31.719835005984997,30.65371550335006,31.596771240234375,5920530
2016-01-20,30.778036811383437,31.107038369635735,29.551183446743945,30.461589813232422,8477106
2016-01-21,30.66501521242565,31.138427326946225,29.204595431068036,29.435651779174805,16178118
2016-01-22,29.88394109229911,30.438975085308492,29.101619387655116,29.978120803833008,11598576
2016-01-25,30.423914807835455,30.86593262681829,30.137607021058642,30.37368392944336,7404012
2016-01-27,30.638637651116024,33.116200532231474,29.974352777677545,30.288286209106445,37507305
2016-01-28,30.338519547290844,31.11707275018775,30.037143807953946,30.83578872680664,12522939
2016-01-29,30.916155023380377,31.169813327863185,30.56329644195374,30.929967880249023,5345769
2016-02-01,31.267766761171814,31.35566763610408,30.690130633582182,30.977693557739258,6798957
2016-02-02,31.117067230942673,31.267756654663458,30.5143158591791,30.721511840820312,5510934
2016-02-03,30.47666043144558,31.142197536740134,30.10621713370312,30.539445877075195,7856574
2016-02-04,30.831375222217527,31.122049230379933,30.21102504009085,30.725675582885742,8496345
2016-02-05,30.728196449470296,31.215167560524687,30.552029315008433,31.10317611694336,3783747
2016-02-08,31.105687251636105,31.596431471654203,30.82885774743411,30.958463668823242,4560798
2016-02-09,30.451350740116027,30.804939415718692,30.213529803818734,30.427444458007812,4598781
2016-02-10,30.501694202435676,30.501694202435676,29.766834006070784,29.901473999023438,6421965
2016-02-11,29.69636723436105,29.95809767733191,27.82146929264845,28.288307189941406,13682889
2016-02-12,28.312215775356613,29.142707463445,27.397415292089207,28.32354164123535,14815482
2016-02-15,28.689706183372003,29.807095336919353,28.663284447405523,29.225753784179688,4469619
2016-02-16,29.571797109349085,29.72153615710894,27.733391909653456,28.09326934814453,5975376
2016-02-17,27.909549996049616,28.329829857163595,27.17972396334245,28.18889808654785,11192577
2016-02-18,28.664544922560523,28.941374410806272,28.312213890914343,28.809249877929688,7631679
2016-02-19,28.43805067679427,28.684682117248293,28.251818578814216,28.431758880615234,5712927
2016-02-22,28.66202561280457,29.545367037476755,28.388972475539497,29.1301212310791,8107869
2016-02-23,29.33146279921521,29.33146279921521,28.0479773195945,28.109634399414062,8421996
2016-02-24,28.16122111621465,28.636869555234355,27.230063690724556,27.456562042236328,9448065
2016-02-25,27.68305717056068,27.884388311113145,26.550568712934414,26.85004997253418,8384673
2016-02-26,27.028728003999063,27.140719435254457,26.42599392267185,26.569442749023438,8811000
2016-02-29,26.638649116874014,27.1470110087492,25.79557541163601,25.920148849487305,12762288
2016-03-01,25.7955737549212,26.259893046549514,25.367744341985688,26.155452728271484,19493628
2016-03-02,26.475062812624312,27.05389050407017,26.32406449103456,26.443605422973633,12335598
2016-03-03,26.67639918446101,27.365959073849723,26.563150031584364,27.05767059326172,16994406
2016-03-04,27.304299619964677,27.9271683221966,26.802229581144736,27.6968936920166,14022426
2016-03-08,27.808889532575673,28.04797144663225,27.165887617505774,27.33324432373047,6107805
2016-03-09,27.33072216636521,27.657886014806877,26.880244200068784,27.557220458984375,5204232
2016-03-10,27.584906641807624,27.71577028215633,27.02872587408453,27.277875900268555,5288217
2016-03-11,27.277877665985226,27.807630393150568,27.10422917253133,27.350860595703125,7105395
2016-03-14,27.456554589005247,27.607554505048338,26.53798100662593,27.046342849731445,10004445
2016-03-15,27.12939478300373,27.12939478300373,26.34042857882506,26.763225555419922,6046491
2016-03-16,26.928066497724583,26.928066497724583,26.324073015769528,26.804752349853516,9017316
2016-03-17,27.053893055408036,27.582388022830763,26.928060316864684,27.277875900268555,12100539
2016-03-18,27.532055963981804,27.8768342986088,27.369730184000204,27.754777908325195,13588113
2016-03-21,27.80888838226595,30.27519630121166,27.732132275222273,29.622129440307617,30386136
2016-03-22,29.94803341293202,30.250030116975367,29.63974491288311,29.98326873779297,21158181
2016-03-23,30.06127562176805,30.753354013900527,29.56675831129753,30.242473602294922,9746913
2016-03-28,30.509248001731724,30.67283154513157,29.145230219329356,29.38556671142578,10003983
2016-03-29,29.4598043405985,30.026046906464448,29.23204515350911,29.698883056640625,8062098
2016-03-30,30.099032467076725,30.604878911574396,29.797035771882005,30.44884490966797,12866271
2016-03-31,30.677860778381955,31.432854152191112,30.1242017165866,30.811243057250977,26654034
2016-04-01,30.40102548932461,30.676597242391512,29.987037412988535,30.177045822143555,7250529
2016-04-04,30.577194546150324,30.676602390337735,30.25632244841198,30.348180770874023,6463941
2016-04-05,30.256321403912843,30.256321403912843,29.447223696651843,29.722795486450195,8653590
2016-04-06,29.847368047432955,30.126716188596387,29.325164815800864,29.48497200012207,6180009
2016-04-07,29.57053582008169,29.57053582008169,28.768984520621277,29.000516891479492,11185977
2016-04-08,29.193045972607827,29.629682716784064,28.80548270741413,29.38556671142578,5622408
2016-04-11,29.495028854950014,29.57052721056553,28.502211697486995,28.95772361755371,8720118
2016-04-12,29.06468973818794,30.02353276742691,28.94137561442416,29.78696632385254,9551091
2016-04-13,30.106578355525816,30.57467396861175,29.822196188486963,30.049955368041992,8398434
2016-04-18,30.12419593034116,30.614940103421542,29.773122637479975,30.354467391967773,7556703
2016-04-20,30.354468318443804,30.723156114222675,30.00213728943477,30.15313720703125,6570828
2016-04-21,30.250032612212774,30.426199746825468,29.1225781574505,29.427093505859375,6347979
2016-04-22,28.99170226574428,29.658613480521808,28.99170226574428,29.42959976196289,7199775
2016-04-25,29.56550329749811,29.856177293782505,29.350330850836606,29.495038986206055,5381013
2016-04-26,29.444702595333435,30.042404146973404,29.38556098609153,29.98200798034668,7310721
2016-04-27,30.039880016180696,30.75334912923306,30.022265528695588,30.516782760620117,9726387
2016-04-28,30.65269312515216,31.017607798014478,29.648556040140438,29.789487838745117,16132512
2016-04-29,29.944254836294917,30.34565931038082,29.570532992411632,29.742923736572266,5478495
2016-05-02,29.44848201551678,30.17453183321886,29.44848201551678,29.8775691986084,3579312
2016-05-03,30.06631321724694,30.1732705690789,29.46986939871825,29.593183517456055,4534959
2016-05-04,29.520206201762512,29.78948938874444,28.689714410468625,28.86084747314453,5203704
2016-05-05,28.91117634824284,29.24337110075659,28.70858434166484,28.85329246520996,7493508
2016-05-06,28.86084060089944,29.054622183930388,28.563878015404175,28.743818283081055,4345869
2016-05-09,28.8092559901054,29.2182100979915,28.701040889961515,29.004295349121094,7226010
2016-05-10,29.062183454731716,29.545378298255237,29.059668002949934,29.43590545654297,6585249
2016-05-11,29.092374410044883,29.38682155951377,28.81554175295885,29.128864288330078,2995509
2016-05-12,29.11754042354792,29.411987593245318,29.10621772568798,29.194299697875977,2950497
2016-05-13,29.16787533066636,29.185492992660635,28.840711450701075,28.913694381713867,3763254
2016-05-16,28.94137349780356,28.95395708797333,28.011474063309436,28.557586669921875,11061171
2016-05-17,28.689709957396904,28.941375441546345,28.312214899247014,28.502220153808594,7111038
2016-05-18,28.44056568605376,29.092378018854426,28.312217481300507,28.937604904174805,6377085
2016-05-19,28.941372333596856,28.986672622770943,27.992597552013855,28.131013870239258,5153676
2016-05-20,28.2618823706238,28.412879119534068,27.557220315462136,27.685571670532227,17118783
2016-05-23,27.829022481110268,28.312217208741224,27.490535893880566,27.64908218383789,5337123
2016-05-24,27.680537536721104,28.069358441165733,27.230056405738715,27.90703582763672,6896406
2016-05-25,27.959883020838497,28.348707100989923,27.75855190675559,27.913328170776367,9635175
2016-05-26,27.98756461069874,28.56387523407136,27.98504599210524,28.28704261779785,12716385
2016-05-27,28.538713072349235,30.325529131124487,28.538713072349235,29.77312469482422,27444186
2016-05-30,30.073863123819994,30.174528681654873,29.444702595333435,29.98200798034668,10446975
2016-05-31,30.096514715855747,30.099033335101524,29.570538311250914,29.652328491210938,4653825
2016-06-01,29.797040025956967,30.199702343704036,29.048338392863254,29.104961395263672,6768168
2016-06-02,29.238339687488264,29.419537705706798,28.853295086801797,29.305030822753906,3668346
2016-06-03,29.570531412576422,29.60828217978528,28.68970552229336,28.772756576538086,5763450
2016-06-06,28.865877527452653,30.049957978552914,28.865877527452653,29.856176376342773,13310682
2016-06-07,29.973204087096093,30.77852872498535,29.950555519683544,30.63633918762207,19364730
2016-06-08,30.9546951978904,32.72263618591449,30.9546951978904,32.44454574584961,41726619
2016-06-09,32.28849988749326,33.06739923392529,31.458008466511806,31.751197814941406,25260246
2016-06-10,31.83550696065348,32.56533293213687,31.583844689702413,31.853124618530273,15447861
2016-06-13,31.702124793550436,31.81285847403364,31.156015415013144,31.354827880859375,7603332
2016-06-14,31.5360276456913,31.760007279316078,30.988657397755844,31.289396286010742,7024908
2016-06-15,31.458015121466268,32.18280709643681,31.357349569387026,31.698354721069336,8456415
2016-06-16,31.885848680664353,32.27844280108983,31.659350366840336,31.943729400634766,13936791
2016-06-17,32.16268548569718,32.24196023031792,31.58385914630235,31.644258499145508,6652965
2016-06-20,31.483179249303795,32.754083829028026,31.33092477927446,32.33254623413086,14185578
2016-06-21,32.61567004127991,32.81448252346228,32.1425403699141,32.30486297607422,12154956
2016-06-22,32.28851559581272,32.436996929945046,31.5083549766392,31.826711654663086,8904258
2016-06-23,31.812866845442976,32.18532786564614,31.597694390322246,32.072078704833984,5525520
2016-06-24,30.250030042791067,31.632926250068053,29.69762872968976,31.4127197265625,10806411
2016-06-27,31.58384650339954,31.933658885911452,31.382512239773913,31.649276733398438,6742791
2016-06-28,31.694585760976175,31.890886009319857,31.308280228838996,31.430339813232422,10660155
2016-06-29,31.59139401460847,32.207970851537404,31.59139401460847,31.976438522338867,9329430
2016-06-30,32.21301198525032,32.389179114672,31.734851303847908,31.88836669921875,10950225
2016-07-01,31.9613431404924,32.28724925401855,31.955051345431908,32.0053825378418,7899738
2016-07-04,32.207974845201534,32.458379420397144,31.992802421837283,32.07459259033203,10511523
2016-07-05,32.1865891715527,32.50871899556207,31.96134857263851,32.07963180541992,5635905
2016-07-07,32.414336130226985,32.43950013961386,31.836764614260535,31.958824157714844,5829021
2016-07-08,32.03181598801593,32.03181598801593,31.45802376749823,31.66690444946289,4411572
2016-07-11,31.858162408207512,32.13750733982136,31.59768969386186,31.66060447692871,6797505
2016-07-12,31.760016064930916,31.936180012831134,31.66564229512191,31.754981994628906,4329402
2016-07-13,31.83551941531403,32.157649275721894,31.229010475542957,31.36490821838379,8253366
2016-07-14,31.45801613009059,32.26334057254528,31.1056851024796,32.18658447265625,13721796
2016-07-15,32.25327614913577,32.361491226920265,31.430334032490222,31.524707794189453,10370745
2016-07-18,31.702132515148477,31.82796526559557,31.210130547716435,31.283113479614258,5091273
2016-07-19,31.4064223934593,31.689543658875916,31.012567438984004,31.245357513427734,5785461
2016-07-20,31.2818525109437,31.83551471073832,31.20635412808631,31.449209213256836,6440181
2016-07-21,31.484438881217425,31.758752896660713,31.099391178479404,31.144691467285156,8993292
2016-07-22,31.138405789056456,31.369938179930756,30.869125790157483,31.10820770263672,9319200
2016-07-25,31.142177761946126,31.508346932790072,30.855280140862583,31.300724029541016,8267259
2016-07-26,31.470598868109604,31.532255925051118,30.728189229802584,30.862829208374023,4663791
2016-07-27,30.954693161507407,31.159797480260647,30.479047942795077,30.681636810302734,6979368
2016-07-28,31.156015341471544,31.431587064654536,30.612421414745324,30.730701446533203,15301506
2016-07-29,30.803694839625503,31.22775115356302,30.753363635546958,31.10317611694336,10115787
2016-08-01,31.105683389511185,31.65934549724606,31.088068898348833,31.223966598510742,10576599
2016-08-02,31.582592183295766,31.610277986761044,30.954692480400205,31.195032119750977,9098661
2016-08-03,31.18118870041005,31.507094876344127,30.772234615463457,31.119531631469727,12184260
2016-08-04,31.30199027005286,31.327154286810305,30.879191702712866,30.978599548339844,4116882
2016-08-05,31.16608400338817,31.885845089904514,31.12078688018396,31.693321228027344,14064567
2016-08-08,31.206351783055084,31.50834845986528,30.879187924492147,31.265493392944336,15772878
2016-08-09,31.329674289986034,31.609019282507106,31.16860936886586,31.247880935668945,8674182
2016-08-10,31.256691042942933,31.382520635269465,30.954694318824743,31.00251007080078,5608812
2016-08-11,31.002506801185735,31.04528847789591,30.238706239642102,30.479045867919922,7988772
2016-08-12,30.577188100914842,31.00501747438563,30.466457581517083,30.923227310180664,3440019
2016-08-16,30.97733667110322,31.279333334641382,30.653949171245,31.100650787353516,4589079
2016-08-17,31.1560248155638,31.417755304316696,31.011316668922557,31.217681884765625,4400286
2016-08-18,31.371737177203485,31.639111694822283,31.106911067947077,31.217681884765625,3674847
2016-08-19,31.32081611511768,31.57036143412254,31.198588658874037,31.31062889099121,2686464
2016-08-22,31.295337036908457,31.49904937139584,31.067432460275104,31.127273559570312,3929574
2016-08-23,31.15274089747629,31.17693314155957,30.87263401096704,31.081439971923828,4007025
2016-08-24,31.11581610634434,31.401013396324768,31.026692353918513,31.269874572753906,3262083
2016-08-25,31.244412667800287,31.361549684223487,30.58234907081604,30.70457649230957,6525288
2016-08-26,30.78861383587875,31.21386470792545,30.735138925788497,31.045801162719727,3269310
2016-08-29,31.092905885071662,31.295345674381146,30.814074750631555,30.936302185058594,2505591
2016-08-30,30.96813288514461,31.20876674142858,30.965584476824876,31.039430618286133,2959242
2016-08-31,31.161664988212436,31.651847430701885,30.87646758106813,31.077634811401367,5384808
2016-09-01,31.112010815322108,31.422673075376977,30.957952286954306,31.18840217590332,2819487
2016-09-02,31.193488711873044,31.3972010975748,30.875187708520922,31.04070281982422,3834435
2016-09-06,31.062346797670408,31.259692951483007,30.826803373231613,30.894283294677734,3371247
2016-09-07,31.168025953788742,31.168025953788742,30.68675500957977,30.81025505065918,7576635
2016-09-08,30.811525712274324,30.89428647381413,30.55688683186385,30.624366760253906,12228117
2016-09-09,30.70967402588029,31.015242650544405,30.70967402588029,30.84208869934082,5343129
2016-09-12,30.432111035969054,31.1069070442284,30.075612793772535,30.554338455200195,6735102
2016-09-14,30.658745235645757,30.658745235645757,30.302246930713377,30.359542846679688,4491300
2016-09-15,30.551797357067418,31.142563358032778,30.378643407833064,31.047073364257812,12278871
2016-09-16,31.24315122325891,31.422674615803093,30.699493844284174,30.85991859436035,11109549
2016-09-19,31.142562285782812,31.575451952282346,31.09290838828216,31.462139129638672,11196603
2016-09-20,31.62637555028494,31.921756880791378,31.384465911468713,31.52324676513672,14822676
2016-09-21,31.677309710681314,31.95741668836817,31.454498653426295,31.70914077758789,12498651
2016-09-22,32.05926305989903,32.07963429535945,31.728229682281032,31.991783142089844,12518682
2016-09-23,32.0847268254098,32.466689919752966,31.970138217661326,32.11910629272461,26270244
2016-09-26,31.90648033212648,32.46669096520888,31.828816391713918,32.21586990356445,26825238
2016-09-27,32.287170003577714,32.69841579255285,32.287170003577714,32.58637237548828,28611264
2016-09-28,32.79772938487646,32.79772938487646,32.517622422779844,32.61820602416992,13159707
2016-09-29,32.70859760448556,33.077828289252295,31.22531506441522,31.37937355041504,56855667
2016-09-30,31.66840107369448,31.942138656480402,31.3793826541249,31.6964111328125,12572670
2016-10-03,31.69767765770972,32.59401219983268,31.69767765770972,32.4132194519043,8482584
2016-10-04,32.66404278742733,32.66404278742733,32.15221335394976,32.33428192138672,5913831
2016-10-05,32.56090942267744,32.56090942267744,32.26297966413285,32.41448974609375,11828124
2016-10-06,32.441224132102,32.734060252063095,32.22860035579449,32.39411544799805,11703417
2016-10-07,32.395389273950315,32.497245458898156,32.088548117834584,32.278255462646484,5227035
2016-10-10,32.46413930956164,32.466687717455464,31.906477140412836,31.931941986083984,5917692
2016-10-13,32.045270851977655,32.045270851977655,31.576729043455888,31.679861068725586,6919506
2016-10-14,31.779170313391944,32.462881209591714,31.606016337678017,32.3266487121582,11869308
2016-10-17,32.590192994749046,32.592738197509426,32.16112438028844,32.205684661865234,9585906
2016-10-18,32.26297899907199,32.714964032948984,31.963773439805898,32.638572692871094,13391037
2016-10-19,32.72132583018686,32.83336922532264,32.282070074301664,32.404300689697266,10091697
2016-10-20,32.39029016969432,32.62456095811275,32.343181491799356,32.489601135253906,5921520
2016-10-21,32.49088024518217,32.591463831947955,32.02106917871628,32.18913269042969,3518658
2016-10-24,32.4119432727417,32.59400860200806,32.19167746582922,32.30244827270508,3416358
2016-10-25,32.31391370473709,32.441234774261574,32.08473642070216,32.29481506347656,2114409
2016-10-26,32.29480811098651,32.33937159766735,31.96122948097147,32.07072448730469,2585253
2016-10-27,31.882287644029887,32.31390138534955,31.882287644029887,32.0694465637207,5722596
2016-10-28,33.103291031292066,33.80355187816495,32.697138906664186,33.133846282958984,41732625
2016-11-01,33.86721321290662,34.21607266284973,33.61257434379763,33.87230682373047,16200723
2016-11-02,33.51072584857486,33.51072584857486,33.09693478642113,33.15040969848633,6853242
2016-11-03,33.179683731196604,33.72206832050288,33.13130244370355,33.239524841308594,9568119
2016-11-04,33.43177035259956,33.576917390069994,32.75188085716214,33.099464416503906,10960587
2016-11-07,33.383393970833545,33.709333744117075,33.07273182303654,33.15421676635742,5020323
2016-11-08,33.30063691609449,33.816284030977556,33.30063691609449,33.59474563598633,5196807
2016-11-09,32.31390248972301,33.4445076811687,30.663832387334807,33.196231842041016,11724603
2016-11-10,33.5107121652829,35.240994463483254,33.47124229815652,34.717708587646484,10143276
2016-11-11,34.29756207597112,34.58785305306909,33.08165065934866,33.15677261352539,6715071
2016-11-15,33.54637144418724,33.54764404567483,32.26425589812505,32.83082962036133,7809153
2016-11-16,33.3070106579283,33.71316287113126,32.65513095439363,33.26499557495117,7524561
2016-11-17,33.015437051290874,33.73989008173948,32.69586030407595,33.4788818359375,5736522
2016-11-18,33.28790838929708,33.58711075463032,33.11984487016728,33.30445861816406,8050416
2016-11-21,33.30445525552732,33.45978633420926,32.275706211648426,32.54690170288086,7109982
2016-11-22,32.72133027080755,33.32228338690342,32.46414299364975,33.1083869934082,7614024
2016-11-23,33.332471697075974,33.39486122519663,32.632210710252714,32.953060150146484,13912536
2016-11-24,32.69586333026611,33.45978629940209,32.65003045244279,33.065093994140625,9225579
2016-11-25,33.39358310289247,33.64313158143726,33.01926198784782,33.224246978759766,6715170
2016-11-28,33.07783564982371,35.522387910020875,33.07783564982371,35.270294189453125,27132633
2016-11-29,35.64588299637972,36.337232530584785,35.3326755930974,35.83559036254883,29433657
2016-11-30,35.835590132815334,36.79558357579097,35.79994126568497,36.644073486328125,21258600
2016-12-01,36.6453470937807,37.10370159006486,36.27866477897145,36.512935638427734,17914479
2016-12-02,36.55239661363283,37.05021766110249,35.96417600814842,36.13478469848633,10175220
2016-12-05,36.38051793019318,36.61733397269758,36.134790472794265,36.45054626464844,7455624
2016-12-06,36.770121880552445,37.61043629582055,36.54094463901658,37.09606170654297,19838346
2016-12-07,37.35325435001896,37.558239372021646,36.9241856655599,37.13935470581055,14647974
2016-12-08,37.872700161006854,38.33614808594626,37.22973536483303,37.693180084228516,15582831
2016-12-09,38.29797617631656,38.67993942737082,37.87909144582222,38.41383743286133,15616491
2016-12-12,38.19610580931661,38.832707786508216,37.857433583095045,38.342525482177734,10948938
2016-12-13,38.19611729712144,38.55261566556478,37.393999975056204,37.52513885498047,10120506
2016-12-14,37.618068463371934,37.890533337828174,36.184439958435796,36.28247833251953,11504262
2016-12-15,35.70062930804417,37.2437530362965,35.70062930804417,36.649166107177734,11336952
2016-12-16,36.897432671366985,37.04894593721919,36.47345774052008,36.79430389404297,6757773
2016-12-19,37.05021900210095,37.502207191900794,36.502740846301,36.65679931640625,10815618
2016-12-20,36.849055728262016,36.94581829720807,35.85340716800949,35.956539154052734,7061934
2016-12-21,36.15643566044134,36.54094399420885,35.68789716884787,36.00238037109375,7208388
2016-12-22,35.980730509097526,36.00365015437975,34.93670380272704,35.50328063964844,11355597
2016-12-23,35.656066794917216,35.904342674583994,35.018192168428925,35.2664680480957,9659529
2016-12-26,35.395063757721815,35.47145510762937,34.26445831579979,34.53437805175781,6534099
2016-12-27,34.631143047668104,35.16588894525777,33.87231349071706,34.94053268432617,9690318
2016-12-28,35.140424461568145,35.26774552529552,34.401966138604024,34.60567855834961,6700254
2016-12-29,34.785196700644214,35.1378739746425,34.40196096550646,34.8259391784668,15370938
2016-12-30,35.07548367439524,35.484181007613884,34.8603114860904,35.01436996459961,12502347
2017-01-02,35.26774691470377,35.26774691470377,34.45289720361963,34.77119827270508,8992995
2017-01-03,34.93671364739505,36.29904171913117,34.803026364060216,36.239200592041016,20316219
2017-01-04,36.51547169817903,36.93053520268221,36.28629450742078,36.46963882446289,18360375
2017-01-05,36.66826570721619,36.97256169286168,36.21245963222368,36.458187103271484,7328706
2017-01-06,36.54985608734853,36.86942970105419,35.86360016907298,35.94635772705078,16340709
2017-01-09,36.06349097556563,38.32342908850834,35.67771324495749,37.02985382080078,31377258
2017-01-10,37.405446853980806,38.90909736057351,37.26029978901823,38.49403381347656,45535479
2017-01-11,39.29105912476834,39.42856416646835,38.67482843399607,38.900184631347656,28558068
2017-01-12,38.99695350569139,39.934033719321675,38.95875943545797,39.49222946166992,23395680
2017-01-13,39.596625892775485,39.64755237775583,38.70538195294705,38.9256477355957,10845780
2017-01-16,38.925655925850414,39.17647701115305,38.46221103117575,38.94984817504883,8161494
2017-01-17,39.263052846565074,39.3216181522607,38.374353983924486,38.570430755615234,6088005
2017-01-18,38.57043269576364,38.92565517398546,38.25977049972168,38.500404357910156,11967153
2017-01-19,38.578066062564524,38.75631679756194,37.744117913672156,37.94146728515625,13663023
2017-01-20,37.86507100052417,38.1464505129754,37.07568637301428,37.55695724487305,10197726
2017-01-23,37.68683116735273,38.70539321887579,37.498396386434614,38.56024932861328,14906034
2017-01-24,38.9090979781129,39.05679024792795,38.5156782627274,38.7041130065918,11601744
2017-01-25,38.985501518131734,39.03642801967377,38.448207212758376,38.56407165527344,12168948
2017-01-27,38.62900483725544,39.964595431764835,38.588262352061115,39.236324310302734,23096865
2017-01-30,40.48787941717692,41.37912363854932,40.128835884406385,40.35801315307617,63852426
2017-01-31,40.333832658483715,40.35420390433915,39.11282730343768,39.214683532714844,47114397
2017-02-01,39.46166233322786,40.072799328549955,39.29614726574052,39.93783950805664,25770492
2017-02-02,39.90086450444687,40.29503827328558,39.32171994690175,39.43525314331055,16414002
2017-02-03,39.442905845007246,40.041182420869276,39.16609039912952,39.40081024169922,15787497
2017-02-06,39.53220701700028,39.937862632933374,39.112519530958004,39.21202087402344,11405427
2017-02-07,39.28981299587721,40.11643070329304,39.28981299587721,39.92891311645508,18650082
2017-02-08,40.208290853118115,40.515720098876976,39.45693560072252,39.93912887573242,13352130
2017-02-09,40.23125405772362,40.34223396138271,39.67379803520839,39.911067962646484,11168817
2017-02-10,39.91233026461309,40.02458838455365,39.32170732120825,39.38931655883789,6972207
2017-02-13,39.54496149948422,39.573025238037005,38.7068648294422,38.947959899902344,7557297
2017-02-14,39.11123679663102,39.37657044758822,38.450454355804425,38.521888732910156,18594774
2017-02-15,38.84972823700023,39.36126025575294,38.80507934626802,38.89564895629883,23131218
2017-02-16,39.00407904342332,39.11123381259499,38.728541878911386,38.942848205566406,12281841
2017-02-17,39.14057044916126,39.465859859713674,38.807630797443636,38.97601318359375,7979565
2017-02-20,38.98367462934561,39.416118891886185,38.80636050210473,39.18395233154297,11227029
2017-02-21,39.28982489319636,40.05521201003975,39.16481313078301,39.802635192871094,11338899
2017-02-22,38.62648310586978,38.981111239272295,38.452994159229405,38.5384635925293,42311049
2017-02-23,38.47341167135182,39.389324156043834,38.28334074532043,38.408355712890625,44609301
2017-02-27,38.496370382685285,38.77828592380238,38.22338333395017,38.47468185424805,77749914
2017-02-28,38.53464039383606,38.87651496088776,38.53336535364592,38.66730880737305,25550052
2017-03-01,38.7030268300891,38.905854575361616,38.68389159175785,38.80890655517578,13325367
2017-03-02,38.82166754934999,39.07806949311863,38.269311717308966,38.356056213378906,12683550
2017-03-03,38.2693038329955,38.49509512666803,37.91977905170467,38.13663864135742,16429677
2017-03-06,38.26676319243492,39.13292672461865,38.264209899933185,39.03725051879883,15495249
2017-03-07,39.28982874361175,39.320445772896434,38.89182984473241,39.04745864868164,11109087
2017-03-08,39.08316168440812,39.11505374259365,38.52570585043824,38.814002990722656,8635242
2017-03-09,38.84717441900078,39.797529032242764,38.67751377521605,39.658485412597656,27252786
2017-03-10,39.80008342759365,40.12919797900962,39.54495332888195,39.99525451660156,23827617
2017-03-14,40.56545871813954,40.65603152198125,39.953150464800196,40.103675842285156,16393608
2017-03-15,40.18021953577718,40.61266046275367,39.932742925791196,40.0462760925293,12442188
2017-03-16,40.667516274614705,42.42790678513071,40.31033801172427,42.13450622558594,30188881
2017-03-17,42.33861023588096,42.47893210705161,41.02469893924029,41.22880172729492,20305566
2017-03-20,41.241556382750176,41.63700511233525,40.680272139292335,41.45841598510742,11478343
2017-03-21,41.45842226239285,41.56047366650167,40.02969939318081,40.69303512573242,14300866
2017-03-22,40.36136151968845,40.41238882033058,39.11123119421365,39.23879623413086,20921224
2017-03-23,39.48116657288058,40.23379350826101,39.22603651188907,40.106231689453125,10892574
2017-03-24,40.195533027864364,40.233800295286876,39.57046780584979,39.68527603149414,6134990
2017-03-27,39.672528836608414,40.820608160088085,39.4301555001073,40.51445388793945,15834465
2017-03-28,40.56546715191386,40.922648646465554,40.23379930947764,40.412391662597656,12604670
2017-03-29,40.77161925705743,40.77161925705743,39.783759580617385,39.93770980834961,10068646
2017-03-30,40.05316348781938,40.41238597413883,39.2705763723255,39.37321090698242,24407532
2017-03-31,39.51433628979323,40.45088016885933,39.309067194939495,40.21995162963867,17963398
2017-04-03,40.848584793898674,41.41307313662657,40.59199683444743,41.028194427490234,16554813
2017-04-05,41.18215446434337,41.54137378922862,41.105176126118494,41.40025329589844,14952531
2017-04-06,41.52853276009843,42.798636234532246,41.18214325255478,42.4650764465332,32088790
2017-04-07,42.32396033716989,43.440110606888936,42.080202082272336,43.01674270629883,24437493
2017-04-10,43.00391866067858,44.49212137009696,42.63186959834457,44.107242584228516,26679721
2017-04-11,44.38948763305822,45.67242124974192,44.38948763305822,45.313201904296875,28558572
2017-04-12,45.64674929917632,45.67240873969156,43.87630281431088,44.812843322753906,13919162
2017-04-13,44.889821066136825,44.889821066136825,43.234835624824804,43.60688781738281,14012512
2017-04-17,43.61972191473599,44.389479357201694,43.50425765235801,43.9019660949707,8772819
2017-04-18,44.209877142462844,45.51847018248144,43.77367946245665,44.107242584228516,12658522
2017-04-19,44.71021121396002,46.77573491661829,44.65889556018866,45.85202407836914,42584797
2017-04-20,46.22408065069787,46.82705825418621,45.415833938360684,45.69807815551758,25164770
2017-04-21,46.211250182338304,46.916862328870856,46.05729996820513,46.31388473510742,17237962
2017-04-24,46.57047527878076,47.01950268296632,46.313887267805825,46.634620666503906,8938535
2017-04-25,46.87837765703803,46.92969331978867,46.03164176630329,46.24974060058594,10220826
2017-04-26,46.30105728893521,46.59613446894161,45.467151102926834,46.13427734375,10616304
2017-04-27,46.519145247120484,46.58329384952658,45.903338044264416,46.07011795043945,9521120
2017-04-28,46.54480788483307,47.34022476897552,46.31387936039152,46.9425163269043,14299025
2017-05-02,46.519142007917516,47.28890257290813,46.519142007917516,46.98099899291992,8068744
2017-05-03,47.10930244973007,47.199107274897656,45.646756112580974,45.8905143737793,11362962
2017-05-04,45.941838204937454,46.775744395544244,45.492810800751904,46.634620666503906,8101486
2017-05-05,46.19842106074551,46.66027816923797,45.877687675412645,46.05730056762695,11472865
2017-05-08,46.05730452176529,46.87838102509582,46.05730452176529,46.40369415283203,6032136
2017-05-09,46.40369021386221,46.724423599505464,46.19842110545381,46.506324768066406,5079927
2017-05-10,46.2882236734668,47.4685226041275,46.2882236734668,47.1991081237793,8149076
2017-05-11,47.66096625032131,47.95604343195484,46.455010996846156,46.634620666503906,15243901
2017-05-12,46.77573651483665,46.77573651483665,45.531292300365045,46.03163528442383,7175988
2017-05-15,46.185582685642736,46.42934091724324,45.877679081008615,46.17275619506836,5182042
2017-05-16,46.18558460443358,46.98100470531461,46.03163441074084,46.85271072387695,5923694
2017-05-17,46.94251118134937,47.07080515086972,46.05728957474355,46.19841003417969,6199492
2017-05-18,45.672411048527586,46.05729298559168,44.78718937636523,44.88982391357422,9948081
2017-05-19,45.15924719579311,45.505640037894324,43.876313614714064,44.67173385620117,9595324
2017-05-22,46.05729459352858,46.31387933048861,44.812847152628265,45.069435119628906,6467049
2017-05-23,45.14641123807395,45.28753494611793,43.683868191220725,44.14572525024414,6969454
2017-05-24,44.13289736556138,44.55626527727462,42.46508516306455,42.79864501953125,9802204
2017-05-25,43.37596544127927,44.54343460411017,42.8499629934122,44.132896423339844,13634989
2017-05-26,44.13289299039272,45.0052881716894,43.74801105332862,44.88982391357422,16167171
2017-05-29,45.15924231363899,45.236217415770454,43.91479803734368,44.274017333984375,8203582
2017-05-30,44.530598244110976,44.59474361402902,43.46576378520559,43.658203125,12844893
2017-05-31,44.120065346731046,44.87699630555009,43.760842834566546,44.29967498779297,13470012
2017-06-01,44.492113452133125,45.402997820644835,44.184209832225676,44.312503814697266,14179136
2017-06-02,44.6460673395413,44.91548179848562,44.04308981473212,44.15855407714844,9192975
2017-06-05,44.33816906626336,44.363828512127625,43.568408300622536,43.6325569152832,8791081
2017-06-06,43.786501490442184,44.312503912702496,43.273328789461466,43.4016227722168,10209972
2017-06-07,43.72235924605798,44.23553198379891,43.452941539968464,44.017433166503906,6827393
2017-06-08,44.338163000722616,44.36382244307662,43.37596298281254,43.452938079833984,10178609
2017-06-09,43.47858836775024,43.67102768480595,43.003901704308916,43.170684814453125,12007531
2017-06-12,43.33747756018442,43.5427466566542,42.362450966973356,42.49074172973633,13142731
2017-06-13,42.58054229227079,42.95259451114575,42.298298120395,42.34961700439453,13319423
2017-06-14,42.36244705529609,43.209182807558015,42.36244705529609,42.5933723449707,17473391
2017-06-15,42.593369461235284,43.47859431686346,42.49073492942624,42.837127685546875,19151632
2017-06-16,42.9012723542335,43.67103294521806,42.9012723542335,43.55556869506836,22207561
2017-06-19,43.87630823483501,43.87630823483501,43.055231877233595,43.27333068847656,12413695
2017-06-20,43.55557125314909,43.55557125314909,42.991082919308795,43.068058013916016,6717635
2017-06-21,43.10654618558249,43.722356664553054,42.991085152693685,43.44010925292969,7135689
2017-06-22,43.60689502642224,43.60689502642224,42.400936668814595,42.69601058959961,9751797
2017-06-23,43.003908907407826,43.003908907407826,41.695319394218025,42.413761138916016,9145884
2017-06-27,42.516403926338114,42.52923364945303,40.476539321846,41.194984436035156,9581484
2017-06-28,41.00253003681097,41.567021541449115,40.43804176221296,40.98970031738281,11784554
2017-06-29,41.220631986649494,41.69531872194665,40.835753294276955,41.05385208129883,7076104
2017-06-30,41.10517199176965,41.74663869887879,40.617658715584625,41.45156478881836,8591533
2017-07-03,41.75945964951767,42.028877289536524,41.32326212189862,41.669654846191406,10894996
2017-07-04,41.7209813753536,42.131519540173734,41.695321932542186,41.92625045776367,10296468
2017-07-05,41.900593308747204,43.65821032685698,41.708153937208,43.51708984375,14784669
2017-07-06,43.87630844533801,44.4921157164935,43.61972369737694,44.132896423339844,17489016
2017-07-07,43.95329145323411,44.10724491373718,43.13221494399459,43.67104721069336,10662973
2017-07-10,44.120064456010184,44.6845560408608,43.876306212318234,44.312503814697266,2278960
2017-07-11,44.60757816057781,44.966800669091604,43.67103757021474,43.9019660949707,17347773
2017-07-12,44.081580943240326,44.15855928061578,43.44011417869096,43.735191345214844,6511470
2017-07-13,44.2098653681319,44.54342840106655,43.97893686609712,44.41513442993164,8588639
2017-07-14,44.60757873851052,45.14641089324196,44.24835945538334,44.45362854003906,14834658
2017-07-17,44.50494664617186,45.14641337854379,44.49211692391952,44.87699890136719,5949296
2017-07-18,44.902654859413865,45.26187413442449,44.13289419432729,44.569091796875,10553010
2017-07-19,44.64606779052596,44.80001798860907,44.132895080181164,44.5562629699707,4820290
2017-07-20,44.64606958269457,44.761533850912166,43.863479149228844,44.274017333984375,10397821
2017-07-21,44.299670585495335,44.53059908964957,43.49142405099585,44.00459671020508,7562362
2017-07-24,44.197040445751774,44.620408335426774,44.00460108317962,44.29967498779297,7285782
2017-07-25,44.45362841587509,44.50494407187535,43.86347737660773,44.29967498779297,9441366
2017-07-26,44.29967708844124,45.17207235217985,44.209872263651825,45.030948638916016,13393868
2017-07-27,45.40299797875158,46.05729438459858,45.21055861939437,45.53129196166992,37764926
2017-07-28,45.53129037624717,45.90333936071075,45.018114462442846,45.646751403808594,6569801
2017-07-31,45.916167972733504,46.00597278646842,45.31319048762733,45.86484909057617,16658911
2017-08-01,47.45568959809057,48.10998601514418,46.13427027250839,46.429344177246094,29153430
2017-08-02,46.94251451405862,46.94251451405862,46.44217155045145,46.711585998535156,14308899
2017-08-03,46.685931359170056,46.69876108046906,46.12143977221689,46.33953857421875,7276546
2017-08-04,46.031640116888106,46.288224881529466,45.64675812486461,45.916175842285156,8845141
2017-08-07,46.057290302257314,46.8013914611807,45.92899633071046,46.647438049316406,5944758
2017-08-08,46.57047729629039,47.16062522504129,46.00598558571553,46.660282135009766,10737771
2017-08-09,46.44217230650359,46.82705101861464,45.672411652240946,45.99314498901367,7223907
2017-08-10,45.775046457189255,45.775046457189255,43.61972113476796,43.81216049194336,12330222
2017-08-11,43.29899144963384,44.23553210227447,41.33610208872167,43.914798736572266,12930030
2017-08-14,44.469867203605354,45.94143846128977,44.06970371686267,45.50254821777344,5945438
2017-08-16,45.7219908781464,46.005980579239086,44.98620528891427,45.257286071777344,6269561
2017-08-17,45.14110140989614,47.73571553496384,45.08946574572578,47.28391647338867,26626620
2017-08-18,47.077384439133986,47.89062022119957,46.4706815818989,47.11610794067383,13600478
2017-08-21,47.23229275738644,48.20043245567736,45.96725766494809,46.238338470458984,19677741
2017-08-22,46.44486782237504,46.97411718597141,45.734896865126316,46.005977630615234,7591950
2017-08-23,46.393234717755085,47.37428324475373,46.00598017419377,47.25810623168945,10218766
2017-08-24,47.477550113029025,48.897488819366004,47.2839228462511,48.52313995361328,21204341
2017-08-28,49.116936949007226,49.3880144892082,48.587687537203855,48.755496978759766,14316997
2017-08-29,48.406962076199754,49.00075603365573,47.52918168255653,47.800262451171875,9450404
2017-08-30,48.12298402945025,49.904359712412784,48.12298402945025,49.53001403808594,16054206
2017-08-31,50.00761786283314,50.26578970749557,48.79421864286556,49.05238723754883,19380999
2017-09-01,49.258923589562386,50.2399720528195,49.129837666769234,50.07216262817383,10242157
2017-09-04,50.05925187684661,50.162519961301804,49.01366211549038,49.491275787353516,9781609
2017-09-05,49.491274923467905,49.86562375432052,49.336371174499476,49.671993255615234,4331424
2017-09-06,49.104019726018166,50.47232261415441,49.104019726018166,49.95598220825195,7678727
2017-09-07,50.0076213223784,50.84667500060858,49.95598889986146,50.09798049926758,7797820
2017-09-08,50.26579192810471,50.39487785613859,48.3811451787603,48.57477569580078,10831124
2017-09-11,48.923306781540035,49.69781915208634,48.66513815801095,49.56873321533203,9218018
2017-09-12,49.90435000017257,51.11775247559516,49.77526407725882,51.0015754699707,20454624
2017-09-13,51.10484599892644,51.4146502787273,50.0721650662569,50.30451583862305,19274115
2017-09-14,50.3045093763054,50.53686336880176,48.71676142755216,49.10401916503906,21851544
2017-09-15,49.026577061047455,49.24602218829414,48.277882494555186,49.07821273803711,13158420
2017-09-18,49.46546806877124,50.14962129942399,49.07821348537064,49.78818130493164,8670192
2017-09-19,49.81399363392936,50.13670683439469,49.11693481091352,49.27183532714844,6527172
2017-09-20,49.56873798752651,49.74945961637319,49.07821528061086,49.4267463684082,3679826
2017-09-21,49.6978236166051,49.80109172528955,48.36824712354025,48.58769226074219,7126359
2017-09-22,48.432780225363544,48.432780225363544,46.47068324449425,46.70303726196289,7359891
2017-09-25,46.72885513305664,47.103200744837004,44.94747974773021,46.72885513305664,15014148
2017-09-26,46.74175857744416,47.47754404718212,46.586854833825114,47.12901306152344,11293223
2017-09-27,47.27100983358272,47.65826433359237,45.46381675023931,45.65744400024414,13886829
2017-09-28,47.141927930370116,47.298121935329654,46.03437723606829,46.44615936279297,16193742
2017-09-29,46.51715600165167,47.3123219503922,45.991780589077685,46.23316955566406,11087949
2017-10-03,46.57394500489991,46.77273970947135,45.50899194457478,46.43195343017578,12084912
2017-10-04,46.687551691072265,46.92894067069731,46.30416785579387,46.71595001220703,7194519
2017-10-05,47.02833890562835,47.09933470976504,46.41776524011411,46.502960205078125,5632314
2017-10-06,46.85794412060833,47.80930086336966,46.659152625855604,47.19873046875,14234925
2017-10-09,47.425907651244856,47.48270753135057,46.758537497317526,47.22711944580078,8180193
2017-10-10,47.39751475673144,47.39751475673144,46.77274525392722,46.92893600463867,6092373
2017-10-11,47.22712573067201,47.53951048792008,46.98573677053049,47.113529205322266,11937174
2017-10-12,47.1419209929178,48.277869839139576,47.07092520564732,48.09328079223633,17344374
2017-10-13,48.26368495035996,48.95945357439249,47.880301111614436,48.56187057495117,7833861
2017-10-16,48.57606593956067,49.002047227104306,47.908695689072886,48.760658264160156,8306547
2017-10-17,48.732258674105935,48.732258674105935,48.277875829260445,48.51926803588867,3679266
2017-10-18,48.53346801793736,49.41382890416373,48.27787664775999,49.03044509887695,10262934
2017-10-19,49.37123362433588,49.37123362433588,48.71806251030815,48.931053161621094,1513617
2017-10-23,49.35703184414856,49.953403036183126,49.073042157487166,49.4990234375,8494290
2017-10-24,49.413832297490416,49.910809412558216,49.144044999308996,49.697818756103516,4764408
2017-10-25,50.09539169408014,50.223187362296365,48.12167954038217,48.675453186035156,8386635
2017-10-26,48.675459525579065,49.35703217819587,48.06488592009775,48.23527908325195,10685091
2017-10-27,48.81744816682725,49.399623379471336,48.51926260668113,48.94524383544922,5783406
2017-10-30,49.28602868522434,50.19478780676662,49.144037103720215,49.839805603027344,7391871
2017-10-31,52.82167811055191,54.63919648425941,51.47273523946296,52.424095153808594,75144498
2017-11-01,52.80747861127152,53.10566420191892,52.45249313432717,52.7648811340332,14100363
2017-11-02,52.892667122068815,53.00626363084455,52.310495170776875,52.608680725097656,8766645
2017-11-03,52.79328321838145,52.79328321838145,51.77092744183267,51.96971893310547,7825704
2017-11-06,51.955519332719874,52.679686241232844,51.18875169431135,52.438297271728516,9703422
2017-11-07,52.82167981897355,53.247661107836244,50.37938536283849,51.273948669433594,13384689
2017-11-08,51.67153411623782,51.8277248796573,50.32259113684965,50.76277160644531,9024780
2017-11-09,50.94735742277693,52.537685923999234,50.805362587854226,52.338897705078125,8723295
2017-11-10,52.31049202540281,52.53767852933622,51.415928916272016,51.6715202331543,5964225
2017-11-13,51.82771806884095,51.955513744824216,50.663370826462845,50.81956481933594,6147795
2017-11-14,50.83376832946308,50.83376832946308,49.55582437844341,49.82561492919922,9238092
2017-11-15,49.78301613271454,50.72017370538663,49.456428948310965,50.10960006713867,9654879
2017-11-16,50.27998484266639,51.2597397322989,50.2657856848444,51.046749114990234,9771558
2017-11-17,51.40174443849206,51.82772575497122,50.57818012663508,50.748573303222656,10201404
2017-11-20,50.748563550749665,51.188743943188975,50.478776302153065,51.046749114990234,6510531
2017-11-21,51.146146505407785,51.18874397890346,50.29418403557872,50.39358139038086,9066429
2017-11-22,50.450387229050165,51.54373883154011,50.43618806862688,51.2171516418457,9406272
2017-11-23,51.72833486774751,53.36126118310313,51.72833486774751,53.134071350097656,31021161
2017-11-24,53.46065303961342,53.80143937890152,52.28210326205652,52.438297271728516,11278188
2017-11-27,52.509288848454155,53.247658107534164,51.71412620403301,52.9068717956543,7129203
2017-11-28,53.957625902228116,53.957625902228116,52.835876102610584,52.97787094116211,20069670
2017-11-29,53.17665332012545,54.92317891740453,53.10565753364293,53.67363357543945,26750220
2017-11-30,53.38965063348689,53.560043792419336,52.55189049786243,52.7648811340332,16002063
2017-12-01,53.048869640502524,53.64524409510252,52.196907062496614,52.39569854736328,10760892
2017-12-04,52.537683074997645,52.67967790222029,50.4929751128775,51.188743591308594,11866296
2017-12-05,50.833769982550464,51.84192666557858,50.0812046980216,51.714134216308594,11439243
2017-12-06,51.68571975910286,51.68571975910286,50.62076669744581,50.87635803222656,8780127
2017-12-07,50.83376533043572,52.296301532537285,50.74857037205245,52.05491256713867,4550679
2017-12-08,52.48089523422906,52.73648661603511,52.28210374281293,52.56609344482422,4826619
2017-12-11,52.708078070660264,53.21925751664535,51.77092062798944,52.08330535888672,4514526
2017-12-12,51.856119008843606,52.15430785122859,51.415938574826924,51.501136779785156,3302022
2017-12-13,51.401743212059344,51.95552021026108,50.989961065955875,51.30234909057617,4752969
2017-12-14,51.31654739379883,51.51533888342479,50.7627704048452,51.31654739379883,4593927
2017-12-15,51.472735159823785,52.16850695803769,50.89056313475965,51.103553771972656,8831664
2017-12-18,51.04675849043421,52.551895495834984,48.84585612401147,51.81352615356445,9356181
2017-12-19,51.82772108088796,52.67968363701203,51.82772108088796,52.282100677490234,6707226
2017-12-20,52.679684639447345,53.077267606534704,52.4098973582021,52.73648452758789,8328321
2017-12-21,52.56609171296033,53.048869640502524,52.21110622213143,52.39569854736328,4412676
2017-12-22,52.53768931977039,53.73043821026467,52.424096044473366,53.531646728515625,11938740
2017-12-26,53.75883442824764,53.80143515479849,52.821676943753346,52.97787094116211,9328047
2017-12-27,53.06307643846427,53.347062922019106,51.87032735757035,52.32470703125,9960756
2017-12-28,52.324698157935785,52.52349288768593,51.3449431683313,51.55793380737305,23326452
2017-12-29,51.75672320753733,52.651283205573016,51.61472837055516,51.72832489013672,15759831
2018-01-01,51.969717652907285,52.225305778253585,51.45854140221469,51.529537200927734,8166816
2018-01-02,51.82771936339032,52.15430651573889,51.33074230544681,51.58633041381836,11789442
2018-01-03,51.685727469981614,52.140110327391966,51.34494438939798,51.40174102783203,8387208
2018-01-04,51.430124449711336,51.657314187618695,51.032544845857245,51.13193893432617,13893633
2018-01-05,51.40174276692847,52.1117105213127,51.34494612657279,51.77092742919922,10396050
2018-01-08,52.12590697490662,52.594485704254886,51.8845180309993,52.26789855957031,12205740
2018-01-09,52.53767975031959,52.53767975031959,51.785114688614655,51.84191131591797,7031151
2018-01-10,51.87031811595195,52.18270611718661,50.89056313475965,51.103553771972656,11870301
2018-01-11,51.14615112302124,51.40173923704937,50.6917715314203,50.833763122558594,11858856
2018-01-12,51.06095747574324,51.146152432607614,49.99600426504214,50.54977798461914,9999291
2018-01-15,50.691782187277376,51.11776355019567,50.49299066791684,50.72018051147461,8986140
2018-01-16,50.691771493203554,50.776966447822296,49.016244719201275,49.18663787841797,13604358
2018-01-17,49.12984475228932,50.20900049249372,47.425919425620805,49.996009826660156,14795268
2018-01-18,50.03860034270412,50.52137825137937,48.00808809448544,48.59026336669922,9535365
2018-01-19,48.774855276123915,49.243434021793895,48.30627653045393,49.058841705322266,5545041
2018-01-22,49.24343290113193,49.953400582960235,48.94524731975861,49.81140899658203,7885137
2018-01-23,49.98179886699266,50.30838601540351,49.35702938738591,49.61261749267578,13850478
2018-01-24,49.641015277534215,49.6694135944864,48.94524676226859,49.28602981567383,10449144
2018-01-25,50.63497153963964,50.97575458576877,49.81140736569421,50.237388610839844,45728052
2018-01-29,50.69176548556992,50.74856211525128,49.55581339206987,49.88240051269531,10870470
2018-01-30,50.25158987321493,50.53557629854383,49.69781293134552,50.26578903198242,10192740
2018-01-31,48.632855275449614,48.845845887239875,47.56790221649832,48.09328079223633,43235283
2018-02-01,48.27787106317315,48.618657350669366,45.75038522249536,45.878177642822266,41361114
2018-02-02,45.849777447544206,45.8639766047762,42.654918320664,43.123497009277344,39743727
2018-02-05,42.59813690185547,43.109313244685765,41.57578096621496,42.59813690185547,57654582
2018-02-06,39.758246253233075,42.683318253642845,39.758246253233075,42.370933532714844,41933931
2018-02-07,43.521084798501526,45.32440721925999,43.33649248377986,44.82742691040039,53579583
2018-02-08,45.544666136655586,45.544666136655586,44.32536224433993,45.028255462646484,21077784
2018-02-09,43.8950162333312,45.27211346852435,43.8950162333312,44.84177017211914,8938587
2018-02-12,45.32949332922384,45.35818572884025,44.68397836140332,45.25777053833008,6431490
2018-02-14,45.874593295423594,46.663557075072724,45.55900975351916,46.07542037963867,15063036
2018-02-15,46.26190719676255,46.5201125337671,44.81308380126619,45.028255462646484,10960020
2018-02-16,45.41557038263424,45.41557038263424,44.08150658384039,44.66964340209961,7547409
2018-02-19,44.75570090581632,44.75570090581632,43.39294500349883,43.952392578125,10100100
2018-02-20,43.923704999124794,44.239291831715285,43.608118166534304,44.11018753051758,8543745
2018-02-21,44.13888110031605,44.397086445511974,43.04867820028729,43.278194427490234,11911635
2018-02-22,43.106054130528804,43.392948578371715,41.70026772451373,42.04454040527344,24507504
2018-02-23,42.70439589776551,43.52204877259234,42.00150276118569,43.30687713623047,34034544
2018-02-26,43.8806804524034,44.97088346913483,43.694197882227584,44.52619552612305,19477392
2018-02-27,44.8991479485336,44.98521857689916,43.66549958570907,43.85198211669922,10397679
2018-02-28,43.75156349369317,44.526182671835286,43.36425390462212,44.28232192993164,6432813
2018-03-01,44.42577076362388,44.454463161775955,43.9237046864731,43.981082916259766,4595199
2018-03-05,43.866326955067095,45.099978609048726,43.43598366026036,44.6265983581543,9187710
2018-03-06,45.17170701943043,45.315155896640086,43.3642629863219,43.608123779296875,10445304
2018-03-07,43.464679259564576,43.49336837906371,42.21668286179651,42.56095886230469,7936389
2018-03-08,43.263845136471396,43.263845136471396,41.599850208806686,42.245365142822266,9916260
2018-03-09,42.67570891658714,43.42163904432146,42.27405473753924,42.58964157104492,9234141
2018-03-12,42.96260612385742,43.278192977726654,42.36012809966886,43.07736587524414,14156727
2018-03-13,43.03433129388617,43.66550170508043,42.91957154491498,43.47901916503906,12466362
2018-03-14,43.09170793325306,43.53639578796184,42.80481349632253,43.3642578125,6788655
2018-03-15,43.335572963010726,44.26798572052291,43.034333938743174,43.40729904174805,9095664
2018-03-16,43.46467676001809,44.00977656567287,42.63267920935217,42.80481719970703,10796703
2018-03-19,42.8335073964254,42.948267153972175,42.030198943375446,42.61833572387695,6301965
2018-03-20,42.31709219470897,43.07736694802469,42.23102484146979,42.89088439941406,6695130
2018-03-21,43.034335900558986,43.60812485706026,42.46054366079844,42.56095886230469,7860561
2018-03-22,42.690058758602575,42.79047395742391,40.88261801241021,41.14082336425781,19364409
2018-03-23,40.423581377245846,40.4953041666791,39.60592844467135,40.151031494140625,24617190
2018-03-26,40.151024660850965,41.59984446038164,40.0792986003659,41.01171112060547,14150625
2018-03-27,41.327303542212825,41.4564045690814,40.88261566092529,41.040409088134766,8877729
2018-03-28,40.868281090355524,41.82937988052234,40.3662148522021,40.58138656616211,23399328
2018-04-02,40.968681959142195,41.70026755896264,40.76785486147177,41.52812957763672,7534800
2018-04-03,41.57116582974277,42.27405907354218,41.24123440480602,42.10192108154297,9860166
2018-04-04,42.25971392105626,42.67571269452147,41.02606215952086,41.241233825683594,11741064
2018-04-05,41.599848405840646,41.944124335697964,41.21253880556581,41.614192962646484,10456299
2018-04-06,41.61419944926172,42.00150910990846,41.18385611148959,41.542476654052734,5684175
2018-04-09,41.5998639191163,41.75765738608291,41.2412432987176,41.485107421875,7065069
2018-04-10,41.599852526076766,42.159300146690455,41.499440618490645,41.74330139160156,6792945
2018-04-11,41.88675058362805,41.972821223663985,41.45640723322599,41.5711669921875,5636949
2018-04-12,42.03019979743734,42.79047458807837,41.85806179924888,42.25971603393555,13782747
2018-04-13,42.20233710966821,42.374475105058735,40.76785819242604,40.88261795043945,14176671
2018-04-16,41.054751135937416,41.08344025126482,39.7924103619791,39.892822265625,17572878
2018-04-17,40.16536322539926,40.409227218047455,39.54854081631379,39.8641242980957,10461405
2018-04-18,40.13668063616353,40.308818601123626,39.6776482517757,39.79240798950195,13714419
2018-04-19,39.591583838840286,39.620272954578844,38.8026200229945,39.06082534790039,15710562
2018-04-20,38.42966389856135,38.5444203784274,37.439872843420076,37.95628356933594,24909216
2018-04-23,37.99931789048543,39.849792265738145,37.99931789048543,39.37641525268555,26176191
2018-04-24,39.62027830199432,39.749382623501454,38.816969819859416,38.960418701171875,9272688
2018-04-25,38.960418154594045,38.960418154594045,37.812836969971734,38.0997314453125,8935848
2018-04-26,38.128415262765074,38.28620867972798,37.46855576295329,37.597660064697266,15748587
2018-04-27,37.66938966040379,38.6448361704253,37.58331901593341,38.21449279785156,13382757
2018-04-30,37.741109392495886,38.14276361200545,37.525937723705695,37.64069747924805,13847460
2018-05-02,37.87020590933188,37.941928689740685,37.23903559195912,37.382484436035156,9106338
2018-05-03,37.296422365027084,37.42552668261346,36.407046551069705,36.980838775634766,14574378
2018-05-04,37.19600425546732,37.95627562523603,37.009521731455735,37.18165969848633,7078263
2018-05-07,37.26772981084155,37.85586654056018,36.82304194485547,37.66938400268555,7313223
2018-05-08,37.84152603149414,38.11407594681536,37.64069891408397,37.84152603149414,8788539
2018-05-09,37.81284047547889,38.08539041648282,37.72676982661586,37.97063064575195,6669102
2018-05-10,37.984975018803055,38.09973478896628,37.10994367312419,37.23904800415039,6999927
2018-05-11,37.296414083582775,37.468552041056014,36.57917642457914,36.679588317871094,7212126
2018-05-14,36.86608187954323,36.86608187954323,35.689811503612304,36.077117919921875,9882675
2018-05-15,35.6037283183084,36.679586391953514,34.22663129734597,34.48483657836914,37511736
2018-05-16,34.284026170458986,35.37422932903558,32.24706876054952,34.90085220336914,28314477
2018-05-17,34.943882645428445,36.36401717380391,34.0114730430841,35.976707458496094,22246566
2018-05-18,35.775873317539606,36.292283981361415,34.71435959012016,34.84346389770508,11526891
2018-05-21,34.42747050438885,34.857813885693716,33.49505765605536,33.65285110473633,9176997
2018-05-22,33.279883553972006,34.269674572557584,32.93561084382948,33.5954704284668,16655865
2018-05-23,33.5237439719502,34.054499180313044,33.30857232037576,33.5093994140625,8386623
2018-05-24,33.609807304491454,33.76760070566621,33.03601520774772,33.29422378540039,7425024
2018-05-25,33.394647411682975,34.19795597271146,33.15078658778353,33.982784271240234,8685510
2018-05-28,34.14055934137825,35.97669191384596,34.06883656703667,35.46028137207031,21852888
2018-05-29,35.43159774361446,35.732840036882195,35.0012544245968,35.23077392578125,13140726
2018-05-30,33.96843338116855,34.48484405518017,33.48071182423992,34.26967239379883,25204605
2018-05-31,34.398782142105404,34.398782142105404,32.66306401810996,32.82085418701172,27125460
2018-06-01,32.70608940774253,33.193810918111815,31.61588664636836,31.960159301757812,20689938
2018-06-04,32.13229873834963,32.82084736382863,31.558506575487716,32.160987854003906,24504603
2018-06-05,32.175332500827615,32.806502896743886,31.845404386632087,32.419193267822266,17626572
2018-06-06,32.419196794993475,33.53809212989241,32.347473997856056,33.33726501464844,19982229
2018-06-07,34.341391415978556,35.07297360110315,33.351600663625696,34.91518020629883,32471313
2018-06-08,34.28402072017846,34.61395216941041,33.85367735012074,34.011470794677734,10464249
2018-06-11,33.93973819218879,34.77173557178493,33.93973819218879,34.126220703125,6191661
2018-06-12,34.08319044574376,34.958221665118195,33.997123092989185,34.82912063598633,10322559
2018-06-13,35.0012652699204,35.072991367487354,33.997132736582834,34.197959899902344,8779887
2018-06-14,34.068844821896896,34.126226338531815,33.122090838157575,33.32291793823242,11821971
2018-06-15,33.42331988464907,34.169249829244265,33.10773641188354,33.52373504638672,21030120
2018-06-18,33.55243477346111,33.681535800936736,32.53395469596941,32.79216003417969,9619353
2018-06-19,32.6917505768838,33.050371135520315,32.34747457793201,32.548301696777344,10429416
2018-06-20,32.47656842642198,32.76346281086776,31.874087264153466,32.060569763183594,10259367
2018-06-21,32.2470595399685,32.2470595399685,30.999063268596313,31.372028350830078,16149600
2018-06-22,31.35767855036868,31.64457295160185,30.755197352846466,31.472434997558594,17661147
2018-06-25,31.400716170253016,31.845404025600452,30.798234896900706,31.386371612548828,18864450
2018-06-26,31.242922381504254,31.328993009966826,30.19575326523073,30.410924911499023,19411377
2018-06-27,30.410919455994666,30.410919455994666,29.205960423008634,29.951887130737305,26922588
2018-06-28,29.621966307900152,30.267481359887217,29.06252189946697,29.76541519165039,24051936
2018-06-29,30.023613651647377,31.357680412249863,29.9518908678951,31.17119789123535,19270500
2018-07-02,31.228580645336642,31.228580645336642,29.77975722069958,30.296171188354492,18396411
2018-07-03,30.124026479999625,30.941679283965566,29.92319941791574,30.826919555664062,18868143
2018-07-04,30.654785403898153,30.769545146421866,29.794098826375862,29.93754768371582,13058145
2018-07-05,29.923208370299925,30.310518054712077,29.26334876411079,29.335071563720703,10440048
2018-07-06,29.406788991195427,32.20402034734506,29.34941076198955,31.78802490234375,53028897
2018-07-09,32.04624216296857,32.30444757390544,30.71217813707809,30.913002014160156,22921557
2018-07-10,31.128157339372404,32.46222394575945,30.92733356808085,32.36180877685547,26831130
2018-07-11,32.41919964894983,32.47658117497042,30.898656516223507,31.070791244506836,23040108
2018-07-12,31.27161149657219,31.773677576778617,30.152719592628824,30.410924911499023,17688438
2018-07-13,30.812581174671987,31.18554626231871,29.47851753415753,29.779756546020508,21314028
2018-07-16,29.8801755924388,30.15272552244244,28.8330062702297,28.976451873779297,15895158
2018-07-17,29.320725754430605,29.966240773192094,28.91907152721112,29.851484298706055,24264597
2018-07-18,29.894519087284223,30.138379887886185,28.402661880725784,28.560455322265625,24044445
2018-07-19,28.66086261601737,29.03382767828447,27.74279780113721,28.08707046508789,19658436
2018-07-20,28.23052855945809,29.894524043260695,28.0440459673154,29.736730575561523,27581040
2018-07-23,29.607624369853664,29.951897086602173,28.732589810105505,29.49286460876465,16157148
2018-07-24,29.50720658026206,30.855614776041264,29.392450112498203,30.669132232666016,22493088
2018-07-25,30.55437977890013,30.55437977890013,28.84735083058466,28.976451873779297,31127565
2018-07-26,29.0768649453027,29.406793092509695,28.617832481117823,28.746936798095703,32172804
2018-07-27,28.947761122341714,29.59327615172903,28.804315526872905,29.40679359436035,17262075
2018-07-30,29.55023901564183,31.214233994462536,29.44982711056209,30.927339553833008,42168243
2018-07-31,31.099477555039744,34.327052667528235,30.755204846329818,33.38029861450195,77121654
2018-08-01,34.0545028974963,34.97256783555531,33.42333243176593,33.5954704284668,80280801
2018-08-02,33.56676870859229,34.097523775643666,32.706082331448904,33.52373504638672,22892568
2018-08-03,33.56677417090425,34.58525409179635,33.45201443642326,34.28401184082031,28213677
2018-08-06,34.45614980091255,34.59959864819916,33.85366858221898,34.28401184082031,29598678
2018-08-07,34.08319179470056,34.25532979028171,33.29423118011399,33.42333221435547,13025202
2018-08-08,33.45201604058897,34.94387296083169,33.02167276135086,34.70001220703125,40606014
2018-08-09,35.001256724159454,35.316843596577726,34.18360699091396,34.77174377441406,38338101
2018-08-10,34.843467339309115,35.68980949318898,34.37009030350562,34.75739669799805,43808427
2018-08-13,34.613947816787906,34.62829237510208,33.42332977715794,33.66719055175781,14906724
2018-08-14,33.466365116401974,33.91105629603289,32.505266528520664,33.73891830444336,28673466
2018-08-16,33.5667808850483,33.93974599264018,32.79216155132045,32.949954986572266,14290698
2018-08-17,33.19381648851139,33.9684358388326,33.02167849030009,33.72457504272461,11741781
2018-08-20,33.738957380796066,34.113195850934694,33.52305107794205,33.81092834472656,9578118
2018-08-21,33.96926871667103,34.68895553832009,33.83972686778792,34.14199447631836,14753664
2018-08-23,34.1419836622481,34.19955779907133,33.39350670567086,33.45108413696289,13224216
2018-08-24,33.39351609043769,33.95487396563217,33.163219478423215,33.8253288269043,10920258
2018-08-27,33.969261948027416,34.22834888863837,33.47987513859904,33.60941696166992,15681402
2018-08-28,33.73896455232865,33.810935531557256,33.105639043039695,33.13442611694336,8750094
2018-08-29,33.16321294865347,33.551841699377405,32.961696863879446,33.04806137084961,8680368
2018-08-30,33.105639396212254,33.307152210157106,32.76019121121357,32.87533950805664,12692523
2018-08-31,32.8753332713216,33.79653264918457,32.54427868623221,32.67382049560547,29239140
2018-09-03,32.88972531664272,33.24957024865889,32.24200641569482,32.371551513671875,23274777
2018-09-04,32.6450323428702,32.6450323428702,30.94656898729018,31.42156219482422,20666517
2018-09-05,31.49353935589907,31.49353935589907,25.764822787026038,27.18980598449707,435838635
2018-09-06,27.26177509740553,27.304957357091588,25.793612860009894,26.268606185913086,144894588
2018-09-07,26.196634895395583,26.988292575774743,25.937547945562006,26.441329956054688,64860561
2018-09-10,26.441330037687454,26.80117339073052,26.095878573863295,26.182241439819336,32605425
2018-09-11,26.311784413455488,26.455723069715994,25.376191383935325,25.476947784423828,47399022
2018-09-12,25.47694909768261,25.505736171524745,24.541354372700773,25.232254028320312,56999529
2018-09-14,25.361792145453823,25.76481600955801,25.361792145453823,25.563304901123047,22618239
2018-09-17,25.54891641140065,25.56331159534746,24.987560243454503,25.073923110961914,22569123
2018-09-18,25.073919433748028,25.203462892393613,24.09514425575383,24.181507110595703,33779469
2018-09-19,24.397416288406635,24.44059689727987,23.69212147950131,23.778484344482422,23632947
2018-09-21,23.979998345871117,24.08075475218047,21.44669629836128,23.073190689086914,37031124
2018-09-24,23.20273534107627,23.289096561370133,22.223960019300275,22.367897033691406,21786213
2018-09-25,22.195171424795696,22.569408295459407,21.374726710352963,21.93608283996582,26192304
2018-09-26,22.655772180735507,24.843622655124676,22.526227058849987,24.239084243774414,142002327
2018-09-27,24.46938753745361,24.742869708561216,23.4618250250656,23.62015724182129,45255255
2018-09-28,23.778483689340153,23.97999648633247,22.69895202490601,23.116371154785156,22137960
2018-10-01,23.188343504422843,24.1383318224163,22.4830486230045,23.807273864746094,29322090
2018-10-03,23.821669758502257,24.397421209689934,23.36106991534009,24.0087890625,30933705
2018-10-04,23.648939674479344,24.0375700763857,23.1739447647255,23.67772674560547,24482433
2018-10-05,23.605759880344596,23.96560489585628,22.914860217916505,23.202735900878906,20945433
2018-10-08,22.742131335531404,22.95803765610439,21.64820619759288,22.209562301635742,29928747
2018-10-09,22.209565275292533,22.6701666954905,21.533059152848423,21.849721908569336,28296093
2018-10-10,22.166385073451668,23.548186065082298,22.065628665351788,23.447429656982422,26090592
2018-10-11,22.598196837921474,24.901197296435573,22.367896956793533,24.440597534179688,42896796
2018-10-12,24.757257620404886,25.160283192659005,24.411807835859,24.627714157104492,23021736
2018-10-15,24.88680369612121,25.361798641063135,24.267873384885792,25.117103576660156,17167395
2018-10-16,25.203468141571392,25.476950297656938,24.973168245517662,25.333011627197266,13062003
2018-10-17,25.50573170777582,25.692850949471456,24.426200155277016,24.613319396972656,11772090
2018-10-19,24.440594342971558,24.814832836366158,23.663331933843228,23.922420501708984,22909692
2018-10-22,24.152718900846452,24.75725725018743,23.82166265636958,24.383020401000977,18668121
2018-10-23,24.2822677238682,25.189073739358008,24.210298391108704,25.05953025817871,21949755
2018-10-24,25.33300688248754,25.44815680894756,24.18150761788732,24.383020401000977,20489004
2018-10-25,24.123935878115194,24.526961511954823,23.605760298497785,23.99439239501953,27339909
2018-10-26,23.95120926796371,26.196633798457206,23.476214350178868,25.404977798461914,72418194
2018-10-29,25.620885245726118,26.196634939227774,24.771653418289517,24.87240982055664,39264528
2018-10-30,24.872414648142005,26.19664002383728,24.872414648142005,25.865585327148438,53536695
2018-10-31,25.620881202316017,26.887531975355312,25.620881202316017,26.786775588989258,34635969
2018-11-01,26.87314363163806,28.35569935068667,26.829961373578183,28.067825317382812,58131714
2018-11-02,28.298127137412457,28.470852886990276,27.21859532063815,27.3481388092041,20519661
2018-11-05,27.362529331196658,27.837524266563694,26.786779641455173,27.376924514770508,12621051
2018-11-06,27.564040072982205,27.851915719940905,27.261770890760747,27.420103073120117,12935340
2018-11-07,27.62161503438924,27.62161503438924,27.39131353537585,27.477676391601562,1471155
2018-11-09,27.492075844736746,28.571607661866064,27.434501693015093,28.398881912231445,26676957
2018-11-12,28.41327406264983,28.585996489353334,27.2041973089106,27.36252784729004,13179546
2018-11-13,27.348136390652215,27.434499257803562,26.68602382121635,27.232986450195312,11296545
2018-11-14,27.477677595008227,28.19736754599705,27.11783426674836,27.578433990478516,16517217
2018-11-15,27.549652519297517,28.053434599047733,27.074659163557943,27.837528228759766,8838150
2018-11-16,27.923888092635064,27.938281630318595,26.36936296152615,26.72920799255371,17977203
2018-11-19,26.772388099265495,27.20420081054397,26.599662355860197,27.031475067138672,10805367
2018-11-20,27.045864302553053,27.636009125955294,26.570871054594498,26.743595123291016,21194664
2018-11-21,26.90193087170735,27.391317719687912,26.57087457829852,27.132230758666992,10910604
2018-11-22,27.146625161059315,27.276168645699276,26.82996239458676,26.98829460144043,10296039
2018-11-26,27.290564293480053,27.67919475399407,26.8011757743606,27.60722541809082,20503503
2018-11-27,27.348136103332575,27.492073115582834,26.65723646784975,26.815567016601562,13761777
2018-11-28,26.95950658016045,27.060262992441096,25.404981429594514,25.53452491760254,29465751
2018-11-29,25.620885094079075,25.678460886705782,24.037571387277655,24.41180992126465,80182452
2018-11-30,24.397419422596425,24.584537065652963,23.821668013582123,23.965606689453125,35208714
2018-12-03,24.224685510054794,24.886797924868965,23.72090360868127,24.526954650878906,30724905
2018-12-04,24.469384147434948,24.872409755448437,24.037571466630393,24.152721405029297,14637795
2018-12-05,23.908030276377286,24.152723712952405,23.317886991595856,23.807273864746094,16503828
2018-12-06,23.476219820172354,24.181514769663867,23.461826281012215,23.548189163208008,21612813
2018-12-07,23.692121674496867,23.764091003779235,23.03000911624997,23.05879783630371,21818304
2018-12-10,22.483045744145087,23.1163712083794,22.108808868316412,22.35350227355957,60029283
2018-12-11,22.022446986607143,22.972435225280268,21.590634300595237,22.670166015625,49626948
2018-12-12,22.85728014292939,23.576968391972937,22.814099539825236,23.087581634521484,24321090
2018-12-13,23.346671265606783,24.51256580472967,23.217127793978598,24.296659469604492,51720444
2018-12-14,24.440597481038353,24.440597481038353,23.38985283434641,23.720909118652344,29710962
2018-12-17,23.836060451719028,24.325447281018302,23.82166526800317,24.109540939331055,24032520
2018-12-18,23.979991758876757,24.354230207294382,23.850448314129988,24.28226089477539,26882103
2018-12-19,24.368628450627888,25.131499079544756,24.29666076656758,24.944379806518555,35638596
2018-12-20,24.714078443165555,26.18224052413271,24.58453332514482,25.9951229095459,62658462
2018-12-21,26.239813940297626,27.290558441906974,25.33300643239736,25.448156356811523,113350500
2018-12-24,25.448158429328537,25.721640551606285,25.10270862795237,25.318614959716797,33134253
2018-12-26,25.261044403722803,25.76482481789121,24.54135597989459,25.53452491760254,37833786
2018-12-27,25.980733904818603,26.052703248919027,24.656508515674773,24.800445556640625,74696946
2018-12-28,25.045137048536102,25.404980422569,24.929987102956183,25.304224014282227,22391712
2018-12-31,24.87240876036826,25.822396949578657,24.84362168872889,25.318614959716797,31537269
2019-01-01,25.44815735867895,25.54891375241232,25.07392050140823,25.1746768951416,10478028
2019-01-02,25.11710243853368,25.980727775038783,24.9731654315277,25.822397232055664,30694161
2019-01-03,25.937541699341416,26.153447987953548,25.433761457402618,25.563304901123047,39807891
2019-01-04,25.59209813003902,26.527691174509442,25.47694819153136,26.441329956054688,34527270
2019-01-07,26.628445555585,26.829958344487828,26.21102808969718,26.311782836914062,24057507
2019-01-08,26.340571170411284,26.441327563392424,25.923152063380055,26.153451919555664,14104692
2019-01-09,26.225420891377926,26.72920284954208,25.966332321221582,26.585264205932617,18285609
2019-01-10,26.455725757114575,26.772388526926125,26.3405758087499,26.59966278076172,17549421
2019-01-11,26.657235464563538,26.743596680322554,26.412540411542512,26.498903274536133,22185702
2019-01-14,26.455724747226903,26.64284402388969,25.82239923177957,26.369361877441406,15934200
2019-01-15,26.48451473990744,26.527695355941166,25.836795615992028,25.966339111328125,22043667
2019-01-16,26.052694108670032,26.268600417988388,25.44815578368487,25.59209442138672,17562354
2019-01-17,25.67846013704833,25.736034280759572,24.958771810015616,25.10270881652832,23812968
2019-01-18,25.304223198413204,25.404979603451345,24.77165409956436,24.858016967773438,11667606
2019-01-21,25.01635120700681,25.217865694016755,24.670901330493212,24.901201248168945,9151740
2019-01-22,25.030743090151354,25.16028657084511,24.282267632856094,24.5125675201416,19554852
2019-01-23,24.58453408583385,24.685290487837225,24.06636018665611,24.152721405029297,11639016
2019-01-24,24.16711777268179,24.267874179621536,23.720909886385943,23.836061477661133,13418628
2019-01-25,23.95120870720229,24.181508569182277,23.044401147517227,23.13076400756836,17708478
2019-01-28,23.130770507494496,23.34667689467642,22.756533538422158,22.94365119934082,13648203
2019-01-29,23.015615581518173,23.720908749045112,22.914859179409376,23.562578201293945,26089251
2019-01-30,23.706513879817066,24.368624707646244,23.60575584313951,24.181507110595703,23315919
2019-01-31,25.21786080251481,25.333009091782447,23.994390462230662,24.080753326416016,87060927
2019-02-01,24.224691476783264,24.814836370497247,23.96560451925279,24.354236602783203,29213256
2019-02-04,24.325448328024397,24.325448328024397,23.50500353540574,23.836061477661133,11287905
2019-02-05,23.490610545083232,23.95121029966751,22.81410280239859,22.972434997558594,15855786
2019-02-06,23.030010313260874,23.6633358316065,22.540623460961363,23.57697296142578,18884961
2019-02-07,23.60576129552803,23.8936369957488,23.188343753974927,23.5050048828125,16189332
2019-02-08,23.447213943226092,23.64946986573983,22.970469021093106,23.11493682861328,10374135
2019-02-11,23.071598893662653,23.086045510280552,21.93029799444648,22.175893783569336,24270603
2019-02-12,22.204790240867137,23.100493761012658,22.002534287290523,22.45038604736328,26343552
2019-02-14,21.699150069516335,22.08921535386324,20.947914389028906,21.525787353515625,53580390
2019-02-15,21.670253040913163,22.031423373825348,21.424655627356138,21.699146270751953,30063423
2019-02-18,21.829170110350077,22.04587266708629,21.626915823597674,21.75693702697754,12307260
2019-02-19,21.814722554815564,22.248127649635137,21.713594589137045,21.959190368652344,17095686
2019-02-20,22.47927664009635,22.7537673029139,22.04587154861228,22.392595291137695,37576563
2019-02-21,22.305915951731286,22.522618500934236,21.97363881984072,22.378149032592773,14611077
2019-02-22,22.768214807859035,22.8982360097192,22.537065637150015,22.695980072021484,31188135
2019-02-25,22.695981884030605,23.49055908175351,22.277025011989995,23.374982833862305,66028140
2019-02-26,22.970474708699747,23.27385866758977,22.363706790919704,23.028261184692383,45772245
2019-02-27,23.114938406527212,23.909513882092664,23.028257054774244,23.30274772644043,42834909
2019-02-28,23.40387892289595,24.039540052354145,23.129388213366937,23.837284088134766,71638554
2019-03-01,23.981750744177376,24.646305077701722,23.981750744177376,24.55962371826172,34016796
2019-03-05,24.790777230276476,26.336588635698554,24.602967873487746,26.047651290893555,59932653
2019-03-06,26.24990053852552,27.131157312990123,26.01875138325374,26.611072540283203,51195621
2019-03-07,26.798886588333197,26.798886588333197,25.686480393239144,25.81650161743164,34017735
2019-03-08,25.42643307090298,25.71537037397325,25.07970929920427,25.195283889770508,36310506
2019-03-11,25.354201564487926,26.582182285738888,25.224180348665264,26.481054306030273,42558603
2019-03-12,26.639963784225966,27.073368831359122,26.20655873709281,26.35102653503418,45229077
2019-03-13,26.379927160022827,27.261185769137295,25.411988839826833,27.044483184814453,63010848
2019-03-14,27.304520293617095,27.36230675638895,26.336582162405826,26.92890167236328,45891693
2019-03-15,26.885567642652273,27.57901526581448,26.683311672569243,27.434547424316406,63556005
2019-03-18,27.62235510088564,27.78126955156786,26.986693991537862,27.261184692382812,35936859
2019-03-19,27.290075959144346,28.026863340929843,27.001138661204784,27.940183639526367,48370725
2019-03-20,27.925734707392753,28.214670328068262,26.88556184369518,27.015583038330078,54651846
2019-03-22,27.16005158963462,27.27562617171971,26.16322019915976,26.307689666748047,41619885
2019-03-25,26.148774437630976,26.90001007238981,26.00430661863057,26.52439308166504,30160203
2019-03-26,26.6544159611644,26.943351617344746,26.495499862286756,26.697755813598633,20409297
2019-03-27,27.047124805764856,27.425610773224047,26.654083607937995,26.814212799072266,27294354
2019-03-28,27.04712472464767,27.134467768101686,26.683197320507592,26.91611099243164,49917378
2019-04-01,27.309153339276932,28.400937197008844,27.03256898381416,27.920551300048828,65733300
2019-04-02,28.06611657183181,29.63828769254378,27.9642183194164,29.3617000579834,106871754
2019-04-03,29.711074265602353,29.75474494830599,28.168020153723877,28.313589096069336,61986711
2019-04-04,28.328149785825048,28.823090861619598,27.978777654758556,28.34270668029785,37349862
2019-04-05,28.575625744266286,28.63385333320277,28.037010551023197,28.18258285522461,20317581
2019-04-08,28.211693930805925,28.371823116809093,27.498396039497084,27.658523559570312,20624223
2019-04-09,27.702194550777225,28.051565052346366,27.134467277486124,27.891437530517578,27228855
2019-04-10,27.818655014038086,28.18258243728447,27.62941202094073,27.818655014038086,21749289
2019-04-11,27.774977839158506,27.80409162814487,27.04712145299086,27.1635799407959,53425362
2019-04-12,27.236364527732956,27.42560748879927,26.785094132828508,27.352821350097656,41529546
2019-04-15,27.556623622821917,27.876880328898316,27.38193920691748,27.658523559570312,20654934
2019-04-16,27.67308015786174,27.8477662378179,27.338266559554036,27.411052703857422,13209351
2019-04-18,27.411053783024432,27.52751061893678,26.828767937532717,26.930667877197266,16277727
2019-04-22,26.755982202738,26.755982202738,25.795212102027097,26.028125762939453,22971246
2019-04-23,25.999013385147762,26.15914257693603,25.591413623428537,25.736984252929688,24354744
2019-04-24,25.76609971157392,25.969899592433535,25.474956786641616,25.736984252929688,20413533
2019-04-25,25.780660069988443,26.08635993232997,25.22748960448339,25.34394645690918,48818151
2019-04-26,25.474956844171697,25.78065666615148,25.1983724809019,25.664199829101562,21338169
2019-04-30,25.620523125533545,25.6933092610598,24.834439192382966,25.3730525970459,22789725
2019-05-02,25.271155063975364,25.984454594997473,25.111027549787476,25.69331169128418,24345006
2019-05-03,25.6933137931658,25.99901361718353,25.474957014000285,25.751543045043945,26423517
2019-05-06,25.518625615870228,25.751540938398794,25.387611892274705,25.69331169128418,11389035
2019-05-07,25.911667796401364,26.013567726824014,25.16925449358771,25.242040634155273,18255918
2019-05-08,25.2420386906422,25.416724748182443,24.92178202910489,25.30026626586914,15589908
2019-05-09,25.285714444994767,26.523068910515498,25.11102836391728,26.188255310058594,29622102
2019-05-10,26.231923894271524,26.421166855944975,25.85343963685443,26.115467071533203,20809257
2019-05-13,26.115465646484004,26.34837927925119,25.154695661872076,25.30026626586914,18117831
2019-05-14,25.300271246595297,26.144584581038984,25.038243774630722,25.940786361694336,17664834
2019-05-15,25.940788053336735,26.14458628597141,25.780658847637174,25.911672592163086,14422137
2019-05-16,26.05724341194478,26.100915771037897,25.2274885803374,25.984458923339844,12642906
2019-05-17,25.911670035060155,26.90155396902353,25.80977009583378,26.770540237426758,20954694
2019-05-20,27.687642475732613,29.14335223185101,27.687642475732613,28.910438537597656,51849138
2019-05-21,29.085121807251703,29.085121807251703,27.818653509910167,28.22625160217285,25111281
2019-05-22,28.531947942892128,29.769304035119813,28.182579123671676,29.434492111206055,45689826
2019-05-23,30.278806546743812,31.341476721791285,29.507280984936358,29.885766983032227,77956989
2019-05-24,30.0167804995674,32.75352067045591,29.987666703219492,32.549720764160156,108593046
2019-05-27,32.46235738185691,34.281998594300845,31.8655182361046,32.899070739746094,68298933
2019-05-28,32.88453249290092,33.39403053704208,32.47693272484398,32.82630157470703,35917173
2019-05-29,32.98642319606361,33.08832144875433,32.025651582826065,32.666168212890625,32644272
2019-05-30,33.77251351682533,33.77251351682533,32.418702129904204,33.01554489135742,105093189
2019-05-31,33.146563625891055,33.46681871797473,31.923764186603368,32.50605010986328,49922292
2019-06-03,32.60794419046185,32.811744070717616,32.21490132626431,32.375030517578125,31057965
2019-06-04,32.25857258899186,33.24845478114881,32.25857258899186,32.94275665283203,28189440
2019-06-06,32.89908748162939,32.94276150513021,30.919322805706408,31.108562469482422,41677017
2019-06-07,31.3560369871676,32.02566093555262,30.555394297627693,31.530719757080078,39082830
2019-06-10,31.603505807932237,31.88009017667679,30.96299235851427,31.356035232543945,15825306
2019-06-11,31.45792495585958,32.360465631942546,31.312352696799394,32.15666580200195,23772855
2019-06-12,32.02566028298545,32.287691096235456,31.07944863779885,31.152233123779297,20186847
2019-06-13,31.225018837775295,32.09844593813265,31.210461941560006,32.040218353271484,18529365
2019-06-14,31.952870173717052,32.491485270763725,31.690842738440654,32.25857162475586,24943608
2019-06-17,32.316807801721126,32.680733596265945,31.574395982263624,31.734521865844727,32924067
2019-06-18,31.836418050552663,32.22946090685281,31.66173196643483,31.967430114746094,23424801
2019-06-19,32.18579178646338,32.60794849907001,30.875650953931192,31.326921463012695,32430930
2019-06-20,31.443379214900084,32.3022495174311,31.34147759785961,32.200347900390625,16063953
2019-06-21,32.24401883910607,32.98643396421673,31.71996384761886,32.46237564086914,33804483
2019-06-24,32.56426390060954,33.539592325390664,32.46236232459527,33.40857696533203,42151767
2019-06-25,33.46681187035673,33.56871346871091,32.79718469495691,33.16111373901367,33003267
2019-06-26,33.14656433253912,33.5832779513292,33.0446627111625,33.30669021606445,21223506
2019-06-27,33.626933648358644,33.94718860442785,33.36490626032765,33.46680450439453,51050244
2019-06-28,33.48137587641327,33.8016343028467,32.520607260833884,32.75352096557617,20912469
2019-07-01,32.97186944733142,33.6123828066221,31.967427058576156,32.273128509521484,33367893
2019-07-02,32.31681075912105,32.85542271690469,32.31681075912105,32.63706588745117,14009295
2019-07-03,32.811745076820856,33.14656036602887,32.287690129728425,32.92820358276367,25226940
2019-07-04,32.957317256759545,33.32124633816839,32.70984668087116,33.07377243041992,12187362
2019-07-05,33.2630071353556,33.408579398036515,31.210455224036927,31.559823989868164,30916248
2019-07-08,31.472485380966628,31.95286955836534,29.332588592343775,29.463603973388672,53678784
2019-07-09,29.40537199967908,31.472484241705654,29.114230791279894,31.254127502441406,71879163
2019-07-10,31.28324339543616,31.28324339543616,30.075004467185366,30.235130310058594,24602505
2019-07-11,30.424378317045306,31.210464094331936,30.031335428401988,31.094005584716797,28447611
2019-07-12,30.977546282666665,31.181346148464456,30.366146685273293,30.87564468383789,58318251
2019-07-15,30.788305940579736,30.788305940579736,29.46360836573317,29.943992614746094,30095892
2019-07-16,29.958545655160318,30.628172804654653,29.842087166098008,30.002216339111328,23451318
2019-07-17,30.1332340681186,30.395261524078094,29.725634322466114,30.07500648498535,16754862
2019-07-18,30.220574420622235,30.2496882112041,27.92054998012746,28.10979461669922,43257153
2019-07-19,28.386375723892545,29.099673507432986,27.309148935836255,28.692073822021484,63753267
2019-07-22,28.64841169078744,29.623737182631505,27.891441334515928,29.259811401367188,41161548
2019-07-23,29.390820430426157,29.812973711890475,28.604734783034033,28.779420852661133,30391386
2019-07-24,28.86676343337081,29.172464901016486,27.905995007878204,28.41549301147461,24861369
2019-07-25,28.590177828507766,29.18701717835265,28.2990366009771,28.866762161254883,40596891
2019-07-26,29.085122390394403,29.085122390394403,28.48827963737015,28.721193313598633,21059481
2019-07-29,28.546508193764737,28.619292670358657,26.828766225340217,27.00345230102539,41593818
2019-07-30,27.192692146098707,29.230688909118722,27.14901979923282,28.64840316772461,114516858
2019-07-31,28.357263986228137,30.133231792555947,28.24080549689633,29.900318145751953,68598411
2019-08-01,29.507271198878136,29.63828656457105,28.153460191441027,28.75029945373535,38784582
2019-08-02,28.24080206820135,28.72118619817028,27.440161296276603,27.760417938232422,41095086
2019-08-05,27.643967454849125,27.643967454849125,26.55218357696464,26.930667877197266,70443657
2019-08-06,26.90155405397665,28.44460837750036,26.90155405397665,28.22625160217285,42197172
2019-08-07,28.211690067575663,28.64840354642934,27.425606138824985,27.614849090576172,33700071
2019-08-08,27.716751687154595,28.357265073386426,27.221808919273677,28.240806579589844,31400160
2019-08-09,28.16802244682775,28.79397894544967,28.09523463786999,28.430049896240234,17455608
2019-08-13,28.43005234800486,28.66296602666428,27.192697805402926,27.440168380737305,22317750
2019-08-14,27.367380634212985,27.949666462808114,26.81421192912851,27.673080444335938,21367104
2019-08-16,27.67307904445265,28.09523399982337,27.381937810812833,27.978778839111328,16438485
2019-08-19,28.06612832138395,28.648414288816962,27.774987003597783,28.488285064697266,20751876
2019-08-20,28.710499089071863,28.84383093965483,27.25867826443595,27.65867042541504,27155040
2019-08-21,27.73273773218817,28.236429701827714,27.11052820987332,27.243858337402344,25750647
2019-08-22,27.510525893885205,27.91051635798154,27.288308404258945,27.643856048583984,35013807
2019-08-23,27.791998788007895,29.910473642760678,27.49570825471269,29.599367141723633,51949131
2019-08-26,30.20675902997718,31.110443103601956,29.68825277517355,30.28083038330078,51918060
2019-08-27,30.221577164813144,31.051189991189723,30.14750241124904,30.7104549407959,27645471
2019-08-28,30.57712848968757,30.977117265735078,30.443796637158492,30.725271224975586,26066439
2019-08-29,30.59194412692453,31.510446182309472,29.851220163054496,31.021568298339844,60333249
2019-08-30,30.81416055039869,31.1104528379402,29.82159054221434,30.488243103027344,26464308
2019-09-03,29.999357865563855,30.75489589253695,29.747511856572824,29.880840301513672,20432799
2019-09-04,29.895652782178523,31.762281416448875,29.895652782178523,31.55487823486328,51820020
2019-09-05,31.703030301720457,32.42894334695327,31.466001899385148,31.954879760742188,46413759
2019-09-06,31.85117926760648,32.44376049828869,31.68822222655456,32.310428619384766,29489361
2019-09-09,32.50300216674805,32.85855141444252,32.22152765693846,32.50300216674805,30785802
2019-09-11,32.503007176274146,32.99188492412564,31.76228341864368,31.984500885009766,28361922
2019-09-12,32.14745989557074,32.6511553375761,31.71784259829534,31.999317169189453,26803833
2019-09-13,32.028941790818614,32.53263378035045,31.22895760328162,32.19190216064453,22195425
2019-09-16,32.88818295469061,33.59927812420575,32.20671632672578,32.384490966796875,53785869
2019-09-17,32.577082139522155,33.31780590201725,31.8363549862576,32.014129638671875,55784604
2019-09-18,32.3104209735252,32.71041312481325,31.303036849597962,31.673397064208984,34163946
2019-09-19,31.91043516968242,31.91043516968242,30.799347641361585,30.903047561645508,20922834
2019-09-20,31.228957912691236,32.87336911652769,30.725265918168933,32.0289421081543,63740280
2019-09-23,32.66597558566628,34.265941058646895,32.11783722547784,33.317813873291016,60392520
2019-09-24,33.3326226605094,33.554840144912795,32.74004157184377,33.14003372192383,33511350
2019-09-25,33.03633032479638,33.05114798843196,31.96968911537525,32.280792236328125,18553128
2019-09-26,32.22153122360642,33.12521532152754,31.79191058124038,32.88818359375,24021438
2019-09-27,32.725232863728294,32.9622646613469,31.9548803691604,32.043766021728516,18383574
2019-09-30,32.10302151956094,32.26598193189788,31.14008010176743,32.08820724487305,23611185
2019-10-01,32.17708960670281,32.947441902927785,31.303034018411925,31.747468948364258,30449868
2019-10-03,31.466000935895092,31.762289820512084,30.903048325275666,31.228965759277344,20914977
2019-10-04,31.406737591479242,31.851172573390595,30.888231242839264,31.09563446044922,26160762
2019-10-07,31.140075602762636,31.480807262126614,30.666012099700797,30.917858123779297,18641931
2019-10-09,31.1104515617386,31.59932940812618,30.828976951813953,31.228965759277344,20174292
2019-10-10,31.14007345120175,31.540065563889037,30.78452415308652,31.30303382873535,13718334
2019-10-11,31.317846402204886,31.525249583065133,30.81415102539045,31.12525749206543,18654189
2019-10-14,31.28822239123632,32.63634156664831,31.25859045473488,32.280792236328125,33280899
2019-10-15,32.57707903642343,32.93262491661532,32.043755129981875,32.74003601074219,25630197
2019-10-16,32.88818789778315,33.36225141537829,32.63634186598384,33.16966247558594,31470330
2019-10-17,33.16965267714027,33.62890178606968,33.08076706538699,33.540016174316406,24550347
2019-10-18,33.46595165192964,35.851083294446894,33.45113398951535,34.5325927734375,77943672
2019-10-22,34.606660674322455,34.977020782925074,33.96963694734194,34.177040100097656,28561275
2019-10-23,34.17704776202961,34.532593681626416,33.569652436307756,33.76224136352539,32842875
2019-10-24,33.910392867605154,34.428899252811725,33.36225454284758,34.354827880859375,21415911
2019-10-25,34.369635025532865,34.739998626544235,33.96964626973343,34.57704162597656,22725063
2019-10-27,34.60666773307416,34.79925665639906,34.44370735321934,34.56222152709961,2065533
2019-10-29,34.75481031076575,35.67330871772478,34.5770390506597,35.16961669921875,27978864
2019-10-30,35.52516971631129,36.177007910513225,34.87333152210935,35.36220932006836,28093326
2019-10-31,35.51036366946067,35.673320712684635,34.858525324253065,35.00666809082031,23706222
2019-11-01,35.19924584293119,36.07330144977167,34.9918426451672,35.673309326171875,25696773
2019-11-04,35.86589204566096,36.17699848385685,35.273314489536325,35.40664291381836,32659980
2019-11-05,34.16222777136896,34.33999900602438,33.06595487048243,33.36224365234375,62888307
2019-11-06,33.31781164883088,33.33262592318985,32.04376370933917,32.414127349853516,50423022
2019-11-07,32.458568715635685,32.66597193811951,31.91043380742335,32.2659797668457,26145681
2019-11-08,32.19189669157081,33.42149791485707,32.19189669157081,32.42892837524414,40157721
2019-11-11,32.340049119288146,32.6363413562346,31.925242700178845,32.251163482666016,22302711
2019-11-13,32.23635543508029,32.47338723594902,31.762291833342832,32.32524108886719,26958765
2019-11-14,32.42893377912234,32.858554413140304,32.23634486827609,32.384490966796875,17998971
2019-11-15,32.50300816681945,33.28817815426713,32.473379622503614,32.962257385253906,16088199
2019-11-18,32.90300622068326,33.2733698728528,32.45857119438788,32.56227111816406,17733186
2019-11-19,32.51782702525427,33.18447953869299,32.473384202512364,33.021522521972656,11950386
2019-11-20,33.16966156154339,33.40669331380918,32.71041232960533,32.82892990112305,20834538
2019-11-21,32.769664338264896,32.99188178347708,32.5030040821641,32.71040725708008,12233283
2019-11-22,32.651145790610926,32.828920401058085,31.99930781281711,32.42892837524414,17271447
2019-11-25,32.1030174451013,32.280792109563286,31.080819058291883,31.62895393371582,33287655
2019-11-26,31.984501190579902,32.23634720276493,30.39935036746038,30.562307357788086,31860954
2019-11-27,30.666012356288075,30.962301200488408,30.399352057430807,30.53268051147461,12796782
2019-11-28,30.532683921948546,31.184522164614776,30.295652141958104,30.903047561645508,22439826
2019-11-29,30.977117512957996,31.228963555727425,30.41416833283101,30.547496795654297,14661717
2019-12-02,30.606757281012314,30.695642922894503,29.85121576193414,30.547496795654297,20186343
2019-12-03,30.443795058282156,30.577126903896378,29.762328338989928,29.92528533935547,26022180
2019-12-04,29.9845467649812,30.162321434472688,29.65862597245184,29.999361038208008,18411348
2019-12-05,30.162319705616497,30.606754658486015,30.058616408203157,30.236391067504883,19073526
2019-12-06,30.369721193820926,30.814156171201425,30.073432339157186,30.414167404174805,24794031
2019-12-09,30.45860757384031,31.110445710006022,30.236390104483124,30.369718551635742,18155055
2019-12-10,30.473418407546323,30.48823267778073,28.962339108252888,29.54010581970215,35565381
2019-12-11,29.83640077680341,29.83640077680341,28.606799139571606,29.169748306274414,39852759
2019-12-12,29.421595497539855,29.466041709935034,28.93271767812235,29.273452758789062,32591919
2019-12-13,29.569731191403715,29.98453749505368,29.1845534250475,29.62898826599121,28292490
2019-12-16,29.74751269575156,30.31046181625482,29.480849016808403,29.940101623535156,19226304
2019-12-17,29.940099400102817,30.05861356792568,29.628992928029252,29.68825340270996,12393666
2019-12-18,29.73270055528235,29.851214740402956,29.52529734055151,29.7623291015625,13404162
2019-12-19,29.703065556538427,29.86602593505162,29.480848091572955,29.65862274169922,10160163
2019-12-20,29.673441544186144,29.747516304331484,29.184563724768644,29.273452758789062,10121097
2019-12-23,29.243816696021174,29.643805378629963,29.184556224979552,29.288259506225586,22862667
2019-12-24,29.288259623360172,29.569734146549578,29.18455634169939,29.51047706604004,11035944
2019-12-26,29.510476948016723,29.836394280284825,29.14011341477514,29.288259506225586,22525710
2019-12-27,29.42158826705777,30.147497680851117,29.377145456354544,29.54010581970215,17607090
2019-12-30,29.6734386081919,29.86602754028245,29.510481611689563,29.614181518554688,9577833
2019-12-31,29.68825839073584,30.221579017082295,29.510483718363737,29.64381217956543,22468632
2020-01-01,29.71788141409096,29.91047032413396,29.451217759711906,29.67343521118164,15438294
2020-01-02,29.821583593080973,30.75489628258122,29.59936612459189,30.562307357788086,26262750
2020-01-03,30.577125281022347,30.784525088661702,29.732698215412665,29.910472869873047,21950223
2020-01-06,29.480851293273844,29.895657725027757,28.34013699672037,28.725313186645508,36402729
2020-01-07,29.140117916554583,29.332706847961997,28.23643373971413,28.547536849975586,33298260
2020-01-08,28.162362186448874,28.78457013558322,27.984589213289727,28.2808780670166,20424309
2020-01-09,28.740123748779297,28.814195105324483,28.384576151208368,28.740123748779297,41681037
2020-01-10,28.740126496478315,29.21419000522905,28.740126496478315,28.799386978149414,23088681
2020-01-13,29.095675581275557,29.40677869668853,28.903086646679093,29.036415100097656,28538664
2020-01-14,29.288260151535344,29.68825223372625,29.021599893664455,29.584548950195312,21417702
2020-01-15,29.688258813894567,31.006746125086778,29.48085220086266,30.76971435546875,39241374
2020-01-16,31.406745411661422,31.777109119063574,30.91786748798381,31.332674026489258,54250446
2020-01-17,31.288223538243205,32.28079341972201,31.02156322611232,32.177093505859375,33279852
2020-01-20,32.295605682720115,32.295605682720115,30.710454791250022,31.11044692993164,28115967
2020-01-21,30.81415102539045,31.40673202652961,30.76970821322809,31.12525749206543,17126625
2020-01-22,31.125260125608225,31.125260125608225,29.628994920823484,29.910472869873047,46807380
2020-01-23,29.954921824233146,30.97712036300518,29.673443817502406,29.969736099243164,64975338
2020-01-24,30.028998835595694,30.710465786275496,30.0141845578051,30.17714500427246,20621760
2020-01-27,30.13269753383488,30.666018233766163,29.925290895142325,30.11787986755371,24177363
2020-01-28,30.10305638085925,30.236388210429247,29.45121828552568,29.68825340270996,32134050
2020-01-29,29.895657767927,29.969732524912786,29.54011181932044,29.79195785522461,28345554
2020-01-30,29.999361487806958,30.65119969186495,29.71788690150937,29.851215362548828,33639177
2020-01-31,28.517908484979777,29.332707032814497,26.6364670622736,26.858684539794922,169747995
2020-02-03,25.184648385621713,25.910559662847263,23.925416474956112,24.74021339416504,76345218
2020-02-04,25.051316145968688,25.80685590775089,25.021687601102467,25.14020347595215,44426844
2020-02-05,25.184645919690666,26.117960327596048,25.05131577438555,25.747596740722656,45829710
2020-02-06,26.029075350229032,26.073518170883823,25.377237141649196,25.77722930908203,31688880
2020-02-07,25.80685729974914,26.07351760869813,25.540196990800155,25.940187454223633,30367869
2020-02-10,26.029073870772045,26.029073870772045,25.43649448546493,25.62908172607422,37802355
2020-02-11,25.870017609881604,26.261530461590528,25.68931831015365,25.809783935546875,40352259
2020-02-12,25.71942880141939,25.794720447463988,25.14721677199772,25.297800064086914,23629242
2020-02-13,25.297801935139532,25.749548398267024,25.04181100896489,25.659198760986328,25245033
2020-02-14,25.674255634798513,25.82483720822789,24.89122835106909,25.011693954467773,28646769
2020-02-17,25.0267557608798,25.162279360655468,24.243726688229128,24.394309997558594,36810129
2020-02-18,24.3190155679405,25.267682381397364,23.957618768684355,24.936403274536133,45656493
2020-02-19,25.071930794591527,25.568851256164866,24.68041624148126,25.50861930847168,29175999
2020-02-20,25.493553580536556,26.23140682854131,25.252624123358906,26.065767288208008,38155335
2020-02-24,25.80978035841252,25.80978035841252,24.469598953790065,24.6804141998291,25592289
2020-02-25,24.755702544527196,25.237564914946745,24.755702544527196,24.846052169799805,17040831
2020-02-26,24.7255906863215,24.906288243620935,23.882329674670633,24.183494567871094,19537644
2020-02-27,24.243727207851496,24.319018864129976,23.234826596134717,23.325176239013672,42868818
2020-02-28,23.054126366131975,23.054126366131975,21.93981825386887,22.271099090576172,52332150
2020-03-02,22.888483348993066,23.159532225696154,21.68382741900971,21.969932556152344,27625068
2020-03-03,22.10545812645446,22.632496220400654,21.75911929994009,22.436738967895508,57863331
2020-03-04,22.496972911030582,22.64755448691106,21.247141178377547,22.54214859008789,61044003
2020-03-05,23.03906850102985,23.03906850102985,21.87958470488941,22.01511001586914,46784883
2020-03-06,21.35255511619887,21.729010028922254,20.825516859764964,21.533252716064453,29644698
2020-03-09,21.051385663060206,21.23208494766996,20.37376593068776,20.991153717041016,51248196
2020-03-11,20.930914415450744,21.126671633889032,20.358702465864358,20.735158920288086,36373143
2020-03-12,19.922018270751988,20.102717544734155,18.79265211655344,19.77143669128418,71924844
2020-03-13,18.069858078522188,21.24714122755888,18.069858078522188,21.05138397216797,65882406
2020-03-16,20.629754716007934,21.06644320861085,19.575680173250728,19.84672737121582,41016261
2020-03-17,19.87684548292507,21.503132151308503,19.831671523410677,20.991153717041016,37733433
2020-03-18,21.051385036494793,24.138318706554475,20.223183740448547,22.527090072631836,98464686
2020-03-19,20.79539843860203,21.834415116479498,18.943236625338823,19.44015884399414,60526506
2020-03-20,19.575682832877185,21.68383392808905,19.42510122724644,21.473018646240234,55460706
2020-03-23,19.590736965993578,20.373764263084503,17.211539104176207,17.904216766357422,24523071
2020-03-24,18.672180467123596,19.123926782644936,16.865195205038233,17.60304832458496,27422100
2020-03-25,17.407294609251647,19.078756655577575,17.04589782922123,18.882999420166016,18227226
2020-03-26,19.04864125226415,20.614695877066644,18.40113925651534,20.283416748046875,37021584
2020-03-27,22.286155800472333,23.11435698322231,20.705043354955947,22.030166625976562,47228853
2020-03-30,21.879586826474963,22.85837145173563,21.292316740628994,21.864530563354492,46529544
2020-03-31,22.572261823990818,22.82825098893478,21.864526262898345,22.42167854309082,21484521
2020-04-01,22.225923872929194,22.96377542870339,20.298470901652887,20.795392990112305,28985310
2020-04-03,21.608538590328806,21.65371254735587,20.629754011925062,21.066442489624023,27952953
2020-04-07,21.92476248500284,21.98499443052329,20.629754977000236,20.780338287353516,37884333
2020-04-08,20.78033599957119,21.473013636453445,19.605795958471,19.9973087310791,50097555
2020-04-09,20.29847171266873,21.51818742163307,20.193065820440236,21.12667465209961,29167602
2020-04-13,21.984991940324804,22.1355752336218,21.111616766271293,21.23208236694336,29985114
2020-04-15,21.683826391160032,22.060281136025772,20.75021593558291,20.96103286743164,34458015
2020-04-16,21.23208215826551,21.744060525270882,21.14173252783048,21.38266372680664,70586814
2020-04-17,21.834415533719795,22.01511483909772,21.277261352626866,21.473018646240234,59145438
2020-04-20,21.774177241456407,23.279998029188906,21.51818634615401,22.69272804260254,104546547
2020-04-21,22.572264659516343,23.204708659606368,21.77417937428363,22.858369827270508,62019870
2020-04-22,22.873427999562345,23.400466106675292,22.557205135294577,23.069185256958008,31721535
2020-04-23,23.099298263274335,23.822093535018812,22.798135146383572,22.88848304748535,39150099
2020-04-24,22.617438957068448,23.40046626880015,22.090402569580018,22.451799392700195,72877884
2020-04-27,22.647556273540403,22.843313543921166,22.03017021277749,22.18075180053711,21745512
2020-04-28,22.36145239199101,22.436742328635138,21.894647891692667,22.060287475585938,14137194
2020-04-29,22.271097816475617,22.31627349174157,21.72900177621484,22.030166625976562,29327631
2020-04-30,22.316275132605295,22.42168102833255,21.488072165683672,21.713945388793945,51318042
2020-05-04,21.24714272319461,21.292316682260434,20.178008459209362,20.313533782958984,36058335
2020-05-05,20.65987064732174,20.65987064732174,19.620852456209665,19.696144104003906,25048227
2020-05-06,19.666025678588646,19.83166693839792,18.898056481463144,19.169103622436523,31888788
2020-05-07,19.093819889795455,19.379926829707863,18.83783064895758,18.86794662475586,26103246
2020-05-08,19.12393352677397,19.1992251803379,17.919275686131346,17.979509353637695,39644082
2020-05-11,18.220441735775662,18.672188239334364,17.874102864599067,18.115034103393555,43531365
2020-05-12,17.979509220706486,18.431255692197986,17.39223915242274,18.235498428344727,40166454
2020-05-13,19.39498067901411,20.05754412699895,18.74747866360527,19.786495208740234,84071691
2020-05-14,19.41003652063871,19.72625761068242,19.048638034973276,19.169103622436523,33954891
2020-05-15,18.988411494892578,20.720105883461805,18.747480251550442,20.40388298034668,100684062
2020-05-18,21.38266590251188,21.623597126003006,19.27451511205047,19.425098419189453,128706990
2020-05-19,19.741323628863487,20.07260280785034,18.566781621466586,18.76253890991211,63288999
2020-05-20,18.852885142801163,19.334747559373785,18.581836241022113,19.03358268737793,50209938
2020-05-21,19.39497732309714,19.696142161293082,18.792649369981,18.97334861755371,61140009
2020-05-22,18.822765866196928,19.13898869670488,18.521602742806696,18.988407135009766,34434273
2020-05-26,19.138987565643347,19.66602558534344,19.078755633835158,19.57567596435547,32415078
2020-05-27,19.59073885019746,20.208126645396515,19.33474962939596,20.072601318359375,48061671
2020-05-28,20.16294815235288,21.201964600773803,19.937074936466768,20.976091384887695,70314837
2020-05-29,20.780334700009327,21.217023122750643,20.47916985456944,20.840566635131836,40149138
2020-06-01,21.08150208483351,21.38266699116866,20.84057084907584,20.90080451965332,47417268
2020-06-02,20.961035123541283,21.201964600773803,20.674928245890136,20.976091384887695,21847401
2020-06-03,21.17185069181375,22.34639256268458,20.930919467859745,22.165693283081055,72952329
2020-06-04,22.165690100493507,22.52708688453455,21.59347809494291,21.924758911132812,30651105
2020-06-05,22.105457810584568,22.391564692717377,21.93981825386887,22.271099090576172,28620174
2020-06-08,22.647552157015593,23.310113779969356,22.331329329250053,22.48191261291504,45790467
2020-06-09,22.692729128377987,22.933660328080922,21.849468206141847,22.000051498413086,35356647
2020-06-10,22.180749670722783,22.451798570595052,21.608537624249212,22.12051773071289,28261539
2020-06-11,22.240984520358943,22.49697372560747,21.171850295395775,21.277257919311523,31884348
2020-06-12,20.298470217753152,21.759117019362538,20.298470217753152,21.653709411621094,42305706
2020-06-15,21.668770062197364,21.84946759528477,20.91585879171833,21.367605209350586,27797562
2020-06-16,21.939819634417372,21.954877620223048,20.84056943784285,21.277257919311523,31937172
2020-06-17,21.427839243584405,21.92476138559045,21.277257664058084,21.57842254638672,35644017
2020-06-18,21.66877102213486,23.26494153870988,21.578421389950705,23.14447593688965,100177014
2020-06-19,23.325178357996286,24.544894339477384,23.024015152075314,24.108205795288086,85894965
2020-06-22,24.66535675028171,24.96652164020879,24.15337833300931,24.48465919494629,68067777
2020-06-23,24.650292444413044,25.22250438227707,24.24372003341268,25.08698081970215,66445521
2020-06-24,25.327914540219354,25.77966094330662,24.710528593528778,24.846052169799805,69841656
2020-06-25,24.680412781881206,25.583905656840145,24.394307623891354,25.20745086669922,60786960
2020-06-26,25.583906269063792,26.03565271735357,25.23756744026003,25.689313888549805,46124379
2020-06-29,25.583904672235448,26.71327072247011,25.38814915393038,26.366931915283203,69975135
2020-06-30,28.038396898528998,28.369677755560964,26.502458222901158,26.69821548461914,186678036
2020-07-01,26.698212203446538,26.893969441106233,26.366931387128517,26.71327018737793,35384595
2020-07-02,27.08972871049139,27.25536826943544,26.65304025062626,26.818679809570312,27362040
2020-07-03,27.405947553363625,29.499041767432452,27.255365992062437,29.273168563842773,205331484
2020-07-06,29.574339268129,31.185568073916773,29.212940671116666,30.778995513916016,132074268
2020-07-07,30.628414053359187,31.140392500522974,30.02608423833855,30.73381996154785,93081504
2020-07-08,30.417592983435224,31.742716405718074,30.282071111995027,31.185564041137695,68150529
2020-07-09,30.89945769952444,31.004863595554372,29.9658453876428,30.07125473022461,54329937
2020-07-10,30.071253130895283,30.568173507425893,29.619506707403513,30.026079177856445,36404634
2020-07-13,30.327246027738255,30.52300329478035,29.423753070037595,29.664684295654297,32371863
2020-07-14,29.9056112592403,30.161600434565962,28.776246946343115,29.24304962158203,57521871
2020-07-15,29.965845592413856,29.99596500946582,28.731073569151757,28.9418888092041,37963695
2020-07-16,29.062353482409105,29.13764685726098,28.35461954001024,28.444969177246094,36942912
2020-07-17,28.429904999803238,29.6496206025869,28.32449911675071,29.514095306396484,30369327
2020-07-20,29.514098794812288,30.08631256724168,29.00212040922673,29.137645721435547,34037145
2020-07-21,29.39363779360733,30.35736271889224,29.092474616093845,29.89055824279785,42519072
2020-07-22,30.08631765261234,30.10137564023053,29.062357261813418,29.48398780822754,26700693
2020-07-23,29.514099615683996,31.170505592197742,29.37857774625779,30.869338989257812,63984771
2020-07-24,31.00486439689573,31.516842798234435,30.47782801002071,30.763933181762695,68255931
2020-07-27,30.944638151956365,30.944638151956365,29.589398524863384,29.93573570251465,34955964
2020-07-28,29.273170809964956,29.875497101386046,28.716015026865843,29.07741355895996,64748145
2020-07-29,29.07741427958484,30.17666444151599,29.062352847701803,29.303287506103516,52234014
2020-07-30,29.45386796574401,29.619509254348067,28.59555072126953,28.806365966796875,36716154
2020-07-31,28.851540327493247,29.137647228506093,28.234154291188073,28.866600036621094,44032875
2020-08-03,28.911773026771964,29.875497875250517,28.62566613533242,29.1527042388916,31139499
2020-08-04,29.499052334008997,30.417600014642954,29.18282766778066,30.23690414428711,51828114
2020-08-05,30.40254547199944,30.79405663765657,29.77009958609557,30.23690414428711,34169139
2020-08-06,30.23690054062141,30.523005747805982,29.694802654503263,29.8303279876709,20002308
2020-08-07,29.905615697902743,30.342304193140752,29.619510512021606,29.875499725341797,23311572
2020-08-10,31.757773460065355,34.30261060725529,31.441548910526876,32.6160888671875,197460327
2020-08-11,32.94737279439662,33.233477942209355,31.697539420104068,31.878238677978516,64308066
2020-08-12,31.9083655933294,33.48947861069753,31.727666273462468,33.32383728027344,86740731
2020-08-13,33.429232218961815,34.75435539709147,33.02265978644795,34.4682502746582,89867817
2020-08-14,34.633896476475805,35.672914783856484,32.99255181244309,34.076744079589844,102780930
2020-08-17,34.60377128530782,34.61882926788526,33.09794890170465,33.36899948120117,45730728
2020-08-18,33.42923755403799,34.0917992488431,33.037723041982254,33.640052795410156,44837076
2020-08-19,33.92615325827964,34.664004777473515,33.670164096377746,33.82074737548828,50101056
2020-08-20,33.429235881350024,34.0315621580876,33.022663404293525,33.70028305053711,34004268
2020-08-21,33.88099210786399,34.1821553333052,33.36901359064811,33.76052474975586,29551281
2020-08-24,33.42923561956524,34.63389161015846,33.30876829723006,34.513427734375,53662929
2020-08-25,34.67907167132557,34.920006358429845,33.519589429940794,33.85087203979492,43986726
2020-08-26,33.911097208004406,34.091796463926876,33.30876750378007,33.670166015625,36546204
2020-08-27,33.685226369519775,33.92615757884887,33.06783863774751,33.218421936035156,27418104
2020-08-28,34.31767820319318,34.55860945546548,33.36901118196149,33.74546432495117,48606249
2020-08-31,33.88097836527235,34.06167760586407,31.62224647425419,31.95352554321289,42730581
2020-09-01,32.224572586184074,32.7365543407822,31.441547141321415,32.51068115234375,34287075
2020-09-02,32.51068696979448,33.03772335494144,31.998705123582504,32.826908111572266,17392587
2020-09-03,32.97749513375499,33.23348436246757,32.465516676329834,32.66127395629883,26656869
2020-09-04,31.772826065806203,32.67631881547939,31.72765211763281,32.04387664794922,29954895
2020-09-07,32.19447061143436,32.57092723794663,31.531912187533088,31.802959442138672,19157754
2020-09-08,31.953531236021984,32.10411453776808,30.598291859963002,30.91451644897461,30300756
2020-09-09,30.50794335325618,31.155447057648423,30.02608093290658,30.432653427124023,34565667
2020-09-10,30.613353198960905,30.929577822612703,29.81526953935163,30.598295211791992,23708142
2020-09-11,30.718765994447967,30.944639273818908,30.507950703931574,30.794055938720703,14088816
2020-09-14,31.923418476103745,33.02266876235239,31.44155599790889,32.23964309692383,53551527
2020-09-15,32.36169667041344,32.65159308157678,31.72087375988877,31.980255126953125,26941557
2020-09-16,32.04129630086467,32.19387157414793,31.217375856238494,31.56830596923828,14635695
2020-09-17,31.278402799408127,32.01077800592997,31.24788774784035,31.598817825317383,21721305
2020-09-18,31.73613104454304,31.919224820137845,31.186853209981923,31.705615997314453,27984618
2020-09-21,31.6445848009164,31.675099847082375,29.02025241618745,29.386436462402344,40827702
2020-09-22,29.40169543683083,29.477986548234885,27.76911594080039,28.135303497314453,48561300
2020-09-23,28.394687217875504,29.14231642368402,28.181078374469696,28.638811111450195,48748803
2020-09-24,28.135302253619678,28.364168593268307,27.357156349592017,27.601280212402344,30841869
2020-09-25,28.04375632102188,28.806642981687087,27.875921814431265,28.47097396850586,19431048
2020-09-28,28.684588394662462,29.996756720630444,28.638815811896553,29.737375259399414,21869313
2020-09-29,30.11880765175283,30.301897905116675,28.928701797662825,29.29488754272461,27336762
2020-09-30,29.294894411069993,29.432215625511304,28.654067897383126,29.218605041503906,14189412
2020-10-01,29.371181508800166,29.78314165252674,28.98973816002086,29.325408935546875,12637821
2020-10-05,29.416952793973337,29.50850142869476,28.86767495453812,29.35592269897461,11784675
2020-10-06,29.47798819958389,29.60004839711079,28.882934259969613,29.218605041503906,19176597
2020-10-07,29.24911882572202,29.432212595385923,28.654064947370138,28.73035430908203,13131330
2020-10-08,28.989737372311627,29.081284262442434,28.257365743488542,28.54726219177246,13561056
2020-10-09,28.44045563622195,28.69983876308101,28.013239757964772,28.31839370727539,12672492
2020-10-12,28.39468520562891,28.989737372311627,28.257365743488542,28.54726219177246,21410115
2020-10-13,28.547259040157783,28.669320964819338,27.769113179120676,27.92169189453125,19966965
2020-10-14,28.059018360836575,28.608298032278714,27.814894450442722,27.93695640563965,22321728
2020-10-15,27.997983589304766,28.211592425142726,26.807879213763865,26.9757137298584,15857307
2020-10-16,26.762106761971367,27.87592351986367,26.762106761971367,27.76911735534668,21800793
2020-10-19,27.891181689556944,28.059017966916432,26.99097543740957,27.479223251342773,22512567
2020-10-20,27.20457437145304,27.799628180246504,27.174059328779958,27.448699951171875,14685903
2020-10-21,27.463963185693398,28.31839678106282,27.204580030679896,28.196334838867188,28952280
2020-10-22,28.181074383525804,29.035507890034165,27.96746557037082,28.409940719604492,28783392
2020-10-23,28.63880952473274,28.76087146475731,28.12004497004452,28.257366180419922,17663049
2020-10-26,28.25736080478831,28.303133368797933,27.174059328779958,27.448699951171875,18531900
2020-10-27,27.433443727371152,27.60127997291675,27.06725793633292,27.372413635253906,12329295
2020-10-28,27.372414435247812,27.479218845686074,26.762104765680338,26.92993927001953,13325832
2020-10-29,26.746846323462268,27.128291406588982,26.35014546250004,26.441692352294922,16816755
2020-10-30,26.517977547773,27.418187093366278,26.380658098690187,26.548494338989258,27632397
2020-11-02,26.80787807853712,27.34190014551791,26.624784299540366,27.052001953125,14246079
2020-11-03,27.113034019892957,27.586024249097225,27.113034019892957,27.280868530273438,10505982
2020-11-04,27.540250478932577,27.570767273700397,26.823136358844184,27.128292083740234,10174500
2020-11-05,27.28087071067103,28.51674946265536,27.17406628785205,28.348913192749023,21741264
2020-11-06,28.1047871513133,28.532003037324582,27.92169338151447,28.211589813232422,20163741
2020-11-09,28.837157060045385,28.959218984103753,27.997979367768675,28.394681930541992,24865398
2020-11-10,28.37942575369363,29.371178715420367,28.089527578992,29.111797332763672,31640469
2020-11-11,29.279637531035807,29.722112741259995,28.83716232081162,29.20334815979004,24266727
2020-11-12,29.325412912479315,29.447473124374476,28.68458632335784,28.760875701904297,32573475
2020-11-13,28.654065764863535,29.676333811965325,28.30313748475549,29.508501052856445,23221539
2020-11-14,29.66107723389832,29.66107723389832,29.41694989352716,29.477983474731445,2843181
2020-11-17,29.76788347604693,29.828913572381122,29.21860387848065,29.340665817260742,13608048
2020-11-18,29.3406648196248,29.996748809579575,29.203345361430266,29.46272850036621,31608804
2020-11-19,29.447462609287342,33.033035928956096,29.203340526556048,31.46148681640625,127231584
2020-11-20,32.08706488945999,33.53655075860032,31.88871356665338,33.063560485839844,111976335
2020-11-23,33.12459086658353,33.27716610607774,31.888710473340137,32.34644317626953,32719695
2020-11-24,32.34644891847084,33.23139943352884,32.34644891847084,32.86521530151367,32900253
2020-11-25,32.956749684979535,33.68912120175673,32.315923298215914,32.60581970214844,37300935
2020-11-26,32.77366298837934,33.35345941328822,32.60582672166577,33.23139572143555,28747059
2020-11-27,33.399231365291065,34.726656964843784,33.27716767571474,33.90273666381836,42740469
2020-12-01,33.90273562088454,34.421498428122476,33.65861174146531,34.1163444519043,32351613
2020-12-02,34.17738122448691,35.092846824180526,34.04006347986734,34.65037155151367,48411381
2020-12-03,34.818199372700036,35.64211960888374,34.74191175535831,35.092838287353516,48553872
2020-12-04,35.3674774352088,36.0083039017745,34.909744743693764,35.32170486450195,46007778
2020-12-07,35.352226092164216,35.62686505664289,34.89449332062513,35.07758712768555,26587011
2020-12-08,35.26066891058992,35.413247613147085,33.90272858527701,34.528297424316406,36642735
2020-12-09,35.32170913414995,37.381506494953534,35.03181265907428,35.687896728515625,147504747
2020-12-10,35.64212324753326,35.64212324753326,34.314697616932804,34.90974807739258,38748615
2020-12-11,34.909743286427194,35.52005468037826,34.5893318126312,34.98603439331055,41079909
2020-12-14,35.29119322490177,36.38975248905378,35.153875499522535,36.176143646240234,75008775
2020-12-15,35.82520952333845,36.40500588586315,35.76417943009056,36.084590911865234,32266752
2020-12-16,36.313461115114414,36.832227439553584,35.80995580783321,36.038822174072266,38725125
2020-12-17,36.0083065048752,36.877999380069966,35.3369649426392,36.71016311645508,56242236
2020-12-18,37.06108316550269,37.44252816379558,36.17613300448565,37.00004959106445,97760322
2020-12-21,36.83222153160432,37.59510813262503,33.30767796153132,34.162113189697266,86979072
2020-12-22,34.16212076884005,34.818204858009096,32.45325342560516,34.253665924072266,73882653
2020-12-23,34.543568202244494,35.382746150028815,34.32995933357619,35.230167388916016,39047973
2020-12-24,35.44376575284673,36.05407363196825,34.87922694860285,35.062320709228516,28256172
2020-12-28,35.45902330484244,35.56582596149989,34.75716679871012,34.97077560424805,28341882
2020-12-29,35.15387700963461,35.45903101580954,34.772431882748116,35.01655578613281,20782080
2020-12-30,35.09284186992775,35.18439051230715,34.60459408464971,34.90974807739258,18996630
2020-12-31,35.3064450356928,36.84747926110189,35.214899900256306,36.603355407714844,112170381
2021-01-01,36.923768716716296,39.05985341351407,36.80170853004266,38.57160568237305,201696168
2021-01-04,39.365015018954225,40.21945038473379,38.72418849461955,40.066871643066406,105614565
2021-01-05,39.67016646649226,40.66191949318197,39.36501249494698,40.127899169921875,64361523
2021-01-06,40.28047454778861,41.31800005998539,39.56336050442363,40.63140106201172,74098809
2021-01-07,41.01284041585829,41.19593415499166,40.066860171262235,40.20417785644531,46011027
2021-01-08,40.60088964392005,40.81449847296618,40.143156937710245,40.31099319458008,19906347
2021-01-11,40.524597636152315,41.363775337422894,39.53284471081293,41.073875427246094,42426342
2021-01-12,41.180685419986155,41.48583938882887,40.70769519677945,41.028106689453125,32608233
2021-01-13,41.0586268932121,42.0198684763915,40.417803827390884,40.90605163574219,38455479
2021-01-14,41.11965436087013,43.02687638702563,41.05862426179354,42.462337493896484,94302666
2021-01-15,42.325014321753834,42.569138178853535,40.402535018342704,40.72294998168945,44817729
2021-01-18,40.84500887906572,41.27222648860489,39.15139945545681,40.75346374511719,53634528
2021-01-19,41.05862767359137,42.1724445354104,40.92130993925852,41.82151794433594,64391526
2021-01-20,41.91305336580455,42.40130107003498,41.16542428696564,41.348514556884766,39771243
2021-01-21,41.65368445928159,42.05038714729641,40.3720312328756,40.86027908325195,31082454
2021-01-22,40.7382095369626,41.34851746404914,39.944804342637504,40.38727951049805,30823161
2021-01-25,40.81449279603686,41.11964672699142,39.334492214850876,39.88376998901367,22702206
2021-01-27,39.97532092144761,41.01285002480553,39.91429082484521,40.49408721923828,55897923
2021-01-28,39.975312859030595,41.104390371797656,39.62438638211995,40.036346435546875,49918659
2021-01-29,39.914294997794656,41.57738974964682,38.75470557999948,39.685428619384766,77617473
2021-02-01,39.67016960312071,41.13491646524366,38.327486434601205,40.79924392700195,47400000
2021-02-02,41.119650344951,41.74521927606102,40.097382316362896,40.73820877075195,32215686
2021-02-03,40.951820368652676,43.08790520272174,40.93656284433798,42.447078704833984,63440358
2021-02-04,42.64543198295704,43.27100098542537,41.821515155235865,43.011619567871094,55032168
2021-02-05,43.33203087317868,43.69821845629843,42.325020257934774,42.782752990722656,29863140
2021-02-08,43.52250679349403,44.07732488620815,42.99851153621431,43.3838005065918,31927191
2021-02-09,43.599564955138185,43.769090540484164,42.35121902563455,42.520748138427734,48306774
2021-02-10,42.81357143963093,43.87697691036992,42.64404231553828,43.10639190673828,33662136
2021-02-11,42.93686435949602,43.30674189918423,41.488166452754726,41.7347526550293,35392794
2021-02-12,41.873454738181884,42.227920825149106,41.34945955182326,41.99674606323242,24806265
2021-02-15,42.335808228848705,42.520748761200224,41.54981537566382,41.95051574707031,23422254
2021-02-16,41.95051309305823,42.67486375956268,40.85628844014544,41.04122543334961,48715293
2021-02-17,40.7175907942524,43.075573231639666,40.7175907942524,42.875221252441406,46231716
2021-02-18,42.95228471736203,44.354745137053655,42.48993505092638,43.63039779663086,43649379
2021-02-19,43.27591906483082,43.98485483730112,40.994994048205584,41.7347526550293,51636933
2021-02-22,41.76557796364091,42.089224798419636,39.839122482848225,40.16276931762695,28665003
2021-02-23,40.4555955170201,41.79641024535951,40.147360056687006,41.36488342285156,32119296
2021-02-24,41.81182066981253,42.82898849332142,41.67311436322136,42.027584075927734,22656720
2021-02-25,42.25876009164371,44.0773323837439,42.24334867130503,43.676631927490234,59326020
2021-02-26,42.95227138521751,43.87697043106741,41.919688902713425,42.25874710083008,38633409
2021-03-01,42.75193073067549,45.3102651971183,42.52075590824121,44.98662185668945,62059455
2021-03-02,45.60308675714746,47.32919401937686,45.15614852156648,46.69731521606445,106691166
2021-03-03,47.11342998032936,47.46789616357119,46.450728345849186,47.128841400146484,39659358
2021-03-04,46.697310893127465,47.760716413553965,46.250372698921154,47.09801483154297,30333900
2021-03-05,46.481554016786596,47.15966711238939,44.616743885740945,45.31026840209961,29141961
2021-03-08,45.61848563932256,46.450716201658594,44.44720040220511,44.709197998046875,34685358
2021-03-09,45.01743934241647,45.43355115135467,42.92145124265536,43.152626037597656,37113744
2021-03-10,43.58414913889234,43.96944160731942,42.859801979109264,43.075565338134766,24247668
2021-03-12,43.846154547285465,44.2314470842518,42.92145528052446,43.16804504394531,39599325
2021-03-15,43.56873506415283,43.56873506415283,41.11828470911873,42.25874710083008,30156603
2021-03-16,42.38204193892424,42.70568874826876,41.76557468143955,42.489925384521484,29273370
2021-03-17,42.382039530838995,42.67486348978854,40.94875667788517,41.256988525390625,35855832
2021-03-18,41.411111948597025,41.765578093207296,39.46924504369052,40.00865173339844,45353232
2021-03-19,39.577129751427954,40.08571366629595,38.52913555424571,39.43842697143555,56393928
2021-03-22,39.669601798870815,40.67135820860766,39.25348640399775,39.43842697143555,38945382
2021-03-23,39.85913564305704,40.43567706400655,39.31376161136421,39.454002380371094,38253711
2021-03-24,39.422839285589184,39.4851705044216,37.89579040391385,38.16068649291992,32029023
2021-03-25,38.22301752465548,38.441167893677836,36.10384505877524,37.16343307495117,60718449
2021-03-26,37.39716468880531,38.72164522721947,37.38158277461641,38.14510726928711,36092943
2021-03-30,38.6437332650723,39.563080411216035,38.30092760765716,39.20469284057617,42697440
2021-03-31,39.20469593156099,39.578665444910165,38.799559022833755,38.98654556274414,24134520
2021-04-01,39.267011992065186,39.57865375555965,38.73721992418344,39.29817581176758,30019032
2021-04-05,39.53192206718625,41.13688431721316,38.95538049850094,40.94989776611328,61276776
2021-04-06,41.23037330688507,42.05622903808433,40.1396250302081,40.80965805053711,61173012
2021-04-07,41.12129631123844,41.90040266454187,40.82523282981782,40.91872787475586,38346498
2021-04-08,41.24595353910217,41.65109043095829,40.35777018636814,40.5291748046875,25322349
2021-04-09,40.825231331297026,40.996635935332485,40.20194769812089,40.482425689697266,15591087
2021-04-12,39.859134742660856,40.04612124162247,37.552976243899494,37.98927688598633,35499102
2021-04-13,38.051608813269624,39.32934337504184,37.91136804478946,39.142356872558594,19430589
2021-04-15,38.95537183778295,40.420096523695214,38.7683888947257,40.04612350463867,42679908
2021-04-16,39.96821769882546,40.357769099918876,39.14236202354126,39.89030456542969,21451458
2021-04-19,38.674891653953964,39.40725573843299,38.0671899906882,38.45674133300781,30034584
2021-04-20,38.908621776239954,39.78122301271057,38.53465236523157,38.737220764160156,26634339
2021-04-22,38.36324957816534,39.48516499652287,38.191844991610665,39.282596588134766,23128215
2021-04-23,39.220276848683056,40.2019517001601,39.06445414164154,39.54750061035156,27613263
2021-04-26,39.89029736437786,40.420093023238486,39.79680590094577,40.31101608276367,16704927
2021-04-27,40.21752123998529,40.544744900972766,39.99937094383682,40.26426696777344,19097265
2021-04-28,40.638250088699074,40.684995828180696,39.95263521022134,40.13962173461914,19394331
2021-04-29,40.51359602579193,40.90315103398714,40.24869990414901,40.46685028076172,16660074
2021-04-30,39.93704438320417,42.52368062170713,39.827967448954794,41.058956146240234,53187741
2021-05-03,40.825231584119585,41.40177304981975,40.155202209276545,40.59149932861328,19524450
2021-05-04,40.94989539796362,42.77300792443039,40.684999285254435,41.38619613647461,52932507
2021-05-05,41.63550002367427,43.16254866381776,41.2926908569673,42.959983825683594,51816273
2021-05-06,43.53653022902772,44.59611819268166,42.81975149961854,44.377967834472656,61565505
2021-05-07,44.48703758205484,44.6896060099561,42.78858416322738,42.97557067871094,32525013
2021-05-10,43.318380059742545,45.46871625734831,43.20930666339806,45.110328674316406,67119504
2021-05-11,44.487044100479494,46.668544256840356,44.0819107517863,46.29457473754883,70482693
2021-05-12,47.50997342228061,48.49164813880614,45.4375470393539,45.764774322509766,136024881
2021-05-14,46.06083423438946,46.34131221544531,44.42470851734745,44.67402267456055,47657991
2021-05-17,45.03241667970002,46.46597774755413,44.84543370980176,46.16991424560547,51486270
2021-05-18,46.90226971627249,48.30466323403089,46.5283002514196,48.18000793457031,97548693
2021-05-19,48.08652143626594,49.208433513398155,47.696966452195774,48.351417541503906,83953914
2021-05-20,48.600731186557105,49.457750715292306,47.68138400234196,48.86562728881836,67499931
2021-05-21,49.395410981716395,49.551233660036985,48.69421427898002,49.114933013916016,58163772
2021-05-24,49.34867488694453,49.86288518942592,48.67864187570726,48.88121032714844,74623869
2021-05-25,49.19284113522056,49.19284113522056,46.37247249534106,46.49713134765625,53594838
2021-05-26,46.74645026798663,48.05535230207871,46.43480488855264,46.66853713989258,45070683
2021-05-27,46.995771598501065,47.04251734260355,44.31564303877038,46.29457473754883,360249207
2021-05-28,46.278984523100156,46.621790151510716,45.00124634795392,45.14148712158203,44625315
2021-05-31,45.35964628803514,45.5622147487366,44.78310830228397,45.31290054321289,29061186
2021-06-01,47.68138433714645,47.68138433714645,45.499880715315605,45.79594421386719,74882883
2021-06-02,45.57779497499692,47.05809823835245,45.49988183670818,46.85552978515625,24742749
2021-06-03,47.13600070882612,47.354154609991035,46.49713518323147,47.12042236328125,26792298
2021-06-04,47.24508363305113,47.74371201354883,47.01135135678836,47.619056701660156,23574183
2021-06-07,47.68138415734529,48.07093557183281,47.49439762382611,47.77487564086914,16889640
2021-06-08,47.868366617457916,47.93069426783665,46.2010734380574,47.66579818725586,31918326
2021-06-09,47.80603355644226,48.460484559586384,46.60620850058023,46.964599609375,31016931
2021-06-10,47.04250576938135,47.66579290349067,46.777609718164356,47.38531494140625,17381064
2021-06-11,47.369736812941255,48.30466587591341,46.793198888461724,48.00860595703125,25835898
2021-06-14,47.681383128067424,47.79045652315739,45.98292958208093,47.29182815551758,26533281
2021-06-15,47.36973288767951,47.65021443650631,46.76203118698722,46.964599609375,22951029
2021-06-16,46.74644938844824,47.213913882332726,46.201071767935645,46.652957916259766,19709055
2021-06-17,46.18548843905156,46.668531226377034,45.07915497183722,45.5466194152832,22419540
2021-06-18,45.67128347642357,45.811524263000884,43.78584342989475,45.56221008300781,34091544
2021-06-21,44.253300537748785,46.74644548581588,44.253300537748785,46.49713134765625,23199468
2021-06-22,46.74645380555354,47.36973747864666,46.434808402535594,47.18275451660156,28261329
2021-06-23,48.33582789432425,52.97930529981956,47.525554227727504,52.5118408203125,363893778
2021-06-24,52.65209256887009,54.07006821459556,51.98205953300997,53.33770751953125,169690515
2021-06-25,53.33770007248328,54.818003170731956,53.24420859673034,54.53752517700195,71399592
2021-06-28,54.895914337400065,55.191974233169255,53.91423604474043,54.14796829223633,38881053
2021-06-29,54.05447850385322,54.80242100584748,53.774000511414265,54.42845153808594,49605246
2021-06-30,54.802421130297915,55.752932064120806,54.47519739945458,55.47245407104492,43091670
2021-07-01,55.41012581375869,57.93443485673424,55.1919754734289,57.54487991333008,87835578
2021-07-02,57.794198239570534,57.794198239570534,56.17365426607499,56.29831314086914,40351092
2021-07-05,56.500871236344786,56.71901798596033,55.6594337933733,55.84642028808594,22985568
2021-07-06,55.6282777478937,56.78135713225344,55.59711392216387,56.42296600341797,41588856
2021-07-07,56.126910267521346,57.15533085898976,55.75293719800292,56.99951171875,17834940
2021-07-08,57.279987959796394,58.401903567058135,55.81526668817568,56.29831314086914,44887437
2021-07-09,56.29830620361649,56.93717527946134,56.1580654325629,56.360633850097656,18512454
2021-07-12,56.40738327253333,57.63837576983703,56.40738327253333,57.29556655883789,18021216
2021-07-13,57.34231933197754,57.59163353125973,56.14249407921859,56.60995864868164,15530661
2021-07-14,56.43854623705985,57.544879849907986,56.34505476265205,57.38905715942383,18423249
2021-07-15,57.38906060089613,57.46697373404603,55.92433934851141,56.080162048339844,14669931
2021-07-16,56.251563729221516,56.46971765132364,55.690607709869,55.98666763305664,21219636
2021-07-19,55.93991833418981,58.510973131208544,55.36338043799943,57.965599060058594,45407127
2021-07-20,58.16816465083257,58.19932847435229,56.17364784733162,56.46971130371094,21901098
2021-07-22,56.75019964200328,57.57605181545387,56.71903224632275,57.49814224243164,14278368
2021-07-23,57.404646543817655,57.716288379517366,56.59437277793848,56.92159652709961,12770211
2021-07-26,56.921599151961644,57.65395981783417,56.15807465772921,57.52930450439453,13753260
2021-07-27,57.5292996359897,57.731868069658354,56.65669824986974,57.0462532043457,14436747
2021-07-28,57.030672395681336,59.710800690906524,56.87484969757974,59.196590423583984,48274629
2021-07-29,59.508228685881164,59.74196092177784,58.57329974229447,58.83819580078125,27425199
2021-07-30,58.72912308948991,58.72912308948991,56.87484697992222,57.54487991333008,28756776
2021-08-02,57.65394914336159,58.2772362945745,57.1709063267455,57.27997970581055,21084204
2021-08-03,57.27998244131191,57.6227880726442,56.57878570013714,56.79693603515625,17656980
2021-08-04,56.874850596218614,57.59162931245714,54.47520026648408,54.67776870727539,38353227
2021-08-05,54.84916917527708,55.81526562879883,54.25704933903969,55.036155700683594,33065568
2021-08-06,55.12964634722454,56.033411509175245,54.53752299176782,54.66218185424805,23813595
2021-08-09,51.421103467228875,53.8830816705113,50.5952477168866,53.33770751953125,110821485
2021-08-10,53.33770216831803,54.288213141706755,52.26253588902723,52.74557876586914,32690748
2021-08-11,52.74557110613735,53.82074079576294,51.514582306762264,53.68050003051758,27235548
2021-08-12,53.57143665737546,54.30379730936817,52.97931323034454,54.179141998291016,17966661
2021-08-13,54.28820333116965,54.72450395592479,53.773993154304904,54.38169479370117,27821241
2021-08-16,54.272629471869,54.70893016134755,53.74283730598985,54.334957122802734,12560913
2021-08-17,54.25704087262464,55.00498329106839,53.69608495040952,54.86474609375,18039039
2021-08-18,54.880340650808655,56.6722857725403,53.99215726390891,54.25705337524414,34210602
2021-08-20,53.571429882487024,54.50635886321619,53.072801568294274,53.30653381347656,15542163
2021-08-23,53.72725834515334,55.12965196704027,52.71441612947628,54.58427429199219,26688300
2021-08-24,54.53752480276028,55.612694598897114,54.35053828606633,55.363380432128906,14925912
2021-08-25,55.25430637566188,56.2671485748397,55.25430637566188,56.080162048339844,16571559
2021-08-26,56.2048177068937,56.78135920333839,55.90875778519041,56.50088119506836,21301485
2021-08-27,56.56320479903329,57.96559830644733,56.50087714976274,57.7474479675293,28167945
2021-08-30,57.622783317342495,58.1993247146252,57.24881389279363,57.357887268066406,13619223
2021-08-31,57.31115518227376,58.401907027076355,57.233245609956285,58.168174743652344,21603702
2021-09-01,58.33957228128039,59.94453424132732,58.13700385139433,59.16542434692383,26940252
2021-09-02,59.4459052887992,59.9757010418889,59.13426345545982,59.25891876220703,25664589
2021-09-03,59.8354659912232,62.188367229870764,59.38358332800387,61.89230728149414,52170660
2021-09-06,62.71815187146259,63.23235850680213,60.69246775363494,60.910621643066406,36365391
2021-09-07,60.91062167696601,61.70530984689065,60.25616714124911,60.55222702026367,15882570
2021-09-08,61.082029327100976,62.14161360675932,60.536651708833496,61.42483139038086,19285563
2021-09-09,61.315768314060634,62.09487113101969,60.926209772638245,61.40925979614258,11581218
2021-09-13,61.5494917362532,61.90787926584372,60.9729503135611,61.23784637451172,10518984
2021-09-14,61.284885158519586,63.96580342556042,61.049716763572675,63.464111328125,29010315
2021-09-15,63.91876555108678,65.47087836092139,63.55817593344703,65.15731811523438,35238519
2021-09-16,65.18868039572398,65.53358877045804,64.20097028978859,64.45181274414062,12378501
2021-09-17,64.54589377106022,65.0162306075231,62.93107015408633,64.3734359741211,16039149
2021-09-20,63.49546559063437,64.57724162493987,63.04080287360942,63.213260650634766,12243591
2021-09-21,63.21326643168756,64.98487373611351,63.21326643168756,64.1069107055664,20777913
2021-09-22,64.09122955046148,64.85944540905511,63.903097690844014,64.5772476196289,9672642
2021-09-23,64.90648205040166,66.06664287315753,64.76537956711192,65.0475845336914,19379646
2021-09-24,65.22004675338076,66.00393673282262,63.840391490367125,64.43614959716797,17282355
2021-09-27,64.6242698516486,65.75308241486944,63.57385631975664,63.96580123901367,10315860
2021-09-28,64.279367381465,66.61537022337674,64.01284366361962,65.95690155029297,29934006
2021-09-29,66.12934776546547,66.59968450013658,63.871730003690345,64.32638549804688,27378225
2021-09-30,64.592917635037,65.07893567372206,63.24461786203063,63.63656997680664,34237251
2021-10-01,62.71157102297722,64.0441967425643,62.445047314413806,63.26029968261719,22069932
2021-10-04,63.338696246556985,64.62427833409998,63.26030438170818,64.53021240234375,16627587
2021-10-05,64.84376216935102,65.11028585449056,64.13825703043416,64.54588317871094,18733530
2021-10-06,64.5615596352719,65.37681196203295,62.084454525096035,62.49208068847656,15618651
2021-10-07,63.0251251637728,63.903088063255296,62.8683486377114,63.68359375,7587423
2021-10-08,63.652250722501044,63.8560638340785,62.52344516358801,62.75861358642578,9881742
2021-10-11,62.758609505956265,66.16071438228192,62.758609505956265,65.40817260742188,21749220
2021-10-12,65.43951911664152,66.38019262033406,64.13825601700532,65.925537109375,18331041
2021-10-13,66.19206682095414,67.08570386017215,64.9378329761698,65.4238510131836,16863453
2021-10-14,65.62765543939507,66.67807617089966,65.54927075990084,66.01960754394531,15404877
2021-10-18,64.35774215839176,69.45306167590348,64.27935748547378,68.08908081054688,40084623
2021-10-19,68.73189342497827,68.73189342497827,64.51454285335205,64.85945129394531,15424062
2021-10-20,64.85944654662654,65.90986738984014,63.60521977363799,64.2166519165039,16082943
2021-10-21,64.54589507853969,64.90648474666004,63.667932009121714,64.09123229980469,15707487
2021-10-22,64.31071974342915,64.87512246260135,62.71157033287629,63.16623306274414,10288875
2021-10-25,63.49547256254768,63.49547256254768,60.75184342432407,63.11920166015625,13207770
2021-10-26,63.11919286058189,64.9848658688223,63.05648224838769,64.65562438964844,9505146
2021-10-27,64.73401781704678,65.76875729694608,64.60859658960922,64.92214965820312,9492999
2021-10-28,64.92214508976222,65.17299470375528,62.68020851161268,62.80562973022461,11429706
2021-10-29,62.021756015005344,68.62214624185852,57.52220045157722,64.85945129394531,95295024
2021-11-01,65.12596229425559,65.47087784411166,61.55140709942702,62.88402557373047,23954010
2021-11-02,63.338673905527735,63.84036587470641,61.849272059370534,62.89969253540039,19613109
2021-11-03,63.32300785488628,64.67130758817264,62.5391108251973,62.82131576538086,25307715
2021-11-04,63.401407485341196,63.43276279623205,63.11920251055288,63.29166030883789,1434759
2021-11-08,63.197599909738344,66.88190308779045,63.197599909738344,66.6153793334961,35893830
2021-11-09,66.61536626628482,70.29966872162743,66.61536626628482,69.23357391357422,51756600
2021-11-10,69.26492747331473,69.42171118355695,68.65348822761727,68.88865661621094,15949584
2021-11-11,68.90434745820217,70.55052640771552,68.82595559215892,70.0174789428711,23431827
2021-11-12,70.707299808438,71.49119690358496,69.64120492631277,70.11154174804688,23132022
2021-11-15,70.472120617569,70.86407269357142,69.21789406931521,69.81365203857422,8602539
2021-11-16,69.75095478917193,70.2369656961009,67.94799211846149,68.29290771484375,8030718
2021-11-17,68.26154306613861,68.29289837272316,66.80349619126382,67.55603790283203,18084606
2021-11-18,67.58739119238267,68.19883041768824,65.34545454303166,65.48655700683594,28766142
2021-11-22,65.81578883077071,65.97256535312205,62.94673182274184,63.65223693847656,17243226
2021-11-23,63.809029162499456,66.36452629047157,63.55817951645459,66.16071319580078,17089326
2021-11-24,66.50561484662563,66.77213853158656,64.90647273686002,65.32977294921875,11478315
2021-11-25,65.32977814783507,66.66240385545281,64.4831776557494,66.3645248413086,9875469
2021-11-26,65.37682216273707,65.95690619165562,61.64548267355872,62.14717483520508,22881369
2021-11-29,61.535721092106876,63.119189073702586,59.19971863256002,61.849281311035156,14850591
2021-11-30,61.84928928115149,64.37343106803272,61.833608038638246,63.887413024902344,32274063
2021-12-01,63.965799261796334,64.6869784650788,63.18190227074335,64.54588317871094,14136084
2021-12-02,63.99716643343789,64.8437741924672,63.417082408966046,64.56156921386719,13228377
2021-12-03,64.54588758039326,65.78444017405181,64.46749572291124,64.7967300415039,12481431
2021-12-06,64.79672567789943,66.2234171980832,64.79672567789943,65.1729965209961,14751723
2021-12-07,65.65902684194751,67.32087987702779,65.28275592824815,65.97257995605469,23275224
2021-12-08,66.17639784103082,66.7721559775693,65.31411594989507,65.51792907714844,9462426
2021-12-09,64.62428155267907,65.64334713938538,64.02852344511426,65.14165496826172,12294123
2021-12-10,65.09460729857227,66.11367271130167,64.31071745195246,64.45181274414062,18276354
2021-12-13,64.84377906804443,66.2861450272683,64.65564000924141,65.51792907714844,27024840
2021-12-14,65.6590102435827,66.75646021906785,65.42384187906667,65.78443145751953,19438713
2021-12-15,65.69038385720118,65.9569075994906,64.71835482471545,65.22004699707031,14031681
2021-12-16,65.53358756416092,66.09799025283358,64.4518115577561,64.96918487548828,23209956
2021-12-17,65.14165148083595,65.26707272270959,62.805641378701644,63.11920166015625,12549333
2021-12-20,62.99377562345965,62.99377562345965,60.09336297689075,61.22217559814453,16835343
2021-12-21,61.269205146203085,63.16623358601263,61.269205146203085,62.55479431152344,10884186
2021-12-22,62.8683497780787,64.02851044551583,62.8683497780787,63.77766799926758,8943987
2021-12-23,64.09122503457557,65.76875911666161,64.09122503457557,65.50223541259766,8703837
2021-12-24,65.28273839340686,65.43951490835052,63.4641021129851,63.981468200683594,9183225
2021-12-27,63.96581559190262,65.04759184976697,63.181918400725166,64.89080810546875,8676960
2021-12-28,65.47087829339702,65.5649442139752,64.4361388134977,64.92214965820312,10372101
2021-12-29,64.87512687008363,66.75647417965249,64.87512687008363,65.75308990478516,24965061
2021-12-30,65.78443730378335,66.59968962036211,64.27936107247841,65.83146667480469,42195855
2021-12-31,65.84714791632486,66.78782145798664,65.40816645176471,65.83146667480469,12683187
2022-01-03,65.76876079057007,66.53697661458719,65.69037610764268,66.23909759521484,8974341
2022-01-04,66.63104139397373,68.68483896451296,66.22341525729595,67.77552795410156,31336737
2022-01-05,67.65011285166361,68.01070969066815,66.66240979727012,66.88189697265625,11957511
2022-01-06,66.16071147014905,66.83486135389644,66.03528306201308,66.44290924072266,8820915
2022-01-07,66.44292294565922,67.08571765415199,65.06326758574652,65.23572540283203,12974964
2022-01-10,65.51790480390602,66.31747577147074,65.22002584599575,66.11366271972656,9408897
2022-01-11,66.16071615554286,66.52130580964158,65.3924931170967,65.9882583618164,10022118
2022-01-12,66.16072200721386,66.45860106753479,65.47089077129502,66.03529357910156,7794744
2022-01-13,66.44291525361416,66.56833649633046,64.98487536511067,65.7060546875,12144687
2022-01-14,65.56494276959768,69.64119716244707,65.34545562641719,69.01408386230469,27463650
2022-01-17,69.60983965690347,69.86068209832705,67.66578202879343,67.88526916503906,28842888
2022-01-18,68.44967249343577,68.51239028116427,65.09460456973737,65.32977294921875,17939775
2022-01-19,65.58061954326598,65.97256443205681,64.27935648399442,65.26705932617188,30378717
2022-01-20,65.53358657878987,66.7251097274225,65.04757575135181,66.5840072631836,20278191
2022-01-21,66.28614467515834,66.36453654730745,64.27937590372784,64.89080810546875,17723898
2022-01-24,64.89079343500252,65.45520330404078,61.15945455726867,61.864959716796875,20025537
2022-01-25,61.55140598353039,64.43613720311772,60.892930202400315,64.02851104736328,29718342
2022-01-27,63.30733514300071,64.68698303605453,62.13149316171741,64.24800872802734,23800311
2022-01-28,64.82809613936634,66.16072205451836,64.38911458258713,64.9378433227539,24666333
2022-01-31,67.32087693716905,68.90434521295887,65.11029528377973,65.75308990478516,53776260
2022-02-01,66.36453197887252,66.61537446964809,63.7619980764515,65.03190612792969,29395494
2022-02-02,65.70605028727095,66.53697672977653,65.37681595880366,66.08232116699219,30206025
2022-02-03,66.16070811511332,66.30180340486017,65.07893210751365,65.20435333251953,11555226
2022-02-04,65.67469897280849,65.72173552692303,64.07555660770133,64.2166519165039,17933076
2022-02-07,64.2479960606519,64.5301937744588,62.5861363722707,63.370033264160156,18325029
2022-02-08,63.40140198568001,63.934449401356744,61.58276540468293,62.55479431152344,26278878
2022-02-09,62.99709403671742,64.21343663480886,62.586379824716886,64.0080795288086,15305202
2022-02-10,64.11866669265342,64.6873452042652,63.34463104752356,64.07127380371094,12104241
2022-02-11,63.455201638913344,64.33981586016179,63.139273153567125,63.297237396240234,11505933
2022-02-14,62.23885201447043,62.99709475778703,60.92773086732674,61.89133071899414,31961610
2022-02-15,61.986105402184776,62.99709084302314,60.848741357887924,62.85491943359375,10746255
2022-02-16,63.107681337214714,63.61317415317597,62.096688474152586,62.870731353759766,13420629
2022-02-17,62.949719647171044,64.65576268572912,62.696976815468076,63.50260543823242,19166469
2022-02-18,63.186641693115234,63.692134363867346,62.870713293356125,63.186641693115234,10616886
2022-02-21,62.55479140970644,63.77113409393034,62.19147005457,62.6021842956543,10470885
2022-02-22,61.60698738499804,63.21824416261176,61.085694599284906,62.349430084228516,20409699
2022-02-23,62.36523853779852,63.36042412962553,62.36523853779852,62.870731353759766,10145349
2022-02-24,61.8281469090706,62.159882677619535,59.07952921399075,59.34807205200195,24915339
2022-02-25,60.927740362164634,63.54999029623608,60.627604671911485,63.23405456542969,22461840
2022-02-28,62.25465995560076,66.81989533971796,61.98611712307267,66.48816680908203,35587689
2022-03-02,65.57196433267382,69.3789571447754,65.57196433267382,68.2416000366211,51608091
2022-03-03,68.87345181683706,69.48952315179451,67.18320927085973,67.94145202636719,28625697
2022-03-04,67.60972262140956,71.00600047480262,67.15161552038171,67.89405822753906,46128378
2022-03-07,67.23059796741097,68.99982613264241,65.25601270331737,67.6886978149414,38244033
2022-03-08,68.38376405299641,68.79447830607786,65.77731433478971,67.29379272460938,20461842
2022-03-09,67.73608674921057,71.19555715357775,67.35696541715947,70.27935028076172,30245265
2022-03-10,71.19556665239101,71.55888799647559,68.13100997650848,68.4785385131836,37328694
2022-03-11,68.95243613179034,69.12620039432696,67.64131499046314,67.86246490478516,29348391
2022-03-14,68.24158401065118,68.27317685450615,66.09323447282163,66.28279876708984,28491564
2022-03-15,65.71412922157702,66.39338630290334,64.21344362680689,64.9400863647461,23328489
2022-03-16,65.99845171383274,66.31438736328404,65.2718091205741,66.03004455566406,23656146
2022-03-17,66.40919119522077,66.91468408828743,65.39820540908745,66.15644836425781,36269526
2022-03-21,66.34599506079776,67.73610210605236,65.36660228245243,65.99846649169922,38413833
2022-03-22,66.1248273166766,66.55134155542623,64.76632056863639,66.28279876708984,19632078
2022-03-23,67.57813798880473,67.57813798880473,65.35080236551408,65.52456665039062,33279774
2022-03-24,65.52456941526752,66.52701234713673,64.99948615690414,66.03374481201172,15609300
2022-03-25,66.22467882729627,66.25650182891884,65.22223606663985,65.55638122558594,22413369
2022-03-28,65.55638865888835,65.81097998455468,64.77671410500243,65.25406646728516,13461477
2022-03-29,65.55640079727064,66.38381365411568,65.39728574165443,66.0019302368164,12104067
2022-03-30,67.43397140004109,67.43397140004109,66.0814755424442,66.3360595703125,22181898
2022-03-31,66.89298528404188,67.57719090972844,65.79507325363137,67.08392333984375,21738033
2022-04-01,67.1316435418706,69.05696786681611,66.90888253634412,68.45231628417969,45845880
2022-04-04,69.21607998901116,70.12304639947803,68.67508171429574,69.83663940429688,29426580
2022-04-05,70.45722094179374,71.18915744311059,69.21610172153478,69.566162109375,29299197
2022-04-06,69.37521350559228,70.32991831201704,69.12062944191615,70.01168823242188,27765654
2022-04-07,70.64814353249389,75.70808105037554,70.50493637938057,74.5783462524414,162897504
2022-04-08,75.962670147287,77.07648987650958,74.76928926461319,76.24908447265625,86792331
2022-04-11,76.96510961204645,78.98589580956055,76.71051830250832,77.6333999633789,53098242
2022-04-12,77.63339689096976,78.41307136460752,75.56487262858762,77.14013671875,34166946
2022-04-13,77.66522911458672,79.63828460537509,77.66522911458672,78.63584899902344,35185764
2022-04-18,78.28578836307061,81.56360892831002,77.72887483905217,81.13398742675781,58066713
2022-04-19,81.14989300254376,82.58194993788277,78.93816159580706,79.65419006347656,39192846
2022-04-20,80.41796427658872,81.3408460691001,79.74967382993064,80.6089096069336,31402827
2022-04-21,80.97488874651823,82.32738496782231,80.1633910137358,80.48162841796875,32102493
2022-04-22,80.33840021249783,81.6749882201591,79.82922486917239,80.08380889892578,14025423
2022-04-25,79.55873321454526,79.55873321454526,77.25152516585413,78.2221450805664,15988692
2022-04-26,78.61993024507913,80.64072379361055,78.60402238485194,79.71784210205078,16455561
2022-04-27,78.77904570131761,79.2245750474203,77.28334264076534,78.44490051269531,13818495
2022-04-28,79.55872647891204,79.55872647891204,77.49019479770759,78.49263763427734,9256521
2022-04-29,78.8426996721849,79.5109900551777,75.34211088215147,75.91493225097656,21932493
2022-05-02,74.78520028731361,76.1854342647366,74.37149396627744,75.78763580322266,13942155
2022-05-04,76.05813550610358,76.32863467425601,72.81213820445603,73.5759048461914,16041333
2022-05-05,74.73746467789645,75.86719952742175,73.83049813979127,74.75337982177734,18857412
2022-05-06,73.91004321867788,74.54651778948964,72.31887135928417,72.60528564453125,16795458
2022-05-09,71.60285549131189,72.28706104048347,70.48903572272006,71.76197052001953,23472795
2022-05-10,71.60285306484985,73.00308712148373,70.67997136198163,70.93456268310547,13234959
2022-05-11,71.57103753420652,71.66650655816551,68.65918495862948,69.69345092773438,17541396
2022-05-12,70.01169361072205,71.0141293641834,68.78648950061138,69.47068786621094,23454804
2022-05-13,70.13898217291296,71.82562349212385,69.08880831403187,69.6138916015625,12118287
2022-05-16,69.62980478559733,72.41435804036398,68.83421501974131,72.19159698486328,15258537
2022-05-17,72.81214154718737,74.43514391443078,71.96882100092668,74.06917572021484,17055900
2022-05-18,74.62607895122464,75.50122975078258,73.83049658557741,74.18054962158203,18878982
2022-05-19,73.03492022386756,73.44862662550554,71.34827160825272,72.39845275878906,11176905
2022-05-20,73.51226775483039,75.85129154259269,73.0508232283756,74.76929473876953,17729133
2022-05-23,75.18299815430632,76.44002508877917,73.28949653830917,73.63955688476562,15413691
2022-05-24,70.01166701953566,74.2600992073624,69.72525275086126,73.71910095214844,36815832
2022-05-25,73.83049550964402,74.92840003229564,71.76196390794144,72.03246307373047,12376107
2022-05-26,72.30296522182734,73.05081674442259,70.83908518075884,71.92108917236328,11313504
2022-05-27,73.19402391147926,74.0373517303353,72.30296522834529,73.48043823242188,11187723
2022-05-30,74.4351447755855,74.88067412823627,72.8757956832173,73.40087890625,8326164
2022-05-31,73.6395613644302,75.08753370497146,73.0826550889924,74.70565032958984,13674072
2022-06-01,74.89657665155622,78.82677939114078,74.70563863566336,78.3176040649414,34360020
2022-06-02,78.98590475638288,79.4155262741762,77.69705477064164,78.20623016357422,26049855
2022-06-03,78.60403326146475,78.90635548580234,76.93329981257403,77.09241485595703,11056728
2022-06-06,76.66278406487254,78.07892585514503,75.8353714500698,77.45836639404297,13057254
2022-06-07,78.28579109401979,79.09728869127929,77.06058712549401,78.2221450805664,28241430
2022-06-08,78.58810162816809,79.70192126581969,77.66522000251908,78.0630111694336,24623397
2022-06-09,78.03117873077048,78.74720711491503,77.36288848576253,78.14256286621094,6650814
2022-06-10,77.33107921362247,78.74722109228742,76.85372687279764,78.508544921875,9887892
2022-06-13,77.33108248376543,77.33108248376543,74.73746750335161,74.94432067871094,13056528
2022-06-14,74.48287632706463,77.14014460689478,74.48287632706463,76.80599212646484,11702244
2022-06-15,77.36289992259026,77.53793008020989,76.01040409164551,76.42411041259766,9599067
2022-06-16,76.7582544738133,77.61749010614096,73.54408024509274,73.9577865600586,12906030
2022-06-17,73.1940247213287,75.94676195340963,72.81214138378614,74.68972778320312,20333781
2022-06-20,74.78520969875441,75.18300092651045,71.18915165214847,72.28706359863281,12914700
2022-06-21,73.1462904465224,73.95778794858244,72.63711511480913,73.2735824584961,12811437
2022-06-22,72.92352576944373,73.17811708987465,71.61876073035033,71.87335205078125,11056173
2022-06-23,72.17567363875331,72.65302598726863,71.61876013754582,72.2074966430664,9004842
2022-06-24,72.85987398256184,74.43513807754782,72.6530208273084,74.30784606933594,9668958
2022-06-27,74.78519324640028,76.79007137328057,74.68971696298206,76.39227294921875,14977953
2022-06-28,76.20135551712,76.53550074781778,74.72156013054732,75.24665069580078,9497565
2022-06-29,74.75337786890951,75.64442923985585,74.53060956330903,75.13525390625,20182623
2022-06-30,74.94432393086224,76.12178974000216,73.76685083790302,74.49879455566406,19573899
2022-07-01,74.14873716983035,74.94432693251024,72.31888872786816,73.13038635253906,15324042
2022-07-04,72.78032678261653,74.03736109796179,72.22342049805891,73.09856414794922,13538427
2022-07-05,73.76684323444977,74.75337818656037,72.5893775466761,72.93943786621094,14922519
2022-07-06,73.13036136232392,73.73500558775454,71.33233654258707,73.52815246582031,21103464
2022-07-07,73.67137724775259,75.69217081403796,73.54408522954154,75.31028747558594,19351467
2022-07-08,75.77174473631592,77.15606387719252,74.29194928187259,75.10344696044922,21179418
2022-07-11,75.03979555161644,75.86720831764002,74.40332811519343,74.70565032958984,10090566
2022-07-12,74.30784789966455,75.35802156091668,73.25766695459397,73.91004943847656,12953874
2022-07-13,73.79867097711343,74.88066761784162,73.51225667394736,74.29193115234375,12866319
2022-07-14,74.46696118572748,75.72398797815694,74.35557703647422,75.54895782470703,16879224
2022-07-15,75.58078676655079,78.5085468925931,75.54896376195157,78.12667083740234,24300105
2022-07-18,79.47916572592288,82.99566231780521,79.2882277007695,80.97486877441406,114055476
2022-07-19,80.70437196017969,82.31145921231425,80.21110445502732,81.19763946533203,30352653
2022-07-20,82.1364077182052,82.2636997056545,80.51341302677525,81.11805725097656,16157313
2022-07-21,81.14988804637127,85.89158787270789,80.9589500468481,85.50970458984375,56209248
2022-07-22,85.87569538195444,85.95525654465021,84.45955330241588,84.90508270263672,28925541
2022-07-25,85.82796180040958,87.32366499540026,85.30287125407862,85.93933868408203,27481563
2022-07-26,86.1621089252853,86.24167008722821,83.69578574325138,84.93690490722656,16387791
2022-07-27,85.36650883398485,87.14862620249413,85.22330167333344,86.92586517333984,26434413
2022-07-28,87.19636276271855,88.11924443433149,86.28938895098898,86.67127227783203,26787639
2022-07-29,87.1963557989966,87.92829210682441,86.55988121048244,87.57823181152344,14660187
2022-08-01,87.89647560409891,91.58800226865614,86.84630192437311,90.44235229492188,24181113
2022-08-02,90.9833599169221,91.34932810592372,88.81935921936987,89.74224090576172,32577612
2022-08-03,90.06048788781844,90.4105409703998,87.19637350923574,88.10334014892578,15700254
2022-08-04,88.54885865976819,91.49253383740353,87.81691500937711,90.42644500732422,39839988
2022-08-05,90.66513024165123,90.69695324843114,85.0482857810739,87.88057708740234,80363784
2022-08-08,88.13656195802794,90.74434239876841,87.92857901958847,90.18438720703125,21774303
2022-08-10,90.16838498953824,92.24820687795095,89.83241483178236,91.96023559570312,28967340
2022-08-11,92.31218929423231,93.51208780032545,91.40026935904125,91.9762191772461,23053884
2022-08-12,92.15221121791477,93.48009703076853,91.89622943574068,93.14412689208984,13774848
2022-08-16,93.5920864307702,94.5040063947584,92.84015049811337,93.99205017089844,18326535
2022-08-17,94.47201120670908,94.6160004991735,92.98414138084253,93.22412109375,12973041
2022-08-18,93.12812290267607,94.23203104147143,91.75224556906403,92.3921890258789,16134525
2022-08-19,92.63216268288369,93.49609105345424,90.66432624567294,91.22428131103516,17598678
2022-08-22,91.19229739405645,92.87215550394696,90.4883529468489,92.50418853759766,18811092
2022-08-23,91.92821958879723,95.86389251689005,91.80023236877449,95.49591827392578,30535758
2022-08-24,95.99188619501153,96.27986478303646,93.27211364495297,94.08804321289062,20796507
2022-08-25,94.5680074640119,95.76790610260856,94.4080234200657,94.93598175048828,22580238
2022-08-26,95.19194585531646,98.51966487224135,95.19194585531646,97.7037353515625,31345068
2022-08-29,96.56783862435162,99.60757932710852,96.19987167041157,98.82364654541016,27834195
2022-08-30,99.60756965606959,99.7835557448498,96.99979710006933,98.07170104980469,25458348
2022-09-01,98.18369812204361,102.64732218938191,97.91172160582296,102.32734680175781,33768936
2022-09-02,102.71132397721097,105.49509029738812,102.5513399324652,103.84722900390625,37018653
2022-09-05,104.90312635352353,105.23909647088038,103.78322352113423,104.91912841796875,24073551
2022-09-06,105.41508918649083,106.80696861312597,103.92721201435002,104.1991958618164,28364094
2022-09-07,104.43916953678597,105.51107350479417,104.23118663955468,105.35108947753906,14016204
2022-09-08,105.9110499302351,106.0390371585308,104.6631524835528,104.9991226196289,13824843
2022-09-09,105.27109914155714,106.4869997811655,104.85513332599638,104.9991226196289,16733637
2022-09-12,105.54306220098191,108.72679170213642,104.32716904006601,108.32682800292969,39074646
2022-09-13,108.95078652059125,109.30275870900675,107.20693496685907,107.44691467285156,18851928
2022-09-14,107.19093377454101,108.61481728093848,106.56698506916231,107.47891235351562,48838458
2022-09-15,110.05467930683571,110.05467930683571,104.24716830112246,106.64696502685547,25552945
2022-09-16,106.88696501378246,108.95079205487225,105.06311769087522,106.55099487304688,27675466
2022-09-19,107.84690128763394,109.19078939101276,105.59109303746288,106.07105255126953,18503444
2022-09-20,107.03096336547418,107.60691327312435,105.59108493454852,105.78306579589844,13735873
2022-09-21,105.9750490877608,106.11903838892516,103.33527208628107,104.10320281982422,16931740
2022-09-22,104.24718424584029,107.51090975674715,103.28726540872647,105.59107208251953,20701188
2022-09-23,106.11903608307536,106.55099665358235,101.84739263388441,102.37535095214844,15215768
2022-09-26,100.79148795926949,100.79148795926949,95.51193382806966,96.66383361816406,41567351
2022-09-27,97.19179339874955,97.76774330231837,94.5040174172946,95.75191497802734,28782718
2022-09-28,95.03195219620756,96.90379074942071,94.6479832478668,95.17594146728516,24892912
2022-09-29,95.89589560201576,96.66382629604249,94.40801843921442,95.03196716308594,74476855
2022-09-30,95.36793984116336,97.28777761279665,92.39219275985175,96.90380859375,28502920
2022-10-03,97.3837619083575,98.87163901718206,94.16803530795545,94.5040054321289,21407465
2022-10-04,96.23186751648375,98.34368611857762,95.84789850057582,97.95972442626953,14768228
2022-10-06,98.82363899278855,100.79147549134503,98.29568803913635,100.45550537109375,20520361
2022-10-07,100.98345349863938,102.23135085161994,99.83155388327205,101.99137115478516,20045623
2022-10-10,100.88746799396193,101.36742741098706,99.78355987008425,100.26351928710938,11511957
2022-10-11,100.79147839967068,101.17544740115125,98.43968016645152,98.91963958740234,11739022
2022-10-12,98.53566821542688,99.30359887631417,96.95180069967275,99.11161804199219,6659580
2022-10-13,99.11162577128174,100.2155339637206,96.99980713465084,97.33577728271484,7795689
2022-10-14,98.87165307630347,99.4476029887269,96.42385679400334,96.75983428955078,7476515
2022-10-17,96.4718443873364,98.63166179899319,95.94388609060267,97.71974182128906,9943468
2022-10-18,98.24769324830754,102.6153269637198,97.95972198624936,101.70339965820312,21766333
2022-10-19,102.37534992596333,104.82313867363342,101.07946090383211,101.65541076660156,22878764
2022-10-20,102.51932691422148,104.77513454467245,102.27934722324588,103.67122650146484,25579790
2022-10-21,104.1991992863987,104.58316098664153,98.58366787534727,99.39960479736328,19880033
2022-10-24,100.40750677655477,101.1274458891834,100.16752707234522,100.59949493408203,3728536
2022-10-25,100.7914786674001,101.27143808962582,99.39959927238536,100.8394775390625,13217298
2022-10-27,101.41541859311751,104.53515456725185,100.9834507563857,103.52723693847656,29990758
2022-10-28,103.67123544413252,104.19919373926008,99.73556963736223,101.12744903564453,20059496
2022-10-31,101.65540941312825,102.90329954524725,100.93547026335199,102.56732940673828,12793983
2022-11-01,102.99929960473968,105.97504669261457,102.47134128693611,104.15119934082031,26521676
2022-11-02,104.15119219798585,105.83105013666305,102.51933312985349,102.80730438232422,19881462
2022-11-03,102.51933701616004,107.70289299312569,102.23135842917318,105.54307556152344,34173239
2022-11-04,106.1670202926753,106.93495828003475,104.24718264787612,104.5831527709961,22356935
2022-11-07,105.01512435085061,105.8790527862974,104.43917450175265,105.2551040649414,15333789
2022-11-09,105.78306580289413,106.74298475690804,103.33527686431887,103.71924591064453,17033165
2022-11-10,103.7192438947566,104.15120448622712,100.50350960243067,102.42334747314453,12937603
2022-11-11,103.6712230196389,104.10318351944791,102.4233257390371,102.99928283691406,11075218
2022-11-14,102.99929438340848,103.33526451243404,101.2234386718742,102.32734680175781,10547759
2022-11-15,102.42333803542589,103.09528562241982,101.22343947679344,102.75931549072266,11675691
2022-11-16,104.5831546436886,105.39909151621816,103.04728596506747,103.95921325683594,27372424
2022-11-17,103.86322347808841,106.88696951936772,103.7672330514891,106.16703033447266,26985734
2022-11-18,106.40700295919184,106.93496125564253,102.13536701008945,103.04728698730469,23962357
2022-11-21,102.80730784116527,102.90329826188501,100.31152028445382,101.55941772460938,16407321
2022-11-22,100.98346256389755,103.4792574939055,100.83948059175077,103.14328002929688,11999335
2022-11-23,103.67123519182003,104.72714445590569,102.08736763389176,102.61532592773438,21024176
2022-11-24,102.71131134033203,103.09528032408116,101.79939141207718,102.71131134033203,12820212
2022-11-25,102.9992901880662,103.67123041874802,102.37534150323351,102.85530090332031,8834584
2022-11-28,102.80732014686089,104.39118791091907,102.66333083674641,103.09529876708984,11289089
2022-11-29,103.5752437024849,103.5752437024849,101.03145732645751,101.8953857421875,8717535
2022-11-30,102.23136197325327,102.27936084728162,99.97555404231932,100.8874740600586,27869373
2022-12-01,101.41543377741398,102.08737408147029,99.68757681898344,99.97555541992188,19098551
2022-12-02,100.35951707177836,102.18335699836449,100.11953736316444,101.8953857421875,13020973
2022-12-05,102.08737073315494,103.28726932504345,100.7914817186353,103.14328002929688,17476086
2022-12-06,102.95130190532765,104.05521010376445,101.27144383228035,101.46342468261719,13880227
2022-12-07,101.99138300644348,102.85531148015923,101.22344495789613,101.46342468261719,11943855
2022-12-08,100.7914663377067,101.27142570121958,100.07152729243737,101.0794448852539,15789329
2022-12-09,101.75139856604885,102.6153269997258,100.31152028445382,101.55941772460938,12630851
2022-12-12,101.75140711425877,102.27936545797098,99.83156924417843,100.35952758789062,19335542
2022-12-13,100.8874717081453,101.17545029840214,100.21553142901236,100.93547058105469,7421330
2022-12-14,100.9354555949463,101.41541495838058,100.64747704744627,101.22342681884766,6168426
2022-12-15,101.03145567960946,101.4154246718528,98.63165863258787,99.11161804199219,10186774
2022-12-16,98.15170397488015,98.2956932693921,93.92805950292819,95.46392822265625,38364152
2022-12-19,95.4639245553846,96.80781237987075,93.83206547653678,96.42384338378906,22872344
2022-12-20,96.71181075803342,97.52774020293482,95.0319530029311,97.2397689819336,10478941
2022-12-21,97.76773199822085,98.1037021261571,94.50400649055545,95.22394561767578,11606766
2022-12-22,95.51193326605488,95.89590230169374,92.92015509179298,94.3120346069336,14577136
2022-12-23,94.98395972026997,95.1759478691534,92.15220226753027,92.68016052246094,23099245
2022-12-26,92.72816324656682,95.8478996369569,90.85632434177273,95.2719497680664,12096095
2022-12-27,95.79990437516636,96.90380519627247,94.45601651742021,96.23186492919922,10240049
2022-12-28,95.60792567123504,96.85582323196778,95.27195550445326,95.75191497802734,9470020
2022-12-29,94.55201272141733,95.7999102349979,94.3600318686819,94.93598175048828,11367064
2022-12-30,95.41593747494991,97.28777634852759,95.2719481792286,95.8958969116211,9236774
2023-01-02,96.37585422174338,97.14378490931287,95.8958947956626,96.23186492919922,6973552
2023-01-03,96.27985879584358,96.85580861247809,95.79989939471494,96.32785034179688,8833881
2023-01-04,96.66382334905359,96.8558115094069,94.50400597937524,94.79198455810547,8927128
2023-01-05,95.03197338512925,96.13588161139373,94.36003306841185,95.94389343261719,10448282
2023-01-06,95.79991524730043,96.47185559063081,94.74399853120917,94.98397827148438,7215940
2023-01-09,95.89589190661441,97.6237413942907,95.51192291259765,95.99188232421875,11920266
2023-01-10,95.99187090526016,96.0878613114457,94.36001202931016,95.17594146728516,10397112
2023-01-11,96.32785006345097,96.71181904796423,95.5599194180237,96.1838607788086,11130194
2023-01-12,96.42384206352456,96.47184093372735,94.93597229402967,95.41593170166016,9299447
2023-01-13,95.5119328466703,96.08788273579954,93.49610457291791,95.94389343261719,11684608
2023-01-16,96.42384574745797,98.87164174933277,96.18386603447416,98.0077133178711,16485682
2023-01-17,98.24768414476688,98.8716328068112,97.4317546591392,98.77564239501953,11762030
2023-01-18,98.96763294894659,99.83156138720969,98.00771408945418,98.58366394042969,13005273
2023-01-19,97.91172393534339,98.8716427974546,97.76773464130676,98.72765350341797,4842895
2023-01-20,98.7756510911569,99.25561051596952,97.52775365720424,97.71974182128906,7912700
2023-01-23,98.2476975685595,98.39168686772005,97.04779894822144,97.47976684570312,9725869
2023-01-24,97.47976555711104,97.76773682802546,96.13587765537737,96.61583709716797,10169994
2023-01-25,96.18385171763126,96.85579920812721,94.83997138383646,95.17594146728516,9232812
2023-01-27,95.60791294367036,95.94388306572695,88.74449192051684,90.52034759521484,24624255
2023-01-30,89.22444043351892,89.22444043351892,83.51292708528644,85.384765625,62828817
2023-01-31,86.68068506081106,92.39219994622864,85.48078636021069,91.14430236816406,59004021
2023-02-01,93.1121228273002,93.3521025253087,85.48077136006938,87.30461120605469,44092961
2023-02-02,85.96073871694713,89.75241536719064,84.76084011578148,89.36844635009766,24502896
2023-02-03,89.65642596375085,90.61634485560343,88.0245594534415,90.08838653564453,15906920
2023-02-06,89.75241480428706,91.19229311665529,89.46443621237349,90.71233367919922,7015869
2023-02-07,90.7123283992003,91.28827822590392,89.99238928492093,90.6643295288086,10315670
2023-02-08,91.14429886543655,92.44019527116329,90.56834897600254,92.24820709228516,11577350
2023-02-09,92.48818660829089,92.82415676604676,91.72025586536319,91.96023559570312,6577385
2023-02-10,92.29831216310139,93.36087625834655,92.1051140013937,92.9744873046875,10685751
2023-02-13,92.97448828043606,93.89215560647028,91.23574165560068,91.42893981933594,13582939
2023-02-14,91.57384393115595,91.91193153256467,89.93169257183835,91.38064575195312,9624926
2023-02-15,90.84936006764295,91.57383659969828,90.22147893257703,91.42893981933594,11575131
2023-02-16,92.63640591631169,95.05132782565373,91.04255598219459,94.42344665527344,32927840
2023-02-17,94.23025030640753,95.29281441005088,92.92618665628176,93.16767883300781,20383244
2023-02-20,93.40916454528205,93.45746592518708,90.99424294514802,91.67042541503906,17505922
2023-02-21,92.6847062208644,92.9261984281827,91.38064977529699,92.29832458496094,11933886
2023-02-22,92.44321165331272,92.87790203724167,91.57384562496904,91.76703643798828,14589841
2023-02-23,91.86363352942219,92.44321334886742,90.46298168494978,92.15342712402344,16196352
2023-02-24,92.39491136747986,92.63640355225124,91.76703021312296,92.10511779785156,8061923
2023-02-27,92.10512573500414,92.44321334886742,89.97999727378588,92.15342712402344,13928820
2023-02-28,91.91193153256467,92.87790031930784,91.18745494250729,91.38064575195312,10965145
2023-03-01,91.96022062125773,93.79556269165238,91.57383902307492,93.74726867675781,14285091
2023-03-02,93.89215641697831,94.23025136399446,92.92618769923261,93.40917205810547,10048980
2023-03-03,93.9404542462775,94.37513720491307,92.34660444835343,92.58809661865234,7938348
2023-03-06,93.07108343626867,93.94045674643372,92.63640046606432,93.16767883300781,8289319
2023-03-08,92.974486621527,93.11938339930403,91.28404141022652,92.82958984375,14292676
2023-03-09,92.87788841855004,93.60236491577781,92.00851514792554,92.20170593261719,7884249
2023-03-10,91.09084570495807,92.25000512512005,90.36636922491786,91.67042541503906,9620249
2023-03-13,90.84936568484873,91.6704376646603,88.7725313572617,89.20721435546875,11482697
2023-03-14,89.69020044630346,89.78679585110301,88.09635047296143,89.5936050415039,14285446
2023-03-15,90.31807325322909,91.0425497766507,89.06231099806242,89.44869995117188,8318506
2023-03-16,89.54529248441484,89.54529248441484,86.59909247187184,88.77252197265625,12278142
2023-03-17,89.93168775483862,91.47723625689228,89.73849695574063,90.22148132324219,13158718
2023-03-20,89.83508156123185,90.17316910390899,88.62762078755937,89.49699401855469,6579446
2023-03-21,89.83509862447177,90.26978163765509,89.20721742895147,89.93169403076172,5886671
2023-03-22,90.31806587070083,90.75274880132064,89.35209725176286,89.49699401855469,6096408
2023-03-23,89.158934595734,89.5936176634486,87.75827523466624,88.96573638916016,9969670
2023-03-24,91.34786454414747,91.8826341652526,88.67403127478826,89.01434326171875,16650432
2023-03-27,90.52140110926335,91.1533994960525,88.81987098533703,89.20879364013672,15959308
2023-03-28,89.20879411044558,89.93802131025848,87.50726397754879,87.79895782470703,14999850
2023-03-29,87.70172826774855,89.50049476523861,87.41004181648658,89.01434326171875,36103221
2023-03-31,91.6395569507888,95.72322654794084,91.6395569507888,94.84815979003906,64455094
2023-04-03,96.20937176201623,96.25798987565113,93.14662347316617,93.9244613647461,24154016
2023-04-05,92.41740379131662,95.72322808096241,92.41740379131662,95.52877044677734,24875169
2023-04-06,94.8967731405922,96.2579988503758,94.84816244050766,96.01492309570312,11440418
2023-04-10,96.1607613392247,97.7650626586527,96.01491441598894,97.13306427001953,10870304
2023-04-11,97.61922359055025,98.15398579466854,96.06354025971378,97.23030090332031,8458648
2023-04-12,97.3761345811248,98.29981934671899,96.74413622767929,98.00813293457031,8938731
2023-04-13,98.00815599972884,98.98045910520995,97.71646210085092,98.10538482666016,9153834
2023-04-17,98.20259194755792,98.68874339284287,97.23028905698804,98.59151458740234,8323162
2023-04-18,98.59152189489691,100.9736611861217,98.39705685151998,100.09858703613281,19758227
2023-04-19,100.14719772869768,100.2444265341382,98.4456676702004,98.59151458740234,11271768
2023-04-20,98.68875051879512,100.43889881542563,98.5429035910621,100.00135803222656,13241812
2023-04-21,99.85551492540334,100.63336029102132,99.3693634264129,99.95275115966797,5625649
2023-04-24,99.95274883720523,100.34166409289436,98.68875200196655,98.9804458618164,5994078
2023-04-25,98.98044813919182,99.17490577151054,97.95952702431066,98.34844970703125,5696053
2023-04-26,98.00815384745849,99.07768575638386,97.61923113019003,98.83460998535156,4576455
2023-04-27,98.39705335732839,99.2721274762424,98.34844266177255,98.64012908935547,5362153
2023-04-28,99.12628128213719,100.5847356850215,98.44567219469091,100.43889617919922,11812226
2023-05-02,101.11951522989493,102.1890470804406,100.6333637143666,101.41120910644531,13598952
2023-05-03,101.26536285902257,103.59889163309509,100.77921134017761,103.40442657470703,16034319
2023-05-04,103.98780137625043,105.25179822517164,103.55026799982245,104.27949523925781,15414305
2023-05-05,104.08503932420396,104.96010609147746,102.86966057178721,103.3558120727539,9315810
2023-05-08,103.35580678898374,104.52256736442325,103.06411293608245,104.32810974121094,6721354
2023-05-09,104.2308855028683,105.15457786460095,103.64750514803299,104.57119750976562,10063354
2023-05-10,104.91149559510818,105.59210473054443,104.27949715901268,105.05734252929688,10360986
2023-05-11,105.25180509650588,105.98103238354864,104.52257780946312,105.59210968017578,9435021
2023-05-12,105.64071724310108,105.64071724310108,103.6474932238022,104.32810974121094,6855025
2023-05-15,104.13365686026533,105.59211145891913,103.93919921434497,104.66842651367188,7833289
2023-05-16,104.71703128688485,106.07825698550396,104.42534483451999,105.44625854492188,9051577
2023-05-17,105.78657015834185,106.7102550480162,104.9601066676947,105.25180053710938,9456088
2023-05-18,105.49487149707825,106.22409871940829,104.27949279319486,104.81426239013672,7220608
2023-05-19,104.8142681096563,104.86287880961447,102.77242584124633,104.03642272949219,9255095
2023-05-22,105.54349927604315,108.21733266940315,104.61980692566864,107.390869140625,27946526
2023-05-23,107.87701098607367,107.9742472170279,104.76564446569456,104.91149139404297,15214733
2023-05-24,104.91149351826247,106.27271918027117,104.32811321113964,105.78656768798828,10722681
2023-05-25,105.00872403177866,107.68255728258782,105.00872403177866,106.56440734863281,11158044
2023-05-26,106.51579155856568,107.92562787437619,106.07825077849553,107.6339340209961,7958341
2023-05-29,107.925633424594,108.70347879488742,107.14778805430056,108.36316680908203,10330215
2023-05-30,108.36317407723851,109.4813240902509,107.92564066340415,108.16871643066406,7803617
2023-05-31,107.48810926854189,109.33547919994986,107.14779725351889,109.04379272460938,15741522
2023-06-01,109.09239370262053,110.30777245339875,108.89793606972928,109.77301025390625,9185292
2023-06-02,110.25915508009149,110.35638389065173,108.89792947799994,110.16192626953125,9939324
2023-06-05,110.21053861219912,115.36374724778535,110.21053861219912,112.44683837890625,35214281
2023-06-06,113.0302242447352,115.21790600431072,112.68991967686232,114.7803726196289,18999553
2023-06-07,115.46098175537466,115.70405750643862,114.24560300005493,114.7803726196289,11262532
2023-06-08,115.21789715719227,115.41235477587851,113.17606248865602,114.2942123413086,11188999
2023-06-09,114.7317670305553,118.08620979429979,113.46777001976473,117.01667785644531,19873573
2023-06-12,117.60004384048005,120.4683421159083,115.46098022667181,115.80128479003906,24331332
2023-06-13,116.57913694511167,119.05850526679542,115.60683389705918,118.71820068359375,16552079
2023-06-14,118.96126725451236,119.7391126000905,117.7458885383484,118.03758239746094,8660080
2023-06-15,118.03758734167802,119.35019492649944,116.7249797568566,118.57234954833984,13948239
2023-06-16,118.91265761025006,123.72555440166717,118.28065918862887,121.73233032226562,32649860
2023-06-19,122.85048331751098,122.85048331751098,121.00310612259918,121.39202880859375,10053869
2023-06-20,121.53787651427325,123.23940678547308,120.4683446845643,121.68372344970703,15471361
2023-06-21,122.65602490598152,122.80187183956531,118.37789022332878,119.39881134033203,14141162
2023-06-22,120.12803609815016,123.82278296982146,119.39880886344204,120.03079986572266,25032998
2023-06-23,120.32250936976055,120.46835631928009,116.19022116918292,116.72499084472656,12413343
2023-06-26,117.64865972467187,119.15573229994838,116.6763567517407,118.03758239746094,17369553
2023-06-27,118.71817645074438,119.20432787553702,114.6345074497191,115.12065887451172,19093714
2023-06-28,115.84990293963997,119.00988766252773,114.82898183116606,117.40558624267578,61890385
2023-06-30,118.03758843747943,123.1907900068557,117.40558998911801,122.26710510253906,27973500
2023-07-03,122.51017622514205,122.51017622514205,119.3015734043932,120.32249450683594,15492508
2023-07-04,120.56555859481122,120.760016205957,118.18341947690475,118.66957092285156,7595425
2023-07-05,119.15573691624051,120.32249756172698,117.69728240034078,118.37789154052734,15615891
2023-07-06,118.91265686795057,121.63510074843363,118.52373419414357,121.34341430664062,16906327
2023-07-07,120.90588324260027,122.41295594305153,120.22527407225147,120.61419677734375,22837962
2023-07-10,120.76002998430778,121.19757078643141,119.10711784672931,119.59326934814453,9068813
2023-07-11,120.03079037959971,125.08676250676552,119.98217968531074,123.87139129638672,46215137
2023-07-12,124.7464851649246,124.94094280906712,123.04495481538477,124.11448669433594,18031857
2023-07-13,124.21169891965341,125.23261996019869,121.53786587050236,122.02401733398438,12374030
2023-07-14,122.51017649612484,123.96863097822157,120.66279933518571,123.62832641601562,9577719
2023-07-17,124.26032484187415,124.69785821926993,122.89909917496726,123.62832641601562,9411535
2023-07-18,124.16309224034833,124.7464799847175,121.78095281714647,123.5797119140625,8994063
2023-07-19,124.21170998417186,124.21170998417186,123.19078885268507,123.38525390625,8975718
2023-07-20,123.48248060922775,123.7255563584585,122.07264423092259,122.51017761230469,10187180
2023-07-21,122.85049122141186,123.14218510919548,121.29480779542793,121.48926544189453,9926528
2023-07-24,121.87817918068808,124.21170785692003,121.53787461538164,122.51017761230469,13121674
2023-07-25,123.04494591881982,123.67693692562978,121.87817788407504,123.53109741210938,7151050
2023-07-26,123.53109872630716,123.82278517453418,122.16987304699826,122.51017761230469,12681896
2023-07-27,122.70461918078253,125.2326125763009,122.51016157408829,123.72554016113281,11597763
2023-07-28,125.67016030229169,128.0522996386609,124.45478157596392,126.54522705078125,37245053
2023-07-31,126.69107895121785,127.37168805757479,125.28124262315724,127.07999420166016,16197160
2023-08-01,127.37169896356032,129.55938081598788,126.44801403754654,126.83692932128906,17079508
2023-08-02,126.83692535084579,127.0800011046175,120.27387999900957,121.87818145751953,20816954
2023-08-03,122.0726526715294,122.99633761524042,120.07942842278413,121.19757843017578,12415922
2023-08-04,122.80187508076162,124.50340537528794,122.02402969317338,124.06586456298828,10589274
2023-08-07,124.89231912306523,125.62154638322657,123.09356003161726,124.98955535888672,8339894
2023-08-08,125.13539598956875,126.39939288565867,124.0658641487683,125.57292938232422,12505272
2023-08-09,126.20492225263972,128.73290094833703,125.42707694774624,128.0522918701172,13111006
2023-08-10,127.95508811378055,129.46214598176115,125.52433047359602,125.81600952148438,11116731
2023-08-11,126.593857279826,129.55938462304667,125.9618662161318,128.3926239013672,10967883
2023-08-14,128.29537251765726,128.29537251765726,125.86461511930769,126.88553619384766,8529502
2023-08-16,127.12861388082595,128.2467563667263,125.86461704709123,127.66338348388672,7062446
2023-08-17,128.39595439139904,128.54247831004443,125.27030454919407,125.70984649658203,7162118
2023-08-18,125.2703111700875,126.58895198621941,123.80516133184085,124.19586944580078,8997702
2023-08-21,124.24468849528476,126.68660460134096,124.19585464444557,126.24706268310547,5063202
2023-08-22,126.68659233924198,130.59365773076385,126.34473306004682,130.2029571533203,20596242
2023-08-23,130.83786847173397,132.2541769026467,129.7145929689383,130.30064392089844,19426832
2023-08-24,131.91234258474896,132.35188460812725,130.49603388529593,131.27743530273438,17543374
2023-08-25,134.06120087247336,134.74493443523048,129.9587845916568,130.30064392089844,33919926
2023-08-28,132.93795534098695,133.230973430892,131.47280527435274,131.7658233642578,13346571
2023-08-29,132.15652515191482,132.69374976761165,130.98440820220623,131.4239501953125,11118400
2023-08-30,132.3518754928203,132.3518754928203,131.13091723181643,131.4239501953125,12555619
2023-08-31,131.42394170169413,131.91232497453262,129.12853435764333,130.1053009033203,14954352
2023-09-01,130.9355618797782,135.18448752289248,130.78903795150006,134.64727783203125,23415545
2023-09-04,136.25892286305034,139.04271327034897,135.96588994055466,137.28453063964844,28262276
2023-09-05,138.01710168315847,138.60315260769568,135.96588618659544,136.4542694091797,11695197
2023-09-06,137.2356905274918,137.4798821476475,134.54958270577933,135.08680725097656,10151022
2023-09-07,135.23333263829602,137.72409044637274,134.40308997178744,136.60081481933594,18438943
2023-09-08,137.28454918735306,140.94742395273454,136.94267491420723,139.9706573486328,16579557
2023-09-11,140.9962449284816,143.73117910209757,139.72644554543223,141.33810424804688,19902175
2023-09-12,141.24045655269117,141.58231592068492,130.49602393512,131.03323364257812,48752780
2023-09-13,131.86348332136367,133.7681750995951,130.20298317891255,132.69374084472656,19282289
2023-09-14,134.79379052070058,135.47752415842876,132.35187402576037,133.62167358398438,13197189
2023-09-15,134.30539336922953,134.98912693643626,131.9611597375853,132.54721069335938,9651337
2023-09-18,141.6311586231358,141.6311586231358,135.77055895597158,136.64964294433594,51859825
2023-09-20,136.74729638543903,136.84497898742336,133.08442237511477,133.7193145751953,19080613
2023-09-21,133.8170073503928,134.79377382740296,131.47277376727786,132.107666015625,9531884
2023-09-22,131.03321858990023,133.7193264357215,130.93555088352556,132.8890838623047,12604969
2023-09-25,133.13326713952452,133.67049165586897,130.49600076433796,133.42630004882812,14984591
2023-09-26,133.42631138359607,135.08681147168127,132.74256290237793,134.451904296875,12315581
2023-09-27,134.2077012679405,134.35422517472875,132.54720132091734,133.42630004882812,8713378
2023-09-28,133.71936307353454,134.79381246796135,131.4728114558242,131.912353515625,22012674
2023-09-29,132.84024136468958,135.4286665766303,132.5960497445339,135.08680725097656,8504659
2023-10-03,134.69609714955962,137.33337867704307,134.0123635663979,135.9658966064453,19010910
2023-10-04,134.79378118380944,135.91705673196475,133.37747269570403,135.62403869628906,14912053
2023-10-05,136.2589194734548,138.0659433636651,134.89145240819033,135.72169494628906,15996620
2023-10-06,135.7705535888672,137.23570344773987,135.42867932675352,135.7705535888672,4987359
2023-10-09,133.03561133630643,134.4030935537914,131.91233567933295,132.5960693359375,10489249
2023-10-10,134.20769848944175,137.72406351973987,133.3286146840035,136.69845581054688,15593722
2023-10-11,136.6984899769505,137.23571461644664,134.3054146602236,134.5496063232422,10778916
2023-10-12,134.7449593331368,135.47753433665613,134.01238432961745,134.98915100097656,7567439
2023-10-13,133.133285692086,134.98913620250616,133.133285692086,134.25656127929688,8303230
2023-10-16,133.81700202317782,134.69608585578146,133.37746010687601,134.20770263671875,7785480
2023-10-17,134.30538590638582,135.6728529648143,134.30538590638582,135.33099365234375,6076896
2023-10-18,135.52636015595695,135.72171048703848,133.23095277899296,133.86585998535156,6806231
2023-10-19,132.84025005702554,134.01236692961496,131.91232482057038,133.8170166015625,7775836
2023-10-20,133.52399356897564,133.71934391152917,130.39834337529197,131.0820770263672,8982112
2023-10-23,131.17974521885122,132.74256269163146,128.34711339847448,129.61691284179688,19333777
2023-10-25,129.4215787776291,131.52162107532928,126.2470872227061,128.1517791748047,10225867
2023-10-26,126.97965222515411,127.17500255541476,124.04935255841978,125.85637664794922,18167694
2023-10-27,126.24708158339142,129.7634472642521,126.24708158339142,129.1285400390625,8761931
2023-10-30,130.39834489258425,130.83788689451305,127.76107797673549,128.8843536376953,9052085
2023-10-31,129.4215693661688,130.54484494990103,127.71222788397411,130.15414428710938,8098744
2023-11-01,130.6425238384016,131.42394004595346,128.9820237125254,129.32388305664062,10431945
2023-11-02,130.59368534985728,131.86348485150452,130.20298468978498,131.61929321289062,4885035
2023-11-03,132.010011284818,133.81703561061366,131.61931057321306,132.7914276123047,9154983
2023-11-06,133.768170719931,134.7937785374841,132.8402455152017,134.451904296875,7070089
2023-11-07,134.3542375903962,135.72170475448337,133.52398008802413,134.84262084960938,8587321
2023-11-08,134.54957541656822,137.8705753090611,134.5007341143283,137.13800048828125,9755483
2023-11-09,136.698498018681,136.698498018681,134.40310519383814,134.74496459960938,5481774
2023-11-10,134.30539586168018,135.86822824796215,133.86585391062405,135.5751953125,5781314
2023-11-13,135.91708548419442,140.84976048662253,135.8194177530665,140.06834411621094,20245049
2023-11-15,141.1427795955701,142.02186361057946,139.1892463139705,139.72647094726562,11440473
2023-11-16,139.92181861216932,140.9962678581616,138.89621067813593,139.28692626953125,11453235
2023-11-17,139.53109076130312,143.09628227609738,138.50548302693383,142.70558166503906,13496261
2023-11-20,142.9986163028195,143.3404905554623,139.82412502987057,140.50787353515625,7741502
2023-11-21,140.80089730835988,141.19161288504247,138.94504675801218,139.53111267089844,9972235
2023-11-22,139.9218191208055,140.11716946507534,136.89383661965712,138.55435180664062,7445272
2023-11-23,138.55432763711661,139.23806117492805,135.86821988521413,136.11241149902344,13138745
2023-11-24,136.69847206985736,138.84735544206836,134.15888804970777,137.0891876220703,19614754
2023-11-28,138.35899501742188,138.50551896278972,137.1380366607405,138.0171356201172,8595693
2023-11-29,138.74969848684952,139.33574950418284,137.23570727625636,137.72409057617188,14680789
2023-11-30,137.72407360112248,142.94978022783909,137.47988198126234,142.51022338867188,27591484
2023-12-01,144.51261425285318,146.8080217049264,143.34049732373563,144.02423095703125,34466616
2023-12-04,148.46850712204338,153.8407228402752,148.07780648606334,149.9824981689453,51416976
2023-12-05,150.12900590457906,151.49648792742704,146.46613158239052,148.468505859375,29109123
2023-12-06,149.05457039679808,153.4988459450676,148.32199553882748,152.52207946777344,26688698
2023-12-07,158.04085093366547,158.04085093366547,154.57332625792463,156.62454223632812,51346222
2023-12-08,157.60127479129537,158.57804125444744,153.6453676346748,155.06167602539062,22869782
2023-12-11,156.0872926035535,159.45713411079822,155.4523854241006,157.50360107421875,22941648
2023-12-12,158.67573057734927,159.01760484774132,156.2826553974312,157.06407165527344,16306341
2023-12-13,156.47801150829443,160.09204506682656,155.69659522162573,159.0664520263672,16804086
2023-12-14,159.31062860031918,160.53158677504794,158.82224533042768,160.18971252441406,13887946
2023-12-15,162.14324974381393,166.24566633479037,161.4106748202726,165.1223907470703,39766631
2023-12-18,167.7596510738097,170.29925000665136,165.51308508003044,168.6875762939453,35901409
2023-12-19,168.88295603327995,170.348106079506,167.12478790123026,169.02947998046875,14732129
2023-12-20,169.7131948656387,172.20395264883842,162.28976282635244,163.3642120361328,24511237
2023-12-21,161.1664712039413,167.8573276368448,160.23854601725824,166.68519592285156,22646625
2023-12-22,167.95500935231416,171.17834202610004,165.46425160873986,170.73880004882812,19640046
2023-12-26,173.8644167465108,180.2133982569171,173.8644167465108,177.72264099121094,52736391
2023-12-27,179.72503661643714,180.60412050774272,174.93888671173076,176.01332092285156,26206240
2023-12-28,177.28314424934482,179.969252495547,176.5994105857122,178.45526123046875,20453485
2023-12-29,178.69942155900625,180.89714610240438,176.8924125436652,179.92037963867188,19305150
2024-01-01,180.5064603404384,182.65534375672135,180.16458608827477,180.65296936035156,18008785
2024-01-02,181.6785871475002,181.87393748615852,175.57379591270515,177.91802978515625,22790965
2024-01-03,178.11337280273438,180.4087650780282,176.40403147028692,178.11337280273438,18738690
2024-01-04,178.25989608837784,183.29023787929887,178.25989608837784,182.5576629638672,25403124
2024-01-05,183.33908702581545,184.26701231084388,179.77389491334156,181.62974548339844,22023938
2024-01-08,182.41115936042738,183.14373429761787,178.9436350102041,179.3343505859375,11472441
2024-01-09,180.60413121551065,182.36231400663604,179.92039760348268,180.3599395751953,11550790
2024-01-10,180.11574056547715,181.67857296126223,177.8203481829935,181.28787231445312,8701594
2024-01-11,182.65535052503972,183.29024284055572,179.5297004487818,180.06692504882812,10942508
2024-01-12,181.0436725040329,181.19018151389804,178.8459479304142,179.2366485595703,8853157
2024-01-15,180.60413879142578,185.48797180259766,179.8227374330587,184.2670135498047,24570393
2024-01-16,184.51120766337522,185.8298485557042,180.7995064487581,182.4600067138672,16471601
2024-01-17,181.97159231467717,184.12047552026596,179.52967619371873,181.33668518066406,16350370
2024-01-18,181.33671109193278,184.6088851232885,175.81798583170334,183.8274688720703,24831623
2024-01-19,185.5856304762826,189.19966345733442,185.5856304762826,187.3926544189453,22303305
2024-01-23,190.71364646634675,190.95783807513848,180.11572468307614,182.7530059814453,26628471
2024-01-24,182.4599980077395,185.78099837949526,179.72504863461856,184.8530731201172,14742783
2024-01-25,186.31819500427076,187.53915303182168,183.92512025112552,185.29258728027344,12592882
2024-01-29,185.58565296508894,189.1996863840803,183.19257778928892,186.46473693847656,28919512
2024-01-30,187.53917253671244,187.88104678169222,182.6553399185689,183.534423828125,20894159
2024-01-31,183.82745277727392,184.70655157202918,180.55529393668357,181.5808868408203,23757415
2024-02-01,183.33907614370656,184.0228097392352,177.33196789861802,179.13897705078125,27835431
2024-02-02,180.70179681741016,183.38790460793922,179.57852133944377,180.31109619140625,27710061
2024-02-05,182.6553292170884,182.6553292170884,174.64584717345045,177.3319549560547,23880364
2024-02-06,178.16219881073295,179.2854891978602,176.50169878658136,178.845947265625,12134363
2024-02-07,179.8715602543394,179.8715602543394,175.47611063189999,177.47848510742188,14192151
2024-02-08,177.96685557388852,182.753020427091,177.52731362417455,180.50645446777344,29094709
2024-02-09,181.8791309171204,182.07522402295524,173.05480650604716,177.12379455566406,21081134
2024-02-12,177.71206692427359,179.52596159173999,170.26041013369232,171.2408905029297,19640568
2024-02-13,171.33896763667977,173.44699473052125,168.39752613218744,173.15286254882812,13961795
2024-02-14,173.7901562202502,178.5945043429486,171.87822237390876,178.0552520751953,23449380
2024-02-15,179.42792858180897,182.66351717137485,179.0357423725655,182.32034301757812,17335763
2024-02-16,185.3107992436892,186.6834658463019,183.20277232661735,184.6244659423828,29843059
2024-02-19,186.24224730530716,188.74247529490893,184.6244606442996,185.065673828125,25343215
2024-02-20,185.4088712970877,187.71299152985347,182.61449584607166,186.92860412597656,17809897
2024-02-21,187.56591781644642,188.79151840991386,183.34984878272948,185.01666259765625,17870782
2024-02-22,186.04616050083615,192.17416315237887,185.0166530631882,190.9485626220703,31992371
2024-02-23,192.46830928372262,202.95944677711415,192.1251351526205,201.29263305664062,76179371
2024-02-26,201.635804503479,202.86140510211658,198.84144411515217,200.2631378173828,27013630
2024-02-27,199.57680692875581,204.92042261234323,199.13559370000917,201.3416748046875,28877205
2024-02-28,202.17507047482025,204.92041879051854,197.51778822958119,201.63580322265625,38996363
2024-02-29,201.4397168174682,201.8809300526549,195.8509809295645,201.0965576171875,24059731
2024-03-01,201.92995118246273,203.98896616789318,200.8024046186452,201.5867919921875,12949604
2024-03-04,203.89091101434528,208.79331337083804,202.3221512368344,205.5087127685547,34272251
2024-03-05,206.88138110612212,209.57770242385592,205.75383453944772,206.63626098632812,24964592
2024-03-06,207.66575660635394,209.28354332010372,201.58678097527633,206.34210205078125,26236957
2024-03-07,207.32260295730643,212.56817972357064,207.02845580912376,210.99940490722656,41484038
2024-03-11,212.22497528620215,212.22497528620215,207.7637865644377,208.40110778808594,22800967
2024-03-12,206.88138105002582,207.22455520202226,197.5668165003801,200.2631378173828,34719550
2024-03-13,200.11608362411064,201.58680442989018,184.5264341062804,186.58544921875,41620003
2024-03-14,185.31082407307838,193.30173457650739,182.61450255878756,191.43882751464844,34622781
2024-03-15,192.9095317656709,192.9095317656709,175.6040575179568,185.1637420654297,88781999
2024-03-18,186.29127607031288,188.25223687105301,183.3988618814099,186.19322204589844,22999225
2024-03-19,186.29128288561324,188.69345696221257,180.94766750029368,181.78106689453125,27819341
2024-03-20,183.25180936383907,184.28131693663622,178.9377009151936,183.79107666015625,16235947
2024-03-21,186.29131597032796,193.64492054810407,186.29131597032796,193.0076141357422,43152810
2024-03-22,193.35197325114962,195.7627200419991,189.66205009750175,194.33595275878906,31321524
2024-03-26,193.84397566307246,197.28790416470065,192.81079410971665,196.2055206298828,25723863
2024-03-27,196.79590671214595,200.68262286684362,194.8279476450245,196.2547149658203,37817130
2024-03-28,197.28790154468922,199.20665868153336,195.81193220644965,198.27188110351562,17425093
2024-04-01,201.71579765299447,209.3416387837784,200.48582327706157,207.71807861328125,45840349
2024-04-02,210.32562117770786,219.0830328490804,209.19405074201828,217.45947265625,93873385
2024-04-03,218.14828523655336,221.83820892125263,215.34395224478465,217.9514923095703,47658754
2024-04-04,219.9194223741498,220.31300817579645,214.7535299022738,216.77069091796875,18279026
2024-04-05,216.8199026850415,222.3793812095455,215.2455293787083,220.90341186523438,25365958
2024-04-08,221.93660239389467,222.08419332856616,218.5418757674159,219.96864318847656,16422350
2024-04-09,221.19861151362687,225.23291876345058,217.6562790370793,224.49493408203125,29048035
2024-04-10,225.3313220414959,229.11964940033,222.8713731109119,225.0853271484375,37218693
2024-04-12,227.5944643826433,231.6287713777473,226.85647974781915,229.75921630859375,57174716
2024-04-15,226.31527932305514,234.1871151255962,222.37936142178464,230.69398498535156,51676313
2024-04-16,228.77522921028364,233.15393489552739,226.3152805090978,229.7100067138672,32508661
2024-04-18,231.8255743898657,233.59672546452393,225.5280966305919,227.4468536376953,18623078
2024-04-19,224.88852101278363,230.74319612043496,222.08417339108664,229.5624237060547,27227241
2024-04-22,232.21916539199424,232.3667563134158,228.57844419168183,229.5624237060547,17549094
2024-04-23,230.49719236009673,232.31756039727662,228.03724366895375,230.59559631347656,19202860
2024-04-24,231.48119192950065,235.31870621505212,230.34962143908683,232.71116638183594,33392337
2024-04-25,232.61274592322457,236.20428007793714,231.67796840861067,233.7935333251953,16197834
2024-04-26,234.67911468626056,237.77864415751458,234.08872097062368,235.1219024658203,20473627
2024-04-29,236.3026715585429,236.3518735365431,231.08759220590287,231.62876892089844,19876408
2024-04-30,232.5143693469724,233.49834889138248,229.46402675356657,230.00521850585938,14514418
2024-05-02,230.93999479752713,233.59673654992645,227.05327862139328,230.98919677734375,19171145
2024-05-03,233.30154790600298,234.18712345956956,227.4468578080451,230.349609375,15782582
2024-05-06,231.33356850279688,232.07155307052463,226.3152674365143,228.13563537597656,32422021
2024-05-07,228.77524443923144,232.02237994381684,221.8381856372391,223.75694274902344,26418769
2024-05-08,223.56014478337642,228.92283018471267,221.00180703033965,227.88966369628906,18952985
2024-05-09,230.74318934869052,234.38391044215672,221.69058108499917,222.57615661621094,35229412
2024-05-10,224.24893310195623,224.83932683680274,219.5750302464866,223.46176147460938,18478580
2024-05-13,224.74090256672497,225.03609940747174,217.45946057142484,221.14938354492188,32874369
2024-05-14,222.13337067150368,228.18483855117256,222.13337067150368,227.25006103515625,23191411
2024-05-15,228.0864626349342,230.74320441639213,225.87250864799654,229.11964416503906,33045920
2024-05-16,230.98918521271293,236.155077533764,223.8553339122138,234.08871459960938,55556781
2024-05-17,237.13907451938962,245.65049172773269,234.03954490381275,244.22372436523438,82231249
2024-05-21,278.4662523890038,278.4662523890038,266.70768307700786,269.7580261230469,127035921
2024-05-22,272.5623389850753,279.94218570849796,260.0657865219437,279.0566101074219,85801218
2024-05-23,281.7133153904184,288.60117180611246,278.66300300069065,283.8780822753906,70631009
2024-05-24,283.3860381058976,295.09538575801247,281.41807950794,292.43865966796875,63609206
2024-05-27,296.9158580035649,298.34264050088495,285.0096982883248,289.7328186035156,49890427
2024-05-28,290.96274595361206,291.0119329164322,280.48334040722654,284.4684753417969,33893805
2024-05-29,280.82774287705496,289.2407856067589,280.4341570833739,287.4696044921875,31645904
2024-05-30,288.3059795449799,291.5530997263394,285.0096423737999,285.9936218261719,42769599
2024-05-31,289.48680647489334,292.4387452355673,281.71334371551285,291.2087707519531,51397345
2024-06-03,317.8253605340907,317.8253605340907,304.3448301346444,313.5450439453125,67256146
2024-06-04,307.0016026654367,307.0016026654367,226.36448599384053,251.45596313476562,268052657
2024-06-05,260.26255519625784,260.26255519625784,226.3152653880503,256.1790466308594,193487058
2024-06-06,262.72253337055145,276.99023649367126,262.72253337055145,269.2659912109375,95502477
2024-06-07,269.6103713639956,279.991342629499,264.39529225053957,278.6629943847656,60109827
2024-06-10,284.27165873464963,287.32200105293185,276.59663099196393,278.8597717285156,42363741
2024-06-11,282.4021313467123,285.84605977776977,280.77857109209117,281.6149597167969,32269277
2024-06-12,283.28771641015646,288.30601829752044,281.46734817285034,285.8460693359375,33990756
2024-06-13,289.1915804834062,298.14580029332984,282.45131463605685,296.0794372558594,49511492
2024-06-14,300.1137336688821,305.5256206694685,296.66980557759985,304.6400451660156,67366844
2024-06-18,307.98556664789743,315.85740221717276,307.24758206327783,313.1514587402344,64859245
2024-06-19,314.775037382903,314.775037382903,299.2281732282557,304.3448486328125,58698689
2024-06-20,304.83683529858655,308.32998052027824,297.40780212867696,306.9031982421875,39505506
2024-06-21,307.69041669285235,308.96957809387385,299.22818657371874,300.0645751953125,37620968
2024-06-24,299.91694801804084,306.90320867013196,292.6847225127079,304.78765869140625,39139609
2024-06-25,305.919191107069,309.9043257158006,304.24644413523254,304.7384338378906,29124110
2024-06-26,305.0336727678284,306.50964215218886,300.95016347683264,301.93414306640625,24238007
2024-06-27,301.1961383812668,303.21328439452793,296.37464471813445,299.62176513671875,39996580
2024-06-28,301.0977325708362,304.83684272854777,297.8997991366688,300.99932861328125,24256902
2024-07-01,305.96846412595136,307.49362047202305,300.9501622341132,302.7213134765625,39495237
2024-07-02,304.049671071161,304.049671071161,298.14579396298313,301.1961364746094,23974162
2024-07-03,302.0817017183774,310.3963403732343,300.85172736284653,309.4615478515625,44919849
2024-07-04,312.3151171440138,313.3975007031977,308.0347999041851,312.26593017578125,35591681
2024-07-05,312.56105819654766,321.56446392527283,309.46152901500875,318.8585205078125,63125211
2024-07-08,323.1880947697401,330.42032042947284,320.38374705031674,329.23956298828125,70983243
2024-07-09,332.5850868939758,333.91346528819224,323.4340891181255,329.43634033203125,52225572
2024-07-10,334.5530552907936,335.04504507798595,318.95697303106164,328.5015869140625,46779965
2024-07-11,330.1251525878906,332.78190949351017,327.66520361182586,330.1251525878906,31919433
2024-07-12,331.50269044349835,332.093084154396,322.84368277923755,327.7635803222656,24517961
2024-07-15,330.61713229609785,330.66631926264887,325.69723449407263,326.0908203125,22021426
2024-07-16,327.9111564417261,329.042726819812,319.3013361300529,320.9248962402344,26585927
2024-07-18,321.2693106054014,321.4661185192317,307.2967895262553,308.5267639160156,48043715
2024-07-19,304.9352152063651,311.8230711227404,300.1137220706362,301.39288330078125,43313606
2024-07-22,301.09772465697284,309.65835825182575,292.5370910621199,307.2967834472656,39386992
2024-07-23,311.92150539071304,311.92150539071304,276.5966469058272,296.6206359863281,76513131
2024-07-24,297.653811743054,301.58972991486297,294.5050651941378,295.2922668457031,24099148
2024-07-25,293.1767076933707,298.5393780180585,288.6995828953231,296.6206359863281,27820556
2024-07-26,298.9329607305925,305.52563540622106,297.1618096382569,304.93524169921875,24512844
2024-07-29,307.78879985618823,320.3837564664424,305.8700576971075,316.20184326171875,51391698
2024-07-30,319.9901671810232,321.3185155734563,312.511916466529,313.00390625,41111245
2024-07-31,314.7750212384837,315.46381886755387,310.3963306866429,310.9866943359375,25709971
2024-08-01,312.61030605223846,312.61030605223846,303.11487964499673,306.16522216796875,28141436
2024-08-02,300.4089158328719,303.7544700054009,296.8666138150623,298.0965881347656,26155604
2024-08-05,285.20645084509323,292.68470070378265,280.4341444858285,285.60003662109375,50390560
2024-08-06,287.3220042734171,297.7521926260629,281.76252629235387,282.6481018066406,39171936
2024-08-07,290.765939893589,296.1778270997303,285.1572447775742,295.3906555175781,22199473
2024-08-08,296.177837004106,297.8506142079568,292.38950982738885,293.4718933105469,21963656
2024-08-09,297.6537633463907,300.1137118037988,295.8333954821751,297.35858154296875,15551076
2024-08-12,294.2098360971115,298.78533423134974,293.47185155840634,296.5713806152344,15361379
2024-08-13,297.1618346737607,297.80141539828406,290.66756340694377,291.4055480957031,14746085
2024-08-14,292.1948495686581,293.082823860793,286.7683032044892,289.777587890625,16641055
2024-08-16,292.5401566267218,299.8413214615087,292.0468342715334,299.24932861328125,21353408
2024-08-19,300.72931823275735,301.46930182103677,297.07875059658437,298.1147155761719,12232725
2024-08-20,298.1147345473713,300.43335596019944,293.8228234402234,299.10137939453125,14183642
2024-08-21,298.95334777538943,302.6532654458769,298.50934561092805,301.3212890625,11862616
2024-08-22,302.30793804935007,302.80126041239083,299.4466743657154,300.4333190917969,13074829
2024-08-23,301.419977175644,305.07057486792866,300.03868051991776,301.9132995605469,21891698
2024-08-26,304.57726299639717,304.77457389116375,301.71596897718763,302.6039733886719,15280637
2024-08-27,302.5052959892033,303.34395007536733,295.5987825196325,296.88140869140625,16873099
2024-08-28,297.0293768861596,300.43331316802664,295.50008963488995,295.944091796875,14005947
2024-08-29,295.3520959145016,297.0293738325205,288.1989218649922,292.2441711425781,19185385
2024-08-30,292.8361529903347,298.11470848313735,290.41889139214135,295.3027648925781,28684991
2024-09-02,297.91741944463536,297.91741944463536,291.1095460071836,292.9348449707031,11713172
2024-09-03,295.99340084960363,297.325377175428,292.78680567373294,293.18145751953125,13971488
2024-09-04,293.18151022331193,297.86807324591075,291.3562112346133,294.9574890136719,17937646
2024-09-05,295.0068047056718,295.50012712156763,286.12700121954794,286.718994140625,26342723
2024-09-06,286.4723218391138,286.4723218391138,278.28315198636096,279.8124694824219,30062372
2024-09-09,278.23382763393647,280.7004395810458,272.06729776616305,277.7898254394531,29170063
2024-09-10,278.7271507977396,284.49902879201323,278.529809797419,281.9337463378906,19982334
2024-09-11,282.624425795,286.5710051456859,280.5524656138877,284.2030334472656,21650737
2024-09-12,287.0149568913482,288.59359454161176,285.14033785478904,287.8042907714844,16102095
2024-09-13,289.0869217842768,290.07356656852346,285.73233553983994,286.0776672363281,12330463
2024-09-16,287.01495935095,288.2976156259098,284.54834741065304,286.5216369628906,9184637
2024-09-17,286.6203227757322,286.96565448782553,280.10846088343806,280.50311279296875,15946216
2024-09-18,281.095088982772,282.18040425189645,276.6551875172701,279.0724792480469,10450571
2024-09-19,280.20708665805563,281.0457406506883,263.53279773455984,269.0580139160156,44560220
2024-09-20,270.3406690320036,275.6685448084427,269.20603355989294,273.64593505859375,38501362
2024-09-23,276.2605593702826,282.8710919420761,274.9285827941736,282.4764099121094,19445968
2024-09-24,282.47637750463576,289.48156119270556,280.7497492066612,287.9029235839844,25346532
2024-09-25,290.0736047960555,291.0602497103278,283.8084035684238,285.9790344238281,19263084
2024-09-26,286.71900131819825,288.00162758763156,285.18968372463075,286.6203308105469,18343882
2024-09-27,288.44562946141485,290.91224159960035,285.3377041893034,289.53094482421875,208588855
2024-09-30,289.530940388497,290.665575932677,279.8124826909342,281.2924499511719,32695169
2024-10-01,281.292411267048,282.7723783237564,278.77644920463956,280.15777587890625,13883476
2024-10-03,271.3766278295376,282.47638132372896,271.3766278295376,274.9779052734375,27321529
2024-10-04,274.97792254779733,278.13516789625885,269.8966776521302,273.4979553222656,17451235
2024-10-07,273.6952793404617,275.1752466369422,261.46088904489176,263.7795104980469,21704629
2024-10-08,263.434187767444,277.7405387885224,262.003540621331,276.5072326660156,29190708
2024-10-09,278.23382711510646,282.77239911132637,274.78057039559275,278.62847900390625,18984175
2024-10-10,280.15777556606105,285.7323121181031,279.6151029132032,283.068359375,19155691
2024-10-11,283.3643823064533,284.7949991181663,280.35509777352485,282.08172607421875,9677338
2024-10-14,282.2790818275773,285.33768671360326,280.84843483104606,281.8844299316406,11386559
2024-10-15,283.3150623184596,285.5843635367668,281.93376555210506,284.99237060546875,14701531
2024-10-16,284.3016916130087,287.16295549606156,280.94710533253266,281.8844299316406,11835439
2024-10-17,282.22975368544525,284.0550527212546,277.93787257882764,280.7497863769531,11695551
2024-10-18,279.1217927860114,283.95634602226096,274.0898985564422,283.3150329589844,10095514
2024-10-21,282.47639488343253,283.6110604942017,277.3458599769527,278.5298156738281,8393942
2024-10-22,278.23384430384027,278.3818350075316,267.0354193710275,268.0220642089844,15240897
2024-10-23,267.3807244315455,271.0313220120679,262.74348211142325,265.0621032714844,13503954
2024-10-24,265.4074529018803,269.50202282613407,264.7661397997699,267.72607421875,10700271
2024-10-25,267.380761432326,272.31398581299624,254.01173540471453,268.7127380371094,40406841
2024-10-28,273.00463252193845,274.2379385414448,263.82881767080477,266.44342041015625,24479817
2024-10-29,267.57810561898145,280.70047058289384,267.2327738862443,279.86181640625,34271117
2024-10-30,279.6644856154948,290.8135600112784,278.28315878273406,284.69635009765625,40787587
2024-10-31,284.10434658457785,284.59766892272785,279.9604269001156,281.0950622558594,18720310
2024-11-01,282.82175414820654,286.3736818049998,282.1804409861497,284.7950439453125,5265231
2024-11-04,285.14033564718477,285.14033564718477,276.55651419096506,280.3551025390625,15157659
2024-11-05,278.72713806083846,283.3643803663847,273.4485826985697,282.5257263183594,18761867
2024-11-06,283.66036731698375,300.2359871718511,283.36438593422156,297.8187255859375,52804364
2024-11-07,296.98008874127464,297.9667335543686,292.1455351791164,296.3387756347656,24357284
2024-11-08,296.33878111867443,300.43335114678445,291.8002088724516,293.77349853515625,22935845
2024-11-11,293.52681443927884,299.74266434810727,290.4682096785821,295.74676513671875,20155408
2024-11-12,295.99342002506404,296.83207407046996,283.46301986666657,286.27496337890625,14292965
2024-11-13,284.15369630699894,284.99235039101796,275.71789549188856,277.7898254394531,20001842
2024-11-14,278.2338103684811,280.6511019706499,271.8206197039594,277.1978454589844,20541591
2024-11-18,279.2204822403163,282.8710800945295,273.5472745622887,274.3365783691406,12999925
2024-11-19,276.26050942260304,281.3910737844538,273.3005753930751,275.27386474609375,13160982
2024-11-21,274.7312662914815,274.7312662914815,266.64076660219325,271.7713317871094,14858108
2024-11-22,272.3139491027441,279.71378467618825,271.82062673118116,277.09918212890625,13268900
2024-11-25,286.12699633862144,295.0067996732683,284.10438651195597,288.44561767578125,49366681
2024-11-26,290.07356959478005,296.9800831565605,289.2349154974191,293.9214782714844,27347402
2024-11-27,294.85881907838206,303.83729322423596,293.47752231209944,303.24530029296875,39464505
2024-11-28,303.8865766174366,305.36654371135273,300.2853293775757,301.6666259765625,27772319
2024-11-29,301.6173256965378,306.4518791671673,300.9266622964438,303.8865966796875,23241947
2024-12-02,303.68924378946315,305.2678814207356,299.2493423883891,302.80126953125,15549685
2024-12-03,304.8732492849979,308.57316735884496,303.6892634573627,307.9318542480469,21405136
2024-12-04,311.7797697091022,316.5650032092346,307.04388651701896,308.6718444824219,41441172
2024-12-05,309.80648226351354,311.18777902867345,306.45189580240765,310.2998046875,17911694
2024-12-06,310.29976748280313,311.631743889866,308.9184708832596,309.5597839355469,8359798
2024-12-09,309.41179277184364,312.86504932039094,309.06646109498735,310.3984375,11830104
2024-12-10,313.3090338903544,314.04901746601416,309.8064570095682,310.6451110839844,15811501
2024-12-11,310.69442460268374,312.27306221884066,308.819805606626,309.9051208496094,9281006
2024-12-12,309.3624706152446,311.7797624631561,307.93185369526475,308.7705078125,10978047
2024-12-13,308.81978482714135,312.12505052700493,304.0345521073394,311.43438720703125,15557064
2024-12-16,311.582399311701,313.1117167367982,309.8064508096616,311.9770812988281,10543307
2024-12-17,311.3357473597776,314.39435219069,305.8598808910543,306.4518737792969,18053073
2024-12-18,306.0571953779085,306.45184723254664,297.62136519873604,299.7426452636719,16598070
2024-12-19,291.0602317822838,296.4374582778594,291.0602317822838,294.51348876953125,13349532
2024-12-20,294.0201725541581,298.065422560966,285.4857004130952,286.9656677246094,14964305
2024-12-23,290.07358307877826,291.3562093272991,284.1537140363542,290.4189147949219,10201072
2024-12-24,292.2935500796097,293.3788654858741,287.6069868293881,288.5443115234375,10685518
2024-12-26,289.0868770904592,292.04681098558336,288.59355477460514,291.25750732421875,9172485
2024-12-27,291.8988654137569,292.19484680499914,287.458963885067,288.14959716796875,9495184
2024-12-30,288.14956566940293,288.59356781774034,279.0724527134468,281.0950622558594,25876258
2024-12-31,280.70042298832004,290.0735478332727,280.4537618081897,289.2348937988281,15725947
2025-01-01,289.2349309154305,290.6655779877798,286.37366688074314,289.97491455078125,6954271
2025-01-02,290.51759031367845,293.822826498053,287.45898523364934,292.836181640625,13361957
2025-01-03,292.5401861974629,293.28016980504503,287.60696214691546,288.05096435546875,8167968
2025-01-06,288.64293626452786,288.64293626452786,276.8031981694932,278.3818359375,12638091
2025-01-07,278.38181999462694,284.3510390083575,277.2965047094023,283.16705322265625,13247733
2025-01-08,283.16707329724954,283.16707329724954,276.3592298218615,278.33251953125,10996122
2025-01-09,277.4938659667969,280.30580983059605,275.8659079751273,277.4938659667969,12715512
2025-01-10,276.26050885753,277.2471535320212,266.3940621126182,267.3807067871094,15317565
2025-01-13,261.4608714931383,265.3087801836769,254.8503393019494,256.13299560546875,19429753
2025-01-14,259.48759718785993,267.3807560376808,257.71164849065485,266.2954406738281,18938129
2025-01-15,268.3674282141925,268.5647692495323,262.7435399171687,264.2728576660156,11376064
2025-01-16,269.7487017024759,274.33659433050576,267.7754119605265,272.46197509765625,17234302
2025-01-17,271.77133356711226,280.10846440969254,270.3900067013494,278.3818359375,12741720
2025-01-20,279.4178104344948,283.95635228079664,276.9511985136748,281.9830627441406,10483849
2025-01-21,281.98303650235454,283.06835166851596,274.5338812387118,275.27386474609375,13020489
2025-01-22,275.2739128388188,275.56989424947966,262.74351121397916,266.73944091796875,21272549
2025-01-23,265.21010657963853,273.2512856779982,263.5328285085154,270.2913513183594,11978782
2025-01-24,270.29135200463537,273.0046251745267,265.2101072530131,266.5420837402344,10164897
2025-01-27,263.4341623467767,263.4341623467767,258.3035973282288,259.4382629394531,13710372
2025-01-28,259.98089513935633,262.15152566270166,249.3251286843135,254.80101013183594,29049716
2025-01-29,255.54097133152345,264.42077342412466,255.54097133152345,263.6314697265625,14361301
2025-01-30,265.25944476131633,276.7538499772281,264.32212021293395,275.0272216796875,46735932
2025-01-31,280.10846527828227,290.27092524070645,277.8391941803683,288.7416076660156,50252116
2025-02-01,291.997515304229,295.59876249020135,265.7034095744425,278.0364685058594,61832253
2025-02-03,274.1392450161092,274.1392450161092,259.7835460886172,270.4886474609375,41786023
2025-02-04,272.3139884425802,282.18043729919543,272.21531793201154,280.7004699707031,29035155
2025-02-05,281.83505778133247,287.9029167773268,281.1937447363913,285.09100341796875,18818511
2025-02-06,285.0910297907802,286.0776746004247,275.27390189081353,276.0138854980469,16834939
2025-02-07,277.0005121511848,278.5297994618898,269.45268587414256,273.34991455078125,26682639
2025-02-10,275.17523080309866,278.4311767340126,268.36738765302033,269.79803466796875,21789085
2025-02-11,270.1433348933805,270.34067589789385,259.24092186923946,261.51019287109375,23839025
2025-02-12,261.4115533000847,262.200857100598,250.60778063424985,255.68899536132812,27997028
2025-02-13,255.68900420730844,261.95420496192156,255.14636158943316,258.05694580078125,18016813
2025-02-14,258.69827761921357,260.9675486065712,244.88523541679098,247.00653076171875,25683310
2025-02-17,245.625215779157,246.66119581257072,239.36003043852048,245.1812286376953,24947159
2025-02-18,245.67455941963203,246.41454303234175,237.3374137274367,241.3333282470703,21180375
2025-02-19,237.48540656947134,250.60778576418775,237.04141940884293,250.0157928466797,21516255
2025-02-20,248.6344729376801,257.46495534990635,246.90784465339067,256.7742919921875,18922988
2025-02-21,256.0343194943687,258.9942538237833,251.00242511236192,252.6797332763672,16594628
2025-02-24,247.64783608531206,254.9983516306525,247.154513702672,252.9263916015625,15409569
2025-02-25,252.926384955205,255.0969853157774,251.93974021585177,253.2223663330078,14770656
2025-02-27,253.66636775062503,254.94899386394283,248.5358030773382,249.07846069335938,11087361
2025-02-28,246.6611910592481,247.59850057427238,240.24800009170767,242.96127319335938,17754591
2025-03-03,244.19456863852176,255.44231244471885,241.09650481435844,253.95249938964844,24644079
2025-03-04,250.49922518557503,262.94081559904714,249.12778963887206,261.1747131347656,24998454
2025-03-05,261.46085359300287,272.1166046388278,259.8131436445983,271.2483825683594,28499877
2025-03-06,272.52112880202804,277.2471654263975,268.19962012475565,269.3046875,22586087
2025-03-07,272.1166312139894,275.99416826729987,270.3406825695804,273.2907409667969,25542382
2025-03-10,274.8792447555823,279.6842000694687,267.923380914014,268.6929626464844,20986855
2025-03-11,269.8041763707704,276.30248114148384,266.9270347514657,274.9928894042969,20980143
2025-03-12,276.5802245769067,278.1874367703465,271.95699168703294,274.6455993652344,15308721
2025-03-13,280.7669500750436,283.54484418415734,277.2152118729071,277.8600769042969,38015489
2025-03-17,278.7826945169963,281.1439193361923,274.536468210157,277.72113037109375,13883681
2025-03-18,277.72113037109375,277.72113037109375,277.72113037109375,277.72113037109375,0
2025-03-19,283.74326319201236,290.67809759334756,282.51305733387323,287.7117004394531,21095205
2025-03-20,292.4837395498496,295.4303053742539,288.80302253392284,294.7060546875,27889890
2025-03-21,298.6249073348683,298.6249073348683,290.4400053896435,293.4064025878906,41751586
2025-03-24,294.55726670966175,302.4941416915416,294.0116186653676,299.71624755859375,29935092
2025-03-25,301.6012424701591,302.09729714527447,296.2934513910695,297.6625671386719,19364944
2025-03-26,298.6943481060123,303.0893849486624,296.13468920939107,297.1764221191406,23869923
2025-03-27,294.6564862568375,299.61703316351833,294.28941063002725,298.2776794433594,14453677
2025-03-28,301.60122848137075,304.1608571644653,296.71013687801616,298.9423828125,20850848
2025-04-01,299.6170160999037,303.3870194235638,287.7117042018943,289.6959228515625,33171384
2025-04-02,287.6125124845601,288.45581154011865,272.2844402351665,280.17169189453125,52653587
2025-04-03,280.7669230850883,285.9754967465608,280.370085432902,285.2314147949219,20968721
2025-04-04,284.8345700681542,285.7274623325893,276.1039905530401,277.79058837890625,19699594
2025-04-07,254.9720856694907,272.3339981178023,254.17841035399118,269.95294189453125,24954083
2025-04-08,280.2212963558332,285.7274911049586,274.4174506374088,279.22918701171875,26787606
2025-04-09,278.7827522030337,280.5685370815237,274.4174767292313,277.939453125,11389916
2025-04-11,280.76694100363216,284.7353783323054,280.4196966820184,282.75115966796875,13883110
2025-04-15,287.6125040210562,291.8289688979957,285.2810409160993,291.3825378417969,19512440
2025-04-16,291.1840776930125,293.0194859416621,289.00142513622285,291.2832946777344,12479078
2025-04-17,290.68801604719033,294.259615473773,288.8526078427325,292.821044921875,13609937
2025-04-21,295.1525110690441,299.22016517610643,292.8210482035644,297.58319091796875,14064356
2025-04-22,298.624896971109,302.34530681709464,297.38476035578054,300.95635986328125,11962358
2025-04-23,303.18861817459975,307.8515138729347,299.41858454370174,303.4366455078125,21918666
2025-04-24,302.5933531379796,306.16495286971724,301.0555957491358,303.287841796875,17241517
2025-04-25,304.37912707415745,305.37123639353445,291.38251921173753,295.2517395019531,20307004
2025-04-28,293.66436685201637,305.4208686749267,293.51555650525034,302.6429443359375,29913417
2025-04-29,304.13109843269496,316.92933281888276,303.3870164463712,314.5978698730469,57882724
2025-04-30,316.48285025818495,317.921420779158,310.13335712340637,311.62152099609375,24863436
2025-05-02,308.3475798841215,315.2427521118331,308.1491761763161,308.69482421875,15451259
2025-05-05,311.47274932367014,314.3994538038169,310.7286672949722,312.81207275390625,10955241
2025-05-06,313.15928341679864,316.780476178404,306.76019682412465,308.0499267578125,17029890
2025-05-07,302.59334961987673,312.71287702934956,302.59334961987673,307.5043029785156,19274367
2025-05-08,308.0499209066627,311.22468260481514,302.39488609331977,304.7263488769531,17110997
2025-05-09,302.593335138848,319.2607591931639,302.593335138848,313.35772705078125,44244945
2025-05-12,322.4355212143501,322.4355212143501,313.7049715198707,320.25286865234375,39927141
2025-05-13,321.1458026755016,335.0849266705545,320.2528800558485,333.1007080078125,57985762
2025-05-14,336.3250822583202,343.269847968669,331.86059001595316,341.63287353515625,43684324
2025-05-15,343.7659111853109,348.23040353836694,338.1108754273961,347.6351318359375,35959338
2025-05-16,348.82563230097537,368.22135680318405,346.84141372164873,361.028564453125,68855818
2025-05-19,369.9575861391922,370.552857829615,359.68924787891996,360.8797912597656,52003735
2025-05-20,366.48520093822043,368.0725820103317,355.6712146919243,360.92938232421875,67088831
2025-05-21,364.0049084300885,380.87076710071415,361.12779741810135,379.9778747558594,88688170
2025-05-22,379.9778876502587,383.69829777738266,376.0094501813265,380.3747253417969,43486783
2025-05-23,386.0793363345486,386.82341832553516,378.0928684086688,380.77154541015625,37666187
2025-05-26,381.8628693156297,382.75576164383926,375.51337575452743,381.515625,26722908
2025-05-27,381.46602492385057,385.7320827927839,380.4243222720889,382.3589172363281,16859142
2025-05-28,382.4085633281068,390.39503153209415,381.06920964233683,387.3691101074219,27549144
2025-05-29,388.46038292783305,389.00606120696335,382.50772714892554,383.74786376953125,18562683
2025-05-30,383.7478688973991,386.92263079928205,380.62273062706726,381.56524658203125,23144580
2025-06-02,381.962109375,386.17857421875,380.72197265625,384.4423828125,11943152
2025-06-03,384.4423570781174,388.7084149943394,382.45813846094,382.9541931152344,18630318
2025-06-04,383.946314143069,388.2123721895045,381.069203115698,387.5179138183594,20648850
2025-06-05,390.59345350703256,391.5855628323979,386.4265822297887,390.39501953125,20746844
2025-06-06,391.73437411967495,393.7185927751862,386.12896247321027,387.61712646484375,17366507
2025-06-09,390.89105928691595,392.18078924999617,388.70840674364035,389.3533020019531,13744521
2025-06-10,393.3713593446415,398.6791504504223,391.5855746159558,394.2642517089844,26456073
2025-06-11,395.107534540827,395.107534540827,387.5179043394652,389.79974365234375,18042738
2025-06-12,389.70052385328023,392.62725842094926,382.5573550057477,384.3431396484375,15555771
2025-06-13,376.65429921068466,394.61148404995964,376.5054888672777,391.0895080566406,35564550
2025-06-16,393.0240766773944,401.3081950407595,391.0894817894909,400.663330078125,32061745
2025-06-17,402.59795623517454,404.28455421623414,397.3397888677344,398.5799255371094,24371681
2025-06-18,398.4807023776465,401.80427465545995,395.3555640745699,397.33978271484375,18879759
2025-06-19,397.83583127496325,400.61372521804424,390.34541813348807,395.4051513671875,18220823
2025-06-20,395.85164420413446,406.76484742780735,394.6115074741716,405.0286560058594,122552435
2025-06-23,407.75695021719395,419.06699095618444,405.82232483903005,417.5788269042969,43017721
2025-06-24,423.0354426383612,423.1346596338416,411.72540151944725,415.1977844238281,33807025
2025-06-25,416.98356719959605,417.0827841945921,401.8043055452632,402.84600830078125,29028317
2025-06-26,405.7231245099769,410.6340475503591,403.6396888518871,406.8640441894531,25730795
2025-06-27,407.2608718411914,413.5111483848048,406.2687625309814,411.22930908203125,41398277
2025-06-30,413.36233607862556,419.66223622386565,410.9812798007951,418.174072265625,20350621
2025-07-01,421.4480371929882,432.55967395577284,420.75357881829814,428.8392639160156,35405785
2025-07-02,427.6487091852915,429.3353071357022,419.26540361872327,423.5810852050781,22843521
2025-07-03,424.32516730109614,427.30149525426697,420.7039440699861,422.8865966796875,13499244
2025-07-04,426.60701052779746,428.98806685678386,422.3905458888599,424.17633056640625,16618426
2025-07-07,424.0771449883108,424.0771449883108,412.8662913993505,413.8088073730469,22221724
2025-07-08,414.70169819474785,420.00948914326506,412.96550687455453,418.6701354980469,15970711
2025-07-09,420.6047687062589,420.6543620627735,413.2135419791159,414.3544616699219,14956297
2025-07-10,415.14816649098225,416.18986918992545,407.2608851071857,410.2372131347656,17914452
2025-07-11,407.75691037136903,409.93956287822635,401.90347172796174,406.0703125,15186245
2025-07-14,402.3003055279451,407.11204150145124,401.9530612310746,404.0860900878906,17844425
2025-07-15,405.2766831979227,409.64195843037874,404.58219451869707,405.72314453125,11971127
2025-07-16,406.1695456890163,407.06243801316805,402.30032543317645,402.9451904296875,9173824
2025-07-17,402.9451845609661,405.47508143211815,399.869639687661,401.0105895996094,7922270
2025-07-18,401.0602010928656,403.7389084242327,391.0398906935702,391.6351623535156,21172393
2025-07-21,391.48636769326123,397.78626831628156,388.0139848606898,396.7941589355469,12980473
2025-07-22,399.82006401650534,401.5066620052003,396.59570866153354,399.9192810058594,12447434
2025-07-23,400.3161240480796,401.7050710873152,393.4705755658094,397.04217529296875,10413255
2025-07-24,397.5382239346563,398.7287369744533,392.875297934322,395.1075439453125,6767566
2025-07-25,395.8516380108779,397.5382360479501,390.3950364844122,392.0816345214844,9202508
2025-07-28,392.0816209989964,393.2225406780078,380.27549570022234,386.1785583496094,19856033
2025-07-29,386.92262314245613,387.66670511003775,375.0173116611498,385.1864318847656,25307639
2025-07-30,387.8651549803505,389.30369534392156,381.96209235148166,383.45025634765625,11335944
2025-07-31,376.0094029348653,385.1864134286582,375.81096897564237,380.0770568847656,9702316
2025-08-01,380.0770715136157,380.4739091705643,373.2315235317423,374.2236328125,8702605
2025-08-04,376.00945445645965,387.17068496473183,373.4795876519615,386.4761962890625,13454379
2025-08-05,386.9226630965875,387.17069044472635,380.3251416914496,383.5990905761719,13482710
2025-08-06,388.90686993967745,390.39503398281397,384.0455401207865,386.6250305175781,16852693
2025-08-07,382.95420781325555,387.2202658932116,380.4739344465894,384.6903991699219,11520396
2025-08-08,382.25970493278646,384.34314053859885,380.5731372722895,381.56524658203125,7139111
2025-08-11,380.9699750429961,385.33524995167573,378.5392951227676,380.8707580566406,8910936
2025-08-12,380.9699783580749,382.30933199359475,376.5550797794138,377.3487854003906,9329093
2025-08-13,379.1842169628049,386.8234410190346,379.0849999694979,385.78173828125,10930440
2025-08-14,385.6822730687998,385.83142863417856,380.41187709832144,382.7487487792969,8046552
2025-08-18,385.83144275939543,387.5716618955525,378.97001337766454,380.3621826171875,11778056
2025-08-19,380.3621917909198,381.555497080442,375.39013699626724,377.9258728027344,11111204
2025-08-20,381.75433716417723,382.1520954534448,369.0258898255405,369.7716979980469,20289349
2025-08-21,370.91527629009346,375.29067830561416,369.42365989750596,372.10858154296875,12680853
2025-08-22,371.71079416107784,377.826445669144,371.5119301829295,372.75494384765625,15246732
2025-08-25,375.738151767814,377.92583746469256,369.42363669964254,369.9705505371094,8577673
2025-08-26,369.92085783213173,369.97056623873425,362.2141732939623,363.80523681640625,15718869
2025-08-28,362.01527021861335,365.69460262859633,359.18122347653144,361.81640625,12218065
2025-08-29,360.275064574407,368.92645172675054,359.5789951378473,367.33538818359375,12739664
2025-09-01,367.88233672292273,373.1527025278823,365.4957262066261,371.81024169921875,8821349
2025-09-02,375.19121712072905,376.83201936886144,371.6610705956819,374.4951477050781,12169182
2025-09-03,375.63873252693435,379.06946240820946,374.992371485437,376.58343505859375,9919255
2025-09-04,379.3677584040085,379.3677584040085,369.9208548526636,370.4180603027344,9288078
2025-09-05,371.9096967714739,373.4013132023755,366.4404365248346,368.7275695800781,7325669
2025-09-08,369.57280840546497,372.40688556662957,368.77729181675784,369.8214111328125,6897641
2025-09-09,369.82141603082044,371.90968503759996,367.8325941856996,369.87115478515625,10598912
2025-09-10,371.6113620279412,386.82583651826076,370.96497067131645,385.8811340332031,23174318
2025-09-11,387.4224855325338,390.3062710197102,381.903486931564,382.9973449707031,19042696
2025-09-12,383.8426147382252,397.6152120359294,383.14651495611236,397.0682678222656,26356961
2025-09-15,397.76434716740664,400.8470269273563,393.4883925741616,396.2230224609375,18486916
2025-09-16,396.2230523539146,401.0459211495708,393.9856277322958,400.6481628417969,12467341
2025-09-17,403.2336141266324,414.32128943210535,402.73640868381284,409.89617919921875,31367478
2025-09-18,412.6805411833569,412.6805411833569,405.91855891241096,407.6090393066406,12000897
2025-09-19,406.7140406609978,411.13918111506246,405.9682325179764,406.6145935058594,16150731
2025-09-22,407.5095614373578,409.10062489505157,403.0844512843788,404.1285705566406,10884230
2025-09-23,404.1285972721155,405.4213496937683,400.05150637569454,402.18951416015625,11906108
2025-09-24,402.189505333258,402.6867107890554,392.7923100798836,393.23980712890625,10835672
2025-09-25,393.23981310575414,404.17833329954965,390.2565803256281,400.8967590332031,23804019
2025-09-26,401.39397118740845,403.87999854561986,392.19566996202633,393.6872863769531,11687034
2025-09-29,398.75877997448714,405.8688120018865,396.81966653655417,397.71466064453125,23390892
2025-09-30,402.7364105557349,404.12857973269803,399.6040223208149,401.6922912597656,14681751
2025-10-01,399.7531783325646,406.71405457218634,397.11799553982445,404.22802734375,13156495
2025-10-03,404.5263485188481,411.4872249313446,402.83586816973525,410.3436584472656,16002501
2025-10-06,410.393393756744,412.58107954553054,405.2224448977711,410.9403076171875,14684188
2025-10-07,410.9402991585538,413.2274320604379,406.8135000458437,408.00677490234375,11933246
2025-10-08,408.1062249525611,409.69728845284834,400.8470375629538,401.3939514160156,8668516
2025-10-09,401.4436878209362,407.7084642795984,400.7475880601906,407.0621032714844,9035150
2025-10-10,406.7140547949573,413.1777255924321,406.06769378461223,411.18890380859375,13813014
2025-10-13,410.64199330959315,410.69170171579015,404.0788752999383,407.11181640625,7858503
2025-10-14,407.708468847991,411.8352680120499,399.3554233605078,400.15093994140625,10789648
2025-10-15,400.74759016949633,407.9570691489724,400.74759016949633,405.819091796875,10892830
2025-10-16,406.8134914377868,410.39337662556153,406.7637526862693,409.4983825683594,11479498
2025-10-17,408.0565094113286,417.6525683041526,407.3604096586837,410.4927978515625,19566580
2025-10-20,414.172119140625,415.21623839461216,410.19447573951453,414.172119140625,10580573
2025-10-21,415.8129146979951,416.8073256050079,414.2715899309303,415.3654479980469,2915071
2025-10-23,419.14419677973757,420.1386076855021,415.66375860956185,416.31011962890625,21980966
2025-10-24,419.6413926688684,421.3319033089458,417.5531237449527,419.69110107421875,18720794
2025-10-27,422.6246036445406,422.6246036445406,412.28273706005274,412.82965087890625,12158324
2025-10-28,414.4704523792608,414.4704523792608,408.5537257125103,411.2386169433594,12247991
2025-10-29,411.2386182799948,412.5810790732889,404.5760834140735,404.92413330078125,14498733
2025-10-30,405.5207702577559,408.3548475135985,402.0403319586191,407.6090393066406,11172780
2025-10-31,411.4872035028686,424.8620417663239,405.86878818905325,423.7184753417969,51342361
2025-11-03,425.60788227946875,428.59111509918466,414.07270930716453,419.9397277832031,27222212
2025-11-04,417.6525494840166,420.03912941166607,412.1832899074402,412.82965087890625,12831686
2025-11-06,408.70288337372733,412.68052700753486,405.17273678752815,406.5151672363281,12786294
2025-11-07,405.7196246039529,413.6749113608932,403.03470318468135,411.9346923828125,10141248
2025-11-10,413.62523886826466,418.0503493027928,411.68612541410306,414.52020263671875,9288444
2025-11-11,414.8185089200637,425.50842630262815,414.8185089200637,424.9117736816406,24889361
2025-11-12,425.7570286508718,427.0000422988931,419.44251324952074,422.37603759765625,15221773
2025-11-13,420.78495682607763,422.82351733355375,416.6581577530571,417.45367431640625,9091428
2025-11-14,416.4592685614959,426.30396064935616,416.359851750113,424.46429443359375,14719899
2025-11-17,425.55814526948774,427.099469983943,420.03914671573744,422.1771240234375,12996079
2025-11-18,422.1771401426069,427.04977788430585,417.9508937706931,418.54754638671875,13340937
2025-11-19,417.6525896890106,421.87883613229224,412.730243457442,420.834716796875,9661756
2025-11-20,422.62462498730235,424.8123410672178,419.8402866556025,420.63580322265625,10463382
2025-11-21,419.14418974566877,420.98385595986235,413.1777244112108,414.0229797363281,8395038
2025-11-24,411.6861249612484,413.0285857859595,398.7587828730933,401.5431213378906,23696864
2025-11-25,404.2280209835966,410.09503908099185,403.7308155457324,407.9570617675781,14107503
2025-11-26,407.9570882092508,414.17215658538197,406.2168690639341,412.9788513183594,8339381
2025-11-27,412.9788491642838,414.9676710342722,409.69730521760835,410.7414245605469,5251173
2025-11-28,411.6860938567281,412.9291074251361,406.3659897145397,409.44866943359375,6690232
2025-12-01,413.5754774797031,416.8570515804613,411.18889744543185,414.9179382324219,9650320
2025-12-02,415.71347923551787,416.31013186591707,408.7028942826141,410.7414245605469,11215451
2025-12-03,409.69728678756246,410.39338654955003,401.1453470619148,401.6922912597656,12294040
2025-12-04,403.5319288713866,407.21126132004287,399.50457688724595,404.8743896484375,10865110
2025-12-05,406.7140624387108,408.40457312554963,403.08446868439376,404.62579345703125,11774958
2025-12-08,404.178344819902,404.178344819902,382.8482176952199,384.2403869628906,25593778
2025-12-09,382.8979136101939,388.81467073849797,378.423064458472,387.2733459472656,19270896
2025-12-10,387.8202413437346,389.2621492516377,383.5939951239631,385.18505859375,8372979
2025-12-11,383.8426121471774,387.820255796371,382.99735680232124,385.334228515625,7666925
2025-12-12,385.8314379706834,391.8973506679756,385.8314379706834,387.2733459472656,12661065
2025-12-15,386.8755294535111,390.206811873856,385.8314101987364,388.5660400390625,9087687
2025-12-16,388.5660815484745,389.0135786180461,382.59961580492785,385.8314514160156,8700626
2025-12-17,385.8314348619479,386.22919315838243,382.84820211817,383.4448547363281,6612962
2025-12-18,381.90350704839005,384.63813711677903,378.3236519637461,381.306884765625,7510229
2025-12-19,381.3565794258314,391.30068840694827,381.3565794258314,390.6543273925781,11595429
2025-12-22,390.8034882979109,397.0682649028128,390.70404113733844,396.7202453613281,9321669
2025-12-23,396.7699358145179,400.2503738479786,393.538100497733,397.1676940917969,7734965
2025-12-24,396.76993240356444,401.3939368245797,395.37776327155063,397.76434326171875,8097208
2025-12-26,400.7475797711622,405.2721370813869,394.9302701244366,396.2230224609375,13284184
2025-12-29,398.7587470014006,401.19506569919093,390.25654645476345,391.05206298828125,15690096
2025-12-30,393.587803254129,394.7811084158529,387.37273542642356,391.1017761230469,37726382
2025-12-31,393.68727514205665,399.05708801314887,393.48841116728306,397.3666076660156,9409818
2026-01-01,397.66491969622643,398.51017504520087,392.3945539741718,395.47723388671875,6084786
2026-01-02,397.4163207897227,403.3330779424446,396.7202513492345,400.8967590332031,10950368
2026-01-05,400.5984321241579,416.2604036032752,400.5486933715726,411.4872131347656,26097635
2026-01-06,412.3822317972524,413.37664274410184,407.90738253643013,410.7911682128906,9927677
2026-01-07,410.7911381889684,413.9235263732011,407.2609613774585,413.3268737792969,8279218
2026-01-08,413.3766125312123,420.58609136894376,411.7358103112228,413.3268737792969,22238704
2026-01-09,414.6693477037973,422.17713790351434,413.52578123157065,416.31011962890625,22963210
2026-01-12,417.1553754918649,417.4536866251637,408.3051244888536,415.3654479980469,14594852
2026-01-13,417.40399142173555,419.98946593115375,407.1118321391941,411.3878173828125,13393010
2026-01-14,408.7029033426613,418.4481185828291,408.7029033426613,415.2660217285156,17676239
2026-01-15,415.2660217285156,415.2660217285156,415.2660217285156,415.2660217285156,0
2026-01-16,414.2218381458624,414.91793789767695,404.07886542163965,407.9570617675781,18888193
2026-01-19,407.70845953500617,412.5810667624856,405.4213266569071,410.4927978515625,8012134
2026-01-20,411.58666067529464,413.0782770080248,403.7308207256511,407.0621032714844,32732305
2026-01-21,404.2280241033164,407.21125675352533,394.781120710988,400.3995361328125,19150437
2026-01-22,403.7308204731197,415.96206225505233,403.7308204731197,414.9676513671875,19763144
2026-01-23,416.6581699202649,416.6581699202649,406.21685539959003,408.4045715332031,12715222
2026-01-27,414.1224190581764,416.9067573560971,409.29952026801783,413.6252136230469,15482165
2026-01-28,415.66375799789597,454.94298871779284,414.9676582260801,450.4681396484375,71986647
2026-01-29,451.7111620221819,453.4016727310206,435.8005872453962,442.0156555175781,42412510
2026-01-30,444.35253159609937,449.42403342512193,436.8447108417874,446.4905090332031,36684903
2026-02-02,429.58548984048224,438.8832374145337,417.9011622811635,436.64581298828125,43652893
2026-02-03,457.429010741047,457.429010741047,432.81734114139283,436.4966735839844,26696516
2026-02-04,434.35865939047756,440.92177725496515,431.37542675634785,436.7452697753906,12400181
2026-02-05,436.54638125598905,436.54638125598905,425.7570170165924,430.48046875,14345511
2026-02-06,430.57990921224587,430.9776674931551,423.1715360488887,427.2486267089844,11078888
2026-02-09,429.5854999558252,437.1430287096356,427.09947275700677,434.8558654785156,12162696
2026-02-10,435.55196523298946,438.8335089966251,431.12682468028794,434.8558654785156,10878065
2026-02-11,436.24805844182873,436.24805844182873,431.9223651113867,435.1044616699219,8274702
2026-02-12,434.55754694767495,442.4631254439944,432.17096694688405,441.4189758300781,16140306
2026-02-13,441.4189988256017,443.7061621368923,430.3810316065381,433.11566162109375,14086068
2026-02-16,430.6296253729841,436.14862404116235,426.701720551122,435.5519714355469,8156650
2026-02-17,439.52960969940614,446.83853574910404,437.8390990617575,444.3525085449219,17963084
2026-02-18,447.48488674413784,450.9653247521478,443.65639886592464,445.19775390625,14341134
2026-02-19,445.1977588851793,446.73908359573124,430.5301985445293,432.9167785644531,9791516
2026-02-20,432.5687358043798,442.9106029588063,431.276013790206,438.6843566894531,9533724
2026-02-23,440.3251470036851,442.81117432495034,433.2648536889026,437.2922058105469,12915631
2026-02-24,434.55755206437163,435.05475750151624,427.9447258197509,432.6184387207031,12223376
2026-02-25,432.56874131555014,438.535206713006,431.12683337236,436.8446960449219,9469190
2026-02-26,438.1374379578767,447.3854469642441,437.5407853629794,446.5401916503906,13738213
2026-02-27,446.0927350078478,446.4904932977306,439.2313058795791,442.21453857421875,22732811
2026-03-02,439.62906652062566,454.1474717815863,439.2313082286156,451.412841796875,35034174
2026-03-04,457.4290055695177,458.274260888342,442.0156369035883,444.3525085449219,35193505
2026-03-05,446.2916018430224,465.28485619017204,443.35810788267736,457.42901611328125,38023711
2026-03-06,461.37367338602763,472.8081629796919,459.72591636203305,467.81494140625,28154230
2026-03-09,469.3628248727434,469.3628248727434,449.38993870794576,456.72998046875,21898419
2026-03-10,464.36958923873874,465.16849247060304,452.9351000659266,462.7218322753906,19398151
2026-03-11,462.8716251648443,469.1630719571855,452.6355212642194,453.484375,16015126
2026-03-12,451.3872331217367,454.3831660849341,447.89197799800644,452.93511962890625,14089623
2026-03-13,451.2873442781618,451.7866664184289,433.0620861584128,438.8042907714844,19502809
2026-03-16,431.31446482161357,437.20646006559326,421.67755347219696,428.917724609375,22324389
2026-03-17,431.8637246789886,440.4520409788001,429.71661512783135,438.7543640136719,14421128
2026-03-18,444.8461118082401,447.1429814880484,439.9028103751766,441.9999694824219,13700203
2026-03-19,435.5087753371483,438.404837645488,427.81920221302113,430.2159423828125,12237975
2026-03-20,431.6140751429234,438.35492411314317,424.1242429537904,425.5223388671875,17599734
2026-03-23,420.0297911009727,421.1782259300223,403.4522899246686,404.95025634765625,18894757
2026-03-24,411.94078445010706,416.8840860539908,408.19586822783333,413.8881530761719,14642804
2026-03-25,415.7356077086464,421.427892379131,411.9906916033816,412.8894958496094,15134997
2026-03-27,411.34156377723303,412.88948066286406,402.7032970407261,404.2012634277344,21818224
2026-03-30,399.45772932610197,412.6897666100291,398.80861661118826,400.1068420410156,22694742
2026-04-01,414.4373891123022,429.616794831717,412.0905688859432,418.13238525390625,25301241
2026-04-02,416.4346725140353,423.0257309800021,406.9475516773846,421.0284423828125,19686517
2026-04-06,421.4278804568256,427.4696660785803,419.4305919238549,426.5708923339844,12327836
2026-04-07,423.4251652322168,428.41838652033255,420.0797008739384,427.2200012207031,11417162
2026-04-08,439.40348740306126,439.40348740306126,428.2186591695922,432.5128479003906,20054221
2026-04-09,424.4238354117441,442.69901425193206,423.92451325243616,439.1538391113281,19917307
2026-04-10,443.4979462329217,446.8434107822526,439.8529005796771,441.8501892089844,10833065
2026-04-13,434.41027741934147,444.8960427363601,433.41163310343495,440.9513854980469,15149734
2026-04-15,446.893330785941,448.5910383112526,444.1969789460239,447.0431213378906,9915383
2026-04-16,449.2401324848322,456.38043294441087,448.2914082346191,455.0322570800781,12197884
2026-04-17,457.37908971818445,463.12129444717914,453.83391464120035,462.1226501464844,14128030
2026-04-20,461.37366682767515,463.7704070536168,455.38180102471836,456.9296875,9914017
2026-04-21,456.8797748350226,461.17393320583113,448.8407002770417,450.8879089355469,13492130
2026-04-22,450.18883395127864,451.2374287419903,444.0971281604044,448.0917053222656,11538028
2026-04-23,451.08762379040303,455.0822008247171,443.89737293815597,449.3399963378906,15021500
2026-04-24,449.3899368417641,450.5883221971577,438.15518842072,443.84747314453125,11651499
2026-04-27,444.3967107151517,447.6922246940179,432.36305916604374,435.00946044921875,18502535
2026-04-28,435.00945017737297,440.4021231410015,432.9622111378202,435.15924072265625,10883746
2026-04-29,436.4574649755619,442.1996695144127,434.65991748431645,436.956787109375,9507163
2026-04-30,435.8583134814188,435.8583134814188,423.9245020002352,430.71527099609375,15795581
2026-05-01,430.71527099609375,430.71527099609375,430.71527099609375,430.71527099609375,0
2026-05-04,432.4129770698985,438.0053911826717,428.0189482942214,432.96221923828125,10764998
2026-05-05,432.9123027563425,435.90823564738986,428.7179845183941,432.76251220703125,11671943
2026-05-06,436.40754121230975,439.05394240359664,434.5600432377948,437.6059265136719,9748728
2026-05-07,439.3036196943305,440.4021345151195,432.9123022954746,438.854248046875,15696400
2026-05-08,438.40484915072017,443.1983296161,437.20646379627243,439.1039123535156,11164661
2026-05-11,437.4061961244125,438.55463095506894,430.415686140689,431.3644104003906,7631226
2026-05-12,429.61677177029014,431.9136413720762,414.93668899444543,415.9353332519531,15199825
2026-05-13,416.0352035769296,431.4143190400613,415.18634986320717,427.6694030761719,13230827
2026-05-14,430.4156948802983,434.56006264527355,423.8745868817644,428.26861572265625,9807792
2026-05-15,428.26861564477605,428.9177283468002,421.627637121842,423.0756530761719,7593616
2026-05-18,423.2753956360961,427.2200223631989,414.0379357959335,426.02166748046875,10452161
2026-05-19,427.8192105623125,430.31582130377814,418.7315413681365,422.3766174316406,13350029
2026-05-20,415.7356180170917,419.4306141897217,406.44823803623035,412.73968505859375,28012723
2026-05-21,419.43059599219407,425.52233217208357,417.483227463177,419.8300476074219,19789651
2026-05-22,420.8786413317477,420.8786413317477,414.8867756896844,415.9852600097656,9175611
2026-05-25,418.7315454227762,421.9771394181091,416.7342568102637,421.2781066894531,8862027
2026-05-26,422.92587167057115,424.97308034649876,418.2821816541993,419.5304870605469,12315435
2026-05-27,421.4278921921968,421.4278921921968,415.53589695110145,418.5318298339844,10871894
2026-05-28,418.5318298339844,418.5318298339844,418.5318298339844,418.5318298339844,0
2026-05-29,412.73967652353423,418.53183174257776,409.34429200269096,410.1931457519531,26559872
2026-06-01,411.7909918946751,413.1391678233812,404.20128895918725,406.6479797363281,16453240
2026-06-02,405.24984949833356,409.044716168526,399.7573057839706,407.2970886230469,15004796
2026-06-03,407.4468629754008,408.3955872242812,402.5535121378489,406.04876708984375,6626958
2026-06-04,404.45094825986143,410.99205634370526,403.4523039431704,409.34429931640625,9119774
2026-06-05,409.54402447815625,411.441442511,404.55080308845965,407.6466064453125,11084641
2026-06-08,398.4590673526883,414.9366979574987,398.4590673526883,412.3901672363281,12017495
2026-06-09,416.4346649035769,416.4346649035769,409.44415494116674,411.4913635253906,10996007
2026-06-10,412.4401072640354,414.687057000946,406.54811182693334,407.7964172363281,5371511
2026-06-11,406.7977494860193,406.7977494860193,401.20533547869206,401.75457763671875,6994969
2026-06-12,406.7977673362203,408.44552435880803,402.7532395794621,405.94891357421875,8086130
2026-06-15,411.44144164283307,411.94076378074914,405.4495759878404,408.9947509765625,11500111
2026-06-16,409.0447061154138,410.24306097428115,405.59937113423456,406.9974670410156,9701695
2026-06-17,406.4482371801279,421.8273535727834,405.59938341510014,419.28082275390625,24506595
2026-06-18,421.9272151143893,429.41704733535477,421.17823189229273,428.0189514160156,23598062
2026-06-19,427.3198722862395,431.01486823463534,423.974407923698,426.32122802734375,10829044
2026-06-22,427.51962407457137,432.11339387620086,425.5722555302943,430.9150085449219,9754708
2026-06-23,434.4102674211774,434.4102674211774,417.93263658796036,419.43060302734375,15566093
2026-06-24,419.6303585227573,421.97714831095186,412.24036611975794,412.9893493652344,9620759
2026-06-25,413.0392972960314,414.48731327588115,405.4495943605436,406.6479797363281,21994027
2026-06-26,406.6479797363281,406.6479797363281,406.6479797363281,406.6479797363281,0
2026-06-29,406.24848135259623,417.7328905850087,403.00288743908834,411.0419921875,26669735
2026-06-30,412.93940667245596,413.88813092179834,407.94618531003204,411.24169921875,14611849
2026-07-01,412.4401054130302,417.08379541989694,410.84226840093464,415.6856994628906,8844076
2026-07-02,415.6856900384534,417.7328986637762,411.74103286142014,414.4873046875,10736747
2026-07-03,418.0325185114173,423.92451390508063,416.53455203118733,417.4832458496094,12085695
2026-07-06,421.4278780432778,429.31716160808884,419.53046004306316,424.9730529785156,16516762
2026-07-07,424.9730740828543,425.32260568672115,415.4360331094067,418.5817565917969,7821978
2026-07-08,415.9353525248167,417.23357792924986,405.44958733511544,407.04742431640625,12837834
2026-07-09,408.59530487751834,410.44280290799,403.5022129067767,405.6493225097656,10893635
2026-07-10,407.84632967314747,414.88679033685116,407.6466190970842,414.28759765625,9273712
2026-07-13,411.3915378532554,412.34023166700905,408.04607330196296,410.2430725097656,6650781
2026-07-14,408.79505363412613,410.6924717243592,405.1500080046404,409.5440368652344,10652838
2026-07-15,408.44551474415954,413.738317292416,407.84632207472174,410.39288330078125,9115088
2026-07-16,411.691107690617,411.9407687625943,405.9489030351384,406.548095703125,5679241
2026-07-17,406.5481077372203,410.6425555340879,404.55081910228057,408.8949279785156,6678047
2026-07-20,407.9961007792163,408.94482501796926,405.5494406246604,407.5966491699219,5382967
2026-07-21,407.59666153099965,410.3928838332693,405.94890454506145,409.49407958984375,5242231
2026-07-22,409.4940919522253,409.99341411311144,405.4495946395302,406.1985778808594,6665967
2026-07-23,405.00018664996276,406.3983130611988,400.0569156143689,404.80047607421875,9947413
2026-07-24,403.6520245120481,405.54944252222776,400.4563506703318,404.450927734375,6176660
2026-07-27,407.4468762149598,407.89627834244385,404.05149167507625,406.5980224609375,9683515
2026-07-28,405.59936907499844,405.59936907499844,387.4739814503334,388.4726257324219,35317783
2026-07-29,390.3700617623735,390.4200122645027,381.6818743935533,387.02459716796875,32630643
2026-07-30,385.4766886215101,386.9746550280704,382.1811747175593,384.378173828125,16521484
2026-07-31,384.4780459528546,390.07045998922797,384.4780459528546,387.3241882324219,17114563
2026-08-03,389.4712680674532,391.7182176909193,387.47397951326116,391.61834716796875,9389415
2026-08-04,389.6710128988952,393.5657195221647,388.72228863595546,390.96923828125,10632551
2026-08-05,391.7182326683631,392.16763480072126,384.6778024361254,389.4712829589844,13854251
2026-08-06,389.12174220416085,400.3564904868973,388.1230979123621,398.6588134765625,17574744
2026-08-07,400.45635986328125,402.45364844115295,397.80995859284224,400.45635986328125,10798068
2026-08-10,401.4549987052577,405.10004421517647,398.70872694794565,403.80181884765625,7836426
2026-08-11,404.7006119983069,406.2484985088667,400.85582525854136,405.2998046875,6803132
2026-08-12,405.44957498801335,405.69923605635574,398.7586461659559,405.1499938964844,13125672
2026-08-13,405.70001220703125,412.0,402.8999938964844,410.5,13819369
2026-08-14,410.45001220703125,412.5,408.25,410.79998779296875,7388147
2026-08-17,411.0,413.95001220703125,409.1000061035156,412.45001220703125,7410599
2026-08-18,412.70001220703125,416.3500061035156,410.95001220703125,412.0,9120934
2026-08-19,412.0,412.75,406.3999938964844,409.20001220703125,10660149
2026-08-20,411.79998779296875,412.20001220703125,406.29998779296875,409.3999938964844,6984638
2026-08-21,413.45001220703125,415.95001220703125,408.6499938964844,414.0,13688811
