Date,Open,High,Low,Close,Volume
2010-11-04,95.46334413780066,113.14538422840356,95.46334413780066,112.37445831298828,479716245
2010-11-08,115.40895495989493,116.75397325481991,108.09338254344706,108.50344848632812,46932779
2010-11-09,108.30661188627947,109.37278330877774,106.61714224982651,106.96159362792969,23741956
2010-11-10,106.7483707338413,107.5356953897304,104.99328638940803,105.89543151855469,21057129
2010-11-11,105.96104183235144,110.5373818541194,105.58378315937209,107.78173065185547,26548372
2010-11-12,108.257406458593,109.22516606633359,104.32077349646234,105.02608489990234,15004107
2010-11-15,105.37056850275715,105.92825228312542,103.35303567527423,104.05835723876953,9917395
2010-11-16,104.97688033098116,106.2726927021169,103.69747660422242,104.33717346191406,12100114
2010-11-18,104.84566679304588,107.91296218015745,101.69635821382639,107.24044799804688,23983896
2010-11-19,108.33941938349824,111.52153502474764,107.63410798176264,109.42198944091797,51723739
2010-11-22,110.22573742725697,110.55379021721905,103.33662883805341,109.35639953613281,11494521
2010-11-23,108.4214328320151,109.04473104874405,104.15674712304023,105.02608489990234,13147667
2010-11-24,108.04414599620284,108.04414599620284,101.69632499808037,101.9587631225586,16243562
2010-11-25,103.0085930559066,104.4356249301351,102.0572418102137,102.74615478515625,6489260
2010-11-26,103.33660187122422,103.66465457557732,98.74386401028092,102.58208465576172,13657322
2010-11-29,102.15564763325357,104.87849208572852,101.10588460079408,104.14037322998047,6493219
2010-11-30,103.33661884280806,104.64882987573262,102.35246056811465,104.07473754882812,6050064
2010-12-01,103.99273121616753,105.79702150540703,103.33662565644407,105.28854370117188,5053942
2010-12-02,105.69860195742532,106.92879979207238,105.35414055689878,106.56793975830078,6143344
2010-12-03,104.35357971304065,106.84678256599729,104.35357971304065,105.61658477783203,2453815
2010-12-06,105.30494219042875,106.58434602785027,104.48481024190515,105.10810852050781,2895539
2010-12-07,105.14090167284012,105.87902032732963,104.07473028302192,104.97687530517578,3484977
2010-12-08,104.51761144370633,105.86262976333826,104.07473821498445,104.59962463378906,2877153
2010-12-09,104.32080443241496,104.97691012066915,101.36832883527114,102.74615478515625,5313081
2010-12-10,102.35247255870425,105.6330005253294,102.35247255870425,104.09114837646484,5799900
2010-12-13,104.32076156728614,106.40389827381338,103.99270885795505,106.0102310180664,2809522
2010-12-14,106.43671646126681,108.58545792317224,105.87902279366719,106.7155532836914,7075931
2010-12-15,106.81397483609251,108.25740489913933,105.9610357043091,107.55209350585938,5380352
2010-12-16,107.1912351975002,107.27324838433839,104.12394000747723,105.2065200805664,2893052
2010-12-20,105.96103438848182,105.96103438848182,103.35301111647536,103.66466522216797,2905355
2010-12-21,104.58320540448834,104.58320540448834,102.09001268740026,102.77891540527344,4427901
2010-12-22,103.36943243230056,104.8784772145762,102.58210776674954,103.02497100830078,5425074
2010-12-23,103.35301101649486,103.64826648954964,102.35245417097605,102.66410827636719,3326534
2010-12-24,102.68050392573478,102.97574937883735,101.72915301623776,102.40165710449219,1859093
2010-12-27,102.40165802916022,103.10696939887815,100.54816210038406,100.81060028076172,5273320
2010-12-28,101.04025858812372,101.67996552854072,98.74388907475728,99.64603424072266,8055446
2010-12-29,100.41694164593193,102.15561709290567,99.82644073104247,101.77835845947266,5772875
2010-12-30,102.02438478917855,102.22121840197899,100.71217405234025,101.05662536621094,2643251
2010-12-31,101.53231612759228,103.81228652014453,101.13864886180467,103.25459289550781,4960987
2011-01-03,103.50065734702305,104.32078933867933,103.18900318564292,104.09114837646484,2929118
2011-01-04,104.61599469586125,104.97685463594692,103.68104258198525,104.71441650390625,2716995
2011-01-05,104.97687145755229,104.97687145755229,101.1222519587203,101.63072967529297,8555905
2011-01-06,102.02439833919611,102.68050379475365,101.2042665197492,101.4011001586914,2763146
2011-01-07,101.69634561141736,102.84453015864302,99.1211296960791,101.4011001586914,2298583
2011-01-10,101.66353606669192,101.69634334101231,99.10472885169368,100.10528564453125,5413595
2011-01-11,100.38414009153793,102.66411067659845,100.38414009153793,101.38469696044922,2781948
2011-01-12,101.66354123890744,102.64769945034192,100.46615075060382,101.20426940917969,1181115
2011-01-13,101.4995250957013,102.99217120690894,100.8762268346082,101.84398651123047,2070696
2011-01-14,101.8440063311111,103.50066913844306,101.02387424602043,101.86040496826172,2244505
2011-01-17,100.79423422049197,103.00859087138967,100.44978274601466,102.72974395751953,1707118
2011-01-18,102.84454202937043,102.99216977846056,101.04025181832884,102.07361602783203,844507
2011-01-19,102.02439041531032,102.58208401376997,101.0238336778448,101.49950408935547,1426048
2011-01-20,101.3026892175316,104.71444596209096,101.07305829023967,103.5662612915039,6121175
2011-01-21,103.812289424637,103.812289424637,102.35245078548643,103.0577621459961,2413133
2011-01-24,103.30381533176747,103.30381533176747,101.36830598989897,101.84398651123047,1097986
2011-01-25,102.02441049391223,103.56626250271144,101.22067721055129,101.69635772705078,2452476
2011-01-27,102.02442611508938,102.6477244652855,100.77782941469717,101.13867950439453,2455783
2011-01-28,100.72860773295744,101.59795565772221,99.41639653950351,100.07250213623047,4236476
2011-01-31,99.071901107206,100.87619069690678,98.59622075628135,99.84282684326172,3673855
2011-02-01,100.22013562109264,101.64716737771101,99.56402998691199,101.13867950439453,4863055
2011-02-02,101.72917007356435,103.30381942838876,101.22068225277364,102.51649475097656,3374631
2011-02-03,102.02440694591027,104.97688174498806,101.99159966808985,104.1075439453125,4211492
2011-02-04,104.10752043587266,104.35355994690212,100.71217318139148,101.08943176269531,1688679
2011-02-07,101.49951949330965,101.84398088982584,99.77724254485516,99.94126892089844,1799233
2011-02-08,100.67938934972753,100.85982437331279,97.16923084867926,98.8750991821289,3841730
2011-02-09,99.07195016817872,100.99106113894375,97.43168609254661,97.9893798828125,4490558
2011-02-10,98.44866145880339,99.72806556076115,96.20149745293818,97.64492797851562,2690945
2011-02-11,97.79253786468692,100.05610009404744,97.75973058369225,99.92488098144531,3292240
2011-02-14,100.3841386191501,100.71219135973554,98.44862945197092,99.33436584472656,1942474
2011-02-15,99.89210125751184,100.99108040005919,99.0719690632794,99.21959686279297,3035367
2011-02-16,99.81005951865134,99.87567407999316,98.56346294416865,98.77669525146484,1619527
2011-02-17,99.38359926876868,100.51537541629656,99.0719451057726,100.07250213623047,2752128
2011-02-18,100.8523616862744,101.28378623213574,99.59129636545558,100.33798217773438,1990388
2011-02-21,100.05592018761259,100.85238319841656,99.55812953991303,100.17207336425781,953044
2011-02-22,100.38773317692589,100.71959345189094,99.65763652097405,100.00609588623047,1436876
2011-02-23,100.35455927401348,100.35455927401348,99.22623620555196,99.7738037109375,2131294
2011-02-24,100.02270679048671,100.55368537242357,98.97734872054563,99.32579803466797,2899140
2011-02-25,99.59130624661817,100.55369936352626,95.90765384837982,97.11894226074219,1964843
2011-02-28,99.22625172354,110.09467896081738,98.26385866544874,108.75064849853516,20923045
2011-03-01,107.8545950314752,112.79931136278834,106.41100073400098,112.3678970336914,7867356
2011-03-03,112.16876944736333,112.16876944736333,108.58468264031052,109.19861602783203,4387230
2011-03-04,110.4099367532991,111.15662250196189,107.27385255788599,107.605712890625,1402888
2011-03-07,106.8590072676583,114.01059205705829,105.66430826648069,113.16435241699219,7183263
2011-03-08,113.8280959302536,114.32588643723722,111.28936637015191,111.9198989868164,3110206
2011-03-09,112.76615448813101,113.23076712802174,111.52167804751343,112.68318939208984,1603527
2011-03-10,112.76615776407472,112.76615776407472,109.43096485735975,110.94092559814453,1612997
2011-03-11,111.1566082750519,111.17319723853618,108.88336326122706,109.49730682373047,856545
2011-03-14,109.81256297747795,111.42208733682283,108.53489889314967,110.77495574951172,1128910
2011-03-15,109.18205380272724,113.79491058529118,106.24508771595366,112.3181381225586,4638465
2011-03-16,112.53385194584888,115.45421911068142,110.67543187387606,114.12677764892578,3717632
2011-03-17,113.49625201974837,115.32148414287298,112.33474066866907,113.8115234375,1815524
2011-03-18,113.99403704323652,115.15554833770909,112.03606288664056,114.29270935058594,2926170
2011-03-21,113.94424939930197,116.11793056830537,113.92765030581086,115.20531463623047,3943734
2011-03-22,115.32146480348375,123.25292467380575,115.28827674493206,119.46971893310547,9681241
2011-03-23,119.80156843452755,120.73077322454193,116.83141469516326,117.44535827636719,2695567
2011-03-24,117.44537979087984,119.91774353259102,117.44537979087984,118.90556335449219,2324343
2011-03-25,119.46974324073153,120.13346403651337,118.3248208169776,118.8392105102539,2203586
2011-03-28,119.41993192617481,119.46970894605445,115.93539874858155,116.46637725830078,1128268
2011-03-29,116.81485150609205,116.81485150609205,113.04823424025281,114.90665435791016,6481785
2011-03-30,115.15554684256139,116.31705812195321,112.8657123458467,113.29712677001953,2449230
2011-03-31,113.62900195119387,115.78609460846201,113.29714154238339,114.98963165283203,3248352
2011-04-01,115.15553302879096,115.65332351738803,113.69534962108753,115.12234497070312,2169798
2011-04-04,115.27169327221291,119.78499600581782,114.60797257984673,118.12569427490234,2719239
2011-04-05,116.51617892581372,119.8015945913069,116.51617892581372,119.0549087524414,1328250
2011-04-06,119.05488580413419,122.0582175483034,117.74403353310132,121.61021423339844,4513558
2011-04-07,121.89230639314376,123.05381765520366,118.90556314784682,119.35357666015625,2485182
2011-04-08,120.46528890718464,120.69759516822755,116.64889545695702,117.89337158203125,2121665
2011-04-11,118.27503468134483,120.46531516439424,117.01396931743069,118.67327117919922,2751598
2011-04-13,118.8059875334096,119.27058992841678,116.15110513042838,117.44535827636719,1432901
2011-04-15,117.81042744927355,119.05490379556868,116.31705583371937,118.62348937988281,2609120
2011-04-18,119.15446254831694,119.22083867376512,116.30047145039245,117.04715728759766,979661
2011-04-19,116.81483433608076,117.74403919454296,114.79048432917378,116.01837158203125,1488088
2011-04-20,116.6489154103992,122.42328359296667,116.48298523200603,121.6434097290039,4296720
2011-04-21,122.68879199100179,122.70538095970922,118.82261029007563,120.23301696777344,4895594
2011-04-25,120.46525609498856,121.22853052610517,119.30374536129032,120.84689331054688,1832622
2011-04-26,119.98409961561828,121.1290218180789,118.83918754073132,120.94650268554688,1277232
2011-04-27,119.46972489249312,125.1113507901942,119.28720575271477,123.0704116821289,3734876
2011-04-28,123.45206245190869,126.70429015364395,123.03723697323963,125.01181030273438,7546827
2011-04-29,125.0117973591673,127.20206755770188,124.28170054127304,126.2894515991211,3799109
2011-05-02,120.13344544008564,127.08592375070032,120.13344544008564,126.00737762451172,1855839
2011-05-03,125.44321754835497,127.60030991360445,122.30713305861626,123.28612518310547,2031295
2011-05-04,123.12019461051541,124.38125993824559,119.90114504001929,123.35250091552734,2881731
2011-05-05,123.10360492857384,124.43104637219206,121.2119968203881,122.22416687011719,1537387
2011-05-06,122.60581398507715,123.75072614989791,121.3115504797349,122.70536804199219,2241153
2011-05-09,122.78833044493743,130.71979084546044,122.34031694347485,130.18881225585938,6109075
2011-05-10,130.08925800990613,131.53285256690847,127.76623554544354,128.1478729248047,3322937
2011-05-11,128.52951184357227,130.57046113528264,126.60472582956535,127.4841537475586,2854705
2011-05-12,128.06489356736674,130.487479944061,126.22307286965152,126.72086334228516,2726810
2011-05-13,127.10253862700168,129.93994111712232,126.78726718251,128.3802032470703,2281880
2011-05-16,128.76181355556471,130.50408036269542,128.09809286713397,129.06048583984375,1551570
2011-05-17,129.42552195151004,133.2087274907319,129.25959179516195,131.94766235351562,5674815
2011-05-18,132.61139319911607,132.61139319911607,122.92106727053611,124.0162124633789,8642834
2011-05-19,124.46420082752343,127.68324977209188,121.2949390297585,124.81266021728516,11416019
2011-05-20,123.45203794197387,123.98301647476582,120.34914195205748,121.1124267578125,5400664
2011-05-23,120.79718488282427,123.93326969523552,120.28280531690842,121.26178741455078,1974392
2011-05-24,121.79278791526997,124.58041373304675,119.2208693693753,123.02067565917969,3890213
2011-05-25,123.98301709101602,127.73303464127198,123.12017823688709,125.22749328613281,3824128
2011-05-26,126.10691830610538,129.69100561746023,126.02395322827242,129.0770721435547,5232851
2011-05-27,129.25964696534976,130.91894923704874,128.0981353751605,128.72866821289062,2737715
2011-05-30,129.42555480638512,131.74857758496125,129.42555480638512,131.06826782226562,2529091
2011-05-31,130.7529840280512,140.16122741700585,130.7529840280512,135.54837036132812,11708250
2011-06-01,137.7220393973859,138.25301796033636,134.43662409751724,137.53952026367188,4496698
2011-06-02,137.0582907716359,137.22422090574202,132.94322547131904,133.65672302246094,2842746
2011-06-03,133.60698917571702,135.4819982714108,129.45873448277732,129.97311401367188,2764367
2011-06-06,130.08927015417228,132.6777770909038,129.5417025476608,130.7198028564453,2009110
2011-06-07,131.0848300875241,134.17112709931487,130.52066347662432,133.78948974609375,1982013
2011-06-08,134.08816816573395,137.32380652512867,133.64016480264615,135.28286743164062,3290373
2011-06-09,135.3990415824939,136.52736490349957,134.58597956117666,135.18333435058594,1360848
2011-06-10,135.6645043938734,136.7098725781279,132.99303267929272,134.51959228515625,1845651
2011-06-13,134.40343966151747,134.42002862773003,131.08483621308494,131.51625061035156,1548256
2011-06-14,132.14678641439033,133.57378177110192,130.15562445010062,130.9852752685547,2432283
2011-06-15,131.01850617644482,131.86475642999252,128.960977391263,129.47535705566406,2682187
2011-06-16,129.42553107165503,131.64899937442834,128.74522143371814,130.8359375,1462308
2011-06-17,130.91890241094265,133.60697315516114,130.42111190747897,131.28395080566406,3800502
2011-06-20,132.79391128180768,134.8514494138203,130.354735789321,131.28395080566406,3967696
2011-06-21,131.73197371189823,132.67776763410743,128.84478453415338,129.3425750732422,2133725
2011-06-22,130.10583118161,130.4211025288285,124.81266528529169,125.65890502929688,2533012
2011-06-23,125.65889992692887,127.03611813937194,124.4476118636373,124.81266021728516,2255855
2011-06-24,125.6423459398405,129.92334295419545,125.6423459398405,129.42555236816406,2896582
2011-06-27,135.59812013115382,135.59812013115382,127.9985213132539,132.01402282714844,2439080
2011-06-28,132.08040464256052,133.3082918523271,129.97308962840205,130.22198486328125,1186089
2011-06-29,131.44990323118526,131.582645362404,128.59590183589296,128.94435119628906,2091679
2011-06-30,129.42553388670734,130.68659914021492,129.1766386292329,130.371337890625,1614539
2011-07-01,130.37138169762366,131.0848796499497,127.10255419222969,127.51737976074219,2254393
2011-07-04,128.41339678576165,131.48310574763337,128.41339678576165,131.11805725097656,1683417
2011-07-05,131.08483562384345,131.66559122470858,129.85694830241331,131.20098876953125,882850
2011-07-06,132.06380328061465,132.99300801923988,129.8403353400564,130.13900756835938,1853087
2011-07-07,131.08483275206086,131.38350502901918,130.27177087763252,130.8359375,1111992
2011-07-08,122.78833494694031,125.67552417104686,119.80159166444717,120.34915924072266,19402497
2011-07-11,99.22623360733428,121.7927348959588,99.22623360733428,118.39116668701172,8003993
2011-07-12,117.9763642686182,122.34032620972016,117.14671332439444,121.22859191894531,7031368
2011-07-13,121.79272487949017,122.95423587970329,121.32812250491936,122.17436218261719,4671340
2011-07-14,121.57705648614228,124.61357704371642,121.57705648614228,123.26954650878906,3791759
2011-07-15,123.26954538460114,124.03282022727734,121.0626656985639,121.41112518310547,2338930
2011-07-18,122.25734863668524,123.75072018386194,121.12902549322207,122.42327880859375,1928820
2011-07-19,122.68877887982481,123.40227662677924,120.83035884229679,122.73855590820312,1751354
2011-07-20,123.78391713683772,123.9830353829481,121.64341371440675,121.82594299316406,1144234
2011-07-21,121.77613894370357,124.11574996555471,121.6433867240354,122.09140014648438,1786938
2011-07-22,122.80491865459364,123.45205038911463,121.85912475770411,122.43988037109375,1621371
2011-07-25,123.02062545249142,123.21973354369113,121.87570329022647,122.4896469116211,1674691
2011-07-26,122.97082615499063,124.9288099640125,122.7883070468958,124.09915924072266,2173138
2011-07-27,124.3978401062646,132.8934661276901,124.38124101410378,132.3956756591797,8304568
2011-07-28,133.95544725724818,135.6313483390653,129.98972158864547,130.6534423828125,5536482
2011-07-29,129.42548193013522,131.08478298052157,127.79936892627057,128.8447265625,1971794
2011-08-01,129.9233672842526,131.0185027275717,128.42999524650259,130.00633239746094,2027360
2011-08-02,129.75741286052107,132.2131777280184,129.42555246957343,131.84812927246094,2508279
2011-08-03,129.7573731091558,131.51622859132002,129.7573731091558,130.0892333984375,2524242
2011-08-04,131.98090609382336,134.901274026641,130.43774688665974,130.80279541015625,4004932
2011-08-05,129.22641301650577,131.48306938140578,124.51400231442472,130.38792419433594,3203823
2011-08-08,126.47195532089935,132.62795949246143,125.50956252994403,130.1721954345703,4596727
2011-08-09,127.10251156447117,128.761813282023,124.86245424577618,125.77507019042969,4161457
2011-08-10,129.0770772925389,129.1600423736814,126.15670035977868,126.53833770751953,2365785
2011-08-11,126.14015168608874,128.96096534595424,126.14015168608874,128.18109130859375,1581039
2011-08-12,129.42551084960303,130.68657587864723,126.47195634547269,127.84917449951172,2785578
2011-08-16,129.45875939589902,131.21761567315087,128.16450570814987,128.4465789794922,3817965
2011-08-17,129.2264130900973,132.41227434804628,128.76181064421542,132.04722595214844,4815761
2011-08-18,133.2419150514849,134.10475388679743,128.84476592463017,129.4918975830078,3881299
2011-08-19,127.76622601234665,132.22975146562555,127.5339197322039,130.57044982910156,4263628
2011-08-22,131.0848451747445,132.0638373099908,129.7574037046205,130.88572692871094,2422421
2011-08-23,130.9023045818282,130.98526966012128,126.67108558888185,130.22198486328125,5401601
2011-08-24,128.54610624316823,128.87796658708885,122.95425742259093,124.08258056640625,5263656
2011-08-25,124.14896259151071,125.22750876055504,120.01729706214185,124.36466979980469,5596203
2011-08-26,125.11136714846343,126.73748103548806,118.4741593421789,119.27062225341797,5864875
2011-08-29,120.61464262904835,123.65116266430915,120.61464262904835,122.57261657714844,3603683
2011-08-30,124.24854534672701,125.7419173103357,122.82154952142055,124.64678192138672,2721134
2011-09-02,127.1025359191861,129.65786510488417,124.51402879483878,128.81161499023438,3519216
2011-09-05,127.18549547438036,128.41338297813124,125.95760797062948,126.45539855957031,1574228
2011-09-06,126.0405651229529,127.41779376759314,124.53060448272001,125.6921157836914,2150209
2011-09-07,126.27283409045526,130.421087509984,125.94097381689296,129.84033203125,3479610
2011-09-08,129.98985086148105,130.0562949140585,127.76411703128359,128.29563903808594,1874028
2011-09-09,129.2092042973866,130.70410441588498,126.11973796972579,126.5848159790039,2337246
2011-09-12,126.03666496783346,126.73428692344008,123.03025933321294,125.40548706054688,2230973
2011-09-13,126.06988060728033,127.43190242535499,123.91058093943494,124.90718078613281,1863685
2011-09-14,125.55498031681229,127.1329301441513,124.80753039859908,125.50514221191406,2263022
2011-09-15,126.75089968137732,127.03327169501169,125.04007179350647,125.7376937866211,1389227
2011-09-16,126.73430057114516,127.23260057339081,124.75770650706158,125.95362854003906,2933473
2011-09-19,125.27266346314516,125.90384164432764,124.69131327085606,125.0733413696289,683397
2011-09-20,125.37226019115812,126.46852611844096,123.94380444892843,125.70446014404297,2411501
2011-09-21,127.06650037649857,128.71089443654668,126.30244442941044,127.71429443359375,3797201
2011-09-22,126.21939863330772,126.63464864836934,124.25941045186498,124.69127655029297,1916877
2011-09-23,123.64483820808451,124.04347210646968,121.13672224392816,121.45231628417969,3128059
2011-09-26,121.25299175752362,121.25299175752362,113.64561430224208,115.10729217529297,6521673
2011-09-27,117.56557466134477,119.34284663887833,116.63541874271708,118.97742462158203,4671317
2011-09-28,120.18996259472667,120.45572869219471,116.6022064513981,118.14693450927734,2221187
2011-09-29,117.76488803534242,117.76488803534242,114.45949431598748,116.48591613769531,2605432
2011-09-30,116.85132275767707,117.81470050549053,108.01480279020561,110.68901824951172,14757839
2011-10-03,109.62598545594514,112.84832908361332,107.4168577766175,111.88494110107422,8622229
2011-10-04,110.95480469655901,112.58258273787264,105.42367649002212,106.27078247070312,6097620
2011-10-05,106.93519025570372,108.89516845325204,104.49351794764901,107.8653564453125,6675945
2011-10-07,110.95481106404415,112.91478923189875,110.0578669194281,112.13411712646484,7803489
2011-10-10,113.28017938990241,114.60897914814174,109.90835203095764,114.16050720214844,10170568
2011-10-11,114.64220347123008,115.48930927893902,113.71203753902607,114.8581314086914,3946651
2011-10-12,114.94120433673778,115.98763234863168,110.39006010984708,112.26699829101562,10114266
2011-10-13,112.91473202602425,113.1638819246421,109.04460562841399,110.30696105957031,5951310
2011-10-14,109.69243813181134,109.95819406228482,105.98840022147691,107.1511001586914,9162659
2011-10-17,107.61617821390823,107.83210615453541,105.68941241476745,106.6860122680664,6312019
2011-10-18,106.86871693916875,110.07444409818548,106.68600090276597,109.642578125,12213184
2011-10-19,110.58937333041386,112.44969527991458,110.29039537055138,111.23716735839844,4426087
2011-10-20,110.87175024713962,110.87175024713962,108.46330024177104,109.5263442993164,3657774
2011-10-21,109.92497437016932,110.75547434295383,108.79549643477023,109.14430236816406,1766269
2011-10-24,110.62260786560869,110.63921381161363,107.36705168930438,107.81551361083984,3643726
2011-10-25,107.6992373045439,108.23074916087695,106.4866992701947,107.59957122802734,3614659
2011-10-28,113.6124079126248,113.87816387595781,111.23717977478807,112.35005187988281,8671739
2011-10-31,112.86493978155664,112.86493978155664,110.05784598052648,110.29039001464844,3014703
2011-11-01,109.85853629998371,110.43988625894475,109.24396431578002,109.45989227294922,1928657
2011-11-02,108.06465502489016,109.29379906960246,107.96499908091428,108.26397705078125,3310414
2011-11-03,108.5297318761396,109.29378773522268,107.6493938645782,108.18091583251953,4108210
2011-11-04,109.29380228929543,109.62600229625377,108.11449631976917,108.39685821533203,3532695
2011-11-08,109.11108011476371,109.69243004048842,108.47989208505493,108.72904205322266,2300152
2011-11-09,109.29379171776715,109.72564762986553,107.81549777461579,108.33041381835938,3703073
2011-11-11,107.96499181846299,109.11108578678831,107.56634779349626,108.33041381835938,4015218
2011-11-14,108.33042417749317,108.59618012759154,106.10468007814569,107.33382415771484,2911632
2011-11-15,106.96835673976612,108.09783425539398,104.60973566605378,105.35718536376953,2426013
2011-11-16,105.27417072961991,105.39044274920836,101.66979895001037,103.53012084960938,3890690
2011-11-17,103.31418803630926,103.39723802669214,99.74303844984519,101.30438232421875,5484081
2011-11-18,100.95558361207901,100.95558361207901,97.86612749466896,98.87933349609375,6164620
2011-11-21,98.66341676582786,100.29119501484756,97.91596663881401,98.84612274169922,2590004
2011-11-22,99.61014639172528,101.30436798328499,98.99557452230482,100.507080078125,3376746
2011-11-23,99.99218428698056,100.78946213410646,98.66338449579146,99.85930633544922,2565762
2011-11-24,100.35760652608839,101.63657835612294,99.0288067313383,101.03861236572266,3583744
2011-11-25,100.68981377749371,104.41044738987718,99.95896978220017,102.50029754638672,3004169
2011-11-28,103.74606197350766,107.7656842346758,103.3142060035883,107.13450622558594,3578208
2011-11-29,107.43349656454424,107.94841273641782,106.0050403725155,106.65282440185547,2912186
2011-11-30,106.61958830085686,109.52633814397794,105.70603835016166,108.6792221069336,3023017
2011-12-01,111.35345077785591,111.61920673872447,109.09448455871292,109.79210662841797,2920375
2011-12-02,109.6260326755586,111.28703317064283,108.41350434173562,111.17076110839844,1842887
2011-12-05,111.53614269310253,112.39986466410672,110.09107076018343,110.58937072753906,1295784
2011-12-07,110.58935949638857,110.6225815184261,106.40363816810381,107.51651000976562,5922728
2011-12-08,106.27077705065082,106.53654313110933,103.26437113190327,104.14469909667969,5099681
2011-12-09,102.6663911075495,105.80568470903677,101.57013532115539,104.99179077148438,2245578
2011-12-12,105.97179204539249,106.22094202669044,100.62337041927553,100.9887924194336,3270317
2011-12-13,100.82268145177271,102.91553701157682,99.75963759216383,102.31758117675781,2304900
2011-12-14,101.50369003159052,102.48368393312782,99.02880650235387,99.74303436279297,2569313
2011-12-15,99.29457114101234,103.94537082104046,97.5505212610018,103.53012084960938,4955253
2011-12-16,104.327413044825,104.64300712147853,99.04543471294792,99.9091567993164,3337493
2011-12-19,99.65998210973392,102.45045958121894,98.96236020737825,102.03520965576172,2949577
2011-12-20,101.95213333889072,103.01517692867772,99.6931783830121,100.32435607910156,2497383
2011-12-21,102.06845506688566,102.28438305001687,99.19492695182578,100.57355499267578,5048737
2011-12-22,100.57353501768584,100.656585005314,97.53390749808327,99.64337921142578,3747650
2011-12-23,100.62336298267515,100.62336298267515,99.1949072506462,99.64337921142578,2340380
2011-12-26,100.32442405485246,101.95220241755806,100.15832401502655,101.66983032226562,1796032
2011-12-27,101.48708583323373,102.18470776343932,98.0488142856004,99.0786361694336,3212706
2011-12-28,98.49729218246691,100.2579479875514,98.24814220224145,99.510498046875,1957155
2011-12-29,98.99560097411087,100.32440098718618,98.69662299875684,99.2447509765625,2925666
2011-12-30,99.99217990216714,100.42403576019089,98.64677422776144,99.87590789794922,1723569
2012-01-02,100.65660005332144,104.0450441102922,100.65660005332144,103.69622802734375,3499615
2012-01-03,104.87553174717164,109.54293714423753,104.87553174717164,108.69583129882812,6951091
2012-01-04,108.92835796511143,109.89173576057614,106.88533036795025,108.52972412109375,3565108
2012-01-05,107.63278826616929,108.94498217829329,104.14468864643231,106.4866943359375,6830098
2012-01-06,104.94199141849663,107.23416968460263,104.94199141849663,105.65621948242188,2714233
2012-01-09,106.30400233329688,106.96840234787999,103.74605822197606,104.27758026123047,3237127
2012-01-10,105.29080754595365,106.73586962075608,104.75928545026252,105.65621948242188,3556640
2012-01-11,105.87215566925039,107.4168838111177,105.09148355602352,106.4368896484375,2652061
2012-01-12,106.8687320625344,108.8951437247821,105.63958814529123,108.18091583251953,4866674
2012-01-13,108.62941615024377,114.90799505611004,108.62941615024377,114.21037292480469,9030615
2012-01-16,114.09407545462462,115.20693716284522,112.6157816404524,113.21373748779297,3405645
2012-01-17,113.94459146528102,117.93099116669026,113.94459146528102,116.8513412475586,5299117
2012-01-18,117.29981964284111,119.0272535249581,111.7852977273654,112.88155364990234,7110166
2012-01-19,113.28020027956859,116.66864434310685,112.28360027710904,116.23677825927734,3572813
2012-01-20,116.91776373959394,116.91776373959394,111.65239307726287,114.54252624511719,3705887
2012-01-23,113.3466311249048,113.74526499666608,110.3568314659729,111.2869873046875,2654998
2012-01-24,110.45647310920047,112.21712862539039,109.07784547241741,109.60936737060547,4062908
2012-01-25,110.29036946561843,114.87472414124356,109.97477549781624,113.91134643554688,5152317
2012-01-27,114.70863346106997,115.605577340438,112.64899994753729,113.59577178955078,3135118
2012-01-30,112.48290836485175,113.28018624042251,110.58936453967526,111.50291442871094,2829375
2012-01-31,111.28698693955897,112.117486842093,107.46668738790247,108.69583129882812,6397212
2012-02-01,108.629395806827,108.629395806827,104.87554000690433,105.3073959350586,10018128
2012-02-02,106.61958550161579,107.88194134516746,106.13789148508393,106.96839141845703,6184145
2012-02-03,107.96498694134817,109.45988676053607,107.45008105880318,108.74565887451172,3378677
2012-02-06,109.95818950016809,110.70563942879461,108.34701762642989,109.04463958740234,3120365
2012-02-07,111.27035840021351,111.27035840021351,107.79886545742698,108.2473373413086,1900153
2012-02-08,108.38023856497242,111.50291620791575,108.38023856497242,110.72224426269531,3911363
2012-02-09,110.62258832838563,111.73546023855617,110.07446041380564,110.72224426269531,3161155
2012-02-10,110.7222309888441,111.20392493544959,108.79547547829647,110.24054718017578,3588782
2012-02-13,111.28698998314461,113.06426185076165,110.7554680033986,111.81851196289062,4388141
2012-02-14,112.2171593918947,112.89817549557772,110.3900593357701,111.07107543945312,2450641
2012-02-15,112.61578322687127,114.26017703712908,111.9679892681787,112.89815521240234,4463513
2012-02-16,112.63241028987896,112.86495435402567,105.98841003357134,106.32061004638672,16369724
2012-02-17,107.96500454559249,110.45650465049079,107.267382488633,107.56636047363281,10576465
2012-02-21,107.96500305456618,109.26058106363303,106.33722503610068,108.29720306396484,5880975
2012-02-22,108.62942186358343,109.82534413187173,106.30402139555565,107.01824951171875,3968025
2012-02-23,106.63620976123765,108.21415990567965,105.63960967001114,107.21755981445312,3360240
2012-02-24,106.96839379179401,109.80869957177325,106.53653787203375,108.84532165527344,4222023
2012-02-27,109.2938021690243,109.92498015396265,105.34062411815816,107.33382415771484,4789844
2012-02-28,107.61617493204216,110.10767448930872,107.4666809034311,109.77547454833984,2773113
2012-02-29,110.00802340436593,111.55275131263373,110.00802340436593,111.12089538574219,2881804
2012-03-01,110.92157336643108,112.44969533056421,109.95819543402291,111.12089538574219,2738044
2012-03-02,111.12087417771825,111.48629612038934,109.41004660286845,110.34020233154297,1871139
2012-03-05,109.59276428260779,109.92496424111096,108.08125852659364,108.91175842285156,1182214
2012-03-06,108.62939150637968,111.58596924762001,107.96499155832842,109.67581939697266,2452725
2012-03-07,109.5429327673189,109.82530475048561,107.49990511630448,108.59616088867188,1867060
2012-03-09,109.29378239626521,112.20053192808078,109.29378239626521,111.63578796386719,2190819
2012-03-12,112.61578171571637,113.44628158087652,111.5029098688142,112.10087585449219,2081580
2012-03-13,113.34661662183952,114.84151626002823,112.6323786843553,114.06084442138672,3112273
2012-03-14,114.79170762941382,116.17034575999716,114.27680167703326,115.62220764160156,6289523
2012-03-15,116.39061459307881,116.66383826146354,114.76838619190593,116.28816223144531,2943615
2012-03-16,116.28815265658359,119.13986127464241,115.77587004576164,116.68090057373047,5726497
2012-03-19,114.85379737752945,116.51018048342443,113.72677940821782,114.34151458740234,1523499
2012-03-20,113.59013866829014,114.49516924149493,111.16533210471768,111.52392578125,3024480
2012-03-21,111.7630223503134,113.72677293400875,111.7630223503134,113.09495544433594,2308361
2012-03-22,112.94126472384568,117.67133337014162,112.56558865505488,115.65635681152344,6022192
2012-03-23,116.08325479085734,117.1078201648674,112.80464350954152,114.35857391357422,1996054
2012-03-26,114.0682949265712,114.97332572099572,112.22407906912849,113.36817932128906,1653792
2012-03-27,113.72672677249352,114.34146166716253,111.13115975266227,113.00952911376953,4081274
2012-03-28,113.40229762001108,113.76090172582825,112.05329290503353,113.24861907958984,1603380
2012-03-29,112.7022055553365,116.25403055502083,112.7022055553365,113.65846252441406,5451105
2012-03-30,113.79508611785123,119.19112725138135,113.59017092061416,117.4493637084961,2711580
2012-04-02,116.11741423102951,117.24443202371626,114.44395946336012,116.5272445678711,2427033
2012-04-03,117.10781628507237,118.61051003268581,116.30523801753706,117.24442291259766,1424419
2012-04-04,115.09286909361812,117.72259163653536,114.27321869791024,116.66387176513672,2287795
2012-04-09,114.88792406633618,116.90290047260723,114.7513174395821,114.9050064086914,892507
2012-04-10,115.1269819959869,115.3660409633559,113.04369727293887,113.82919311523438,873331
2012-04-11,112.70221249453579,114.95625882891049,112.18992971046971,113.06080627441406,1699275
2012-04-12,113.7267508080998,114.66593568714566,113.29984859035167,113.7779769897461,1201944
2012-04-13,115.57095360919733,117.68839254560125,114.51223414099536,115.74171447753906,1894838
2012-04-16,114.08536966169774,116.08327456584759,114.08536966169774,115.82713317871094,806031
2012-04-17,117.14198838788894,120.36937386958417,117.14198838788894,119.54971313476562,4635971
2012-04-18,120.7279358472348,120.86454245960836,118.30312939354256,118.86663818359375,1425875
2012-04-19,119.36188444649208,123.90412080152524,118.6105322209226,123.49430084228516,3178601
2012-04-20,123.2893580548301,124.5188385021872,121.58174921750557,123.7845687866211,2814624
2012-04-23,122.64048114950198,125.49219027991407,120.31812664307935,121.37684631347656,2317353
2012-04-24,122.16237333910158,124.2115044965542,120.5059902356767,121.61593627929688,2301413
2012-04-25,121.92328332729095,122.35018557983749,119.0203480099745,119.36186981201172,1822054
2012-04-26,120.52304343825044,123.8528810518709,117.44934717952387,122.74293518066406,5184496
2012-04-27,121.75249993266584,122.24771062309765,118.8495651516626,119.95951080322266,1031688
2012-04-30,120.04490947144872,121.2060814757359,119.22525925797646,120.335205078125,745458
2012-05-02,120.7450066734669,121.39390631560201,117.2273369301804,118.09821319580078,2621232
2012-05-03,117.24445356688216,117.70551017494151,113.65847393907433,115.07579803466797,3406455
2012-05-04,115.09284943414782,115.77589305096768,112.22406832798806,112.6338882446289,1430057
2012-05-07,111.67762819055008,113.52184381930489,111.02873885741279,112.18991088867188,2982635
2012-05-08,111.71178240488628,115.67343735307114,111.67762814054316,114.3073501586914,3112575
2012-05-09,113.67551638979671,113.67551638979671,111.09702092797923,111.50685119628906,2775700
2012-05-10,112.00208548117216,112.92418814536973,109.28698283246067,109.73095703125,1823505
2012-05-11,109.44065861430595,109.69679994940971,106.77678247577613,107.40859985351562,2240167
2012-05-14,107.57934871859483,109.37233786390473,107.23782697663103,107.95502471923828,2554750
2012-05-15,106.93046107874753,107.86964588307275,106.04250245199309,107.30613708496094,1867697
2012-05-16,106.38405242274843,107.7501397732813,104.98381080396834,105.32533264160156,2230341
2012-05-17,105.29114677687426,106.72554223345843,104.33489008742896,104.65933990478516,2066494
2012-05-18,103.822618669931,104.43735369045707,102.83220761578684,103.51525115966797,2601032
2012-05-21,103.31032912961899,106.31571635351396,103.15664017351736,105.87174224853516,1855016
2012-05-22,107.06707935717085,107.54520777061407,104.19829845409384,104.48859405517578,1763845
2012-05-23,104.0958342271237,105.82052546712366,103.34449256564184,105.30824279785156,1096968
2012-05-24,105.18872139278778,106.58896295035738,104.19831019143038,105.78638458251953,888439
2012-05-25,105.3594488455099,107.34027061918209,104.94961861944606,107.0841293334961,1207744
2012-05-28,107.23783918108259,108.09164363316127,106.98169784545898,107.57936096191406,976383
2012-05-29,108.94545351623462,110.6530625055173,108.29656418479084,109.91879272460938,2048507
2012-05-30,109.23574321722462,110.10661958566104,108.6380801033203,109.16743469238281,1288436
2012-05-31,107.92089551629792,111.25073327352547,107.92089551629792,109.83341979980469,4945117
2012-06-01,109.83343261879347,110.73846346626193,108.74055849426016,109.88465881347656,1725372
2012-06-04,109.88464539213656,110.15785867868951,107.61352737760647,109.32113647460938,1779732
2012-06-05,109.38940978203635,110.90918570274181,107.51104020123549,107.95502471923828,1820932
2012-06-06,108.26241503887294,110.48230682989085,108.26241503887294,109.97002410888672,2518829
2012-06-07,110.43104401957615,111.55806146306038,110.43104401957615,111.0799331665039,1102332
2012-06-08,110.5847437849027,112.53142202223601,109.90170025214253,111.91668701171875,1309159
2012-06-11,112.36067845517768,115.19530538401555,112.05331090255001,113.62431335449219,1775891
2012-06-12,112.94128360773878,115.16117570435812,112.77052267722961,114.7854995727539,1185164
2012-06-13,114.9220668650874,116.42476045432292,113.55597988897938,113.82919311523438,1541990
2012-06-14,113.91462092912224,114.99042320817414,112.51438953417876,113.02667236328125,1016302
2012-06-15,113.72673854512819,116.42475818588971,113.72673854512819,116.01493835449219,2607870
2012-06-18,116.56137770620637,117.48349066820872,115.04161206002449,115.96371459960938,1920907
2012-06-19,115.707580114551,117.87624559986207,114.27319482729709,117.4834976196289,1889552
2012-06-20,117.89334615271164,118.25193992430846,114.7854952500004,115.40023040771484,1968947
2012-06-21,114.81963596487468,117.39812144510152,114.32442517453886,116.76630401611328,1306288
2012-06-22,116.11738974135879,117.26148963652896,114.92206367049187,115.33189392089844,1307708
2012-06-25,116.57843807013381,117.82499023011424,114.47808163312357,114.97328186035156,1341511
2012-06-26,115.09284550124224,116.117410891461,114.4268738286328,115.70758056640625,977526
2012-06-27,116.11742012504372,117.6371964103538,115.72467211204575,117.07367706298828,1093934
2012-06-28,116.81753749868967,119.17404645789914,116.76631130879797,118.79837036132812,1551058
2012-06-29,119.53264764990881,120.89873505162205,117.15906662046416,118.43977355957031,2197837
2012-07-02,118.84958500360611,120.16444600264111,117.73963916664714,119.66923522949219,939971
2012-07-03,119.31064419007174,122.2306514423232,118.43975733730989,121.88912963867188,1721062
2012-07-04,121.92328510621412,122.48679400331378,120.31812844425177,120.81333923339844,1463831
2012-07-05,121.10362490192938,121.6329794903426,118.71297244924432,119.02033996582031,992871
2012-07-06,118.9861693619536,120.9328474036086,118.61049337221469,120.01073455810547,2194702
2012-07-09,119.19111197596689,120.5230449536788,118.33730744891842,119.72046661376953,1169024
2012-07-10,119.87412915170358,122.94782477097803,119.72044020177336,120.86454010009766,1487627
2012-07-11,119.94246269268666,121.13778901624309,119.6180128073254,120.72795867919922,747301
2012-07-12,120.11321884417139,121.49637793774207,119.95952986825553,121.01824951171875,1078046
2012-07-13,121.24024413544979,121.9232877643819,120.55720050651767,120.93287658691406,1002438
2012-07-16,120.55719921924445,121.87206027538281,119.43018141250788,119.72046661376953,1105616
2012-07-17,120.89873779705974,121.37686631403304,120.19862215675097,121.00119018554688,1404550
2012-07-18,121.41100012408619,123.59673756363672,121.41100012408619,123.05030059814453,3132440
2012-07-19,123.86994566605505,124.1773131634503,122.35016967557728,122.87952423095703,1221959
2012-07-20,122.67464779804712,124.04073514358252,122.60633926180262,123.28938293457031,973638
2012-07-23,122.6063399327241,122.84540938846875,121.17194404309495,121.51346588134766,705880
2012-07-24,121.24026014927989,122.14529099267078,120.47183596523516,121.61593627929688,871978
2012-07-25,120.5572274362939,121.24027121780266,118.16657420101329,119.87418365478516,1403757
2012-07-26,119.87417523784022,120.1473885622917,118.23487444629085,119.10575103759766,2974750
2012-07-27,120.04489001944104,121.06945522586587,119.54967933403589,120.86454010009766,1257600
2012-07-30,121.06949166058689,122.64049420103325,120.24984133326426,121.51346588134766,1155127
2012-07-31,121.58177560073175,123.42599146075334,121.27440802779807,122.72587585449219,1652469
2012-08-01,121.92329101999402,122.5038822890568,117.89333767065368,119.27649688720703,2658429
2012-08-02,119.73752929727401,119.87413591468773,117.2273423154318,118.42266845703125,2215158
2012-08-03,117.62010425330766,117.82501941503482,114.42687338177889,117.4834976196289,3796470
2012-08-06,117.7225335314157,118.64463586305109,116.51012524942966,117.2956314086914,1030665
2012-08-07,116.91997378751303,118.16652609682568,116.13446750509566,117.65424346923828,1818651
2012-08-08,117.82504015377606,120.0449322146443,117.43229210441412,117.89334869384766,2484555
2012-08-09,118.47389974793003,121.154847722827,118.18360415938906,120.42057800292969,3254288
2012-08-10,120.45473817317357,120.8304038000951,118.55928600613247,119.05449676513672,1096183
2012-08-13,119.53261974956537,119.70338063492188,118.0640803044662,118.73004150390625,982115
2012-08-14,119.53263245707267,121.58176329919391,119.53263245707267,120.81333923339844,2594238
2012-08-16,120.55719268924503,121.12070156209076,119.08865315123275,120.7621078491211,1322951
2012-08-17,121.24024510264383,121.73545590653761,119.13988801140572,119.49848175048828,3018095
2012-08-21,119.51555738241747,120.74502751731741,118.06408974087678,120.3693618774414,805617
2012-08-22,119.27646943639887,122.05986957355236,119.27646943639887,121.4963607788086,1228381
2012-08-23,121.29144213077011,123.0673593221759,120.7450052701517,122.64045715332031,2822248
2012-08-24,122.35017292463418,126.96071677524846,122.35017292463418,125.35556030273438,4474419
2012-08-27,125.30436111970869,126.31185471754638,123.6992147237744,124.5700912475586,2562249
2012-08-28,123.71626659448971,124.82621239554449,122.12819237900258,122.760009765625,1088810
2012-08-29,122.6916914332202,123.61380434782286,121.82081512019751,122.87952423095703,768280
2012-08-30,122.52092570780559,124.99695835277168,121.94033457381245,123.18689727783203,1876595
2012-08-31,122.77707034776925,122.77707034776925,119.32769855393272,120.02782440185547,1690335
2012-09-03,120.35226823649064,123.95532912071926,119.31063101930833,123.25520324707031,1238762
2012-09-04,123.37473783673734,124.0577813680134,121.44514194536592,123.1698226928711,1335023
2012-09-05,122.00866515038827,123.494287090447,121.32562153862962,122.67463684082031,1999234
2012-09-06,123.1192176323709,123.58091678588137,121.63152499859068,122.52072143554688,772575
2012-09-07,123.46122882082685,124.07682080083352,122.40103335575176,123.52963256835938,813793
2012-09-10,123.46122212119049,126.4537032667872,123.1705218653719,125.41061401367188,1683054
2012-09-11,124.1452178116126,125.71840998697263,124.1452178116126,125.41061401367188,790047
2012-09-12,125.27378220557509,129.10416150309345,125.27378220557509,128.81346130371094,3049221
2012-09-13,129.497453146135,130.45505316151355,128.28336524094675,129.9591522216797,1739163
2012-09-14,131.15616878338557,131.75466499035016,130.35247178950112,131.05357360839844,2034569
2012-09-17,130.98518173002307,132.09667478647887,127.42840603675377,128.00979614257812,3702194
2012-09-18,128.24917650074084,129.5658701335374,126.53918748073097,128.43727111816406,3027806
2012-09-20,126.53919110082305,127.94138422473469,123.83741045930259,124.658203125,2711969
2012-09-21,124.8634217908184,128.5911964078043,123.73482258145435,127.42840576171875,4354579
2012-09-24,126.91539636088008,127.30869177662899,125.51320317534679,126.45369720458984,1163086
2012-09-25,125.59873491122418,127.54812721124232,124.8292395986299,126.07752990722656,1178093
2012-09-26,125.34219497695055,126.18009377026466,122.09321584385088,122.48651123046875,2996497
2012-09-27,122.43523608495323,123.99132220119843,120.21224995491916,122.2984390258789,4214312
2012-09-28,123.11924070533819,126.5392196138198,121.5289526002837,122.76014709472656,2636688
2012-10-01,123.1192318172714,123.56382486849958,121.78544222664028,122.2984390258789,843310
2012-10-03,122.29845777431339,125.51323612164714,122.0761612146211,124.89764404296875,1712977
2012-10-04,125.35927280163872,125.76967428202697,123.22178683491495,123.70059204101562,1838271
2012-10-05,123.83742647567327,126.60761121300759,98.97417802299292,124.29912567138672,6833999
2012-10-08,124.50433311367169,124.82923529813087,121.90515738578938,122.23004913330078,1100145
2012-10-09,123.11923553271599,123.63223234743565,121.54604321351968,121.93933868408203,1272596
2012-10-10,121.40924150017418,122.09323722693571,120.72524577341262,120.81074523925781,639630
2012-10-11,121.40924986729638,123.08503742596258,120.7765516890492,122.69174194335938,1000450
2012-10-12,122.09325364873204,123.80324319563306,121.40925782997164,122.87984466552734,1107958
2012-10-15,122.7088150154483,122.7088150154483,120.98173017988461,121.9051284790039,978551
2012-10-16,121.46053470167055,122.96532315876074,120.72524140937097,121.1356430053711,839257
2012-10-17,121.58023664284208,122.19582860296407,120.57133880253228,120.9304428100586,1006622
2012-10-18,120.94755856491878,123.6835418399604,120.22936086783078,122.87984466552734,1398223
2012-10-19,122.1616179687399,122.9824105988916,120.725223038266,121.05012512207031,1193960
2012-10-22,119.76767492674483,122.67465722654983,119.76767492674483,122.38395690917969,1077651
2012-10-23,121.95644718221735,123.73482991189738,121.16984578903924,122.62333679199219,1394940
2012-10-25,122.43525854558544,123.3586571283902,121.46056236083562,121.87096405029297,1540244
2012-10-29,121.10147413774301,122.11036181103972,119.39148441661405,119.73348236083984,904286
2012-10-30,119.73347757778004,119.97286986700557,118.17738073154557,118.51937866210938,844118
2012-10-31,118.63906159265525,119.47696056713454,117.23686820780785,118.4338607788086,1238573
2012-11-01,118.16026167473905,119.56245500052611,117.85246568540688,118.96395874023438,846349
2012-11-02,118.69033571713621,120.50293037125573,118.69033571713621,119.90443420410156,1715884
2012-11-05,119.47695834773373,121.40924423192287,119.45985219201188,120.7081527709961,1271314
2012-11-06,120.38326193630613,121.68284979379396,119.01527032339355,120.34906005859375,1830106
2012-11-07,119.88734538806274,120.38324645876519,118.8784579654199,119.13495635986328,2822027
2012-11-08,118.50225423865699,119.93864937390398,118.10895880115599,119.4085464477539,1800464
2012-11-09,119.69925151810861,120.31484349399459,118.10896354961446,118.53646087646484,2114860
2012-11-12,118.41676656934511,119.28885699312754,117.04877504219023,117.86956787109375,4073157
2012-11-15,117.98930095649484,119.83608792755435,117.73280247615463,119.15209197998047,3944091
2012-11-16,119.52824258941676,121.13563657870218,118.29704830368172,120.09253692626953,2884881
2012-11-19,120.04126116320282,120.5884598826753,119.42566912688847,120.10966491699219,2124504
2012-11-20,120.38324390531922,121.528938796921,119.63084445613251,121.08433532714844,2029773
2012-11-21,121.20408424054524,121.5802841128132,120.04129317467633,121.34088134765625,1601145
2012-11-22,121.7512345553002,122.05903053279798,120.041245305928,121.68283081054688,803077
2012-11-23,121.64865248808282,122.77724133954487,121.22115512965821,122.45233917236328,999152
2012-11-26,122.09321286799525,123.76899997683375,121.97351155230442,123.27310943603516,1152147
2012-11-27,123.8032553596446,125.5132450745568,123.29025844517092,124.24784851074219,1148482
2012-11-29,124.79500807606183,127.73619154850353,124.2649156058597,126.50499725341797,2727957
2012-11-30,127.56520438161003,127.71910759652735,122.82853183661936,125.35931396484375,1913806
2012-12-03,125.27382414690089,128.19791239692182,124.1110333970157,125.22252655029297,2009230
2012-12-04,125.51318820716081,126.31688509642112,123.66640223918543,124.64109802246094,2002423
2012-12-05,125.0001793340064,125.76967428202697,123.51248701377801,123.70059204101562,957128
2012-12-06,123.97423483529391,125.99202029418925,122.50364808650936,123.94003295898438,4403668
2012-12-07,124.79500994937554,127.2231967050602,123.39281671550587,124.12812042236328,3397863
2012-12-10,124.45301069583755,125.78680017166518,123.80321689345442,124.0597152709961,894152
2012-12-11,124.31624969136408,125.13704265007962,121.4434691173853,122.16166687011719,934577
2012-12-12,122.74301026049946,123.22180510063083,121.47762464279117,121.88801574707031,1333281
2012-12-13,121.92222857411845,122.29842828123137,120.143835651555,120.9475326538086,1239115
2012-12-14,120.72523310266895,121.88802362873334,120.12673690456789,121.10143280029297,1882922
2012-12-17,120.75944570152076,121.40923954408576,119.61375079026477,120.3148422241211,2604658
2012-12-18,120.72523240459887,121.56313125187351,119.25464592968926,120.43453216552734,3208233
2012-12-19,120.57135409928722,122.79434042401118,120.57135409928722,122.14454650878906,2694436
2012-12-20,122.24715101342325,123.27314469230403,120.79365996834215,121.92224884033203,2359658
2012-12-21,121.2382490881727,121.2382490881727,119.6992586201987,120.58845520019531,2572795
2012-12-24,120.60553492810287,121.5460289782733,120.09253817346445,121.18693542480469,445971
2012-12-26,121.18695251424448,121.69994934122425,120.46875486908337,121.44345092773438,825470
2012-12-27,121.44341126705582,121.63150586740875,120.07542017519812,120.7423095703125,2472434
2012-12-28,121.34084787878034,121.58025057790397,119.88735683811623,120.86205291748047,1362203
2012-12-31,120.75949103319692,121.5802841128132,120.38329116092896,121.34088134765625,781161
2013-01-01,121.76834978557915,123.34154223448436,121.68285030940983,123.1021499633789,931122
2013-01-02,123.49544498021423,124.12814318876613,122.29845231855572,122.67465209960938,2259736
2013-01-03,122.81141032519588,123.9742007413117,122.46941253004744,123.27310943603516,2027014
2013-01-04,123.71773935684747,124.7266373287314,122.36684348763985,124.41883087158203,1535946
2013-01-07,124.5556210992065,124.82921520432797,122.6233248978566,123.18762969970703,1000153
2013-01-08,123.35863802119144,123.80323108511612,122.09324170548746,123.2047348022461,886068
2013-01-09,123.29022338539195,126.86410504804093,122.98242741162483,124.3846206665039,3174415
2013-01-10,125.23964931789416,127.36003027551546,124.41884591551296,125.05154418945312,1889875
2013-01-11,125.17120505468922,126.45369690975775,122.77722025856129,123.34151458740234,1310539
2013-01-14,123.46121214904679,123.8716137049297,122.19581604919541,122.8285140991211,1242363
2013-01-15,123.0850376675485,123.30733420711296,120.96465702646425,121.42634582519531,1104566
2013-01-16,121.06725014728669,122.70883580501345,120.19515972354694,120.58845520019531,1893031
2013-01-17,120.89628286277139,121.63157641372642,119.80188517975704,120.57138061523438,1437686
2013-01-18,120.77658675772945,122.69177756813428,120.77658675772945,121.34088134765625,1430944
2013-01-21,120.8962308513267,121.5289289134681,119.7505360528996,120.2464370727539,1395513
2013-01-22,119.52828532885225,121.16987133884646,119.18628737369102,119.85318756103516,2106194
2013-01-23,120.99885872545813,120.99885872545813,119.66506893802887,119.87026977539062,1525211
2013-01-24,119.35723243525304,121.6486218745472,117.13424673087154,117.52754211425781,2244498
2013-01-25,117.98928558262045,117.98928558262045,115.64659768003959,116.63838958740234,2178501
2013-01-28,116.82645533936353,117.27104832274586,115.25326330771492,117.04875183105469,1729721
2013-01-29,116.45026351202773,119.10074674908563,116.3647640527678,118.89554595947266,2242187
2013-01-30,118.84425019639293,120.656834585761,118.62195368629244,119.78474426269531,2914324
2013-01-31,119.6992679926965,121.37505565720468,118.77586946483083,120.84496307373047,2978332
2013-02-01,120.4687591758064,122.81144685682052,119.45986120523284,121.99065399169922,1952958
2013-02-04,122.1274210375564,122.2129204907559,119.18623776010458,119.8873291015625,2098181
2013-02-05,118.7416448868001,120.72522802806395,118.07474497645632,119.49403381347656,1840821
2013-02-06,120.62265747022705,121.40924842609616,116.48448099986365,117.08297729492188,1067866
2013-02-07,117.10005491781557,118.29704732295055,116.00566812385946,117.57884979248047,982217
2013-02-08,116.99744793726852,117.98923945690872,113.88526591058147,115.85175323486328,2935771
2013-02-11,116.62126636448149,116.86066903326324,114.79157578720964,115.74917602539062,2575836
2013-02-12,116.39897059702517,118.74165796219023,115.42427463494089,118.0234603881836,2557673
2013-02-13,118.02345564979963,119.2546499505318,116.6212624305476,118.89554595947266,1750962
2013-02-14,120.79365091758592,120.91334182159595,118.45096343895018,120.00704956054688,3190078
2013-02-15,120.04125996553525,120.3490559806215,118.05767636880393,119.64796447753906,2005414
2013-02-18,119.04944375847859,119.73343940151845,116.79225604905795,117.3394546508789,1564363
2013-02-19,116.99747282366106,117.3394706919343,115.06518695530664,115.8688735961914,1147864
2013-02-20,116.62129639221838,117.47629123380356,116.10829948726727,117.16849517822266,1864313
2013-02-21,116.60417341148033,116.99746885927865,115.27037342085234,116.38186645507812,2103633
2013-02-22,116.03987996147242,116.27928265937359,112.89350563403424,113.44070434570312,2323286
2013-02-25,113.88527827948296,114.21018039529875,111.01249857243467,111.42288970947266,2234113
2013-02-26,111.2347965461688,111.40579546476397,107.13082249988432,107.59252166748047,1783812
2013-02-27,108.97760818075211,108.97760818075211,106.2758273680367,106.5323257446289,3096188
2013-02-28,107.04533271648026,110.46531139751797,104.3435516458498,105.95093536376953,6550159
2013-03-01,106.1561271640788,109.19990584453134,106.1561271640788,107.38732147216797,1982201
2013-03-04,107.38731700676726,108.53301180744509,105.21562873150249,108.10551452636719,2460519
2013-03-05,107.79772274716375,109.06310848600464,107.11372707094303,108.80661010742188,1121331
2013-03-06,109.09727978631149,110.39686703218635,108.0883822718177,108.41328430175781,1387621
2013-03-07,108.13970039714985,108.58429332891592,106.70330557046226,107.04530334472656,1508269
2013-03-08,107.21633090208859,110.1233127606779,106.97692822130847,109.90101623535156,3730472
2013-03-11,109.62739316485882,112.00428210491665,109.31959722508923,109.57609558105469,1694709
2013-03-12,109.93522967090368,110.68761879243853,107.90033798110846,109.14862823486328,1065793
2013-03-13,108.43040711548271,110.63629727929157,107.98581411417717,109.1144027709961,1431325
2013-03-14,108.77240459898697,109.73000477584227,108.31071588253296,109.16571044921875,1589111
2013-03-15,110.15751339319831,110.43110750790947,108.10552622202522,109.43931579589844,1966212
2013-03-18,108.98084002287153,109.06901222353729,105.78901066405449,106.6178207397461,4966365
2013-03-19,106.24750251640658,106.40621678395502,102.632442264811,105.0483627319336,4898937
2013-03-20,104.8191033308817,105.70082522712664,104.09608491803681,105.06597900390625,2619937
2013-03-21,104.83673418431471,105.94770162858029,104.37824310039774,105.1541519165039,2180014
2013-03-22,105.13650035429474,107.12918929470764,103.63757342589143,104.64273834228516,1569103
2013-03-25,105.22467649241618,105.98295504978194,103.69047848464523,104.88961791992188,1815688
2013-03-26,104.21953669031073,107.5700801710483,104.21953669031073,106.28276824951172,2049384
2013-03-28,105.9829725295399,109.33351575426745,105.91243047215765,109.01609802246094,1954665
2013-04-01,109.01612495843457,110.93827272015163,107.46429618145663,107.6053695678711,989906
2013-04-02,107.74640190929986,109.29823009512334,107.49951550471654,108.94554138183594,1129788
2013-04-03,108.34598465386458,109.03372123526296,105.5950060386527,106.40619659423828,1310408
2013-04-04,106.19457838108295,110.74426082939462,105.80661862681013,109.5980224609375,4561472
2013-04-05,110.07414997455935,110.9206007369218,108.09909102024335,109.06898498535156,2585164
2013-04-08,108.96318227542353,109.91543534337629,108.29306510961318,108.94554138183594,780879
2013-04-09,109.36877981510825,110.56791937176206,107.28791841338457,108.0990982055664,1790726
2013-04-10,108.31069768153137,109.61563936251093,107.04101625860714,108.85736083984375,1376413
2013-04-11,109.29822041680845,110.21521314279741,107.42897470718837,107.7992935180664,1481388
2013-04-12,107.30553742051464,108.5399478756397,105.45392173782705,105.7713394165039,2308935
2013-04-15,105.4892040461118,105.66554841570971,103.30252955781523,103.67285919189453,2366725
2013-04-16,102.9851243363617,104.55459372142826,102.9851243363617,103.97264862060547,2062215
2013-04-17,104.39585302257663,106.38854198337337,104.2195086762547,104.69564056396484,2143002
2013-04-18,104.74854221525221,105.87715034238197,104.04316482659732,105.66553497314453,2370066
2013-04-22,105.85950271064044,110.70897194892169,105.85950271064044,110.2152099609375,5301898
2013-04-23,111.09695392374051,111.83760243587336,108.73393504293718,109.96834564208984,2266794
2013-04-25,110.37393707186368,112.33135512432088,110.23285297605692,111.83759307861328,3417233
2013-04-26,111.1322217841113,114.37695166579269,111.1322217841113,112.50770568847656,2154596
2013-04-29,112.89563204681967,113.60100930326566,110.12702416262866,110.55025482177734,1361563
2013-04-30,110.93824338132822,113.03674577510343,110.0388913629712,112.57825469970703,2252928
2013-05-02,113.2130948403266,113.8126700528635,111.13223325602743,111.90814208984375,1430676
2013-05-03,112.78985163738768,112.84276355749398,110.85006362086271,112.4195327758789,1577249
2013-05-06,111.64362818709805,112.86040877448085,111.20276721532272,111.60836791992188,867052
2013-05-07,111.4143480499203,111.4143480499203,108.89262622678297,109.31585693359375,3570510
2013-05-08,110.49740177632016,110.74428825286792,109.56277856631823,110.12708282470703,1429302
2013-05-09,110.12705702157733,110.39157357166918,108.55758785241657,108.92791748046875,1546402
2013-05-10,109.33351068217019,109.43931300012848,104.96017240752464,105.70082092285156,2637865
2013-05-13,107.18208550375921,107.30552869187137,104.13133063689408,104.67799377441406,1982939
2013-05-14,105.25997128537595,106.14169324031056,103.70813203412509,103.97264862060547,1730499
2013-05-15,104.21951200851218,106.33564423203526,104.21951200851218,105.85951232910156,2373288
2013-05-16,105.45392428349868,106.68833476842258,104.88962019489242,105.31285095214844,2310647
2013-05-17,105.38338727986738,105.8066180573792,104.43113417527442,104.92489624023438,1472277
2013-05-20,106.15933437847349,107.71116302737757,105.82427569558358,106.26513671875,1497496
2013-05-21,107.49949568280935,108.96316218362985,107.2173490694868,108.4517593383789,2690361
2013-05-22,109.01606941320311,110.93821619555916,109.01606941320311,109.31585693359375,3015493
2013-05-23,108.9808164437543,109.5098495332871,107.94038039572419,108.66339874267578,3558706
2013-05-24,110.02124443429908,110.83242414022638,108.80446411220315,109.38639831542969,8813985
2013-05-27,110.47974681349984,111.00877991875204,110.23286039243307,110.67372131347656,2356166
2013-05-28,115.68189472454489,115.68189472454489,112.86038509711696,114.05952453613281,5561014
2013-05-29,114.94124283966582,115.96403789622306,114.27113647593553,115.47027587890625,3055647
2013-05-30,114.97653564317028,116.21094630191597,114.35933031379743,115.57611083984375,3032019
2013-05-31,114.65911686799703,115.68191210900235,113.91846832685293,114.5180435180664,4512959
2013-06-03,114.71200887189943,116.63416674628814,114.09480359741573,115.02942657470703,1489728
2013-06-04,114.97649080716647,115.66423792555786,112.86035907451924,114.6238021850586,2561931
2013-06-05,113.97136866768594,114.64147514744016,112.54298351970438,114.11244201660156,1676990
2013-06-06,112.86039297731315,114.76490995616416,112.17264565232533,114.02426147460938,2308221
2013-06-07,112.86038757418196,114.09479806327457,112.15501015184331,112.75458526611328,2348565
2013-06-10,112.87803370305026,114.1300852630821,112.52534494189315,112.8427734375,2130996
2013-06-11,112.50767733829572,112.59584949921916,108.45175793581798,110.00358581542969,3408678
2013-06-12,107.92276036414455,109.15717102190438,105.64791356099018,106.88232421875,2536722
2013-06-13,105.8066151369845,106.75887897849957,104.25478693428316,105.41865539550781,2400040
2013-06-14,106.54726008574066,106.86467776805425,104.71327451183194,106.14167022705078,2962607
2013-06-17,106.86469012021945,107.04103449335513,104.55458313742464,106.47673034667969,2441271
2013-06-18,106.07114437750482,107.44662838636727,106.07114437750482,106.88232421875,1833002
2013-06-19,106.54726615053674,107.11157026410683,104.7485514974346,105.64790344238281,4827143
2013-06-20,104.7308947110763,104.87196801276241,103.44357257978263,104.36056518554688,4313673
2013-06-21,104.3958581535639,106.01822837210494,103.47886535497939,105.31285095214844,3559191
2013-06-24,104.74858093261719,106.07116402520073,103.3378256338614,104.74858093261719,3581590
2013-06-25,104.78382730269291,106.33565561339812,102.63242382586684,103.76103210449219,3088565
2013-06-26,104.04316949025225,104.58983268568164,101.08058647774713,101.73306274414062,2881059
2013-06-27,102.27976356258377,102.80879682239024,100.58686143648676,101.32749938964844,2487855
2013-06-28,101.96231381212166,109.29823507763557,101.94467291772989,106.70597076416016,5272321
2013-07-01,107.18210858314252,108.6281346055328,106.91759202160308,107.570068359375,1909587
2013-07-02,107.04104084147595,107.12921303327288,104.41350522064455,105.61265563964844,1901758
2013-07-03,105.03069124821236,105.73606865286982,102.98510107998777,104.88961791992188,2753000
2013-07-04,105.8066391984688,106.51201679312526,104.21953961049176,105.63029479980469,830571
2013-07-05,105.93005098821827,106.31801070276745,104.13133650309375,104.69564056396484,1361439
2013-07-08,104.04319092323041,104.37824957216448,100.26941664208788,102.27974700927734,2252731
2013-07-09,102.27973644290077,103.33780268196526,100.37521936522596,102.77349853515625,2174450
2013-07-10,102.80874216783026,103.07325865711285,101.60960290238992,102.24443817138672,1141011
2013-07-11,103.33780595545221,106.81179236973588,103.33780595545221,105.25996398925781,3410504
2013-07-12,105.84191789442082,106.12406464742932,103.53179964673001,105.78901672363281,2000153
2013-07-15,104.66039651606802,104.92491310372448,102.87932246446428,103.09092712402344,1176893
2013-07-16,101.9270320798861,104.04316423379376,101.46854108515465,103.84918975830078,1666772
2013-07-17,103.67286651339293,104.25480082152168,101.39801967964509,102.70297241210938,2254708
2013-07-18,102.45607108205307,103.74338273130356,101.15111853923705,102.66768646240234,1969919
2013-07-19,102.66771901959414,105.06599872219549,102.66771901959414,104.74858093261719,2723333
2013-07-22,104.25476630016033,106.3708981840748,103.93734867021382,105.87713623046875,1295646
2013-07-23,106.5119844491697,107.02338735528367,104.50165460958232,105.29520416259766,1800511
2013-07-24,105.06596381588724,106.51198966933717,104.04316871673664,105.22467803955078,1126011
2013-07-25,104.74856504660681,105.66555800437006,102.98512119060334,103.8139419555664,2350957
2013-07-26,104.36058537642232,104.36058537642232,97.4655255174827,99.54638671875,3757318
2013-07-29,99.24658723595044,99.45820258558179,95.84314380365905,96.4074478149414,2076463
2013-07-30,96.10768159292435,97.74768208030918,95.22595974344799,96.91886138916016,2070660
2013-07-31,97.16574464031963,100.4457455080136,96.6367115479041,99.29950714111328,2161051
2013-08-01,98.7528547380262,100.86898733955533,94.52058953496793,95.26123809814453,2096002
2013-08-02,95.57865698806374,95.66682918085715,88.36617269388296,89.79456329345703,2608617
2013-08-05,87.9958426760308,95.38467625611436,87.55498174078015,92.79241180419922,5429449
2013-08-06,91.76960769677397,92.75713179078537,89.05390029343461,90.5704574584961,3768708
2013-08-07,89.97090073546306,94.45004132576287,88.98337117606951,92.58079528808594,1697887
2013-08-08,92.4044480604188,95.5433756319674,90.99369312819866,94.9261703491211,1880161
2013-08-12,96.51325308926896,98.1179930072707,94.78508074643982,96.76013946533203,1090893
2013-08-13,96.01950433895885,96.49563626518159,93.86810098717118,94.76746368408203,1223862
2013-08-14,94.87328078674147,95.93134711521814,94.57349317436496,95.49048614501953,1229805
2013-08-16,94.6969242964357,95.6491881756487,90.83497838576797,91.09949493408203,1845309
2013-08-19,90.28833431833309,91.32877060111278,88.27800920084726,90.65865325927734,1816295
2013-08-20,90.2530484607603,93.4272471927674,88.70122012219812,92.63369750976562,2242515
2013-08-21,93.07456553064505,93.49779636574964,90.30595649542005,91.85779571533203,2890647
2013-08-22,90.30593367641539,95.41991961953045,88.98335648652238,94.46766662597656,2482706
2013-08-23,94.46768041715661,96.23112410325919,93.46251536343692,95.13778686523438,2044341
2013-08-26,95.22594821068547,98.41777661394687,94.25605429372479,95.66680908203125,2376648
2013-08-27,94.69693031897495,95.10252023287673,89.97090317450541,91.80487823486328,1969084
2013-08-28,90.60573467140311,90.95842340952707,86.19712544485367,89.54766845703125,2763694
2013-08-29,89.97087594111996,91.29345836647,87.48441990514152,88.27796936035156,4701564
2013-08-30,88.45435216807687,90.11198845272598,84.01047113283508,88.66596221923828,3474788
2013-09-02,89.51238530051161,91.48743861865628,89.12442561183215,91.01130676269531,1913808
2013-09-03,91.75195470519417,94.06207193543565,91.34636489017588,92.0870132446289,3933612
2013-09-04,92.29865439347795,94.9790804052673,91.25821822820214,93.44489288330078,1882267
2013-09-05,95.31412609887244,105.55972905787236,94.60874866243304,99.95198059082031,3236777
2013-09-06,100.63240100767973,100.91889457488001,97.0153623443737,99.32525634765625,2502019
2013-09-10,100.84730379455496,103.74809839169255,100.47126859122247,103.2109146118164,2526163
2013-09-11,102.04698635171243,105.48495278662232,101.6709512591869,104.94776916503906,1907571
2013-09-12,104.57177943979603,107.29351287129583,101.49192347596818,102.0470199584961,2976934
2013-09-13,102.06490604543849,105.55660019962454,101.56353676295124,104.92988586425781,1463029
2013-09-16,105.10894698119957,106.72049812741898,101.79631406952633,103.6943588256836,2249367
2013-09-17,103.22880070079246,105.64612734339559,103.22880070079246,105.18057250976562,2572697
2013-09-18,104.30314939309115,107.32928805610719,104.30314939309115,106.50559997558594,1981623
2013-09-19,107.97394382970403,109.2273726967155,105.7714924349046,106.52355194091797,3184840
2013-09-20,106.09378325374014,108.8692324359055,104.46433036356498,108.0455551147461,3193597
2013-09-23,106.72049828921311,110.44496986920501,106.72049828921311,109.13782501220703,4569833
2013-09-24,107.4367561725655,109.54967685815288,106.1116984748244,106.36238861083984,3802287
2013-09-25,105.64613785836822,108.15299536687188,105.28801535715341,105.6640396118164,2803764
2013-09-26,105.66402194039543,109.20944285270525,105.43124453934215,108.81550598144531,3688717
2013-09-27,107.97393185739888,110.65985056031926,107.83068504571604,109.90779113769531,2226646
2013-09-30,108.79758594207122,110.06892708017837,104.92986820904888,105.44915008544922,2298688
2013-10-01,105.64611393263361,107.06070186368214,105.00149794804607,106.54141998291016,1994423
2013-10-03,106.36239307871233,112.73696984110973,106.36239307871233,108.27835083007812,3969487
2013-10-04,108.27832936353875,111.55514772900193,107.92020689891916,111.0358657836914,2240607
2013-10-07,109.28108072472664,109.80036273101163,106.75632142431155,107.34722137451172,6371754
2013-10-08,107.79488339113668,108.15300592731987,105.37755627190023,106.1296157836914,2545544
2013-10-09,106.1833187698815,106.84584756521312,104.26736125382615,106.09378814697266,2253222
2013-10-10,105.64613532964692,107.16815592337913,104.87617415627098,105.27011108398438,1270541
2013-10-11,106.36239012645326,106.50563695091816,100.52499732950994,101.18751525878906,3440986
2013-10-14,101.70678871415562,103.06764982533817,101.08007434707896,102.1544418334961,1184284
2013-10-15,102.4230115664254,102.85276283971426,100.07731409971497,101.50980377197266,1501343
2013-10-17,101.31287616981011,102.67374853759219,100.68616165188034,101.68891143798828,871980
2013-10-18,101.08005068707216,103.1034401270661,101.08005068707216,102.45882415771484,1518954
2013-10-21,101.70681680453283,103.6585893155293,101.08010226436406,103.1034927368164,1936086
2013-10-22,102.45883117236815,105.27009448206259,102.19023934524505,104.91197204589844,2562561
2013-10-23,103.85552740870126,104.92989493361887,102.78115988378367,103.80181121826172,1849940
2013-10-24,102.79902323155599,103.85548860797225,99.55802011384927,100.02357482910156,2591299
2013-10-25,100.02359613848397,100.8830987636421,98.91342528420948,99.89826202392578,2533958
2013-10-28,100.09523061435733,100.31010628269873,98.51949392823795,99.03876495361328,1676949
2013-10-29,98.48369070686267,101.50983030201351,98.48369070686267,100.68614196777344,1516155
2013-10-30,100.6324325845345,102.01120653350988,100.29221180382788,101.08008575439453,1131324
2013-10-31,100.63242034430228,104.0703984564619,100.63242034430228,103.12137603759766,2379392
2013-11-01,102.60206289902479,105.78934992718544,102.60206289902479,104.58963775634766,2450234
2013-11-05,103.53318707198505,106.68465979134015,103.53318707198505,106.14747619628906,1611993
2013-11-06,106.04004930319161,107.93809373172242,105.98633312672918,107.00697326660156,1987170
2013-11-07,107.07862019202511,107.97392638092165,105.1984771953424,105.9863510131836,1344544
2013-11-08,105.14477909109138,105.98636923918473,103.67647450299718,104.32109069824219,1597712
2013-11-11,104.39268185047621,105.2521734431993,103.1750678500328,103.58690643310547,1447723
2013-11-12,103.03183347800541,103.85551074332326,101.58143099468936,101.95746612548828,756369
2013-11-13,102.42304662616995,103.17510614734346,100.45337265258976,102.10073852539062,1049512
2013-11-14,100.09524222138158,100.43546297979326,97.15863324792514,98.28672790527344,5182174
2013-11-18,97.30189067917848,99.41481130976757,96.74679422931658,96.961669921875,3993288
2013-11-19,97.0511776842866,97.58836132460553,95.06360258671822,95.8156509399414,2458816
2013-11-20,95.79775147044332,98.48366973596976,95.52915964389067,97.58836364746094,6013211
2013-11-21,98.12556939880601,98.93134505992758,96.06636493149529,96.40658569335938,2489905
2013-11-22,97.05118689848557,97.33768049557752,95.61869705496548,95.92310333251953,956725
2013-11-25,96.15586059624913,97.17651158167969,96.15586059624913,96.63932800292969,1531911
2013-11-26,96.15588098004761,97.58837082705018,93.86389941064954,94.20410919189453,3548246
2013-11-27,93.55947184255066,95.76192229533531,93.45203950008418,95.13520812988281,1951682
2013-11-28,95.26058156622909,97.05119400168452,95.26058156622909,96.65725708007812,2730214
2013-11-29,97.3376760883187,98.32251281114729,96.83630685159373,97.39140319824219,1280472
2013-12-02,96.3349402359016,98.59110732706351,96.3349402359016,98.10765075683594,1009491
2013-12-03,98.10765263524198,98.37624448119095,96.5140033109993,96.83631134033203,1384676
2013-12-04,97.05119862902188,97.83907250979998,95.97683111652348,97.33769226074219,1476382
2013-12-05,98.48367527663129,101.56353058017922,97.76743036552851,100.25638580322266,4271398
2013-12-06,100.23847910904142,104.92988574273075,100.041516118338,103.6943588256836,5332278
2013-12-09,107.04280083268274,107.04280083268274,103.67645190315322,104.07038879394531,4016879
2013-12-10,103.94502188623291,105.16263580521009,101.18747515967262,102.3692855834961,2579166
2013-12-11,99.64759833177965,103.89135268373747,98.8418226040294,103.46160125732422,3451979
2013-12-12,103.10346648719384,103.10346648719384,100.27430089767293,100.6324234008789,2016537
2013-12-13,100.6324087455982,103.28251269757666,100.6324087455982,101.38446807861328,9743906
2013-12-16,102.70951194207333,103.9808531679485,100.99052859295404,102.72742462158203,5203337
2013-12-17,103.06765994052232,103.10347437939068,99.27156985918725,99.71922302246094,4366436
2013-12-18,99.0746026126178,101.50984254299728,99.0746026126178,101.36658477783203,1838948
2013-12-19,101.68888915694913,101.9574810343536,99.71921538931626,100.6324234008789,1496366
2013-12-20,100.91892349669884,102.17235233821442,100.66824428581502,101.85004425048828,3838775
2013-12-23,102.70952297718391,102.70952297718391,100.9189105757056,101.56353759765625,2013300
2013-12-24,101.88585825512305,102.65581949725518,100.99055194356662,101.42030334472656,1174702
2013-12-26,101.34866762268936,102.2439738737732,100.38173249990628,101.02635955810547,2907958
2013-12-27,101.74259052966522,101.74259052966522,100.43544576913158,101.38446807861328,1029256
2013-12-30,101.34866440964731,104.30317494455753,101.33076265680573,103.7659912109375,2221007
2013-12-31,104.55385002185719,105.0015030688269,103.60481681905783,103.85550689697266,1708561
2014-01-01,105.53868529321748,105.64611765142075,104.0524684542198,104.64337921142578,1265974
2014-01-02,104.35686891468843,104.57174454819595,100.91889156565433,101.40235900878906,1485831
2014-01-03,100.99052377551243,101.86792808772692,98.84178922709728,99.41478729248047,2570514
2014-01-06,99.95200660152251,100.32803091008311,98.125579397729,98.94925689697266,5415257
2014-01-07,99.5222165723023,99.91615341314194,98.12554134480605,98.6090087890625,3143007
2014-01-08,99.91616275147679,104.46432220174015,99.19991785720097,103.4257583618164,8932578
2014-01-09,104.57177648848935,106.36238909959363,103.67647018293722,105.87892150878906,4352671
2014-01-10,106.2728195788078,106.2728195788078,102.56625064442372,103.4794692993164,2878673
2014-01-13,103.35413800369591,104.8582456889502,103.35413800369591,103.94503784179688,2773085
2014-01-14,105.28802842603132,105.9326446366184,102.56629489315729,103.46160125732422,5805721
2014-01-15,107.79487192542132,110.24801322315163,105.1268549430301,105.71776580810547,18564061
2014-01-16,106.45190589287235,108.8155164180997,104.76872588561166,108.3857650756836,15021903
2014-01-17,108.92048513188082,110.99987621167126,107.3757970329119,107.73226165771484,6900162
2014-01-20,107.87086523439812,108.76203263420771,106.14793917731997,106.72225189208984,4551231
2014-01-21,106.92029406378903,106.94009294981286,103.91012606701456,104.16757202148438,3477115
2014-01-22,104.12796793212546,105.11815403282507,103.2566114158494,103.6922836303711,2853129
2014-01-23,103.17739610979213,104.04876475060304,102.38524719532155,102.62289428710938,2805631
2014-01-24,102.18720812905943,103.51405995438334,101.81093256655923,102.14759826660156,2902163
2014-01-27,101.39507247740964,101.55349986070868,98.2264764624906,98.62255096435547,3926853
2014-01-28,98.22645501116038,100.46427304054085,98.06802766245974,98.68193817138672,1869607
2014-01-29,98.76115583766408,100.60289941341611,98.76115583766408,99.29585266113281,1727528
2014-01-30,98.22645345316045,99.61271388495908,97.09763896982092,97.49371337890625,5510037
2014-01-31,97.45414974947592,98.22649395694599,96.8006230788333,98.00865173339844,2028867
2014-02-03,97.43429996960039,98.64232806819051,96.80057852796165,97.33528137207031,3314634
2014-02-04,96.24607092307103,99.43447077759951,96.24607092307103,98.74134063720703,5352922
2014-02-05,98.14726010654974,101.31585603545454,98.14726010654974,101.07820892333984,3346367
2014-02-06,100.40490331761367,106.62327889052227,100.40490331761367,105.8707275390625,5588845
2014-02-07,106.54401492689874,107.05890681841862,104.0883487814233,106.78166198730469,2628212
2014-02-10,106.94010925292969,107.4154034622807,105.8905143017829,106.94010925292969,1400555
2014-02-11,106.94010925292969,107.19755524664738,105.35581133807148,106.94010925292969,1921146
2014-02-12,106.6430514475045,107.05892480767096,104.9597349436906,106.90049743652344,3412799
2014-02-13,106.36579129361664,106.36579129361664,102.76152338094397,103.13778686523438,2162133
2014-02-14,103.61307040073756,103.9893338463499,101.69210705164375,103.29620361328125,1941733
2014-02-17,103.35562660300695,103.37542548947218,101.19701614007718,101.49407196044922,2521574
2014-02-18,100.9989872435091,101.69211754812142,100.26624707547228,101.0385971069336,2316373
2014-02-19,101.47428480480468,101.94956692000504,100.48409257881166,100.9197769165039,1218899
2014-02-20,100.523698779467,101.5138788821343,99.1176332430205,99.43449401855469,2174766
2014-02-21,100.0286003698998,100.28604633675249,99.21664656454058,99.51370239257812,1022484
2014-02-24,99.51369705654326,101.03858597614962,99.47408719748233,99.81075286865234,1189950
2014-02-25,100.00878829404441,100.16721564023219,97.19665757209226,97.49371337890625,2237742
2014-02-26,97.03824058907931,97.3749062902023,95.17669187629782,96.64216613769531,3702994
2014-02-28,96.72137981924881,98.0284267175393,96.08766432320431,96.64216613769531,2362184
2014-03-03,96.66199155519017,97.25610335818013,95.3351394443988,96.78081512451172,2380690
2014-03-04,96.84019102164557,98.2264514248184,96.76097735018742,97.88978576660156,2575377
2014-03-05,98.10761860764862,99.87014831609496,97.96899620662462,99.63250732421875,2684429
2014-03-06,99.81074484610821,102.04856270001324,99.81074484610821,101.83072662353516,3405827
2014-03-07,101.89013636794243,105.35578726481123,101.89013636794243,104.8804931640625,3649357
2014-03-10,103.8704972788295,104.76166455767552,101.83071681358349,102.50403594970703,3309344
2014-03-11,101.81092769220355,103.27640792235134,100.82074765794485,101.29603576660156,1988654
2014-03-12,100.60289232836116,103.39521186714974,100.20681794911566,103.17737579345703,1671339
2014-03-13,103.17740639904444,106.06874539030433,102.97936915067775,104.99935150146484,2857175
2014-03-14,105.55383377291734,106.00931694210827,103.57346165710275,104.66266632080078,1600297
2014-03-18,105.15776193483015,107.53420853222744,105.15776193483015,107.21735382080078,3009481
2014-03-19,107.4153884779113,109.19772338349236,103.98933504517531,104.22698211669922,4703870
2014-03-20,104.16756235275811,104.36559954354283,101.43465153737527,103.15757751464844,4293614
2014-03-21,103.1575562724718,104.56361520261561,102.2069682826653,104.18733978271484,2527055
2014-03-24,104.60326537890978,107.73225113789468,104.60326537890978,106.92030334472656,5301925
2014-03-25,106.30634116979387,108.90063512293733,106.10830401706056,108.72239685058594,2123909
2014-03-26,108.90067942283271,111.69299957737366,108.12832937809577,111.19790649414062,4019330
2014-03-27,110.86122327203297,112.8217964069003,109.51457271575927,110.90083312988281,4437037
2014-03-28,111.37613552792388,114.02982697986359,109.1779151698009,113.4159164428711,2001799
2014-03-31,112.58417328673524,115.65375057071834,112.58417328673524,114.36650848388672,2176837
2014-04-01,114.66354928205428,115.65373537257288,111.69299101049846,115.05962371826172,3559789
2014-04-02,115.05961354789032,115.2576507484891,112.88120434130376,113.63374328613281,1461584
2014-04-03,113.69315961927653,114.10904502063829,110.60378391857452,111.098876953125,3742894
2014-04-04,111.2969236451745,112.72279412355579,108.94027576512535,111.57418060302734,11061864
2014-04-07,111.71279554430913,113.17827586724725,109.53438603505329,112.48514556884766,2242868
2014-04-09,113.0792579462469,114.4655185515424,112.28710902893519,114.12885284423828,3023751
2014-04-10,114.74277485853538,116.24785295802197,112.64357298719202,115.71315002441406,4462459
2014-04-11,114.86158838038868,116.44588615115266,113.89120116090264,116.06961059570312,2898928
2014-04-15,115.25766712491675,116.8221660668321,112.92083024326713,115.97059631347656,4382242
2014-04-16,115.85177860746305,117.04000197779601,113.41592311572713,114.7427749633789,1850340
2014-04-17,114.98040863633608,115.65374003995505,113.41592180251897,115.21805572509766,2279947
2014-04-21,115.21801194570729,117.83210475434174,114.88134637182063,117.27760314941406,2138227
2014-04-22,117.83215022007357,119.13919108510048,116.86176297160326,118.42626190185547,4237705
2014-04-23,118.54508408409066,120.30762031119752,117.65391652622993,119.71350860595703,4370472
2014-04-24,119.71350860595703,119.71350860595703,119.71350860595703,119.71350860595703,0
2014-04-25,119.51548821077364,120.54528439573689,118.50550300444995,118.80255889892578,2409633
2014-04-28,118.08958435345755,118.62428723087616,116.48548780843362,117.11920928955078,3350917
2014-04-29,117.0399799542617,118.42624029212944,115.69332947206493,117.51527404785156,1368878
2014-04-30,117.11921114312759,118.7233077135386,114.52491643282777,115.59432220458984,2778923
2014-05-02,115.65371383336141,117.87173268048838,115.65371383336141,116.96075439453125,1361657
2014-05-05,116.84198501576168,118.5253017490396,116.26767211892569,117.41629791259766,1556958
2014-05-06,117.63413406671599,118.12922722356244,116.94100364713096,117.41629791259766,815026
2014-05-07,116.64389409005497,118.03015429146478,116.28742959856696,117.00035858154297,1585768
2014-05-08,117.00038317929558,117.83214189245346,116.03000808663825,116.34686279296875,2029447
2014-05-09,116.24782775449451,122.783054868461,116.24782775449451,122.24835205078125,4673033
2014-05-12,122.38701535770326,133.51671075751725,122.38701535770326,131.12045288085938,8237761
2014-05-13,132.66515092177795,135.65550838858908,128.72420504026704,131.5165252685547,4950353
2014-05-14,131.49671471548245,136.9427382918014,129.65497097802842,135.97235107421875,6846395
2014-05-15,135.8139248195385,136.78431204501376,130.94221397926418,134.80393981933594,4092349
2014-05-16,141.79464797301517,144.72559637959188,134.68510701768747,136.80410766601562,14234067
2014-05-19,138.52701095886627,156.1523204304018,137.91310052003084,154.05313110351562,11585955
2014-05-20,154.46901870456918,154.98391059869175,142.7848236999928,145.16127014160156,11520726
2014-05-21,144.96322956780642,148.36947180569842,140.74503964946817,146.90399169921875,12136258
2014-05-22,150.70633062865193,158.98428434823245,150.54790326357173,154.42942810058594,14514099
2014-05-23,157.83566955022886,158.42978122984078,154.1917797470493,157.5980224609375,5290632
2014-05-26,161.47951564201853,165.0837825195608,153.6768461936844,158.84561157226562,8404997
2014-05-27,159.97447333317086,161.16269672324725,152.587687008976,155.67706298828125,6135493
2014-05-28,155.6572895175567,156.0533640455912,149.9340077525641,150.666748046875,7118340
2014-05-29,150.11219301259771,152.05295509584207,146.82478042795304,147.95358276367188,8459707
2014-05-30,147.300066096945,151.43904838807683,146.15145276098517,146.90399169921875,4130201
2014-06-02,146.90400246798166,149.10222278884115,145.2008872678049,147.8743896484375,4652528
2014-06-03,149.06260982726033,156.40978545590426,148.15163141232628,155.815673828125,8792311
2014-06-04,156.0533815641621,156.84553070915783,152.68674769793017,154.6077117919922,6610785
2014-06-05,155.26120819239864,157.43961800122054,153.51848276278807,155.2414093017578,9603148
2014-06-06,156.05330729229124,157.32075015595348,154.0729353723383,154.72645568847656,7053744
2014-06-09,155.65725067944447,166.05420444620125,154.96412042832736,163.657958984375,10844180
2014-06-10,164.7669642420944,167.69791263087748,160.05368090357715,166.5096893310547,11167893
2014-06-11,167.14337925538314,167.81671049959786,159.02385490766903,160.1328582763672,7166116
2014-06-12,160.80625000627893,160.80625000627893,155.06316964891184,156.40982055664062,5334343
2014-06-13,157.24154527500346,160.6081778564582,152.90452552635423,154.21157836914062,4402493
2014-06-16,154.07294990422253,155.77606508112444,149.8349487609102,154.21157836914062,3627210
2014-06-17,153.95411259832915,159.16248815126943,153.43920866450776,158.6079864501953,5177391
2014-06-18,159.1427228170595,159.81605427467167,154.48884763062236,156.09295654296875,4239276
2014-06-19,156.84547519352296,157.6376240581367,151.83513604228747,152.54806518554688,4308309
2014-06-20,151.02316298682382,156.37016735501993,150.90434550242313,153.02334594726562,3825862
2014-06-23,152.03315636985815,154.4690114405123,151.81530820394954,153.6372528076172,1701418
2014-06-24,153.2807757498204,156.4295717144568,152.88470139387772,155.0631103515625,2885722
2014-06-25,156.01370259060442,158.5287774294803,155.41959099499113,157.5782012939453,3068966
2014-06-26,158.0732642240079,159.63775054254472,153.16194505187372,153.795654296875,4248179
2014-06-27,154.62746157545774,155.36020171930514,150.5082897471917,150.84495544433594,3787517
2014-06-30,151.69650683738013,152.9243399890195,150.90435797661053,152.46885681152344,3441503
2014-07-01,153.95416009930872,155.39982957976542,151.93417776972265,152.27084350585938,4739271
2014-07-02,153.67688323821486,156.19195835814247,152.80551463238342,155.87509155273438,4498375
2014-07-03,156.6474237455415,159.1030898376334,155.6968476118138,156.88507080078125,5264060
2014-07-04,157.38017492635373,157.38017492635373,153.77589524747268,156.11273193359375,2548987
2014-07-07,156.11270608087835,158.35052379032697,155.2611486270282,157.1425018310547,2867565
2014-07-08,157.0435090185752,157.63762065420664,147.67635131423273,149.47848510742188,4326868
2014-07-09,149.91416916835138,152.09257849576468,143.77501560927755,144.84442138671875,5650039
2014-07-10,144.98304554188223,150.5082888763137,141.3985766548526,146.5079345703125,5572244
2014-07-11,148.0526051121043,148.5278992245153,141.55698740346511,143.65618896484375,3400029
2014-07-14,143.69582618708253,145.20091656479133,139.49744608610692,141.89369201660156,2915555
2014-07-15,142.98284283309627,145.57712503575763,141.59658258402195,144.34930419921875,4477265
2014-07-16,144.76516330204717,146.09201468546246,142.23029008301387,144.68594360351562,3625393
2014-07-17,143.5967851060695,149.59732261368663,143.5967851060695,149.2012481689453,3299444
2014-07-18,148.88436619247884,149.32005045475336,144.8642134053741,148.7655487060547,4824302
2014-07-21,148.54773099997522,151.08261737778315,148.54773099997522,149.89439392089844,2435981
2014-07-22,150.15180532877054,153.99371970196552,150.15180532877054,153.49862670898438,4662386
2014-07-23,154.42942114053838,155.85529153646334,151.49847271333476,152.40943908691406,4292684
2014-07-24,152.19158734538817,153.43921928093596,152.0925687459442,152.58766174316406,3722152
2014-07-25,152.19160813551684,153.12238551488528,148.2704734793353,149.320068359375,9210428
2014-07-28,149.4190806976552,149.43887958452464,143.7750199953581,144.30972290039062,4071310
2014-07-30,144.5671374693557,145.83458022178723,143.85420847563168,145.4781036376953,2970292
2014-07-31,145.47814196967494,147.24067812305532,144.76521278810145,145.63658142089844,5715183
2014-08-01,144.17109174383052,147.9139999220729,141.04210618112242,142.1907196044922,4885489
2014-08-04,142.58676305506205,143.8740046659758,140.42815305725327,142.36892700195312,3099856
2014-08-05,142.68579529728441,145.577133434412,140.0122932341153,143.0224609375,4498302
2014-08-06,142.92344040753247,144.90381227936405,141.99266321032547,142.5471649169922,2376739
2014-08-07,141.1213207814442,145.35932220374914,141.1213207814442,143.7750244140625,2559482
2014-08-08,142.34915553678672,142.76504096345028,139.2597796481323,140.86387634277344,1974951
2014-08-11,141.79463864036074,142.6660071763953,141.10150842354335,141.55699157714844,876052
2014-08-12,142.0521345579294,145.1613221845128,142.0521345579294,144.40878295898438,2424914
2014-08-13,145.43853891232342,145.8940220999669,137.47744026678228,139.83407592773438,3476487
2014-08-14,139.81426357905897,141.47778089846162,139.18054211989457,141.18072509765625,3036124
2014-08-18,140.60640930372432,144.86420902207655,140.4083721075219,144.05226135253906,2080416
2014-08-19,144.96323121522195,147.33967762858626,144.64637652833264,146.25047302246094,2420419
2014-08-20,145.99305318233388,146.7852021284266,144.5869815506791,145.220703125,1387438
2014-08-21,144.66617847201962,146.64655052502468,143.7948099338047,144.25030517578125,2526710
2014-08-22,144.6067873842846,144.76521475042253,141.1015260050288,141.4183807373047,2120692
2014-08-25,142.38872860270163,143.37891447615576,141.1212858497884,142.05206298828125,1627688
2014-08-26,142.1907497508145,144.56719682185874,139.02215365608882,141.24017333984375,3083141
2014-08-27,141.27978402567553,143.9730858868772,140.23017689343854,142.01251220703125,2097073
2014-08-28,142.01245868177662,142.90362600268725,140.60639952145422,141.04208374023438,2450725
2014-09-01,141.5965917484145,145.2404809024269,141.5965917484145,144.66616821289062,2942078
2014-09-02,145.28012256969865,145.75541680722472,143.18093254296667,143.9334716796875,2148461
2014-09-03,144.17107483784747,150.11219055918733,143.9334277915477,148.9635772705078,3815885
2014-09-04,148.96363691982262,151.41929181561926,147.14169161827303,150.13204956054688,4419097
2014-09-05,149.7161447306286,150.11221918758793,145.53756404460088,146.66636657714844,2666350
2014-09-08,144.17108705939077,148.7457417177287,143.45815794728654,148.40908813476562,2372603
2014-09-09,148.52788359850717,151.458831417405,148.1318092422445,150.7657012939453,2653533
2014-09-10,151.69649257340248,152.44903150292612,147.37928410560045,147.99319458007812,3659862
2014-09-11,147.89415761360374,148.60709868505216,142.62637367395638,142.88381958007812,4488229
2014-09-12,142.88384919087042,143.77501664944134,140.64603110123878,141.6758270263672,2692129
2014-09-15,140.705461260804,141.59662885499628,139.02214469399635,139.3588104248047,1849463
2014-09-16,139.1013746838291,139.73508423886543,135.69513143295146,136.42787170410156,3746048
2014-09-17,136.2495957443919,138.38839512060756,133.2394278395695,134.40785217285156,5056125
2014-09-18,134.6059079095756,137.63587511700692,134.4078706791914,136.6060791015625,2647582
2014-09-19,136.6258708395979,138.46761440540098,135.67528259781292,136.9625244140625,2449184
2014-09-22,135.57628917269975,137.95273604399847,134.9623785658411,135.85354614257812,1706520
2014-09-23,136.64565872305127,136.64565872305127,131.95217498424816,132.74432373046875,3741412
2014-09-24,132.82356055636322,139.77466186531407,132.7839506965017,139.16075134277344,8121925
2014-09-25,142.19071783328454,142.66601197569813,136.03176539155461,137.33880615234375,7173650
2014-09-26,136.6457471638422,139.12121359796978,132.8830381839683,137.8735809326172,3281595
2014-09-29,137.27937713670212,137.5566219394807,135.10096813221307,136.05154418945312,1695859
2014-09-30,135.37823845229036,138.5270350780936,134.07119763812634,135.20001220703125,4288540
2014-10-01,135.37824319047516,137.6556712950564,135.25942568947718,136.4872589111328,3408001
2014-10-07,135.14061943955002,137.79431124304546,134.30886060161734,135.27923583984375,3866590
2014-10-08,133.93253661861658,136.2099640900268,133.93253661861658,135.33860778808594,2646998
2014-10-09,134.6652901240817,136.84369922903008,134.44745404847924,135.9921417236328,2162932
2014-10-10,134.76432292804535,135.20000721241564,132.09082056283063,132.78395080566406,2372747
2014-10-13,132.56610310866128,135.85351570929998,131.2392514853079,134.98214721679688,2888612
2014-10-14,135.06133851227787,137.6358215044474,134.46722705254643,136.3287811279297,2210131
2014-10-15,136.3287811279297,136.3287811279297,136.3287811279297,136.3287811279297,0
2014-10-16,135.8931090648239,139.14091141466767,134.90292321050026,138.07151794433594,3072011
2014-10-17,138.26958860203902,140.467796896119,137.12097515029242,138.8834991455078,1801616
2014-10-20,140.60639054831805,145.04242798642443,139.636003581473,143.10165405273438,2002057
2014-10-21,143.37894281020274,143.37894281020274,139.4181985336778,140.626220703125,3201012
2014-10-22,141.39857479750177,141.39857479750177,139.02212816224963,139.83407592773438,6261947
2014-10-27,139.61621823518172,142.3095191705,137.75466382382032,141.2005157470703,2375296
2014-10-28,137.83387741303005,141.79462101685274,137.83387741303005,141.25991821289062,1610475
2014-10-29,141.3391732868013,142.58680541675122,140.34898713807388,142.11151123046875,1915279
2014-10-30,141.7946260231423,143.77499789497392,141.2995330551844,142.5471649169922,2565256
2014-10-31,142.5867854723311,147.31987943609693,142.5867854723311,146.76536560058594,2705137
2014-11-03,147.3396912185332,148.5279145348117,141.79464907590025,142.2699432373047,3332454
2014-11-05,142.9828600224017,143.3591355415638,136.56644983470323,138.2695770263672,6256926
2014-11-07,137.04175049294903,137.774490593667,135.31882433375597,136.46743774414062,3604629
2014-11-10,135.06137193251794,140.03210087402735,134.3088329814253,138.2695770263672,4328207
2014-11-11,139.41820534214787,139.59644367818865,136.3090185157926,136.88333129882812,4602542
2014-11-12,138.26956377952706,138.4676009628013,136.40800942185695,137.0021209716797,2513692
2014-11-13,137.43777662874052,138.15070550546818,136.64562806027516,137.47738647460938,1249146
2014-11-14,136.6456861521795,141.91347153706596,136.6456861521795,141.12132263183594,3269054
2014-11-17,140.40841212588066,141.2005611364639,139.2597984779819,140.24998474121094,1525940
2014-11-18,140.23013864921938,142.2699315104838,138.70526185547178,139.6558380126953,2309766
2014-11-19,139.8934782322337,140.56679743735677,136.24958903931312,137.45761108398438,2692674
2014-11-20,137.51704447755688,139.73505157620124,136.26940037552927,137.33880615234375,3031965
2014-11-21,136.72490456630504,137.83390818809772,136.0713720559717,137.39822387695312,2195792
2014-11-24,137.63584507596707,138.58642115688733,136.44762195300908,137.55662536621094,3715247
2014-11-25,137.04179650118868,138.5468749804691,135.0614237193796,137.85374450683594,2205505
2014-11-26,137.43784510706865,139.37860764934703,137.43784510706865,138.4478302001953,1762676
2014-11-27,137.65564624888594,139.1805350328191,137.12095550444795,138.28936767578125,2790178
2014-11-28,138.66568271014052,141.6758512807564,137.23981211487677,140.6064453125,2812968
2014-12-01,140.6064282028665,140.72524570166593,139.00233153291003,140.13113403320312,3707445
2014-12-02,139.23998568256766,141.87389077815845,138.1507808072355,140.90350341796875,1793479
2014-12-03,140.90348372761912,142.3887628955139,139.9727063649585,141.4381866455078,2969992
2014-12-04,141.59665108070473,141.79468835494347,139.02216651560101,140.94313049316406,1688563
2014-12-05,140.7648233058219,142.3887305782634,140.60639598131712,141.22030639648438,1215587
2014-12-08,141.6164501366542,145.73563511536233,141.3986139696346,144.40878295898438,4844333
2014-12-09,144.15131243423107,144.36914856424926,141.14114395618537,142.9630889892578,3800573
2014-12-10,143.67601910109732,144.36914944824252,142.01250143305523,142.6066131591797,2148878
2014-12-11,142.5867812657486,144.64637294114635,140.66581804513882,144.05226135253906,2425895
2014-12-12,144.171094430607,146.07224688490882,143.5571838908642,144.30972290039062,3222397
2014-12-15,143.3789876208947,150.05284623008797,142.96311417677825,149.33990478515625,2993299
2014-12-16,149.0824469004903,150.86478224037,144.0721066402755,145.2603302001953,4518753
2014-12-17,144.56716081737417,147.319882823995,142.23032419695065,145.4583282470703,2365837
2014-12-18,146.58717619154194,146.9238419370299,143.57700754690475,145.57717895507812,3216002
2014-12-19,147.33966794927068,150.33002465474667,145.3592960682321,148.92396545410156,3499013
2014-12-22,149.73598729792633,155.2216225444692,149.73598729792633,154.6077117919922,3682646
2014-12-23,155.41961576003703,155.79589133210823,151.04299780986102,151.95396423339844,2507930
2014-12-24,152.40945066625122,154.38982300904155,147.95361289497293,149.2606658935547,5158783
2014-12-26,151.45886349339082,151.45886349339082,149.2804540726021,149.85476684570312,1081330
2014-12-29,149.8745182282207,153.85507234231525,149.8745182282207,153.24114990234375,1640127
2014-12-30,153.2411909176196,153.87491240804638,150.9241531395887,151.5182647705078,1023792
2014-12-31,151.65688184242438,154.0729380441099,150.19141384858517,152.0331573486328,1432057
2015-01-01,151.69650052780437,151.87473884895692,149.93396455100893,150.528076171875,540225
2015-01-02,150.70635338803874,153.12241035388794,150.4885172390604,151.20144653320312,969551
2015-01-05,150.9043556228427,152.8847277438774,149.32005792601495,150.6072998046875,1857013
2015-01-06,148.13181697774863,151.3400218484562,148.01299949955717,150.48846435546875,4644316
2015-01-07,150.508277699364,152.2708136809993,147.5575184727337,148.40908813476562,2628276
2015-01-08,152.36981091939484,152.48862839234096,149.43885098960206,150.29042053222656,1779075
2015-01-09,151.30046751580477,151.69654203809745,147.69618694549433,148.54774475097656,1442177
2015-01-12,148.48829332188706,148.48829332188706,141.00248941905227,141.7352294921875,3794388
2015-01-13,141.99266707908765,143.53735476375707,141.81442877087423,143.06207275390625,1654914
2015-01-14,144.13150820345976,144.5275827036546,142.7056375853114,143.85426330566406,1186130
2015-01-15,145.75537070428555,147.24064961771236,143.41853429794017,145.93360900878906,2278050
2015-01-16,145.4583748231784,150.74597234992282,144.32955996666777,150.13204956054688,2086327
2015-01-19,150.11223229316573,152.0529948842585,148.17146970207298,150.1914520263672,1720402
2015-01-20,152.35001246815554,152.35001246815554,150.07258471411367,151.4192352294922,1371798
2015-01-21,151.53807851022455,155.85528735626812,150.92415589472836,155.20176696777344,2579948
2015-01-22,156.29099227943635,157.47921571984682,154.8849206226103,157.00392150878906,1632779
2015-01-23,157.63763782973405,158.4297867635518,154.70668919205502,156.33059692382812,1892706
2015-01-27,155.22156502488698,156.33058066926137,150.11220735045768,151.55787658691406,2619631
2015-01-28,151.4588496922026,153.95412569007183,150.7063107419493,152.0133514404297,2589117
2015-01-29,144.56718697528203,150.3894867376733,144.2503322222846,148.5081329345703,11218814
2015-01-30,143.3789604030942,144.25032908574133,142.60661033950998,142.92347717285156,14790368
2015-02-02,140.3093304979745,141.3985348984528,138.6854233379974,140.64599609375,25950717
2015-02-03,140.62619681883294,142.56697085449025,140.0518962486168,141.25991821289062,7690620
2015-02-04,141.47779827511016,146.07225222208334,141.4381884126915,144.98304748535156,15177656
2015-02-05,145.12167401487275,148.5081177669295,145.06226526565763,146.5079345703125,9382752
2015-02-06,146.15145354218535,146.64654654198952,142.23031940118278,144.17108154296875,3576894
2015-02-09,142.96305258904312,143.53735318888224,141.79462833075488,142.84422302246094,2498414
2015-02-10,141.8144349368858,146.15145447782777,141.8144349368858,145.81478881835938,5296191
2015-02-11,146.1514697850967,149.28045547416036,146.1514697850967,147.37930297851562,27184800
2015-02-12,147.47829940003356,148.40907662051208,144.56715025820972,146.05242919921875,4759855
2015-02-13,143.8938329203057,150.46867075403702,143.77501542839823,149.65672302246094,16984215
2015-02-16,149.57755193346682,152.03321898728265,148.56756666219195,149.33990478515625,4307836
2015-02-18,149.557737237309,152.3698686728201,149.35969998251574,150.64694213867188,5508230
2015-02-19,150.68650877916716,154.46901442572508,148.86456414028927,152.07276916503906,6011878
2015-02-20,151.14200522530288,152.48865587270626,149.43887792035918,151.5974884033203,5970211
2015-02-23,152.42925994910053,153.20159790187085,151.37966503652544,152.17181396484375,4701758
2015-02-24,153.28081762959604,154.56805963811334,151.6173000452342,152.17181396484375,4510109
2015-02-25,153.5976422409261,154.38979101388028,152.0331556666802,153.1223602294922,3296025
2015-02-26,152.70648320925972,153.26099705038942,149.9141634670255,152.231201171875,10641810
2015-02-27,153.04315506669136,157.637620804055,152.46885440404102,156.5484161376953,24773100
2015-03-02,156.37018646065093,157.7168492469642,152.92434603246573,156.3503875732422,8425861
2015-03-03,156.1205057308982,159.6734489670766,155.91150906994653,158.691162109375,5328335
2015-03-04,159.67342403870242,159.67342403870242,154.6575049589526,155.30538940429688,4497793
2015-03-05,155.4935185680527,156.8311023248592,151.3135852732126,152.12867736816406,4971903
2015-03-09,151.27177072937954,154.30222211452576,148.8474147237198,149.3489990234375,4555473
2015-03-10,150.05959238165363,155.40990143653673,149.70429553091415,154.9501190185547,4533632
2015-03-11,154.2395058118924,154.9500994235094,152.98552608984448,154.36489868164062,3136497
2015-03-12,154.59481676595945,155.59799808417898,151.73156025401468,152.44215393066406,2979075
2015-03-13,153.38260390614343,154.4484814224351,151.94052231949973,152.60931396484375,2770431
2015-03-16,153.40352697451624,153.40352697451624,150.9164619660693,152.31674194335938,2446877
2015-03-17,153.8215597165256,153.9887545128145,150.33131253585907,151.22999572753906,2003857
2015-03-18,151.39715117513566,152.88102202121053,150.91644876154382,152.37942504882812,1296884
2015-03-19,153.19451105010288,154.4484906767067,151.73153481906508,152.7138214111328,2412424
2015-03-20,152.96464594889076,155.0755069108537,151.9823591894668,153.926025390625,2118984
2015-03-23,153.82152394033707,154.8038106797715,151.7733594608382,154.23951721191406,2544068
2015-03-24,153.63339226652545,155.91146026018245,153.21539907547938,154.67837524414062,1960112
2015-03-25,155.2427346191992,155.2427346191992,150.5194146542749,151.22999572753906,1851588
2015-03-26,149.99688140544788,150.47757109521814,146.2976385647954,147.25901794433594,3834991
2015-03-27,147.61431740356701,148.15771629593613,144.79286289501576,145.46165466308594,2344094
2015-03-30,146.69473366842254,150.45667285375862,144.89735507063267,150.18496704101562,2451097
2015-03-31,150.47755006997852,152.96461468053553,150.28944802993504,151.68972778320312,3477225
2015-04-01,151.68975024714106,152.25404369469845,149.64158584132338,151.73155212402344,1428949
2015-04-06,152.17043399156347,152.4003379273571,149.93418036141819,150.7910614013672,1248881
2015-04-07,150.79105341908468,151.48073967767354,148.97278036924803,150.31036376953125,1859700
2015-04-08,152.67204819963945,159.96603616611768,152.60935175776754,158.98374938964844,6874570
2015-04-09,160.23772954616484,162.76658383674115,158.3776543116418,161.7425079345703,3309241
2015-04-10,160.48851960207213,163.10097751488004,160.46761228508439,162.59938049316406,3579563
2015-04-13,162.7665487524874,165.39991355361215,160.4257842924232,163.9996337890625,2909461
2015-04-15,163.72795449839109,163.72795449839109,160.50940150124813,161.32449340820312,4149634
2015-04-16,161.32449021526324,161.36627933283083,159.506217136141,160.36309814453125,2034424
2015-04-17,159.69437099677407,160.9901530687666,158.44039081539023,159.0046844482422,2106426
2015-04-20,159.61073068606584,159.98692207308898,154.88739914100003,155.51438903808594,3400318
2015-04-21,155.51438687432184,158.2940522509746,155.51438687432184,156.49667358398438,1820148
2015-04-22,156.43401010540637,159.21366331156142,156.0996205302842,158.50308227539062,2165103
2015-04-23,159.67339170576307,161.3035625253532,159.21359666533013,160.61387634277344,2812629
2015-04-24,160.5094217192691,160.86471856336584,156.392185303627,157.2699737548828,2896474
2015-04-27,157.70883288205027,158.83741965044382,154.9500879035602,157.85513305664062,2202533
2015-04-28,157.5834464425919,158.00143966923008,154.99188333497887,155.66067504882812,3455021
2015-04-29,155.07549050660248,156.76835800940674,154.51119708695398,155.05459594726562,2453973
2015-04-30,153.90512837917075,154.82470592703004,150.14318891830592,151.62705993652344,4879254
2015-05-04,152.98551397033373,155.24267473997944,151.77333621961108,154.57388305664062,1970167
2015-05-05,154.19771162015863,154.19771162015863,151.10456403620603,152.31674194335938,2200905
2015-05-06,151.37623234328413,152.1495223018153,147.1963004119156,147.59339904785156,3280440
2015-05-07,147.8859981045961,151.35534953052073,147.34261201381005,150.81195068359375,2921296
2015-05-08,151.43892349060923,152.96460879727263,149.80875264544477,152.0241241455078,2285680
2015-05-11,152.56750706306124,156.70563689518767,152.56750706306124,155.47256469726562,3000387
2015-05-12,156.30861905642993,157.4162988878137,153.4035601580632,154.32315063476562,4880073
2015-05-13,154.7411042265579,155.7651800219655,152.567534252558,154.21861267089844,2227226
2015-05-14,154.21861257065672,155.2844902410526,151.98234616265958,154.74110412597656,2518413
2015-05-15,155.05460521363094,155.20089265001377,152.40034545602444,153.36172485351562,2370660
2015-05-18,153.7588626601037,154.17685602726115,152.23318942120798,153.02737426757812,1902932
2015-05-19,152.98552150064748,153.15271624067682,151.64793806813077,152.00323486328125,3367308
2015-05-20,152.1913823553405,152.6511775947994,150.2268084940819,151.04190063476562,3619042
2015-05-21,151.9405647932179,156.70568586961699,151.9405647932179,156.2041015625,3494856
2015-05-22,157.3535531729962,157.39534229019023,154.32310232026296,156.64295959472656,1724948
2015-05-25,156.32948234876946,157.4162673976097,153.2363347144875,154.61570739746094,1558758
2015-05-26,154.23949255371093,157.33263971765214,153.75880291947348,156.74745178222656,1825840
2015-05-27,156.28763932304952,160.5093727727266,155.4934548735789,160.11227416992188,2478570
2015-05-28,160.07052192422157,162.18138275713477,157.7506517079022,160.2377166748047,3353352
2015-05-29,159.652554541638,164.58487064190945,159.23456121937286,163.45628356933594,6003508
2015-06-01,163.85336388933848,165.71343906655963,163.01737733888268,163.76976013183594,2859251
2015-06-02,163.8533577452738,164.45945307408425,159.88242177950823,160.3004150390625,2191899
2015-06-03,159.67345490033892,164.14598871335588,159.42265634664878,161.867919921875,4210717
2015-06-04,161.7634161105485,163.3935875201237,160.19594114823698,162.4113006591797,2843287
2015-06-05,163.8742454589396,171.27273094638971,163.8742454589396,169.43356323242188,9218970
2015-06-08,169.85153629828716,173.02828711204165,166.9464785083892,167.59437561035156,6610246
2015-06-09,166.75838783198532,168.86924833370065,165.17000606031118,167.74066162109375,3662673
2015-06-10,167.9078822253745,170.03963745070055,167.71978017319123,169.24545288085938,4448352
2015-06-11,169.83064027757067,170.95922707465184,166.7792948723376,167.2390899658203,3080462
2015-06-12,167.23909635791662,167.61528771927527,164.52214032256677,165.56712341308594,3609449
2015-06-15,166.29861142406537,166.77930109403547,163.83245388392817,164.81472778320312,4389850
2015-06-16,165.10732821238113,166.57030453831362,164.43853648358376,166.08961486816406,5719136
2015-06-17,166.7793286301563,168.32590896051232,165.83884369427196,166.40313720703125,4690179
2015-06-18,168.15868298661448,168.15868298661448,164.10415602815948,164.9192352294922,2862686
2015-06-19,165.94332502294924,166.90470442314427,163.6861639592559,164.5430450439453,2788874
2015-06-22,165.33721730173616,168.78566145502802,165.33721730173616,167.0718994140625,3765670
2015-06-23,167.36448574266507,175.45265724615808,167.0718981370946,173.63438415527344,6294096
2015-06-24,175.09741223307623,176.18419749721804,170.85478227043387,172.33865356445312,5522329
2015-06-25,171.7534110106543,173.0909944129354,170.98012100483993,171.94151306152344,6149596
2015-06-26,171.96241760253906,173.8851890713836,170.54124312770315,171.96241760253906,2521061
2015-06-29,170.85472027650107,173.15368287349375,166.9464813103855,170.41583251953125,2017827
2015-06-30,171.29365290651424,176.6439749147997,171.14736545329544,176.07968139648438,9240034
2015-07-01,176.62305486175097,179.44450949376707,176.39316366085853,177.85614013671875,7247029
2015-07-02,178.25322451093157,178.67121775611503,175.34816635445011,177.25003051757812,4018078
2015-07-03,177.2500426127815,177.4381446884064,173.4672085881947,174.51219177246094,2469598
2015-07-06,173.4671842065008,176.64393519139014,172.923798129515,175.45265197753906,4931673
2015-07-07,175.87070052749377,180.0297394273338,175.2228159429222,179.27734375,5529091
2015-07-08,178.58762509262633,178.8175162892939,173.25821088564916,174.3658905029297,5123404
2015-07-09,175.5571738768942,176.68576081141688,174.07330286682026,174.3658905029297,2934615
2015-07-10,175.97521913865947,177.64719271717405,175.01383943347201,175.5363311767578,3748152
2015-07-13,176.37231796601512,176.3932125332881,173.92705405620833,175.5363311767578,2023481
2015-07-14,176.14240160835593,182.01521604524706,175.59901533585563,181.47181701660156,6061876
2015-07-15,183.49908688385713,184.25146983695933,182.07791199680574,182.5167999267578,3890009
2015-07-16,183.24826855794703,184.4186575052138,182.66308046238552,183.2064666748047,2685433
2015-07-17,183.24824920620165,183.2691565236368,179.31911497248524,179.7998046875,1939162
2015-07-20,180.5731018095643,180.5731018095643,177.18735359940638,177.8352508544922,3351240
2015-07-21,179.2146381874616,180.78211315703123,177.33366822397804,179.17283630371094,3572121
2015-07-22,178.16961435515515,181.26276170710148,178.16961435515515,180.71937561035156,3028536
2015-07-23,181.65985624224965,182.66303742056235,179.82068862265294,180.36407470703125,3970346
2015-07-24,179.94613505839132,181.743501339792,177.6471716604328,178.0860595703125,4240548
2015-07-27,178.25320332442527,178.33679430984174,175.45264381210364,177.06192016601562,6244014
2015-07-28,177.6262197814509,178.67120280697742,174.51216526292578,175.91244506835938,4224368
2015-07-29,176.10056276492608,177.22914971699603,174.8047938091734,175.619873046875,5348695
2015-07-30,176.24686210797907,177.2291488568813,174.3867996852185,175.70347595214844,7044484
2015-07-31,177.85608028267598,185.0873564702096,177.31269430553672,183.51988220214844,5559406
2015-08-03,184.33505620620917,184.94115162952616,179.15194153077812,180.44772338867188,2794167
2015-08-04,181.82705521678872,185.79799090543122,180.23868604378814,185.33819580078125,4990892
2015-08-05,186.00702614169845,186.88481465898914,182.49588482867938,183.29006958007812,3410332
2015-08-06,182.68394013461887,183.8752234178587,179.92519496013668,180.32228088378906,4162278
2015-08-07,180.07150934795035,181.45089489784417,172.2759368190952,173.34182739257812,7480783
2015-08-10,174.6794117626407,174.74210821152454,169.60079530474414,170.5203857421875,5571855
2015-08-11,171.16821572966228,171.3772123300648,163.16364848547389,164.14593505859375,8619915
2015-08-12,165.02376301324617,165.02376301324617,151.3971905419408,155.2427215576172,14392544
2015-08-13,155.45172220392223,158.37767561421012,152.56757067929595,157.60438537597656,7986914
2015-08-14,157.58347853196824,159.63164320834338,156.12050194082266,157.81336975097656,2980717
2015-08-17,158.81655163503436,159.5898289971298,156.49668128032025,158.77474975585938,2719119
2015-08-18,159.08824428699026,160.34222412200677,150.31038544187467,152.21224975585938,7856857
2015-08-19,151.98235330834152,152.7347360809199,148.17861205554618,148.6593017578125,4342672
2015-08-20,148.82650557433348,151.02097034347588,145.56616301977908,146.23495483398438,4973865
2015-08-21,145.4198272532031,147.57248961572282,144.4166461553059,145.7333221435547,3733692
2015-08-24,142.1176614904346,143.74783211512673,138.961818521558,140.6964874267578,9826523
2015-08-25,142.57751309882315,148.38761725123447,142.34760913672005,147.80242919921875,8086602
2015-08-26,147.42621401055584,151.6270407752002,146.17223434873475,149.7042694091797,4958051
2015-08-27,151.68974228606376,153.15271860717294,148.32490184996914,151.2508544921875,11449981
2015-08-28,153.4035171221927,153.4035171221927,148.26220543826508,149.45347595214844,4320791
2015-08-31,148.78470851133736,153.80062771601936,146.8410296146093,153.1318359375,4502846
2015-09-01,151.31356814746175,152.77654463507534,144.73017395320065,148.26222229003906,3454778
2015-09-02,149.22360185227117,150.14319217622682,142.9745971764487,143.9359893798828,4050972
2015-09-03,144.73018285138303,146.90375315478536,141.9505299052494,144.3330841064453,3216240
2015-09-04,144.2076567505761,146.0050224424025,141.2817042947673,145.2526397705078,3506413
2015-09-07,147.09179738170488,147.09179738170488,140.4457083758608,141.0518035888672,3456022
2015-09-08,141.28171808488744,142.3267012068171,140.02773833857188,141.01002502441406,5328867
2015-09-09,143.7060748146097,143.7060748146097,141.07272243167512,141.67881774902344,6479310
2015-09-10,140.78012707513804,142.32670726386894,139.65155290910982,141.4280242919922,3799294
2015-09-11,142.11774528805768,142.4103457484618,139.19179170859766,139.54708862304688,1813830
2015-09-14,140.02775296356904,142.3058215097619,138.37667435601904,141.8251190185547,2800185
2015-09-15,142.11768889347888,142.4102892377745,140.5084125121335,141.30259704589844,3505826
2015-09-16,142.07587922542413,142.36847955366298,140.52931211425462,141.0518035888672,8157111
2015-09-18,142.5357033881666,144.20767644843835,141.44891834776155,143.5179901123047,6337365
2015-09-21,142.95370397950276,143.58069390923743,141.49072747678855,143.0373077392578,3328761
2015-09-22,143.78966259498432,144.10315749889782,134.69831038149331,135.26260375976562,3776365
2015-09-23,134.17585429205826,137.9377941320225,132.7546795704116,137.01820373535156,3327509
2015-09-24,136.8091877238803,137.1435899827016,132.08586902878858,133.08905029296875,5936377
2015-09-28,134.38482563974515,134.38482563974515,128.55381488355786,129.0972137451172,7962444
2015-09-29,128.26123058430457,132.58746324842954,125.73236378250128,131.83506774902344,7414233
2015-09-30,132.92184798650595,137.56157542028203,132.16946527017086,136.93458557128906,7806132
2015-10-01,137.74964629219335,138.08404848726897,135.6387858521124,137.24806213378906,2815897
2015-10-05,137.93775024876803,139.27533353545434,135.30439830102011,137.833251953125,3601833
2015-10-06,139.19172282631055,143.81054215998327,137.60335391453197,143.2462615966797,4666670
2015-10-07,143.35079094441573,145.83784314132015,141.9505109983177,144.73016357421875,3319321
2015-10-08,144.79286529179592,145.75425746060523,143.51799092854486,144.7092742919922,2394780
2015-10-09,145.4616570285884,145.77515197908104,139.83964248063003,140.38304138183594,3407835
2015-10-12,140.8637474527997,142.11772740045078,138.77378087338133,139.77696228027344,2260848
2015-10-13,138.77377620568643,142.8701054611078,138.56477955477425,142.26402282714844,1960525
2015-10-14,142.07591109811045,142.07591109811045,139.65155521449455,139.92324829101562,1985322
2015-10-15,140.5502333848366,143.5388826364382,139.19175529264115,142.70289611816406,2765986
2015-10-16,143.24629134940298,143.2880804693356,140.13223654592576,141.5325164794922,2787049
2015-10-19,141.53252238358954,142.28490515974534,140.27854258590176,141.1981201171875,1741503
2015-10-20,141.28169477466557,141.49069136456893,139.60972205543877,140.00682067871094,1736696
2015-10-21,140.06956337771626,141.99233519126025,139.54707173034797,140.96824645996094,7302126
2015-10-23,142.11771109412615,143.7060804097801,141.4907211922403,142.91189575195312,2219876
2015-10-26,143.95687352882072,144.08227915818523,138.81556162841852,139.35894775390625,3866037
2015-10-27,139.400766989512,140.06955882764686,137.1436056974322,138.899169921875,3829306
2015-10-28,138.27216331094536,140.02774008007768,136.7673978015654,138.02137756347656,3432045
2015-10-29,138.0005165581999,138.77380688877926,134.07138120354202,134.51026916503906,7634777
2015-10-30,134.21764623832064,136.47480742396627,133.2353594682672,133.71604919433594,3556422
2015-11-02,133.75782752403848,136.2657867901142,132.31574584358873,135.84779357910156,2024779
2015-11-03,136.64196695685612,137.08086744621883,135.76417873427008,136.2030792236328,1681515
2015-11-04,136.72558986105096,138.50206111163715,135.91049794950197,138.12586975097656,2142185
2015-11-05,138.31399943571788,141.88785029577656,137.2481214766264,140.9055633544922,3740920
2015-11-06,141.61612036027836,144.2076838389721,139.1917644010948,143.0373077392578,3849776
2015-11-09,140.027759223502,142.53571909019158,138.98277594571468,141.95053100585938,2613167
2015-11-10,140.69651818403477,141.17720782822474,135.22080453717456,136.28668212890625,2215348
2015-11-13,138.39758324026255,142.74471097947776,137.49890020260136,141.15634155273438,6657788
2015-11-16,139.79786202571694,140.8428452588105,136.53750668477917,138.25128173828125,4014192
2015-11-17,138.3557657653108,139.8187421404727,137.9586670753102,138.92005920410156,1859904
2015-11-18,139.233596107534,141.9505530517429,136.99732899453298,140.04867553710938,6900525
2015-11-19,140.23671184493523,140.73830876322984,137.95864391221147,139.4843292236328,3658468
2015-11-20,139.48434616904626,141.1145172173377,138.73195070019872,139.317138671875,1647969
2015-11-23,139.60975891849088,139.60975891849088,138.20947884517562,138.8573760986328,2979816
2015-11-24,139.10814322876723,140.65472329764657,138.23036764192665,138.94094848632812,4012527
2015-11-26,138.75287293471098,142.76559817546547,138.6274672983484,140.3621368408203,5909688
2015-11-27,141.0518227983349,141.5952089034785,139.71423933870904,140.65472412109375,2109945
2015-11-30,140.40394551690844,140.9682390175029,137.74968553718125,138.1676788330078,4387003
2015-12-01,138.39755772724368,143.37167449523807,138.39755772724368,142.7655792236328,3623167
2015-12-02,143.95687845222668,144.85556142410343,141.0727274641873,141.4280242919922,2168133
2015-12-03,141.07270908962633,142.53568533203727,139.69333659209508,139.94412231445312,1780516
2015-12-04,139.60975632180393,141.55342253373823,138.7737697570027,140.1322479248047,2023873
2015-12-07,140.50845677406946,141.28174699375523,136.0568303149921,136.91371154785156,2915052
2015-12-08,135.806010750405,136.68379916784897,132.44117003236897,132.92185974121094,3247712
2015-12-09,132.085909957074,135.42985704459485,127.9059760976729,128.57476806640625,3961414
2015-12-10,129.49428845906638,130.49748234553968,128.67920937148202,129.97499084472656,3494488
2015-12-11,130.01677783263,130.41387646920694,128.01041560479047,128.6374053955078,1918941
2015-12-14,127.90596029596887,132.77558008934145,127.48796696166832,132.14859008789062,2456429
2015-12-15,133.08905879575175,133.1099661135936,130.64379553824233,131.4797821044922,1937912
2015-12-16,132.46207470853165,133.50705796239532,130.41391008218747,132.42027282714844,2194038
2015-12-17,132.29486781798875,133.2353526602967,131.082689905798,132.1067657470703,4540387
2015-12-18,132.3157534689215,133.2353436886013,131.45887243941993,132.23216247558594,3328948
2015-12-21,132.23218315460696,135.53432767708367,132.08588294821416,133.4652557373047,2328659
2015-12-22,133.52795302537274,134.552028866479,132.2948677965343,133.38165283203125,1619130
2015-12-23,133.9668394103531,135.34621206157544,133.52795159118466,134.80282592773438,1438759
2015-12-24,136.11950299912675,137.2689844677694,134.3430316384972,134.71922302246094,1548582
2015-12-28,134.9909307427916,136.62110193362017,134.63563391444816,136.0568084716797,2159124
2015-12-29,136.07771886289467,136.4748176153816,133.59066628744912,134.48934936523438,2318395
2015-12-30,134.59381824352343,135.82690335783815,133.88322465965717,134.6356201171875,2583837
2015-12-31,135.01183763759514,138.77377738601112,135.01183763759514,137.85418701171875,4739203
2016-01-01,137.93777812290168,140.02774445809715,135.97320466536104,139.63064575195312,1001091
2016-01-04,139.17085901189512,140.90552846464382,136.8927906752998,138.02137756347656,1402242
2016-01-05,139.14996003242084,139.14996003242084,135.5552152816748,136.1822052001953,3789711
2016-01-06,135.93143845979995,138.35579471488398,135.6388380210872,137.0600128173828,3950971
2016-01-07,136.60022396637723,137.83330947199633,135.53434600847555,136.4330291748047,2845034
2016-01-08,137.10180258995484,137.72879254082355,132.50387628358442,134.2176513671875,3587538
2016-01-11,133.33986163497713,133.33986163497713,129.99591526168618,132.0649871826172,3136079
2016-01-12,132.06498190330316,132.79647014321924,130.49750710348303,132.08587646484375,2704456
2016-01-13,132.92185758860532,133.96684074574844,130.99908602823356,132.62925720214844,1860750
2016-01-14,131.31258795640142,134.53114135396834,129.82871689682736,133.1935577392578,1469470
2016-01-15,133.71605743624428,134.17585262888036,132.58748315193046,133.15176391601562,1925285
2016-01-18,131.87686297367162,135.0536140466111,129.3271017405436,129.93319702148438,1736472
2016-01-19,130.03769852797697,130.41388988989266,126.23395752162686,129.0972137451172,3268371
2016-01-20,127.8223408891974,132.31576868321403,122.0540386839866,124.62469482421875,3609992
2016-01-21,126.27576373551786,126.29665829562065,119.75506646573633,120.46566009521484,4600455
2016-01-22,121.63606479999038,126.4847902092258,120.88368187275759,125.1681137084961,8008963
2016-01-25,126.2339661852416,128.03133212449515,125.16808846063763,127.4461441040039,3162445
2016-01-27,127.36256431087716,127.69695385025358,124.60380596452028,127.09085845947266,3860574
2016-01-28,126.44296333441461,131.14538759065317,125.85777531153336,128.15673828125,8121506
2016-01-29,127.88504787237133,135.63881803836315,127.52975103660475,133.73695373535156,4782044
2016-02-01,134.46842173470876,137.93776030041448,130.26758229005725,137.3316650390625,3208370
2016-02-02,136.89282304953025,139.02459170015646,132.29489616847732,133.31898498535156,3045611
2016-02-03,132.50385435328323,135.5551998400349,131.58426414175037,132.6083526611328,4106124
2016-02-04,132.9009617031487,135.17901730932758,132.85915982605124,134.80282592773438,3572599
2016-02-05,135.17906233405273,140.9473788789491,132.92190053654812,136.37034606933594,6271759
2016-02-08,136.6838305821897,137.83331233785032,134.5102599781188,135.1581573486328,2378719
2016-02-09,133.9250578030179,135.01184299132856,128.7628377256501,129.26443481445312,3673347
2016-02-10,127.52974658291416,132.1903688955117,126.27576679892512,131.1453857421875,3126063
2016-02-11,130.37209609336506,131.14538618063867,123.62150745155023,127.52974700927734,4387964
2016-02-12,129.20176077835396,130.03774756727097,125.60701503478158,126.58930206298828,4767172
2016-02-15,128.55382434536367,138.25127325594747,128.0731346388617,135.53431701660156,5228881
2016-02-16,136.26579851083048,136.5583988861631,131.04088292375874,132.8800506591797,2434947
2016-02-17,132.94275570430764,133.33985441709765,128.1149384916628,130.748291015625,2497160
2016-02-18,131.58429546800772,133.38167444460717,131.2499059057374,132.7546844482422,1809851
2016-02-19,132.08589234668986,132.482991112848,129.6197342496735,130.51841735839844,3183958
2016-02-22,130.664697961196,132.085872519353,129.66151667050528,131.2080841064453,2820180
2016-02-23,131.2081053006874,131.2499071854148,125.27260759758133,125.85779571533203,3468668
2016-02-24,125.79508048914386,125.79508048914386,122.34663599025644,123.41251373291016,2928473
2016-02-25,123.72602675496718,128.7001448739549,123.39163719051955,125.14720153808594,14688967
2016-02-26,126.25487369244668,130.76920907659115,126.02498247529738,130.18402099609375,6359697
2016-02-29,132.50387033542253,132.79647073515022,128.01044255590898,129.99591064453125,6433602
2016-03-01,130.28850535722603,133.27715464052312,129.38980963563688,132.85916137695312,3958446
2016-03-02,132.92186361723773,133.75785018086816,129.536115483306,129.99591064453125,4195722
2016-03-03,131.58427464336407,132.5247594890696,129.5779120749825,131.29168701171875,4070260
2016-03-04,131.7096800025249,136.89279392351506,131.4797760537009,135.91050720214844,6405159
2016-03-08,138.77376571200935,139.19175898222625,134.74013320564475,135.45071411132812,13626475
2016-03-09,135.42981581577035,136.3076042102491,134.59382929838907,134.80282592773438,6614341
2016-03-10,135.84780214630487,136.3075972586437,133.79963783440422,134.4684295654297,8652210
2016-03-11,135.01182486795093,136.11950447121188,132.378472395584,133.2980499267578,11276463
2016-03-14,133.9382342053608,136.72766426057464,133.5266821541398,135.67591857910156,9036862
2016-03-15,136.54474582455742,136.59047692873133,134.98998596886082,135.1957550048828,4471379
2016-03-16,135.5387173534265,135.76735891912227,134.21259906342567,135.1957550048828,3600579
2016-03-17,135.90457885246803,136.3618620734317,134.18976677385433,134.5555877685547,3428625
2016-03-18,135.35583649834697,136.6362239642336,134.34980780716694,136.1560821533203,4585864
2016-03-21,135.92741925111758,136.49902320086997,134.89853214156327,135.63018798828125,2804720
2016-03-22,135.58445820257887,137.04776991027524,134.2354672859471,134.62416076660156,5604065
2016-03-23,135.3329456644914,136.4990120446122,134.85279001283845,136.27037048339844,2712299
2016-03-28,136.49903191171677,136.49903191171677,133.61815340318788,134.21261596679688,4199915
2016-03-29,134.41838590926895,135.9960043847062,134.0068199150753,134.9671173095703,2231442
2016-03-30,135.17288769982775,136.06458137534435,135.08142549738733,135.74449157714844,3076806
2016-03-31,136.20178235932102,136.20178235932102,133.06939014393592,133.50381469726562,8788685
2016-04-01,133.52668065725717,134.32692617489485,130.6229298450799,131.24026489257812,4021684
2016-04-04,131.8804587846573,132.13197289238963,129.8684156986705,130.32569885253906,3745464
2016-04-05,130.09707242461576,130.30285544988854,125.3413298616404,125.86720275878906,4975193
2016-04-06,126.2101474045498,127.9935488703184,125.29558111900958,126.02723693847656,6518559
2016-04-07,126.7589245273835,128.83955776638453,126.34735843160085,128.6109161376953,3137807
2016-04-08,128.83954804488312,129.4111520734762,127.30764645721833,127.85639190673828,3567115
2016-04-11,128.13078110829142,129.22825819328332,126.75893126325693,128.24510192871094,6696441
2016-04-12,128.24511093472603,128.26796951834388,124.22100940025867,125.4785385131836,9281615
2016-04-13,126.32449974877584,127.26192484357357,125.7528956775144,126.87324523925781,9314286
2016-04-18,126.53026415493184,127.37622689162195,125.3870561808366,126.11869812011719,7530454
2016-04-20,127.03326541830072,128.95386041074372,126.27875094097509,127.42195892333984,8438851
2016-04-21,128.0393217005593,132.04055050370178,127.94785946013032,131.58326721191406,6341547
2016-04-22,131.9947725527122,131.9947725527122,130.3256919209003,131.6060791015625,3616133
2016-04-25,131.971944446558,133.0236903052624,131.14882625023657,131.67471313476562,2987563
2016-04-26,131.2859854306285,132.56637257371025,131.01161276991863,131.834716796875,1972410
2016-04-27,132.15483118239828,134.2126053703595,131.72040660509228,133.02366638183594,2654547
2016-04-28,133.320912604694,134.28121012456543,129.7083780824881,130.34857177734375,5733507
2016-04-29,130.32572020110135,132.45208442387346,129.98275777951952,131.72042846679688,3886257
2016-05-02,132.01765402527155,132.15483339135884,131.0573565971368,131.99478149414062,1741094
2016-05-03,132.15483872254936,132.26915951729202,126.89608216438562,127.65059661865234,4658529
2016-05-04,127.0332485585427,128.7023431554147,124.56392243539707,128.01641845703125,6641861
2016-05-05,128.26794886886776,129.47974666429403,128.03930724878066,128.86241149902344,2845968
2016-05-06,128.61092599958062,129.1596715325836,126.89611365291954,128.9081573486328,3358599
2016-05-09,129.02246487780312,131.01164978600832,129.02246487780312,130.60009765625,2147251
2016-05-10,131.10308631504438,131.10308631504438,129.41113305696484,130.27996826171875,3178150
2016-05-11,128.81667875621451,130.05133498222253,126.50739029958278,129.77696228027344,4069757
2016-05-12,129.89131400829956,130.25714901640865,128.95388883817859,129.79986572265625,3368917
2016-05-13,129.68551814827785,129.68551814827785,127.37622961807057,128.70236206054688,2846180
2016-05-16,128.90811997173319,129.82268629144068,127.8792328620623,129.34254455566406,4442240
2016-05-17,129.75413460224527,130.28000759902483,128.86242659735663,129.79986572265625,1736009
2016-05-18,130.4628869307146,130.4628869307146,128.58803703876504,129.84556579589844,2782932
2016-05-19,129.86842121880875,130.05133169709603,127.76491583056772,128.1764678955078,1489126
2016-05-20,128.31366424739952,128.5423058394458,127.14758375485839,127.5820083618164,4355684
2016-05-23,128.4965859479445,128.72522755995155,127.21619850277581,128.2679443359375,2035863
2016-05-24,128.67951109247073,128.67951109247073,127.12475074489967,127.83353424072266,2073509
2016-05-25,128.22225499279247,128.7252694941076,126.98759825885283,128.4966278076172,2075737
2016-05-26,128.49658346565585,128.81668729835255,127.46769623150024,128.42799377441406,4619836
2016-05-27,129.06821378752343,130.09710123135667,128.13078858743592,128.6337890625,4543846
2016-05-30,132.2691692229247,135.33297232891422,131.92620681353074,133.7781982421875,17863356
2016-05-31,134.39551192605185,135.0128469554945,131.65181308868364,133.25230407714844,7041001
2016-06-01,133.54956690230836,136.95633267958084,132.17771715927415,135.9045867919922,5843470
2016-06-02,136.17891240671935,141.5291306834458,135.6759121209334,140.5459747314453,9888554
2016-06-03,141.7578060099525,142.62664138478453,140.86609809975454,141.2776641845703,6459723
2016-06-06,140.88897913881385,141.0718896568958,139.01411492932357,139.83721923828125,5184081
2016-06-07,140.4316649134444,141.52914173521884,139.49422603773135,140.7517547607422,2708323
2016-06-08,140.63744176814242,140.82036621122975,139.01409199955995,140.2944793701172,1673081
2016-06-09,140.2944473947306,143.76980169366496,139.6542538553625,143.12960815429688,2240051
2016-06-10,143.44976167033536,144.45577645117916,139.99726474617253,140.2259063720703,2251748
2016-06-13,139.47139276291216,141.96359208451713,139.265609716109,141.07188415527344,2418196
2016-06-14,141.75777590543137,141.91782779829492,140.2258745683217,141.23190307617188,2102212
2016-06-15,141.36910566858515,142.12362019586902,139.40279339079365,141.6434783935547,2353608
2016-06-16,141.32339134699995,141.52917440397198,139.70004129374294,140.63746643066406,1665463
2016-06-17,140.84325170823405,143.8155930592195,140.84325170823405,143.22113037109375,3608513
2016-06-20,141.75780953455686,143.22112153762976,141.6892198371079,142.83242797851562,1683234
2016-06-21,143.12960815429688,144.0441743405863,142.46654208716802,143.12960815429688,1174461
2016-06-22,143.12966423935777,145.59899111890536,142.67238096702755,145.18743896484375,2935707
2016-06-23,145.1874227930711,145.8276165119895,144.54722907415268,145.2102813720703,1565312
2016-06-24,140.95756435470642,143.58694308962794,139.7228939753679,142.7866973876953,3080388
2016-06-27,140.18013406927753,142.90097420011705,140.18013406927753,140.88893127441406,1728920
2016-06-28,142.10076378935798,143.701255095111,141.71207025263976,143.26683044433594,2634505
2016-06-29,143.67838442748132,143.88415349066,141.5748789544319,142.21507263183594,1902427
2016-06-30,143.5868912474416,143.76980169366496,142.46654208716802,143.12960815429688,3314387
2016-07-01,143.12964636514593,143.7698400754244,141.55201369055226,141.80352783203125,2225864
2016-07-04,142.9010196297271,145.87336083802543,142.44373636691196,145.39321899414062,2699220
2016-07-05,145.3932180350245,147.8854034278201,144.9587933561448,147.22235107421875,2816887
2016-07-07,148.548441967483,149.00572514179868,143.90702053921387,144.2957000732422,3939302
2016-07-08,143.26682876319566,144.02135724833815,141.7577997032638,142.53518676757812,2294810
2016-07-11,144.04423417947893,147.51958992214648,143.88418223935497,146.74220275878906,2536047
2016-07-12,146.9479390234916,146.9479390234916,143.26680139359166,144.9816131591797,3413443
2016-07-13,145.87335760236644,148.8456987447344,145.07311191019045,148.18263244628906,3400480
2016-07-14,148.61702210660877,149.80596107449645,147.01653109930683,148.45697021484375,4310790
2016-07-15,148.45698546622984,148.61703737443742,144.95877183906666,145.80474853515625,2109207
2016-07-18,146.1705472806126,148.1597316540395,145.82758493882085,147.08511352539062,1986754
2016-07-19,147.22234409916626,148.02258976589997,145.41606972646798,145.85049438476562,1617036
2016-07-20,146.2849150001239,150.8806202278763,146.10200448351188,150.56051635742188,3246139
2016-07-21,150.90344709015562,153.55568391148836,149.39441820132404,152.4353485107422,6355171
2016-07-22,152.27529639661486,152.61825877588655,150.76626750988956,151.56651306152344,2004989
2016-07-25,151.36074205034234,152.91550216858556,150.81199661793835,152.61827087402344,1492185
2016-07-26,152.73261131855878,152.82407355411408,149.44016621105763,149.73741149902344,1692026
2016-07-27,149.64594792072685,151.2692979234337,148.0454564991148,148.86856079101562,1919050
2016-07-28,149.1429304961261,152.3439132740201,149.12007191549782,150.880615234375,3253199
2016-07-29,150.9034426619367,152.7325753002632,149.4630035002895,149.98887634277344,3182206
2016-08-01,150.58335154116875,151.58938015898494,148.9600017701036,149.2801055908203,1461407
2016-08-02,149.53161613655854,150.44618259610934,147.2451999876815,147.725341796875,2335301
2016-08-03,148.0225632003157,150.26324787399938,147.29090735957678,149.1428985595703,1603751
2016-08-04,150.17179132559102,150.28611211891976,146.62784673240023,147.9311065673828,1808553
2016-08-05,148.77711297413268,151.0863878789976,148.5942024592723,150.6291046142578,2101931
2016-08-08,150.90344301151623,152.04665091311864,149.8974144760363,151.79515075683594,2076712
2016-08-09,152.73258020131013,154.3330713112041,152.2752970270547,154.1730194091797,3267563
2016-08-10,154.7446332041196,155.47628912042737,152.9612315023028,154.5388641357422,3121860
2016-08-11,154.1730293287621,154.83609555616454,152.4353587368588,154.4702606201172,3452229
2016-08-12,154.19590173327066,155.2933786301444,153.48710439505732,154.5388641357422,1889296
2016-08-16,154.1044396392457,155.6363411625998,153.28133545469694,154.4702606201172,2665923
2016-08-17,154.53886248024529,160.02626086100605,154.49313136937047,159.0430908203125,5810868
2016-08-18,159.18029163017914,159.2488813221254,154.6074594314103,155.0418701171875,4975745
2016-08-19,155.49913053025833,155.65918242477596,151.8637378385401,152.80116271972656,9764483
2016-08-22,151.77228497852363,154.15016310172567,151.36073290667042,153.14413452148438,7488064
2016-08-23,153.46420952843476,154.3330446182139,152.0694877150777,153.94435119628906,2257353
2016-08-24,153.92149899943473,153.96723010188006,152.09236654300693,152.70970153808594,7665307
2016-08-25,152.96119046838268,153.96721882782205,150.6061853942088,151.4978790283203,3658893
2016-08-26,151.5665128822082,152.86975875775872,150.67480511508688,152.4124755859375,2682815
2016-08-29,152.2753383876938,152.91553221450422,151.13213014153996,152.66403198242188,1292318
2016-08-30,153.23562924857717,153.6929125265764,152.00095881590798,153.02984619140625,1531387
2016-08-31,152.73260891526894,153.83008594877427,151.40649025165092,152.50396728515625,3834244
2016-09-01,152.77832011046502,155.01900500235473,152.09239530956964,154.5617218017578,2860233
2016-09-02,154.10446774421365,154.17305744623917,151.56655108301976,151.95523071289062,3458571
2016-09-06,152.52678586283773,152.61824807296603,148.68561027540684,150.3775634765625,2989741
2016-09-07,150.44619700267594,152.00095734175918,149.57736157393927,151.3607635498047,2982805
2016-09-08,151.36076605685346,152.27533261913052,150.3547372562774,152.06954956054688,2998354
2016-09-09,152.27532113732636,152.27532113732636,151.1549716009418,151.9095001220703,2194843
2016-09-12,149.8516937503372,152.27528886186477,149.76023153832045,151.10922241210938,2607009
2016-09-14,147.97686178289126,149.783122238641,147.0165641714513,148.31982421875,6425242
2016-09-15,148.77709660796182,149.48588000826797,147.1537328236064,148.04544067382812,2277264
2016-09-16,148.70848483340683,149.53158891508994,147.38235254433246,148.41123962402344,4151279
2016-09-19,148.15974088967062,150.4918877502651,148.15974088967062,150.1260528564453,2730095
2016-09-20,150.3547333042472,151.0863893258731,149.60021870123646,150.56051635742188,2955423
2016-09-21,150.58337640267405,151.79518824176205,149.78313067393643,151.3607635498047,3433714
2016-09-22,152.4353799857708,152.52682826614827,149.37157651198007,149.73741149902344,2589917
2016-09-23,149.6001947113185,150.88059603263295,149.6001947113185,150.1717987060547,3605797
2016-09-26,150.37756632487572,152.7783028568893,150.05746253853755,152.02378845214844,3256853
2016-09-27,153.41847821700674,154.19586505978785,151.81798738612886,152.16094970703125,3058963
2016-09-28,152.16096833725894,153.50995921337798,149.80596290308904,150.1946563720703,1620533
2016-09-29,151.0406091238363,152.02377899708094,147.49666493984972,149.8288116455078,4747212
2016-09-30,149.14291310874674,150.35471079949733,144.91304350251346,147.3823699951172,4445950
2016-10-03,147.74823726674163,150.309026542036,147.0165811944891,149.9431915283203,3104019
2016-10-04,149.9889001934554,150.44618342575254,146.03340302512066,146.83364868164062,5945963
2016-10-05,147.29093047316235,147.97685531489842,145.75902886891643,146.90223693847656,5316324
2016-10-06,147.7024880425313,147.7024880425313,145.05025080526255,145.66757202148438,3130353
2016-10-07,145.96481532870402,146.19345694798133,144.34145145872898,145.78189086914062,2038680
2016-10-10,146.3306205001763,147.13086608103666,145.48464380937457,145.82760620117188,1976384
2016-10-13,145.41605035023153,145.82760241867828,142.6723512870196,144.27284240722656,3543786
2016-10-14,144.5014873237745,145.50751591885827,142.83240647958243,143.15249633789062,2066659
2016-10-17,143.9527257730384,144.68438158239647,141.59772041134508,142.32937622070312,5164144
2016-10-18,142.62661212642269,143.90701332340953,142.48943276307645,142.92384338378906,3335691
2016-10-19,142.6723432325962,143.99846158058224,142.51229133857603,142.92384338378906,3410851
2016-10-20,142.7866644141323,143.88414118945107,142.76380583856968,142.94671630859375,1993881
2016-10-21,142.94674055629136,143.67839651567093,142.80954721412078,143.26683044433594,3009896
2016-10-24,143.54120242293445,147.51957208707435,143.06106061578987,146.90223693847656,2802733
2016-10-25,148.11403168156053,148.11403168156053,145.43892206229222,146.1705780029297,2235089
2016-10-26,145.8504753573372,147.06227298926643,144.91303646835408,146.01051330566406,1967319
2016-10-27,146.3306407495264,146.44496156261198,144.20427641717032,144.63868713378906,2363687
2016-10-28,144.9587555573846,149.53158696298033,144.36429305672675,148.5255584716797,3058160
2016-11-01,149.30296552183904,151.49791931038072,147.83965369269401,150.9263153076172,5375999
2016-11-02,149.0971695041415,150.5604812057509,147.72532001707316,149.9660186767578,3362257
2016-11-03,149.89746780510683,151.3607800218308,148.73140091269025,149.53164672851562,2183816
2016-11-04,149.53159545109358,149.53159545109358,142.80952732122222,144.45574951171875,3382028
2016-11-07,145.82760282530825,147.4738250588608,144.7987156737348,146.01051330566406,2877174
2016-11-08,146.0105002185325,147.2680288466304,144.29568845294446,144.9816131591797,1759612
2016-11-09,137.68795548931627,146.7878871343353,132.29200609382826,144.9816131591797,4814661
2016-11-10,147.15372086870096,154.24161011664052,146.33061673165543,152.36676025390625,5022605
2016-11-11,150.83488368489307,151.81803988710237,146.97083461774375,148.18263244628906,2674065
2016-11-15,147.70246508867805,150.42330555396055,142.67235017853733,143.42686462402344,3886233
2016-11-16,145.09594988575785,145.09594988575785,141.32336358695676,143.15249633789062,3380097
2016-11-17,142.1007385258732,142.9924462483305,138.09951097285185,140.3173370361328,4774690
2016-11-18,140.47742092340712,141.46057712645978,139.0141089315306,140.248779296875,2226399
2016-11-21,140.24881091148143,141.91789237037145,136.86490291187033,137.52796936035156,2929466
2016-11-22,138.09956747316963,139.44855889645302,136.6591277557934,138.73976135253906,2497312
2016-11-23,139.92868000052192,140.36310468716985,138.16813662778043,139.03697204589844,1537222
2016-11-24,139.01408197975405,139.24272356195758,136.5447556829907,137.34500122070312,3596361
2016-11-25,138.28244123115047,139.58570118310908,137.59651640961184,139.12841796875,1621974
2016-11-28,139.42562866210938,139.79146355263765,138.14524143319576,139.42562866210938,1677056
2016-11-29,140.11157189128858,143.5869270569506,139.92866139944869,141.02613830566406,3068122
2016-11-30,142.05499375274593,142.0778662810957,139.49420557415246,141.11756896972656,3289134
2016-12-01,141.39197414826629,141.89497451524707,139.63143099830526,140.0658416748047,1906398
2016-12-02,140.91180736428885,142.5351710060987,139.2427265691907,139.8600616455078,3374258
2016-12-05,139.51708790714198,140.4545127560394,138.05377628648986,139.63140869140625,2694582
2016-12-06,140.18016822785864,141.52915933509416,139.26560177011973,139.79148864746094,3262885
2016-12-07,140.2258861171793,140.84322120896795,139.15126783964723,139.60855102539062,1896374
2016-12-08,140.75173758176356,143.4268466025202,140.1572751127835,142.7180633544922,2985532
2016-12-09,143.10677047095277,143.24394983685121,139.8829158205941,140.13442993164062,2583377
2016-12-12,139.88292372787174,141.62060820680188,139.3113197456925,139.60855102539062,1861391
2016-12-13,138.6025324034084,140.7746274732163,138.6025324034084,139.90579223632812,4145409
2016-12-14,135.81310350600987,136.6819387508719,133.09226302205175,133.5266876220703,7916342
2016-12-15,132.61208965215852,134.34975972760085,132.29198592265357,132.68067932128906,2606624
2016-12-16,133.59526050499505,133.75531238777577,131.28598633472842,131.81185913085938,4139183
2016-12-19,131.90334389811812,132.52066505058932,131.01163608094194,131.40032958984375,2396882
2016-12-20,132.61213240680036,133.80107155734484,132.24631141671415,132.88650512695312,2428442
2016-12-21,133.34377610873005,134.66989452010014,132.22342675221444,133.61814880371094,2448452
2016-12-22,133.06939213629948,133.48094416630482,131.26311817299842,131.53749084472656,1586040
2016-12-23,132.15484015564016,132.15484015564016,130.78299060385152,131.62896728515625,1478235
2016-12-26,131.8804587846573,131.8804587846573,129.2282220742894,130.32569885253906,2446568
2016-12-27,129.18249133372638,132.72643578624454,129.18249133372638,132.13197326660156,3419419
2016-12-28,132.6120973039292,135.53870631546417,132.0176348636013,134.98997497558594,3946048
2016-12-29,133.84680024510635,137.9623491073111,133.84680024510635,136.567626953125,7139986
2016-12-30,136.27041575113932,137.77944497436596,135.40158032094283,137.1849822998047,3733367
2017-01-02,137.20782470703125,138.39676387117655,135.81311646679964,137.20782470703125,1729563
2017-01-03,137.64223890876414,140.52311739687744,136.95631413014902,139.60855102539062,1459916
2017-01-04,139.92863322415852,141.75776568460503,139.6771330929164,139.99722290039062,1954806
2017-01-05,140.4316458385005,142.39795762896173,140.2030042835551,140.98037719726562,1845973
2017-01-06,141.3004983673794,142.0092816929776,139.4713657024295,140.02011108398438,940177
2017-01-09,139.86009224568647,139.90582336415537,137.00207178110722,137.1849822998047,1947858
2017-01-10,137.66510439795914,138.6711330391761,136.773410514094,137.45933532714844,1455309
2017-01-11,137.91659927738627,145.41604006186924,137.91659927738627,144.89016723632812,7657690
2017-01-12,145.41608455590398,145.71331589996686,141.98645992015153,143.22113037109375,2316891
2017-01-13,144.50150320870534,146.01053231204196,143.38115369352911,144.04421997070312,3458448
2017-01-16,145.8733154305945,145.8733154305945,141.91781922954564,143.4954376220703,3866192
2017-01-17,143.83843871827938,144.25000480173537,139.9515311469776,140.38595581054688,3759649
2017-01-18,139.37989935968193,141.66631512316212,139.26557857150792,141.16331481933594,3680888
2017-01-19,141.30048911529806,141.963555244996,140.2030123792237,140.5459747314453,2434032
2017-01-20,140.38596710974932,141.00330232944347,138.3053337656012,138.87693786621094,3784930
2017-01-23,138.968403020541,140.02016306645785,138.35106772589978,138.73976135253906,1855848
2017-01-24,139.2427292822191,142.10074917717432,138.83117720838058,141.50628662109375,2508724
2017-01-25,141.66632519883154,145.87333608491812,140.61457945489758,145.05023193359375,5594608
2017-01-27,145.41606335823786,146.51354029066098,144.5014969220225,145.30174255371094,2607499
2017-01-30,144.77587883556183,145.2102895472385,143.3125668626429,143.90704345703125,1713746
2017-01-31,143.31254879620462,143.74697340829354,138.55680641650807,141.3919677734375,17232981
2017-02-01,141.7577881973737,143.4497415740577,140.06583482068973,143.15249633789062,3168177
2017-02-02,142.3979564692144,147.61098108847793,141.18615902890775,146.536376953125,3723534
2017-02-03,146.5363929431044,149.4858609266191,146.5363929431044,149.1428985595703,3778609
2017-02-06,149.07431718265988,150.4461667272856,147.428094938074,148.639892578125,1934568
2017-02-07,149.07430306489294,149.30294463401088,142.00927299707922,144.06704711914062,5669911
2017-02-08,143.12964649689502,147.47383704552283,143.12964649689502,147.13087463378906,4346528
2017-02-09,147.29092316009564,148.61704166390763,145.50752145116394,147.31378173828125,2390829
2017-02-10,148.1597708538978,148.7313749081181,146.9708316300842,148.38841247558594,2168081
2017-02-13,145.4160840288073,147.0165755196904,143.9527719407857,146.74220275878906,4142829
2017-02-14,145.8733583935822,146.65074550941208,144.1585461867611,146.42210388183594,2050709
2017-02-15,146.76505298899687,147.6110157700275,145.07309951658328,146.30776977539062,2649600
2017-02-16,145.18743215519305,145.8733570315168,144.4100450466219,145.55325317382812,2703863
2017-02-17,146.33061079545453,146.33061079545453,142.21506236683237,144.6157989501953,4292500
2017-02-20,144.61581591641982,146.74218006296988,143.63265980082957,146.28489685058594,2429373
2017-02-21,146.5592265398271,146.97077851910734,145.0044668652284,146.14767456054688,1678198
2017-02-22,147.38233936033595,150.76624550608705,146.5820939254951,150.14891052246094,3479768
2017-02-23,150.72056575232637,151.81804278867887,148.84570158950294,149.8517303466797,9869639
2017-02-27,150.90347381500328,151.9552197170975,149.85172791290907,150.880615234375,5619203
2017-02-28,150.90342840679372,151.543621978697,146.37632834562456,147.19943237304688,5247380
2017-03-01,147.70249141419137,148.38841629691981,145.69044788255678,146.42210388183594,4131446
2017-03-02,145.57610183216204,149.23436723919522,145.57610183216204,146.97080993652344,4008179
2017-03-03,147.2451993593446,148.342676315087,146.55927451760851,146.90223693847656,2402666
2017-03-06,148.61703576491996,149.94315421609494,146.6049925332915,147.65673828125,4040938
2017-03-07,148.61702092458432,149.18862485121736,146.925067719681,147.61099243164062,4787611
2017-03-08,148.61705792449598,148.93716178517357,146.0105377880569,146.42210388183594,4290085
2017-03-09,146.0333653675816,146.28486549842012,145.21024738859768,145.46176147460938,4365909
2017-03-10,146.12485770390143,146.3306407495264,144.1585453009006,144.63868713378906,5243694
2017-03-14,146.80180678126527,146.80180678126527,142.8644043609495,143.37481689453125,9137462
2017-03-15,144.12825110721354,144.34700143563282,141.9408071612356,142.2810821533203,6245963
2017-03-16,143.20467773285228,143.6421635890552,141.5519451457775,141.91651916503906,8597054
2017-03-17,142.88868850448017,143.2046496255811,140.0936215720723,140.60401916503906,9065938
2017-03-20,140.96862566936304,142.13525960454325,140.02072725259174,141.84359741210938,7075100
2017-03-21,142.42690614515945,143.3018777917519,141.4547088335884,142.0623321533203,6910712
2017-03-22,141.4547071706961,142.57272813203826,140.72555919558943,142.0137176513672,4830714
2017-03-23,142.11094928154967,144.3470061326655,142.0866354472932,143.8365936279297,11221222
2017-03-24,144.8574119598371,145.8296093555407,143.71507705297435,144.7845001220703,9643952
2017-03-27,142.64569827297936,142.64569827297936,141.18740187830406,141.6977996826172,5001302
2017-03-28,141.892210494478,142.13525984949925,140.77418939520254,141.13876342773438,5418025
2017-03-29,141.2116960820764,143.2047040539329,141.06587238139127,142.96165466308594,5756051
2017-03-30,143.64216281712982,143.64216281712982,140.4825213338427,140.72557067871094,7141482
2017-03-31,140.9686314954135,143.0102520922729,140.77419497060689,142.2567901611328,7016938
2017-04-03,142.25678917269175,143.52064882698704,141.4547292418399,143.3991241455078,3252869
2017-04-05,144.27410171237509,144.27410171237509,140.8714104943044,140.99293518066406,7897483
2017-04-06,140.87140642590356,140.87140642590356,138.90271249755588,139.2186737060547,8564973
2017-04-07,139.1214538795289,139.1214538795289,136.15624884249624,138.00341796875,11862350
2017-04-10,138.48952359716395,140.28809481103917,138.4166117554243,139.38880920410156,5200102
2017-04-11,139.26729538090197,141.16307758671488,139.09715784720763,140.43392944335938,4064823
2017-04-12,140.1179551749394,141.86791352304664,139.99643049568965,140.9686279296875,4747753
2017-04-13,140.43392508436955,141.72208379740252,140.26378755595618,141.47903442382812,3847263
2017-04-17,141.45472111652055,141.45472111652055,138.63535460197204,138.927001953125,1515055
2017-04-18,137.56592731253846,138.2950753371632,135.47570890910262,135.74305725097656,4906059
2017-04-19,135.3784845578039,137.76036516120976,134.21185067394737,137.42010498046875,3993645
2017-04-20,138.00342323750925,138.05203607627823,135.18405660357652,135.81597900390625,3833330
2017-04-21,136.56944901336132,136.93402307390468,134.35769081199777,134.64935302734375,3533868
2017-04-24,135.84029549681043,135.84029549681043,134.30907263570205,134.72225952148438,4077534
2017-04-25,135.1354568217372,135.57294274381704,134.72226990411184,135.28128051757812,2431359
2017-04-26,135.57290896166242,136.44789542234938,134.1632258597568,134.47918701171875,2868393
2017-04-27,134.57641886735416,135.08681653366065,132.75354886689664,133.26394653320312,2586925
2017-04-28,133.26394040067024,135.25694780970048,133.26394040067024,134.47918701171875,2235812
2017-05-02,135.47572620094115,135.47572620094115,133.11814432016004,133.45840454101562,2101731
2017-05-03,134.84377626113562,136.20486152033484,133.67714234936128,135.88888549804688,2622769
2017-05-04,136.1076165776929,136.88537735361888,135.6215179470583,136.22914123535156,2230934
2017-05-05,137.07987069313145,138.2708187659557,135.15977437193948,135.37852478027344,5125398
2017-05-08,136.59373532414511,136.59373532414511,135.23266489174793,135.67015075683594,1671179
2017-05-09,135.816028159153,136.1806023300354,134.16329488473156,135.20840454101562,2466355
2017-05-10,134.98961422965155,135.76736027800803,134.6979520442404,135.4027862548828,1433509
2017-05-11,136.05899157131157,136.10760439693507,133.06948822736064,133.28823852539062,4892432
2017-05-12,133.4826976800329,135.15972918993506,133.4826976800329,134.45489501953125,2692014
2017-05-15,134.770851430541,135.37847474627833,134.770851430541,135.01390075683594,2531633
2017-05-16,134.84378077024513,134.9896192856906,133.43409746160557,134.13894653320312,2258317
2017-05-17,133.77436350485897,135.13543388353318,133.67713783443028,134.3333740234375,2146326
2017-05-18,133.6771243136719,135.32985670191215,133.6771243136719,134.38197326660156,1619249
2017-05-19,135.32988408767022,137.88190243191073,134.04172541415528,134.28477478027344,4250348
2017-05-22,134.81946356134654,135.01390005446024,132.94798079170073,133.1181182861328,1557880
2017-05-23,133.14246045614536,133.57994641614405,129.86129350431756,130.20156860351562,2984399
2017-05-24,130.42028415164313,131.36818261497228,126.87176933397879,127.23634338378906,3021594
2017-05-25,128.23283734781566,129.42378515442044,127.72243962187407,129.034912109375,4127507
2017-05-26,129.3022738525163,130.88209486763162,129.25366100821668,130.39599609375,1843278
2017-05-29,131.24666139050103,131.73276013639176,129.18074172046536,129.93418884277344,3299175
2017-05-30,126.2884398859082,130.56611746721742,126.14261620561985,130.12863159179688,4782782
2017-05-31,130.27444201822618,130.71192784913777,127.3578500327435,127.62519836425781,3555129
2017-06-01,127.84393240750505,129.35084104157616,127.72240775692758,128.98626708984375,1289229
2017-06-02,128.98628333093737,131.36816381525603,128.98628333093737,130.66331481933594,2602919
2017-06-05,130.0071102832955,130.2258458093979,128.18424005966295,128.597412109375,3033579
2017-06-06,128.81613431737307,128.96195796957167,127.35783845717638,127.503662109375,1340588
2017-06-07,127.8439551590117,128.81615253664677,127.60090581460294,128.5244903564453,1618299
2017-06-08,128.62173822732137,128.69465007631717,127.40649129553367,127.79536437988281,1404808
2017-06-09,128.33006155331321,128.57311091231568,126.87176539929828,127.11481475830078,1744203
2017-06-12,127.33356123916786,127.60090959211023,126.43427567132196,126.53148651123047,1675846
2017-06-13,126.38566598535675,126.58010250457696,125.65651791236431,125.92386627197266,1732288
2017-06-14,126.14263866829617,126.26416336836196,124.48990571431297,124.95169067382812,1887257
2017-06-15,124.83013630966799,124.90306298002398,122.98296724144441,123.5662841796875,3324587
2017-06-16,123.90659063818148,125.02462686450242,123.44479822628693,124.29547119140625,3283821
2017-06-19,124.56281477073632,124.90308985710388,122.25384552132755,123.44478607177734,2412135
2017-06-20,123.687821587773,123.95517737537156,122.98297990576081,123.25033569335938,1052345
2017-06-21,123.32323658028125,123.34754299831766,121.57328574081933,121.74341583251953,3289233
2017-06-22,121.76770791187165,122.32671837449658,119.19138366620908,119.43443298339844,3230390
2017-06-23,119.4344508225781,120.4552610741561,118.17059863478559,119.04557037353516,3623117
2017-06-27,119.14281046350715,119.87195861220111,118.60809885422015,118.77823638916016,2074212
2017-06-28,119.5802725309758,120.16358945011052,118.87543094463481,119.45874786376953,3526585
2017-06-29,119.96915098100146,120.45524964185051,118.89973541058893,119.16708374023438,2498353
2017-06-30,118.94835720185338,119.53167419172175,118.36504021198503,118.7296142578125,2375289
2017-07-03,119.2643222287205,121.2816289212205,117.92755076766497,120.96566772460938,2347837
2017-07-04,121.76768614238519,121.76768614238519,119.67746090478941,119.94481658935547,1760337
2017-07-05,120.94135513224808,121.03857338645241,119.70180199363014,120.3094253540039,1260907
2017-07-06,120.30943422812524,122.88575894959723,120.11499770537478,122.22952270507812,2797532
2017-07-07,121.54898968326492,122.95867304220633,121.54898968326492,122.05939483642578,1762982
2017-07-10,123.2016916363989,126.06967789543353,123.2016916363989,125.80231475830078,717269
2017-07-11,125.8995719864701,126.33705787974353,123.347553635393,123.71212768554688,1813885
2017-07-12,123.95516035154274,124.80583302062196,123.03157584916757,123.20170593261719,2640999
2017-07-13,123.56629071072169,124.34405161433884,122.42396319155127,123.29893493652344,2303738
2017-07-14,123.44476125318599,123.61489876216359,120.60108835758136,121.74341583251953,2907464
2017-07-17,121.8892380641057,122.01076272817758,119.60457586300953,120.06636810302734,4445325
2017-07-18,120.7955322265625,121.18441268700498,119.45876074316995,120.7955322265625,5338825
2017-07-19,120.57680279790428,124.75724781862861,120.57680279790428,123.80935668945312,4270908
2017-07-20,123.80933574181535,125.65651226043387,123.59059281321204,124.10099792480469,3923545
2017-07-21,123.95517138292261,127.81966207162412,123.51768550965866,127.52799987792969,7715255
2017-07-24,127.8439404431729,128.9376623671164,126.43425737477854,127.13909149169922,3359835
2017-07-25,127.35787462248821,127.52801215473497,125.29195490055854,125.5593032836914,1812135
2017-07-26,125.60788481738201,127.30923004665843,125.43774732754375,126.70160675048828,2199360
2017-07-27,127.16342032351601,127.4550825045476,123.71211665617732,124.07669067382812,1950819
2017-07-28,123.5662881668759,124.73292949828411,121.52467510850846,122.27812957763672,2641938
2017-07-31,122.49687197894667,122.66700949027287,120.55247718563007,121.08718872070312,3580763
2017-08-01,121.47606819918379,123.2260265730495,121.25732525677005,122.22952270507812,5248187
2017-08-02,122.4725473610922,123.17738888547416,121.03855789756825,121.9378433227539,3701093
2017-08-03,122.30245741335106,122.39967568700693,117.19842016499011,117.5143814086914,9661464
2017-08-04,117.63588640676393,121.6218942974219,115.91023452353977,121.13579559326172,6573068
2017-08-07,121.42746360282919,123.08019630928018,120.84414661333342,122.25382995605469,3336900
2017-08-08,120.74692611231777,121.98647940395392,118.21921410458184,119.11849975585938,3335671
2017-08-09,119.0455629957331,119.2400069168428,117.19839395749258,117.8789291381836,1801736
2017-08-10,117.24700423378518,117.75740934909435,115.44844053832779,116.15328216552734,2764860
2017-08-11,115.20538870715039,116.85812127443486,113.60126155815232,114.6706771850586,3335287
2017-08-14,115.0109572335992,117.10117574333904,114.79220688126479,115.764404296875,3086137
2017-08-16,115.20539824478074,116.61508158550612,113.99015142785267,115.66719055175781,7864893
2017-08-17,116.3720071430028,121.20869436585326,115.22967983163804,120.04205322265625,20945037
2017-08-18,119.82334528516283,120.50388058761949,117.49006973530234,118.2921371459961,3442524
2017-08-21,118.60810521032779,121.2330357193825,115.47276948637942,115.9102554321289,6555861
2017-08-22,116.9310531616211,118.14630000924285,115.95885568352368,116.9310531616211,3428907
2017-08-23,117.7817117082362,117.87892996083093,116.42063392007837,117.19839477539062,3693013
2017-08-24,117.83033559039134,118.02477954332818,116.4692650062254,117.2956314086914,3835139
2017-08-28,117.63588959802864,118.75391813138282,117.41714665867794,118.41365051269531,2231233
2017-08-29,117.87895386766911,117.87895386766911,115.69150936290825,115.81303405761719,3051560
2017-08-30,117.12544850409743,117.83028994441055,116.25046959803352,117.53863525390625,3263209
2017-08-31,117.39283364590071,117.39283364590071,114.64637901405663,115.39982604980469,8401866
2017-09-01,115.71577631282726,116.85810360305815,115.71577631282726,116.00743103027344,2197715
2017-09-04,116.17759336274246,120.16360135867806,116.15328694343695,119.82333374023438,8269444
2017-09-05,119.82331312993972,123.80932044025928,118.89972869341469,123.3961410522461,9538135
2017-09-06,122.278135597234,125.19472052614044,122.03508623505198,124.34405517578125,4237130
2017-09-07,125.75376018623902,125.85097104140127,122.32675489014491,123.12882232666016,5398987
2017-09-08,123.12880336333833,124.3683565435712,122.27813063025584,123.95516967773438,3749501
2017-09-11,124.68434226750662,126.19125151523411,124.07671876717764,124.95169067382812,3525110
2017-09-12,124.48986041586603,125.5592684865819,123.17738819890485,125.19469451904297,3752410
2017-09-13,124.92736560629146,126.23983802702782,124.00378104537386,124.61140441894531,3956139
2017-09-14,124.24683270150146,125.51069230890522,123.49337822082913,123.97947692871094,5756534
2017-09-15,124.0523948043475,127.45509334237245,124.0523948043475,126.28844451904297,8591867
2017-09-18,127.09051792548344,128.81616247003325,126.43428167806455,128.597412109375,4114253
2017-09-19,127.35785541737496,127.81965510175598,124.97597482877009,125.6808090209961,5364164
2017-09-20,125.6808155844319,125.75374225860389,123.08019193531037,124.7086181640625,3310089
2017-09-21,124.19820397958583,124.63568979381655,120.79551345959717,123.49336242675781,4473641
2017-09-22,123.22602558991481,123.68781789072126,120.55248262839793,123.37185668945312,5178307
2017-09-25,123.66353182004231,125.26766676164569,121.64622476586172,124.95169067382812,5684406
2017-09-26,125.1704328111085,127.2849654196833,123.37186885222984,126.58011627197266,4587866
2017-09-27,127.2363215722595,127.3092334028114,124.1009867648225,126.79883575439453,5990467
2017-09-28,126.38565195144992,131.36816323030516,125.87525429085215,130.17721557617188,15893278
2017-09-29,131.2466641645671,132.4132982124519,129.93419158909873,131.65985107421875,4839652
2017-10-03,132.70494023491355,133.33686258792466,130.83345734161284,132.21884155273438,2925990
2017-10-04,131.80566890300253,132.14594395100139,130.61473590411867,131.2466583251953,2861280
2017-10-05,131.24664111194105,133.16673679536333,130.78484144087366,132.8264617919922,3173461
2017-10-06,132.94801798981925,135.37851192016328,132.92371898433888,134.5035400390625,7954834
2017-10-09,134.6493680035864,137.05556300462175,134.55214230947172,136.76390075683594,7166260
2017-10-10,136.76386188189522,139.14574236507656,136.76386188189522,138.8540802001953,8451221
2017-10-11,139.0242364242352,139.26728578861324,136.47221809826584,137.54164123535156,17103406
2017-10-12,137.0312273713228,137.93051297791376,136.18055460405816,137.27427673339844,5889501
2017-10-13,137.37149521433062,140.48252391898185,137.37149521433062,139.63185119628906,5084089
2017-10-16,139.65616654791032,141.6977872552216,139.38881816615714,141.3089141845703,5476361
2017-10-17,141.45473492265336,141.45473492265336,140.11796337269703,140.99293518066406,3950516
2017-10-18,140.9686279296875,141.67347700315818,140.1422541769671,140.9686279296875,3633204
2017-10-19,140.96862241852565,140.9929214196034,138.48951609184058,138.927001953125,543143
2017-10-23,139.26727262246382,141.64915320127741,139.26727262246382,140.8957061767578,13204235
2017-10-24,140.50685410827134,141.91655251500143,139.99645629518514,140.8228302001953,3062378
2017-10-25,141.45473609286546,141.79501115131012,139.7776894734058,140.55545043945312,2442011
2017-10-26,140.48254381043503,143.39913641549595,140.48254381043503,142.59707641601562,8702312
2017-10-27,142.91303234124553,143.03455702861052,139.9478270026281,140.55545043945312,2507100
2017-10-30,140.55545413391863,141.4061269678334,138.58676008068156,140.43392944335938,2210701
2017-10-31,139.51034460091915,140.14226705727475,137.73608708771434,139.2429962158203,2596941
2017-11-01,139.26729645450797,140.9686421354531,136.86110162906277,139.29159545898438,3609151
2017-11-02,139.46172273603582,142.11096674961095,138.36800059301865,141.5519561767578,4090974
2017-11-03,141.5519665884571,141.94083966742176,138.56244731000788,139.29159545898438,4371428
2017-11-06,139.2672782935564,140.70127540003463,138.00341869989757,139.19436645507812,4414386
2017-11-07,139.31587928028435,139.89918877304834,137.61453396592003,138.36798095703125,4584351
2017-11-08,137.68748367116152,140.48255174215598,137.32290957494484,140.020751953125,13609387
2017-11-09,139.46172693426024,139.7533891480893,136.13194756503796,137.68746948242188,3805782
2017-11-10,137.71175543428416,139.72907690191985,135.13543826450234,138.22216796875,3527154
2017-11-13,134.26047068227498,136.25346354116448,133.19104757811755,133.65284729003906,5406841
2017-11-14,133.36117220038247,133.87156986668896,131.85426336642678,133.26394653320312,2798791
2017-11-15,133.19105224853533,133.26396409124925,131.34388300518827,132.3889923095703,2600287
2017-11-16,132.4618710817438,132.65630755862304,129.37514194467158,130.44456481933594,2776035
2017-11-17,131.97580463826935,132.89938925446208,130.63903313640841,132.60772705078125,3366492
2017-11-20,132.704956532598,136.22917241121095,131.2709593102364,135.3055877685547,3090470
2017-11-21,135.62154562288964,137.07984181238308,132.7535660837971,133.0938262939453,2880586
2017-11-22,133.9201990278388,134.4062977538927,131.781367600113,132.1216278076172,1531611
2017-11-23,131.97580606122293,133.23966573442945,130.66333354778612,131.4654083251953,1490892
2017-11-24,131.61122552861167,132.63203578494134,131.44108801346417,131.97579956054688,876297
2017-11-27,131.65983303685366,132.41328007186473,130.93068500249916,132.0487060546875,887044
2017-11-28,132.21885580275023,134.3576872679423,131.0279079692339,133.36119079589844,7236470
2017-11-29,134.60074425541453,137.1284637520979,133.43411019331336,134.30908203125,5209745
2017-11-30,133.82296018237034,135.2812562170546,132.46188981715346,134.06600952148438,7343947
2017-12-01,133.774340744816,134.33335116828582,131.24662208927577,132.2431182861328,1987545
2017-12-04,132.70491940157083,132.9965815320012,128.88904237860788,129.2536163330078,2398989
2017-12-05,128.81615842770677,129.47239465453256,127.89257384362674,128.93768310546875,1277351
2017-12-06,127.94120713836375,130.20156353923758,127.94120713836375,128.8647918701172,1779062
2017-12-07,129.30226414196017,129.73975003868713,127.357869192457,127.74674224853516,1932289
2017-12-08,128.7675393569994,129.10781437208493,127.52799363764662,128.7432403564453,2408884
2017-12-11,129.1321010863235,131.44106963235348,128.96196359496852,131.17372131347656,2354885
2017-12-12,131.05222452267984,131.1494353708746,127.60092046880285,128.0384063720703,2169686
2017-12-13,128.7432668782133,128.79187972389067,126.87178357881729,127.9168930053711,1498753
2017-12-14,127.96547837652294,128.64601356622032,127.45508069288853,127.77104187011719,1822161
2017-12-15,128.3300515488065,132.00009064980856,128.2328258789629,131.7327423095703,9186533
2017-12-18,131.22234494974532,133.506999851105,127.5036781701854,130.10430908203125,4251230
2017-12-19,130.95498882949428,132.17023559820626,129.52100654314728,130.08001708984375,3864780
2017-12-20,132.21883950982507,132.21883950982507,130.34735664544058,130.9792938232422,3597976
2017-12-21,131.9271908727983,131.9271908727983,129.7154476099711,130.22584533691406,2744760
2017-12-22,130.34733819620757,130.61470133016547,128.96195420257743,129.2536163330078,3505383
2017-12-26,130.12862232757547,130.12862232757547,127.84395260200681,128.20852661132812,4580600
2017-12-27,127.98977236244315,128.86475885882032,127.16341353395543,127.62519836425781,6400825
2017-12-28,127.74675546277913,129.2293656658716,127.40649521215296,127.9168930053711,6346822
2017-12-29,127.89259110984354,128.54882742526493,127.26065379943289,127.8196792602539,2800172
2018-01-01,127.84395262673779,129.93417101342922,127.64951612197304,129.6182098388672,3079260
2018-01-02,130.27443875566476,131.68412187976685,129.7883401035914,131.27093505859375,5659389
2018-01-03,131.73274819512974,132.92369594842805,131.10082581657662,132.14593505859375,9240120
2018-01-04,132.65637240041406,136.03476532142335,132.31611210819585,135.0382537841797,6919578
2018-01-05,135.37850582653098,136.42361520262511,135.13545644443667,135.50003051757812,3344950
2018-01-08,135.62154016461338,141.26028817062667,135.62154016461338,139.7290802001953,4891781
2018-01-09,145.68382185074097,151.17673256643758,144.2012115534539,147.79833984375,27639107
2018-01-10,148.74619104380812,150.5933600314456,148.26009238026626,149.8642120361328,15300218
2018-01-11,149.71838545869622,150.6905827668696,147.26359318937998,149.76699829101562,4703627
2018-01-12,150.20448303222656,151.07945466946666,148.84341274439672,150.20448303222656,5119534
2018-01-15,150.32600420941066,150.90932851041478,148.01703567264525,148.69757080078125,2643125
2018-01-16,148.6975891323854,148.6975891323854,141.26028496774637,141.7463836669922,4069770
2018-01-17,142.4269470360872,143.37484562083316,139.17007917345248,141.43045043945312,4360706
2018-01-18,142.5727524930942,142.81580185965902,135.18406065025766,137.59024047851562,3784420
2018-01-19,137.59021755854573,138.97560168409714,136.35067192937288,138.05201721191406,2574759
2018-01-22,139.55896564435622,140.82282546588763,137.90623272445723,138.5624542236328,3025790
2018-01-23,138.63534832885912,142.98592257832144,138.63534832885912,142.47552490234375,3974425
2018-01-24,142.1838928412835,145.10048551495086,139.51034955708843,143.18038940429688,3073618
2018-01-25,143.18036693360415,147.11776939203156,143.18036693360415,145.53794860839844,6919878
2018-01-29,145.1004467247534,148.7461865922095,144.34699975263388,146.68026733398438,3557035
2018-01-30,145.34349315639056,149.47533159060234,143.49632426079953,148.69757080078125,3085086
2018-01-31,147.53098176137829,148.04137955358306,144.85743843456584,145.6108856201172,5198298
2018-02-01,145.87827129260887,146.38866916332333,141.4304696771146,143.69082641601562,4533542
2018-02-02,141.98943617030866,144.63866523930676,139.04853007381865,141.13876342773438,6393201
2018-02-05,142.42696888594065,143.8852654956943,138.53817792659757,143.30194091796875,7795465
2018-02-06,139.51032978218112,141.94082333239334,136.15625164979934,141.13876342773438,4674661
2018-02-07,141.6977590807482,145.68377401787038,141.13874858987901,144.6629638671875,7223510
2018-02-08,144.6630015020678,147.09349542906975,144.22551556211897,145.8296356201172,3286814
2018-02-09,143.44773426987396,147.99276023808193,143.10745923435036,145.90252685546875,4731060
2018-02-12,147.72538959735638,148.2601011257043,144.39561058876976,146.14556884765625,4512970
2018-02-14,145.8295859531854,150.42322384453175,145.8295859531854,149.20797729492188,5725179
2018-02-15,149.47533613165288,151.56555441040413,148.08995200059513,149.76699829101562,5219503
2018-02-16,149.7669861600205,150.9093208715068,147.09344377909838,147.5309295654297,1931615
2018-02-19,147.28791012243303,149.42674149393352,146.34001169772392,148.4545440673828,2935183
2018-02-20,148.2600951590016,151.58987403358182,146.8017991410442,150.88502502441406,8602002
2018-02-21,151.1766971282324,151.6627958328248,148.3330167394559,150.95794677734375,5399556
2018-02-22,148.98923847595276,153.12107706337724,148.98923847595276,151.44403076171875,7815886
2018-02-23,151.05514860818454,152.562057321468,149.8885148682258,151.15237426757812,3195456
2018-02-26,151.29821611120235,153.80162137874186,150.204494067025,152.65928649902344,3171308
2018-02-27,152.4648387905581,154.06897323823634,149.32951139498647,150.20448303222656,6667601
2018-02-28,149.2323107369657,151.56557871694602,148.26011327288126,150.2774200439453,3731061
2018-03-01,151.07950083422278,152.7079347782031,149.71843013049607,152.10031127929688,2535090
2018-03-05,150.9093577955245,151.3954565291747,147.74971602679827,148.64898681640625,3593849
2018-03-06,149.18370222195176,150.42326292533014,146.36433542819074,149.23231506347656,3693197
2018-03-07,148.74617767224908,150.1801745346098,147.2392689838223,149.20797729492188,4794848
2018-03-08,149.71838998248262,150.08296398406333,146.87470980324218,148.50314331054688,2236174
2018-03-09,148.260139655188,149.475386701542,146.85045604832908,147.79833984375,2136347
2018-03-12,148.45452028371136,149.1836682368087,143.88519607787853,144.687255859375,6796993
2018-03-13,144.6143763562002,145.17338694495155,140.9686357757918,143.3262176513672,6306692
2018-03-14,141.4547147158341,143.1074472473213,141.308891046856,142.47552490234375,4406927
2018-03-15,142.91301808623493,145.2948987540945,141.98943352129612,143.6421661376953,4487868
2018-03-16,144.31145059716445,144.8777848225563,142.2005927663157,143.23028564453125,11016304
2018-03-19,143.89957320778427,143.89957320778427,138.54517362614683,140.1926727294922,3588096
2018-03-20,138.5451977276463,140.70754362292635,138.15906284864607,139.13726806640625,1804554
2018-03-21,139.47192382812503,140.32141747239314,138.51945459163736,139.471923828125,2739537
2018-03-22,139.00855704300747,140.78478377885997,137.9788640278741,138.69964599609375,3383841
2018-03-23,137.2838157307494,139.93527205657972,136.43432215030043,138.98281860351562,3980861
2018-03-26,139.00857829050236,141.32538792867737,138.0046211625448,140.78480529785156,2277261
2018-03-27,141.11944166757723,142.50951791728156,140.1669724133039,142.20062255859375,1888128
2018-03-28,141.4283504049808,147.11739837042805,140.4758811664204,145.85601806640625,6983849
2018-04-02,145.8817743083764,145.95899814915012,141.66002627822093,142.8699188232422,2520975
2018-04-03,142.20061192107417,143.95108690746045,141.6600136600713,143.61643981933594,1641179
2018-04-04,143.5392024301528,143.590690224146,140.65607450896118,141.35110473632812,2946453
2018-04-05,142.17487460330182,143.8996137241224,141.81449143791266,143.0243682861328,1527043
2018-04-06,142.97286498636197,143.5391835100331,141.325350066955,141.99464416503906,1527251
2018-04-09,142.27782674377448,142.27782674377448,140.81051114522586,141.29962158203125,1254956
2018-04-10,142.0976169236651,144.90353629621592,140.68178921880974,144.620361328125,2351145
2018-04-11,146.03621285122807,146.91145822354528,143.15306918509555,145.90750122070312,2997141
2018-04-12,144.95501155041978,145.5728335744746,143.69364717645243,144.9292755126953,1342136
2018-04-13,145.44410049706175,146.98863961738454,144.15698456345945,146.73121643066406,1836917
2018-04-16,146.5253223849277,147.65797529910512,145.88176423646252,147.29759216308594,1222199
2018-04-17,147.37479364026842,149.5114032266536,146.96292277248327,148.06983947753906,2999531
2018-04-18,147.7609045213006,148.50743802401092,145.6500313143378,146.78269958496094,1433406
2018-04-19,146.85993321262796,147.88962599588916,145.03223480708536,145.80450439453125,2332176
2018-04-20,145.83024356121393,151.85395275740296,145.41837272381014,150.3608856201172,2436310
2018-04-23,150.33515252366058,150.33515252366058,148.58467786267602,149.20248413085938,1181306
2018-04-24,148.79064221800706,151.33913874143667,147.83817302683292,149.5629119873047,1829965
2018-04-25,149.3569939697943,151.26191686277355,148.14710138086923,149.79461669921875,1612503
2018-04-26,149.56288329313645,150.82426329240315,148.404478861434,149.7173309326172,2781512
2018-04-27,149.30546834558223,150.46387284136694,145.44412002629994,147.63221740722656,2211983
2018-04-30,148.01833236426637,148.27575555098684,145.5470760564957,146.73121643066406,1710033
2018-05-02,145.7530480187715,145.9332474370432,143.6679102562587,144.41444396972656,2440058
2018-05-03,143.25605571972886,145.08375472808066,142.14913875501423,142.58676147460938,2411190
2018-05-04,142.5094812066457,142.8441439454641,139.21446729719474,139.67782592773438,2313612
2018-05-07,140.9649200125628,140.9649200125628,136.5887261720693,137.66990661621094,7181257
2018-05-08,138.0045730079812,140.03822259885038,137.2837911810955,138.05606079101562,3920562
2018-05-09,138.08181816245926,138.8798238404662,137.30954852108502,137.64419555664062,3216449
2018-05-10,138.3907294239682,140.52735491456062,137.8758829369566,138.6739044189453,3974135
2018-05-11,140.03825350265222,140.19270117397377,138.75113720207636,139.52340698242188,1778138
2018-05-14,139.52341225526325,140.5531053346379,137.3095784193556,139.0343017578125,2415819
2018-05-15,139.03428652047037,139.65210858513328,134.96700244506494,135.66204833984375,3867561
2018-05-16,135.91947158147534,136.4343180647385,132.46999385886502,135.66204833984375,2942029
2018-05-17,136.89767925270436,140.75902794756365,136.48580834333328,139.78082275390625,3850511
2018-05-18,139.78080748508836,141.3510828313898,136.8461765128096,137.36102294921875,1855482
2018-05-21,137.72144017673884,139.78082619807324,136.22838845364507,139.13726806640625,1798554
2018-05-22,140.39865996244157,144.1055456819255,139.78083781992603,143.6679229736328,3295864
2018-05-23,142.68971735109594,144.10554535527072,141.45408878073553,142.20062255859375,2640683
2018-05-24,142.61246893085084,144.9292779929044,141.32535278526555,144.20849609375,2006694
2018-05-25,144.20848676868525,145.85598590138073,140.321386833252,141.8916778564453,4274746
2018-05-28,142.61248412239348,148.17282017888013,142.4580364532178,146.62828063964844,3113235
2018-05-29,147.42629884780962,147.760945931413,142.3550576656296,145.36691284179688,5934011
2018-05-30,144.67185282513285,150.59258701548524,142.94711407078725,148.8163604736328,9094869
2018-05-31,150.38662981427262,156.23013933366047,149.30544928055775,152.5232391357422,11797649
2018-06-01,150.8499999637497,154.29947723742814,149.35694849897308,151.69949340820312,3034848
2018-06-04,151.98267739047276,153.3470173322125,150.02625146537932,150.64407348632812,1557911
2018-06-05,151.3133736348676,151.7509962745553,146.0876851328416,146.85995483398438,2305088
2018-06-06,147.01441634502677,150.46389428664517,146.4480977469758,149.64013671875,5630857
2018-06-07,148.7906387934518,149.8203317954826,147.91539345697828,148.73915100097656,2392349
2018-06-08,148.63620662302043,151.15895159861503,147.76096119530376,149.25401306152344,2039196
2018-06-11,149.30548499153107,151.59655820114844,147.32332282426984,148.22430419921875,1745576
2018-06-12,148.2242959865167,149.2025011398879,145.70155141881182,145.98471069335938,2079573
2018-06-13,146.26788793679682,148.12133840497086,146.03620073632467,146.21640014648438,2546696
2018-06-14,146.11339966001762,147.735178363146,143.28174450604934,145.80450439453125,1535853
2018-06-15,147.5035360420214,147.5035360420214,142.86991710876418,143.6679229736328,4279134
2018-06-18,143.64217056097806,143.66790660070416,139.62637422789146,141.17091369628906,2113771
2018-06-19,140.21846319045525,141.7887389073472,139.67786487752275,140.52737426757812,1987334
2018-06-20,140.60459069212703,141.06794942743454,137.69571093572347,139.31747436523438,3006367
2018-06-21,139.3689566454066,140.5016095411279,137.10361943022684,137.8244171142578,2506852
2018-06-22,137.51547531215147,137.82438629167112,135.4303379842926,136.35707092285156,2527709
2018-06-25,135.9194778972611,136.82045928483765,132.52148780745588,133.34524536132812,4317400
2018-06-26,132.98484911786525,139.11153524249423,132.93337703563648,136.5115509033203,10472162
2018-06-27,136.43433108256147,137.9531346378509,134.29772111552916,136.89768981933594,4723986
2018-06-28,137.38677152396036,137.38677152396036,133.16502455819838,134.19471740722656,4384958
2018-06-29,133.34525354409683,136.53730836928244,133.34525354409683,136.0996856689453,1958214
2018-07-02,135.48186896735763,135.91949168523334,133.13932340677306,134.1432647705078,4878924
2018-07-03,135.14722318123836,135.25019877888647,133.4997078900904,134.2977294921875,2691217
2018-07-04,134.40068266384864,137.43828981214799,133.6541646097389,136.0996856689453,3032831
2018-07-05,136.1768911471923,139.90952805009266,134.11750526973003,139.16299438476562,3044656
2018-07-06,139.0085664143265,140.01252345651113,137.56700238070354,139.6263885498047,2709932
2018-07-09,140.166935390746,141.17089217691355,138.4936845550438,139.60060119628906,2201363
2018-07-10,139.65212270871578,144.00258221701617,139.29172384923586,143.35902404785156,3000636
2018-07-11,142.6124621209764,143.0758207688879,135.7907468751174,136.33132934570312,4356413
2018-07-12,137.4640307916323,139.65212866003844,136.35711383587144,136.56304931640625,3818705
2018-07-13,137.36099290958163,139.34315439864895,137.10356974767322,137.87583923339844,3573660
2018-07-16,137.82441778277555,137.97886545189215,133.91158114251235,134.45216369628906,1565561
2018-07-17,134.632382141632,137.3610627607102,134.5036704952251,136.30563354492188,2595243
2018-07-18,136.9491572363681,138.23627337580766,133.8343424636712,134.9669952392578,4114829
2018-07-19,135.147230074254,135.89376391560305,133.86011359735633,134.47793579101562,2026082
2018-07-20,134.73533095471717,136.38283027403864,133.13930371422782,135.66204833984375,1742907
2018-07-23,135.14722252735913,137.07789713489282,134.4779282814955,134.7353515625,1628803
2018-07-24,135.40462692960884,137.6699483442325,134.94126823077843,137.2838134765625,1788316
2018-07-25,137.05217205268514,137.20661974889217,135.14723333615083,136.254150390625,1739791
2018-07-26,136.2541221180647,137.30956686271404,135.43036458152255,136.48580932617188,5067703
2018-07-27,137.15509267630506,137.41251590419296,133.67987909981827,134.9669952392578,1894632
2018-07-30,135.35313698853233,137.25807525686386,134.58086726545756,135.14720153808594,2942350
2018-07-31,135.8164982195467,135.94520984246586,134.04028725038316,134.42642211914062,2740402
2018-08-01,134.88976687456355,140.14120683152595,134.6838314415558,139.3431854248047,5612544
2018-08-02,141.3253530969291,141.5570402883922,139.60061431566785,140.83624267578125,4956127
2018-08-03,141.06796005098758,145.36693204893007,140.8877606092783,143.77090454101562,4085402
2018-08-06,143.56492946367982,147.04014284961784,143.25601846477878,145.7787628173828,3484913
2018-08-07,145.7787716017704,148.66191491213675,140.57881922783827,141.78871154785156,7450244
2018-08-08,141.8402177285457,143.8738677883487,141.45408283454782,142.09764099121094,2520870
2018-08-09,143.3075147918403,146.21639413848968,142.09762247261673,144.20849609375,2927225
2018-08-10,143.64215908444606,144.00255788302468,140.2956571702923,141.99464416503906,3772563
2018-08-13,144.1570334791134,146.55106678558903,142.09764728655466,143.6679229736328,11139623
2018-08-14,144.15702220122813,146.13918439886874,142.61248267764356,145.5213623046875,4627652
2018-08-16,144.15701212304532,147.40053861106688,144.15701212304532,145.54710388183594,5176282
2018-08-17,146.73127368596283,147.55503134727567,144.67188738861597,144.87782287597656,2099688
2018-08-20,145.95896720474875,149.66586789469537,145.05798592570707,146.24212646484375,3933773
2018-08-21,147.32331636955468,150.64408243362004,146.73124606290244,150.02626037597656,9141975
2018-08-23,150.18071613916396,151.236145079654,147.83815535846966,148.8163604736328,2519637
2018-08-24,148.19854937304336,151.15891637261382,148.1727976241882,149.8203125,2713583
2018-08-27,149.8203292775438,152.11140245330503,149.02232349912887,150.92724609375,2254135
2018-08-28,151.87972843809447,154.32524948921633,149.43420738697262,151.72528076171875,5513680
2018-08-29,150.69552650554627,151.54501980445934,146.8856511084715,147.40049743652344,4002186
2018-08-30,147.4777531846099,149.58861079242456,146.52528423052547,147.04013061523438,3861403
2018-08-31,147.37481510158474,149.56291279304932,146.73125695703632,147.22036743164062,3716997
2018-09-03,148.01835722807235,149.2024978011501,147.3233113648019,148.0955810546875,1649749
2018-09-04,148.2757876531077,148.7391463471501,143.436233837359,143.95108032226562,2288405
2018-09-05,144.1055427292498,144.131294483251,140.03825822465754,142.92140197753906,3826466
2018-09-06,143.3847677097442,146.67978256859948,142.79269730502236,146.03622436523438,2999616
2018-09-07,146.52530989969299,148.0183615345374,145.7015523974751,147.5292510986328,2997117
2018-09-10,147.24609468329447,147.42629409538534,143.4619698768572,143.95108032226562,1481435
2018-09-11,145.59857313334084,148.2757810198347,141.99464790021986,145.75303649902344,4990180
2018-09-12,146.42233266914704,148.06984765500812,143.7708764956649,144.95501708984375,2444610
2018-09-14,145.70154282391297,147.19459436065398,142.61246417746958,142.79266357421875,2742349
2018-09-17,142.86990491324661,143.20455199859765,140.68180727043114,141.5570526123047,2919286
2018-09-18,141.37684883580957,142.09763077708786,138.33925769707872,140.65606689453125,6420009
2018-09-19,141.58275918275743,145.16094792684953,141.58275918275743,144.49163818359375,4919007
2018-09-21,145.80455381965956,147.37482956168222,140.86202364220375,141.71151733398438,6865912
2018-09-24,142.09765820593978,146.2164309075612,141.91745875786964,144.74911499023438,3100325
2018-09-25,144.74910893192097,147.220381876584,140.63033640268617,141.71151733398438,3583776
2018-09-26,142.61246889737424,142.61246889737424,139.11151926695086,140.32139587402344,2300500
2018-09-27,140.45013719481918,143.1273456280048,139.4976836153521,142.2263641357422,8043170
2018-09-28,141.99467446413328,141.99467446413328,136.12542684313803,137.07789611816406,5726123
2018-10-01,137.07785094097736,141.06791045193538,135.30162461586943,140.45008850097656,2087868
2018-10-03,140.55310538273838,144.67187770164648,138.4164953846787,142.48377990722656,2987093
2018-10-04,139.83232037691164,143.02435942863454,138.28778079037403,140.70755004882812,3688374
2018-10-05,141.06792829970442,141.14515212537833,134.52937205362102,135.4046173095703,4049564
2018-10-08,135.4046385466752,140.52736784868307,135.1472152794762,137.92738342285156,3474214
2018-10-09,138.95705301264147,142.97286472953218,138.23627112864568,141.0421905517578,4336163
2018-10-10,139.78082901942898,142.50950926802574,139.16300691581105,140.39865112304688,3200859
2018-10-11,137.97885381427938,141.3253558657451,136.46005044463644,137.25807189941406,3417428
2018-10-12,138.75114213621947,144.1055429946496,138.23629559768062,143.43624877929688,2924606
2018-10-15,143.79659035478866,144.59461168592222,140.42435278708584,141.9174041748047,1601283
2018-10-16,142.7154602475335,143.3075305974296,141.2738805783639,142.30357360839844,1333617
2018-10-17,143.95111260737025,146.13921065896622,142.71548390884325,144.10556030273438,3081043
2018-10-19,143.71940503121314,144.7748498398709,141.29963577871484,141.66001892089844,3796642
2018-10-22,142.86988758564863,144.49165073478807,141.11941282607162,141.84019470214844,2396693
2018-10-23,141.32534807478484,144.59462611797738,141.22237250182346,142.79266357421875,2496068
2018-10-24,144.15702358895965,144.25999917627064,140.8620090493,142.74119567871094,4457722
2018-10-25,141.47982631196044,146.1906848358227,141.11944315240953,145.28970336914062,4386393
2018-10-26,145.75303581442017,146.0619468324673,141.99464723326977,144.7233428955078,3061111
2018-10-29,144.92925223012463,148.89357553857178,142.7926429506324,147.9668426513672,2467759
2018-10-30,147.32332915250268,147.45204078302416,141.58279357361883,142.02041625976562,2757658
2018-10-31,136.43429696568236,137.92734839387714,135.81647499656333,137.0263671875,17306128
2018-11-01,136.40858425446925,136.9491667859825,133.911575627464,134.42642211914062,10473803
2018-11-02,133.3452137980764,136.17686891734058,133.29372601717137,134.65806579589844,38131025
2018-11-05,134.86405711824648,136.56304441147367,134.78681756793387,136.0996856689453,4885178
2018-11-06,136.43433108256147,137.2838247186262,136.02246014139956,136.89768981933594,3082375
2018-11-07,137.20656052448848,137.61843134450655,136.89764955354258,137.43824768066406,791919
2018-11-09,138.3650189789884,139.96104652632948,137.2323502132958,138.2105712890625,10993780
2018-11-12,139.00854758180856,139.72932950097038,135.50759785338406,135.86798095703125,4675510
2018-11-13,137.72145586379978,138.33927802532006,135.99671673210338,136.71749877929688,6900299
2018-11-14,137.46400791860816,137.46400791860816,135.790756885891,136.82044982910156,2565400
2018-11-15,136.82046138137534,137.20659626768213,134.94127474372266,135.4818572998047,1915858
2018-11-16,135.91945720495553,136.84617449206107,134.52936556243114,135.7392578125,3068376
2018-11-19,136.17691880360002,136.27989440313357,135.2244494994616,135.99671936035156,3190105
2018-11-20,135.91948075414192,136.74323832532866,134.37494120011758,134.60662841796875,4253683
2018-11-21,134.63237196242227,135.50761737656256,133.9888137790455,134.34921264648438,4772956
2018-11-22,134.37494629845492,134.5808817710978,131.85220140687312,132.13536071777344,2679794
2018-11-26,132.28983336113623,133.0878392654069,127.27007141298543,129.0977783203125,9857080
2018-11-27,129.99874564754995,130.87398315597034,128.7888531892485,129.68983459472656,4368734
2018-11-28,129.9987466214881,130.64230477307962,127.2958023848037,127.6047134399414,8248590
2018-11-29,128.71162791445042,129.02053896381884,124.07800930953022,127.1156005859375,18393945
2018-11-30,127.16710318393426,127.887885241793,123.07407451094205,126.08592224121094,12789209
2018-12-03,126.65222278273251,129.6383336715608,126.31757574295627,128.19676208496094,6676768
2018-12-04,128.14528677038427,130.77100698208312,127.78489580264406,129.87002563476562,4526954
2018-12-05,129.48389393779453,129.97299653853975,125.62254521201538,126.2918472290039,3578109
2018-12-06,125.87999176748396,126.47206220602018,123.46021435581963,123.8720932006836,4379973
2018-12-07,124.56711583989382,124.8245391038142,121.76120383434838,121.8899154663086,6098755
2018-12-10,120.86016722646531,123.09975174236325,117.56515409514493,122.61064147949219,17424227
2018-12-11,120.34535437481006,125.64827423502577,120.34535437481006,124.64432525634766,8502316
2018-12-12,124.3354429484379,127.55323391501237,123.46020537671663,127.16709899902344,9121577
2018-12-13,128.19675804240504,128.19675804240504,125.10767953535913,125.90569305419922,6797383
2018-12-14,125.90570474516309,128.91755185563792,124.5928446865765,127.24430084228516,7521713
2018-12-17,128.248260633547,130.61654971548813,126.75520113586629,129.45814514160156,9686146
2018-12-18,129.99872479906688,130.69377062848466,128.22250617002862,129.66407775878906,6477964
2018-12-19,130.10169306019992,130.41060406477672,128.7116092514707,129.22645568847656,5294565
2018-12-20,127.99087789332678,131.02846992806658,127.68196676683894,128.9948272705078,8601671
2018-12-21,129.1749874699242,130.43636771640993,127.24431303869214,130.12745666503906,12802364
2018-12-24,130.77100331115105,130.77100331115105,127.11559023370208,127.83638000488281,4368190
2018-12-26,127.83639108974229,128.91756405636278,126.65224253549994,127.19283294677734,5069728
2018-12-27,128.45419948165247,130.7710086907404,125.54531995039346,128.81459045410156,26011475
2018-12-28,128.78804617235392,129.02664721950734,127.11788738447041,128.4699249267578,10583895
2018-12-31,128.68201773862768,129.58337348728872,127.30347603195958,127.64810943603516,3549194
2019-01-01,127.78068646733065,128.54948980933034,127.38302872936178,128.04579162597656,2227003
2019-01-02,127.72766763699022,128.01928494198873,125.15615234287247,125.50078582763672,3897893
2019-01-03,126.56118735326355,126.56118735326355,123.64503092535257,124.59941101074219,5664136
2019-01-04,124.12222064272787,126.03097265593101,123.9366438222486,125.39472198486328,2885669
2019-01-07,126.19001747245218,126.19001747245218,123.80407176393943,124.33428192138672,7347326
2019-01-08,124.33432513280805,124.67895861877746,123.08832759362427,123.69807434082031,4206563
2019-01-09,124.1752516620908,124.51989321414248,122.90275016778338,123.35342407226562,2954253
2019-01-10,123.96317132829006,124.04269963815057,123.03530329153693,123.53900146484375,2292058
2019-01-11,123.91015315696494,123.9366652916784,122.74369204288149,123.14134979248047,2446815
2019-01-14,123.22085244293187,123.27387670131537,121.44465305220776,122.425537109375,2273231
2019-01-15,122.74368545840316,123.85713033369754,122.50509243951642,123.35342407226562,2323323
2019-01-16,123.43295893180061,123.75108025622399,122.7701960596264,123.0353012084961,2050899
2019-01-17,123.40644679884024,123.40644679884024,122.16044936300585,123.0353012084961,3220136
2019-01-18,123.08833622447438,123.30042523025362,121.73630623058517,121.9483871459961,2944908
2019-01-21,122.18694745135386,122.61111725886316,120.96746228865193,121.41814422607422,1904575
2019-01-22,121.12654722103917,122.13395169353201,119.72149309485899,120.75540161132812,4564028
2019-01-23,120.78190903771447,120.88794948058893,119.4298711425555,119.58893585205078,2328748
2019-01-24,119.66846816570774,119.96008546114534,118.2369019130847,118.68758392333984,2838220
2019-01-25,118.89967446189718,119.93358305653571,116.69930468124677,117.14997863769531,3432012
2019-01-28,117.30903687904369,120.62285148014661,115.61236542135252,119.40336608886719,3917992
2019-01-29,119.50939307872038,119.74799417542235,117.25599940375061,117.99829864501953,3850399
2019-01-30,117.70669463117603,120.88795664823485,116.9378912617937,119.40336608886719,7349253
2019-01-31,120.09260163005847,120.62281179178058,118.26337819019018,119.11170959472656,15389786
2019-02-01,118.9526726663039,120.19866189793598,118.10433303127948,118.34292602539062,2820146
2019-02-04,118.39597063909139,118.87315670934338,116.67278703265023,117.75971984863281,3417620
2019-02-05,117.70669172661948,118.44898294280252,114.36636507306083,114.73751068115234,5557034
2019-02-06,114.79053461469701,117.01741634711648,114.71100630261209,116.61975860595703,3707342
2019-02-07,117.07043429730922,119.11173907087459,116.72579275268365,118.8731460571289,3111207
2019-02-08,118.71406945724304,119.64193737691001,115.37375141873497,115.93046569824219,2962142
2019-02-11,115.42676004501492,116.83182194290535,113.54451219862776,116.00999450683594,4580373
2019-02-12,116.54022895042604,118.71408638948427,116.3016359265543,118.26341247558594,7857592
2019-02-14,115.05565692565322,116.48722338914291,112.0864754462631,115.16169738769531,14953813
2019-02-15,116.59324647180624,117.44158622242674,113.83615441784082,116.61975860595703,11511255
2019-02-18,115.58584007029754,115.58584007029754,113.88916880660504,114.07473754882812,3651021
2019-02-19,114.12778269924667,116.08955945974311,113.22642668392325,113.59757232666016,5288764
2019-02-20,113.889153041272,114.7374845105029,113.22639028857648,113.96868133544922,6637981
2019-02-21,114.02171050179459,114.36634391189055,113.04081834941995,113.30592346191406,4081685
2019-02-22,113.91566516945295,115.0025896115811,113.17336603221459,113.96868133544922,5229408
2019-02-25,114.52540974492375,114.89655528806094,112.77571436685865,113.65056610107422,9386982
2019-02-26,113.09385630435503,117.70668420231844,112.93479159952176,116.72579193115234,11886116
2019-02-27,117.4415664509765,118.97917288845458,116.43417024578274,117.41505432128906,8604781
2019-02-28,118.50200128740602,121.89534394942204,117.78621415086546,121.04701232910156,32625237
2019-03-01,121.31211925471553,123.53900091493709,120.14565820320587,123.35342407226562,9526492
2019-03-05,123.75106952350691,128.3108809247478,123.37992396535158,127.86019897460938,9391114
2019-03-06,127.86023252612954,130.53779661818,126.1900730309845,128.7085723876953,9535153
2019-03-07,128.84109308770363,128.84109308770363,123.7245673185155,124.59941101074219,7181084
2019-03-08,123.59202986582014,125.92495205726027,121.73629373023945,124.54640197753906,12803612
2019-03-11,125.50079935552982,129.9015472688334,124.73199589793084,129.05320739746094,19931174
2019-03-12,129.9015231845354,130.90891951594207,127.88672243135488,128.81459045410156,9766818
2019-03-13,128.31086773631432,128.31086773631432,123.96314573687596,126.53466033935547,17949230
2019-03-14,127.72765824460194,129.42433767969513,126.45515675864918,128.9471435546875,13627811
2019-03-15,126.64075806503736,130.51128753685333,126.19007598608243,129.55691528320312,16465364
2019-03-18,129.34480337966116,130.21965524452415,128.31089489424792,129.47735595703125,5518089
2019-03-19,129.6629378363336,131.43913758784265,127.96626639818783,128.7880859375,10839789
2019-03-20,129.68942141401254,129.68942141401254,125.12961034332146,125.65982055664062,20268896
2019-03-22,126.50246356136336,127.10045876485368,125.03466695611986,126.09474182128906,14139706
2019-03-25,126.66552148552675,130.1719258933772,125.76853720507127,128.94876098632812,7458064
2019-03-26,128.97598152347445,131.9659410529965,127.37227761666395,128.54107666015625,7475564
2019-03-27,128.51387110299547,129.4380468867884,126.99171678994115,127.45379638671875,4777913
2019-03-28,127.42660855226902,129.19340244552214,126.5296242014341,128.3507843017578,20584925
2019-04-01,129.43809212239606,129.43809212239606,125.85013674173209,128.513916015625,13985622
2019-04-02,129.9001718806598,130.19916954490208,128.05183625736126,128.513916015625,7356923
2019-04-03,128.56826376950875,128.81289517051118,126.66556219152447,127.26355743408203,5120392
2019-04-04,127.75281288429258,128.05181048836494,126.42092351537397,127.64408874511719,3948463
2019-04-05,127.75281203492632,128.4051651607615,127.04609269230484,127.5897216796875,3044309
2019-04-08,127.75281544148864,128.40516858471898,125.90448015314924,126.63837432861328,4374595
2019-04-09,126.66555722551685,130.1991457318081,126.28501858386338,129.6011505126953,9383394
2019-04-10,129.87294493740023,132.0474606051348,129.6011304789334,130.4981231689453,8657560
2019-04-11,130.52530139638995,131.34074474131918,129.70985805146069,130.9873809814453,3347291
2019-04-12,131.5582216895446,131.5582216895446,130.1719660416431,130.90586853027344,3442878
2019-04-15,132.64549780273435,136.967347404086,132.23777598571778,135.9072723388672,15659370
2019-04-16,136.99448682255618,139.5495493636752,134.84715426352798,136.77703857421875,71315879
2019-04-18,136.85858594685232,137.48375591118347,135.68978704132218,136.69549560546875,7981706
2019-04-22,136.69548681866854,137.2662988292595,135.3364145530323,137.02166748046875,4703770
2019-04-23,136.45090115840188,139.223412826681,136.45090115840188,138.89723205566406,7446838
2019-04-24,139.16901451771653,140.4193544964284,137.7555758959731,138.08175659179688,14221692
2019-04-25,138.54381820579917,138.73408332961398,134.98304751591513,136.80419921875,20305140
2019-04-26,137.80996429991578,138.8972224009013,135.90726262319112,136.1790771484375,2428140
2019-04-30,136.1790197908587,137.80990625541986,134.05887070497616,137.0760040283203,6190464
2019-05-02,136.7770773916523,138.57104668736326,136.15189898379793,137.18479919433594,5411707
2019-05-03,137.5653044748605,139.1690081835771,136.6139538329806,137.04885864257812,5010129
2019-05-06,135.9616075919414,137.64685240794861,134.84716655362325,136.64114379882812,3270067
2019-05-07,136.9945092278568,138.76130349369228,134.65690284788124,135.25489807128906,4320204
2019-05-08,135.68979850234737,137.04887097013884,135.11898640685095,135.41798400878906,4215463
2019-05-09,135.41797679218942,136.26059504121986,131.0961199388339,131.72129821777344,6993406
2019-05-10,131.55820388398638,133.16190760288714,130.47094600064767,131.15048217773438,5294698
2019-05-13,131.42230588469903,132.0474758935069,129.16624893626715,131.61257934570312,3539800
2019-05-14,131.01457334236576,132.10183121242687,129.81859134432236,131.44947814941406,3301180
2019-05-15,131.422296184511,131.77565167730063,126.91017432556391,127.80716705322266,5134147
2019-05-16,127.83433985761566,128.67696636002574,124.79002281987232,126.20345306396484,4788978
2019-05-17,126.71991377353966,129.38369235695862,126.3121920539274,128.3779754638672,7517604
2019-05-20,131.50383618362605,132.0474651191435,128.18770465404108,129.22059631347656,6976701
2019-05-21,130.30783310527156,131.25918358853193,127.48096475689282,128.94876098632812,5817365
2019-05-22,129.1934146696769,131.55820388398638,128.89442538785426,131.15048217773438,3916767
2019-05-23,132.10181984266353,133.18907761914636,130.30784285244317,132.72698974609375,4979182
2019-05-24,133.053178828277,133.7055318764807,131.23201861921925,133.1347198486328,2407824
2019-05-27,133.13471031368312,133.97733674252788,132.1561849590179,132.69981384277344,1947123
2019-05-28,133.13474599075656,136.88579127093536,132.89011458653462,136.2877960205078,13294021
2019-05-29,135.8528911379351,136.77706712407235,134.52100167484176,136.2877960205078,3325742
2019-05-30,136.9673116044924,138.7612887894921,135.4179740818577,137.5109405517578,16592348
2019-05-31,141.88718500080898,142.9472683064522,137.1032476022939,137.80996704101562,22235393
2019-06-03,138.62538660181204,142.37642315651905,137.64685280206942,141.83279418945312,6895062
2019-06-04,140.6911824847228,143.59960103382346,140.31065212826235,143.19187927246094,6111033
2019-06-06,143.46366671475587,147.5680749589617,143.32775948660807,146.31771850585938,11211307
2019-06-07,146.2905648702419,146.61674558305515,143.30060541822752,144.3606719970703,4860923
2019-06-10,145.14891607865698,145.69254497782796,140.09317395246163,140.9629669189453,4916941
2019-06-11,141.56097062613256,142.67541989128011,140.01162485132255,140.6639862060547,4303321
2019-06-12,140.63682237737143,140.7455382181571,138.84283680689128,139.712646484375,3093642
2019-06-13,139.16901687433383,140.6368217352762,137.8643106591849,138.95156860351562,3433631
2019-06-14,138.81567213623504,139.65829047240493,137.78277203186863,138.70693969726562,2805760
2019-06-17,138.62539231015612,140.0660058141548,136.28778599649027,138.78848266601562,5008880
2019-06-18,138.86999645611883,141.83277220843797,138.7612723385795,141.53378295898438,4171426
2019-06-19,141.61537992813498,142.75700435117054,138.7069609378578,139.73985290527344,2982858
2019-06-20,139.16899400069087,141.88713841476687,139.16899400069087,141.53378295898438,3042607
2019-06-21,141.3435332261707,144.25195155483408,136.9401352191536,138.21766662597656,20185830
2019-06-24,139.11463330466276,140.3921645479286,137.7283862346698,139.57672119140625,2633348
2019-06-25,138.62543326750233,140.79994986777686,138.38080180899593,140.44659423828125,2590646
2019-06-26,140.20188579398837,143.11030363995118,139.79416413119648,141.506591796875,4030718
2019-06-27,140.93580821701693,142.26770580829756,140.25627201539197,141.01734924316406,13174124
2019-06-28,141.04453085617604,141.77841663080423,137.53811766305816,137.9730224609375,4626498
2019-07-01,138.21767195201326,139.3864709729891,134.8199907339205,135.49952697753906,4839632
2019-07-02,134.98309650257394,137.53815141126893,134.3307432932443,137.37506103515625,3955456
2019-07-03,137.3750415103679,138.16330187190434,136.07033527714344,136.42369079589844,2828456
2019-07-04,136.64114100324522,137.45658443482586,135.608241012838,136.50523376464844,2555817
2019-07-05,136.72265494357654,137.646822323933,130.9330110443311,131.50381469726562,4271783
2019-07-08,131.23203943729004,131.25922254676053,125.27930344854711,126.3393783569336,4588708
2019-07-09,126.39372793672865,127.86152440858294,124.05612184704702,124.81720733642578,9158261
2019-07-10,125.79575930293478,127.48101268202488,125.06186505987634,126.85584259033203,5900374
2019-07-11,127.75282966422998,128.1605514610307,126.44812323251611,127.6984634399414,4033341
2019-07-12,127.69844535963358,128.48671402460417,124.65412801829342,125.71420288085938,6741721
2019-07-15,125.57831699525826,125.95885569076506,124.08333703102899,125.25213623046875,3265924
2019-07-16,124.73566339378112,127.01890337006677,124.68130547477412,126.55682373046875,3739400
2019-07-17,126.12193364682403,127.29073273110627,124.49104657380477,125.03467559814453,5404435
2019-07-18,125.03465054152771,125.52391324733829,119.32654692984927,119.7614517211914,8729774
2019-07-19,120.68563758016367,121.80007868531084,118.1849408708149,120.63127136230469,19100281
2019-07-22,121.12053683315267,121.31080199661463,117.61413161662398,120.35945129394531,5607789
2019-07-23,120.68563235101162,121.17489511006238,117.9674874782411,118.53829956054688,4983571
2019-07-24,118.72855878406094,119.29937083780649,117.097671941999,117.88594055175781,4877895
2019-07-25,118.32081783398438,118.32081783398438,113.12916886703772,113.64561462402344,19251346
2019-07-26,113.61844982143631,115.76578250114292,111.71574850863715,114.51543426513672,10490177
2019-07-29,114.51542878576208,115.5755118168368,111.17211424272054,111.661376953125,11715160
2019-07-30,111.77011210392143,112.4224651654377,107.63852888911966,108.48115539550781,10527314
2019-07-31,108.29088366048339,111.98756212760289,107.12208475244208,111.14493560791016,10992207
2019-08-01,111.5798486621294,111.5798486621294,108.99761099516172,110.05768585205078,6018424
2019-08-02,109.21505401963853,109.29660334016798,106.19791994779911,107.20362854003906,6376599
2019-08-05,106.55126747591493,110.3023036761521,104.97474693845152,109.05196380615234,8942376
2019-08-06,107.93752005177856,112.93890428655156,107.93752005177856,111.498291015625,12536563
2019-08-07,111.00902359978703,113.6728102799347,109.67713440727269,112.04192352294922,9270695
2019-08-08,112.06907200980646,115.9560228447188,111.36236121720154,115.16776275634766,8622272
2019-08-09,116.28223193131205,116.33659814568968,112.53119540260637,112.85737609863281,7027377
2019-08-13,113.02046123812535,114.95034576956114,110.08486807419479,110.764404296875,6907370
2019-08-14,113.3466518335509,113.3466518335509,106.36101553679218,108.99761962890625,16687905
2019-08-16,108.7258136478329,110.27515981036302,108.56272326833688,109.785888671875,12556891
2019-08-19,110.19357664172772,110.41103317933326,107.93752001923195,108.15496826171875,5848151
2019-08-20,108.39961199327557,108.45397820766814,105.68146717604078,106.17073822021484,7496337
2019-08-21,106.00766742015018,106.25229883978783,102.25663019871642,102.63716888427734,10788976
2019-08-22,102.20221991116237,102.44685122533046,96.6028413101975,98.31527709960938,13370852
2019-08-23,98.31529641503646,102.96331718275223,97.93474952365825,102.20223999023438,11447263
2019-08-26,103.83313529917736,104.32239806369095,99.23947207192884,102.60997009277344,8851543
2019-08-27,103.28951763775979,105.59994105860441,102.74588859756105,104.29523468017578,11357212
2019-08-28,102.74588958903684,104.7029574706859,100.13646851187838,100.59855651855469,10791130
2019-08-29,99.64719651230715,103.45259947997208,98.99484337687434,102.74588012695312,31069292
2019-08-30,103.15357674894217,103.53411529399897,99.0219940723075,100.43543243408203,11880019
2019-09-03,99.48406276187195,100.95185875015495,97.88035958402357,98.42398834228516,7054535
2019-09-04,98.42401634666635,99.70153931500212,97.36394162545868,99.02200317382812,6030798
2019-09-05,99.97335818877038,106.76871990076182,99.91900027214602,105.92610168457031,29083353
2019-09-06,106.63280893585066,108.45396912899669,104.81165703782361,107.96470642089844,16095238
2019-09-09,107.69290790480855,108.78016590164611,106.9861885478401,108.37244415283203,5382211
2019-09-11,108.61704596714998,110.35665662937765,106.30662335298813,106.93179321289062,8755389
2019-09-12,107.42109068700438,108.29089208538952,106.22510028465481,107.47544860839844,6446408
2019-09-13,107.99190007349104,108.50835427174174,105.73584298844388,107.74726867675781,6979583
2019-09-16,107.44824392797143,109.37812809508195,106.87744024477281,109.02477264404297,3961273
2019-09-17,109.05195286767359,109.05195286767359,106.55125678826901,107.42106628417969,5885854
2019-09-18,107.88315560724547,108.2908772900356,104.24084356667738,104.56702423095703,5488038
2019-09-19,103.99623236734348,105.7358435586415,103.01769848001318,105.16503143310547,7916117
2019-09-20,105.30092085127082,110.0304908279701,102.66432554865754,108.75296783447266,30567231
2019-09-23,111.71575873482882,113.2922795059827,109.02479686228399,110.19359588623047,9396444
2019-09-24,110.68286204899407,111.82447791344963,107.14927372998056,107.72007751464844,9662821
2019-09-25,104.92039780755132,108.01908147237724,103.91468083176244,104.70294952392578,6873148
2019-09-26,103.64286368603325,111.36240198464154,103.04487677375576,110.519775390625,20274950
2019-09-27,110.51977703756218,111.33522053519035,106.93182232995014,108.37244415283203,10240429
2019-09-30,107.36672515169076,109.1335193630477,106.85027927201044,108.64425659179688,7578946
2019-10-01,108.7257944593224,109.0519751607483,103.69722646557874,105.51838684082031,10416295
2019-10-03,104.92039385569623,104.92039385569623,100.70726923195713,101.52271270751953,12270678
2019-10-04,102.03915545221632,102.93614822488512,99.02201302618447,101.00626373291016,12238072
2019-10-07,101.63144148278717,102.31097774343047,99.48410855817843,100.24518585205078,6160378
2019-10-09,100.46265244195199,101.49554434299205,99.48411847010702,100.76165008544922,5808768
2019-10-10,100.57136020010138,101.0606229587026,99.86464087480644,100.32672882080078,4047661
2019-10-11,100.70725685759672,103.42540144214723,100.70725685759672,102.7730484008789,7104915
2019-10-14,103.07205758122184,103.72441069601543,102.17506479015076,103.3438720703125,6340044
2019-10-15,102.74588144395486,104.75730709362198,102.2294355507474,103.91468048095703,5459056
2019-10-16,104.53985812915441,106.66000790644438,104.02341223931406,105.76302337646484,7396404
2019-10-17,105.46401190767162,108.69860236643463,104.86601676952891,108.39960479736328,6611768
2019-10-18,108.07345161015822,112.2593934351569,107.50263947604007,111.96039581298828,12709671
2019-10-22,111.98756474480223,114.13489745831215,110.51976822513213,113.50972747802734,9795154
2019-10-23,113.83589987399871,115.0862481296879,112.28656232911567,113.50972747802734,7137614
2019-10-24,114.16208648922698,114.16208648922698,111.1177608647996,111.55266571044922,8470734
2019-10-25,112.31373516779816,112.5040003076069,110.35666779041325,111.90601348876953,5368529
2019-10-27,112.36813648969225,113.50976095003571,109.56844986354226,110.2751693725586,755584
2019-10-29,110.90032471576095,114.40673038230861,108.5083602458223,114.02619171142578,6925785
2019-10-30,114.56978107799183,114.67850518986074,111.77009579555667,112.12345123291016,4487164
2019-10-31,112.53121019656159,113.61846826609359,111.98758116179559,112.83020782470703,6655719
2019-11-01,111.44393194595015,113.07481875491527,109.73150411458448,112.58555603027344,7118433
2019-11-04,111.9875655063363,117.20640682856292,111.8788413736065,116.8802261352539,8489492
2019-11-05,117.96749498443626,118.26649259849002,113.9446436348124,114.78726196289062,12681517
2019-11-06,114.92317546568248,116.79870228533576,114.78726820600446,115.46680450439453,4344694
2019-11-07,116.06480061250575,116.20070787317614,114.65136178348543,115.52117156982422,3529240
2019-11-08,115.57553216543609,117.42386750252015,113.12920159246691,113.7543716430664,6324778
2019-11-11,113.59124967434799,114.59696639257108,111.85163896549993,114.08052062988281,3485203
2019-11-13,117.3694860613933,117.42385227401238,112.09628694700089,112.66709899902344,12228149
2019-11-14,113.34663343314826,113.34663343314826,109.67713810617583,110.0033187866211,4889669
2019-11-15,110.32949354509645,111.17212007510525,108.99760427901518,109.35095977783203,4544919
2019-11-18,109.81308387435503,109.81308387435503,107.77447464401428,108.888916015625,5894876
2019-11-19,109.24224837663836,109.43252184901588,107.77445170226464,108.50835418701172,3836452
2019-11-20,108.67143661413833,110.90031889027539,108.42680521678682,110.38387298583984,4456738
2019-11-21,110.35666292932417,110.71001838420321,106.44253664208611,106.87744140625,4650473
2019-11-22,107.06771843405627,108.37243287151577,106.71436293991563,108.18215942382812,4335573
2019-11-25,108.236514373447,109.62276139476691,107.88315062095646,109.10631561279297,3884393
2019-11-26,109.2694030838881,109.86739816010592,106.65998284375665,107.50260925292969,8027053
2019-11-27,107.36673051445047,109.64997071953114,106.66001113558441,109.2694320678711,4378518
2019-11-28,109.02477863127686,112.17782794145528,108.61705695224823,111.90601348876953,7855291
2019-11-29,112.20503460255141,113.50974932288689,110.81878713643161,111.57986450195312,5422867
2019-12-02,111.55264972320678,112.20500275062882,109.94894611138464,111.90601348876953,3284647
2019-12-03,112.25940445304293,112.36812860946954,110.90033175990682,111.7701416015625,2619997
2019-12-04,111.22648868496323,111.44393695121042,109.35096213432276,110.22077178955078,5343182
2019-12-05,110.08485458311416,110.41103524807465,106.36099322114399,106.76871490478516,6745934
2019-12-06,106.76871093506028,107.09489158789317,103.77875203286021,104.37674713134766,5644775
2019-12-09,104.34959091775985,105.24658379663846,103.83314499695621,104.1865005493164,3992473
2019-12-10,104.37675450605009,104.62138586539982,101.41397849810531,101.767333984375,4431410
2019-12-11,102.36535172411152,102.93616388535739,100.57137420096204,101.74017333984375,8520046
2019-12-12,102.36532422012512,103.7515795835079,101.25088330857741,103.37103271484375,8081188
2019-12-13,104.21366622730925,107.04053505868147,103.99621796917266,106.68717956542969,5851149
2019-12-16,107.09491382428814,107.25800418456747,104.37676880336713,104.70294952392578,3154315
2019-12-17,105.1650390198037,106.82310929640572,104.40396166093117,106.66001892089844,3652710
2019-12-18,106.46971771595518,107.91033090622778,105.8989057423142,107.50260925292969,3623918
2019-12-19,107.31235709192603,107.69290401316373,106.14355810561005,107.04054260253906,2015809
2019-12-20,107.0133801408296,110.19360505663627,106.63283317567043,109.16071319580078,5806708
2019-12-23,109.05198016089207,110.00333090603154,106.71437381381106,107.23081970214844,6665480
2019-12-24,107.52979834323017,108.56268993772055,107.31234180562463,108.15496826171875,3113553
2019-12-26,107.85599015709892,109.48687715521102,106.11637901813671,107.25800323486328,8630191
2019-12-27,107.9103568824562,111.71575989594332,107.44826891277037,110.62850189208984,5046833
2019-12-30,110.65568001561832,112.12347659566485,109.37814860060156,111.87884521484375,4696784
2019-12-31,111.44395591693731,115.49399070465059,111.14495827862376,114.89600372314453,10534842
2020-01-01,114.89600314490669,115.57553945805347,113.29229080978347,115.22217559814453,6447592
2020-01-02,115.52116334710311,115.68425370732308,113.23792318938443,114.76008605957031,5958343
2020-01-03,114.16204617438365,115.5754843498276,112.91169829535508,115.16776275634766,6452638
2020-01-06,114.13490128595204,114.13490128595204,110.6013129594822,111.82447814941406,6853058
2020-01-07,112.25938298708047,113.1835505826717,111.09058401252685,111.82447814941406,5243225
2020-01-08,110.35665800350556,111.19928439112736,107.74723783011333,108.8344955444336,7295998
2020-01-09,110.4925944299409,110.73722582131523,107.28518664276562,107.63854217529297,10321169
2020-01-10,108.26368732364755,112.2865459826093,108.15496320748497,111.60700988769531,13533598
2020-01-13,111.60702636037396,115.2493387076776,111.44393601449956,115.00470733642578,9863555
2020-01-14,114.78724386667172,116.06477515480738,114.02616669190093,115.76577758789062,5417581
2020-01-15,115.57552973550489,116.66278774507644,114.86881037025931,115.49398040771484,4863227
2020-01-16,115.49400178202309,115.6299090583717,112.58559104523597,114.29801940917969,6937929
2020-01-17,114.16207850988489,114.46107608881562,112.0419289413205,113.02045440673828,5985342
2020-01-20,113.07482139668407,114.0533551639485,108.99760427901518,109.35095977783203,8110607
2020-01-21,109.35098609349127,111.579868638919,109.35098609349127,109.89461517333984,6347967
2020-01-22,108.23653843417635,108.39962049991253,103.80595705732291,104.32240295410156,19096395
2020-01-23,104.4039544893275,106.11638257672296,103.20797230962904,103.69723510742188,16369722
2020-01-24,104.9203979762888,106.71437535200589,104.45831000394097,105.43684387207031,10626281
2020-01-27,105.43682146553425,106.00763345856562,104.37674678997232,105.11064910888672,7195361
2020-01-28,105.40966087241642,105.5999343424329,102.41970134148525,102.82742309570312,10274562
2020-01-29,103.83313030877862,104.92038821777108,102.20224344528995,103.86031341552734,10602818
2020-01-30,104.05059792858532,104.56705216752597,101.93044792969607,102.17507934570312,10859103
2020-01-31,102.63715089057132,102.99050640197525,97.85321430973796,98.77738189697266,35281395
2020-02-03,95.08069991186173,97.55421329013141,93.58572030132856,97.11930847167969,15284598
2020-02-04,98.26092964067853,99.48409473994008,97.71730070767339,99.2122802734375,10043759
2020-02-05,100.02773328539051,100.02773328539051,97.03777386653373,97.44549560546875,9468632
2020-02-06,97.96193415264663,98.72301965211749,96.90185936975732,97.8260269165039,6917941
2020-02-07,98.01631855269265,101.14218556399933,96.82033631173863,100.59855651855469,13470302
2020-02-10,100.51697539233805,100.5713415977355,96.57566605945382,97.22802734375,19665611
2020-02-11,97.85320288224774,98.66864623959981,95.81459448886758,97.49984741210938,16397703
2020-02-12,98.39683497344862,99.70154106941357,96.87467233141012,98.01629638671875,14669421
2020-02-13,98.01630664033196,98.36966215887772,95.5971593411373,96.65723419189453,11781999
2020-02-14,96.76594711543835,97.25520982213175,94.70015557417486,94.99915313720703,15392705
2020-02-17,94.99915168726658,95.24378303687953,90.6773035270413,91.24811553955078,15997350
2020-02-18,91.38404431229091,94.56426919730244,89.6987909818562,93.42265319824219,27643844
2020-02-19,95.86899611735966,97.06497849098902,94.72737167723237,96.63007354736328,21092109
2020-02-20,96.63003784621965,97.9891101084731,95.24378247969739,97.49984741210938,16776977
2020-02-24,97.17367747712055,97.2552185038087,94.21090127740152,95.05352783203125,9952676
2020-02-25,95.73305150113619,97.1464816477222,94.70015162600784,95.18942260742188,13534936
2020-02-26,94.70016005077521,96.63004445417214,93.85753353153211,94.48271179199219,10925243
2020-02-27,94.4555319046281,94.89043673213378,92.19947503617693,94.64580535888672,11500515
2020-02-28,93.25954767424173,93.39545491122107,90.65012706521466,91.54711151123047,14694382
2020-03-02,93.85754483340841,95.13507631917115,91.49276362768981,92.0635757446289,11962711
2020-03-03,93.15083348138654,97.66294759437524,92.90619379262904,96.87468719482422,17015816
2020-03-04,96.90186879035419,97.7444953953813,94.6458117691037,96.82032775878906,9858330
2020-03-05,97.85321707654512,97.96194121427284,93.61290934420417,96.30387115478516,12349902
2020-03-06,90.62294756424717,94.04781173140914,90.51422342936198,91.73738861083984,10629291
2020-03-09,90.1336784785415,90.62294119871798,85.32255911795623,85.8661880493164,23967899
2020-03-11,85.94774270120043,92.36255785334755,85.3769306288159,91.32966613769531,28399797
2020-03-12,87.52424977457375,88.61150753574857,81.5986982942183,84.0178451538086,33250878
2020-03-13,79.50573333380862,87.82325786467709,67.21971998660894,83.77322387695312,43328010
2020-03-16,82.06078058458034,82.27823712109138,77.793298707645,78.22819519042969,23542677
2020-03-17,78.93492919324471,84.47994333789245,77.35840841024888,79.31546783447266,18989633
2020-03-18,82.41414148787847,82.55004870781552,77.73892980399636,78.8533706665039,18737193
2020-03-19,75.86045600003854,79.1200849687902,72.30449712503673,73.2231216430664,28547877
2020-03-20,73.7861377926071,80.48319467801981,72.68971817551785,78.70521545410156,24022133
2020-03-23,72.60082407606599,79.92017607981848,71.14880940319881,75.77155303955078,17884315
2020-03-24,76.60127764760432,80.00907143076661,74.3491686431212,75.77155303955078,9991023
2020-03-25,74.67513008577278,76.60127431417565,73.31201082317207,73.78614044189453,8339454
2020-03-26,74.67512521492299,75.26778493885094,70.6450372835589,73.0453109741211,28364001
2020-03-27,74.61586001182566,78.79410834497554,74.08246535692881,78.05328369140625,18332679
2020-03-30,75.59375420233015,79.8609026659965,75.38631966900647,78.91264343261719,12357349
2020-03-31,80.068334979147,84.36511812032637,79.5645705797697,83.00199890136719,14997503
2020-04-01,82.23153284360042,83.71318208402565,81.22401316876511,82.64639282226562,8833033
2020-04-03,82.14264225683762,82.91309267179888,78.11255428116488,81.63887786865234,10936160
2020-04-07,83.15016843050067,84.39474853487249,81.28328470903718,83.06126403808594,8203204
2020-04-08,82.97236976149186,84.98740940981983,81.19439040945988,81.40182495117188,7070293
2020-04-09,82.49823583375907,83.83172027841015,81.78704593859919,83.44649505615234,5078557
2020-04-13,83.44649583241676,86.9431847913885,81.99448123227664,86.46905517578125,10691543
2020-04-15,87.35804486625824,89.84722308887294,86.52832482090017,87.03208923339844,10487965
2020-04-16,85.69861482935124,89.1953042006392,85.58007562901906,87.3580551147461,9736774
2020-04-17,89.78796425186285,90.35098928175161,87.89145460437216,88.15814971923828,7093925
2020-04-20,88.83968336693442,88.83968336693442,84.75033514840972,85.4615249633789,7139688
2020-04-21,83.5650191272763,83.92061857065761,81.66850986353812,82.37969970703125,6501336
2020-04-22,81.90558795114721,83.74283706958013,80.00907827476992,83.38723754882812,5604252
2020-04-23,83.44648439229937,85.78748830953619,83.0316244267447,83.50574493408203,7553183
2020-04-24,83.32797598486671,85.22448563834749,80.4832069830099,81.19439697265625,11701166
2020-04-27,82.37970362372468,82.79456363188082,81.49071401627442,81.8463134765625,4238903
2020-04-28,82.14265045836692,82.7056754498499,79.68310690548968,80.24613189697266,7064210
2020-04-29,80.30540252214624,83.47613605453563,80.21650716987286,82.88347625732422,7399346
2020-04-30,83.86136069763388,88.57300424266306,83.77246534600478,88.00997924804688,13145052
2020-05-04,85.75788271737898,85.75788271737898,83.17981766864807,84.33550262451172,8356099
2020-05-05,85.28373736894919,87.2691512176956,81.40182310627584,81.78704833984375,11879416
2020-05-06,82.58714806185426,82.58714806185426,78.9126500087503,79.26824951171875,10427774
2020-05-07,77.04576785012884,78.82374710820874,77.04576785012884,77.5198974609375,10860354
2020-05-08,78.7348534554467,78.942278947387,76.18641465541893,76.45310974121094,7096898
2020-05-11,77.13467136691305,77.66807062680427,75.89009118037579,76.12715148925781,6657844
2020-05-12,75.9789761507858,76.4827405423958,74.26026653812202,75.17888641357422,8128169
2020-05-13,78.5274325791722,78.5274325791722,76.15679310508398,77.40138244628906,11135898
2020-05-14,76.95687307643409,77.90512326182817,75.89008370500434,76.24567413330078,5663178
2020-05-15,76.86797637598795,77.54954059078901,75.71229154269882,76.8087158203125,6296826
2020-05-18,75.26778442001117,75.26778442001117,71.74146089560158,72.1266860961914,24334121
2020-05-19,72.95643189444026,73.57872659049282,72.18597674683383,73.25276184082031,9537927
2020-05-20,72.8971460431391,74.17136535391118,72.21558645629497,73.0453109741211,8087994
2020-05-21,73.43054548867026,74.82329502641915,72.77862065415324,73.78614044189453,6187181
2020-05-22,73.48981408773828,74.70476846800423,72.24522943090204,74.20100402832031,7128048
2020-05-26,74.58623002008818,75.86044941060904,74.0824701275479,75.41595458984375,6182999
2020-05-27,75.41595353022227,77.84586213357285,74.67512883935564,77.5198974609375,6084254
2020-05-28,77.54953452347972,79.59420892136971,76.63091007130583,79.35713958740234,7882781
2020-05-29,79.12008029600106,84.42438349595525,78.3792555741284,83.74282836914062,16208002
2020-06-01,84.21696535570314,88.75080943226314,83.89100064095375,88.03961944580078,21204876
2020-06-02,88.39519740554165,88.39519740554165,84.75034358878648,84.9874038696289,16679738
2020-06-03,85.93566799630989,85.9949375915466,83.62429847440701,83.97988891601562,11560484
2020-06-04,83.56503165341952,84.51329094906455,82.58714660244318,83.12053680419922,6295232
2020-06-05,83.56503493667367,86.38016909234175,83.2687050255507,85.8467788696289,11872471
2020-06-08,87.71363568896659,88.27666059588378,85.78749166201293,86.94317626953125,11258686
2020-06-09,87.68400987018809,87.68400987018809,85.13557108810367,85.52080535888672,6957064
2020-06-10,85.34301682642125,85.78751170572552,83.09090762929195,83.38723754882812,8914993
2020-06-11,83.47612892809367,84.69107417403929,81.49071515962389,81.60924530029297,9259185
2020-06-12,78.883035401147,80.33505033081262,78.64596601790687,79.80165100097656,8424817
2020-06-15,79.83126169872355,80.00906142164779,77.34209270759287,78.29035186767578,8217803
2020-06-16,79.71273929191304,80.00906917775659,76.77907523071606,77.72732543945312,7130557
2020-06-17,77.72732262315374,79.35713693624005,76.51237736983276,76.71980285644531,9071758
2020-06-18,76.45313162235297,82.79459111880828,75.94936706024535,81.55001068115234,34586616
2020-06-19,82.97236652756432,82.97236652756432,80.12759786653662,81.3425521850586,17468335
2020-06-22,81.34256992009769,85.31338937530228,81.25367455388735,85.13558959960938,19716275
2020-06-23,85.90603257013342,86.97282197369485,84.86887796397352,85.25411224365234,10955603
2020-06-24,86.35052560860272,86.79502043058585,83.41686159216809,83.8909912109375,10639459
2020-06-25,83.17980112643023,85.13557110435482,81.99448160367822,83.20942687988281,33546602
2020-06-26,83.50575813233473,84.75034726897755,82.73530766450583,84.21695709228516,8095985
2020-06-29,83.29834047907461,83.47614023579807,79.5053121609689,79.92018127441406,14575190
2020-06-30,80.80916488874607,81.28328547970457,78.4385257608711,78.73485565185547,9576074
2020-07-01,78.73487001712631,79.80165058468896,77.87550594186317,79.32752990722656,8412734
2020-07-02,79.44604690431282,80.00907189790317,78.70522216451742,79.17935180664062,7744251
2020-07-03,79.65347734965081,80.54246709258562,78.85339200697226,80.15724182128906,9092987
2020-07-06,80.77952007236215,81.49070991386562,80.15722556982055,80.51282501220703,9489759
2020-07-07,80.89806023873314,81.01659038647276,78.58669070636329,78.73485565185547,9903888
2020-07-08,78.79411620408999,79.68310587704309,77.99403092439455,78.73485565185547,12308795
2020-07-09,79.12006254114549,80.18685170990453,76.51236372263986,77.2828140258789,19347175
2020-07-10,76.74944576401701,78.37926024935328,75.97898619865838,77.75696563720703,17079028
2020-07-13,78.1125538756177,78.49777908109832,77.22356428456729,77.34209442138672,7748516
2020-07-14,77.28283619979074,77.28283619979074,75.86045626218323,76.00862121582031,7234601
2020-07-15,76.36421516766313,76.71980560456632,75.59375565613391,75.8604507446289,7037060
2020-07-16,75.71228517872046,75.86045012036179,73.84540600971265,74.76403045654297,11776854
2020-07-17,75.03073845056488,78.26073744699166,75.03073845056488,77.40138244628906,11331564
2020-07-20,79.12007559869522,79.77200493254678,78.05328625387904,78.82374572753906,16601999
2020-07-21,79.12008643513204,79.71274625861618,78.23109669990583,78.88302612304688,10375549
2020-07-22,79.23860055346573,81.0165796640593,78.67557564376499,79.47566986083984,14123342
2020-07-23,79.94980135146582,80.3350356375446,78.94228152596935,79.09044647216797,5534003
2020-07-24,78.76447661919856,78.76447661919856,77.045766973257,77.99402618408203,8426361
2020-07-27,77.99403022689913,78.11256037357875,76.66054572939473,77.0161361694336,5361430
2020-07-28,77.10503636843676,77.49026158501216,76.18641195590689,77.31246185302734,5274135
2020-07-29,77.04577567044178,78.52742520256567,76.8679759179327,77.75696563720703,5729989
2020-07-30,77.8162287469414,78.05328903500506,76.03824945665305,76.21604919433594,5755341
2020-07-31,76.42346523791043,77.0457597212358,75.59374528898942,76.60126495361328,5309957
2020-08-03,76.98650095165358,76.98650095165358,75.91972059409035,76.0975112915039,4101202
2020-08-04,76.80870365144017,78.05328364269809,76.15677433939814,76.30493927001953,8225015
2020-08-05,76.5420115514369,77.10504561075614,75.97898653538877,76.12715148925781,6357451
2020-08-06,76.45310738089559,77.75695701594677,76.0382473665525,76.36421203613281,7904721
2020-08-07,76.74944856676753,77.25321304339464,76.18642353265402,76.89761352539062,6553466
2020-08-10,77.22355943693864,77.72731474761598,76.45310003107245,76.60126495361328,7123506
2020-08-11,77.13465962615926,77.63842400994389,76.86796455844318,77.10503387451172,5667893
2020-08-12,77.0457738784938,77.1643040296527,76.1567841798958,76.27531433105469,10656110
2020-08-13,76.30494702496206,77.13466710345922,76.038251931393,76.42347717285156,7332156
2020-08-14,76.6605471854599,79.56457652898614,76.51238223847857,78.14219665527344,23946105
2020-08-17,79.12008089177749,81.19439012864058,78.43852575983072,80.60173034667969,23263111
2020-08-18,80.98695373535156,82.11301272128492,80.39429396694571,80.98695373535156,14886444
2020-08-19,81.49073957574018,81.78706953783377,79.68312499831465,80.068359375,7439983
2020-08-20,79.4756821707002,82.37971155049568,79.03118732420472,82.08338165283203,16864753
2020-08-21,82.67603302001953,84.03915221896773,82.37970315256426,82.67603302001953,18104009
2020-08-24,83.38722622499344,83.80208624735256,82.2315415043965,82.85383605957031,7621483
2020-08-25,83.47612877240826,83.56502411692676,82.49823476635454,83.23905944824219,8785149
2020-08-26,83.29833170486312,85.31337128675179,82.9427322288732,84.1280517578125,20083642
2020-08-27,84.57253160624798,84.89849622764311,82.97235233417128,83.2983169555664,9356533
2020-08-28,83.62427871510683,84.39472901151363,82.17225536433611,82.4093246459961,9056278
2020-08-31,82.52786946427399,84.24657910690418,79.3571362122524,79.62384033203125,18667357
2020-09-01,80.06834054304123,80.24613124386306,77.46063206398317,79.09044647216797,10566870
2020-09-02,80.3053885634315,81.49070795182165,79.8608937927852,80.7795181274414,16748685
2020-09-03,81.49073214077892,81.81669687799642,79.32752723216883,80.42394256591797,17375778
2020-09-04,79.47568928071692,80.86843449837073,77.84587469776112,78.49779510498047,9952446
2020-09-07,78.82374872433861,79.2978783448684,77.49026425343814,78.20145416259766,8781574
2020-09-08,78.29036011523344,78.61631575778478,76.66054572939473,77.0161361694336,7292289
2020-09-09,76.42347876989375,76.45311356830307,73.93430943911478,75.2381591796875,13115790
2020-09-10,75.86046900806247,76.03826879095463,74.37881922274875,75.06037902832031,12007280
2020-09-11,75.20854380155907,75.26780888848258,73.87505899841666,74.14175415039062,12588367
2020-09-14,74.67512809994916,75.1788879804234,73.54907367665467,74.0528335571289,12397073
2020-09-15,74.46770438891936,74.52696946428554,73.37128466892096,73.54907989501953,11537811
2020-09-16,73.84541958928016,73.84541958928016,72.95642977595422,73.40092468261719,8007948
2020-09-17,73.40091816455532,74.61587261019955,73.22312293066011,73.66761779785156,13049746
2020-09-18,74.23063384811539,74.23063384811539,72.83788433692885,73.28237915039062,14611915
2020-09-21,73.28237292978032,73.57870278026739,71.77108888364238,72.09705352783203,9573596
2020-09-22,72.30447709835147,72.30447709835147,70.43759830173111,70.85246276855469,10042777
2020-09-23,70.97101833853031,72.60083295590785,70.49688864118431,71.7414779663086,9281239
2020-09-24,71.74145745364763,71.77108772523728,68.27439464160047,68.57072448730469,15979042
2020-09-25,68.74851932083924,69.6967738554205,67.50393496159919,69.40044403076172,15988801
2020-09-28,69.87460154367048,71.88964606270311,69.87460154367048,71.11918640136719,9441818
2020-09-29,71.80074229146067,72.03780713763558,69.4301028729833,69.72643280029297,12065137
2020-09-30,69.34119494207974,69.40046001633564,67.94844534970692,68.74853515625,14036702
2020-10-01,69.40046474576366,70.9413793896025,68.9559698761004,69.48936462402344,9963165
2020-10-05,69.9042217023171,70.82284620229815,69.66716139928303,70.1709213256836,8141288
2020-10-06,70.7339436003208,70.7339436003208,68.92633399039308,69.22266387939453,11221801
2020-10-07,69.4004596058058,69.45972467971114,67.71138013050965,67.82991027832031,11939558
2020-10-08,67.978089082549,68.15588886214822,66.76313899407505,67.14836883544922,11663333
2020-10-09,67.17797900998079,68.6892631193095,66.55568901091915,68.09660339355469,15958362
2020-10-12,68.3336698828047,68.45220002224117,66.85202053167394,67.08908081054688,7949842
2020-10-13,67.14834408561231,67.94843375563573,66.58531467216281,67.47430419921875,9702168
2020-10-14,67.08908420301879,67.53357903083463,64.95550993382972,65.51853942871094,19663164
2020-10-15,65.69633694485827,66.79275665416218,64.92588192934205,65.54817199707031,15481671
2020-10-16,65.96303787469027,66.82239278028365,64.95551349672911,65.99266815185547,12231039
2020-10-19,66.67423093106952,68.3633105436628,65.93340614294652,67.97808074951172,18111350
2020-10-20,68.21515183829743,68.83744652601142,67.02983206866016,67.35579681396484,16554127
2020-10-21,67.35578640485811,69.28193073285394,67.29652132986224,68.21514129638672,20421726
2020-10-22,68.15586766967068,69.16338738309014,67.62247301836368,68.62999725341797,13653932
2020-10-23,69.22266752824743,70.05238764387936,68.86706802539317,69.75605773925781,11876035
2020-10-26,69.87458465109958,69.87458465109958,67.68174088754132,67.88917541503906,11243128
2020-10-27,67.68173425727272,68.24476367132728,66.88164458638947,67.5335693359375,10985477
2020-10-28,67.53357984895409,67.56321464648823,66.61495990665405,66.79275512695312,9366165
2020-10-29,66.37789448117053,66.64458956998543,65.51853962020233,65.69633483886719,11414157
2020-10-30,66.14081794752003,68.27439184486562,65.8148578435785,67.68173217773438,17773808
2020-11-02,67.91879973108232,68.92632391945746,67.29650976808419,68.57072448730469,12785804
2020-11-03,68.51147373124324,69.48936333062824,68.51147373124324,69.04486846923828,12319486
2020-11-04,69.0448657233244,69.0448657233244,67.385416498144,68.03734588623047,7382741
2020-11-05,68.95595680941115,71.47476059353997,68.30403202843418,71.03026580810547,14904921
2020-11-06,71.26732691516276,72.54154613855495,70.11164234140854,72.18595123291016,18908916
2020-11-09,72.83787822566813,72.83787822566813,71.50439389716514,72.15631866455078,14950332
2020-11-10,72.45266668423221,74.31954611661934,71.71184187151,73.96395111083984,15808417
2020-11-11,74.67514255934576,74.79367272300782,73.22312770712395,74.58624267578125,16757799
2020-11-12,74.70477086450444,74.97146597036932,71.71183701513588,72.36376190185547,35738360
2020-11-13,72.60082344738944,74.88256270855177,71.83036392051812,74.6158676147461,23377931
2020-11-14,75.47522182927604,75.56412170030933,75.00109671982388,75.32705688476562,3308333
2020-11-17,76.0382540287369,76.63091382780225,75.38632463245669,76.27531433105469,20369194
2020-11-18,76.30495112309447,76.36422072185773,74.58623675657726,76.00862121582031,18943803
2020-11-19,76.63808398934873,78.24323674543669,76.07155920470109,76.8269271850586,29186699
2020-11-20,77.61377443273297,77.73966670883931,75.63093986792195,76.44924926757812,17573909
2020-11-23,76.32335639534074,77.70819063162405,75.37914992447055,77.26756286621094,17269543
2020-11-24,77.89702610843806,78.43207542828245,77.29903065728526,77.58229064941406,18199200
2020-11-25,78.0229263305664,79.78544700189715,77.58229856397494,78.0229263305664,22813211
2020-11-26,78.43209007193589,78.90419334861585,77.64525127746927,78.7153549194336,13694237
2020-11-27,78.9671393865714,80.19461078579529,78.68387934193359,79.03009033203125,25297333
2020-12-01,79.31335039605551,79.94282143094483,78.49503612970624,79.56513977050781,8927107
2020-12-02,79.942813469036,82.5551141616682,79.5651318462142,81.67385864257812,21081119
2020-12-03,82.68101589362819,84.34911012501001,81.35912301236974,84.00289916992188,25834042
2020-12-04,84.4749977842481,84.94710098677368,82.52364364345432,83.90847778320312,19371235
2020-12-07,83.90847740291903,86.3634102029402,83.71963420177183,86.11162567138672,14127211
2020-12-08,86.52077471897756,86.67814244658754,83.71963108851257,84.5064697265625,21479953
2020-12-09,85.2303462866272,86.55223886768229,84.60087545849859,84.78971862792969,18755465
2020-12-10,85.10447962532132,85.26184737965993,83.59375302565697,84.88417053222656,11912807
2020-12-11,84.78972938304487,88.56655483088619,84.66383712244293,87.02435302734375,30559578
2020-12-14,87.90560727541768,90.76970178920801,87.55940596465484,90.23465728759766,35605748
2020-12-15,90.42351003892607,90.86414744595216,88.62952335804472,90.07730865478516,18775793
2020-12-16,90.86413259711595,91.90275578974038,90.3290784645736,91.58802032470703,16119571
2020-12-17,91.43064934738227,91.43064934738227,89.69960435113235,90.29759979248047,12374964
2020-12-18,90.2976115241218,90.42350380103068,87.77972756608445,89.19603729248047,13628707
2020-12-21,89.00718343231031,89.0701343657204,81.42206659962469,83.68815612792969,20132655
2020-12-22,83.40490671981306,85.67100614060158,81.70533695670423,85.29331970214844,17257059
2020-12-23,85.29332320939159,86.0486865123931,84.41206762338409,85.01006317138672,10091831
2020-12-24,85.82836230985752,87.5594073101263,85.35625912796604,85.76541137695312,14518171
2020-12-28,88.06298479124112,88.06298479124112,86.36341509458066,86.64667510986328,15223089
2020-12-29,87.4335243411426,87.87416175677976,84.7268065306052,85.04154205322266,21146540
2020-12-30,86.0801576308233,86.0801576308233,84.47500469002335,85.35626983642578,14180071
2020-12-31,85.35627486647454,86.04868723127495,84.82122065302211,85.26184844970703,15237166
2021-01-01,85.23037944389631,85.76543369794341,85.01007033132176,85.19891357421875,6995084
2021-01-04,86.14310528786314,86.7096253136251,85.48215885449774,86.39488983154297,11669647
2021-01-05,86.08015544433393,86.08015544433393,84.60089481774702,85.072998046875,12371842
2021-01-06,85.23037568282041,86.42637643174628,84.2232277734241,85.04154205322266,14133415
2021-01-07,85.92279052734375,86.55226152021807,85.29331953446943,85.92279052734375,17298525
2021-01-08,86.3004693388264,88.72392668425658,86.3004693388264,87.93708801269531,27964099
2021-01-11,88.44067402606227,90.01435149983561,88.31478174915341,89.19603729248047,24790683
2021-01-12,89.69959706494345,92.87842681174632,89.19601845867396,92.31189727783203,28433070
2021-01-13,93.4764326804323,93.6652758795674,90.3290780447275,91.77686309814453,21154236
2021-01-14,92.28043141897264,93.28757902654858,91.17885741992947,92.31189727783203,14755992
2021-01-15,92.4063307873622,92.90990943242235,89.60518718072998,90.17170715332031,10647008
2021-01-18,90.20317946212293,90.58085622897515,85.98572646667756,87.30760955810547,17085592
2021-01-19,88.66097644652434,89.32191318026594,87.8741378540098,88.18887329101562,8951075
2021-01-20,88.44065851541795,89.35338936913955,87.276133547073,89.07012939453125,11820498
2021-01-21,89.38486819228628,89.47928498571518,85.95425369322297,86.45783233642578,10828875
2021-01-22,86.45784569127805,86.74110572028269,83.40490749931696,83.84553527832031,14810848
2021-01-25,84.91563698893437,85.29332344395655,82.366287034914,82.99575805664062,10157077
2021-01-27,83.09015363232449,83.43636452678513,81.01289787052376,81.29615783691406,11638766
2021-01-28,80.57227363698959,81.7997399471854,80.4463813804245,80.69816589355469,11970139
2021-01-29,81.35912353468208,81.61090808274547,78.84123963418902,79.25039672851562,15268785
2021-02-01,79.56512821643152,81.67385491659475,79.21891727652437,81.20175170898438,12808349
2021-02-02,82.46069713774182,83.62522227518438,81.6109074855578,82.6180648803711,15485139
2021-02-03,82.61806404655749,86.86699305466615,82.61806404655749,86.39488983154297,25483402
2021-02-04,86.80405149981164,90.80119639633321,86.11163912735975,90.39204406738281,30751754
2021-02-05,90.70676065232345,90.83265291149775,87.71677387335673,88.66098022460938,19930467
2021-02-08,88.78687282474101,89.63665278115347,88.31476964730172,89.10160827636719,11810439
2021-02-09,89.07014114681223,90.29760760204746,87.30762053174811,87.6538314819336,8579689
2021-02-10,88.06297192081342,88.47213375416898,86.11161796352927,87.05582427978516,8709612
2021-02-11,87.05582168904121,87.81118479857396,85.60803679287497,86.33192443847656,14150298
2021-02-12,85.92279406483863,86.23752957423363,83.56227774437602,84.25469970703125,16453706
2021-02-15,84.6638531459527,84.88417184742656,83.09017557818407,83.24754333496094,10557047
2021-02-16,83.27901096104114,85.23036519824484,83.27901096104114,84.19174194335938,11735144
2021-02-17,83.90847835344276,85.45068023784751,83.65668421407273,85.1044692993164,8950258
2021-02-18,84.97858754091226,88.8813059366129,84.38059199402487,88.09446716308594,22069738
2021-02-19,88.09445923445847,90.14023986150539,86.39488955759703,87.6538314819336,22944780
2021-02-22,87.40203958282913,87.74824089891183,85.04152367337171,85.76541137695312,20401387
2021-02-23,86.61520551993989,87.24467646236688,85.7339404375635,86.17456817626953,19178437
2021-02-24,88.09446301380102,91.27329343011885,87.81120298966607,90.8956069946289,38775957
2021-02-25,92.46928117478315,99.26756953676387,91.74539340499719,98.26042175292969,85580477
2021-02-26,98.2918737450286,102.60375310075743,94.73536712677296,95.80546569824219,94115857
2021-03-01,97.8827471098263,98.88990461982372,96.74969731232066,97.15885925292969,22306110
2021-03-02,97.15886488922098,98.29190514748964,95.99433955104145,96.56085968017578,17565134
2021-03-03,97.56800923329163,99.01579451710134,96.81264592151088,97.50505828857422,17610904
2021-03-04,96.93854917971342,97.50506932643934,95.49076373201007,95.7110824584961,17162557
2021-03-05,95.67959533410284,96.12022312846416,94.23181006265949,95.11307525634766,17323282
2021-03-08,96.875568449806,98.19746119245922,95.89989623090321,96.4034652709961,18727656
2021-03-09,97.53654181082781,97.53654181082781,93.47645527057394,95.49076080322266,14621175
2021-03-10,96.34053145658085,96.46642372642178,94.04295671088475,95.01863861083984,10788943
2021-03-12,95.67958854599253,96.3090595232688,93.79117561416373,94.73538208007812,14835735
2021-03-15,95.35391761070181,96.1026911206272,94.24704582975927,95.64691162109375,15783310
2021-03-16,95.71202784283972,96.3956871715806,94.1493864643162,94.86559295654297,11857531
2021-03-17,94.44238568034241,94.70282261275723,90.82876611665199,91.05665588378906,15554810
2021-03-18,92.13094570866191,92.29372123111537,88.68010264564253,89.2335433959961,14401450
2021-03-19,88.54990659449473,91.15431561197987,86.92215095856652,88.7452392578125,33294812
2021-03-22,89.5916711562423,89.5916711562423,88.09413403464929,88.32201385498047,11414253
2021-03-23,88.28947424752269,88.97312370205708,87.3128208152936,88.06158447265625,8887103
2021-03-24,87.1825963703995,87.9964742675654,85.9780630436137,86.14083862304688,10865477
2021-03-25,85.94550694793026,86.66172347984289,82.72255242438948,83.40621185302734,18629600
2021-03-26,84.05731474090159,84.90373982151146,83.79686784799361,84.38286590576172,9505615
2021-03-30,85.29440126954964,87.54070221674118,84.74096034073416,86.56404876708984,20582346
2021-03-31,86.5965945685503,86.5965945685503,84.6432879241469,84.87117767333984,14900610
2021-04-01,85.58738989092974,86.2059350494847,85.03395893223617,86.04315948486328,6226087
2021-04-05,85.88040109627734,86.0106295220457,83.37366286078053,84.51309204101562,9012457
2021-04-06,85.1967312624533,85.84783349622053,84.18752081310778,84.838623046875,6689423
2021-04-07,84.83863101532683,85.75017025420442,84.48052276611328,85.4571762084961,5657926
2021-04-08,85.48971815960793,87.08491651245612,85.42460396764237,85.71759796142578,9330363
2021-04-09,85.71761501390615,85.91294769363111,83.95964076644722,84.3177490234375,10149401
2021-04-12,83.34109096551184,83.5364236344687,80.47623997006914,81.19245147705078,11334755
2021-04-13,81.25755711512222,83.63407618772533,81.25755711512222,83.30852508544922,7809483
2021-04-15,83.30854304194754,85.16418869890359,82.65744069705538,83.50387573242188,8924391
2021-04-16,83.8945306934537,84.61073722286041,82.75509676389636,83.24342346191406,10358366
2021-04-19,81.7784368065101,82.03887868472665,80.34601392759257,81.12733459472656,7131534
2021-04-20,81.38778410762188,82.2016619486981,80.76923893541041,81.0622329711914,7738871
2021-04-22,81.159899588145,81.71333552850012,80.73668211580889,81.42034149169922,8514980
2021-04-23,81.35522521261029,82.85276239416747,80.89945561866647,82.13655090332031,8992991
2021-04-26,83.1783240452439,83.34109963045964,82.3644461191652,82.65744018554688,4967884
2021-04-27,82.68998233570771,83.27597533001509,82.42954045295825,83.01553344726562,3982954
2021-04-28,83.34109770184826,84.2851940872454,83.01554653895042,83.6666488647461,6206074
2021-04-29,84.4805292255554,84.67586191597375,83.11321529517691,83.3736572265625,8345584
2021-04-30,82.9504146322568,87.63835307743645,82.6899727796054,86.62914276123047,27396950
2021-05-03,86.59660556571846,86.88959961258091,85.42461944323605,86.07572174072266,10262391
2021-05-04,86.30361693250761,88.41969953207666,86.10828424400228,86.46639251708984,9926789
2021-05-05,86.59659828116008,87.57325164523331,86.27104715980234,86.69425964355469,4877341
2021-05-06,87.3779274452917,88.19180532748524,87.08493339470859,87.63837432861328,7632817
2021-05-07,88.15924910690183,89.85211909280845,87.89881215600826,89.10335540771484,12644960
2021-05-10,89.26611804873798,96.68867935883826,89.26611804873798,95.74458312988281,45098431
2021-05-11,95.35392167298625,102.06027677503477,94.50748676854738,101.37661743164062,66582000
2021-05-12,101.50682458757797,103.98101482688713,98.83731164479573,99.94418334960938,42959024
2021-05-14,101.53939146834533,101.53939146834533,95.1260404204819,95.5818099975586,23140309
2021-05-17,95.71204408250438,97.11191014099028,93.75873706041244,96.46080780029297,17076463
2021-05-18,97.07934686042131,97.53511643626197,95.12604016250565,95.35391998291016,10295029
2021-05-19,95.35393728000071,99.29310848903125,94.4749550675113,98.8698959350586,23999878
2021-05-20,99.22797632825808,99.22797632825808,95.09348311001578,95.48413848876953,22983457
2021-05-21,95.71202854927785,97.40489833436618,95.61436718803616,95.84224700927734,13009821
2021-05-24,96.42825331226932,97.50256811886484,94.83304475061246,96.94912719726562,14192862
2021-05-25,97.53512983123925,97.66534830864418,95.77715554869026,96.00503540039062,10434892
2021-05-26,96.23291161402476,96.36313007306312,94.54004184143128,94.86559295654297,9948786
2021-05-27,94.89814960400513,95.25625781593222,93.82383490325543,94.11682891845703,24064196
2021-05-28,94.80048668774624,96.88401179334949,94.24704582975927,95.64691162109375,16465504
2021-05-31,95.74458081652588,96.62356282844054,94.44237641218015,96.16779327392578,11767444
2021-06-01,96.72123677241251,97.27466769841887,95.64691214834471,96.10269165039062,9307143
2021-06-02,96.0375932643553,97.60023487566039,95.71204210074731,97.07936096191406,10714318
2021-06-03,97.66534389706291,97.92578084010873,96.75380466137001,97.04679870605469,9282774
2021-06-04,97.01425316353256,100.53020198873433,96.49336928034576,99.68377685546875,29422387
2021-06-07,101.57196562499999,103.42761127870082,101.21385734893083,101.7347412109375,31071589
2021-06-08,102.48350740786947,102.54862161783072,99.48844251528948,101.57196807861328,12874065
2021-06-09,102.22305516286612,105.08790114246227,101.05106910392875,101.83238983154297,30443113
2021-06-10,102.28817205547323,103.36248684234131,101.40918000437581,101.89750671386719,11459484
2021-06-11,102.22305536037105,107.43187346790589,101.99516559415356,105.90177917480469,61728565
2021-06-14,106.78077252847366,106.78077252847366,101.27896032117765,103.7531509399414,30836595
2021-06-15,104.89258657101156,105.38091330563445,102.06028753618561,102.32072448730469,30153988
2021-06-16,102.418374736016,103.39502800444268,100.82317638459195,101.27894592285156,14098443
2021-06-17,100.9208694611797,101.18130644061434,98.57689690613228,99.06522369384766,15784276
2021-06-18,99.61865215066595,100.13953597898316,94.47494794173615,95.32137298583984,24823176
2021-06-21,95.06092146534031,96.36312586897512,93.43316596079681,96.0375747680664,15038290
2021-06-22,96.94914244192044,97.33980785212992,96.23293576991519,96.81892395019531,12494441
2021-06-23,97.5676539451954,98.05598052162775,96.46077242392504,96.6561050415039,7983220
2021-06-24,96.65613469120498,97.0793571482895,95.06093603919759,95.32137298583984,12929173
2021-06-25,95.5492662958738,97.17702211011357,95.5492662958738,96.85147094726562,7400514
2021-06-28,95.77714274679343,97.01423301933605,95.71202854927785,95.84224700927734,8217659
2021-06-29,95.77714410101655,96.2980179483793,93.72616607065645,94.08427429199219,21576435
2021-06-30,94.80048909219256,95.97246516348542,94.4749379757153,95.48413848876953,12919448
2021-07-01,95.45159341293976,95.90736299897056,94.73537696701146,94.83303833007812,5668038
2021-07-02,95.71201858337665,96.78633318530025,95.09347351151061,96.1352310180664,20805994
2021-07-05,96.36312947088136,97.99088503626787,96.10269255443212,97.6002197265625,10401054
2021-07-06,97.69788736970702,98.12109982687586,95.64690947296351,96.0375747680664,9579038
2021-07-07,96.03757229827141,96.85145002961269,95.41902720945822,96.07012939453125,6067804
2021-07-08,95.71202815129206,96.46079174444938,94.60515634335147,95.22370147705078,12349670
2021-07-09,95.22369910499452,96.03757687512268,94.83303380132045,95.51669311523438,4963821
2021-07-12,95.5818198675148,96.26547927124157,95.1260502433745,95.32137298583984,4010172
2021-07-13,95.71202910771014,96.68868246595208,95.48413935010767,96.4282455444336,5717442
2021-07-14,96.33058931916015,97.2746857261646,95.8748196676787,96.46080780029297,7216739
2021-07-15,96.36312798317394,96.6235648956024,94.83303380132045,95.51669311523438,7257500
2021-07-16,95.54925743793878,96.39569236988095,94.60516114020918,94.76793670654297,10819800
2021-07-19,94.40983555472224,95.32137482054777,93.75873324055173,94.05172729492188,5158738
2021-07-20,94.08428631362376,94.44239458071684,92.26119780981337,93.04251861572266,6271740
2021-07-22,93.75870802870676,94.67024704941822,93.27038142439059,94.2144775390625,4772582
2021-07-23,94.2144850042678,94.40981764847774,93.33550300786953,93.8238296508789,3419739
2021-07-26,93.75873565673828,94.73538915316263,93.2704089085261,93.75873565673828,4423596
2021-07-27,94.08428103144489,94.57260774960118,92.52163950735778,92.74951934814453,4245486
2021-07-28,93.40063251855396,93.95407350427692,91.83799081244652,93.79129791259766,8834228
2021-07-29,93.791291968739,94.18194740299192,92.39141600799184,92.55419158935547,8237916
2021-07-30,92.65186852126729,94.34472870915137,91.96820905104921,93.30297088623047,9526451
2021-08-02,93.95404270856976,94.34469803953307,93.17272211161273,93.69359588623047,6164197
2021-08-03,93.69361139427986,94.24705229020407,93.10762333332768,93.92150115966797,5648929
2021-08-04,93.85636937555792,95.93990416866446,93.85636937555792,94.2144775390625,8839351
2021-08-05,94.4098258001213,94.99581384831622,92.58673752180225,94.70281982421875,6237158
2021-08-06,94.8004864901147,96.65612184208277,94.57259674082306,95.12603759765625,10812438
2021-08-09,96.03758567290781,96.2654754434327,92.68441292681581,93.27040100097656,12986298
2021-08-10,93.56339967787545,93.92150793430223,91.64264985617358,92.58674621582031,14022502
2021-08-11,93.04251400395728,93.98662027996136,91.90308498743211,93.7261734008789,8356558
2021-08-12,93.79128520261253,95.51670226658194,93.56339543113023,94.0191650390625,7685737
2021-08-13,94.44237446864257,95.25625220460978,93.2378314453987,93.59593963623047,9455100
2021-08-16,93.62849839882676,93.85637820793421,92.29373690108179,92.45651245117188,5259207
2021-08-17,92.52163821388089,92.81463225367203,89.33123107217637,90.6659927368164,13714266
2021-08-18,90.66598989225211,91.31709215359683,89.85211206557122,90.08000183105469,7654460
2021-08-20,89.52657260043738,89.8846808778458,87.89881673497487,88.28948211669922,8877297
2021-08-23,88.74525102992914,88.81035530298321,86.4338357332939,87.21515655517578,7768805
2021-08-24,87.47559672812703,89.13589962135886,87.24770695237275,88.68013000488281,7452062
2021-08-25,88.87546889042397,90.60088610732369,88.87546889042397,90.40556335449219,7817617
2021-08-26,90.4055498741273,90.7636481576112,88.77779427635787,89.3963394165039,6845692
2021-08-27,89.78700549943143,90.6985547038364,89.23357449125301,90.2102279663086,4418540
2021-08-30,90.24278699212935,93.72617849970197,90.24278699212935,93.49829864501953,11333690
2021-08-31,93.49830697913181,95.15861012207293,93.27041716910296,94.96328735351562,14301855
2021-09-01,95.45158244921478,95.48412960981068,93.69359863568512,93.88893127441406,8415876
2021-09-02,95.95757258300722,95.95757258300722,94.22259157396952,94.48951721191406,7787657
2021-09-03,94.68971418848571,98.19303357447664,94.5896234217554,97.6592025756836,12734022
2021-09-06,98.62678398871303,98.660150971681,96.29123773138573,97.6592025756836,9712271
2021-09-07,98.09292929261517,98.82696208808186,97.12534801289797,98.22638702392578,9475870
2021-09-08,98.32648863596623,99.99473574426446,97.62582281404653,99.52761840820312,7873034
2021-09-09,99.52761149565447,100.72875136664018,98.76022195200414,99.19396209716797,9519564
2021-09-13,99.82792635293129,104.03190156524293,99.6277346327798,103.16442108154297,35672746
2021-09-14,103.66487521796543,103.76496596757343,102.33027758494198,103.23112487792969,8804432
2021-09-15,103.7649722778932,108.26923956326799,102.9308487065275,107.4684829711914,24591822
2021-09-16,108.20251136149435,108.76971949306976,105.13294256485878,108.3026123046875,18440504
2021-09-17,108.569504470753,108.96988779318687,103.69822156460484,104.56571197509766,17317065
2021-09-20,104.03187444242954,105.13292352511418,101.96325435931774,102.89746856689453,12541523
2021-09-21,103.89843237662402,105.43322181928872,102.39700991400757,104.36553955078125,13645046
2021-09-22,104.93276250387589,108.43608207872707,103.43133982893967,108.1691665649414,18861877
2021-09-23,109.27019008520668,113.44080802739015,108.83644989208868,111.67247009277344,31399318
2021-09-24,112.17293071034054,113.07377796784661,108.70296885541326,110.83833312988281,17259638
2021-09-27,111.43888492005098,112.87357307818951,110.33784611796051,111.47225189208984,9099672
2021-09-28,112.43985268253529,117.64478558498617,112.20629401952469,116.47701263427734,41551332
2021-09-29,116.44363699447044,131.45785952957408,115.3092311060302,123.9173812866211,100988643
2021-09-30,125.18526057137325,127.78772185215149,122.84971474117728,123.51701354980469,48957916
2021-10-01,123.71720793042068,126.72005288195685,121.71531129606325,125.91929626464844,25492957
2021-10-04,128.4550321189683,129.02224022976526,125.65237890917078,126.75341796875,23341448
2021-10-05,127.45407220047468,132.72572870553137,127.05368884320659,132.091796875,42359592
2021-10-06,133.45976593326895,135.99550352243548,127.92118361060388,128.68858337402344,41926821
2021-10-07,129.95645341968512,130.08991115569702,126.28630967740904,127.25389099121094,16517664
2021-10-08,127.52082780215312,127.92120104521727,122.84973535785701,125.75247955322266,28978175
2021-10-11,128.1213993405971,133.25959925688414,127.88784063351287,131.35780334472656,34952223
2021-10-12,132.92591996186866,134.12705984768525,127.62089649686469,128.98886108398438,25216411
2021-10-13,129.45596520691055,129.82298157769432,126.35302990755164,126.82013702392578,17378156
2021-10-14,126.78679503752308,127.987935132208,121.64859538033184,122.64954376220703,29542941
2021-10-18,123.31681752638592,125.28534690605206,122.38259311791678,123.65046691894531,15468914
2021-10-19,124.98510024100882,126.0861394785371,122.51609606624815,123.11666107177734,17403803
2021-10-20,121.91548879611902,122.38259591996268,118.37880311757998,120.44743347167969,15921230
2021-10-21,121.44838605674563,122.11568488123325,119.37975562796522,121.71530151367188,15586097
2021-10-22,122.38261024096853,122.9831853409072,116.97749543455747,117.37786865234375,13603152
2021-10-25,117.6114233921172,118.27872224824269,115.44270210970937,116.1767349243164,11744666
2021-10-26,115.44271930880521,117.44461617543189,114.60859561437742,116.81068420410156,11602891
2021-10-27,117.24440001857988,117.87833185779868,115.30923752366525,115.84307861328125,9535881
2021-10-28,115.44269374287049,115.44269374287049,110.73823511171223,111.13861846923828,24509136
2021-10-29,110.10429816296053,113.10714265831399,108.96989227892792,109.7372817993164,14826816
2021-11-01,110.1042934881297,114.74201775316523,109.30353702646838,113.9412612915039,13585170
2021-11-02,114.40838189499627,115.94317123409787,112.33976163983502,112.9069595336914,14278962
2021-11-03,112.23965637883053,114.17482901253464,111.67245850684354,113.27397155761719,8974463
2021-11-04,114.24156263754631,114.3750203729272,113.27398132831917,113.90791320800781,973260
2021-11-08,114.10809581417726,116.24344995672168,112.43984879935012,114.57520294189453,8761953
2021-11-09,114.808782845317,115.04233136131425,113.1739025046418,113.77446746826172,5723308
2021-11-10,113.37407040649924,114.00801245897875,111.07189141318786,111.23871612548828,9212143
2021-11-11,110.70485586972215,111.8726286539267,110.23774879247446,111.43888854980469,6453205
2021-11-12,112.67342210108998,112.67342210108998,110.57142447985902,111.40554809570312,7027513
2021-11-15,109.60383509246397,111.8392902920285,106.43416558446272,106.60099029541016,19400018
2021-11-16,107.43509584735493,107.86883595026794,105.83358296349242,106.13386535644531,8505431
2021-11-17,106.13387361432595,106.2673313346699,103.89841861542195,104.16534423828125,7477627
2021-11-18,104.13199565997145,105.26640175657118,102.09673197309282,102.3636474609375,12981172
2021-11-22,101.56287673094336,102.02998386098183,99.49425653158103,100.46183776855469,11522286
2021-11-23,100.09481305687378,104.59907964443309,100.09481305687378,104.23206329345703,13305061
2021-11-24,105.63341805910242,107.86886326802933,103.83171306293313,106.1672592163086,18809310
2021-11-25,107.76875368176624,108.6362441379299,104.09861036752653,105.80022430419922,22402592
2021-11-26,105.2663978646699,106.36743693903821,103.66488463246638,104.03189086914062,11829847
2021-11-29,104.03189390384996,104.53236807628447,101.36269831753259,102.93085479736328,18176163
2021-11-30,105.76687870527569,105.76687870527569,100.99569550532033,101.42943572998047,56643275
2021-12-01,102.49710156774935,104.26543934619205,101.79643577890859,103.79833221435547,16283427
2021-12-02,104.69917415083798,106.46752202108927,103.53140128983424,106.30069732666016,15647910
2021-12-03,106.10051616256786,107.23492216057595,105.60004202972556,106.60099029541016,20414051
2021-12-06,107.48491834878848,107.8031281200978,104.72708594402272,105.04529571533203,24185368
2021-12-07,106.14134119262489,106.74240158297899,105.46955194743245,106.53025817871094,7866368
2021-12-08,106.95457954298864,107.30814840098199,106.10601644181764,106.70707702636719,7313306
2021-12-09,107.30813762548642,108.54562850419879,106.53028189998442,107.9445571899414,9423435
2021-12-10,107.94453546559399,108.72239103454889,106.70704483593246,106.98990631103516,7419042
2021-12-13,108.05060407115715,108.05060407115715,104.62098313681625,105.36347961425781,9888293
2021-12-14,105.36351135596225,105.8938646010426,103.77245162072121,105.29279327392578,8474759
2021-12-15,105.46956713559545,106.49492527220427,104.62100418638757,104.72708129882812,5410912
2021-12-16,104.72708709233243,106.14136234927106,104.33815923866152,105.89385986328125,7539061
2021-12-17,105.43420837453988,105.64634099814103,103.24207775012198,103.56028747558594,8758284
2021-12-20,102.78246704071213,102.9945997145936,98.39820475270533,99.49427032470703,8858645
2021-12-21,100.27211694926008,103.24209280339991,99.98925542644535,102.2874526977539,8097050
2021-12-22,102.85315509632096,105.64634627728825,102.14601754214884,102.7824478149414,6798820
2021-12-23,103.41886657877797,104.62099825450164,103.24208219146381,104.4442138671875,4857807
2021-12-24,104.65634925664908,104.76241556487093,102.8177874536832,103.17135620117188,4568316
2021-12-27,102.53495390968197,103.59566032943731,101.89853437385425,103.27745056152344,3534825
2021-12-28,103.41886154625396,105.54027409079251,103.41886154625396,105.2574234008789,4907497
2021-12-29,105.54026644965046,105.54026644965046,103.45421308989746,103.77242279052734,4216568
2021-12-30,103.7724345821153,105.36349405611706,101.75708826568801,103.38350677490234,24782255
2021-12-31,103.20673248418095,104.33815698127877,102.78245639031702,103.27745056152344,5320232
2022-01-03,104.12600662072262,110.27810128851843,103.9492222291764,109.81846618652344,29486720
2022-01-04,110.31344424977023,110.77307928478638,107.73239682533541,108.19203186035156,13744440
2022-01-05,108.19204809586293,109.11132909390574,107.55562859955953,108.68704223632812,8454060
2022-01-06,109.25275935946432,109.78311256023842,108.22741199598043,109.35882568359375,12446900
2022-01-07,109.60631351246248,111.33879824545352,109.57095447912347,110.9852294921875,11679683
2022-01-10,111.58630647828188,113.84914445857648,111.05595332086615,113.63700103759766,14655298
2022-01-11,113.60162799663331,113.60162799663331,111.798436115783,112.11664581298828,7670386
2022-01-12,113.42488188223467,113.67238439133664,112.08132457870518,112.6823959350586,6334581
2022-01-13,112.68236955753153,117.7030395391872,112.43486710636678,116.50090789794922,20271714
2022-01-14,116.50090789794922,117.49089612248348,115.44020160449294,116.50090789794922,10211720
2022-01-17,117.10198304637267,117.4555518227324,114.59164257620591,115.75841522216797,8384625
2022-01-18,115.97055585167432,117.03126215519573,113.35414912766733,113.70771789550781,6574122
2022-01-19,113.84916169755198,116.57164596721479,113.70773632550576,115.89985656738281,11503199
2022-01-20,116.32413064888357,118.97589654513472,115.86449554289193,116.71305847167969,17462235
2022-01-21,115.47556520012009,115.47556520012009,111.37416521207554,112.25808715820312,14466758
2022-01-24,111.86916131379432,113.42486180836057,109.46489789401583,110.52560424804688,10854431
2022-01-25,109.60632370071147,114.2734359936702,109.11132955814021,113.95521545410156,7267866
2022-01-27,112.36417640201618,114.06131335889536,111.72775678697714,113.53096008300781,9269062
2022-01-28,113.56629866444895,116.67769967303806,113.56629866444895,114.30878448486328,10310726
2022-01-31,115.54627627782234,115.54627627782234,112.54094156225409,113.0005874633789,5811200
2022-02-01,114.55628574597041,115.5816330591409,112.15202233646289,115.29878234863281,7248713
2022-02-02,115.26343825717721,116.39486282603416,114.7330850136626,115.86450958251953,5369074
2022-02-03,115.33415979504258,116.07664572616046,113.56631559701964,114.06130981445312,4654885
2022-02-04,114.06130370327921,115.12201016526247,113.14202261154756,113.42487335205078,6402287
2022-02-07,113.60166116969245,115.26343899266773,112.89452350716074,113.81380462646484,5871041
2022-02-08,114.45022687302843,114.90986200502306,111.97524522984331,113.10665893554688,14158927
2022-02-09,113.49559230526265,119.75376479512991,113.14202348188176,119.2234115600586,35079516
2022-02-10,119.50623585520268,120.42551675056274,116.67768589413278,118.83445739746094,17724098
2022-02-11,118.76376601231813,119.71840615466085,116.81913747722787,117.73841857910156,10097767
2022-02-14,117.45555532021689,117.56162164025805,113.95521569797528,114.30878448486328,9478670
2022-02-15,115.08663351473561,116.57162665030557,113.03593898472229,115.72305297851562,16850616
2022-02-16,116.85449798772107,117.3848512312357,115.1220128835862,115.86450958251953,10653203
2022-02-17,116.46555501705733,117.03126722813644,115.05127988439104,115.29878234863281,6906440
2022-02-18,115.26344394602312,118.97591683385515,114.98059318488092,118.30413818359375,23740696
2022-02-21,118.92368527583476,119.17881256517761,116.51825025047943,117.50228881835938,14870901
2022-02-22,116.2631229885165,117.10137930088645,113.34743338378881,116.5546875,11654816
2022-02-23,116.88272120851188,118.30411778464737,115.3155312420248,115.53421020507812,7627472
2022-02-24,112.25406901041666,114.29505430782834,108.60945638020833,109.33837890625,12115340
2022-02-25,110.97843581585605,120.19929976141901,110.97843581585605,119.14236450195312,17079977
2022-02-28,118.41345220239434,123.88037068932366,117.02850396802856,123.58880615234375,20872239
2022-03-02,124.64573295154435,135.3244418811522,124.64573295154435,134.70486450195312,72648396
2022-03-03,138.2036951620921,144.1444084309919,136.1991585088166,137.72988891601562,74050073
2022-03-04,137.72986659375715,139.22415953578212,131.57047537282028,131.9349365234375,36095156
2022-03-07,135.54313165589613,139.95311484288823,132.44521114505093,137.54766845703125,41642776
2022-03-08,137.76635271932363,139.73444124796188,136.01694316552843,137.8756866455078,22940456
2022-03-09,138.49526997961297,138.93262791274884,135.2880155448643,136.05337524414062,13870658
2022-03-10,134.12175021681634,134.12175021681634,129.05574068040454,130.44068908691406,30890343
2022-03-11,131.93501267046187,133.02839675336625,130.6593979070734,132.48170471191406,14663558
2022-03-14,131.93497683219258,132.77323328572754,129.6388753307881,131.461181640625,8306420
2022-03-15,131.1331504429923,131.2060471403934,125.01020602543038,126.03069305419922,14074860
2022-03-16,126.10357250616259,129.60240217591488,126.03067581873056,128.9463653564453,11846738
2022-03-17,130.4771113414502,131.20603375117898,127.9258829073995,128.69125366210938,20052773
2022-03-21,129.63886559593666,135.8347065841236,129.38373828272753,132.882568359375,20271556
2022-03-22,133.86661707796074,135.43380717797962,131.57051557644766,133.64794921875,12372751
2022-03-23,133.101247367157,134.30396499272905,130.69580099353863,133.42926025390625,13731315
2022-03-24,133.90305621015528,137.40188630882716,133.61149166963023,136.60006713867188,16323203
2022-03-25,136.60004069603522,137.69342419506157,134.5590670624971,135.65245056152344,10044811
2022-03-28,135.65248654534417,141.19229106977582,135.21512858072916,139.40643310546875,19132062
2022-03-29,139.95310924899195,140.0988915132982,135.21511336295836,135.57957458496094,10622472
2022-03-30,137.00097648211042,137.00097648211042,132.66388999522297,133.31991577148438,10298319
2022-03-31,134.23106829679622,134.77776014886976,132.40876212321783,133.42926025390625,9435203
2022-04-01,133.97595786408291,136.4907382672081,133.61149661370317,135.6889190673828,13505929
2022-04-04,135.2151034541835,137.76633182124354,134.55907775164295,136.8551788330078,9490374
2022-04-05,137.03742000910492,137.72989410912425,136.199163644209,136.9645233154297,7637664
2022-04-06,137.5476780696828,143.5977372440542,137.2561135090402,141.3016357421875,46157039
2022-04-07,142.13988217895027,143.6341754725059,138.4223731191265,139.04196166992188,21712301
2022-04-08,141.92122358605005,144.90981060218593,140.20826220275703,141.8118896484375,20151959
2022-04-11,141.77542161729184,144.32665028392694,140.9371652186729,143.16036987304688,12393619
2022-04-12,142.6865684140113,142.6865684140113,134.34040865464692,135.57957458496094,18907630
2022-04-13,137.03743963742633,139.442886281089,135.36091554502656,136.01695251464844,14216953
2022-04-18,136.01693797600106,139.1512957134244,134.55909302930212,138.0943603515625,13052104
2022-04-19,139.55219568929124,148.15348250706185,138.96905552626936,144.1444091796875,59341710
2022-04-20,145.74802582807172,149.82999555385186,143.67060374461704,145.12844848632812,38356653
2022-04-21,146.65921533073853,151.54299420773484,146.51343304474136,150.81407165527344,43683145
2022-04-22,150.1944735495193,152.3447925597191,146.69564355331806,147.35166931152344,24007670
2022-04-25,145.52936191085766,147.3881163728561,136.1262668054168,137.3654327392578,26465084
2022-04-26,140.09890255475887,140.17179925389402,137.36544317431034,139.51576232910156,20819291
2022-04-27,139.07838913855701,139.80731150183829,136.01691743727028,136.67294311523438,12214126
2022-04-28,137.76633721049606,140.3175656773571,136.41782628616585,138.677490234375,12706800
2022-04-29,140.3175751536018,140.682036387767,132.5909925403099,133.28347778320312,21654415
2022-05-02,133.1741238449013,137.69344062221424,130.36777920274676,136.78228759765625,21289439
2022-05-04,137.5841007861921,139.00549721882638,135.94402541258185,136.56361389160156,18239949
2022-05-05,138.13080792514467,139.91666575034168,134.63197784819232,135.47024536132812,12651103
2022-05-06,134.48619641367964,137.7298991975364,133.42926105118352,136.60006713867188,14257553
2022-05-09,135.54313096626754,135.54313096626754,132.3358765497592,133.42926025390625,10549451
2022-05-10,132.66387503962753,134.01238591072286,123.0421017117975,123.95325469970703,19965511
2022-05-11,125.15595655027482,126.61380114869962,120.45440994484916,123.80745697021484,20641617
2022-05-12,122.34961959045721,124.06258042118863,120.01705919737842,121.7664794921875,10406343
2022-05-13,123.91680911670605,126.57737145169308,122.45896430356832,122.96920776367188,11590435
2022-05-16,123.55234826724761,125.95779444030815,122.34963074195397,125.15597534179688,7437937
2022-05-17,126.39513749329961,134.8506416339298,126.212906896497,134.5226287841797,28092052
2022-05-18,135.83469655327542,136.6729528819621,132.51809733884514,135.25155639648438,15425248
2022-05-19,132.00784868773937,133.757257966928,131.7162730595593,132.0807342529297,9396007
2022-05-20,134.48618605678993,136.19915818726145,133.79371198451523,135.54312133789062,6365038
2022-05-23,135.54312590586483,136.12626608413365,132.95544901149765,134.3404083251953,7794071
2022-05-24,133.72082967863207,136.12627614014153,132.08075406248577,132.9190216064453,8572565
2022-05-25,134.26753763560865,135.25158757217307,131.24251336353805,131.71630859375,7926434
2022-05-26,134.0852862294855,135.57957951856667,129.56596913669478,133.57504272460938,23140556
2022-05-27,134.48619018802418,137.51121386521515,131.57050042785022,132.55455017089844,16408080
2022-05-30,134.12173497977193,136.9645281743752,133.06479961882835,136.45428466796875,10577525
2022-05-31,135.5796147317799,142.32214933537648,134.99647437940587,140.6091766357422,21380248
2022-06-01,141.77542608056623,143.81641130262202,140.82782460720378,142.90525817871094,30867456
2022-06-02,143.2332916834594,145.20138048972927,141.62966417918312,144.4724578857422,17646759
2022-06-03,145.78448455345813,146.5134069762254,143.01457712244772,143.59771728515625,25335178
2022-06-06,143.2332811133238,143.45196010287742,140.82783447318513,142.0305633544922,22020642
2022-06-07,141.15582258933725,145.7480360730184,141.1193853662114,143.99862670898438,12961285
2022-06-08,144.3266452510926,147.20588670711203,143.23326157494796,144.07151794433594,13059792
2022-06-09,143.5612590382192,146.0760389988293,143.2332461950914,144.87332153320312,10562238
2022-06-10,143.8528447361283,145.27424123755162,143.05102562123642,144.69110107421875,6741014
2022-06-13,143.34259439549567,143.88928622938005,138.1672517082078,139.26063537597656,8516696
2022-06-14,137.83923929771439,141.77541606598083,137.83923929771439,140.09889221191406,6727598
2022-06-15,140.06246902275623,141.3016463043017,137.87570128705372,138.53173828125,5805589
2022-06-16,139.62508541416005,140.53623839764782,130.5500039231165,131.1331329345703,14490962
2022-06-17,131.20602498715556,134.74130288718737,130.76866712154268,133.13766479492188,15215695
2022-06-20,132.59102357316831,132.59102357316831,127.37923115377839,128.90997314453125,23276003
2022-06-21,129.74818985599353,135.3244418811522,129.74818985599353,134.70486450195312,7564329
2022-06-22,134.66843105537387,134.66843105537387,130.47712670588322,130.7322540283203,6560404
2022-06-23,131.42474440995355,132.6639105809951,127.45211854287497,129.12863159179688,9304799
2022-06-24,130.2219840490558,131.49759826608116,127.41563944508403,128.69125366210938,8171322
2022-06-27,131.20603941268456,133.24702447248774,129.34728496317678,132.70033264160156,7063839
2022-06-28,132.04431151273528,136.2720644000954,131.75274695049325,135.87115478515625,9844211
2022-06-29,135.5795848315915,138.67750545274345,133.86661250972935,137.58412170410156,16856241
2022-06-30,137.11030028368504,137.76632595830702,133.06477896358945,135.28799438476562,8693744
2022-07-01,134.85065704803677,135.68891344015648,128.72771274457506,133.57504272460938,17248729
2022-07-04,133.5750373465247,135.36089510292481,130.55001366461065,132.70033264160156,8780396
2022-07-05,133.39280715140023,134.99643430249606,132.4816540970874,132.9918975830078,5313753
2022-07-06,133.02836119343047,133.28348852690104,129.74820982153767,132.44522094726562,9367397
2022-07-07,134.0852813502556,136.01693250035356,132.26297524024267,135.57957458496094,6322630
2022-07-08,136.34495050821474,139.88021782123673,136.34495050821474,138.3494873046875,14647592
2022-07-11,137.72986893561392,141.6296077625152,136.89161272392985,140.9371337890625,9048841
2022-07-12,140.53626562315233,142.35857194315568,140.02602207804642,141.33807373046875,6942704
2022-07-13,141.33805314854283,142.9781285977148,140.68202741786342,141.01004028320312,7842930
2022-07-14,141.41095463434857,142.46788995737856,138.71394380653874,139.95310974121094,6795141
2022-07-15,140.6820529809789,141.33807883086374,138.05792733648858,140.97361755371094,5610793
2022-07-18,141.7754208219432,143.5248303059749,141.30162566407293,142.57723999023438,7600779
2022-07-19,142.10343422413032,145.49293040510966,141.41096009763163,144.50888061523438,9913955
2022-07-20,145.49289921355458,146.07602817034484,143.8892612149656,144.21728515625,5519522
2022-07-21,144.2173309148442,145.3836003209413,143.08749873825374,144.76402282714844,6167419
2022-07-22,144.76397673822356,145.6751296353109,143.4519143419234,143.67059326171875,4844223
2022-07-25,143.96220426696215,147.02367676611888,141.84833331152606,146.44053649902344,10207034
2022-07-26,146.84141006805513,148.18992090940569,145.45646200597028,147.46099853515625,12853314
2022-07-27,147.53388465077532,149.21040834231266,147.09653789807393,148.29925537109375,7343180
2022-07-28,148.70017958507228,149.4291020340187,146.76853954435379,147.86192321777344,5096403
2022-07-29,148.40862584899912,154.85958331790175,148.1534985243216,153.98487854003906,12477455
2022-08-01,154.8960469444266,155.77075180855877,152.9279582195102,155.07827758789062,7849924
2022-08-02,155.26048294758547,158.35840338198565,154.27643318413936,156.9005584716797,12615631
2022-08-03,156.68189951768306,156.68189951768306,152.1990302950547,154.60447692871094,9949919
2022-08-04,154.64088900377814,155.5884903868333,150.26735442580687,150.99627685546875,8058280
2022-08-05,151.25141927968707,153.25595616170702,149.97580490021983,151.9438934326172,31999040
2022-08-08,152.70926462835496,157.55659483224605,150.923406717578,157.00990295410156,16358151
2022-08-10,157.33789636596066,160.6909325593665,157.04632074753022,160.2535858154297,14267910
2022-08-11,167.0155202681526,167.60672790490236,161.10346645335076,161.546875,28800337
2022-08-12,161.84244874760896,164.24422024728807,160.9186904785016,163.80081176757812,8861089
2022-08-16,165.83308883970963,165.83308883970963,162.91401480828787,164.72457885742188,7844356
2022-08-17,165.16801177596804,165.16801177596804,162.69233460569944,163.65304565429688,6119157
2022-08-18,163.65302109057473,164.5398268191167,163.02487220118303,163.87472534179688,4233196
2022-08-19,163.80084165486338,163.80084165486338,159.40375374688398,160.47531127929688,8783707
2022-08-22,159.32983389099743,163.28351259450994,158.18437135956995,161.3251495361328,10390480
2022-08-23,160.36444389332803,165.31578621909694,160.06884574231216,164.68763732910156,9344364
2022-08-24,164.61375280870206,167.0155247352039,164.0594977487401,165.2788543701172,10825973
2022-08-25,165.31580039572975,167.86537131500626,165.31580039572975,166.20260620117188,13077805
2022-08-26,168.2718356335483,171.44956693107494,167.38502978400203,169.93460083007812,12673156
2022-08-29,163.61607692930846,171.1539542010025,163.61607692930846,170.41494750976562,8757016
2022-08-30,171.3017332374926,174.03605541981716,170.5996792182445,173.5187530517578,12991363
2022-09-01,173.186216554964,174.99678063000758,169.6389823056121,170.1932373046875,9682321
2022-09-02,170.71056340066698,171.78212095895128,168.6413421950862,169.45425415039062,4599518
2022-09-05,169.97154591689707,171.708216222674,168.86303583483036,171.15396118164062,4909470
2022-09-06,171.96685791015625,173.40791872889872,170.71054876756915,171.96685791015625,5307321
2022-09-07,172.15161799043747,176.8443153044119,171.70822071182718,176.5117645263672,12751679
2022-09-08,177.73110799589597,177.73110799589597,173.70352381217316,174.73812866210938,7677716
2022-09-09,175.5141075079277,175.8836108921549,172.44723392938116,175.5880126953125,8436280
2022-09-12,176.25311012350457,176.65956609184727,168.49353923756414,171.08006286621094,19053188
2022-09-13,171.96687119118542,173.88829328213205,170.45190507444076,170.93226623535156,9884429
2022-09-14,170.08236823283661,172.77974914816988,169.63897102885923,171.41258239746094,7705022
2022-09-15,172.2624363817549,173.62959177365573,171.63427628524278,173.11228942871094,5386854
2022-09-16,172.81670309705487,172.9275495798368,169.6389723666006,170.7474822998047,8750965
2022-09-19,170.6735880423175,171.9298971250256,169.01082303617085,169.8976287841797,4011597
2022-09-20,170.71055574918097,172.77977686201638,169.01083800376804,169.86070251464844,6890375
2022-09-21,169.86071040102496,171.96687292731025,167.86538310322527,171.1170196533203,5673523
2022-09-22,169.93460376051706,170.93226740617845,166.6460259037178,167.79148864746094,7677219
2022-09-23,166.27649712441846,167.71755784422743,163.32047050887326,164.68763732910156,5495315
2022-09-26,163.3204723101481,164.13338414892735,157.0389156828347,159.2559356689453,7832594
2022-09-27,159.6254661278414,162.35978898679858,157.22369406804748,158.07354736328125,5795048
2022-09-28,156.4477248475171,157.7040340522132,154.3785037170099,155.78262329101562,6134706
2022-09-29,156.52163987506978,158.99730584781736,155.67177530348732,158.07354736328125,8962595
2022-09-30,157.40841146408457,159.6254313438604,153.60253184767456,156.85415649414062,12875386
2022-10-03,157.40844162080927,161.10347546167333,156.89113913835797,158.84950256347656,11397506
2022-10-04,161.32515001776008,165.53748556480963,161.1773509466322,164.9832305908203,10862095
2022-10-06,166.27651761890223,173.00148350869483,166.0178607476225,172.55807495117188,12795784
2022-10-07,172.18854097476495,172.59499686752824,168.34570883918101,169.74981689453125,14641624
2022-10-10,167.75452880980123,171.4495624840259,167.4589306264024,169.86070251464844,10850668
2022-10-11,170.6736225873792,170.6736225873792,165.53752745076156,166.6090850830078,19154740
2022-10-12,166.6829568110335,172.18855425179802,166.6829568110335,171.52345275878906,9256951
2022-10-13,171.5973598315941,174.10998947033704,170.7844591973358,173.3340301513672,7231841
2022-10-14,176.58564091606922,176.58564091606922,173.92522367929595,174.6642303466797,6241886
2022-10-17,174.6642190278273,176.29003133544379,172.11463716949783,175.88357543945312,5623812
2022-10-18,176.25311575701366,178.9504859739925,175.03375908935988,178.61793518066406,6674374
2022-10-19,178.83963044519217,179.578637182569,175.144596758308,176.03140258789062,13886387
2022-10-20,175.14457462041705,179.20911116224107,172.63195654146443,178.10060119628906,10755972
2022-10-21,178.1006118026575,178.3592686539886,175.92054432839234,176.40089416503906,3285505
2022-10-24,178.02670778572295,178.61791539523486,177.3616062727391,177.73110961914062,730136
2022-10-25,177.73110191478568,178.06365265686208,175.84663267455707,177.32464599609375,6976548
2022-10-27,178.06367073170716,178.54403187577503,176.6226098521994,178.02671813964844,6422639
2022-10-28,178.83962387958096,183.12586505427842,177.76806640499345,180.6132354736328,14076967
2022-10-31,181.7956348385301,182.90414480705775,179.98507081187097,181.75868225097656,8365329
2022-11-01,182.53465083802527,182.53465083802527,179.76337577469494,181.5369873046875,8813106
2022-11-02,181.53699988998878,184.45608551347738,178.95047631823283,181.64785766601562,14974441
2022-11-03,180.31765353289003,182.97808243981635,178.10063320256762,181.94346618652344,6754654
2022-11-04,182.3129609556385,183.79097443931022,181.42615512070506,181.83261108398438,5511411
2022-11-07,182.75634818408932,185.7493273945213,182.34989226824234,184.4191131591797,10513106
2022-11-09,188.8162138232339,194.65436230370685,188.11415970616653,189.0379180908203,40391668
2022-11-10,190.62680864959717,192.51126692471027,186.30361445955847,187.41212463378906,20832572
2022-11-11,191.2549204504796,191.3288256292841,186.52528219201548,187.1534423828125,20165337
2022-11-14,188.11418438324006,189.37049369590406,181.98042564923463,182.68247985839844,18762693
2022-11-15,184.4132755965954,187.91430524212467,181.4236501086446,182.64309692382812,20225373
2022-11-16,183.58720902077434,185.27870835029296,181.26629839938857,184.80665588378906,9764275
2022-11-17,184.68865620292772,184.68865620292772,181.73835818051674,182.8397979736328,5737884
2022-11-18,182.87916987738114,183.744595584897,179.53549819666296,180.5976104736328,6413585
2022-11-21,180.1648570365496,181.26629677546728,178.35533860421958,180.51889038085938,6430876
2022-11-22,179.8108479762898,181.50234751909733,179.1027691872491,180.24356079101562,5885877
2022-11-23,180.9516078038712,181.8170333387635,180.16486168298482,181.4236602783203,5693274
2022-11-24,181.5416631051696,182.36774891354062,178.8667311592749,179.771484375,8198891
2022-11-25,180.67623389988574,183.82321824478979,179.22076084324317,182.05303955078125,10046363
2022-11-28,181.38430749043,183.11514643059857,179.69279624963505,180.83358764648438,8146840
2022-11-29,181.1089566507506,181.9743821953129,178.07999125436902,178.74871826171875,6628470
2022-11-30,178.74871571304027,180.0468540113743,178.2373355379588,178.78805541992188,12154948
2022-12-01,179.69283806360286,181.266330558047,176.93922619832563,177.88333129882812,22435771
2022-12-02,177.88331453552982,179.37812746246613,177.25391519610625,178.2766876220703,6325649
2022-12-05,178.2766935688096,182.36777140433725,178.19801414695945,181.93505859375,8732711
2022-12-06,182.52510655463317,182.91847962910435,180.55824118227721,182.24974060058594,7394839
2022-12-07,182.64311455349286,182.64311455349286,179.92884272754586,180.7549285888672,4519547
2022-12-08,180.6762520216555,181.93505068779126,180.16487181623435,181.2663116455078,3135706
2022-12-09,181.38431041205922,182.80045575129566,179.22075870080124,180.04684448242188,4197165
2022-12-12,179.65348571326365,183.86257035569398,179.45679917843626,182.8397979736328,7881379
2022-12-13,183.62655478238432,184.45264067761698,181.81704816066735,182.17108154296875,4878457
2022-12-14,182.3284032950309,183.46918270541133,182.0137096662337,182.64309692382812,4730078
2022-12-15,182.4464351627371,182.99716709505554,179.1421035927966,179.5354766845703,5221433
2022-12-16,179.37812767826904,180.87294060700373,175.6804230612986,176.74252319335938,7757065
2022-12-19,176.74253835283025,179.26013592949147,176.62453121852204,178.82742309570312,4073907
2022-12-20,178.51271869276977,178.51271869276977,175.71977911896744,177.88333129882812,3784271
2022-12-21,178.1980011361782,179.1420941054774,174.69698320576384,176.11312866210938,3675466
2022-12-22,176.30981053704318,177.60793683491602,172.37607993161868,175.20835876464844,4755089
2022-12-23,173.0841648681447,175.3657240576707,168.52103448429838,169.1897735595703,6561011
2022-12-26,169.18974415381626,174.34293329498036,168.56034489909223,173.6741943359375,3116608
2022-12-27,174.6576254634534,175.36569211611808,172.80876741901798,174.06756591796875,2961726
2022-12-28,174.0675929499198,176.4278314983933,173.51687302290145,175.60174560546875,3015714
2022-12-29,173.71352102067428,176.50647175088974,173.4381551158732,174.3822479248047,4784105
2022-12-30,174.8543439442881,178.1586756021189,174.8543439442881,177.05723571777344,4102247
2023-01-02,178.39468981241092,178.7487231795474,176.3491450170546,176.82119750976562,4210225
2023-01-03,177.0178811759113,177.60794077983098,175.44438889879208,176.309814453125,3643132
2023-01-04,176.5064849740633,176.6244920822236,170.13383702797708,170.84190368652344,9550461
2023-01-05,170.5665772094563,172.21873701348866,169.3077784975128,171.62867736816406,8815728
2023-01-06,172.29740800712878,173.00547474496665,166.79018492014293,168.56036376953125,12237065
2023-01-09,169.42578964993615,171.27463591533413,168.36367753645692,169.111083984375,6967190
2023-01-10,169.15043110390985,170.95994974458495,168.52103175000624,170.52723693847656,5400260
2023-01-11,170.95993388513259,171.90402682601018,166.94752388041147,167.89161682128906,7637956
2023-01-12,169.54380235623103,170.7239216301723,167.41959006409553,168.28500366210938,7161675
2023-01-13,168.52103194202724,169.70115123014338,168.0096517190946,169.22911071777344,3671193
2023-01-16,169.54379797149122,169.858491634486,167.14421977557632,168.1669921875,3987352
2023-01-17,168.1670046310531,169.26844453782985,166.08213194865613,167.65562438964844,5871758
2023-01-18,168.2457028473439,170.9993149266471,167.7343105440243,170.60594177246094,6441530
2023-01-19,170.52721816770932,176.8605267105367,169.26841959846422,176.19178771972656,12938871
2023-01-20,176.8998853834079,180.3615638127936,175.24771358473186,178.5913848876953,13444947
2023-01-23,179.7715052433601,181.26631820933034,178.7487327906885,181.03030395507812,8736715
2023-01-24,181.1089481657955,182.52509353382683,178.74870988734085,179.06341552734375,4252051
2023-01-25,179.22077629653342,179.3781231263873,176.03445197161912,177.92263793945312,3855827
2023-01-27,178.59138841674005,179.10276864773365,172.53344504321038,174.97235107421875,6171667
2023-01-30,174.9723162621839,178.4340060760395,173.67419008498305,177.6865997314453,6172517
2023-01-31,177.01789421251823,179.6534987727112,176.15246859445045,176.89988708496094,7424552
2023-02-01,179.37812435211518,179.37812435211518,168.48168524196615,173.5955352783203,24008324
2023-02-02,173.87089486683524,174.42161475731,170.7239103443586,171.23529052734375,6806578
2023-02-03,171.51066797808144,173.634880272264,168.8357357564877,172.21873474121094,8776614
2023-02-06,172.45473407017292,173.35949924267325,169.66178315428513,172.76943969726562,5742881
2023-02-07,172.76946185919087,173.98890880562354,170.72391703746962,172.84812927246094,4907167
2023-02-08,173.08993772785513,175.02434887611923,172.60632879144606,173.69444274902344,6316867
2023-02-09,174.09743335863544,174.74224112710817,171.84061231832348,172.92872619628906,4383159
2023-02-10,172.48541447344118,172.80781219784285,170.02709185415284,170.47039794921875,4954439
2023-02-13,170.470398594229,172.24361068251713,168.57627813481918,171.71971130371094,6142208
2023-02-14,171.71973195869845,172.72724034580807,170.14802133454475,170.6719207763672,6758731
2023-02-15,170.06740815735316,172.3242293035386,169.50320594547824,171.59881591796875,9612884
2023-02-16,172.08241853191112,174.50043846444382,171.76002079371423,173.6541290283203,13093683
2023-02-17,173.170529607844,175.9109472340551,172.64661791842838,175.3064422607422,7243093
2023-02-20,175.58857810319145,176.4751781625933,174.05715787546384,175.95127868652344,8479587
2023-02-21,176.35424231791745,176.67664003072557,171.9615089128139,172.5257110595703,4655766
2023-02-22,172.92873324616008,173.97654437530923,170.5510160330007,170.7525177001953,6003852
2023-02-23,171.63912012152457,174.05714016258483,171.23611678134785,173.21083068847656,6219715
2023-02-24,174.09744661163847,175.14525777783464,173.0496354454423,174.94375610351562,5154174
2023-02-27,174.90343145167387,175.70943804822537,173.3720238376999,174.86312866210938,4841279
2023-02-28,174.58104840249064,174.86314335577717,170.87341282732902,173.61383056640625,6054079
2023-03-01,173.61383749123982,176.51546651785716,172.8884363839286,176.31396484375,4510175
2023-03-02,176.31394406443735,180.90817923289373,175.18553974189882,179.6185760498047,11354939
2023-03-03,180.4648768007839,182.5201961358521,179.25586687411848,179.6991729736328,7089438
2023-03-06,179.69917878645757,181.75449818801027,178.7319732735755,181.27088928222656,4771341
2023-03-08,181.2305908203125,181.47238296388744,179.45736644286413,181.2305908203125,4271464
2023-03-09,181.23062567388487,182.92323249784917,180.2634077188342,181.19032287597656,4263468
2023-03-10,179.6991894535877,181.59331009854458,178.4901794160457,180.82760620117188,3670173
2023-03-13,180.70668038530013,181.95599309664198,176.79755568690882,177.9662628173828,3877606
2023-03-14,177.966268725568,179.57828200696142,176.3945582359465,178.1677703857422,5723922
2023-03-15,178.8932069036219,179.900715404204,176.99909830174016,177.2408905029297,2992144
2023-03-16,176.15272855270055,179.29614908169458,174.37951665689152,178.0065460205078,4988245
2023-03-17,178.93347443152834,182.11719820604594,177.4020667319939,178.6513671875,15720256
2023-03-20,177.3214734007429,178.61108903585912,173.8556421427184,174.94375610351562,4244575
2023-03-21,175.83035609130764,176.47516390886574,174.05714381703743,174.94375610351562,3998751
2023-03-22,174.82283120840373,174.82283120840373,171.76001588697397,172.4451141357422,9675449
2023-03-23,171.8003214154854,173.08993704167312,171.19581639671355,171.96153259277344,4730918
2023-03-24,171.88091936895592,172.40481877581146,167.64938442552324,168.0120849609375,6611089
2023-03-27,168.052392086165,169.42260097677067,167.32699099663432,167.97178649902344,4002212
2023-03-28,168.7777897070068,170.26890694767965,168.01208583964194,168.37478637695312,6157526
2023-03-29,169.22109441970974,173.21082489425822,167.97178164721652,171.6391143798828,16734166
2023-03-31,171.03458582005595,172.7272044783964,170.1882764908857,172.2032928466797,5139018
2023-04-03,172.56602208777812,178.00656676730196,172.3242176422845,177.44235229492188,7754066
2023-04-05,177.5632745750374,180.74699851046788,177.5632745750374,179.33648681640625,6491910
2023-04-06,179.2961859263626,179.86038815024088,177.56327646044653,178.69168090820312,4589598
2023-04-10,178.490191691429,180.90821193280854,178.24838720755366,178.9738006591797,3498235
2023-04-11,179.53799609145747,180.7873089617077,178.9334910541125,180.26339721679688,3995959
2023-04-12,180.54548784466888,183.76951441332366,180.26338060043744,183.5277099609375,5136012
2023-04-13,183.68892782330184,185.09943959293702,180.90820708004406,181.7545166015625,3478451
2023-04-17,181.75451068002226,185.3412380319307,181.67390509062315,185.05914306640625,6265943
2023-04-18,185.05912949473995,187.31593824817298,184.77702225121817,187.1547393798828,8004952
2023-04-19,188.28318039542117,189.08918713975314,184.5755444520194,185.70394897460938,7424582
2023-04-20,185.30093957662277,186.5905552450915,184.65614404107487,185.0188446044922,2589165
2023-04-21,185.38151117659024,185.74421167350323,183.32619196250425,185.42181396484375,2459508
2023-04-24,185.01884592723266,186.99355994101035,185.01884592723266,186.630859375,2587030
2023-04-25,186.3084241051882,187.23533909148702,185.30091583661442,185.58302307128906,2570946
2023-04-26,185.38154012619867,185.90543955925475,183.76952673379694,185.18003845214844,3439487
2023-04-27,185.1800246912556,187.39654294109653,184.696415789998,186.7920379638672,3349374
2023-04-28,187.39656377447054,189.21007890777184,186.67116264062463,187.8801727294922,4771074
2023-05-02,187.96074536955322,191.38627357827744,187.8801520850297,190.2981719970703,3773537
2023-05-03,190.25786440125015,192.59527867105976,189.08915726634535,190.94296264648438,4523385
2023-05-04,190.9026796351816,191.8295823615722,188.72645184507257,191.3862762451172,7248108
2023-05-05,191.70870590993337,191.82960200012263,190.21758853793673,191.3459930419922,3043479
2023-05-08,187.3965426605849,188.1219437127002,185.3815260728367,187.67864990234375,9711437
2023-05-09,189.25036677905314,192.47439342844524,188.20255565826358,190.4996795654297,7318928
2023-05-10,190.98325586546284,191.2250602981795,189.0488450010983,190.66085815429688,3650159
2023-05-11,190.66089579126836,191.95049918918778,189.97578514644255,190.33848571777344,2675726
2023-05-12,190.33845842343612,191.22507062504945,188.8070507646695,189.4518585205078,2348435
2023-05-15,189.08917050506938,193.1192038721963,188.48466550000032,191.58778381347656,4217892
2023-05-16,192.43406344375958,194.81178030196665,191.38625247103062,194.207275390625,6016484
2023-05-17,194.2072894981109,196.42380766737458,194.04609063644688,194.731201171875,4968232
2023-05-18,195.0536127347456,195.77901381304517,192.5952899492193,193.11920166015625,3512113
2023-05-19,193.44159801695525,194.73121358987586,190.45937584059763,193.36099243164062,3810543
2023-05-22,192.95797045717447,194.40878476184855,191.38626008489604,192.39376831054688,2891415
2023-05-23,192.5953036167103,193.6028120184494,190.86239408519367,192.87741088867188,3213453
2023-05-24,192.07140394342343,194.6506229891322,191.82959946755057,194.24761962890625,2422138
2023-05-25,194.44912395291686,195.21482788802004,191.74899648321517,193.48191833496094,3810138
2023-05-26,193.28039541494056,195.41630809901642,192.71619322468328,194.65060424804688,2646742
2023-05-29,194.6908980749898,199.60753099076152,194.08639312068865,198.3582305908203,8069985
2023-05-30,198.47913541753525,199.20453647522163,196.10141828546833,196.9074249267578,4657906
2023-05-31,199.80905145171045,199.80905145171045,192.87740136907374,194.44911193847656,15727646
2023-06-01,185.7039257471339,186.91293571241127,184.69641744273605,185.66363525390625,35509867
2023-06-02,184.17250742156062,188.12193482753818,183.85010970222214,186.10691833496094,36400588
2023-06-05,185.78454782202206,186.34875006282888,184.93823831146864,185.13973999023438,19807347
2023-06-06,185.22030470030703,185.90540287768724,182.76198230221632,183.60829162597656,13495524
2023-06-07,184.374029170281,186.59054755374888,183.8501297445721,185.94573974609375,21853324
2023-06-08,186.50994037231638,186.50994037231638,183.4874153297744,183.85012817382812,8538256
2023-06-09,184.53523796422445,184.93824132833007,183.24563457829845,183.4874267578125,5137982
2023-06-12,183.97101078283316,184.777017401816,182.68139527298663,184.5755157470703,4261576
2023-06-13,185.38154204344613,185.6233465145444,183.76952863437268,184.5352325439453,5574798
2023-06-14,185.30093645351795,185.30093645351795,183.4068280770684,184.5352325439453,7034468
2023-06-15,184.73672467026893,185.0994252088237,183.68891354879966,184.2531280517578,6363240
2023-06-16,184.17254205146622,185.13974769002974,183.76953867717418,184.2128448486328,8518319
2023-06-19,184.17252555368614,184.41433001633843,182.64111778803135,183.08441162109375,8210198
2023-06-20,183.56802715641436,183.56802715641436,181.7545120692489,183.16502380371094,5024593
2023-06-21,183.6083027869075,184.41430937306717,182.52018897611816,184.1322021484375,4705567
2023-06-22,184.09194038285855,185.0591583407348,182.64113804341866,182.92323303222656,6566989
2023-06-23,183.04412215290927,183.40682269957915,181.1903043270915,182.076904296875,3881707
2023-06-26,182.15750131380008,182.52020184340466,179.9409830456012,180.78729248046875,6145625
2023-06-27,182.43961469363882,182.80231523544074,180.46488851297735,181.47239685058594,6282912
2023-06-28,181.47240480288198,183.48742156639918,180.6663980974751,183.16502380371094,19512531
2023-06-30,183.68890505869072,186.4696377560182,182.76200235870493,186.18753051757812,7850296
2023-07-03,186.59054495846038,188.40405997425535,185.26063886635174,186.71144104003906,7860203
2023-07-04,187.19505223238778,187.63835836802514,185.62334165938805,186.8323516845703,3662791
2023-07-05,186.83235879533308,187.67866830490803,185.46214984104745,186.50994873046875,4859892
2023-07-06,186.50991104271532,190.2175460979973,186.18751334168383,189.08914184570312,7254947
2023-07-07,186.99354696681357,190.0966775579354,186.75174250668832,188.60556030273438,6393850
2023-07-10,189.41154569738052,189.89515456331566,187.67863647536757,188.40403747558594,6223180
2023-07-11,188.44436142887943,190.05637476480024,188.20255696875418,188.60556030273438,10775084
2023-07-12,189.41155689256576,191.26537458997467,188.3234430292408,188.92794799804688,11313272
2023-07-13,189.41154169791102,189.65334612577283,184.57550233541116,185.3009033203125,20205328
2023-07-14,185.38153477197636,187.07415370458614,185.18003310374596,186.22784423828125,7390502
2023-07-17,186.18753237604204,187.5174384021111,185.13972129254373,185.542724609375,4963515
2023-07-18,185.1397000670786,187.35621805553632,183.40679092284878,183.9709930419922,6168942
2023-07-19,184.73672467026893,185.30092687454143,183.93071800739807,184.2531280517578,5247533
2023-07-20,184.29342616685304,185.94574235380202,183.5680250597467,185.18003845214844,3195629
2023-07-21,185.059124637934,185.78452567554456,184.21281522826501,184.5755157470703,3903407
2023-07-24,184.57552155889525,186.9935414919812,184.21282102866942,186.14723205566406,3456895
2023-07-25,187.23535290392752,187.2756556973806,184.45463233726582,185.3412322998047,11024983
2023-07-26,185.82483343141143,186.34873282827473,184.49491509534377,185.78453063964844,7574284
2023-07-27,186.18754000810472,186.91294108866202,183.89041608853043,184.61582946777344,7837850
2023-07-28,185.05914518919832,185.34124015795865,182.8426267408458,183.04412841796875,8817344
2023-07-31,184.1725031229766,185.34121020165685,182.84259718838945,184.77700805664062,19422170
2023-08-01,185.3815205054376,194.48939766826783,184.53521110426277,193.72369384765625,22409256
2023-08-02,194.36851074093508,195.98052414056528,187.23535882678323,189.0488739013672,25003960
2023-08-03,189.04884353134224,189.49214960476223,184.93820510317025,185.42181396484375,13949266
2023-08-04,187.63833368675893,190.620555563534,185.78451609892002,188.40403747558594,6725977
2023-08-07,189.21006125721027,190.21756957061393,187.23534742267614,187.75924682617188,6744074
2023-08-08,187.79954126215137,189.73395221833903,184.81731924690996,185.58302307128906,13828141
2023-08-09,188.00104257016898,189.9757563132055,185.86512996419407,189.21005249023438,35271302
2023-08-10,189.2100670529282,190.86238319725962,188.96826259056746,189.33096313476562,10749822
2023-08-11,188.60556204636933,189.8951776465026,188.40406037751634,189.33096313476562,6132454
2023-08-14,190.217551587299,190.37875044246664,185.94571428259314,188.52493286132812,6092872
2023-08-16,188.60554757314546,189.2503553237308,187.07413992685457,187.83984375,4576249
2023-08-17,188.36375597898726,188.5249548529589,186.26814601998439,187.2353515625,5602132
2023-08-18,187.399360687254,187.76841600634285,186.16916794751273,186.53822326660156,6904019
2023-08-21,186.53824535519962,189.2856811382883,186.16918999240974,188.7115936279297,4955953
2023-08-22,188.95762466659662,190.31084436676156,188.38353714872483,189.2446746826172,4280368
2023-08-23,189.654725777283,189.85975791325845,188.87560616341003,189.36767578125,2524601
2023-08-24,190.14678908192076,190.80288184074442,187.39935372621957,188.0144500732422,6378317
2023-08-25,187.80942516046358,188.7115715096962,186.57923241923783,186.74325561523438,3890957
2023-08-28,187.39936248253088,188.67056416194177,186.57923398151323,188.17848205566406,3360861
2023-08-29,188.17849772706,188.95761736507785,187.60441023137156,188.58856201171875,3112560
2023-08-30,188.7115791523758,189.24465768949582,187.39936850292437,187.60440063476562,4086281
2023-08-31,187.8094253217097,188.99860913641538,187.31734321912987,188.67056274414062,10403460
2023-09-01,189.20364268606176,194.575486870678,189.1626337581764,194.28843688964844,14869577
2023-09-04,195.8057082340994,204.1710176641987,195.31362605590604,203.22787475585938,24785966
2023-09-05,204.49905902052453,209.87089101359038,202.9818161968203,209.41983032226562,19654487
2023-09-06,209.91189366772932,211.42912393190096,207.12346168578216,209.78887939453125,13346191
2023-09-07,209.95291115419707,225.3303216391236,208.9687593859955,224.71522521972656,72255521
2023-09-08,225.20729719216135,233.2855681411533,222.17281164881655,231.35826110839844,41855413
2023-09-11,232.91649550786082,233.080531220257,227.3806280970226,228.7748565673828,14505153
2023-09-12,229.635993767313,229.67699018343663,220.61457972645428,222.0498046875,17547706
2023-09-13,222.66491030079868,230.86619613139902,220.6145888431486,229.3489532470703,17607568
2023-09-14,230.70217612159914,231.44031191931413,226.92960440516148,227.62669372558594,12033796
2023-09-15,228.40579683224684,233.039518045977,227.6266647132259,229.0618896484375,13288180
2023-09-18,229.06190258632103,231.89135620117185,225.084298992455,230.66116333007812,8754852
2023-09-20,229.22594459583368,236.1970377230773,228.89789816021937,233.1625518798828,18615797
2023-09-21,233.65465401468333,235.21289348826636,228.487853384292,230.00509643554688,11071899
2023-09-22,229.63600236213696,234.63879170497967,228.97990950958032,232.38343811035156,8691024
2023-09-25,233.16252468844073,237.01713868531476,230.57912489528871,236.23800659179688,9118957
2023-09-26,236.56610362511046,238.98546796730525,234.67979283652932,235.171875,11256196
2023-09-27,236.19699817135273,240.6256868813987,233.32654854079811,239.1084442138672,12805340
2023-09-28,239.10848109166577,241.24082043747342,237.01716319247925,238.00132751464844,12432497
2023-09-29,240.13364581035748,243.9882602696505,238.98547076769748,242.1019744873047,8640829
2023-10-03,243.6191646465504,243.66018608918029,237.91928650121463,239.3955078125,9348540
2023-10-04,238.49339823446138,239.06749829315652,234.47477290861488,236.1560516357422,6338888
2023-10-05,236.85311350253517,238.28833845457558,232.8344886424894,237.30419921875,8687014
2023-10-06,238.61636821062615,238.65736461933082,235.37685101631598,236.03294372558594,3741467
2023-10-09,234.59771902426692,236.97611140911874,232.1373338220058,236.03294372558594,4647845
2023-10-10,236.40205140518728,249.23705803695682,236.03298355124258,248.7039794921875,23283411
2023-10-11,249.77010261151923,250.13917041526855,245.5874676534716,247.55577087402344,12321154
2023-10-12,248.12986395464955,253.50172056635301,247.59678544328506,251.9434814453125,15375295
2023-10-13,250.13921965976098,254.93697691136177,249.6881589471197,252.55860900878906,9516879
2023-10-16,252.4765681072156,257.2333034783369,251.41038602173256,255.88009643554688,10535107
2023-10-17,256.70021651712506,261.0879089297142,255.96210588424447,260.30877685546875,7760527
2023-10-18,260.26780472062495,262.23610826802474,258.54552973102363,259.93975830078125,9662837
2023-10-19,258.58645577184984,258.91452713074426,253.29664299214187,258.1763916015625,8977527
2023-10-20,256.29017826310235,259.73472827029354,253.91181041448831,256.2081604003906,6009115
2023-10-23,256.3311653889655,256.5772189681819,250.1392049179061,251.04135131835938,8086150
2023-10-25,251.0413305337253,256.454183459958,250.13918420796406,254.48585510253906,7253336
2023-10-26,253.5427346000605,253.5427346000605,248.4169311954485,250.34423828125,8329092
2023-10-27,250.95933808692752,260.10376647887193,250.95933808692752,257.4793701171875,10503070
2023-10-30,258.3404728590009,258.9965656358802,255.83909099027161,257.9714050292969,6229982
2023-10-31,259.7756934943613,259.8166899066255,254.85492266258174,257.7253723144531,7446586
2023-11-01,256.8642734340189,258.9965876543216,250.8363235491793,251.49241638183594,9593653
2023-11-02,253.37870975008954,256.536184448231,252.02547770421688,253.29669189453125,7071960
2023-11-03,254.73192152131097,258.0944534352658,254.48586795004442,255.88009643554688,4658440
2023-11-06,256.8642835907567,262.0720800981925,256.7002478619377,259.6116943359375,10340818
2023-11-07,259.5706613763705,261.4569468505521,257.23329022560824,257.7253723144531,6826885
2023-11-08,259.1606019789505,260.9238732209251,257.9714056610675,260.30877685546875,6424833
2023-11-09,261.16990416235217,266.1316710692594,258.9145510176974,265.3525390625,15503280
2023-11-10,266.0906725523075,267.48487583187017,263.7122801413878,265.2295227050781,8445203
2023-11-13,273.1027956232544,287.04498038480193,270.88843862038004,286.51190185546875,42178783
2023-11-15,294.42612252415705,294.42612252415705,285.89679138984843,287.53704833984375,35092206
2023-11-16,289.50539988177746,290.7355927991221,282.82135670320594,283.6004638671875,17617280
2023-11-17,285.4047678312817,285.855828573702,280.73002455374365,283.1494140625,13542916
2023-11-20,285.40470863194196,289.01326890782826,282.08319832730064,285.1996765136719,19032608
2023-11-21,287.34405171149547,290.3461537443021,282.0689348033857,286.6578674316406,15148068
2023-11-22,288.03026423548323,289.8315308670492,283.05536227806766,284.8995056152344,7599447
2023-11-23,285.19973455319695,288.2447137298038,283.0553756467819,286.8723449707031,6186567
2023-11-24,287.6442621670416,289.4455285907719,284.85659604201305,285.4570007324219,7054445
2023-11-28,287.17253254549274,293.7771684079401,285.88591720939957,293.305419921875,10791886
2023-11-29,294.2059960109198,295.92148286812636,290.0030584460142,293.6484680175781,14149513
2023-11-30,295.9215336548286,295.9215336548286,289.9602053324388,293.4769592285156,11959336
2023-12-01,294.8921571420957,301.1536993852859,293.7342245453499,297.33673095703125,15105221
2023-12-04,301.15369584879346,308.78760643940666,300.7677008702443,304.2415771484375,22705896
2023-12-05,305.0993550656837,305.74266265198224,300.2102069393138,304.9706726074219,15782945
2023-12-06,305.18507934165495,310.93197036792077,299.7384299051757,302.0543212890625,14817158
2023-12-07,303.4696169141752,303.4696169141752,298.8378075991791,301.8828125,8507659
2023-12-08,301.9257367343305,307.4152903487943,297.5512392907125,301.0679931640625,13444251
2023-12-11,301.06795794036503,307.58681354697404,301.06795794036503,303.3409729003906,11420609
2023-12-12,303.76984579505785,304.15584082849483,296.0501545363461,298.06585693359375,8789103
2023-12-13,299.69555486395456,300.03864700718054,294.80643292641633,296.0930480957031,8091533
2023-12-14,299.5240673206409,301.23955447327626,296.60771822015545,298.15167236328125,13142466
2023-12-15,300.210205078125,303.94139429077507,298.88071321185146,300.210205078125,14331890
2023-12-18,301.0679957811741,301.2824316756051,293.6056161844714,298.1945495605469,7959685
2023-12-19,297.2081275888378,317.1506642885217,297.2081275888378,314.7489929199219,28937243
2023-12-20,316.50730225038,318.9089732061701,300.21017828626833,302.0543212890625,23224408
2023-12-21,301.1537294785863,306.0428514207612,296.86501224356294,304.92779541015625,10028664
2023-12-22,307.9299076130205,315.1349475698293,305.6997693421323,311.5753173828125,13916380
2023-12-26,312.0470669200117,318.90901474608125,310.93201086877684,313.97698974609375,11910267
2023-12-27,314.79183898538736,316.6788850029396,310.8462139699386,313.59100341796875,7890042
2023-12-28,314.6203236006362,328.0869078031911,313.76258005082394,326.7574157714844,28310022
2023-12-29,327.2291245967784,327.40068375645205,321.0104846142708,322.51153564453125,8859317
2024-01-01,324.0554762752935,331.77516759533626,323.75528699829476,327.4864501953125,11124690
2024-01-02,332.2898155259517,339.5377583284927,329.5879288267734,336.79296875,28363847
2024-01-03,338.63708471625307,338.63708471625307,329.244810167964,329.84521484375,12903439
2024-01-04,332.6328916587734,334.3483785186459,329.28769751727253,330.01678466796875,11039940
2024-01-05,331.77518719286405,333.2333616655061,328.0869004814828,329.58795166015625,8369460
2024-01-08,331.4749777647868,333.3619977118938,325.2992142485644,326.2856140136719,9424716
2024-01-09,329.0732891996212,332.7616019627697,327.74379724245694,330.5314636230469,9473743
2024-01-10,330.96030743636624,330.96030743636624,322.38287314321826,327.70086669921875,9670366
2024-01-11,330.6601058043265,333.57642835048887,328.773059710558,329.6737060546875,9163771
2024-01-12,330.9174260369615,330.9174260369615,325.5565292558012,326.88604736328125,7471050
2024-01-15,328.0868566465604,332.71866585808505,327.1433336536337,329.9309997558594,7490747
2024-01-16,330.5743065390132,331.9038245365393,323.41214379645857,327.57220458984375,10165133
2024-01-17,327.48644669383884,330.5314517210508,323.54084766900615,325.6423034667969,10996538
2024-01-18,326.62867699578004,328.12972794920967,315.6495719211955,322.2113037109375,12493835
2024-01-19,326.50008608257934,330.14549627068067,325.170594013892,328.730224609375,15893456
2024-01-23,346.0994777533923,347.21453375396794,320.49583085534437,321.9111022949219,16406737
2024-01-24,325.77097095038744,332.63291895293384,321.01050499412264,328.17266845703125,22938994
2024-01-25,331.77517174742104,335.9781357930463,330.5314593916016,334.00531005859375,13440949
2024-01-29,337.007417093888,355.70624116506497,335.8065814249373,354.0765075683594,27149058
2024-01-30,356.6068621871465,356.6497388918927,344.46979682721246,345.2846374511719,14159072
2024-01-31,347.428913656932,350.9456664268625,343.44041254187294,348.3724365234375,23750822
2024-02-01,350.64550908843705,353.3045189974466,345.24173586710515,348.8442687988281,8862155
2024-02-02,352.3609974557822,362.73969839674845,351.37459772726635,360.0806884765625,25177075
2024-02-05,363.0399129543705,385.9845500991535,357.7647960049326,377.6215515136719,31418925
2024-02-06,381.5242815560272,386.84230149272554,375.04832888624003,384.82659912109375,13386526
2024-02-07,389.4155272549652,395.03373639574164,384.0975073814227,388.257568359375,14430152
2024-02-08,390.1017316498559,401.938607604643,385.98457333808466,393.8758239746094,18790158
2024-02-09,396.4490426110893,397.8214112231479,373.67593775922603,391.3025817871094,17472069
2024-02-12,391.98875566828065,392.37475069031507,368.8725592781731,371.2313537597656,19472346
2024-02-13,380.6665820211682,392.71789476276683,372.26070559122365,388.00030517578125,35665854
2024-02-14,387.3998867965885,401.42399971416154,379.98040998584094,400.00872802734375,18592696
2024-02-15,402.2816925700754,412.78905021183107,401.03795405218244,409.0149841308594,18501875
2024-02-16,413.77543696445645,418.2357133956509,409.5724992752075,411.71685791015625,14513583
2024-02-19,414.11850394174024,418.1070317013347,390.65924284219693,395.4197082519531,19798448
2024-02-20,397.3285029878984,397.3285029878984,382.6222625766596,387.3941955566406,27899165
2024-02-21,391.2551445752276,391.2551445752276,373.94603115013234,375.6379089355469,19032050
2024-02-22,380.0194227951195,388.69566532468843,371.2998096440191,386.2229309082031,22083710
2024-02-23,388.69563111885526,390.08383509698035,383.1862123018584,385.13836669921875,9625544
2024-02-26,385.13835652935916,388.04490273979275,382.23181031892557,383.7501525878906,7570244
2024-02-27,383.7501557656397,386.3530282482765,377.45988059926736,382.96929931640625,8343526
2024-02-28,382.0149600727903,384.2274178745073,373.3821143693998,376.72247314453125,8893614
2024-02-29,385.22515626718666,385.22515626718666,372.7747433310112,378.8915100097656,11711699
2024-03-01,380.019401207316,389.38973201583264,380.019401207316,387.2640686035156,8411615
2024-03-04,392.0359727279268,397.3718558902847,388.7389851111603,395.11602783203125,11977226
2024-03-05,395.63669473656734,400.62553463730256,393.51100453557154,399.671142578125,9605493
2024-03-06,401.2328472402943,403.4019078773858,385.7023518964867,400.495361328125,14061966
2024-03-07,400.4953593237487,403.79232088451084,395.68002884683057,397.8924865722656,9680802
2024-03-11,399.9748356041105,401.57994598831937,392.5132607072602,393.814697265625,7824738
2024-03-12,393.8146548589708,395.46313569316266,387.56777593817145,389.8235778808594,8409613
2024-03-13,389.8234981160363,390.3440778723643,355.72588152666776,361.8426208496094,17803423
2024-03-14,363.5345445132079,372.08064828956554,357.6347104678325,371.0828857421875,20478918
2024-03-15,371.08290801119244,371.3865553211199,348.0908650333294,360.2809753417969,25435001
2024-03-18,360.9316865633171,367.4388684124154,358.805996568162,366.0072937011719,9803914
2024-03-19,361.79932272166843,368.3932725080773,359.1964498963327,363.57794189453125,8373676
2024-03-20,364.2286299413494,366.8315025511574,358.0685192803687,363.9683532714844,6950340
2024-03-21,367.87266092522265,376.15846144692733,367.1351750594137,374.8570251464844,9911230
2024-03-22,373.8593033108717,378.4577279597055,371.60347484897136,374.77032470703125,9172888
2024-03-26,376.37540083090653,382.5789355946693,373.8592957227676,378.2408142089844,9389403
2024-03-27,381.5811474324443,381.5811474324443,369.6513135924626,372.60125732421875,17985246
2024-03-28,373.07844676566754,380.4098826478772,373.07844676566754,376.6357116699219,10332853
2024-04-01,378.8914959069859,385.051606498839,377.2429887570418,383.53326416015625,7256592
2024-04-02,383.53324741572067,388.95589838855796,378.3275024817969,384.5310363769531,11530800
2024-04-03,384.53105574315697,387.8280171095723,382.5355041979778,386.5265808105469,6972648
2024-04-04,390.4309291383681,393.4676141427777,383.9671176092939,389.43316650390625,14743020
2024-04-05,389.34635038248194,389.43311809595224,385.22513553163674,387.7846374511719,4820138
2024-04-08,389.56325279734807,390.8213184364727,385.70231464510084,388.175048828125,3980972
2024-04-09,389.3030223572265,390.6912000134728,379.3687138282406,381.6245422363281,8005012
2024-04-10,383.9671370007425,397.89252339662505,383.57672193856223,395.94036865234375,15825331
2024-04-12,394.76900149580337,402.1004364004123,392.64331166586436,395.2895812988281,11259294
2024-04-15,389.5199038905655,395.46310861122083,382.7090484727207,391.29852294921875,7680715
2024-04-16,389.5632433693291,395.9836567840901,387.2640446672726,393.207275390625,4996845
2024-04-18,394.7256705963559,396.3307543069895,377.5466942346756,380.5400085449219,10945138
2024-04-19,378.2841969698351,380.540025458333,371.38657315415344,377.6768493652344,7628287
2024-04-22,382.535502461949,385.65895486099294,380.0193975908097,384.31414794921875,6396926
2024-04-23,386.74350420961935,386.74350420961935,381.1039466608531,382.57891845703125,5390120
2024-04-24,383.09944970120824,389.3029838289498,382.7524053214927,385.0950012207031,6538090
2024-04-25,384.3575203148116,393.9013865077302,383.27299006561634,392.55657958984375,10858594
2024-04-26,393.90139126147403,399.4975780059743,392.33967827490125,395.4631042480469,7209435
2024-04-29,397.9792339007416,397.9792339007416,390.9080754393004,393.25067138671875,5305655
2024-04-30,395.9836676720743,397.7189160198729,392.20949722005474,394.1616516113281,6021793
2024-05-02,396.9815209287537,398.7167696732401,389.9103875905306,393.814697265625,14980896
2024-05-03,397.2851100613362,412.8155777181444,389.9103044694305,411.7744445800781,51071947
2024-05-06,415.5919962186296,417.717686122346,385.26851951511065,399.6277160644531,36408390
2024-05-07,401.71002746046634,407.3495850814016,392.9036466248717,395.63665771484375,13728379
2024-05-08,396.2439909242474,408.99805104128933,394.8557868799856,402.96807861328125,16978094
2024-05-09,403.7489783222857,405.7879007482038,382.92599486329476,384.7913818359375,15601338
2024-05-10,388.0016122275223,391.4287124554791,381.9716125233168,389.9103698730469,9190621
2024-05-13,391.51543436823664,391.99261710432836,377.1562639315537,385.22515869140625,11107909
2024-05-14,387.5677909260446,390.9948910732238,386.17958673069677,389.30303955078125,6592194
2024-05-15,390.430901544104,407.7833860571753,389.99708943127723,405.9179992675781,23543942
2024-05-16,406.61208441634903,412.1215034954781,397.24175345430467,406.30841064453125,17232651
2024-05-17,406.95914548054805,410.99361944123353,405.006990910329,408.00030517578125,10625019
2024-05-21,407.5231171157826,428.5196078884587,407.5231171157826,425.6998291015625,27356982
2024-05-22,429.0401739240349,440.1891503721183,426.5240689984003,435.2870788574219,28346931
2024-05-23,436.7620259638196,437.1090703553966,426.95788289337224,431.4695129394531,14378840
2024-05-24,430.29825667097805,438.49728993332,424.39839589400606,434.67974853515625,12190536
2024-05-27,436.37163238572157,436.4150030076278,425.78660581708414,428.996826171875,8811105
2024-05-28,430.34165306835746,430.5151885195826,420.0169291874775,423.09698486328125,8165238
2024-05-29,418.2816459599146,426.78435281022297,418.2816459599146,422.0558166503906,8014727
2024-05-30,421.6653707482285,423.35724856765523,416.02581332052586,418.32501220703125,7725080
2024-05-31,420.277171818595,427.82551321254573,415.5920062710142,426.1770324707031,11223848
2024-06-03,446.8265082599684,457.5850706119566,438.62744814835315,444.52728271484375,24416215
2024-06-04,444.5272829519211,444.5707065308056,356.42004706148543,383.4031677246094,48046493
2024-06-05,392.1661436501635,401.57987164174864,368.82705765326705,399.5843200683594,18966089
2024-06-06,407.783363077674,420.27714592747475,403.14156843644486,410.3428649902344,21757857
2024-06-07,410.3862236969395,417.58749356393133,405.70105857396965,415.72210693359375,8317343
2024-06-10,420.7977577087068,423.4006304368019,412.55532740307234,414.464111328125,10958537
2024-06-11,418.19488787168615,419.49632424473083,412.29505357166664,413.2928161621094,11169021
2024-06-12,417.32724803140707,428.8666395168352,415.8956733701005,424.0079650878906,15412796
2024-06-13,428.51961887724116,428.51961887724116,419.4963318233418,423.3138732910156,7438571
2024-06-14,423.31385114479457,427.2181601302047,421.01465226005547,422.4896240234375,5974636
2024-06-18,426.8711477367819,427.6520042968396,420.9713131965773,424.3116455078125,6946544
2024-06-19,424.6153122743295,426.177051846386,413.422964491319,414.6810302734375,8962510
2024-06-20,417.37064122241975,422.88006058931353,409.1282107219965,419.1926574707031,7864157
2024-06-21,419.1926543818503,426.3505545005269,415.59201901164994,416.6331787109375,10340882
2024-06-24,416.4596131399398,416.5029837585262,409.5186195876075,410.99359130859375,11124175
2024-06-25,412.902386554177,414.68103220191927,403.70556395748986,407.1326904296875,7951999
2024-06-26,408.00025825195314,409.388462193344,403.48860206187965,406.6988220214844,6655899
2024-06-27,406.6988487022008,406.915754754842,400.40857317560676,405.223876953125,14857335
2024-06-28,407.7833466705976,412.98909152171166,406.04809838689295,410.516357421875,8302706
2024-07-01,410.6899587260415,413.24943446843565,408.86794244029824,411.947998046875,8579861
2024-07-02,414.7243800284971,420.79774961050435,410.6899326731503,415.67877197265625,14629287
2024-07-03,418.1081246575305,423.0969641413036,415.93906401241173,420.75439453125,7244652
2024-07-04,424.051303117138,427.565170331904,421.0579892099019,424.7453918457031,7796954
2024-07-05,424.70209879598684,427.9990605755026,422.446270299469,426.4373474121094,5754517
2024-07-08,427.4784700800664,430.34161945711253,422.70653679979597,427.9990234375,7477292
2024-07-09,431.1659297202751,431.1659297202751,426.09032199609055,428.4328918457031,6444684
2024-07-10,428.4328338847141,429.38722583260795,416.93681284521483,425.7865905761719,5981477
2024-07-11,426.8711045612017,439.0178433088782,423.87779049298007,433.85546875,20146927
2024-07-12,437.2825638602755,441.27364017519267,429.9077587158066,430.5151062011719,8198389
2024-07-15,433.81210932595116,436.93556180865596,427.34829830587853,431.8599548339844,7106020
2024-07-16,432.0768932183148,449.7764497853949,432.0768932183148,444.61407470703125,23169665
2024-07-18,447.1301408185412,447.5205823263169,434.8966599454507,438.3671569824219,12540956
2024-07-19,438.4105237266507,439.3649156989346,422.3161044511639,423.400634765625,9971704
2024-07-22,423.4006243429122,430.34161818459927,419.53968592735765,426.1770324707031,7281653
2024-07-23,428.6063899171426,430.1681030139832,403.05484454250404,422.53302001953125,11311831
2024-07-24,422.27278016584535,433.2915934831942,420.88457591544875,428.4328918457031,6823248
2024-07-25,426.0034508338341,436.8921231509974,419.9300818810096,428.6063232421875,10281157
2024-07-26,432.2937690510401,443.9633254399213,432.2937690510401,442.35821533203125,20437968
2024-07-29,446.3926554742866,447.4338151160713,440.3192860120514,444.353759765625,7259754
2024-07-30,444.35376444967835,456.0232678178069,442.4449805788819,450.6006164550781,13197520
2024-07-31,454.15792508988767,455.84980297161934,442.92218044058217,453.0733947753906,11972565
2024-08-01,464.1789439111335,470.46921931927506,458.1055745515486,468.8641357421875,34763894
2024-08-02,463.31130780710055,466.08771574837084,453.16009440448124,455.0688781738281,10985150
2024-08-05,446.82650479423455,446.82650479423455,431.68645049698307,439.71197509765625,11835031
2024-08-06,440.83986310294813,448.7352486505179,432.0768533518605,433.4650573730469,7142269
2024-08-07,440.49282710347416,462.2701738441498,440.49282710347416,461.14227294921875,18293730
2024-08-08,463.31138493074735,464.1790092470971,452.2491748972885,454.157958984375,13624148
2024-08-09,459.84086332606125,461.01213490890393,452.76970433985184,459.6673278808594,6468264
2024-08-12,458.97322770603455,460.27466407949214,454.0277588957795,454.59173583984375,5238736
2024-08-13,455.5027009884478,459.75408071323795,451.1645800266531,452.68292236328125,5201294
2024-08-14,453.6807565971956,458.0188779914867,432.9878857730771,437.8899841308594,14766889
2024-08-16,444.90038144129386,451.9546311036498,440.34358144369173,448.9313659667969,7313429
2024-08-19,450.2458620869351,458.7022335635734,449.6762954679914,457.43157958984375,10737456
2024-08-20,459.49085400369324,463.0837393211143,456.59905600656634,459.7099304199219,8191127
2024-08-21,461.37489000311365,469.0425638635643,459.5346696707848,466.3698425292969,9067794
2024-08-22,467.94719942275987,469.2178532643499,461.6377882840146,463.4342041015625,8531700
2024-08-23,463.5219319244142,474.2128726507587,463.4342692591293,472.19732666015625,12566904
2024-08-26,474.95765242059247,476.3159154527493,468.5606320057448,471.5400390625,7193307
2024-08-27,472.4163646206596,474.6947914506417,464.4420044293558,465.6688537597656,7865530
2024-08-28,467.8596508080853,469.30552317182685,460.4548566898523,461.2434997558594,6066259
2024-08-29,461.2434664477842,464.44200352663006,452.26133336071257,462.2950439453125,9147836
2024-08-30,464.44202625319724,470.57616622257905,457.43158057390366,460.0166931152344,30921282
2024-09-02,461.81306812149523,463.5656793857134,453.6196318554556,456.42376708984375,6370038
2024-09-03,456.5552795765034,458.8336530516085,454.1454388493721,455.32843017578125,5526155
2024-09-04,452.9185990852359,452.9185990852359,438.6348262594203,441.35137939453125,16783593
2024-09-05,444.72513548085385,444.72513548085385,433.9027549142029,435.52392578125,10830621
2024-09-06,437.27657709138333,437.27657709138333,421.54687789972166,428.1191711425781,13110103
2024-09-09,427.63714994237915,428.07530275994304,418.917898175767,424.5262756347656,10189742
2024-09-10,427.0237213025258,431.1423684461544,422.20404035444886,430.35369873046875,9809547
2024-09-11,431.88728086825887,432.50067882863544,422.33555383745,424.0881652832031,8134497
2024-09-12,426.76087296098217,435.743006324124,422.59842091464816,434.3409118652344,12058489
2024-09-13,435.5239194940998,436.2687846647176,428.95162694640214,429.6088562011719,8093877
2024-09-16,431.5805636839521,433.6836920467598,427.06759461021886,432.23779296875,5244657
2024-09-17,432.2378001061775,433.59606328676387,427.330482683441,428.0753479003906,5063902
2024-09-18,429.21455076732093,432.5445287026376,426.0160400902541,426.8485412597656,6527832
2024-09-19,428.5134896056346,430.7918897864392,417.3405918705184,418.830322265625,10014450
2024-09-20,421.4592032260491,436.40020351267606,420.8895831726654,430.2222595214844,12982128
2024-09-23,432.45687392588763,440.3436254260558,429.8279567591649,438.67864990234375,6123879
2024-09-24,442.53438416760355,443.98028324257587,439.51111876679306,441.92095947265625,7306001
2024-09-25,443.84884929461697,444.28700215670443,439.9054735358296,442.7972717285156,5059851
2024-09-26,443.41068172493755,444.681335679936,438.19665214195055,443.89263916015625,6877039
2024-09-27,443.8926138082481,453.79485690034005,442.4467148424436,452.2613220214844,15443031
2024-09-30,449.5448399629231,449.9391882389294,440.3436297882434,447.04736328125,8881502
2024-10-01,448.66854105211405,452.1737640290837,443.54214709975014,445.6014709472656,4743517
2024-10-03,437.7147423866283,446.82831725994595,437.7147423866283,440.21221923828125,11285134
2024-10-04,437.802316484208,442.22764940448144,432.93880398780556,435.6991882324219,7170285
2024-10-07,436.48787802726923,438.6348109638908,416.5519231920133,421.0210876464844,8940891
2024-10-08,421.32776196150485,431.799625577211,417.5158536321739,431.0109558105469,6049075
2024-10-09,431.1424046234051,434.64762742522146,425.57785807697627,426.7170715332031,6874313
2024-10-10,428.2505812182357,432.85118587392634,425.92834985499195,427.72479248046875,4700891
2024-10-11,427.1990678689376,432.80741951395305,427.15526327701747,431.9749450683594,4364566
2024-10-14,433.7275137754898,440.2998064779607,431.9749023881642,436.6631164550781,5369297
2024-10-15,436.66312325473666,437.5832602930473,429.4336011694415,433.28936767578125,4279311
2024-10-16,433.77135953455934,437.62709960409836,431.93111205465465,434.4285888671875,8000451
2024-10-17,434.4285482042252,435.7430067464468,426.9361452106533,429.3021545410156,4334990
2024-10-18,427.63719325091563,432.67595116319586,423.56237698344336,431.31768798828125,4573163
2024-10-21,431.14241832131063,433.55225907412284,422.68607339180625,425.3587951660156,4737527
2024-10-22,425.00823880116974,427.1990029187015,409.4100089814337,410.4177551269531,8671135
2024-10-23,410.4178152775278,417.165353702805,402.1805463369045,415.4565734863281,10686743
2024-10-24,415.4565308668039,423.95667997098224,414.5363938513423,418.2168884277344,5045880
2024-10-25,418.96177252212885,419.7942469153433,402.2243278240424,404.0645751953125,10330954
2024-10-28,396.0901858189895,401.34802014402027,381.41206499494507,387.0204162597656,21378247
2024-10-29,389.25499699757125,391.35812529855565,384.52292489194735,390.43798828125,7680865
2024-10-30,392.584966163639,399.42014014528957,389.9560489795075,393.59271240234375,7818123
2024-10-31,396.09016758103513,398.2809317822577,388.3786882898226,396.13397216796875,8475238
2024-11-01,398.4123960304201,402.7062887721788,396.39690354226656,397.9742431640625,3095957
2024-11-04,401.34801316310677,401.4794536704007,381.63113478719,388.46630859375,15720990
2024-11-05,389.8746166253847,396.37100695308186,387.9665787254234,395.1444091796875,10186343
2024-11-06,397.7793626528364,398.77881386108453,391.78271085909546,395.9621887207031,9130749
2024-11-07,397.7793354871007,400.0962487290649,394.91729228502436,395.5533142089844,5861077
2024-11-08,395.5533032504767,396.1438791761513,382.74222271319667,385.2862548828125,9934413
2024-11-11,384.33229375929807,386.83090796222496,379.1987828515868,383.01483154296875,7201246
2024-11-12,383.8779796190775,385.96771847615065,375.0646752680348,376.2004089355469,6564348
2024-11-13,376.15498264908035,377.5178630209973,368.6137223489554,369.7040100097656,7170870
2024-11-14,369.9766020121563,375.56440598073755,365.797096667376,372.2934875488281,8776485
2024-11-18,376.1095803248536,380.2436398702868,373.4292377220738,375.5644226074219,7352509
2024-11-19,377.92672395453155,383.42366348923593,373.15664283292375,374.56494140625,6291292
2024-11-21,375.2917871857062,376.06409155354226,367.2053697687721,368.8862609863281,14141967
2024-11-22,370.15831136995723,377.7450178145124,369.2497244359476,376.2004089355469,8155453
2024-11-25,382.51508421447704,388.37548080012306,377.69958474425584,379.28961181640625,10903727
2024-11-26,380.1981735028064,381.60647201074573,372.2480386692492,373.88348388671875,5798977
2024-11-27,381.6064763547109,382.5150632031745,374.9738034520747,379.0169982910156,9219932
2024-11-28,381.6064755476442,386.05854555012604,375.70066104512114,377.2452697753906,7788912
2024-11-29,377.33615061244103,379.789346477488,373.42923780442004,378.3356018066406,7057742
2024-12-02,380.15276951317736,384.6957042055621,378.6990248660397,383.151123046875,6404844
2024-12-03,386.1493920379416,386.6036854403391,381.0158821364227,383.5144958496094,7928558
2024-12-04,383.5145540696232,386.9671733608275,377.0635812307041,378.562744140625,6836472
2024-12-05,379.92562426058845,382.74224932642875,374.3378201127327,380.15277099609375,9500273
2024-12-06,381.6064763547109,382.9693566274063,378.3355581546679,379.0169982910156,4252732
2024-12-09,379.78931578115566,382.4696581678888,374.79208794192994,376.15496826171875,6662023
2024-12-10,377.51787108100996,379.06247995997546,373.88352334497137,376.2004089355469,6035289
2024-12-11,377.9721584838279,381.2884951941813,377.5632832789345,378.8353271484375,5353413
2024-12-12,378.4264489825696,379.6530468597802,369.8857375523069,371.7029113769531,9409378
2024-12-13,371.7029251920378,373.6563815805622,365.25195232920606,372.793212890625,9439175
2024-12-16,372.97492264840673,375.11010741011694,369.3405750464734,372.92950439453125,5434635
2024-12-17,372.92951964678906,373.3838131156106,365.2519489325551,366.0696716308594,5070262
2024-12-18,366.61484417298516,367.7959961485639,358.48297966089825,359.61871337890625,7176597
2024-12-19,355.2120186735526,358.43749070535586,351.6230897413757,356.12060546875,5745829
2024-12-20,357.0746562218791,357.71067815108216,345.7173198280534,347.0802001953125,7923854
2024-12-23,350.7145690490964,353.07690070743706,347.44365042430724,347.9433898925781,5163415
2024-12-24,349.6696344597607,351.39594382892506,346.5349989181678,349.35162353515625,4242999
2024-12-26,351.0779761168821,354.62145951665855,349.8513782440709,351.25970458984375,4190081
2024-12-27,352.0774239779459,352.9405926246534,344.85414702712063,345.7173156738281,5909271
2024-12-30,345.717342657817,347.3527881153773,341.35613628574055,343.3550109863281,22328728
2024-12-31,343.3550226415776,349.5334308942661,341.7195771285019,349.03369140625,7686615
2025-01-01,348.48852449551407,352.6680301419849,347.5345192592853,351.0780029296875,3584876
2025-01-02,352.8951487804038,357.93782274593536,348.942790193331,357.02923583984375,7538972
2025-01-03,357.07461577039,362.79870157327156,353.89456194037376,357.6651916503906,7122319
2025-01-06,358.0286890654871,358.0286890654871,342.67357461957056,344.1273193359375,8774141
2025-01-07,345.7627390135896,349.12452168636383,342.0829731032296,345.081298828125,6542121
2025-01-08,345.30843147013286,347.12560522390885,341.6286657098849,345.5810241699219,7407778
2025-01-09,346.6713212569091,346.6713212569091,336.9040120635095,338.1760559082031,6247612
2025-01-10,337.44916646325584,339.0846395071298,331.36165091780543,334.81427001953125,4893721
2025-01-13,332.6336548130723,336.5405672178276,328.227002998863,329.7261657714844,8661589
2025-01-14,331.63420287837994,339.81148459318933,329.81702916397785,335.4956970214844,5698113
2025-01-15,337.9034632097134,346.5804847580067,335.54113171962774,340.3566589355469,11117714
2025-01-16,343.8547714184121,346.6259507592823,340.538406587956,344.21820068359375,6923722
2025-01-17,345.2630301952015,353.7128774746193,343.9455680677814,352.2137145996094,8380692
2025-01-20,353.9854618159059,355.2574779304406,347.6707717692162,351.6685485839844,14597375
2025-01-21,352.53169133214374,354.03085406156475,346.17158349883186,346.6712951660156,20854879
2025-01-22,346.6258714047888,348.80647422453995,340.4020461498498,344.5361328125,10653690
2025-01-23,342.9915464011959,352.7134370857027,341.81039455109516,350.5328063964844,5844752
2025-01-24,350.7599709775326,356.39322099842076,346.80764003977157,348.0342102050781,5351964
2025-01-27,346.080736656545,347.9887746479697,338.6757591384614,341.4015197753906,6645109
2025-01-28,341.62867619906336,343.08242079229336,334.13283423458927,336.7677307128906,10866038
2025-01-29,338.44861570275515,349.80595180016303,336.90400690235913,344.7633056640625,6680927
2025-01-30,346.8076354214542,351.94114592897444,345.62645579906314,349.85137939453125,6300164
2025-01-31,349.897460627583,365.9863010996793,345.4257746733052,365.0181884765625,10339434
2025-02-01,365.0182196165532,368.2913223781077,349.48258101272563,355.24505615234375,7015540
2025-02-03,354.04646766377004,354.1847614377842,337.9115374968014,344.8265075683594,7689700
2025-02-04,348.0535198346029,351.00391854234044,345.6563244017021,347.1776123046875,4649921
2025-02-05,348.51448929310095,355.0606665448064,348.42228406534184,352.9861755371094,5914200
2025-02-06,352.94005535805985,354.6457535749069,347.77690029972297,349.98968505859375,4652107
2025-02-07,349.8974901440123,353.12447621912173,346.6705040689028,348.7449951171875,3006598
2025-02-10,347.5925228721217,350.22021733292263,340.21655421701035,341.59954833984375,3380494
2025-02-11,341.13853858373955,341.5995366088527,329.61358795591053,330.99658203125,6803431
2025-02-12,331.8263625081499,333.5781493215707,324.1276901012607,332.24127197265625,4565992
2025-02-13,333.76255408294656,338.8796206600472,330.6277732908,333.4398498535156,3712240
2025-02-14,335.514359268374,336.5285605577462,323.1596177410686,326.5710144042969,4464446
2025-02-17,326.5710018099787,333.76255951711545,322.0071102523552,332.0107727050781,6017586
2025-02-18,332.14906752785225,334.0852648049807,326.2021819203333,332.9327697753906,3843725
2025-02-19,331.9186047393135,336.8051729431401,330.07461249076175,334.0391845703125,3097726
2025-02-20,331.91853420083595,340.63140697844096,331.91853420083595,339.2484130859375,4624287
2025-02-21,338.8796247936712,342.2449327653912,336.8051337554203,341.0924377441406,5235241
2025-02-24,339.34063388160195,339.75554335763303,332.97886678400516,336.3441467285156,4533486
2025-02-25,335.6065455579748,336.89733433655,330.71997799012405,332.9788513183594,4525493
2025-02-27,330.99657533815713,339.11012916124974,328.36888102072953,335.46826171875,6196610
2025-02-28,338.1881084963558,346.4399836327956,336.8051145497179,340.5392150878906,21899478
2025-03-03,341.1385279526529,342.0605239741466,324.9113923469474,332.24127197265625,12675744
2025-03-04,328.32279247398475,337.9115455750267,325.0958063634456,335.46826171875,5535218
2025-03-05,333.80866800653774,340.12434675352546,333.80866800653774,339.5250549316406,5730797
2025-03-06,341.1846095530969,354.1847588189191,339.3867342300366,352.75567626953125,11247215
2025-03-07,352.7556670852103,359.20963893624156,349.8052686984766,350.957763671875,8321771
2025-03-10,351.00390522953455,356.4436762620877,344.87260902684807,345.8868103027344,5541001
2025-03-11,342.0605477464654,350.3585125165953,339.29455948975544,349.48260498046875,5340552
2025-03-12,349.943557861186,352.9861614331554,344.64208105334217,351.0038757324219,3951912
2025-03-13,351.74150590014597,353.1245000255725,347.9152277805501,348.7911071777344,3918004
2025-03-17,350.5428762885797,356.8585261236816,349.48255842176167,355.6599426269531,5456361
2025-03-18,355.6599426269531,355.6599426269531,355.6599426269531,355.6599426269531,0
2025-03-19,359.6245134754288,367.0004811663456,358.472018523723,364.97210693359375,5827114
2025-03-20,366.677829240266,367.04662202168515,361.4685292057856,365.4792175292969,7025398
2025-03-21,365.47925659393525,379.032610822166,364.28067289193984,373.7772216796875,16564019
2025-03-24,376.1282867906808,379.67794895024394,373.45447582886396,374.33038330078125,5260300
2025-03-25,376.174391069712,376.4048900838479,366.1246396808061,367.23101806640625,5636291
2025-03-26,367.4154249511046,371.05732059378573,362.4827404692622,364.0040283203125,5025274
2025-03-27,362.5749733869959,368.47574291450957,361.4685667906108,365.8941650390625,7697174
2025-03-28,366.03241798995083,370.5501928364651,362.80543193714266,367.1388244628906,6923988
2025-04-01,366.77003817266757,371.1495196577873,364.2345488918088,366.6317443847656,4332950
2025-04-02,370.27362824435926,370.27362824435926,360.9614622871831,366.4934387207031,4197123
2025-04-03,364.188441073979,368.79842134073823,362.5288594327803,366.0785217285156,4970602
2025-04-04,365.1104245767603,365.1104245767603,352.7556835139537,355.0145568847656,6718760
2025-04-07,330.85827718050723,349.80528412385047,328.2305828978684,348.0534973144531,10202400
2025-04-08,354.9684613170473,355.4294593187577,347.26978906106575,352.9861755371094,3577328
2025-04-09,352.4790830150705,352.8479039492965,343.99673613252236,345.3797302246094,5781453
2025-04-11,359.53233225320724,362.1599982032029,352.3407469550389,361.5146179199219,6185984
2025-04-15,367.8763997550255,367.8763997550255,362.8054218135402,364.4189147949219,4371156
2025-04-16,364.4189492872378,368.8906358863013,361.88346007651063,368.10693359375,4992290
2025-04-17,365.94019474877155,368.38347844107483,358.0110237818858,367.73809814453125,8364450
2025-04-21,368.1069044096491,374.3303774334816,364.7877131695214,369.2593994140625,8987570
2025-04-22,372.0254352831738,374.1460151092585,363.54305970465754,367.5076599121094,7558174
2025-04-23,368.79840682871617,370.27360608344816,363.2664307262854,367.830322265625,7429142
2025-04-24,367.7842182312455,369.99700312090215,365.89413758607947,368.6601257324219,5762303
2025-04-25,369.07499291935585,372.486389423864,359.25574100379237,362.48272705078125,7337588
2025-04-28,362.48273123575075,367.6920031443298,361.00753196982146,366.17071533203125,3458518
2025-04-29,366.170745086169,369.1211438577699,358.1493959072152,358.7486877441406,6274213
2025-04-30,358.7486579194829,359.90115294740656,353.21668178544957,355.24505615234375,4559122
2025-05-02,355.4294718079648,360.4543614580091,351.6492824336924,353.5854797363281,5045851
2025-05-05,355.84437171174625,357.642247051003,351.9719772105874,355.52166748046875,6395704
2025-05-06,356.3514622942312,357.41175209149293,347.9612928715295,348.7449951171875,5982166
2025-05-07,341.4151432749433,357.08907691525184,341.4151432749433,353.4010925292969,9162368
2025-05-08,359.5784631492239,364.14235489787575,352.4329936892073,355.3833923339844,14258083
2025-05-09,349.5286830534986,353.3549607584959,347.63857440463363,352.5712585449219,3809943
2025-05-12,361.37636979633066,365.20264784781926,357.273476042428,364.6494445800781,6743279
2025-05-13,364.6494254253945,368.4296147297879,363.31251994333695,364.32672119140625,6307140
2025-05-14,365.8019055846259,372.53246499335296,365.52531804506674,371.6565856933594,6822756
2025-05-15,372.25590254767667,374.69918643543303,368.4296245947277,373.085693359375,10511989
2025-05-16,374.3303749576124,377.09636294991,372.11759019119125,373.2239685058594,4702603
2025-05-19,374.28429836665595,375.66729240697555,369.7664953252767,371.2878112792969,5446656
2025-05-20,373.86937583140957,384.70282876857124,372.48638183943143,376.2665710449219,18755291
2025-05-21,379.5396735589472,381.29146045054864,372.71690832281763,373.7311096191406,7393102
2025-05-22,373.40836773080446,374.929655453402,362.52882654311094,367.73809814453125,7936875
2025-05-23,368.98284334993247,371.5644211252481,367.8764367964615,370.1814270019531,4178408
2025-05-26,371.14948936559625,374.1459764529554,370.4119037989268,371.2878112792969,6067873
2025-05-27,371.1033979313516,372.07148249720785,367.23100339375543,368.7523193359375,6553758
2025-05-28,369.72040205030294,370.5041042905449,365.5714199824068,367.1388244628906,6002200
2025-05-29,368.7984060352149,369.90481250815475,366.03241798995083,367.1388244628906,7724668
2025-05-30,367.83033699484946,373.17790285316704,365.43314162705354,366.30902099609375,6565658
2025-06-02,367.83032305407335,370.08919641848985,364.6494255335232,368.5218200683594,6119571
2025-06-03,368.5218246771152,369.25941024674376,360.0394499409574,362.2061462402344,7360608
2025-06-04,362.20617843393586,364.1884644484528,359.20969106822076,363.8196716308594,3861957
2025-06-05,363.81963437322963,366.77000474892714,361.92952565385485,364.0962219238281,6097293
2025-06-06,366.8161210194289,369.35161006637634,365.1565113064484,367.830322265625,7633919
2025-06-09,369.62819272131566,374.5147884293294,368.79840194435786,369.72039794921875,9626374
2025-06-10,371.56438128405875,372.94737525906146,367.7381035806348,368.38348388671875,6362912
2025-06-11,368.89062703163114,377.5573843164848,367.32322248415176,370.734619140625,11946342
2025-06-12,370.642423364512,370.96512761923685,360.9614645452897,362.06787109375,11262656
2025-06-13,359.5784689443867,361.7451653462127,355.8904846475212,360.68487548828125,5253032
2025-06-16,360.5004495025987,363.8196408543365,356.0748797916723,363.5891418457031,3706240
2025-06-17,363.26643913275484,364.9721374312269,359.6706602103808,360.77703857421875,3248476
2025-06-18,360.77703290492536,362.7132301825738,357.82666251063387,359.9011535644531,4118145
2025-06-19,359.90112799524087,360.96141772000294,353.5854500526721,354.2769470214844,4416367
2025-06-20,354.23088691834954,361.2380342552261,354.18477023447593,358.7025451660156,6531957
2025-06-23,356.812475041675,362.43665663228154,354.6918953595695,361.8834533691406,3359491
2025-06-24,363.6813382196194,364.55721754884377,360.22385317432105,362.021728515625,4606984
2025-06-25,363.12812223362226,364.55720474732885,360.50042806405054,361.1919250488281,4672204
2025-06-26,361.4224686649932,363.9118693723678,360.17776831130584,363.4047546386719,5569101
2025-06-27,364.1884569455926,366.67785765296725,361.514673901764,363.4047546386719,16253653
2025-06-30,364.649417312432,366.40120408171185,360.31602486576884,361.3763427734375,4870935
2025-07-01,361.88341983699735,363.1742085733303,358.65643392762286,359.3479309082031,5997283
2025-07-02,359.5784693395354,361.1458739222606,355.3833984520757,356.72027587890625,7752338
2025-07-03,357.64223617982384,358.6564373885451,355.4294514480312,356.30535888671875,3851213
2025-07-04,357.45786526288447,357.64224758311354,353.4932655273069,355.982666015625,3990767
2025-07-07,356.3514379279212,356.3514379279212,354.0464480318803,354.2769470214844,2810768
2025-07-08,354.9223727717103,355.4294593187577,352.47906085297683,352.9861755371094,5231160
2025-07-09,353.17058128080765,357.87276683756005,352.9861989501447,357.2273864746094,4497121
2025-07-10,357.780543890165,358.51815758755873,352.7095657860612,354.0925598144531,4668066
2025-07-11,354.092539988981,354.32303898080744,350.91167078402617,351.234375,4677164
2025-07-14,352.2024743685342,355.79825316529855,351.741476365434,353.9081726074219,5109504
2025-07-15,353.954252247808,357.0429444182882,353.53937093770685,356.30535888671875,4586811
2025-07-16,356.4897412010689,357.73444140554113,354.9223649122128,356.30535888671875,5205724
2025-07-17,356.8585380562035,357.9188559584761,354.87625229744623,355.7982482910156,3749218
2025-07-18,356.81244061444255,358.88693154824745,354.1386579271775,358.1954345703125,5172481
2025-07-21,358.6564235795795,359.025216331165,355.3372325411436,356.6280212402344,4396850
2025-07-22,356.62807983421254,361.1919717790446,355.4294961603617,358.7486877441406,5043629
2025-07-23,359.0252581944097,361.8373630444495,358.51817161898754,360.26995849609375,3670943
2025-07-24,359.67065420690716,360.269945994452,353.9542676093586,355.4755554199219,4022204
2025-07-25,355.47558128146903,355.79828554042,350.35851423627435,351.0960998535156,4616856
2025-07-28,351.46491366916365,353.90819763093293,347.5925189144857,348.83721923828125,4521716
2025-07-29,347.5463986504574,354.27695810258217,347.5463986504574,353.7237548828125,4872086
2025-07-30,354.04645500046877,354.09254354446324,349.48256366164463,350.2662658691406,5107774
2025-07-31,348.51451297927537,349.4365090453581,345.47193721603713,346.99322509765625,6461803
2025-08-01,345.74853269845846,351.41880300729565,341.7839607783512,343.44354248046875,13769152
2025-08-04,343.39746309415665,349.2060273436514,341.32297184261023,345.4719543457031,19756930
2025-08-05,346.6705053678771,351.0038979398099,345.2875113305053,349.8974914550781,6846687
2025-08-06,349.8974755156872,353.68646082218214,349.47646445902546,352.5638122558594,5808208
2025-08-07,350.8330804607571,355.7447435872077,349.52330933721083,355.08984375,3468573
2025-08-08,354.57526380383877,357.4754893498746,353.78003652576774,355.23016357421875,4172600
2025-08-11,353.63970444623163,359.90793285014877,352.28313860406774,357.8497009277344,5740719
2025-08-12,356.96092683261907,361.5451682487013,356.63350548935637,360.51605224609375,4860757
2025-08-13,361.07738489313397,362.99526080435675,360.2821576064562,361.21771240234375,4216888
2025-08-14,361.21770140408705,361.91936747963854,357.8964648492905,359.6740417480469,4034887
2025-08-18,361.73228411554237,363.50983265512644,359.29983574780533,362.80816650390625,3520271
2025-08-19,363.4630441915273,363.4630441915273,359.4869362434861,360.51605224609375,5219052
2025-08-20,361.12413823740565,361.9193654955109,358.8320176494904,359.9079284667969,4904231
2025-08-21,361.2354980839378,361.8044243805106,357.72696491765663,358.58038330078125,6212604
2025-08-22,358.58037302394723,359.3863905053456,354.69254612528664,355.0718688964844,4699261
2025-08-25,355.59341029116985,361.0458425823011,355.40374889704157,360.33465576171875,4349832
2025-08-26,359.3864044746986,360.19242198742694,352.17970561578505,353.1753845214844,6381642
2025-08-28,353.22278966058224,356.44683081211286,349.5720248388532,354.92962646484375,4372269
2025-08-29,353.3650178015887,359.3864053141625,353.3650178015887,355.40374755859375,4578400
2025-09-01,355.87783904231844,359.00707811334485,355.68820660478724,358.3432922363281,2829114
2025-09-02,361.42512381570606,365.07588848824145,359.4337949999354,360.4294738769531,7511709
2025-09-03,361.235520720168,372.9463744246246,360.33467246370185,369.62750244140625,8111851
2025-09-04,371.5239721765107,371.8084642590346,365.73967602930213,371.1921081542969,5515006
2025-09-05,372.0929548060812,372.8989723585274,368.8689135345636,372.33001708984375,4535470
2025-09-08,373.61014878827746,375.41181630696366,366.30861907675336,367.0198059082031,4607020
2025-09-09,368.5844473434962,369.2482043696221,366.7353499700213,367.8732604980469,4376579
2025-09-10,368.3947638796774,372.3299917344971,367.96804022265746,371.6188049316406,4285507
2025-09-11,373.27823755742423,374.0842550479689,370.2912587990668,372.9937744140625,3442373
2025-09-12,373.18340000277,375.69628312208147,372.85153598770404,373.9420166015625,4276055
2025-09-15,373.9420562271994,379.9160142671305,373.89462640697514,374.32135009765625,4618798
2025-09-16,374.55839837145,376.45489659105226,373.65755014183236,375.3169860839844,2581384
2025-09-17,381.1961214162171,381.6228450677352,376.9290006540953,379.06256103515625,5970395
2025-09-18,379.773775048924,380.0108373304776,370.3861144870534,372.80413818359375,5899621
2025-09-19,373.6101649759387,374.7480755308678,371.2395421017259,374.08428955078125,5272435
2025-09-22,374.0842643887632,376.4074862245319,372.9937837276278,374.27392578125,3399517
2025-09-23,374.32131765775546,375.26956672085305,371.80846342819996,373.65753173828125,4720322
2025-09-24,374.0842891455226,375.1273689966997,371.4766039867135,372.5196838378906,5139791
2025-09-25,371.76105098456236,374.74805882351507,371.38175712925187,372.1877746582031,4563970
2025-09-26,372.1877484724154,372.6144721160334,367.9680286660212,369.0111083984375,4698693
2025-09-29,369.62745163659014,371.33431721345625,365.64482316709564,368.205078125,6606409
2025-09-30,369.53268260012874,371.1446886930127,367.06722917412674,369.7697448730469,5362610
2025-10-01,369.6274570257594,374.46353282332853,367.8257896724628,368.3947448730469,4976933
2025-10-03,368.3947684903205,368.96372372737943,361.75702491391826,363.51129150390625,7431240
2025-10-06,363.6535263545542,364.2224815967386,360.28725365721726,362.1363220214844,7022052
2025-10-07,364.1276569211914,368.8215015739976,363.93799552457176,364.79144287109375,7895734
2025-10-08,365.55002993853435,366.40344834529014,361.3777396646323,362.32598876953125,3642904
2025-10-09,363.17939853743303,366.3086089338593,360.8561767103861,363.51129150390625,4628511
2025-10-10,364.127651576723,366.68793570217815,363.13200160474923,364.6017761230469,5061600
2025-10-13,363.41644779938304,364.4120977248975,360.95099448588957,361.8044128417969,4750043
2025-10-14,362.27855500380105,365.2181329846102,360.42948663235603,361.2355041503906,4288494
2025-10-15,361.51993800543625,365.4551656413181,361.51993800543625,364.36468505859375,6135157
2025-10-16,365.07589790846725,367.8732442859293,364.601773365729,367.5413513183594,3513302
2025-10-17,367.54134820635016,369.3430156658476,365.31295708669523,368.6792297363281,4093872
2025-10-20,369.8171531444082,371.7136513656616,368.3473785982434,370.3861083984375,4007425
2025-10-21,372.7567276957392,372.80412857552153,370.38610494129955,370.8602294921875,678084
2025-10-23,371.3343670733478,373.9894530761818,370.24388635569335,372.33001708984375,4311356
2025-10-24,372.3299888375977,374.9851035772297,370.57572228321425,373.65753173828125,4070949
2025-10-27,375.03249971959525,377.5927837329362,373.2308323101123,376.17041015625,5438773
2025-10-28,376.40748359078793,377.59279493987304,369.2007848006971,371.1446838378906,7672258
2025-10-29,372.8989420386509,378.63583726393966,360.38204289841127,362.23114013671875,26856509
2025-10-30,363.13198643171893,368.82148074987657,359.67085423756134,367.63616943359375,15154040
2025-10-31,369.7697590516683,373.79981784580735,367.68359939468957,368.5370178222656,13103909
2025-11-03,370.33863667855206,370.6705296173731,367.25682741770186,368.442138671875,14152223
2025-11-04,370.0978696458441,372.04575317029594,366.68907347805344,367.7117004394531,10536699
2025-11-06,368.831755674748,368.831755674748,362.64721956645593,363.4263610839844,6648689
2025-11-07,362.3063507080078,366.93257427215576,361.81937980651855,366.2021179199219,4650451
2025-11-10,366.29949506413396,372.4353161490172,366.29949506413396,371.4126892089844,4451727
2025-11-11,371.51012296160576,373.0197209092453,368.7343828014934,372.8249206542969,3299015
2025-11-12,374.23712831326935,377.4998392150563,372.72753044583607,376.4284973144531,4326520
2025-11-13,376.42850409399034,377.3050457657816,372.77622235957256,373.2145080566406,3480764
2025-11-14,373.21450902756516,377.2563615463668,372.3379376311486,376.8667907714844,3760163
2025-11-17,376.9154906626127,379.0581745914936,376.08763415725656,377.74334716796875,3847261
2025-11-18,377.74334399195146,377.74334399195146,372.9710349784919,373.9449768066406,4462641
2025-11-19,373.11712017545915,373.84757654631073,368.5882966206485,369.1726379394531,5332643
2025-11-20,371.0718158646555,371.31530130813627,367.71170485568354,369.7569885253906,3971851
2025-11-21,368.1499873556205,370.4387564489933,367.7117016722119,368.34478759765625,3088629
2025-11-24,368.296090594622,368.34480551867307,362.30635438990316,362.8420104980469,5543493
2025-11-25,362.8907350494733,363.6698766315064,359.9689095333299,360.40716552734375,4902920
2025-11-26,362.1602574567004,367.8578228239111,361.6245716433778,367.5169372558594,4102285
2025-11-27,367.5169280369357,368.83175535367116,366.2995008403925,368.19866943359375,3330267
2025-11-28,369.123945666946,369.3187459177136,365.1307783049717,366.34820556640625,4689402
2025-12-01,367.07864864710245,370.09787409073255,366.0073067513183,369.7569885253906,4217206
2025-12-02,369.61091244777305,370.0004832226166,366.9325725024993,369.07525634765625,3695491
2025-12-03,369.0752456076369,369.41610144924056,362.501138660543,365.4716491699219,4650434
2025-12-04,365.2281854257929,369.8544091078529,364.05944334349203,369.1726379394531,3135061
2025-12-05,369.0265376248643,370.73093575430835,366.68908327752433,370.0491943359375,3154258
2025-12-08,370.9744186918333,370.9744186918333,365.7638242154552,367.5169372558594,3911363
2025-12-09,365.3255607453419,371.26661143597255,363.62116266242657,369.4648132324219,4242651
2025-12-10,368.6369520561373,372.92228980796193,368.3934666188479,372.19183349609375,4752336
2025-12-11,372.38665431330446,375.30847972224,370.5848560333252,373.99365234375,2695140
2025-12-12,374.52927741889306,375.6980193745819,372.28922334655584,373.3605651855469,1410201
2025-12-15,373.9936296095671,374.967571353342,370.1952627533136,374.4319152832031,1870236
2025-12-16,373.99367400045537,374.18847426126933,368.49090843944924,371.6562194824219,5109787
2025-12-17,370.92575388093366,375.4545774701511,370.87703895576595,374.72412109375,3651138
2025-12-18,374.38322394485823,376.4285076800858,372.8736260358554,375.259765625,2379619
2025-12-19,374.9675699294542,377.2563389631026,373.50665731933947,375.55194091796875,3611941
2025-12-22,375.5519718374707,376.86679923929347,374.04234418265736,376.1850280761719,3112021
2025-12-23,377.3537500103093,390.5019638821341,376.379808242026,389.9662780761719,18487395
2025-12-24,393.27767625380585,401.65358145044803,391.28110750705105,391.865478515625,17624423
2025-12-26,393.27768282311666,397.75782100056097,390.16108692923626,391.6706848144531,5435637
2025-12-29,393.4724888199329,394.9334015259475,388.6027797998842,390.20977783203125,6105510
2025-12-30,389.57669818820665,389.77149842623805,385.1939603335893,387.6288146972656,4418163
2025-12-31,388.01841217113247,393.47249226582085,387.1905556860051,388.602783203125,4644679
2026-01-01,388.6027871170938,392.3037541530802,387.8723307503323,390.0150146484375,3161157
2026-01-02,390.8915516409235,418.3080076656962,390.55066606273385,416.74969482421875,35090129
2026-01-05,419.72019739753927,425.3203623045458,412.4643196725677,416.3114013671875,17258568
2026-01-06,415.8731287661036,420.0610664174338,413.6330746218747,415.92181396484375,6308113
2026-01-07,415.82446885243587,421.1811488226882,412.61044303687726,420.4019775390625,8920605
2026-01-08,420.4019529826387,422.69072205343366,412.4156484178003,414.1687316894531,5991259
2026-01-09,412.65914180205067,417.1879651096375,406.32852026691916,407.44854736328125,7306605
2026-01-12,407.984219820387,421.8628906658136,404.81890892581606,421.0350341796875,14407896
2026-01-13,422.6907419457322,424.4438252998871,414.5096367557677,417.7236328125,7104004
2026-01-14,416.8470851900782,430.48227021966017,416.26271417291287,420.9376525878906,17125550
2026-01-15,420.9376525878906,420.9376525878906,420.9376525878906,420.9376525878906,0
2026-01-16,420.9376629615708,422.3011755536628,416.84709546294954,419.7689208984375,6410141
2026-01-19,419.7688964754201,421.57069466694105,417.1879567687058,418.9410400390625,7105031
2026-01-20,418.8923841625747,419.72024065688197,402.7736291529068,404.47802734375,6768420
2026-01-21,404.1371609957432,408.71466961323875,400.8257351044485,403.2605895996094,7312100
2026-01-22,406.27978439213194,415.72703100782206,406.27978439213194,412.1721496582031,11497522
2026-01-23,412.95133357952596,414.70441697465174,404.5754279445287,407.49725341796875,6520896
2026-01-27,410.02949092074977,415.824456422463,407.9842072305954,411.8799743652344,8749844
2026-01-28,412.4643297919059,434.3293338976751,410.61384641735543,432.47882080078125,17496873
2026-01-29,434.37803012933693,449.5228127886307,431.0179191284123,443.87396240234375,16915601
2026-01-30,442.12087468855333,442.12087468855333,425.61254993596674,429.26483154296875,10191610
2026-02-02,408.08161733507967,414.41223908371455,402.23796649018595,412.46435546875,9618062
2026-02-03,425.61256541042127,425.61256541042127,409.0068696557719,418.2106018066406,13955805
2026-02-04,420.25586473969224,429.89788211138335,417.28535429385306,423.5672607421875,11476290
2026-02-05,425.6125655534317,426.39170710257787,416.55491872464216,420.5967712402344,5252658
2026-02-06,419.3306037439887,422.8855148684204,415.921807658249,421.52197265625,4738027
2026-02-09,422.69070714676843,423.46984863506043,418.60014002737876,420.4506530761719,4512635
2026-02-10,420.7428418064253,422.4472398924467,417.5288458760082,419.72021484375,5103221
2026-02-11,415.09399583420407,416.79839393815575,409.34771559157724,412.2208557128906,5715603
2026-02-12,412.70782978843306,414.8505135960364,405.3058663067557,408.2276916503906,5987886
2026-02-13,401.5561993764245,406.71810884142633,397.4656615772475,398.29351806640625,8190851
2026-02-16,397.36826114090235,412.80524487724233,396.0047485422409,411.49041748046875,9719418
2026-02-17,411.2469261801084,413.53569536086695,407.5946444200719,410.5651550292969,4564907
2026-02-18,412.93355109444127,413.27891292328985,407.65407456378074,412.4894714355469,4872345
2026-02-19,412.489466173741,414.3150834705288,409.13429472073904,410.6638488769531,3824366
2026-02-20,410.51582266761176,419.8905830410308,409.57833458416536,417.9662780761719,8843227
2026-02-23,420.3840026855469,421.8642280471157,413.4269555322782,420.3840026855469,6515765
2026-02-24,418.4103485709956,426.30488344969365,416.53540256035694,425.26873779296875,8950772
2026-02-25,425.26875829272456,433.8540473179996,422.90037362274046,432.8179016113281,8935314
2026-02-26,432.9659144523647,433.75535592548937,423.837858136275,427.7851257324219,8650353
2026-02-27,427.0943370535932,428.6732500973468,419.84125701945584,424.9726867675781,8147373
2026-03-02,412.390779587113,423.93654945001356,410.5158334860704,420.6307067871094,7498197
2026-03-04,420.3839921396985,432.127107023835,420.3839921396985,429.4133605957031,18921256
2026-03-05,434.34743835723486,452.45553390517233,434.19942185011087,443.4754943847656,30106255
2026-03-06,445.20241587876427,445.6464955073926,432.817876456692,434.64349365234375,10553695
2026-03-09,433.2126104226962,441.30452088671893,429.0679674796092,431.8804016113281,15824576
2026-03-10,438.9361272761558,439.0348149852066,428.0318130194026,437.7026062011719,10860312
2026-03-11,441.1071473363397,447.9161778157947,439.28153007710796,440.8604431152344,9975869
2026-03-12,440.8604383813362,467.75119819306855,439.1335088521424,463.9026184082031,27328045
2026-03-13,466.7643765239185,469.72482711497923,456.20542403636404,460.8434753417969,20216953
2026-03-16,460.84349686503646,464.5933890760775,449.9885108575088,454.2318115234375,12312203
2026-03-17,454.23179247264943,459.36325223436864,451.9621257214626,456.1560974121094,9193238
2026-03-18,456.15611328014745,456.74820944482906,443.27816474581755,449.1990661621094,9539041
2026-03-19,444.9557359041346,453.93577575184304,444.7090316781825,448.2122497558594,10192726
2026-03-20,450.6792969171889,466.17230440633244,450.18588845991815,461.97833251953125,23878653
2026-03-23,459.8566639799132,459.8566639799132,444.70901891803766,449.2483825683594,10163783
2026-03-24,456.89622629201494,456.89622629201494,433.21262060949147,436.2717590332031,20320746
2026-03-25,437.7026308606871,440.51506509315084,433.01525051166834,437.8506774902344,8630612
2026-03-27,440.12031887218603,442.58736101833057,435.2355633767156,439.1828308105469,17184280
2026-03-30,439.1828528372793,453.83708994339713,437.25857793593303,444.5116882324219,19114688
2026-04-01,457.88302667829873,458.7218270390159,440.90976450532645,443.4754943847656,14960312
2026-04-02,442.48868988176514,447.3240866462543,434.69284243102607,443.4261779785156,6701003
2026-04-06,443.37682588513064,455.366675441094,441.50187977804876,453.49169921875,12403745
2026-04-07,452.0114541758801,457.68565116480363,449.29770778987324,456.8962097167969,11316785
2026-04-08,457.88303313682525,457.88303313682525,441.10714614689846,443.3274841308594,20653569
2026-04-09,443.3274879671967,450.1858774008851,441.9459503438292,448.1135559082031,9468415
2026-04-10,449.00169523351434,453.54105905453196,421.8642301369832,428.3772277832031,29605732
2026-04-13,429.26535647525697,433.70603257672514,425.81149728522615,429.3640441894531,18702296
2026-04-15,433.21260507661816,433.21260507661816,425.7127908563398,430.0547790527344,10149319
2026-04-16,430.7455768023248,431.1896564533804,424.8246754029801,427.0450134277344,11776638
2026-04-17,427.0943393049459,434.3474494925782,424.82467249682827,432.9659118652344,10733309
2026-04-20,432.8178939040609,437.8506660652645,427.587746318786,435.9263610839844,8090840
2026-04-21,436.46909147945235,439.4295421025061,436.0743707527641,437.3078918457031,5336558
2026-04-22,437.9493163232469,441.84725501887567,436.6664664340648,438.2947082519531,6991939
2026-04-23,438.39339296964107,445.547815252207,436.8144799600916,444.7090148925781,8989280
2026-04-24,446.7813400302017,455.90939612137646,445.1037392970706,449.9884948730469,16441909
2026-04-27,452.45553872124265,454.57718898663245,444.7090202031811,446.5346374511719,6922067
2026-04-28,450.1858652600823,467.6525056781846,450.1858652600823,460.8434753417969,26732373
2026-04-29,463.6559274730056,479.29698139428456,457.9323713716898,473.57342529296875,18063862
2026-04-30,478.0634474531118,484.77379016140435,472.093187286293,475.1029968261719,16935052
2026-05-01,475.1029968261719,475.1029968261719,475.1029968261719,475.1029968261719,0
2026-05-04,475.25101404098217,480.57981915434357,469.3301127783003,473.6227722167969,7757497
2026-05-05,473.6227694513147,473.6720982487779,464.98812182698805,466.3696594238281,6946902
2026-05-06,467.60318786990956,471.2050634839598,461.8796318568638,464.0013122558594,8596697
2026-05-07,464.0012952819968,466.6163539135069,450.08717166297265,460.4980773925781,24264105
2026-05-08,455.1199482293274,457.2415984569126,448.90298393737334,450.3832092285156,15767759
2026-05-11,449.9885031294233,459.6099678344932,446.8800359400684,458.3271179199219,6258261
2026-05-12,458.8698616549603,462.81712928209976,455.56401899417864,456.945556640625,6464174
2026-05-13,457.1429142804968,467.35647489135937,453.44235102404383,456.1560974121094,12091924
2026-05-14,457.8830181653696,463.6065438463326,445.49847875031986,448.0641784667969,11408675
2026-05-15,450.97532110473367,462.32371539949173,449.24839153814,456.1067810058594,7859575
2026-05-18,455.9093994469589,462.32370917943774,451.02464383535124,456.0080871582031,7735499
2026-05-19,456.00809588918645,457.1429293020701,448.01487296954093,450.9259948730469,7319865
2026-05-20,449.9885059107764,453.98510230532656,446.73202219042156,452.6529235839844,3756072
2026-05-21,452.65292284737745,459.11656147872714,451.22202630015687,454.1331481933594,7425043
2026-05-22,453.9357803990982,456.7482146267972,449.98851274345384,450.53125,9201635
2026-05-25,453.9357614308986,456.45213241011766,449.9884939401951,451.9621276855469,8441223
2026-05-26,451.9621214336514,469.3794329723983,449.0016708565751,452.1101379394531,17073323
2026-05-27,423.3444530107053,462.12634540124554,422.752356843582,456.945556640625,117042535
2026-05-28,456.945556640625,456.945556640625,456.945556640625,456.945556640625,0
2026-05-29,452.8502506971633,467.7511912952323,449.88980011934535,451.8634338378906,97895486
2026-06-01,450.531230569478,470.7116476347231,450.531230569478,466.3696594238281,47716517
2026-06-02,463.655931297095,468.68870356234726,457.19226246589665,465.92559814453125,24933269
2026-06-03,465.6788876626971,472.24121400457426,460.05404941905743,466.0736083984375,15291450
2026-06-04,466.7643938394092,478.06345939388865,466.61637732741735,475.30035400390625,16059802
2026-06-05,476.9285942652382,477.2246574034898,462.9158123972525,466.0736083984375,9592529
2026-06-08,458.86983638993786,464.3960167867182,457.83369074096794,458.7711486816406,10074583
2026-06-09,458.7711477930603,461.38620642393965,452.35683826454937,460.7447814941406,10972434
2026-06-10,459.06722458269854,461.23820364935546,444.26497138396917,445.0544128417969,8127902
2026-06-11,445.0544276408545,446.0412445535837,439.182854964011,440.3177185058594,6034733
2026-06-12,447.37344216403955,447.37344216403955,433.85403875335675,437.6532897949219,9946830
2026-06-15,442.38998605707064,443.67286604354604,435.3836104469982,438.1960144042969,10056872
2026-06-16,440.07101189857553,447.47213870403255,437.7519861431466,445.0050964355469,7262608
2026-06-17,444.95572290478606,455.4653166002557,442.68605613843977,449.7417907714844,9064734
2026-06-18,449.9884967635163,451.46872208181736,444.41298742096797,446.0412292480469,5364436
2026-06-19,446.33725020180464,448.80429233229273,442.09394978346927,445.3504333496094,6128782
2026-06-22,446.04123067537233,448.3108974579257,441.79793012876866,443.0807800292969,3738644
2026-06-23,443.3274927387258,445.54783076579787,437.6532955584305,438.4920959472656,3512212
2026-06-24,438.492091020604,441.304525179682,435.08756070457355,435.9263610839844,4169224
2026-06-25,436.71579938539907,437.0118625193609,426.3048933191946,429.6600646972656,7046971
2026-06-26,429.6600646972656,429.6600646972656,429.6600646972656,429.6600646972656,0
2026-06-29,429.90677662092855,441.9952836503989,429.51205588383493,438.9855041503906,21400224
2026-06-30,439.7256009055798,440.95912198637683,432.1764579141541,433.2619323730469,4363382
2026-07-01,433.2126180551188,433.2126180551188,427.4890920950283,429.0186462402344,3391210
2026-07-02,432.62051367969866,434.1994267089653,427.0943331348959,433.1139221191406,4941315
2026-07-03,436.1237197098351,439.57757869121997,432.0284056825561,432.91656494140625,4283263
2026-07-06,432.91659250334976,434.69285090361603,425.5647944430974,426.6502990722656,5464728
2026-07-07,426.6502762880538,428.62391001195806,418.85442910168416,423.29510498046875,5315215
2026-07-08,422.35762263756385,426.3048901388495,420.8280685269201,423.3937683105469,3686631
2026-07-09,426.7489755984331,430.0547880836324,423.19642877577763,424.2325744628906,2855525
2026-07-10,424.47927277895263,426.89698616892525,421.1241014268408,423.6404724121094,4872051
2026-07-13,423.34443320942336,426.20619608219255,419.39716576691126,424.52862548828125,5650932
2026-07-14,424.28194538851466,430.74558414690506,422.40696915454276,424.9233703613281,6155516
2026-07-15,424.8739943320731,427.24237892900305,420.9760857372098,421.9135437011719,5624520
2026-07-16,421.9135318241189,424.82465357532686,420.2359612496559,421.7161865234375,4570655
2026-07-17,421.7655333259988,424.0352302451857,419.1011457885988,422.0122375488281,4142036
2026-07-20,422.50564514808997,427.78512152911406,422.50564514808997,423.7391662597656,5363624
2026-07-21,424.281938892374,427.48909382259933,423.4924673019307,425.5647888183594,4612497
2026-07-22,425.614112812821,426.00886366121756,421.71620416462866,422.7523498535156,5625202
2026-07-23,423.19642394673633,424.8246657715892,418.9037645064799,421.4201354980469,6064005
2026-07-24,421.37081271367754,423.2457587846673,419.150474707575,421.7655334472656,5403125
2026-07-27,423.8378611068279,425.3180864657575,420.1372977095041,421.8642272949219,5241433
2026-07-28,417.3248660676305,418.0156499521451,401.4371077611541,404.7429504394531,14222229
2026-07-29,407.6047072829655,408.0487869327455,400.89436442908794,404.6442565917969,9914444
2026-07-30,407.5060404891886,412.78548667708753,404.6936063729949,411.70001220703125,23225454
2026-07-31,413.0,415.1000061035156,410.1499938964844,414.1499938964844,5938134
2026-08-03,415.95001220703125,416.0,412.6000061035156,416.0,5371911
2026-08-04,415.0,417.6000061035156,413.0,417.6000061035156,4057342
2026-08-05,417.6000061035156,417.6000061035156,411.70001220703125,415.5,5429514
2026-08-06,414.5,415.75,412.1499938964844,415.6000061035156,4753639
2026-08-07,415.0,415.25,412.5,415.25,3493763
2026-08-10,415.0,415.1499938964844,410.3500061035156,411.0,6284552
2026-08-11,411.0,413.45001220703125,409.25,412.6000061035156,10739893
2026-08-12,412.6000061035156,413.70001220703125,408.20001220703125,409.29998779296875,4089147
2026-08-13,409.29998779296875,410.5,406.70001220703125,410.5,4423109
2026-08-14,409.79998779296875,410.3999938964844,405.6000061035156,407.1000061035156,5000302
2026-08-17,407.1000061035156,408.45001220703125,405.29998779296875,408.45001220703125,4866733
2026-08-18,408.95001220703125,412.70001220703125,406.75,406.8999938964844,7352659
2026-08-19,406.95001220703125,407.6000061035156,397.29998779296875,400.0,6030203
2026-08-20,400.04998779296875,403.45001220703125,395.79998779296875,402.5,5070984
2026-08-21,402.54998779296875,405.8999938964844,401.70001220703125,405.20001220703125,10327739
