Date,Open,High,Low,Close,Volume
2010-01-04,337.6824699253527,346.365359101176,336.18214302538723,345.4284973144531,1574155
2010-01-05,346.90845573470324,358.31366266332543,346.2295746895877,356.8404846191406,1923480
2010-01-06,357.0781081145757,374.2537903881375,355.0686137893002,371.6129455566406,2747488
2010-01-07,371.61981727459784,373.0997895316042,361.88464876022715,363.1337890625,1489639
2010-01-08,365.3740757113048,377.0100887793433,362.5431353129379,374.37603759765625,2285676
2010-01-11,375.0141762204725,384.89190827757676,368.0895943935394,381.88446044921875,1678443
2010-01-12,382.20352999770796,384.620363875083,376.2361649214279,379.6984558105469,1396446
2010-01-13,378.13707779782413,388.4832149467357,374.8784428320503,384.45745849609375,1249942
2010-01-14,385.59113721200697,392.25776504555637,384.2605506932268,385.9034423828125,1144422
2010-01-15,384.9394868607368,390.2075897993137,383.5681366677138,386.6095275878906,1282113
2010-01-18,384.92581585359557,385.4010406347041,376.94216305665395,378.46966552734375,827306
2010-01-19,379.90210642877963,381.39566629395085,368.5172806038329,369.3658752441406,733031
2010-01-20,373.38485431802394,373.9822621363233,364.0366451344762,365.8153076171875,674834
2010-01-21,363.88050389172986,370.8729978771281,360.0787859209747,361.2803955078125,745986
2010-01-22,356.41281700424474,359.80722248351657,348.93833103674,355.706787109375,1150443
2010-01-25,357.0917195741816,360.48612525757954,350.30970212090097,356.1616516113281,853184
2010-01-27,358.3136415757035,358.3136415757035,346.22955431314347,348.8364562988281,867396
2010-01-28,351.6606432287596,356.35851322015867,344.39660757319143,351.8507385253906,1350666
2010-01-29,358.4291059782757,358.4291059782757,343.67699637933464,352.9097900390625,872743
2010-02-01,353.01845214125444,363.88055092465515,348.40205478762624,361.34832763671875,946662
2010-02-02,363.89406994374485,368.63267629109794,350.3028612066772,354.3286437988281,785901
2010-02-03,354.66134304644385,366.32453286071075,354.66134304644385,364.7019958496094,873851
2010-02-04,364.76312903608203,367.818081007682,353.4936903809581,357.791015625,840320
2010-02-05,351.4841110887461,354.0774522228535,348.2662133649037,349.7461853027344,501208
2010-02-08,348.9587141345226,351.9050436011581,344.34231729405946,347.2954406738281,769271
2010-02-09,347.5669864348399,366.4466790189103,345.5167554475184,363.6836242675781,1163813
2010-02-10,364.5594288435154,371.34826737593875,359.562867744311,366.826904296875,1776685
2010-02-11,369.1758267169145,373.9280217528565,366.7318706208061,368.01495361328125,1789607
2010-02-15,367.2749861571783,373.3170313320669,362.00006248179886,365.2586975097656,906210
2010-02-16,366.596131429797,370.655830966454,364.2064458776929,369.54925537109375,1452155
2010-02-17,372.04066423047675,375.9646189230903,370.8051119337319,372.8553161621094,1442006
2010-02-18,372.02707803964137,374.19949199453936,365.67952286799675,367.6075439453125,756193
2010-02-19,365.2382817753764,369.0400267630798,361.71489925918985,364.1452941894531,704068
2010-02-22,369.2979815130774,374.74261787997085,355.7339211322049,358.5716552734375,639864
2010-02-23,358.44949179845014,363.8465983275525,356.55541310599847,361.762451171875,662831
2010-02-24,360.48607097586046,363.2015951136773,358.05567633544626,359.80718994140625,559185
2010-02-25,360.48605652777195,367.27489345363006,353.16772410328423,361.2735595703125,1153846
2010-02-26,361.8438382089759,369.7188690624,360.64222869660404,366.114013671875,2116043
2010-03-02,367.95381340966225,371.75553134061045,363.8805000816143,368.9245910644531,2498388
2010-03-03,368.89746900185406,375.07528458411485,368.89746900185406,374.0569763183594,2150598
2010-03-04,374.7426400040479,380.03112410184065,370.80512420850033,378.89739990234375,1366563
2010-03-05,380.1737195039821,384.9258876411051,380.1737195039821,382.0406494140625,1067911
2010-03-08,382.88918008001906,385.60470427538024,381.95911223750556,383.2286071777344,1201816
2010-03-09,383.4322566103155,386.12739883103535,381.8301017723261,383.8395690917969,551868
2010-03-10,383.5680856863505,387.70925766406896,382.9027924201881,386.4804992675781,927188
2010-03-11,386.48047621043395,393.34396606097215,386.48047621043395,391.544921875,1008955
2010-03-12,392.3935181916698,395.78792346552416,391.035756082128,392.52252197265625,1115758
2010-03-15,388.3203153392456,392.3936025434948,382.0746136634133,390.8321838378906,602632
2010-03-16,389.67794082030406,395.7878694798444,389.27060150163885,393.9073791503906,679876
2010-03-17,394.4301633434951,401.3547716197788,393.2285538062574,396.33782958984375,1540429
2010-03-18,397.14572764069334,398.5034898940491,392.54291843543155,394.4845275878906,1243915
2010-03-19,405.699644124949,405.699644124949,392.66513174946436,395.597900390625,580370
2010-03-22,393.7512631082375,399.72542150004426,389.54220612312656,392.6650695800781,588154
2010-03-23,392.39352871386205,396.3717809316572,386.01205736925795,387.3562316894531,682429
2010-03-25,386.9624559995896,390.3433001812965,384.04327562385504,386.13421630859375,819679
2010-03-26,386.9624882777418,392.2441783030847,386.9624882777418,390.2347106933594,553553
2010-03-29,392.3935818970385,393.3440316400698,388.0759019842629,389.8613586425781,832938
2010-03-30,388.9991366707496,391.3073485099598,380.3094532683938,381.5382385253906,525997
2010-03-31,382.34612452314354,382.753463952037,378.9517187937429,382.1899719238281,608996
2010-04-01,382.4275919506191,386.28363465217114,380.85258556791047,384.0433349609375,472394
2010-04-05,383.56816356481914,389.4744383230861,378.8567315871069,380.302734375,794080
2010-04-06,381.53141935162876,383.975401877589,379.49477619779856,381.9251708984375,891148
2010-04-07,382.21032121137574,395.3806304352145,381.55858892184983,392.5361022949219,2838420
2010-04-08,393.5883272973977,394.29435708968794,382.95703638010446,386.1409912109375,1617297
2010-04-09,388.18452843669377,394.0025355213826,384.90553854899014,391.62646484375,921303
2010-04-12,392.9365985432679,395.6249737606644,388.4559731809404,391.4498596191406,775810
2010-04-13,391.71462115310044,391.71462115310044,386.73162206184344,387.95361328125,282016
2010-04-15,389.5422101771325,391.62638380759006,382.7533998552022,383.6630859375,463205
2010-04-16,383.66314643075077,383.77176848716476,378.3543072003734,379.63739013671875,664510
2010-04-19,378.78875912533164,383.97541482857054,371.61975779586606,379.481201171875,517630
2010-04-20,381.5314041179664,385.1973509071242,378.16414779326215,381.6468200683594,609806
2010-04-21,382.48188902178214,385.3332112697981,380.17370390553526,383.71746826171875,427852
2010-04-22,380.17370205613224,389.54226703860706,379.65094666738935,385.00054931640625,769517
2010-04-23,384.92586486109934,388.9991515947181,381.7011728169647,385.47576904296875,494617
2010-04-26,384.9258639904522,388.86337986139347,384.9258639904522,386.54840087890625,351509
2010-04-27,385.60477826534145,389.2571649166734,382.2103723698204,383.0250244140625,267233
2010-04-28,382.21037345577207,382.21037345577207,377.48535399096227,380.5335388183594,505025
2010-04-29,380.58098411725115,383.4323061228477,373.11329227164447,375.9170837402344,744418
2010-04-30,376.77928197921256,379.90211895157523,369.460921644211,370.56072998046875,857688
2010-05-03,369.31160636668426,370.5607465822755,361.8438870203335,362.96405029296875,477735
2010-05-04,363.3780773560856,366.4602040205207,347.58730720163055,351.5316162109375,733005
2010-05-05,349.6240259042054,354.1046521327065,344.3491294255672,350.9478454589844,1004412
2010-05-06,350.30292603095126,356.8201960160421,349.0809345520699,354.94647216796875,513327
2010-05-07,353.018397016067,356.4806877772844,344.1929431326827,347.55340576171875,952028
2010-05-10,348.2662559698453,365.0074788768674,348.2662559698453,361.4637145996094,564797
2010-05-11,363.20164468994716,363.20164468994716,353.6973089102663,356.0802001953125,644400
2010-05-12,355.7338786584628,359.12828359145703,351.6605927388697,353.4664306640625,342436
2010-05-13,354.3761659907475,358.4426585641113,354.3761659907475,357.1188659667969,315256
2010-05-14,357.09174486992885,362.3870234818204,354.7835595830757,358.0557556152344,517442
2010-05-17,357.7706232281992,357.7706232281992,349.6240490753157,353.2628479003906,471558
2010-05-18,353.01843533642403,361.6945583464535,347.8589279185523,359.2098388671875,495596
2010-05-19,358.44942192076167,359.7800351710164,348.40197740698665,349.80047607421875,304200
2010-05-20,350.3029324434815,355.8697527787181,332.6520216686144,342.55010986328125,3647496
2010-05-21,339.1692138807423,339.3050115797689,326.0803780365357,333.052490234375,2513695
2010-05-24,334.70219995851534,339.3050360426612,323.1476329142199,325.17071533203125,1644212
2010-05-25,324.5054023034079,324.5054023034079,303.6230064570172,314.86529541015625,8465598
2010-05-26,268.5655732284169,271.4168685982684,230.8265387914328,249.66549682617188,4796313
2010-05-27,251.18615648012582,256.3456359373993,246.4475504791921,254.21395874023438,1711592
2010-05-28,255.25945058715527,259.60427835835867,249.15628848777337,250.8670654296875,813813
2010-05-31,250.64311256129676,254.4991554893017,246.18963486448033,247.52024841308594,1038676
2010-06-01,247.79175227037553,251.72926785659047,241.81759346922976,242.4557647705078,1359454
2010-06-02,243.0396254418611,246.70559995428835,240.24262743965338,241.2066650390625,692468
2010-06-03,243.0396224022076,246.27790253302592,239.64521651838473,242.97853088378906,836263
2010-06-04,242.36070242710312,243.17538119153443,240.08646024770925,240.66351318359375,461241
2010-06-07,238.9663056690394,240.32406785397447,236.3865521469805,237.9004669189453,399505
2010-06-08,239.64521413130538,240.038965746975,236.25080828129379,237.64930725097656,473062
2010-06-09,238.9663457667726,243.85431193545188,238.9663457667726,241.19308471679688,698288
2010-06-10,241.00297350371005,243.03961698863873,238.56578449419513,240.28335571289062,907318
2010-06-11,241.0029463226896,248.72861897861273,241.0029463226896,247.05857849121094,1667108
2010-06-14,247.112864220322,249.74694203836899,243.28397078783348,245.049072265625,448416
2010-06-15,244.94038841380996,246.14879154866313,242.36063569471943,243.8881378173828,861395
2010-06-16,244.38377891138208,244.62817179359936,241.8175865145761,243.3518829345703,445661
2010-06-17,244.39738075326497,245.34783049721878,240.9147346058074,241.817626953125,644886
2010-06-18,243.99004390396533,243.99004390396533,237.77149197086817,238.89842224121094,346052
2010-06-21,240.32406717580446,243.71847262856343,240.32406717580446,242.95814514160156,725338
2010-06-22,242.36071222242165,246.08777776140423,241.0368927434799,243.6505889892578,436621
2010-06-23,243.18891284687115,244.66888467531703,241.81756305036077,243.29074096679688,333687
2010-06-24,243.31118098055904,245.53789288846755,242.22496040103277,244.2276611328125,684646
2010-06-25,243.71847059195068,249.149519270981,243.0395895070719,244.21405029296875,820800
2010-06-28,244.39734354004784,247.6559780096577,244.39734354004784,246.44078063964844,492951
2010-06-29,245.75509437372054,248.74218702254592,242.0280560419085,244.20046997070312,916384
2010-06-30,243.718515153578,250.23578550140007,238.2874654815316,248.151611328125,1115142
2010-07-01,249.9642223552097,253.19568159546074,245.95882087970867,250.56163024902344,815116
2010-07-02,250.50726847443343,252.38099198721545,247.11286322573457,248.07687377929688,341950
2010-07-05,247.7917845922535,250.87391204143384,246.84136170934383,248.25344848632812,213002
2010-07-06,247.7917534105597,249.81483566248113,246.04023970059163,247.06536865234375,434398
2010-07-07,247.11284778272838,248.4706097973563,245.08979258522783,246.93634033203125,248666
2010-07-08,248.06338395999322,255.1237381610602,248.06338395999322,252.88343811035156,2818790
2010-07-09,253.22284725464527,257.64914896121843,253.22284725464527,256.6579895019531,2542859
2010-07-12,257.29616392286266,259.8487422083484,256.6172827198311,258.6131896972656,2155932
2010-07-13,260.69051046705937,260.69051046705937,253.2228189373065,255.0897216796875,256397
2010-07-14,255.2594821045924,258.65388761164974,247.38445058685474,248.35525512695312,868712
2010-07-15,249.82837563443542,250.50725665213645,245.21200619679502,245.8162078857422,316694
2010-07-16,245.81626973683282,249.96423621548405,245.75515136394145,249.02737426757812,339487
2010-07-19,249.01368797985742,249.4074394505773,247.11281603292653,248.24656677246094,135836
2010-07-20,248.47066313341293,250.20861607138215,245.8909362345889,246.62411499023438,150677
2010-07-21,247.11289801786916,250.89428828564863,247.11289801786916,248.97982788085938,243695
2010-07-22,248.47064309748743,251.18619434409047,247.27582740239367,247.9818572998047,207494
2010-07-23,248.47062216220354,250.9010168264014,246.43397903891054,248.13119506835938,258685
2010-07-26,248.470662669499,251.05041641692017,246.5698169272648,247.16043090820312,179095
2010-07-27,247.79177319943088,250.86710659346474,247.24868977897438,249.10882568359375,358003
2010-07-28,249.1495072030194,250.9146086795731,247.79174509902722,248.42991638183594,221265
2010-07-29,248.42992225317454,253.35859719594472,247.24866758357928,251.11827087402344,2414222
2010-07-30,251.0504030222188,254.53986967940725,247.80535612349533,249.0205535888672,690109
2010-08-02,248.47058428485718,253.63009015203795,248.3348134680167,252.05508422851562,523288
2010-08-03,252.5439258033904,256.7529827298676,252.2723572850771,255.87721252441406,752298
2010-08-04,255.93838378085684,257.1603483789017,251.8922456463572,254.98114013671875,710750
2010-08-05,254.5805964765596,257.11281944885616,253.31107460718493,255.39524841308594,161882
2010-08-06,255.93836992774354,256.75302190015026,253.494387157111,253.95602416992188,299294
2010-08-09,253.90173105364457,260.69054236593746,253.90173105364457,258.558837890625,1660161
2010-08-10,263.04661404362355,265.1186319972098,260.7112869069052,263.82275390625,763555
2010-08-11,263.3307778239022,264.68898843491866,262.0834169346003,263.72576904296875,322754
2010-08-12,263.46937068543906,263.46937068543906,257.9255688066122,260.4687805175781,443348
2010-08-13,259.8658915894919,262.59621003695054,258.5145885804382,260.0599060058594,244836
2010-08-16,260.00446657734335,274.09959394895606,260.00446657734335,272.748291015625,5120409
2010-08-17,273.03238903553097,284.5357869868034,273.03238903553097,278.6385498046875,2374910
2010-08-18,279.2691454931489,288.06993711824055,279.2691454931489,285.60986328125,2698215
2010-08-19,286.1989581899441,297.42517870046373,285.8178368943407,296.1570129394531,1431649
2010-08-20,295.900550395317,297.90327331610166,288.4372189419197,290.2528076171875,1024814
2010-08-23,290.35682745246686,296.59363223852137,287.4463368262493,289.03326416015625,865446
2010-08-24,289.0331864736802,291.74269956553604,286.61469495531327,287.2106628417969,1253701
2010-08-25,287.5848291978368,294.90959801271356,285.0901355374929,286.0187072753906,541337
2010-08-26,286.1990111585051,289.30354401290884,281.486773300733,283.544921875,512808
2010-08-27,283.8428045364433,287.33539247087907,278.1950615684397,279.64337158203125,283001
2010-08-30,279.9622008879468,286.86424115407846,279.9622008879468,283.30926513671875,523858
2010-08-31,282.7340269279427,286.7532879084063,276.6358406897466,280.12152099609375,514422
2010-09-01,280.65518731784,284.6744495248631,279.9622120204537,283.40631103515625,231110
2010-09-02,284.1200162035512,290.9111784623341,284.1200162035512,289.55987548828125,1227629
2010-09-03,289.5876095708655,291.5348806661405,288.2778888472825,289.35894775390625,680887
2010-09-06,289.66380126660823,294.237448168712,289.52521172037325,293.0386047363281,547921
2010-09-07,293.12867164218954,307.98606828595445,289.8301253760197,304.2232360839844,1665475
2010-09-08,304.9092806532324,310.3144922232652,298.85958383818655,299.8367004394531,1109375
2010-09-09,300.1970458618154,302.9689464348232,296.73217014555576,298.0765380859375,370452
2010-09-13,298.6725244631138,303.5233507652737,296.7321884600681,298.5061950683594,370148
2010-09-14,298.6724958777141,306.4338117361667,297.9795207580146,305.0132141113281,860067
2010-09-15,304.9093284139699,308.23561508662505,302.2621470682234,304.7291564941406,914090
2010-09-16,304.21630714691037,307.3762639319223,302.86500424714785,304.7152404785156,738656
2010-09-17,304.4935273003514,312.23406699807407,304.2163481700617,309.1156921386719,837300
2010-09-20,311.83903575922926,313.2249860546603,309.20572471572893,311.5895690917969,582217
2010-09-21,311.8390915438681,313.5022212315383,307.81982948593435,309.2057800292969,861758
2010-09-22,309.76014602412715,311.1183840488401,303.52336897573434,305.2350158691406,573105
2010-09-23,305.60225579270053,306.9951410311038,298.11811880426336,299.8367004394531,568348
2010-09-24,299.365497715678,304.4657906661203,297.70234083341944,301.6037902832031,655890
2010-09-27,301.4444461178201,305.71317465627055,300.90390295828064,302.2413635253906,1136082
2010-09-28,302.2413133145301,306.65556564469836,301.4443960393501,304.64593505859375,422376
2010-09-29,304.9093406968974,308.997897565981,303.3848005720319,306.37152099609375,583481
2010-09-30,306.29524562699385,308.92855676548993,304.9092952815652,307.7227783203125,669973
2010-10-01,308.37422893901754,311.7005158736232,307.98614522658363,309.351318359375,596611
2010-10-04,309.7600977221603,323.6196001129841,309.7600977221603,319.8913879394531,1169082
2010-10-05,319.89133252227776,324.3125190494346,318.761784095433,319.3092346191406,608179
2010-10-06,319.46176808762607,328.747651679344,319.46176808762607,325.28277587890625,631037
2010-10-07,326.8003748123462,328.4704391613226,323.2384918743486,324.8669738769531,374509
2010-10-08,326.1212934265039,328.3318736181134,320.52203957237276,324.9778747558594,420471
2010-10-11,325.69856187927707,330.54938825830686,324.3126114852685,325.9480285644531,486918
2010-10-12,325.7054140257057,327.0567166868282,321.67921846455374,322.8434143066406,209924
2010-10-13,322.3722532442681,326.3915145922005,318.92124741706135,320.66754150390625,340407
2010-10-14,320.84773147350165,325.92724700473883,320.84773147350165,324.6937561035156,737133
2010-10-15,324.99865630676635,324.99865630676635,316.90470808445343,318.7826843261719,578387
2010-10-18,319.461749519458,321.5129624527118,309.76009784212414,313.6199645996094,346305
2010-10-19,314.555500108158,318.72719335162157,312.11620355490703,315.0890808105469,151578
2010-10-20,314.6109856851467,314.6109856851467,307.4040265722172,308.3187561035156,292333
2010-10-21,309.76015079249044,313.5022061147661,303.2184546753251,311.9222412109375,440730
2010-10-22,311.8389758896484,315.71964693617286,309.90557532460434,312.7675476074219,646416
2010-10-25,313.22499272253833,318.0688839001131,313.22499272253833,315.1514587402344,248147
2010-10-26,314.61097362521537,317.38287454449227,311.3886292127372,314.4446716308594,171143
2010-10-27,314.888071695695,314.888071695695,310.45304233086165,312.54583740234375,190819
2010-10-28,313.22498031035605,317.6600102100372,308.50580895070567,315.84442138671875,781961
2010-10-29,310.45316614581054,315.9761912951426,306.7110829290925,310.5224609375,562023
2010-11-01,311.1460652636368,324.03541416822384,311.1460652636368,321.8456115722656,1029247
2010-11-02,322.09501715152186,330.1335384249031,319.8566976734418,328.0130310058594,1254297
2010-11-03,328.4704266594963,334.70720274884275,328.4704266594963,332.8292541503906,663940
2010-11-04,332.62832030820624,336.78619898187765,331.4086992879057,334.4716491699219,565789
2010-11-08,333.32122517768914,340.2510032308064,332.7668670550353,336.2109375,604258
2010-11-09,336.78617741406146,341.637003576636,335.88529051051916,340.34112548828125,506807
2010-11-10,340.94399570188915,343.0229210006924,338.17209530348475,340.736083984375,195705
2010-11-11,340.9440344010193,343.71593511405047,334.01425520753264,336.0862731933594,236100
2010-11-12,331.51957996237235,338.1721530182791,311.00750254908496,318.0966491699219,254434
2010-11-15,317.105699966526,323.4117719072648,313.9180028992586,316.4335021972656,314238
2010-11-16,319.46179070245626,320.1547659115998,309.2334645546971,311.8806457519531,361295
2010-11-18,312.5319901063773,316.6829057568565,312.05383427107745,314.153564453125,250947
2010-11-19,313.22500919780725,317.2234659535225,300.19706997598377,306.6347961425781,361898
2010-11-22,306.9881950126974,313.77935661702173,306.9881950126974,312.31024169921875,346337
2010-11-23,311.83906742940565,313.1834355149798,307.8198056822807,309.7254943847656,696259
2010-11-24,309.0671469143365,311.8390476105434,304.38955763676023,306.12200927734375,255801
2010-11-25,306.1566631193791,308.92856387401855,297.30041773136077,299.9753112792969,603558
2010-11-26,300.7514268744512,320.0161410453978,296.87075516702794,311.700439453125,765687
2010-11-29,311.8390297103871,313.50215906828106,308.39493150635724,311.80438232421875,179076
2010-11-30,312.1162333680068,316.1354949453519,308.7345221216135,315.3524475097656,365993
2010-12-01,315.30393202437654,322.02579961808857,313.9179816387189,320.9655456542969,340479
2010-12-02,322.2336868944463,325.97576941643,320.8616064162645,324.0077209472656,212205
2010-12-03,323.61959676992876,327.77744744422444,320.30718066670295,326.7171936035156,221725
2010-12-06,326.3915089864736,329.1634095359361,324.4511731196684,325.9202880859375,184319
2010-12-07,323.20386510440073,327.77748492253335,320.8477330063545,325.8995361328125,204726
2010-12-08,325.4214025060028,329.1496153224518,324.31263115917045,327.50726318359375,211927
2010-12-09,327.0845185885847,329.14960171029344,320.8477416951276,322.6910705566406,642229
2010-12-10,322.23363872882896,322.9266138244023,316.8214925421484,321.4228515625,339008
2010-12-13,321.8179579451288,329.16347951632355,320.8477761000114,323.2385559082031,197572
2010-12-14,323.2038336563014,328.47042815360635,321.7624311443136,327.3963317871094,114307
2010-12-15,325.00558997441885,330.965187693387,312.3934467433684,314.6109619140625,258011
2010-12-16,314.6109041240374,314.6109041240374,305.3250216492719,312.0884704589844,353641
2010-12-20,311.14608156757185,316.27408704168084,310.4531063731837,315.40093994140625,142304
2010-12-21,319.46174008246925,322.21979797259934,315.9968645857748,321.29119873046875,161480
2010-12-22,321.54071843010286,324.29877677527315,317.6600462691876,318.8589172363281,124430
2010-12-23,319.32314699995226,322.92661199433104,319.32314699995226,321.4783020019531,330330
2010-12-24,321.54069588211433,322.2198285386509,314.61094423136325,316.6205749511719,235270
2010-12-27,316.9531922894732,320.847706514401,316.8353802121166,318.4430847167969,117742
2010-12-28,318.76874490991,322.64941618619974,317.6738437736836,321.6238098144531,205329
2010-12-29,322.2336911774829,323.59192916449865,319.8775864334023,320.5913391113281,164384
2010-12-30,320.840751425288,321.64460362719404,318.7687611115022,321.11102294921875,310343
2010-12-31,321.54761879674226,325.6985346719773,320.30025806415125,324.6867980957031,182925
2011-01-03,324.6868120398865,329.16342450399793,324.3195332816179,326.53704833984375,383822
2011-01-04,326.391507922414,333.446006310379,325.6985327873075,332.7183837890625,775415
2011-01-05,327.77742567691405,339.5580292159885,327.3616570836387,333.3766784667969,594945
2011-01-06,334.0142515874319,336.5089731664852,326.4053946287724,329.9742126464844,1120061
2011-01-07,329.8633359874303,336.09320498406,325.0818045614474,331.3393859863281,540656
2011-01-10,331.8591278657804,337.8395028411655,319.6350139055522,322.5177917480469,326383
2011-01-11,322.5247066314606,326.3915084397014,315.87906931896646,320.8823547363281,335819
2011-01-12,320.84766517665344,340.9439688959658,316.2393715328056,334.3814697265625,624407
2011-01-13,334.7071906283459,347.8737448621931,331.93529024456865,341.49835205078125,893546
2011-01-14,342.3299633147099,344.6444854632236,338.3314795177465,340.6183166503906,589683
2011-01-17,340.94400715575324,342.32995740151586,335.4002061727029,338.8650817871094,232192
2011-01-18,339.1561315039778,342.0527516253895,334.1528461722864,335.3724670410156,232613
2011-01-19,335.40017631936377,338.7125921779413,332.62824866365634,334.0350036621094,145518
2011-01-20,334.01426018956107,339.5580891092217,331.51263099720956,337.7355651855469,144630
2011-01-21,338.03348688975694,338.1582339234151,332.6629228795221,334.2221374511719,157009
2011-01-24,334.7072479193193,337.8949448706551,330.35538221130696,332.08087158203125,218796
2011-01-25,333.1895950796014,335.2615854657459,326.39149850999536,328.1863098144531,325042
2011-01-27,327.7774866196669,333.8479613904707,323.23157920704347,326.4747009277344,668774
2011-01-28,326.39846610465474,326.39846610465474,313.50218175033433,319.1568603515625,597337
2011-01-31,318.76886078948183,321.12499328191564,313.2250583285745,316.1701965332031,294051
2011-02-01,317.15411483667356,319.0043782990723,311.166805795847,312.982421875,241083
2011-02-02,313.5507223860037,316.9670812537149,309.101821919321,310.453125,316260
2011-02-03,311.1460932179054,318.6302310797104,310.59170755945496,317.937255859375,348152
2011-02-04,318.07582723813255,322.8504237663173,315.3039265152492,318.5816955566406,432480
2011-02-07,318.907443346562,321.19428099897027,314.61793697714506,318.9836730957031,146782
2011-02-08,318.7688380045165,327.34787772995884,316.5790350925443,319.60040283203125,373304
2011-02-09,319.5864512246977,319.5864512246977,311.0074144278734,312.136962890625,169445
2011-02-10,312.53201316186494,313.19727588708946,303.5233361765659,305.2626953125,403212
2011-02-11,306.9881924355862,313.2249684137692,305.463652678656,308.6651916503906,247279
2011-02-14,309.06721664453875,326.39159990447274,309.06721664453875,321.30517578125,504189
2011-02-15,321.2635169825529,331.93532356706,318.0758202568389,319.95379638671875,452045
2011-02-16,319.4617894925559,326.9459272051435,318.7688142860369,321.1180114746094,229062
2011-02-17,321.54067090679797,325.55993203422355,320.1547206842999,323.3077697753906,332799
2011-02-18,323.75820680740316,328.33185380304906,314.88811932515796,317.77783203125,310777
2011-02-21,318.75486902704665,324.99857937013553,315.30386373038345,322.46923828125,441326
2011-02-22,321.8179119006155,322.7880661960141,317.9372398972036,322.22674560546875,285697
2011-02-23,315.30393203031366,324.2987670281645,313.6061551427602,315.2969970703125,366907
2011-02-24,315.30391845406353,315.58109755490193,308.99784721181834,310.84808349609375,661989
2011-02-25,311.14603831256056,314.4515193882333,308.5473748421395,311.6865539550781,266021
2011-02-28,311.8390427786331,315.996893758518,307.2653957363965,312.55279541015625,454099
2011-03-01,313.2249783235081,318.76877936839753,313.2249783235081,317.867919921875,237130
2011-03-03,317.3827748436582,319.5864468948167,315.46324420208634,316.4957580566406,266216
2011-03-04,316.6899011742388,320.6398682306753,315.5187700137674,318.7965393066406,214234
2011-03-07,317.3828671480836,319.45485782888363,312.0123023894146,318.8589172363281,289054
2011-03-08,314.88811507189916,321.95648349895214,314.88811507189916,317.8609924316406,368599
2011-03-09,318.7687766549756,322.6494483177279,318.7687766549756,320.4942932128906,636260
2011-03-10,320.8477174767086,323.6196181090148,319.6419390570009,321.8456115722656,909398
2011-03-11,321.5406634257893,331.7551179726035,320.1547132355369,325.98956298828125,1086660
2011-03-14,325.6985544098924,331.2008009213028,325.6847119010335,329.9187927246094,559075
2011-03-15,328.19328976409275,335.40024839587824,321.5407167825845,330.0643310546875,622975
2011-03-16,330.0642726402911,339.2808330804672,330.0642726402911,337.6454162597656,1568685
2011-03-17,336.7860928848758,341.15182711217466,333.1895359549477,337.89483642578125,490865
2011-03-18,338.17209049089365,342.32994102932906,334.29835398296126,337.48602294921875,878427
2011-03-21,337.47916396387353,338.72649737616945,335.06067205528586,337.47222900390625,764942
2011-03-22,336.7861331807794,341.22116269684744,333.32123039453916,339.8282775878906,896722
2011-03-23,340.2510375825039,347.38867324132707,336.7861619115839,340.9578552246094,1995287
2011-03-24,342.3299618344215,343.2724036279989,334.36073411263817,337.4444885253906,2051443
2011-03-25,342.18442831196086,345.7948283796567,337.51377440170864,343.5911560058594,1329979
2011-03-28,340.4589030088231,346.3353351099532,339.86293510678433,342.75958251953125,1438052
2011-03-29,342.7457128157121,346.2105882965462,337.29201169200473,338.19287109375,626850
2011-03-30,338.31774774894023,343.5774365003684,336.59916556266893,340.6253356933594,708650
2011-03-31,340.94407033318606,353.37604250381213,338.17216932802364,340.514404296875,1588257
2011-04-01,344.2703602399825,353.14044902160686,342.31615411474536,350.77044677734375,930402
2011-04-04,351.3456196502625,358.8228225790682,349.5438731064534,358.1852722167969,572120
2011-04-05,357.57541773546234,360.2087287407866,353.4314368283452,354.7342224121094,645768
2011-04-06,355.6350906181137,363.9993097811794,351.40794491541453,353.23046875,832186
2011-04-07,353.4175832451438,354.7619512368346,348.24106064624885,349.55078125,495116
2011-04-08,349.85568890541543,356.1756025133295,346.62640991690756,351.7128601074219,856470
2011-04-11,351.61582129674196,354.664928355184,348.1786580283486,351.1654052734375,480897
2011-04-13,348.5668146940072,356.1618303883994,346.4255016038158,354.24920654296875,618911
2011-04-15,353.50075043587253,355.3371168314497,347.5965778267531,349.5230712890625,155693
2011-04-18,350.65958046996366,356.8824875743377,340.26492468401995,342.4685974121094,495764
2011-04-19,343.7574908869503,345.3790378768239,329.23963324334676,332.6976013183594,1036136
2011-04-20,333.45989051271704,336.74459443847394,328.6852666833908,334.9359130859375,614193
2011-04-21,335.9685020017476,338.5186487752608,333.33519052166645,335.788330078125,482984
2011-04-25,335.9545966306105,342.74575896972163,334.14594262453363,341.51226806640625,565328
2011-04-26,342.3299347381292,348.56671043116546,339.696623963333,346.8342590332031,639604
2011-04-27,348.5667520239584,350.6179650752688,339.88377135423633,342.6002197265625,652819
2011-04-28,344.3811768764611,346.4739447924986,336.78616280699407,339.09375,892179
2011-04-29,339.003689001618,343.71592556503884,331.242345292027,339.8976135253906,318554
2011-05-02,339.5580785031027,344.75537854976494,337.4791530022562,342.4131164550781,243112
2011-05-03,342.64873740773214,344.9632870526547,339.2808688082336,340.0015563964844,1010524
2011-05-04,339.6966504796448,339.6966504796448,324.3472280265794,326.8419494628906,476905
2011-05-05,326.3915057078262,328.47043109904,317.5075760486198,319.2053527832031,609773
2011-05-06,320.98630828657673,325.005569701385,320.2032608826565,323.39093017578125,400115
2011-05-09,323.6196378641082,328.304162279468,322.23368746335086,323.11376953125,221051
2011-05-10,327.6388475588706,329.0247977398751,320.88233357374776,327.0151672363281,281802
2011-05-11,328.47041610287346,329.7177767628354,324.728361533893,327.1953430175781,324763
2011-05-12,332.30266810546414,335.2616762113733,317.73631682675324,319.63507080078125,856904
2011-05-13,322.9128606553683,328.0547367388722,320.15480201717185,325.1511535644531,284388
2011-05-16,328.4704938391774,328.4704938391774,319.4618154231975,321.90802001953125,206684
2011-05-17,323.2107175231185,325.3797423860371,318.3252446260776,321.0902099609375,214636
2011-05-18,323.25925311896077,324.31257200085867,315.91370596065764,319.10833740234375,368592
2011-05-19,319.18458929684704,320.3626278825005,308.66521484395645,310.3768615722656,1051702
2011-05-20,310.5916427874247,315.2969438263492,310.31446372145865,312.982421875,323324
2011-05-23,311.83214586313113,311.8390808236829,304.2163530972377,306.4338684082031,428889
2011-05-24,307.9583490827547,311.53410176857193,305.60224465876524,308.6374816894531,146199
2011-05-25,308.6374907067105,311.83209483813306,306.29522872181144,311.17376708984375,194163
2011-05-26,311.1460488676736,316.0245871448382,306.9951330976016,312.386474609375,751857
2011-05-27,313.35666275309944,317.24426977853045,309.20574653346495,311.8321228027344,259281
2011-05-30,310.5916963680668,313.9179827880047,309.2403933665579,311.0975646972656,112991
2011-05-31,312.5320378135623,322.1020361176707,310.4531121914362,319.14996337890625,237765
2011-06-01,316.17011082281124,323.9452966004272,316.17011082281124,322.8573303222656,128597
2011-06-02,318.77572525069064,322.48313273267826,314.74952891362767,315.96917724609375,218044
2011-06-03,314.61095599663435,318.76880714257305,312.0053572177128,315.82366943359375,178175
2011-06-06,317.38285180092674,317.38285180092674,313.51604974741116,315.87908935546875,71806
2011-06-07,315.2970708731014,319.8430067452103,313.4329641528183,317.0433654785156,190689
2011-06-08,316.6898707297651,320.15474656611633,315.4702223745699,317.091796875,165479
2011-06-09,315.99688588307225,316.9670401231702,313.36357484592565,315.15838623046875,163632
2011-06-10,315.30389990698137,315.9968750292225,308.11081210771863,309.1571960449219,188926
2011-06-13,309.0671118005401,309.0740467595653,305.7408258608168,306.9119567871094,228751
2011-06-14,309.06713058039526,312.1162102207182,306.4684669623114,308.3395080566406,202672
2011-06-15,310.45305304440194,311.7004136622143,304.2162773662446,305.44976806640625,260007
2011-06-16,304.9092771010849,304.9092771010849,297.4251401998368,299.3931884765625,442557
2011-06-17,299.3654458973779,300.5712241492119,290.2943828793241,291.9644470214844,559664
2011-06-20,292.1585358593417,295.9005908302264,274.7232794053426,279.0682373046875,1129854
2011-06-21,280.6551058543687,285.090162916861,274.68166655516137,283.3438415527344,348223
2011-06-22,283.43399181537717,288.9015638341708,282.7340816351074,285.2703857421875,342818
2011-06-23,284.1546845686945,286.7117661916059,280.65516101540766,281.95794677734375,227578
2011-06-24,284.11305371878416,290.40528200894073,279.68495891179776,289.5321350097656,546094
2011-06-27,286.89184069564874,292.92073139410815,286.1988656985006,286.8710632324219,539574
2011-06-28,284.6743786287537,289.3173201882245,284.6743786287537,287.4809265136719,400387
2011-06-29,288.6936563948071,292.2694093403531,288.2778603317102,290.9319763183594,657031
2011-06-30,293.1287288519369,294.4453845959915,288.27790199891353,290.4746398925781,552808
2011-07-01,290.8488485508004,295.9006247104619,283.8428662806508,294.8611755371094,913403
2011-07-04,294.93046401867673,297.97957151123575,293.12871743621406,297.41131591796875,284738
2011-07-05,296.23320241496833,306.2952253792255,296.23320241496833,305.7962646484375,821104
2011-07-06,305.6161036006134,309.6215224531435,304.3687702566656,306.86346435546875,341723
2011-07-07,306.3368541875866,311.6589017765581,306.3368541875866,310.58477783203125,451144
2011-07-08,311.79750571700976,313.1973261663603,297.8548357310309,300.28717041015625,370776
2011-07-11,299.3655206726564,303.50950215994663,295.2561591656442,302.608642578125,991561
2011-07-12,301.9918798559684,306.71102421428793,300.1347085258381,302.01959228515625,243980
2011-07-13,300.05845732792886,304.6390118018099,300.05845732792886,301.5137023925781,318101
2011-07-14,301.58304111305694,304.9093277787827,297.97957531306696,301.9988098144531,360472
2011-07-15,299.8713326327249,304.1885502640056,298.949668342984,299.5594787597656,494079
2011-07-18,299.6426437154314,302.7471754750422,299.6426437154314,300.557373046875,257434
2011-07-19,300.7514313379071,303.80051100262915,300.0584561949332,302.3799133300781,346655
2011-07-20,302.83037109472957,304.21632144625113,298.25672397034504,299.219970703125,295561
2011-07-21,299.3654959223897,301.8186077662997,297.9795455675975,299.32391357421875,288536
2011-07-22,299.67733075578883,308.37418180900755,299.580323547963,307.7920837402344,855070
2011-07-25,307.9445679408776,307.9445679408776,304.10547791622247,305.6716003417969,356026
2011-07-26,306.84963924925495,308.37417918680114,302.1512449787841,302.7818603515625,541920
2011-07-27,304.2094352785711,304.45890199611165,295.3532160458629,300.2525329589844,529892
2011-07-28,300.1970443207812,307.6534688846943,295.90057652594896,305.84478759765625,835751
2011-07-29,304.88846962060006,310.272903614453,302.3244808439575,304.3548889160156,419602
2011-08-01,305.06868663657326,309.76014619894113,303.7451234128583,304.6044006347656,480703
2011-08-02,304.770707144956,307.48715558094256,299.5040848434989,305.5953369140625,570779
2011-08-03,303.80056272858496,306.2952846324122,302.1443406164124,304.8538818359375,351976
2011-08-04,304.90931480162175,306.1982306141863,297.44595444481786,298.9150695800781,334555
2011-08-05,296.1292816059622,296.1292816059622,289.6638158048896,291.9506530761719,746906
2011-08-08,279.2691665605216,293.46823533402863,279.2691665605216,290.3429260253906,780807
2011-08-09,287.5571703153463,303.3847492548682,284.12000694950206,298.5962829589844,639410
2011-08-10,303.4817757533399,303.4817757533399,290.53697374745303,292.3872375488281,399804
2011-08-11,292.387177569173,296.15694435596913,289.0747343024666,290.8903503417969,375481
2011-08-12,295.73429920385666,295.73429920385666,285.86631704196174,291.0775146484375,422259
2011-08-16,293.8217098157218,295.2076603720394,288.69370372171164,290.5231628417969,157061
2011-08-17,292.68517289018,297.7023004634335,290.495370517003,293.0316467285156,330200
2011-08-18,292.01993462436127,294.90964728548386,288.69364844391913,290.2805480957031,364633
2011-08-19,287.4462390640818,292.435653785084,286.9126584343865,288.513427734375,373842
2011-08-22,288.56194317731655,293.9602188865625,283.3091645380501,292.2138977050781,404722
2011-08-23,293.8216889590034,295.06904985332875,289.87865689097265,293.8979187011719,132466
2011-08-24,293.89789142610573,298.3953087421125,290.5161802976328,295.6026306152344,517500
2011-08-25,295.761987982545,301.44440607602445,293.9602690597771,299.67730712890625,556897
2011-08-26,299.6426468713251,302.83034335216024,287.1690948503447,290.0588073730469,271433
2011-08-29,291.0567227306739,299.3655179210552,291.0567227306739,297.86175537109375,286118
2011-08-30,303.31531701101943,304.21620357809707,298.845641194041,302.8371887207031,306792
2011-09-02,302.83038747258405,304.2024679786509,291.34776543816383,300.04461669921875,596857
2011-09-05,296.6005254616952,304.9093206774138,295.2076400404536,304.3688049316406,446776
2011-09-06,305.31125904264354,305.31125904264354,298.7338123513779,302.1206970214844,827773
2011-09-07,304.86255115425246,312.0290230798497,303.2146941995525,310.38818359375,697121
2011-09-08,311.9027424694607,316.9515186401007,307.1344430772361,314.5673828125,734930
2011-09-09,315.5490665007482,319.7563844288092,300.8234537525349,302.2469177246094,723880
2011-09-12,304.32952923571423,306.4331880422088,297.3173054770455,303.7264709472656,461047
2011-09-13,305.38834667242367,307.83561155773066,301.7770700658759,304.6450500488281,233028
2011-09-14,305.07986811153967,312.6039798684088,298.75488340882754,310.19879150390625,635956
2011-09-15,309.93232245422564,322.5612949542054,305.87225997466874,318.578369140625,514467
2011-09-16,318.571373725811,326.4881591041191,316.1171183902955,323.8305358886719,641380
2011-09-19,320.97650069838943,322.5542379498301,317.7929563298483,318.7255859375,249016
2011-09-20,318.9149263729179,326.4881041904121,317.13382123851176,325.3170471191406,317323
2011-09-21,325.3661425879835,332.238100770689,322.56126396133004,330.42193603515625,311251
2011-09-22,328.16399089418576,328.16399089418576,319.2374686203167,324.4124755859375,661892
2011-09-23,322.042301908582,337.38500521130214,319.3426025547725,329.4051208496094,614180
2011-09-26,331.59301441948054,331.59301441948054,317.23200386264614,322.3999938964844,480450
2011-09-27,323.21341729049203,327.4698301310453,322.7015305022764,324.2862854003906,200598
2011-09-28,324.52470009227244,326.0673778634224,318.0103550239483,319.30059814453125,229943
2011-09-29,317.93322619049275,333.5914697483883,316.7411721036274,326.9088439941406,1442764
2011-09-30,325.4011779523951,330.9758751945904,319.9036173630206,328.4234313964844,477689
2011-10-03,330.69537675912784,330.69537675912784,314.39901868786416,321.55145263671875,487371
2011-10-04,320.4996551517452,331.62802486951887,318.4661155444109,322.27374267578125,544188
2011-10-05,322.41406672527046,327.1893842727334,320.0860148229494,325.9061584472656,761151
2011-10-07,326.6002570282033,335.87740208850914,323.8654979649569,327.4697570800781,666538
2011-10-10,327.46978988401276,329.2929720211518,322.9890128025119,325.8499755859375,665657
2011-10-11,325.50639071020953,330.9478676130018,325.50639071020953,327.2173767089844,382215
2011-10-12,327.1893319380183,336.5716572512889,327.1893319380183,335.7652587890625,345346
2011-10-13,335.18323500184624,338.6332492036507,324.11799324386766,326.2356872558594,355242
2011-10-14,329.2227808783451,334.7624175314893,325.94107593834525,333.724609375,445480
2011-10-17,333.92104075793577,335.04297555351235,326.7685781524093,327.5399169921875,274537
2011-10-18,326.0673414862522,331.3966216324252,325.38717427269273,327.0069885253906,339630
2011-10-19,329.6856652187739,332.9393289468729,326.8176847933689,330.0643310546875,425078
2011-10-20,330.5411416371147,330.5411416371147,324.37040326264645,325.2609558105469,216567
2011-10-21,325.9621633590118,328.4515054683426,319.7563656196154,321.095703125,431287
2011-10-24,322.84882403353714,332.2381685231843,322.84882403353714,330.6604309082031,314750
2011-10-25,330.6813965697849,347.20214985360633,330.6813965697849,344.3551940917969,1076316
2011-10-28,350.89056019775785,366.3384452847508,350.89056019775785,358.6180114746094,693498
2011-10-31,357.3418137749332,357.61527308844165,346.40277554603466,347.8683166503906,234985
2011-11-01,347.76314709355916,352.62960797491195,344.29912562561736,349.35491943359375,251414
2011-11-02,348.34516944971466,350.4698810710395,345.47017129074277,347.2162170410156,175362
2011-11-03,346.3957730637549,352.6576559959962,341.3539863687553,351.23419189453125,206917
2011-11-04,350.61009893909403,356.0375410705705,350.61009893909403,353.611328125,335689
2011-11-08,353.2747364841506,354.8103967942516,350.8975903529019,353.40093994140625,211927
2011-11-09,355.51858372397294,357.6222425055753,342.75636492596965,345.5121765136719,414262
2011-11-11,347.79118220212314,350.8905726884361,343.78021443660737,346.65521240234375,289631
2011-11-14,345.01434044042475,350.3295861857502,342.37075250147353,343.9765319824219,171817
2011-11-15,344.29208568865386,347.7631243971636,338.4228762944659,344.3131103515625,478869
2011-11-16,344.6427451011651,344.6427451011651,331.88055046985335,335.127197265625,533864
2011-11-17,335.2744202978814,340.07777954962825,323.4167867662499,327.3576354980469,483029
2011-11-18,325.6466432647719,329.4332182714328,319.05516192740805,327.3295593261719,202095
2011-11-21,323.2836112901782,326.4881811519785,315.8716947717496,319.06927490234375,382668
2011-11-22,321.86001555792376,325.36611352809547,319.05513718178634,322.6734313964844,240442
2011-11-23,318.353937950544,321.86003614497537,313.1648959805726,317.91217041015625,740484
2011-11-24,316.39055099423445,328.0308093299892,309.252122663189,324.88232421875,548971
2011-11-25,318.4942185283543,327.75034117761805,314.9180006699217,318.6064147949219,319941
2011-11-28,322.4210581780178,325.366175486386,318.7186091406263,324.71405029296875,162044
2011-11-29,324.66495178085233,327.4768481239701,320.89238359063035,325.4994201660156,267642
2011-11-30,323.6831919721971,329.57342536491626,318.2837928708584,328.33929443359375,379551
2011-12-01,333.1146600580634,344.06773409953394,331.3826492311354,340.7018737792969,427872
2011-12-02,340.7017876726238,349.27069577547496,338.128319350294,343.78717041015625,495135
2011-12-05,343.78724366081116,348.8851146057769,340.0988018790752,344.0887451171875,189749
2011-12-07,342.2235493260818,346.39580846389794,338.71043290775526,340.44244384765625,207124
2011-12-08,339.3905495552561,346.47988249004277,335.74418530036087,338.0792541503906,377691
2011-12-09,335.1551550322703,341.2136969310281,331.29144356023755,338.2335205078125,425253
2011-12-12,339.53079195692703,339.9515070964629,321.86705240026436,325.46429443359375,953850
2011-12-13,321.341140939622,342.1954429848798,319.7563861756163,338.5771484375,628043
2011-12-14,338.12835973330664,338.12835973330664,333.6405373255521,335.9054870605469,596138
2011-12-15,330.97589029627443,335.89144521775916,327.7012020830912,332.3923645019531,383654
2011-12-16,333.633545209063,336.50857095938215,329.7137212381133,332.3994140625,405740
2011-12-19,330.2816317626687,336.5855899484487,324.6648581632626,334.6572570800781,446037
2011-12-20,337.9810984116703,337.9810984116703,326.768573908882,329.1387023925781,380841
2011-12-21,332.4624896214282,337.0975678658126,330.13443816796143,334.061279296875,412927
2011-12-22,332.37133425949287,339.39054797245257,330.97588473941687,338.0722351074219,390394
2011-12-23,338.26862419734874,346.9637651807134,338.26862419734874,344.4463806152344,415072
2011-12-26,344.9862746452293,349.193592449434,344.86004346155426,347.4896240234375,235050
2011-12-27,347.38447438456484,349.5582526587492,344.30610856070035,347.075927734375,189892
2011-12-28,346.40279072496514,347.791195228138,342.8966921309192,344.9091796875,194124
2011-12-29,344.86010049265155,357.34184532704785,340.3723051874744,352.76287841796875,1240467
2011-12-30,350.5681008540388,351.29034537940424,343.7873123298049,349.0324401855469,395008
2012-01-02,346.96376288914024,348.9131486633104,336.5856780402692,339.1241149902344,193865
2012-01-03,339.5308235846427,344.7058310843538,336.7399519754504,344.22900390625,526010
2012-01-04,345.84182006263416,345.84182006263416,335.18325781857845,337.61651611328125,555199
2012-01-05,338.5490777628519,340.5054808827879,333.07955889214526,336.94329833984375,607447
2012-01-06,338.54202739423386,341.3539232148901,334.20850642363854,339.1801452636719,414599
2012-01-09,337.04847329874747,344.2920797605431,335.4637185565286,342.6441955566406,214000
2012-01-10,342.51798942246563,345.2807909341635,339.11005252509625,344.25,530702
2012-01-11,343.59786956668546,344.08870389353274,335.18320623945624,337.0765075683594,374360
2012-01-12,337.9881565780837,347.80526125607787,335.51986627565526,344.7128601074219,293493
2012-01-13,347.1039837657102,352.2789909949216,344.6497010699994,347.5948181152344,629974
2012-01-16,343.5978228179349,350.6100181890528,343.5978228179349,349.4109191894531,217390
2012-01-17,348.92713727487643,359.0247170635689,348.8990951452438,356.9771423339844,704943
2012-01-18,358.3165018843627,358.3165018843627,345.7225893093955,347.52471923828125,172880
2012-01-19,349.0603525722464,353.8356411009984,347.8051692181482,352.04754638671875,195867
2012-01-20,351.3113143141991,353.9478848157983,347.2722766956124,349.095458984375,184850
2012-01-23,348.78684851149376,357.2996722965625,347.8121696856175,353.9828796386719,244078
2012-01-24,355.49057701351813,360.5253181116105,345.154569768927,348.81494140625,464190
2012-01-25,351.591783276321,354.8174048733129,346.0241029448669,348.44329833984375,764501
2012-01-27,349.7686109280265,364.6204545237073,348.64664841141376,361.7875061035156,717574
2012-01-30,361.63325269122237,365.8966827519479,357.90977925627766,362.53082275390625,455415
2012-01-31,363.23206901957366,370.7351284361134,359.0948698474552,366.38055419921875,670667
2012-02-01,367.1518014728991,375.14572102496413,365.63716612786703,372.71246337890625,638042
2012-02-02,373.8765240375906,376.33080648264496,370.94541448805484,374.06585693359375,885309
2012-02-03,374.3113681915695,386.9333517813437,373.7503868284865,384.10040283203125,1275561
2012-02-06,389.55584661022823,405.29122544733445,382.8731937071298,394.6537170410156,1316707
2012-02-07,395.20764666752274,398.90304975016846,389.8783667254134,395.8597717285156,1050089
2012-02-08,396.1894247263806,403.90284175455304,393.81929593739665,401.7220458984375,1101494
2012-02-09,402.3601272607135,404.18330948708757,393.2232192028059,396.3717041015625,257434
2012-02-10,399.55528055545426,402.493380373505,394.4153325036547,397.40252685546875,474935
2012-02-13,398.57349777090116,401.0978994944635,395.2146555180498,399.46405029296875,300032
2012-02-14,398.9872542888232,403.20158979832337,396.2034279939879,397.4165344238281,209082
2012-02-15,398.29309721769,401.7991959839526,394.94828925737505,396.5049743652344,494753
2012-02-16,392.68332809187433,401.79918462648345,391.64551955795275,397.851318359375,286630
2012-02-17,400.9856876430583,405.96434397122863,394.604592131262,403.6293029785156,602159
2012-02-21,404.8844452611518,410.6344397834401,398.8539462883758,399.2886962890625,440114
2012-02-22,402.1357495761825,402.1357495761825,385.9586021321717,391.37200927734375,530015
2012-02-23,391.37199939151634,391.37199939151634,379.28997414356627,383.54638671875,528058
2012-02-24,383.5814230871726,390.579612208152,379.5003364804256,381.7512512207031,554259
2012-02-27,383.5674333331078,384.2616355299899,375.8539892970146,381.2604064941406,486996
2012-02-28,381.04299938908804,389.45061717763576,381.04299938908804,384.71038818359375,272074
2012-02-29,385.2924094788306,391.28083235273346,385.2924094788306,388.6933288574219,240721
2012-03-01,389.13509267948797,392.9637446252324,382.5927060809207,385.40460205078125,200080
2012-03-02,389.59786579166934,391.28080945359466,378.84117223532417,381.197265625,236294
2012-03-05,379.50035147312076,380.0613327480201,373.0771782838232,379.0024719238281,351036
2012-03-06,374.74603379464986,383.98811992224864,374.4585395787564,375.9731750488281,471040
2012-03-07,374.4445735903273,376.5552223858813,370.31436438406206,371.3521728515625,188641
2012-03-09,373.32259433246946,381.4637709180671,371.7869341005151,380.61529541015625,510488
2012-03-12,382.15798956149155,387.07354484052365,380.52414020074565,385.8393859863281,435675
2012-03-13,388.3357844155962,394.6467622297554,388.3357844155962,392.6342468261719,468448
2012-03-14,398.29307569078765,399.6884976543056,389.8784391065508,391.8628845214844,416939
2012-03-15,390.27112569205036,396.18943028013956,386.79306912643324,391.54034423828125,387756
2012-03-16,392.6832310192675,397.43749464399843,383.4341281021302,386.996337890625,224182
2012-03-19,389.59785761546607,389.63291720745667,379.1076060891848,380.9518127441406,310369
2012-03-20,384.54915087392897,384.54915087392897,375.15279022438443,377.1162109375,1016395
2012-03-21,377.11618115316685,383.84790085589043,375.33507603903035,382.41741943359375,968250
2012-03-22,382.86624736400785,382.86624736400785,373.7503631985602,379.0375671386719,486134
2012-03-23,377.26343043267093,379.98418258498504,375.152754062948,377.8805236816406,321004
2012-03-26,376.74453848121516,377.25642522518325,367.6216654705644,370.2161865234375,418151
2012-03-27,371.8359338193898,373.70119274922234,364.07342446057083,366.9203796386719,555620
2012-03-28,367.1448383613013,367.1518558279086,359.58569544818425,362.2503356933594,484513
2012-03-29,361.8366409577012,371.12779527074923,356.92810294025753,365.73541259765625,794993
2012-03-30,371.16987776235203,372.48819081982157,365.3357274145217,368.4281005859375,384315
2012-04-02,366.3174165565409,371.282038434176,363.232033411194,367.3692321777344,450237
2012-04-03,371.2260239627254,373.04917877873874,368.87691963170755,370.6930847167969,229859
2012-04-04,369.68326252966375,371.5064448079974,365.3357060240488,370.9384460449219,947641
2012-04-09,369.40275098523244,371.22593309198464,362.6710315386311,364.9920654296875,261057
2012-04-10,366.4576528517739,367.4323318085,363.51952557436687,364.70458984375,372533
2012-04-11,364.6345130680242,364.6345130680242,357.06133435697336,360.8900146484375,581835
2012-04-12,358.3305602290233,364.35404372106206,358.3305602290233,362.9866638183594,236839
2012-04-13,364.50821945738085,374.1710200560613,364.50821945738085,370.29327392578125,411948
2012-04-16,370.24424628084745,372.2076669619896,363.9473039991441,365.84759521484375,182705
2012-04-17,365.85462020018696,375.0125534310721,356.2198597888429,373.44183349609375,328126
2012-04-18,373.78543563452433,376.9759979757039,372.6284410771725,373.8064880371094,350129
2012-04-19,374.5918569454217,376.6113620303331,370.60191357359366,374.192138671875,305956
2012-04-20,374.14302959993057,374.1710717294771,369.81649791329573,373.28753662109375,567033
2012-04-23,371.7798890686305,374.2972732763089,361.12834634506095,362.48870849609375,245348
2012-04-24,362.67106805385816,366.31743263449374,354.9576514574766,356.0515441894531,202918
2012-04-25,355.9394195061553,358.21837684697505,348.0857358147316,353.6884765625,174209
2012-04-26,354.2564165335294,360.9881363684377,348.17684956662305,351.8582458496094,580396
2012-04-27,353.4008948833105,357.4820090633631,347.10395338362264,355.3362731933594,314646
2012-04-30,354.8173725729813,362.11706289406334,354.1161529624283,359.6487731933594,252412
2012-05-02,357.6293610816236,364.21382630179727,349.5512846678346,351.6830139160156,254538
2012-05-03,350.75028946681965,353.2255966067219,346.1222289927336,347.174072265625,183321
2012-05-04,347.09698381475795,347.1040012817955,336.8732000296411,339.1241149902344,155259
2012-05-07,333.6055222596003,353.9759821864777,325.0927239923861,349.4881591796875,358761
2012-05-08,350.61014578948374,354.50891784941115,344.15191177965613,346.7884826660156,335774
2012-05-09,339.8111718850634,348.0855667823443,334.4889105377842,345.4139099121094,527358
2012-05-10,345.41400217736225,350.61006150149706,344.2990848878675,347.4545593261719,173859
2012-05-11,344.19391990269486,349.34787463581034,332.6868835036435,335.30242919921875,357776
2012-05-14,333.9351030020987,334.4890668931967,325.07869821220703,327.48388671875,254045
2012-05-15,325.65370146016227,334.48206451463585,321.15888839356694,331.2704772949219,179510
2012-05-16,329.58752450430563,332.6869151051346,322.70153078160706,326.94390869140625,256229
2012-05-17,326.4881029945125,327.3295610295914,322.56126184811484,323.669189453125,223553
2012-05-18,321.1448163865358,335.6039885426757,318.9289609779673,332.4344787597656,278270
2012-05-21,334.20155629818055,339.103076940687,332.4975876390415,337.79180908203125,135117
2012-05-22,340.2320891339501,343.23329099990633,331.64914329744545,335.5479431152344,554655
2012-05-23,332.51861020202864,337.5673862574011,328.3112644626919,334.1243896484375,1071430
2012-05-24,332.518606295478,337.9880974446108,329.85396604457964,335.7371826171875,181273
2012-05-25,333.5002919981318,336.3051705431877,329.8539554369633,333.0094299316406,233209
2012-05-28,335.4637385361612,340.64576342210216,334.83965550783194,338.275634765625,237701
2012-05-29,336.62068880794476,341.2136896603069,332.3783116233829,334.5100402832031,198142
2012-05-30,335.7302071887674,335.7302071887674,329.5875105116035,330.933837890625,252360
2012-05-31,330.4219860927102,334.46804159894236,321.20095037119165,323.40277099609375,872412
2012-06-01,322.7015146622366,326.7615769066536,314.00640168254165,314.98809814453125,326610
2012-06-04,313.9993593283933,319.0761772297366,309.9392974057729,314.4200744628906,329286
2012-06-05,316.7270905485962,325.36611829256583,315.8365380453193,324.13897705078125,435558
2012-06-06,325.8569586017792,329.8539184008098,319.77037506137395,327.0420227050781,558355
2012-06-07,329.57347167087664,329.57347167087664,322.70151325582947,323.94970703125,565640
2012-06-08,323.33259364760136,326.0603355383932,317.14083063423635,323.61309814453125,481137
2012-06-11,325.3661453817497,330.386879276051,325.3661453817497,328.1990661621094,357484
2012-06-12,328.8721940492623,335.18317006072937,323.9636571514546,333.9770812988281,245691
2012-06-13,334.482044518973,336.0247501672313,330.9759457493423,332.7640686035156,193690
2012-06-14,334.4819811740288,336.2981458175236,327.7502894534163,329.0755920410156,396472
2012-06-15,329.2929611464151,351.59175024437957,329.2929611464151,348.61859130859375,528693
2012-06-18,349.0673835499699,354.11615928874403,340.93322482743,343.1560974121094,271608
2012-06-19,340.9402243422785,351.3112622989436,340.7789335747647,347.7420349121094,653706
2012-06-20,341.7817091184224,353.97593005080915,341.7817091184224,350.5679931640625,731599
2012-06-21,349.2076304852439,352.55243790661075,346.4097416535985,351.1710510253906,385332
2012-06-22,342.7563145963591,355.37829316960824,337.1325514762758,354.3544921875,754106
2012-06-25,354.3546063520779,356.21986577680724,345.11953630206807,346.3256530761719,367892
2012-06-26,346.388698951277,357.0612663129459,346.388698951277,355.546630859375,396395
2012-06-27,356.92111052844666,376.97600693092517,353.5763025073151,359.3613586425781,585723
2012-06-28,361.4930237567026,364.6344913212268,357.90277114910015,360.96710205078125,381372
2012-06-29,361.96283670643595,373.39975472933037,361.2616170046001,370.3704833984375,554726
2012-07-02,370.3844706499319,386.3723122752567,367.73386531239447,381.0640563964844,540481
2012-07-03,382.7329730690311,382.7329730690311,374.87230075254615,378.24517822265625,753983
2012-07-04,378.3784227290519,378.50465392856563,372.9579978836645,375.5455017089844,415357
2012-07-05,375.8539962147182,378.6589026575733,372.0744385234529,373.5469970703125,591174
2012-07-06,375.7137657273806,378.4555427637226,372.6424173777647,375.4472961425781,816710
2012-07-09,374.7320498923029,374.7320498923029,364.213755067727,369.395751953125,364036
2012-07-10,368.4210785868343,372.69149830666186,365.5951475243238,371.2610168457031,431507
2012-07-11,371.64669521447877,374.59184018040247,367.6567520212224,369.57110595703125,423193
2012-07-12,368.84175029645195,372.0673714731058,367.43931113043186,370.7701110839844,99071
2012-07-13,371.64667300035927,374.43754447090055,368.9960676527821,370.0408935546875,102097
2012-07-16,370.0197955535846,372.5161550111898,361.1563756205098,364.43109130859375,194966
2012-07-17,364.62040977462703,366.68900884155465,360.6935691854368,362.71307373046875,168804
2012-07-18,362.818299289246,370.8192373280392,361.3387233461996,368.5402526855469,269502
2012-07-19,369.54300481966004,373.7503227155211,368.84178517034985,372.02532958984375,121423
2012-07-20,370.27927496851714,374.21313346935324,367.4393368454263,369.51495361328125,180352
2012-07-23,366.07202632576156,371.13483801842267,365.0482526811565,366.5137939453125,293331
2012-07-24,367.4392976653888,373.7502736812094,364.5152057318777,365.9947814941406,242237
2012-07-25,364.18570028534725,371.21894952612155,364.18570028534725,369.5009460449219,388883
2012-07-26,370.1040085809949,374.451565123553,366.75218344623624,370.9524841308594,475732
2012-07-27,374.4515522365542,381.47076638123184,374.17107546424467,378.6028137207031,485447
2012-07-30,381.4497430626588,391.00034886956684,378.93937608835813,388.23052978515625,969630
2012-07-31,388.511037391094,404.6040303388279,384.54913651455263,402.5354309082031,1586663
2012-08-01,402.36013891911284,407.40891511309997,399.1345172673032,406.23089599609375,688430
2012-08-02,403.0613225323847,409.93328039054876,402.500341286143,409.2671203613281,645139
2012-08-03,405.37536951583786,410.21378805661027,404.8073984975484,408.2433776855469,924343
2012-08-06,409.6527748658046,413.57961584257254,406.7567525284804,408.8674011230469,415487
2012-08-07,407.40187944792524,411.8967193486045,404.92657212424876,410.8308410644531,565957
2012-08-08,410.767753346182,417.92720599030673,409.94033021256195,416.636962890625,790593
2012-08-09,421.5736093750971,427.4077598602977,418.6424991975563,423.2214660644531,859224
2012-08-10,422.83578682041156,424.2382262290787,417.962308488442,420.0028381347656,510365
2012-08-13,420.0308594375133,422.134518307281,413.93024039408067,418.4530944824219,399143
2012-08-14,419.6100966237148,424.23815701202966,415.28356537436116,422.6112976074219,943668
2012-08-16,424.23817291283353,427.5899976856423,421.85400957551536,424.3363342285156,603357
2012-08-17,422.83580676967915,425.2620198495151,420.1992083527004,423.81048583984375,400491
2012-08-21,423.81742235534875,429.8479220400794,422.19059065631495,427.3515625,329818
2012-08-22,426.87481119275014,430.47909890111447,424.9815373430635,427.2324523925781,973823
2012-08-23,427.74424878511485,429.80583046654374,422.8006521343769,424.8061218261719,272988
2012-08-24,426.3137596035997,426.3137596035997,420.7320725687457,425.12872314453125,301763
2012-08-27,426.3604030534358,429.75882858619224,424.8735971338646,429.3340148925781,311983
2012-08-28,429.47563360993536,430.46685628078296,422.11240122409043,426.04180908203125,327180
2012-08-29,426.04178740919525,428.059603452145,423.464647803633,426.18341064453125,565173
2012-08-30,423.5283809083558,427.63481053987607,417.24836931549623,421.39019775390625,999182
2012-08-31,421.97076458077174,424.8028092608352,419.13874790609447,423.35845947265625,234006
2012-09-03,424.51251820554796,424.8028220476958,419.9883879547495,421.5813903808594,145544
2012-09-04,419.14583248714786,421.82208319875747,417.8643620275318,419.83258056640625,238886
2012-09-05,417.8643569835559,419.66266682292945,411.7471965706384,414.4021911621094,298853
2012-09-06,413.48180413306267,418.1475575332712,408.8019080126761,414.8765563964844,770639
2012-09-07,417.72272244556723,424.151414596362,416.4624801179649,421.09283447265625,231375
2012-09-10,421.9636678245677,421.97072518123264,416.45537294221504,421.5317687988281,263060
2012-09-11,420.56181594431985,428.98001048103833,418.02007525275775,427.5923156738281,523780
2012-09-12,428.3428066358208,430.18360057027456,424.8098433433647,426.6506652832031,272658
2012-09-13,430.02785093213214,430.45974999091743,425.5108062563702,429.8933410644531,453328
2012-09-14,432.59080657903894,441.9364549558047,432.04562578694015,440.52044677734375,553838
2012-09-17,441.7948612714936,446.04288582161166,436.27242375526345,438.67962646484375,397645
2012-09-18,438.9557768469157,444.5631829167054,436.1733298986777,440.3859558105469,645191
2012-09-20,434.1484617997287,442.7507083099447,434.1484617997287,440.456787109375,253669
2012-09-21,440.5204784784821,462.20667245743516,438.969960333587,458.1852111816406,801694
2012-09-24,458.7870171286591,458.7870171286591,452.7831383159933,453.57611083984375,587020
2012-09-25,453.69648374460417,464.0970683710092,453.69648374460417,460.2809143066406,511609
2012-09-26,460.34462030756026,463.5093968393438,453.27163629508135,457.5126037597656,547979
2012-09-27,457.6612675754897,463.6722031541714,456.69835846000615,460.5711669921875,1109893
2012-09-28,461.9375830877116,474.15067440907643,461.9375830877116,469.30084228515625,540235
2012-10-01,463.8917211488171,482.7175568201458,463.8917211488171,480.579345703125,487760
2012-10-03,481.30146561627,484.13348164422314,476.06933252780067,477.988037109375,725215
2012-10-04,479.88555847987647,486.85229024753505,478.823538243455,481.12457275390625,514493
2012-10-05,479.88550684697134,486.54076199883514,402.741319597129,476.08349609375,1000213
2012-10-08,474.07990296287204,477.53492719930927,465.30063512823216,467.12725830078125,259942
2012-10-09,468.005216891666,470.9646579636553,461.6190088854291,468.7203063964844,390957
2012-10-10,465.0033350538712,475.63045553844205,465.0033350538712,467.5804748535156,471571
2012-10-11,467.99810039504024,475.92068330440173,467.65828307404763,473.81787109375,299728
2012-10-12,475.19853075772954,484.27513138733644,473.0886612159392,479.7580871582031,333032
2012-10-15,478.0448807639957,486.2576861606723,478.0448807639957,484.6505126953125,290272
2012-10-16,485.68413243863654,492.4880409336255,485.68413243863654,490.5693359375,1018320
2012-10-17,491.35518882568493,497.01922171053883,490.5693017424269,495.4899597167969,1834603
2012-10-18,496.30414340261063,496.7006436369157,487.234599619611,492.7358093261719,769654
2012-10-19,493.9040829703386,493.9040829703386,481.50693796484023,483.17779541015625,437282
2012-10-22,483.3193100679884,487.10715015430713,480.6006034870396,483.991943359375,367743
2012-10-23,483.00071862473004,485.69113975646127,479.0925114196736,481.443115234375,387963
2012-10-25,479.74397141734244,488.80640236180426,478.327963081597,484.56549072265625,720471
2012-10-29,481.867944263231,487.90013626699204,476.4871015153613,478.7243957519531,272113
2012-10-30,479.88557641513324,481.9458767071303,466.39807013758093,467.3751220703125,378449
2012-10-31,467.99114189627363,473.3436719106258,467.2831376514452,469.1239318847656,267311
2012-11-01,468.9184783129379,476.0126612730098,464.45097600024604,474.2568359375,209911
2012-11-02,475.49595709076493,479.30502576066493,475.07111537295776,476.03399658203125,345793
2012-11-05,476.06232343084224,478.54035200074117,472.25325487778076,473.20196533203125,285431
2012-11-06,473.2373527986788,481.4431547268048,467.65831598225134,475.7720642089844,500942
2012-11-07,472.6639169882182,483.5954831218402,472.09748006273657,481.76885986328125,668897
2012-11-08,479.48192543117045,480.1970148370601,474.1435396494404,475.7365417480469,449984
2012-11-09,476.69957260480015,480.0271726647767,473.0887260626944,476.03399658203125,223754
2012-11-12,476.06234155648525,478.4270604248879,473.6551105106005,475.2481689453125,117405
2012-11-15,469.4070632727221,469.4070632727221,454.8717088581187,457.6046142578125,459057
2012-11-16,457.37094588076724,458.631216113482,448.4501112342266,450.2413635253906,583358
2012-11-19,451.40960287858337,453.115887030334,447.46602445146937,448.93865966796875,267726
2012-11-20,449.0165188856108,449.80949134774096,445.9862802718937,447.65716552734375,598944
2012-11-21,448.16690173801015,454.8221570571654,445.3348853482548,450.1918029785156,263021
2012-11-22,451.70693607147524,460.7410809540893,448.8749195949094,459.0631103515625,180553
2012-11-23,458.78702052564716,459.76407246338107,449.1581804005723,450.4609069824219,198434
2012-11-26,448.8749425422803,456.49307957606555,448.8749425422803,453.1441955566406,335320
2012-11-27,453.1442071529972,458.78698410362205,453.0734095405658,454.4044494628906,304964
2012-11-29,454.85758474351434,470.68146752414555,454.85758474351434,468.3450622558594,744839
2012-11-30,468.69908596551375,479.8855571986664,465.2723469807136,475.83575439453125,462712
2012-12-03,475.77908933924624,482.15109820807686,468.84064358624767,470.48321533203125,326338
2012-12-04,472.9470780536119,475.31891000810407,463.7430246915504,464.2881774902344,409006
2012-12-05,465.867075436187,470.31332253728647,464.4510671098297,466.3414306640625,407788
2012-12-06,465.86707280867745,466.99986266014275,456.66299073388035,466.1573486328125,704438
2012-12-07,467.28303012906235,467.29008748552144,458.92857636137865,459.9551696777344,456231
2012-12-10,461.6189753587503,461.6756302488255,450.4325051206603,453.3495178222656,791947
2012-12-11,454.538935670933,459.353369103411,451.0413993729921,454.4327392578125,398430
2012-12-12,454.70183423751183,458.48258936880825,443.9330911459302,446.4252624511719,699836
2012-12-13,444.3579059597622,448.3864530114058,441.8091075967765,444.138427734375,521532
2012-12-14,444.66231347827846,447.1686554529998,442.6444974481019,444.8251647949219,522413
2012-12-17,445.98627198394405,452.13174543913334,444.23041842454944,450.7794494628906,273889
2012-12-18,451.0343064112706,458.7798951412031,450.4537548271741,457.4417419433594,382837
2012-12-19,459.48081016776484,459.5516077747499,454.71594638214117,457.8594665527344,247759
2012-12-20,457.86654128920924,459.94098393972826,453.2645009042938,457.1231384277344,343674
2012-12-21,455.2469455908796,459.8843850608487,450.55996459738344,454.6876220703125,518246
2012-12-24,454.8221655941104,457.92322976028345,447.1473741486505,449.1297912597656,798992
2012-12-26,449.86610729410387,451.28211542262665,447.7491524576029,448.9031982421875,332572
2012-12-27,449.5829012657267,452.40077488254747,443.9542673993288,444.8746643066406,335547
2012-12-28,446.6093456827976,449.6820966739905,443.394999458179,444.8818054199219,381301
2012-12-31,445.32071406838065,449.4979410385939,444.66936486234937,448.8041076660156,687938
2013-01-01,449.37054390017886,453.2291538588779,449.37054390017886,453.0450744628906,512426
2013-01-02,454.5390106547492,457.23651761561797,451.1405848473502,452.0539245605469,384859
2013-01-03,453.1371027330127,456.52135728966834,448.87490740943963,449.8519592285156,296876
2013-01-04,449.5688118267198,455.19744636017896,446.0429337082502,451.63616943359375,365268
2013-01-07,453.12295579270733,454.08583693827933,449.86615356535395,450.94940185546875,639228
2013-01-08,450.9564424318052,451.706930709941,446.28363210416603,450.6307678222656,230701
2013-01-09,450.6095354703315,451.86269237246773,444.6410561124664,447.4093322753906,492485
2013-01-10,449.4413272826058,450.821936711488,438.9628607464154,442.78607177734375,670401
2013-01-11,443.0550900327718,443.0550900327718,426.3603534986753,429.9570007324219,622618
2013-01-14,430.4668356584193,434.2900469053366,424.9585403507109,433.5325012207031,299708
2013-01-15,433.2988396363506,438.6796542710054,424.9514705862082,436.810546875,849438
2013-01-16,437.4052688028463,441.08688470831055,432.031511530437,433.546630859375,241725
2013-01-17,431.4580318231113,437.6743033049539,425.51080808316755,436.00341796875,280551
2013-01-18,436.1308499351164,440.6620651420627,430.473874280644,432.166015625,340848
2013-01-21,431.0686621250541,434.5732842559332,426.4312220912172,429.00836181640625,522769
2013-01-22,427.2807911590995,432.4492409680864,426.9197177305414,427.8825988769531,206217
2013-01-23,428.9091623036258,431.8828018784912,427.63477734912124,430.39599609375,194714
2013-01-24,430.46680349857866,431.6562481534409,419.3015611297286,421.6804504394531,424729
2013-01-25,419.2803853595698,428.7534876187296,417.72275373137785,427.31622314453125,245827
2013-01-28,426.2187684720334,429.71630474137834,424.09475621083993,425.631103515625,397665
2013-01-29,423.1319031577317,431.86868763148163,416.70323863850604,424.77447509765625,368579
2013-01-30,424.5195971609414,432.40678220183617,424.5195971609414,430.3252258300781,187689
2013-01-31,430.3251952843768,438.17698095923413,420.837951157418,425.6382141113281,923312
2013-02-01,424.8098407158075,427.63479986091187,422.89116381845,426.4665832519531,231550
2013-02-04,431.0332241284561,431.0332241284561,420.5547294922171,422.00616455078125,302625
2013-02-05,419.7051458203325,426.92681055542204,415.811136997604,426.2966613769531,476263
2013-02-06,424.13725102309024,430.445576135274,422.26105822489075,429.0720520019531,675611
2013-02-07,428.3428247748508,434.4033303013178,427.63482061499025,433.1926574707031,716913
2013-02-08,431.8828619256575,434.48831509215825,423.47883738707424,426.60821533203125,203054
2013-02-11,425.08598993737326,432.15188874132065,419.91048266417334,430.0845031738281,535685
2013-02-12,428.8950280112046,433.2988185674699,426.4240850130752,430.459716796875,745591
2013-02-13,431.896946213051,432.8598553011665,426.9267748584276,431.181884765625,822925
2013-02-14,431.1677356343285,437.5468581336206,429.5463919022776,435.16796875,339844
2013-02-15,432.59085268310025,433.4758508876127,425.1355668685675,428.8738098144531,264252
2013-02-18,427.63476832033973,431.3092985385639,425.27002183310856,428.5693359375,212283
2013-02-19,428.4844217772708,431.86867663442644,424.94440096333244,430.2261047363281,129835
2013-02-20,432.7323856076297,434.57320737291843,427.677218116081,433.6032409667969,1535717
2013-02-21,430.75706668552186,437.10787535779286,423.3796646944428,426.45947265625,761779
2013-02-22,426.9551364724718,431.1748480514882,424.97980455600026,427.52154541015625,301439
2013-02-25,428.90916645323654,429.4755753303757,425.085955541968,427.98876953125,429719
2013-02-26,424.80282423403975,433.2988745575353,424.80282423403975,431.59259033203125,610895
2013-02-27,433.2138806118907,433.2138806118907,424.80279913019376,426.8205871582031,238200
2013-02-28,430.0278589739895,431.88285174352325,413.61631055172484,418.5581970214844,1124753
2013-03-01,414.74911742440975,425.8506202747017,411.4922871267629,421.12115478515625,710906
2013-03-04,419.1386844512137,423.24511360888613,410.7842309246487,414.06231689453125,614550
2013-03-05,416.16511217720824,429.54639299964396,411.0674880556577,426.1267395019531,285483
2013-03-06,428.3428470331963,430.3252363795096,423.45052991277464,429.37652587890625,906307
2013-03-07,426.92677582019985,429.4472603074644,425.1001247015128,428.32861328125,1513132
2013-03-08,426.50199200437777,432.02442991313893,426.50199200437777,428.8171691894531,810923
2013-03-11,427.77639094873103,431.57837390606306,426.9480196886678,430.18359375,273863
2013-03-12,430.50224211409545,433.1572647522428,427.09673113519176,429.6950988769531,562490
2013-03-13,428.34276350090755,431.03318452459297,421.26269490971237,422.876953125,484092
2013-03-14,423.1035540548786,428.9091822472268,416.731516964534,424.4062805175781,187727
2013-03-15,424.80275789227653,428.59056993473735,419.167038669866,421.7724914550781,617453
2013-03-18,418.72104100659413,423.2310283304767,414.18271223231557,417.5174255371094,201311
2013-03-19,419.70512477650755,419.70512477650755,406.3946418213722,409.4461364746094,469115
2013-03-20,411.88880825698993,414.88367633036853,401.99797772104375,411.4569091796875,511869
2013-03-21,412.0657489457442,413.8074317390587,407.1026349158814,409.9488220214844,933571
2013-03-22,408.55401197583353,411.4993099171574,407.1309185273043,409.46026611328125,602074
2013-03-25,413.75796623159755,413.75796623159755,404.2990062545677,405.69378662109375,313765
2013-03-26,407.3858957553379,408.5186856226609,397.1906189171136,399.95892333984375,736388
2013-03-28,399.88099194855073,400.01550180229384,396.4754813853883,398.3658447265625,384840
2013-04-01,398.36590410988833,400.1571566682365,394.5002085197783,397.7712097167969,375890
2013-04-02,397.8985805382858,398.4649894140734,394.07534163075684,396.5604553222656,439991
2013-04-03,396.1923112343687,396.55338465370687,389.7707046276184,393.20452880859375,535634
2013-04-04,390.11055310045265,391.95134702303176,382.46410294601213,385.9616394042969,346033
2013-04-05,385.8625209489529,387.7316282794086,381.54367066252905,384.5456237792969,311153
2013-04-08,384.48195180333187,389.40258229556446,382.4712210356084,387.271484375,1030620
2013-04-09,390.0963907887693,391.95135547590513,387.00949721670054,389.4025573730469,434929
2013-04-10,392.86464942466705,392.86464942466705,383.7384796341001,388.2555236816406,357069
2013-04-11,389.4025548856843,390.76899362649897,377.61427621843586,380.40380859375,361049
2013-04-12,379.49042600292086,387.5616890432416,379.49042600292086,386.79705810546875,153243
2013-04-15,383.1862773529479,397.2331070946797,381.7561262802869,396.16400146484375,549587
2013-04-16,392.2345649706093,402.0050274883854,389.68573892062096,401.0775451660156,252541
2013-04-17,402.13247893526653,404.1290669429882,392.248733975044,400.36956787109375,341263
2013-04-18,400.73060600469074,404.5042754695331,396.8365694000029,399.1376037597656,233689
2013-04-22,400.0014352973227,405.6654690435552,398.04024596929514,401.45989990234375,546113
2013-04-23,397.04901105452126,408.5186726279687,397.04901105452126,406.4229736328125,336746
2013-04-25,409.2266574914116,424.80277598749905,407.810649264984,422.4238586425781,1341781
2013-04-26,422.67876716128313,423.6345629201822,410.6851532991169,413.0074157714844,371476
2013-04-29,413.5242444534355,423.1389407024901,413.5242444534355,422.1335754394531,131727
2013-04-30,421.0007440129608,422.2539288741087,414.4658840179927,415.02520751953125,239580
2013-05-02,413.47468831860255,421.97073780349484,413.47468831860255,417.50323486328125,278866
2013-05-03,414.4659312538322,421.80793521783085,414.28890921016324,417.0289001464844,304485
2013-05-06,417.0288765029479,423.6699612945189,411.35067283150966,416.30670166015625,521188
2013-05-07,416.3208791304127,428.34280661860777,416.3208791304127,427.4011535644531,490988
2013-05-08,429.0508265059371,431.8828431293476,427.6348181942318,430.0066223144531,334821
2013-05-09,429.75879431821903,430.459713052215,425.5390831848947,428.6259765625,420587
2013-05-10,429.7587662497453,430.46677029948256,423.6840909428915,427.3090515136719,227228
2013-05-13,427.63479615161344,433.2988291064795,424.74612478183195,426.5090637207031,155408
2013-05-14,426.9692587501194,431.174827407706,425.5603358387888,427.2453918457031,191538
2013-05-15,427.6348203252778,434.71486191908633,426.32500842961537,429.5534973144531,410983
2013-05-16,429.4756004837576,443.00559005898816,429.4756004837576,437.185791015625,612904
2013-05-17,438.9628684754865,446.3261002222505,437.27072712328714,442.7790222167969,622307
2013-05-20,442.64445068736063,447.45888400430204,440.53460918333576,443.08343505859375,237863
2013-05-21,443.2108965722595,445.5968713473874,429.05081387216285,433.659912109375,315826
2013-05-22,430.8420573867644,438.96286268700135,430.7641744130394,431.833251953125,320745
2013-05-23,431.174837987414,431.5996236767227,412.4268566172803,414.9685974121094,446873
2013-05-24,416.497837115394,423.38674106731554,410.8833740933669,419.0820617675781,344529
2013-05-27,419.1387629167097,424.51960599345506,412.2144869401143,423.6416931152344,366862
2013-05-28,422.00619148312916,424.48419207130013,414.6712447696471,420.5476989746094,262036
2013-05-29,419.9883350991168,423.3796750223774,408.5186462605824,409.6443786621094,360154
2013-05-30,408.5186856620011,421.1211654742133,406.90442719458156,417.9209899902344,616332
2013-05-31,417.01475494313195,417.03601103225833,402.5785377852152,404.13616943359375,216515
2013-06-03,404.5892405446272,406.9115031273948,391.8239377127278,394.86834716796875,399233
2013-06-04,395.6330576569495,399.1730788810188,387.9866062118821,389.4450988769531,248815
2013-06-05,388.8431920809532,393.6363692361586,386.71209452554916,392.4540100097656,340790
2013-06-06,392.2204236193718,396.34102417508484,388.26267438645857,393.2399597167969,273163
2013-06-07,392.23452627028246,397.2330388161049,390.2521093164875,393.8841552734375,261705
2013-06-10,392.6027311016849,397.61538695364686,391.45577055988014,394.05413818359375,173087
2013-06-11,392.9283544757515,398.74815276913637,389.402504972172,395.3922119140625,646856
2013-06-12,393.65056223604756,397.32509261705167,390.8468592603642,393.7001037597656,396570
2013-06-13,392.2345851462572,392.2345851462572,386.58469457960143,388.8998718261719,505693
2013-06-14,391.1017241831849,395.06655824894494,388.46087259508937,393.6788635253906,217364
2013-06-17,396.03650603142336,400.4473816214502,389.4025072479724,397.5657958984375,294504
2013-06-18,398.60663882004735,398.60663882004735,392.3761963501558,394.0187683105469,470172
2013-06-19,392.9425418303267,396.11440344819556,389.3954360921864,394.5851135253906,414774
2013-06-20,390.81859202367025,392.6452433897238,383.0305459518083,389.558349609375,816334
2013-06-21,386.57054594693625,396.34100881783843,385.3244463205889,394.08245849609375,292366
2013-06-24,391.5265449709864,393.9337476941826,384.23408318160017,390.03265380859375,592431
2013-06-25,389.4025655878727,397.61539698863146,387.1369298859117,395.65423583984375,198829
2013-06-26,396.2914768226996,397.47383630371866,390.11060364855166,394.4860534667969,540280
2013-06-27,396.4826132525075,399.3146299182121,385.154546589689,390.0964050292969,351302
2013-06-28,393.6506002594307,394.07538596001785,389.40257522124114,390.8044128417969,515524
2013-07-01,390.88935283465986,397.898596439863,390.88935283465986,396.9144592285156,317926
2013-07-02,395.06664860361616,401.46700025452617,391.8452166877479,396.156982421875,447489
2013-07-03,393.6505617460681,397.66493745295077,391.1371345752868,396.4400939941406,377549
2013-07-04,397.6153785282581,400.0155239862335,391.66815510019063,396.0506896972656,376544
2013-07-05,397.8986127082412,399.31462100950233,394.92500087666986,397.34637451171875,219055
2013-07-08,395.05958257664304,398.60668933729386,392.51784133258496,396.84375,227636
2013-07-09,398.64195765448073,400.00839622457204,395.5833779284201,397.7923583984375,273047
2013-07-10,398.78358606534135,399.78895133653106,391.4557533644596,393.8487854003906,358865
2013-07-11,397.47376343765995,402.1324308919175,395.07364610503527,400.1641845703125,196457
2013-07-12,400.3766323198426,400.7589618608101,392.5177886737284,398.14642333984375,358871
2013-07-15,393.8275589206129,397.8773334648058,393.8275589206129,396.5108947753906,137495
2013-07-16,392.94254927333753,397.75698267746395,392.23454518465377,396.7516174316406,276481
2013-07-17,397.18348832316434,399.88099482233156,389.5582946523424,393.3744201660156,311426
2013-07-18,392.2345639852994,397.89859696625905,390.13177969880286,397.1764221191406,278063
2013-07-19,396.21356184032896,400.022630381626,394.2099165091295,398.84027099609375,242153
2013-07-22,397.0630967916751,400.16416066982794,394.2664794137742,397.5657653808594,339338
2013-07-23,399.73947198135795,400.7164959561438,393.65062451594065,395.9870300292969,270901
2013-07-24,394.9249281369459,398.9534740926237,387.7174354487854,396.3833923339844,538096
2013-07-25,394.7833233612632,395.6329506295083,378.6408253453314,382.52069091796875,793755
2013-07-26,383.75264547366055,385.86251505775374,378.78244604312397,381.2887878417969,138266
2013-07-29,375.24241385874643,385.8483323238164,375.24241385874643,384.45355224609375,89551
2013-07-30,385.86245619025885,388.69447216190264,381.4728090299076,382.5985412597656,134294
2013-07-31,382.9489558775247,384.1584891260704,375.0261663053484,378.8623046875,282871
2013-08-01,376.8870560747632,381.46751466306955,373.7093448816693,376.9371643066406,179030
2013-08-02,376.4576105464046,378.74786805812397,361.427944251852,363.6466064453125,261822
2013-08-05,359.66017533751364,366.5809712529856,354.27096437961444,364.39093017578125,350835
2013-08-06,364.29073681254766,364.7201671722272,345.68255028542944,350.3417663574219,340433
2013-08-07,347.8225267369493,351.7517198635336,336.67191640713514,343.2205810546875,703569
2013-08-08,343.8575525367377,355.7023742855571,343.22774584543924,348.48095703125,472680
2013-08-12,348.86745354906043,351.25073704518235,340.67269067809127,344.7879638671875,510151
2013-08-13,343.5354027778565,352.12381049508696,338.1533550796572,349.58306884765625,497689
2013-08-14,349.59028660053986,351.6801111997631,342.8269211751533,345.43206787109375,414035
2013-08-16,345.3962536799546,347.5433486812696,329.79402434178587,333.9307556152344,863942
2013-08-19,335.66280385725156,335.66280385725156,327.64698677581134,333.2366027832031,360439
2013-08-20,331.35428323399105,333.92361807855997,324.92729416687393,332.420654296875,634517
2013-08-21,333.2294771490547,336.1781630528236,328.412829667794,331.39013671875,2084436
2013-08-22,329.221486719512,333.94510742948137,327.7900899358527,329.4361877441406,446005
2013-08-23,329.5794086398463,331.9698264061019,322.78025855432065,328.913818359375,360550
2013-08-26,330.65284501551247,335.662733175174,329.2214483984663,331.6261901855469,506684
2013-08-27,329.93719463479727,329.93719463479727,318.77228807609214,321.52056884765625,528284
2013-08-28,318.91542292504363,319.6311213393906,304.1720242656023,318.1138610839844,1400328
2013-08-29,319.917402847083,343.49253186817856,312.9178777752939,329.4576416015625,3038422
2013-08-30,321.34883380749125,327.3106096004644,316.3389446063617,323.51025390625,642067
2013-09-02,322.78020724067807,329.9085701511951,319.10866111622653,326.330078125,294887
2013-09-03,325.6787663605364,328.36264230923234,308.1799257495503,310.74212646484375,522082
2013-09-04,307.7505072948887,317.3050700583603,301.4022481259702,312.703125,326377
2013-09-05,316.3389376370857,332.8000017924285,313.7051696370097,329.4791564941406,431339
2013-09-06,329.50780153220404,357.4200403781436,326.23703620112474,338.0389404296875,771481
2013-09-10,347.686500029037,351.9806902458656,340.9589466798989,350.6781311035156,708359
2013-09-11,344.68056570835074,368.7853123593974,344.68056570835074,367.1105651855469,629293
2013-09-12,366.724170710601,368.7639157702031,354.9867261272991,358.5437316894531,281472
2013-09-13,351.0288518441655,365.00644376858895,351.0288518441655,361.8502197265625,318943
2013-09-16,366.00841898936875,373.59483363858914,350.69248397722714,353.4908447265625,264038
2013-09-17,353.87730230853333,363.43189398213264,351.6800989628848,360.6263427734375,563682
2013-09-18,360.42595277305253,375.74191554996844,359.6744708670146,373.4230651855469,443503
2013-09-19,379.32045195282797,399.36003784865125,375.7634466178485,397.2057800292969,1253869
2013-09-20,397.2057713915258,407.1897664586791,389.7696526848335,403.7901916503906,922165
2013-09-23,399.65336422635414,409.23657605526324,393.6343474778693,395.7886047363281,393025
2013-09-24,394.4646344721124,402.92417810104627,391.773595894718,394.4932556152344,532717
2013-09-25,390.7715827602696,397.2128679195489,389.540562345878,392.38189697265625,345670
2013-09-26,390.9147110233743,395.06576706029404,373.7880307673865,382.72711181640625,754787
2013-09-27,386.1911250643989,390.9147458565824,379.79278529344214,383.6933288574219,257007
2013-09-30,382.75573404513113,384.165671953139,376.0711268129721,378.7549743652344,195945
2013-10-01,379.3061111012458,382.4694974691359,374.4823021773831,376.0639953613281,180307
2013-10-03,377.0301861082796,391.63045078477717,375.06200838627205,388.8320617675781,503113
2013-10-04,388.2738145170445,396.47571084610985,384.3302967870208,386.23406982421875,696343
2013-10-07,385.0459503545358,389.1111428508275,378.60466548445663,383.7791748046875,181746
2013-10-08,381.62498152069384,388.58158959828023,381.62498152069384,387.3863525390625,633610
2013-10-09,386.4773983360327,390.0558901437985,381.4674814954276,387.17877197265625,533540
2013-10-10,389.3401931347436,396.2538263088865,385.2392168793302,395.37353515625,494111
2013-10-11,397.92861183421803,397.92861183421803,388.62453220547854,391.48016357421875,314329
2013-10-14,391.48016402034506,394.493254143527,383.62894002842125,391.8022155761719,402694
2013-10-15,392.5322331114898,396.3683721321057,382.1832129578993,390.2920837402344,694088
2013-10-17,387.9231282705448,391.87378020388684,386.0694633932499,388.4670715332031,658632
2013-10-18,388.6388223323346,395.78151012991293,388.1449873074997,392.83282470703125,521914
2013-10-21,392.503592388685,395.7528421202615,382.7128123981202,389.6336364746094,591802
2013-10-22,387.243163288577,391.4872733940492,386.4773850355902,389.0682067871094,302184
2013-10-23,389.47617741805857,390.1203087975635,382.1831935829696,385.7831726074219,415429
2013-10-24,383.61460965789166,393.0189056240249,383.61460965789166,386.6134033203125,497533
2013-10-25,386.4774014656318,392.9186867717701,381.1812165614114,391.00775146484375,560559
2013-10-28,391.2367932594538,393.3123214408964,383.6933247975625,384.8742370605469,653713
2013-10-29,384.1871105909433,403.36785913749,383.3354406487497,400.3332824707031,1188530
2013-10-30,402.795333412853,406.8032273190882,395.38067448233744,402.2156066894531,1059149
2013-10-31,402.50902497827553,405.8012487216961,396.86932989067964,402.94561767578125,719901
2013-11-01,402.7953440496297,407.9340420880233,400.20449378724265,403.5325012207031,468461
2013-11-05,399.35997397364554,403.6183806950714,395.2089177613716,398.98065185546875,159575
2013-11-06,399.0879945946564,400.79852527442733,391.48728427345486,393.0260314941406,173010
2013-11-07,393.4411345587831,393.4411345587831,382.183174849587,384.7310791015625,460366
2013-11-08,382.6984791930559,385.72586524744685,379.8499823312597,383.2352600097656,229185
2013-11-11,380.8018683249367,388.62446991100865,375.2122534185523,381.85394287109375,447385
2013-11-12,378.0393998609126,385.761787789823,377.1805672304628,379.12725830078125,536709
2013-11-13,379.1558016706374,381.066708692917,370.30974595389984,372.44970703125,649779
2013-11-14,374.34631589855724,379.17728736190713,370.331259327032,373.4588623046875,910493
2013-11-18,376.31441834042556,380.75174204121,370.0234301382315,374.8544006347656,1128473
2013-11-19,374.73989495907745,383.1779781759282,373.0365267816294,380.7088317871094,891686
2013-11-20,382.0258002827041,384.2444626678707,372.0203183043313,373.37298583984375,601517
2013-11-21,371.447713486789,374.16737298892247,368.14119320396657,369.021484375,320071
2013-11-22,371.8628351997606,371.87715992565904,362.28678424638156,363.77545166015625,396388
2013-11-25,365.0136170743444,369.65134630583555,362.45857848753457,366.1300964355469,723025
2013-11-26,366.43782472952313,368.58491986590155,362.28676847057807,363.9114074707031,666668
2013-11-27,364.30506654515784,369.5868986763244,360.7122498053377,367.74755859375,316902
2013-11-28,369.31491660064773,378.60467013638527,368.7423522765482,376.156982421875,820385
2013-11-29,376.1856466660573,382.89890397718625,376.1856466660573,380.6587829589844,515757
2013-12-02,382.5839856656047,385.6185342354025,374.45362857027067,381.2527770996094,640745
2013-12-03,381.4674448666303,384.9028023341664,377.24482210795287,381.27423095703125,321257
2013-12-04,380.7375421212349,381.6464828529361,375.956678635157,377.74591064453125,217066
2013-12-05,382.93463973109385,387.47934246730324,379.4635269401629,386.0264587402344,300045
2013-12-06,385.76169264293225,392.48927459322573,382.1832006405638,390.52825927734375,309468
2013-12-09,400.8056722869843,401.50707425137387,393.634392071883,400.5408630371094,543663
2013-12-10,401.0919807382262,404.65614802033866,387.85870851720506,390.306396484375,616650
2013-12-11,388.2523202294645,391.4371936307039,381.9684934701208,389.239990234375,209788
2013-12-12,387.23602803412956,389.7338241808606,384.4591262192023,386.32708740234375,221226
2013-12-13,384.51646476063695,385.7617535629684,380.10773247536184,381.61785888671875,221427
2013-12-16,381.6178440640786,383.5860219771852,375.7562845070021,377.1375732421875,188648
2013-12-17,378.6046273491104,379.9143769392604,374.19592501638255,375.9994812011719,273124
2013-12-18,377.17328222102213,386.2912808256818,376.65082610996586,383.98675537109375,148208
2013-12-19,384.65234357816166,394.2785018312048,375.88501767203667,377.9390869140625,385235
2013-12-20,377.8174441449842,379.2416785865315,366.81715885373205,376.5578308105469,625742
2013-12-23,377.2091198416381,387.8229496085303,377.2091198416381,385.6615295410156,244583
2013-12-24,385.91911778712233,393.4697479941122,385.81176728285783,388.1306457519531,262476
2013-12-26,388.5386018107745,392.91868371156,382.39790930055415,389.6479187011719,353537
2013-12-27,391.4586442726579,392.20299209710606,387.52231737004524,388.7890930175781,213534
2013-12-30,389.19703396094036,390.7286471567921,384.0225525822302,386.49169921875,242768
2013-12-31,387.3720215817004,393.2836884620363,387.3720215817004,388.5672302246094,224467
2014-01-01,389.3544863191175,389.91272594268395,385.7759945286151,388.56005859375,122233
2014-01-02,388.63167319842574,392.2030313736529,375.8850728386492,378.354248046875,236767
2014-01-03,375.8850499660981,378.3041167937079,372.492637841041,376.5578308105469,218900
2014-01-06,376.443284144384,379.56372436837023,370.6031845741703,376.6293640136719,165635
2014-01-07,377.0230318139939,378.92680492910887,372.49265309880934,373.8310241699219,246281
2014-01-08,374.34631129209737,374.56104063453296,369.7300692306298,372.220703125,415876
2014-01-09,372.020302880517,374.1745605250789,366.7241175337887,372.0775451660156,401981
2014-01-10,372.24930223970006,375.31250034974266,367.86922024949837,370.52447509765625,309455
2014-01-13,369.31495541286216,375.29102716872006,368.184151370076,372.4855041503906,113341
2014-01-14,369.3865345660562,373.46602408965725,366.4378491224174,367.1893310546875,110049
2014-01-15,367.1893461266125,370.80362191297746,366.4879723976165,369.5726013183594,334160
2014-01-16,369.5868824097517,374.16736897199513,367.582949617862,373.0151062011719,467307
2014-01-17,373.0222425499153,376.45043805270217,371.7769256775818,375.3125,424469
2014-01-20,373.8953866497553,374.7184355067229,369.0429569270388,371.52642822265625,266190
2014-01-21,374.8830558970758,375.74188825448215,369.6584664389322,372.6357727050781,260545
2014-01-22,373.179735753358,374.7399702466071,367.15355543945833,370.109375,175414
2014-01-23,369.15751816237855,371.4477475230776,367.8692553001927,370.87518310546875,262366
2014-01-24,370.58887632820694,374.73993253495127,368.8711832548644,371.3117370605469,1107761
2014-01-27,369.00003334976594,372.8576593005994,365.8652681557562,371.0755615234375,698307
2014-01-28,370.8751841238907,372.16344698961404,367.90503981720065,371.14715576171875,1220558
2014-01-29,372.16341819443977,375.7419101502747,369.55827152103444,372.95068359375,1018197
2014-01-30,372.16336396208754,374.9975359724441,368.5848725277172,370.660400390625,232296
2014-01-31,370.58168665987296,371.2401427002369,363.0597061236155,367.1678161621094,748533
2014-02-03,365.0064166555663,367.0032153535884,358.14286347069134,359.4597473144531,370251
2014-02-04,357.56318313741923,361.4279717501875,354.4141212838183,356.5111083984375,238271
2014-02-05,356.4180828117779,357.56318334569227,350.8356292410186,355.79541015625,497507
2014-02-06,356.59693647329334,362.8593038651818,352.2669630427849,360.6048583984375,444216
2014-02-07,362.85928928660366,366.4449431128689,361.8286735533284,365.0851135253906,208375
2014-02-10,364.93481483094934,370.58883413961996,364.1475495447746,367.57574462890625,308574
2014-02-11,370.0306883484988,370.1594976533968,363.28164696659314,369.37939453125,371107
2014-02-12,371.61954595741594,371.61954595741594,365.7364994105034,368.5420227050781,486814
2014-02-13,368.45606334958325,368.45606334958325,350.9787104030166,353.28326416015625,243980
2014-02-14,354.12789646205135,356.2749920724744,348.5597386317007,351.3867492675781,190521
2014-02-17,354.0705720708484,355.2657808021222,350.72110569218825,353.4407653808594,80452
2014-02-18,353.98472104916397,359.1377729718863,351.2078187555113,355.473388671875,209373
2014-02-19,356.1317827400415,357.7063419611106,351.8375920856413,355.3731384277344,151578
2014-02-20,357.1193979121541,357.1193979121541,347.3071599036949,347.9727783203125,252179
2014-02-21,349.88370371979147,359.4239706381335,348.5453610730995,357.8852233886719,472349
2014-02-24,357.99257705034876,362.1436332959884,356.8474483240572,358.52935791015625,339338
2014-02-25,359.29511177468686,363.57500532716676,357.7062847008758,361.79290771484375,273273
2014-02-26,362.1794463254473,372.020306882,357.1337737752769,367.3897399902344,888964
2014-02-28,369.3006498325986,369.3006498325986,361.4279669924926,363.6895751953125,215206
2014-03-03,365.00646208762674,368.97143883726017,360.1110858515221,361.1989440917969,323726
2014-03-04,362.0363571580649,369.9877703022785,361.0844704781501,368.01959228515625,569152
2014-03-05,370.7320634480895,380.2794940912839,365.1639344292123,378.71209716796875,625515
2014-03-06,379.1772588301969,393.63438862650975,377.2162435877039,393.033203125,594181
2014-03-07,394.4502904551021,398.5011586946471,387.37919817536,395.4164733886719,541013
2014-03-10,393.6344528088542,399.2169066958009,390.75017175605393,393.6773986816406,438649
2014-03-11,394.35010920849,404.28399526801206,390.7716171385159,402.9742736816406,420957
2014-03-12,403.5110609941702,406.3595299695228,393.95646861388593,397.0554504394531,341030
2014-03-13,397.9643509540955,403.7400460062742,389.9127232487938,391.93817138671875,258173
2014-03-14,387.9230680872242,392.56079658765714,384.67379036113476,391.2582092285156,253358
2014-03-18,392.20303329217853,397.49919049281243,386.66352559631724,388.896484375,312650
2014-03-19,389.05389624548786,394.35008111762573,388.1879015093392,392.23876953125,310207
2014-03-20,391.4873387131835,392.6467639843058,387.2074443922571,390.7000732421875,175252
2014-03-21,391.5230846326473,395.0657930668826,389.4905023441789,392.8184814453125,484377
2014-03-24,394.3644070933433,400.50510007448133,394.03519318221083,399.00213623046875,563449
2014-03-25,397.4991614603495,406.1877586842034,395.5667672955627,401.9293518066406,404003
2014-03-26,402.6522310060586,405.0569732005054,400.9488625150802,402.3158264160156,239774
2014-03-27,404.36991777138735,404.36991777138735,395.3521057450277,397.3703918457031,1762848
2014-03-28,398.3937588418373,415.10533403523283,398.3937588418373,409.3439636230469,852763
2014-03-31,409.7734592007932,418.25449040710674,409.7734592007932,413.3948974609375,421404
2014-04-01,415.10534205070985,415.29858429290175,406.8175542729978,407.86962890625,454546
2014-04-02,407.948426568621,411.22632625253203,401.6717612217457,404.36993408203125,249249
2014-04-03,407.64777088058713,407.64777088058713,401.69315803670474,402.88836669921875,352546
2014-04-04,401.9364682484344,405.93009400456907,401.23509460781713,402.9026794433594,242263
2014-04-07,402.909880880266,411.5268832437778,402.909880880266,407.526123046875,490366
2014-04-09,410.81112805815764,411.52682639432635,405.4648634686586,408.76422119140625,376615
2014-04-10,409.0934582078831,414.36099336599204,403.48951850797323,406.4883117675781,1037373
2014-04-11,404.36985000543916,405.5936797434275,399.5746625775028,401.68597412109375,485615
2014-04-15,401.3925696192382,401.53570363622094,392.0598410376325,397.8069152832031,415649
2014-04-16,398.0502507763838,403.5181908352255,391.4586407831629,393.1047668457031,202192
2014-04-17,393.6343887048055,398.2148469734354,392.202991957142,395.5023498535156,440768
2014-04-21,395.7957673946691,402.2084314103901,394.3572366408445,401.0704650878906,365170
2014-04-22,398.6657500865152,403.23191209990324,395.781497711967,396.9194641113281,132064
2014-04-23,395.22323609637107,400.61958077534365,392.9258163367856,395.05145263671875,1095934
2014-04-24,395.05145263671875,395.05145263671875,395.05145263671875,395.05145263671875,0
2014-04-25,393.104787693827,400.07569186357944,380.52278084632263,382.92755126953125,337621
2014-04-28,379.3204190276242,385.0388723590338,376.5291923465827,378.3685607910156,286112
2014-04-29,377.9034041639603,388.12358825332893,377.18770563243004,382.1188659667969,503586
2014-04-30,382.469528987586,389.4690548341125,372.163454172621,374.4608459472656,325521
2014-05-02,375.7348025742156,379.01986461371825,369.87324293666774,376.4004211425781,332157
2014-05-05,373.76662876899854,381.88979625939567,372.02031436136264,377.68865966796875,424197
2014-05-06,378.776496334972,381.4675064973339,374.73995278169434,376.48626708984375,207034
2014-05-07,374.7399768700083,378.13238924276214,372.3853145168489,373.81671142578125,368262
2014-05-08,374.3319912015762,378.7836401803284,369.7443422629267,375.7562255859375,419492
2014-05-09,374.6110744941165,392.77550435628325,373.60194579282546,389.6836853027344,630803
2014-05-12,390.0559032697037,409.37975968191256,390.0559032697037,406.46685791015625,735124
2014-05-13,407.948406718402,419.3995821182906,405.82277011161074,417.0163269042969,594297
2014-05-14,418.2687367204311,427.9879497582478,417.5387419127369,426.0913391113281,574797
2014-05-15,426.5565457584524,429.13307142056806,417.8608141134156,420.48028564453125,491798
2014-05-16,429.1974441710258,468.74696293453496,426.5565140565532,439.23870849609375,2387865
2014-05-19,440.1762865208084,446.51738397494285,429.7056197701337,432.3894958496094,357821
2014-05-20,432.99783520913957,442.3019142329856,427.272248117542,434.085693359375,373660
2014-05-21,436.57633681876774,437.8788960208911,421.546642060434,422.64166259765625,413212
2014-05-22,426.55652135806343,426.55652135806343,416.0214501702021,423.52197265625,652689
2014-05-23,421.9760570059561,433.8566613741278,417.68186674898806,429.6125793457031,926209
2014-05-26,431.7095757325565,461.5613695300152,431.7095757325565,439.12420654296875,1396375
2014-05-27,443.53292297624586,448.30665205839614,436.8268279952702,441.4788818359375,431786
2014-05-28,446.30981342599534,459.6218140490029,439.7182036012502,456.82342529296875,981263
2014-05-29,458.0472632745966,465.73386538420766,450.89027965166645,453.373779296875,894985
2014-05-30,454.03933758917765,461.6257227115999,451.65605456625696,455.07708740234375,287719
2014-06-02,455.5495230947679,459.47868780784245,449.21558795867105,452.3861083984375,474864
2014-06-03,452.46480415900754,478.8025091908233,451.6202965227708,476.297607421875,1269747
2014-06-04,476.3691821719169,485.95950061695396,470.9369973337774,478.72381591796875,545705
2014-06-05,478.80249599540826,487.5412006645299,472.5544532310451,476.5838623046875,663635
2014-06-06,479.5110839797108,487.1834184990349,470.94419014435096,474.479736328125,894415
2014-06-09,489.53809598211427,542.3567056500522,489.53809598211427,529.2880249023438,4265060
2014-06-10,529.617161266375,534.1260522586714,509.5775513792847,512.1254272460938,1545775
2014-06-11,520.313119043376,525.3229796705289,503.85202708386515,509.31280517578125,1114494
2014-06-12,509.8638808749604,515.3175248963532,503.0074894710651,511.531494140625,784449
2014-06-13,513.5711709980362,516.4482891715971,503.99512068426367,506.02056884765625,716200
2014-06-16,508.0531021278648,515.2172191120994,502.3990827804665,509.7063903808594,713602
2014-06-17,512.0968883889622,516.9993984096449,504.5892033296288,512.1183471679688,667335
2014-06-18,512.4403831224826,517.4503001247301,500.9892089681658,508.1819763183594,1077846
2014-06-19,508.18201463816683,511.72475163452174,503.48707138210983,507.59515380859375,635061
2014-06-20,503.07186152555886,509.56322641705674,499.05680549758836,501.1394958496094,265471
2014-06-23,500.9891913900946,503.6730673157777,495.5498725337485,500.5168151855469,437301
2014-06-24,500.989212198352,507.6523610882858,493.1022335007492,502.82855224609375,432791
2014-06-25,502.85000903254274,504.56773045553507,498.27674135576984,499.27154541015625,623428
2014-06-26,500.98929461701135,502.8215009131647,483.1254530879488,485.3941955566406,1337808
2014-06-27,486.6752407765927,495.4568636274516,482.5742927170455,488.8294982910156,762661
2014-06-30,490.25374804663625,497.3248399660404,487.11895467009305,491.0409851074219,408877
2014-07-01,492.6727706979302,493.9753581750938,487.15475060102494,488.3356628417969,391748
2014-07-02,493.54593526143657,495.83619263878535,490.396873832181,491.64935302734375,392474
2014-07-03,493.1165774473067,495.1205103675564,485.4728923071201,489.5881652832031,332034
2014-07-04,488.82235065878643,491.03385039381544,480.2339136709642,485.2652893066406,387296
2014-07-07,486.67528467181097,488.5360836519734,479.53262491384817,481.5079650878906,317608
2014-07-08,482.3810476695683,483.3615269893866,465.4404463547358,469.47698974609375,453924
2014-07-09,470.21418194940634,478.5234569600954,461.3896131570294,471.25909423828125,583708
2014-07-10,469.51994397918213,484.10591175632544,466.63566332083536,473.7783508300781,512795
2014-07-11,473.7926954641807,475.7894943462737,458.04730185770535,459.6504821777344,458137
2014-07-14,460.2300972671426,463.30045738182116,456.9021186062925,457.9541931152344,388631
2014-07-15,462.0122708993561,465.2042784511582,456.336791843631,461.61865234375,272230
2014-07-16,462.3414867527859,471.45235219053836,457.91132461186453,467.10089111328125,485330
2014-07-17,465.91998714596156,485.46576468274213,465.91998714596156,483.3257751464844,586294
2014-07-18,483.2399381914584,483.2399381914584,475.2526860287158,477.6717529296875,350142
2014-07-21,478.165599909669,490.55439344272423,473.42054839952664,487.7989501953125,750898
2014-07-22,487.7988450987998,490.09623631892407,480.6704550501591,485.8163146972656,491714
2014-07-23,487.1046800864863,488.0780254335131,473.9430025021787,477.62884521484375,519263
2014-07-24,477.6574010703013,480.0836015992152,471.2304127984273,475.48162841796875,582107
2014-07-25,475.4816963614117,480.7492886804182,469.8205421118478,471.4380187988281,529944
2014-07-28,471.6599190487712,474.65155048754656,458.0330272289981,459.4214782714844,513243
2014-07-30,460.2230683913723,469.4842024551414,457.0739781969226,466.95062255859375,611601
2014-07-31,465.54784167098086,472.64758387009243,458.7630169807728,460.15863037109375,1984406
2014-08-01,458.33359310730515,468.63963895375315,454.31850829861565,460.5594177246094,612307
2014-08-04,456.3295790593613,462.7708640451765,454.46875207289975,459.80072021484375,630687
2014-08-05,461.6257760017865,479.3751301625356,459.9081111783511,477.1850891113281,824494
2014-08-06,477.80058830012507,478.80252639592146,467.20821833168077,469.20501708984375,463626
2014-08-07,469.2121699276116,475.7965892110726,468.0670695316415,470.801025390625,383751
2014-08-08,468.0671013397234,468.78279975199086,462.6349444455692,466.82891845703125,376700
2014-08-11,468.074229125182,475.0594863013941,465.5048659145028,472.9195251464844,466698
2014-08-12,473.0912983868012,477.5000301579446,471.97481902745085,476.6626281738281,424936
2014-08-13,473.2916376060785,480.23389160131444,465.2042266473956,467.2797546386719,668917
2014-08-14,466.6357290302511,477.0921290296582,466.6357290302511,476.1545104980469,395617
2014-08-18,472.6905705002001,480.66347058989487,472.6905705002001,477.9151611328125,459958
2014-08-19,478.22996047107995,492.11452512599294,472.8407500384644,489.66680908203125,595205
2014-08-20,493.44873617277364,498.49867517093463,487.9659648279505,497.8349304199219,810262
2014-08-21,496.33443092869317,499.826082386575,489.1202726656406,491.70294189453125,405137
2014-08-22,491.861633640356,498.49868173545434,491.28446676543035,496.4859313964844,369370
2014-08-25,497.2000659848357,501.3842827544154,494.21338615143674,497.09185791015625,329455
2014-08-26,494.90600429562943,501.2400582130705,482.483190951279,487.6485290527344,352591
2014-08-27,487.8216996978926,490.28896969407856,483.06037254904555,489.0409240722656,862400
2014-08-28,489.9859086314401,494.8843215191203,488.25446529426455,490.1806945800781,966442
2014-09-01,493.41984073261705,502.79827408729477,491.1401658044601,501.34100341796875,293616
2014-09-02,503.37538715170695,527.1965749265995,501.38432417007664,521.677734375,1507811
2014-09-03,521.5839691658958,522.3919342770188,514.5573493653495,518.4241333007812,517468
2014-09-04,516.4907670597131,521.886960377949,511.91697800706714,518.0057373046875,480968
2014-09-05,516.6782293410782,525.1837487431105,512.3281052075921,514.326416015625,482803
2014-09-08,515.4519210724542,530.2409291763503,513.2732062020561,527.75927734375,725228
2014-09-09,521.583980587409,529.5123345981399,521.583980587409,524.8375854492188,584051
2014-09-10,520.1411248709369,530.5511304217138,519.3619810250404,525.7609252929688,403148
2014-09-11,527.3552445064727,531.4889527330375,519.8813539291147,522.586669921875,343784
2014-09-12,524.4986323906387,528.5602032358684,519.4198140010005,526.1145629882812,358009
2014-09-15,521.2953345111221,524.4406736642559,517.3275341419952,519.6937866210938,153729
2014-09-16,520.7181631020364,522.305271821185,508.2376524108175,514.5645141601562,332268
2014-09-17,515.8270492843061,517.9624466614682,507.8770086802518,510.7843017578125,305878
2014-09-18,509.46404415635556,523.5316629201085,508.5983796612093,520.3358154296875,464494
2014-09-19,523.7482361658339,533.7037803489693,523.2216348543278,531.8569946289062,826846
2014-09-22,529.2309276867393,538.1692801851156,525.609438453299,534.9301147460938,853709
2014-09-23,539.5905480984705,542.216477681764,526.4679770824905,528.0045776367188,552419
2014-09-24,531.2509863077486,536.3513769244622,517.9768898528771,521.9375,547429
2014-09-25,522.298170154486,526.7781903477578,508.18003981599816,511.2027893066406,803516
2014-09-26,510.7772110104038,521.5840382968574,502.091342359563,519.0158081054688,484112
2014-09-29,522.3053135600331,523.293682469187,514.3697693301397,515.177734375,425286
2014-09-30,515.0911887379115,519.260966642987,510.0413070158838,511.97467041015625,341334
2014-10-01,513.6338121757129,513.6482513313954,501.55012223761105,504.1039123535156,301406
2014-10-07,503.5484835500073,507.30705893117005,490.5630014007963,491.60906982421875,469860
2014-10-08,493.448725520315,501.36988830953084,490.7578484274592,499.2994384765625,510871
2014-10-09,501.67284802275384,507.84818480931597,499.2200174689534,504.5296325683594,419362
2014-10-10,503.404237739676,503.404237739676,491.5730313416617,494.0691223144531,303279
2014-10-13,494.0258543741197,497.0919214304724,489.85607622935424,493.2828369140625,381217
2014-10-14,494.3144414654881,497.48865937878514,488.42765921688425,489.6829528808594,398216
2014-10-15,489.6829528808594,489.6829528808594,489.6829528808594,489.6829528808594,0
2014-10-16,487.1146830489692,490.4476747536076,464.3035223142745,465.876220703125,728488
2014-10-17,467.69420420228187,476.8561935639451,467.69420420228187,473.16253662109375,421216
2014-10-20,478.29895887548264,488.32661157717337,476.94267679281836,478.6163635253906,725448
2014-10-21,479.0204125108548,485.20294079316864,478.8256265437773,481.877197265625,342222
2014-10-22,484.8278167412218,493.2900201447165,482.4831940504934,489.53863525390625,569949
2014-10-27,493.26114183795085,495.1801232252964,487.8577573265984,489.9354553222656,380374
2014-10-28,487.6774229230288,496.33441251756784,486.42937729948164,487.74237060546875,364982
2014-10-29,490.56304305240155,498.72225188997203,481.9349325346215,497.5391540527344,1384068
2014-10-30,497.92153083795097,502.97147006465616,493.61466616406557,496.5652770996094,984562
2014-10-31,498.4986512055816,508.67061036555407,497.95755372649154,506.15283203125,867830
2014-11-03,507.15565586791115,512.1910985490006,504.991380028035,509.3992614746094,613487
2014-11-05,509.39928501518244,516.2310621204206,507.87706657024773,513.5185546875,533372
2014-11-07,514.3698447750577,518.9868945561781,512.9270131514714,517.854248046875,225646
2014-11-10,518.0129381590082,520.8625318965927,513.8431601166409,516.764892578125,181253
2014-11-11,518.7703447702612,524.8662939688237,517.8252934391468,521.5189208984375,297129
2014-11-12,525.0467302010142,528.0766706392963,505.0490662365785,524.5489501953125,473431
2014-11-13,525.3858979239794,526.4752841467995,514.3699020769175,521.2810668945312,366888
2014-11-14,521.2954940824762,522.5796092045665,512.9270585112725,515.0046997070312,306254
2014-11-17,513.0568594336024,517.2555160744151,510.9142707046796,513.9081420898438,352092
2014-11-18,515.0912472720149,520.9924693078276,511.52745705147066,518.9364013671875,397743
2014-11-19,520.5739710168409,524.7581881702444,510.7987745383879,513.3670043945312,451753
2014-11-20,512.9270005850375,518.640627371685,506.46310822111957,509.21893310546875,189192
2014-11-21,509.3198227394297,515.668315093989,508.0212687821737,511.1377868652344,163224
2014-11-24,511.9313893936736,516.6278254341997,505.2871508786413,508.7571716308594,203087
2014-11-25,506.7226851712144,511.05117908483885,499.21997380195165,503.1011962890625,356778
2014-11-26,499.8115984326472,515.812640547027,499.8115984326472,514.5429077148438,560591
2014-11-27,511.087393714,518.6983723858588,504.99144256072407,506.8887939453125,787942
2014-11-28,507.91312446103876,517.2554888399849,507.91312446103876,513.0279541015625,514707
2014-12-01,510.7843602159106,517.6378245997101,503.54857199560297,505.8282470703125,410685
2014-12-02,506.57849604141285,509.24055193710154,503.84435849328753,506.650634765625,199432
2014-12-03,507.4441772581143,510.5246260937453,500.81437791693935,501.9685974121094,245050
2014-12-04,504.17604736562834,504.41415075324045,497.7771044311943,501.2254943847656,236761
2014-12-05,504.27002797392805,508.7428003403491,501.528642157125,502.7694396972656,188077
2014-12-08,500.2445288937209,506.8526989541962,492.01312329851334,496.03143310546875,175129
2014-12-09,493.4487209483424,493.8022235159201,486.2345633676743,487.0858459472656,553274
2014-12-10,483.6519086932389,495.34608672803415,483.6519086932389,491.8399963378906,332909
2014-12-11,488.593577579499,491.84718240146503,481.9349565164458,484.7701110839844,302566
2014-12-12,483.7312214261102,488.25450191339496,481.906066106849,484.885498046875,609339
2014-12-15,481.4732571690912,495.4831226859797,481.4732571690912,492.8499450683594,283960
2014-12-16,489.8416352651712,494.1701870765977,484.6041583423479,485.6430358886719,503846
2014-12-17,482.34617267995435,492.5758320750538,482.34617267995435,484.2073974609375,601750
2014-12-18,486.52310958058047,490.09414748201164,476.88499979042217,480.4992980957031,852964
2014-12-19,482.68521267664676,489.12022639994154,481.32890196975563,487.0858459472656,216100
2014-12-22,489.12026034582726,494.14851226306774,484.07032115299717,493.2034606933594,488298
2014-12-23,493.7156290025049,504.9841650218834,491.28442858775895,500.3454284667969,537526
2014-12-24,501.0957000209456,507.1411987565312,487.7495230534021,491.9986877441406,672377
2014-12-26,494.8843873251582,496.8466291583275,486.2345888191042,488.0020446777344,159374
2014-12-29,488.398843336134,496.3344462056357,488.398843336134,493.4776611328125,181830
2014-12-30,492.00589402986185,494.2494996266453,488.18237050125714,489.53143310546875,152984
2014-12-31,490.5630027942249,495.28106874116946,486.46536403170535,488.4059753417969,305230
2015-01-01,489.69738214282546,491.70294153792906,486.23460900778326,490.9237976074219,266598
2015-01-02,491.29887975669635,505.85709014090384,490.41877593941564,504.3709411621094,291180
2015-01-05,504.9913257619738,511.8592282468585,501.67283070732685,506.26824951171875,641685
2015-01-06,503.1157377571161,503.4042926623505,482.18021189134555,486.9632263183594,812394
2015-01-07,490.5631040717244,495.46870885942315,486.2346091160681,493.08807373046875,843430
2015-01-08,494.89156871099533,499.5086182998387,490.3177795281934,494.1629333496094,266021
2015-01-09,494.8915413074008,499.7538851193053,489.8416025788944,491.21954345703125,329649
2015-01-12,491.9337762853465,497.4886864720236,489.5530841848343,495.6923522949219,184597
2015-01-13,500.2300712990386,517.9768827165485,497.34440812195845,511.678955078125,611309
2015-01-14,511.4841767928933,519.405340025304,510.8204320190723,514.6295166015625,347284
2015-01-15,519.4196080333635,532.8379790116708,515.0983622675074,529.2525024414062,697076
2015-01-16,529.2526375695603,533.4729244604838,521.5984558397239,524.6860961914062,509549
2015-01-19,527.0090720309807,536.0123742481841,525.595118581742,526.9946899414062,472032
2015-01-20,531.9650965857052,534.8579503791333,528.9423474475437,532.6287841796875,441416
2015-01-21,534.0716127055806,549.7191505621527,527.2109583987145,545.8595581054688,758001
2015-01-22,551.1619775870396,551.8545434866481,542.5482498494114,549.632568359375,481759
2015-01-23,554.0476318854354,554.2856782244052,542.0865310172311,547.2734985351562,601141
2015-01-27,548.0887869648444,557.5104808677019,544.6692745204455,555.4905395507812,839250
2015-01-28,552.6265764820214,564.5804323881647,552.6265764820214,561.9400634765625,786672
2015-01-29,561.8390403362475,569.9189206803939,555.7286500877129,567.307373046875,537695
2015-01-30,567.0332427415601,573.526013757287,557.120958974299,560.4034423828125,727295
2015-02-02,552.3306614821246,559.5881360675028,548.2763399990737,549.473876953125,397704
2015-02-03,551.4361024372072,562.9931926361232,548.2763239725923,560.9660034179688,1131714
2015-02-04,561.5432524873975,568.1009137957241,559.1336820670606,562.2935180664062,587771
2015-02-05,559.8478673882294,566.3622681629,555.4905514509524,560.9011840820312,1163469
2015-02-06,554.0765631914718,565.301840001246,545.7298156513218,548.997802734375,605062
2015-02-09,547.5550389686739,548.4063217155965,531.8497968508705,535.0745239257812,265445
2015-02-10,532.260906641127,552.4822356046384,526.908030700166,550.1953125,480858
2015-02-11,550.195281696483,560.9299683674412,547.5765434373587,554.6464233398438,764819
2015-02-12,563.7146467702838,567.2495580315724,549.3728535174464,552.2080078125,730328
2015-02-13,554.0477931042333,561.8246225868639,554.0477931042333,556.9262084960938,392409
2015-02-16,557.2291066980927,562.6758084738968,553.4705309106631,556.2479858398438,259994
2015-02-18,556.3562937886534,560.5405116139199,549.719301913377,558.0011596679688,570707
2015-02-19,558.0875868352318,562.7046358214449,542.6637131566941,546.2779541015625,802206
2015-02-20,546.5304971841803,550.4621713081585,541.2064431269359,542.60595703125,275256
2015-02-23,544.0921247343446,548.1825155879428,526.9728764966286,533.2276000976562,442881
2015-02-24,532.2609274266237,534.9301744576647,527.2110453430743,531.2221069335938,298075
2015-02-25,532.556779537799,536.7338062421443,526.6339270005292,529.2743530273438,278536
2015-02-26,530.2481493246304,535.8391286377688,516.627856206351,519.11669921875,791021
2015-02-27,524.1521821718877,544.380701263713,518.6405898734596,540.3768310546875,788973
2015-03-02,548.2763714717922,578.2223305157316,546.1193437933628,575.3005981445312,1010770
2015-03-03,574.2474435522807,580.7185277706498,565.5904529384648,576.815673828125,753348
2015-03-04,576.5558793115093,578.2728265074887,557.1858339577983,560.2230224609375,465680
2015-03-05,560.684638218334,564.1474677653108,542.1659337398412,546.0687866210938,579547
2015-03-09,544.6692594870156,549.4305862916231,533.8480518271307,535.3557739257812,416679
2015-03-10,535.2909864599924,540.8314581768968,530.241046726388,533.6821899414062,396550
2015-03-11,533.4151427514325,536.8779724493997,525.2198647405664,533.9923095703125,250007
2015-03-12,536.7337077309761,545.2464191331763,535.6732000594085,539.7852783203125,303798
2015-03-13,540.5210761856183,546.4006098507514,521.7281986577271,529.4473266601562,838350
2015-03-16,532.4051422336453,536.6976242536574,527.0667058714968,532.7442626953125,183722
2015-03-17,534.5911516595218,537.7437398133461,529.4546912991932,534.6055908203125,310693
2015-03-18,535.5794774464327,535.5794774464327,526.9224878555111,529.4185791015625,309559
2015-03-19,530.6738388023077,538.0034533180859,518.6983531366056,521.1511840820312,343525
2015-03-20,521.151023801998,525.1909055532241,512.2054245968948,521.6488037109375,350031
2015-03-23,525.9052512275688,531.6837681562278,516.5051879263174,523.7120971679688,313234
2015-03-24,520.8842297047787,528.0767003244742,516.5340476929155,518.4674682617188,377892
2015-03-25,518.698337758854,524.7365889376728,512.3570925109022,515.1489868164062,601225
2015-03-26,513.648364507558,519.5639680434011,509.1250839742659,512.0828857421875,1163113
2015-03-27,511.0800440433501,519.2753210732567,510.7626108917279,514.9396362304688,361036
2015-03-30,515.8198506846114,529.2237851388643,512.9269964873748,523.9069213867188,524111
2015-03-31,524.0369116285556,527.3482166891692,518.4531221676745,522.64453125,552354
2015-04-01,525.1910470286471,537.5561612619715,517.976888998455,532.9895629882812,266456
2015-04-06,533.9923027577948,538.1765195862674,530.5583514197008,533.5738525390625,190871
2015-04-07,534.0356285778885,546.1121307643011,530.1616534173914,543.4140625,431870
2015-04-08,541.7836596254415,549.7192622961484,541.7836596254415,548.3125,286760
2015-04-09,549.7192225740284,551.6381468819347,542.6420941239313,543.717041015625,213696
2015-04-10,543.9479093998049,548.8463229374225,541.3508011212181,547.22314453125,172200
2015-04-13,546.985052016539,548.2764151377702,540.6366157168413,545.462890625,184902
2015-04-15,546.1121607274864,552.1576602680841,545.5566810901041,548.9401245117188,276754
2015-04-16,548.4207353360869,551.9195780320036,532.5712164836342,538.1766357421875,636409
2015-04-17,538.1765832774116,540.4850795813695,523.7482102867347,526.2299194335938,462939
2015-04-20,524.4696797810567,532.1022313031712,516.7000418442437,521.1511840820312,439569
2015-04-21,520.8625743449741,529.3752868895325,514.5141378373345,524.33984375,489419
2015-04-22,524.339810974683,535.290914630434,523.0268176886483,529.51953125,364386
2015-04-23,530.9479304944552,534.5694197181757,518.8425513081831,525.0900268554688,288361
2015-04-24,525.3786966210624,533.0690052907195,519.4414619221201,528.516845703125,165090
2015-04-27,528.09104776457,529.2308850846862,517.3491710932144,521.3963012695312,504150
2015-04-28,520.2854425714501,525.7537749308887,513.0857236985396,522.8392333984375,501636
2015-04-29,519.8742424750887,532.4052073475896,510.04853693773435,519.3403930664062,443756
2015-04-30,518.7054497299933,522.305308647154,514.6871976724672,517.8758544921875,1039784
2015-05-04,516.6783618275864,526.4896286753626,511.49139306200334,523.02685546875,829536
2015-05-05,520.0689698590253,523.0267714772908,512.9341423726775,516.6061401367188,452512
2015-05-06,515.81262104016,518.1499954637248,499.5085854931863,501.817138671875,706933
2015-05-07,499.50859094659774,509.0024232559751,496.7672054188901,506.5135803222656,257545
2015-05-08,509.00239409484436,509.00239409484436,501.38428310199174,504.0030212402344,422007
2015-05-11,506.4341876981555,514.9468990665247,504.1833911539155,513.179443359375,158467
2015-05-12,513.5040840525159,515.8126373039944,500.9514327571768,503.2816162109375,649863
2015-05-13,505.7127554602159,512.9269121577013,499.94143010222746,507.0401306152344,209289
2015-05-14,505.28000839694755,512.7827791325554,498.67183785972895,509.35601806640625,152803
2015-05-15,507.9131433126997,516.6350807380325,507.9131433126997,512.2416381835938,218414
2015-05-18,511.78716789652094,515.7982294768104,510.1351111590721,512.4436645507812,354380
2015-05-19,513.6483778257568,521.0068130750822,509.6084380431256,518.0490112304688,493969
2015-05-20,518.5106869701096,524.426290260879,516.5268151105176,518.7559814453125,264142
2015-05-21,521.5694830401576,532.1815219724124,516.130029777343,530.3130493164062,476931
2015-05-22,531.250972013931,533.5594682822217,523.0268149456916,525.2559814453125,195764
2015-05-25,524.469633142307,529.8081269352297,512.5518481056179,514.7521362304688,148940
2015-05-26,515.8127025443018,519.9392206013291,512.205594766609,515.40869140625,194863
2015-05-27,513.6483106343967,522.3052988625503,512.3497566929967,516.346435546875,504072
2015-05-28,516.8803179198336,517.7171613101715,505.2943487360151,506.70111083984375,897111
2015-05-29,507.87704652724415,528.4229996986186,507.87704652724415,525.2848510742188,569878
2015-06-01,525.2848924850812,530.962393117356,520.2854616659553,521.3603515625,186950
2015-06-02,520.8625907570644,521.7715730239846,503.54861020327905,505.33050537109375,318703
2015-06-03,503.11559965042363,504.19048920607247,489.5529521096201,491.5296325683594,342792
2015-06-04,493.6362561778995,499.14784793291454,489.8488025041184,497.6184387207031,320453
2015-06-05,494.0330851137348,500.37432999301086,490.56306414438126,491.8543701171875,400964
2015-06-08,492.5541488785096,496.1684470348163,486.8116443988963,491.4864501953125,171137
2015-06-09,490.5631009700348,499.91265686375135,490.53422264990354,496.8105773925781,219334
2015-06-10,496.33435538558734,501.0956819929846,495.1873269396949,497.7916259765625,259547
2015-06-11,497.9431197837695,499.36432108800335,483.34889707415675,485.4914855957031,461837
2015-06-12,484.950460384739,486.9559625691542,479.04923881762073,484.1136169433594,277019
2015-06-15,484.07022487936905,487.09297392116946,479.74173089142874,483.3777160644531,373790
2015-06-16,481.90604485247326,488.9831156802512,479.7417691500225,486.32830810546875,287259
2015-06-17,486.6529260817798,492.00585863675593,482.8438990578904,485.70068359375,300156
2015-06-18,486.8045458098027,488.8317354842638,483.49324105439075,485.7368469238281,346998
2015-06-19,486.83336366116765,491.2844484095583,485.5131223065944,488.28338623046875,288374
2015-06-22,488.78833775081154,493.27554875295647,486.5231020481491,490.3682556152344,420088
2015-06-23,492.0058679218804,497.20008398158166,489.79114076048666,495.4398193359375,315327
2015-06-24,495.4686055724186,502.1056526162228,487.3022063781597,490.60626220703125,704172
2015-06-25,490.56307000707915,494.17017742220526,488.39879414364844,491.4071044921875,677296
2015-06-26,491.57305678165585,496.19010621594896,489.1346652430685,490.15185546875,373343
2015-06-29,488.3915463434446,488.53582377466995,476.27897658921796,486.55914306640625,429926
2015-06-30,486.55913779988344,498.49860875046784,483.52919763340947,496.6878356933594,181033
2015-07-01,496.7745592181693,509.31996480855184,494.6247221566724,507.3721618652344,283818
2015-07-02,512.0468032561685,512.0468032561685,499.0757590433137,500.67730712890625,226508
2015-07-03,498.8305038055079,507.87706535187294,498.8305038055079,505.96533203125,248076
2015-07-06,500.9515139342439,515.6611953051807,500.5186815313682,513.7566528320312,344179
2015-07-07,513.93696732032,520.5163162032107,513.93696732032,515.5745849609375,286462
2015-07-08,513.6483592243582,515.4302541390377,504.2699829592361,506.39813232421875,338599
2015-07-09,507.2999078367025,513.6122740877345,505.885897617944,507.3936767578125,158674
2015-07-10,508.31000166470915,519.9392334169703,507.8771121947761,518.914794921875,349085
2015-07-13,522.1466054006518,527.2109831179386,516.0434643847146,524.0511474609375,319967
2015-07-14,524.4695783055714,525.9124096875221,519.8597203405265,523.0700073242188,174792
2015-07-15,523.7050491600488,533.6605947385676,523.0269221783304,531.9003295898438,366499
2015-07-16,533.6459762688619,534.4251200530532,527.7014950006376,530.204833984375,279871
2015-07-17,531.236477208969,537.3107969099883,530.096639817664,533.4006958007812,312113
2015-07-20,530.2409603966524,545.2464426127056,523.459635056558,543.8179931640625,562172
2015-07-21,542.5192987917341,545.8234112611017,525.3352201639537,529.60595703125,368832
2015-07-22,529.5194523934452,541.1414901208575,528.0766210311486,539.3812255859375,267499
2015-07-23,538.2126612225611,539.2731119261092,530.9623767127209,533.891357421875,156186
2015-07-24,530.2481733895141,535.1322048540821,528.4662783664736,529.93798828125,142738
2015-07-27,526.6339279578758,537.4551945525449,525.3209915943766,531.2149658203125,335463
2015-07-28,530.0966965911933,539.2225877420441,524.8015201276902,530.3491821289062,359079
2015-07-29,530.2410006897641,533.5162359443924,525.191061394606,527.5933837890625,233093
2015-07-30,531.5394452638254,538.5371858622188,527.7448005308315,536.8490600585938,379720
2015-07-31,539.6193260545654,542.5049887634005,534.4395495071349,536.1925659179688,434994
2015-08-03,536.3008722681951,540.7736445793643,535.2909300852646,539.3668823242188,419687
2015-08-04,539.6193877509681,546.5521815018808,536.0122804166282,543.1903686523438,840449
2015-08-05,543.2264273661322,546.6820090726784,538.5588694899317,542.8729248046875,491441
2015-08-06,543.2264702848837,547.5549651001692,536.7337565978441,541.3724365234375,337336
2015-08-07,541.7836693756009,554.4661604736565,534.4252334798867,549.5316772460938,2197720
2015-08-10,551.8472859842744,553.5065334549615,540.3407046871928,544.43115234375,466277
2015-08-11,544.6837604882032,547.9878170166145,534.1871758812752,536.740966796875,405999
2015-08-12,535.0021993491979,542.2163558419737,522.4495499302384,528.2136840820312,476717
2015-08-13,528.0333378844822,531.6548267555918,515.6682833444638,520.1771240234375,255652
2015-08-14,523.7481212351369,537.0222152809852,522.3052898885679,534.3890380859375,179769
2015-08-17,534.5693512150432,537.166458889713,528.4734020007238,532.1886596679688,113743
2015-08-18,532.4196394937085,540.7736349892531,530.3131202062483,535.37744140625,208459
2015-08-19,535.2909628864824,542.505121422655,531.8281325460506,539.1072387695312,597220
2015-08-20,529.6638407566352,538.1909344539866,523.8924576487799,532.830810546875,319157
2015-08-21,526.9224590744022,529.086677818032,516.6566737177294,523.0628662109375,436964
2015-08-24,512.2055833002482,516.3032229443336,490.7073857931926,498.3905029296875,933779
2015-08-25,500.0930260661235,504.26280456386087,485.17411995926176,498.9892578125,560636
2015-08-26,498.8881991061756,504.5296871616529,488.8316954766037,492.280029296875,430736
2015-08-27,493.4487300387889,508.0646403902145,486.0902948781257,505.5901794433594,531045
2015-08-28,510.3299401778313,512.9342397391542,496.56531069633996,497.7628479003906,383738
2015-08-31,497.77729058514933,504.06083676835243,493.3045179176064,497.2795104980469,143969
2015-09-01,493.4487895687719,497.7484063974932,486.66746337838066,493.4992980957031,420244
2015-09-02,494.1702176648616,497.63299084221063,488.615307177705,492.64080810546875,451222
2015-09-03,496.5105380345282,499.7355839328603,492.4719903404815,497.28778076171875,314718
2015-09-04,494.21527402464926,497.26597778910303,482.7678658549018,490.2493591308594,424424
2015-09-07,490.2928548031051,495.3773987512795,486.6610869511486,492.2830810546875,357912
2015-09-08,493.1982923253597,499.7355549102764,489.61008132151375,497.42572021484375,140898
2015-09-09,501.2028447465871,510.1951512750229,500.06973448047114,509.1346740722656,186878
2015-09-10,502.6483130688708,505.5464526867404,497.58554731032206,503.46905517578125,365229
2015-09-11,502.64107535580723,510.63105789701837,499.7356376067981,503.0768737792969,315178
2015-09-14,503.94843219515616,508.2630311404649,502.1034721054308,505.11785888671875,220313
2015-09-15,502.6410032509612,505.64085206881765,500.8832142395977,502.1615905761719,284330
2015-09-16,503.54896836392624,505.7497960326499,500.4982649453221,503.5998229980469,268231
2015-09-18,505.54657693797327,515.5703441839992,504.82024614044656,508.0016784667969,194830
2015-09-21,504.3843258825,506.12763450002535,498.28291810977794,502.4377136230469,259722
2015-09-22,502.9605800340325,505.5464087535855,492.1886496798394,498.1666259765625,849062
2015-09-23,493.9247541548766,502.0600027062452,491.7456471467748,499.98260498046875,219969
2015-09-24,498.1375406323198,503.8031487158021,496.3942898672928,498.71136474609375,595619
2015-09-28,499.00925116192855,504.6603217808713,497.5565324496919,501.2173767089844,328865
2015-09-29,495.37735791230506,508.30655842956713,491.0337404746055,499.8662414550781,447917
2015-09-30,501.04308697823353,514.8511852467224,499.0819366228166,511.0450744628906,513619
2015-10-01,513.6962033768996,518.6208855330902,508.6697544929942,512.6865234375,173573
2015-10-05,516.8849402572198,528.2815510166205,513.8415343395566,525.1799926757812,419343
2015-10-06,525.7392435394961,532.3854559566497,517.8945856119963,523.4367065429688,356246
2015-10-07,522.9789633633716,530.2425552881807,520.073526593448,529.4581298828125,215089
2015-10-08,529.5018728018155,533.4314713804692,528.0854704421571,530.8456420898438,231207
2015-10-09,531.724499755151,535.8719972602543,527.3881217992216,529.2113037109375,237396
2015-10-12,530.9254955879861,535.8066791626762,525.2017913991091,526.2259521484375,156464
2015-10-13,526.3203036702841,530.8237253263565,525.8844478912166,529.5453491210938,113400
2015-10-14,527.3372585832014,531.5429084434605,526.1751295368437,528.1508178710938,172452
2015-10-15,530.2426892950174,534.0197810356337,527.4970560251996,529.4437255859375,407036
2015-10-16,530.5333554905283,532.2766067517636,525.0783472339332,530.1047973632812,259255
2015-10-19,529.9883370684396,529.9883370684396,521.5262424608861,523.4946899414062,284654
2015-10-20,524.0250472769765,526.6108760911701,521.6715982788851,524.0322875976562,299579
2015-10-21,524.5770608119531,529.9521372327287,521.6716234163227,528.3614501953125,162796
2015-10-23,530.279036652607,536.4385966987901,528.5793998602531,529.872314453125,145654
2015-10-26,530.4243078734872,539.6562917836425,525.899049782434,536.0753784179688,213210
2015-10-27,535.3271829447455,540.411726826859,533.2933998696174,535.537841796875,367231
2015-10-28,533.1917397101441,539.1043239783667,533.1626634992891,537.121337890625,213605
2015-10-29,536.3440968625249,537.3609596566166,529.2257699895762,533.4386596679688,464054
2015-10-30,538.8136177931938,546.0772674273857,534.3174941758202,539.2567138671875,716790
2015-11-02,539.2567690921475,542.8595180736286,530.3152606425667,536.2278442382812,126944
2015-11-03,538.1019262764294,540.4117610870903,535.7630152557481,537.353759765625,381839
2015-11-04,539.6780367014028,541.1888500964632,532.8574830757108,537.1430053710938,199127
2015-11-05,536.0535641164669,538.377937104169,532.0876493947801,537.0487060546875,194338
2015-11-06,536.925149795651,540.251904618096,531.4338839590794,535.91552734375,206671
2015-11-09,531.5501079057652,531.9859637275143,526.6108874498071,530.0901489257812,439122
2015-11-10,527.329851525715,528.8261266775152,521.816808231469,526.0587158203125,292722
2015-11-13,520.938139787776,527.3373204665567,516.550906749179,526.3276977539062,461066
2015-11-16,526.61095082096,536.6347165216054,523.5311708033505,534.8333129882812,203612
2015-11-17,535.9082731945473,536.5257116765598,520.3642234955912,525.0782470703125,288665
2015-11-18,525.4487427652081,526.7344169814747,520.3787364285935,524.722412109375,222173
2015-11-19,525.2307204319071,534.6007284726334,524.722289092022,532.4725341796875,162861
2015-11-20,532.4217371694666,537.2156912814428,530.1845355987332,535.15283203125,275775
2015-11-23,535.036753180943,539.2496437160469,529.8795752535817,533.562255859375,261193
2015-11-24,531.6954115119171,540.2664579514683,530.2572308559074,536.830810546875,440749
2015-11-26,536.8308842783928,543.302755582189,534.6154605678565,541.8500366210938,434489
2015-11-27,542.3511932032199,544.7699778765333,539.8452373530024,542.5327758789062,349772
2015-11-30,542.5907809484872,545.0604198544083,540.7022639713572,543.5640869140625,187572
2015-12-01,545.0604111015431,548.3871085487143,540.7966667701021,542.5036010742188,178674
2015-12-02,542.6053509919305,547.0652164041841,542.3075209578935,545.7069091796875,387497
2015-12-03,543.79650695906,549.8543566609749,541.1816020195281,543.9054565429688,586229
2015-12-04,542.0024543187404,545.4962540531862,538.2326604374132,540.3463745117188,271368
2015-12-07,541.1526517951618,550.5808143973063,541.1526517951618,547.6826171875,339500
2015-12-08,546.2662926273384,547.6391382016255,541.9880091087584,543.1647338867188,84334
2015-12-09,542.024125202011,544.0942820129144,536.1987708228919,537.6514892578125,407205
2015-12-10,537.506323026845,540.2664368494414,531.6953907446629,539.1769409179688,194513
2015-12-11,538.8135836518292,541.8643438870517,523.9958680537818,526.0805053710938,202167
2015-12-14,524.2430381565724,540.3028192507609,520.974435037936,530.460693359375,246644
2015-12-15,530.7147685684918,537.3609226522182,525.7391746743044,535.1600952148438,170495
2015-12-16,536.380484935438,541.8645113007877,535.7921226198043,541.101806640625,245024
2015-12-17,541.6610176511564,544.769873358494,538.2326109736418,542.8304443359375,267622
2015-12-18,540.7022599926553,546.9343947027575,535.5959376770055,540.6441650390625,478979
2015-12-21,540.7022635975023,541.8644499914183,535.7484476848646,538.639404296875,111611
2015-12-22,538.6684593981134,543.7530036660871,534.7461590653602,541.2034912109375,330421
2015-12-23,542.1839477366505,544.9877329109762,540.535108522171,543.1282348632812,171837
2015-12-24,543.6658573884093,544.7699489534107,538.7411171263445,540.2083740234375,105908
2015-12-28,540.4117703456751,541.8571912930788,534.8914276735284,536.8090209960938,138746
2015-12-29,537.5064510974166,546.9490961972532,533.5550162040323,543.6659545898438,400374
2015-12-30,544.4648878445249,544.4648878445249,537.6734087045271,541.2325439453125,173392
2015-12-31,541.1380489187761,546.498586843083,539.1115061960331,545.4744262695312,378087
2016-01-01,543.7819531295328,550.5951512184977,542.5906907244595,547.3483276367188,149348
2016-01-04,546.229864817087,549.5638602125968,527.787618174107,531.2958984375,429103
2016-01-05,532.0585869984086,536.3004955243885,526.8287769365489,531.5646362304688,214175
2016-01-06,531.5501375645227,535.6177615296704,523.3640924598144,530.5913696289062,334983
2016-01-07,527.4824313848964,530.2353619872555,514.2626986557713,516.7614135742188,543534
2016-01-08,518.6355337415857,522.5142777162148,510.60923446916723,519.4490356445312,173431
2016-01-11,516.7323345013906,529.1603439036726,512.9334649782984,526.1895141601562,334627
2016-01-12,526.4656812711734,530.3444250177417,508.79332028162315,515.6646728515625,589249
2016-01-13,518.6208792147027,522.2454066224583,507.870784679293,512.3742065429688,378449
2016-01-14,511.06669634621664,511.91651449858557,504.82002438004446,508.3356018066406,540915
2016-01-15,508.7424349986332,511.647872472728,499.59032419409453,508.9894104003906,374107
2016-01-18,509.90462057605936,514.9092340304784,505.6481736468092,508.59716796875,409719
2016-01-19,507.0282210711606,513.2676535986512,506.3672257647219,511.7495422363281,360945
2016-01-20,504.05013218192164,518.5555394712057,502.35043823700306,504.98712158203125,568115
2016-01-21,506.30924100095604,509.75942693736755,499.23446930272735,501.5152282714844,294277
2016-01-22,502.655549335648,508.59715211013196,499.0092432393136,500.7960510253906,252827
2016-01-25,501.20278331979205,506.25825077628684,498.28280811233356,500.42559814453125,378994
2016-01-27,497.12796000216326,506.098487734491,496.1401159034736,497.3748779296875,607330
2016-01-28,499.7355316781996,500.8686418168116,482.45541531007194,485.9565124511719,953461
2016-01-29,486.83545842620555,500.3166490761858,486.83545842620555,493.00225830078125,588646
2016-02-01,510.19514381321517,518.6136834957125,496.83014318487983,499.5031433105469,1164947
2016-02-02,502.0599782370925,505.40121419294223,495.85686157500083,499.6194152832031,520248
2016-02-03,497.12056506595695,503.07670470337644,494.650926570443,495.6678466796875,458500
2016-02-04,497.74521481517945,502.23409770366146,494.5056317408054,498.7403564453125,196308
2016-02-05,501.0430137959067,505.54643587259676,497.75987308886346,503.0986328125,469336
2016-02-08,505.4011729822764,510.9432938153043,496.5468352121063,498.2029724121094,317997
2016-02-09,496.80833458434495,503.0114505643138,492.4719571474541,493.648681640625,228284
2016-02-10,493.6341713312031,500.3166428843332,490.2928780917726,497.6146240234375,229664
2016-02-11,497.411180940931,499.69199688529324,487.06056788010915,492.7842712402344,350641
2016-02-12,492.7842914598987,494.2079914033681,483.0365783540531,491.5858459472656,234091
2016-02-15,493.9174575464554,509.89736308761,491.74559110765125,504.4424133300781,392020
2016-02-16,504.96539185859865,509.1637437629999,496.74297292190533,499.8953857421875,165997
2016-02-17,501.0430091938371,508.4155519782139,493.9029036902517,502.0308532714844,440224
2016-02-18,505.11062410094627,507.72552909870376,496.1037801867701,500.9703674316406,236573
2016-02-19,501.0430024100499,501.0430024100499,495.3773940474758,497.9342041015625,208032
2016-02-22,498.2828321037812,507.5511895536102,498.2828321037812,505.9677429199219,218239
2016-02-23,506.78125886332856,507.7255461060558,491.0192527541072,495.05780029296875,408669
2016-02-24,493.05302791733544,499.0092260544005,488.12834563372815,489.2469177246094,306772
2016-02-25,491.0192739633156,495.537234370976,476.5065960830539,479.608154296875,716900
2016-02-26,482.1576170760177,482.5934153839089,469.6642150840888,479.4845886230469,540740
2016-02-29,480.85019529768635,488.2590543177286,472.64958425133864,483.41424560546875,409466
2016-03-01,486.6610257082117,500.607145818543,480.995418004818,497.53460693359375,621251
2016-03-02,500.1713694664164,506.7086322631302,498.80582195091426,501.40618896484375,177747
2016-03-03,502.4956839705276,512.6647135574881,499.7355130506382,508.00872802734375,323778
2016-03-04,508.3065092523822,512.9407159147406,501.1881834781689,510.6744384765625,658962
2016-03-08,511.8657579520727,515.4248925046531,508.60439593414753,512.715576171875,377983
2016-03-09,512.8100427353475,530.5332567370546,511.35732404424783,527.61328125,548057
2016-03-10,528.6446697784027,532.3926850625259,520.3642136579359,523.1969604492188,283986
2016-03-11,521.766094218596,527.4825000795797,517.8945911176921,520.4295654296875,267091
2016-03-14,521.816925438501,527.0176593110152,519.1657038685491,521.1340942382812,309203
2016-03-15,521.0904940368839,527.0466342099892,514.989087758372,515.7953491210938,730801
2016-03-16,517.0229889472502,522.6377435642504,514.2482792810806,520.2625732421875,217046
2016-03-17,522.9789825967326,531.6880529073237,521.9621199138597,528.0780639648438,537526
2016-03-18,528.8262373003816,538.2326205028999,528.8262373003816,531.2523193359375,479860
2016-03-21,531.9859926056386,544.7553908873483,528.8045035170546,542.4818725585938,956221
2016-03-22,543.2952574976127,548.619478284608,542.5471485944138,544.653564453125,401262
2016-03-23,550.725972876152,555.9557249322728,547.9658020147868,549.2732543945312,527455
2016-03-28,548.9755328965269,553.0503972628624,542.358396319237,550.0723266601562,659734
2016-03-29,547.7189146440459,552.0189758315067,544.4285334748241,547.239501953125,817080
2016-03-30,550.4354553866876,560.5899469267249,548.7139830780055,557.648193359375,869490
2016-03-31,558.1348939283846,561.301844707593,553.7912760995537,558.4472045898438,1310796
2016-04-01,553.631526220666,564.672211987037,553.631526220666,559.703857421875,278108
2016-04-04,564.6721716073763,565.1079699734527,559.5876274850265,563.3937377929688,366713
2016-04-05,562.042831466704,564.6359586387755,555.3675990987011,557.1689453125,413653
2016-04-06,558.5054343520803,569.4661897099123,556.3989604214012,568.3911743164062,762998
2016-04-07,571.6379059070416,571.6379059070416,566.5606598268699,567.9988403320312,480327
2016-04-08,566.7785439855414,579.9256441773805,562.9288196611421,578.5528564453125,759200
2016-04-11,580.0419116354255,585.2281073438376,568.6525999450174,582.0974731445312,644037
2016-04-12,581.2331066600992,588.4821615350327,578.2841126197226,587.1820068359375,572691
2016-04-13,587.6251467956829,598.4043184311363,585.8600599543777,591.7726440429688,432324
2016-04-18,591.8379871330884,597.0677395515312,582.983649848002,594.2567138671875,621439
2016-04-20,594.8888217511308,601.280761939193,589.6226941791687,594.6055297851562,437943
2016-04-21,595.9201419038983,598.8401174201688,579.3446335398065,581.4510498046875,317673
2016-04-22,578.618284022298,587.8721045178744,576.3883799105784,582.9764404296875,395909
2016-04-25,583.4122211751834,589.0778295215816,579.6351297899638,586.7098999023438,294038
2016-04-26,585.4460102844824,597.0677593275483,583.9932916540992,593.7700805664062,414113
2016-04-27,593.7264233566268,602.4427336655742,591.2567848635692,600.176513671875,513444
2016-04-28,598.520551526794,600.6996584716512,593.4360644269096,598.1864624023438,480256
2016-04-29,598.8037480438871,600.2637069417464,589.0051810638051,593.690185546875,177105
2016-05-02,591.9832220975276,595.614989630676,588.3513971015215,591.3657836914062,104858
2016-05-03,594.3076080947986,607.0770058583129,590.5305740069767,601.7818603515625,675922
2016-05-04,601.135459788419,604.0263593142894,595.3463629521905,602.0361328125,343713
2016-05-05,604.9124546101143,604.9124546101143,595.0194186504942,597.8304443359375,191253
2016-05-06,596.3269018613238,599.9659675578863,592.9057353439898,597.3656005859375,214966
2016-05-09,600.6995374868069,605.4644726085863,593.4504830081073,600.5760498046875,736660
2016-05-10,600.5761336667279,621.7640715261128,595.6150771174118,612.4375610351562,497754
2016-05-11,612.7643440163155,624.6620855227891,608.471524001041,619.51220703125,1002248
2016-05-12,620.3113143539307,622.4903635662384,613.0767399537425,618.6987915039062,276507
2016-05-13,617.3622651968708,619.2798583918882,604.7672101477841,617.6600952148438,377387
2016-05-16,618.8150362638736,621.0376999859049,613.352788450401,619.9554443359375,178304
2016-05-17,620.3403057338029,626.1221612497707,618.2774465206551,622.119873046875,272710
2016-05-18,621.0376895677557,621.0376895677557,617.362307149452,619.6793823242188,145842
2016-05-19,619.7302548536749,621.4808036759857,612.3431732720256,617.7327880859375,343674
2016-05-20,616.6795228869619,617.4058535099642,610.1422599656124,611.1228637695312,146899
2016-05-23,613.7450135458763,618.7133104156568,608.8784259491728,611.7620849609375,176205
2016-05-24,611.740297495143,627.4151328163413,609.1108542420591,623.267578125,183696
2016-05-25,626.9937562588632,632.65212407366,623.7977869166943,630.9815063476562,445856
2016-05-26,630.9815562562084,633.3858025047808,623.9431023783666,629.1729125976562,398812
2016-05-27,629.7539140853485,637.0175067394881,629.0420641917566,633.5673217773438,330855
2016-05-30,635.1652647438918,639.8284903472822,630.625526815749,632.1871948242188,244097
2016-05-31,629.0276888788427,636.291282749234,626.9575315846319,632.9427490234375,580552
2016-06-01,632.9644306772182,637.7439040192695,629.3253652455528,632.8046264648438,302255
2016-06-02,632.6595264459224,633.0445277058984,628.3013696458694,630.683837890625,423406
2016-06-03,630.6257156024233,634.7877514310662,626.1440712789728,627.3933715820312,124048
2016-06-06,624.8511111167765,631.0614680328855,624.8511111167765,627.3788452148438,126050
2016-06-07,628.4755841032934,636.6253121010224,626.8703015645166,628.5845336914062,762415
2016-06-08,630.4804732325548,633.2406449366905,625.962512203576,629.3328247070312,237564
2016-06-09,629.8992356963158,632.9499391335843,622.4903762825405,625.3594970703125,162725
2016-06-10,624.4950411525207,631.271980373486,617.6817854074436,626.29638671875,230455
2016-06-13,625.3958111677621,629.5651441577216,621.8729928555047,626.398193359375,722376
2016-06-14,626.5579824392523,626.5579824392523,618.1612791701011,620.5582275390625,335864
2016-06-15,622.8172514342651,628.3012775328182,622.1780919735354,626.9357299804688,188713
2016-06-16,627.4294811970354,627.4294811970354,620.3184531156402,623.13671875,172543
2016-06-17,624.9599810791514,631.9330417529658,624.9599810791514,628.5045776367188,537727
2016-06-20,624.6694359019957,630.4803100991969,617.4130834757827,627.6983032226562,168460
2016-06-21,628.8534100733312,630.0446154540257,623.8051816553493,625.9043579101562,154540
2016-06-22,626.8485402391109,628.2649423860786,620.1442329126058,621.3136596679688,1113775
2016-06-23,621.764031553157,626.122187430612,620.3548697770823,624.6258544921875,367944
2016-06-24,617.4058352529316,627.7201894974893,615.9458762661494,623.3910522460938,1172879
2016-06-27,622.8970871871877,638.9060668775925,621.7639771015978,634.6205444335938,659546
2016-06-28,635.6374623283493,649.8741163428147,635.6374623283493,647.7677001953125,735941
2016-06-29,648.2834695764341,653.8763877847688,646.4602877647395,649.8959350585938,749972
2016-06-30,653.3678653337951,682.4585521077314,650.0919652636811,677.7880859375,1755467
2016-07-01,676.3862580166706,679.1464290832411,672.2314633129749,674.5340576171875,927421
2016-07-04,675.2240909764773,678.4200604725412,663.791164893629,665.3310546875,590253
2016-07-05,666.2171898216269,669.8925716657628,657.3483148946281,659.2223510742188,548530
2016-07-07,660.2466295449125,663.8929358344652,656.6293420037047,661.0455932617188,365242
2016-07-08,659.8252476660684,665.0986145507787,657.1740261195199,659.658203125,992566
2016-07-11,661.4378082041387,669.3769351920103,660.9874717256539,663.0430908203125,662527
2016-07-12,663.9073045584365,684.3179951423829,661.8662240074713,673.9964599609375,890118
2016-07-13,674.6430973951151,675.9432522625302,668.9774883918593,672.391357421875,461092
2016-07-14,672.2750743600762,693.6736116111499,670.5826207224665,691.6034545898438,1105687
2016-07-15,698.6128762571145,703.9225598537852,689.3154997222548,700.4432983398438,913591
2016-07-18,701.5038235083757,704.3801846102131,693.2378480381386,696.956787109375,370433
2016-07-19,700.9373569111175,700.9373569111175,689.4100172246735,691.501953125,424268
2016-07-20,695.1264537124903,706.2833298120869,693.4122213460507,703.3488159179688,1099135
2016-07-21,703.6974255139586,716.917159807171,700.4506012627105,712.0069580078125,1079343
2016-07-22,712.2684584177172,719.0817152491805,704.7143328836692,710.5252075195312,824591
2016-07-25,711.1062736897443,713.6776219238349,703.2180015841078,706.1670532226562,655249
2016-07-26,706.16703778954,712.2684445457933,704.1331972288804,705.5060424804688,405682
2016-07-27,705.5060242236812,714.5927988480836,705.0048331486112,707.4889526367188,529665
2016-07-28,707.4889832892796,714.5201967487668,700.3270992778448,702.77490234375,1157527
2016-07-29,706.021776916338,714.3022329486677,702.6732434962232,711.0336303710938,653499
2016-08-01,713.5760578748417,729.1201679650001,713.5760578748417,724.6312255859375,477579
2016-08-02,726.3598688145992,733.0496381559703,722.0815860877838,725.1395874023438,822083
2016-08-03,725.6334311279189,727.8125377653365,715.965591978815,721.7692260742188,379214
2016-08-04,723.0186383041038,728.807735193539,721.8056545705281,725.7061767578125,673427
2016-08-05,727.8126682226556,778.8103924010072,726.2146832181194,764.92236328125,1245334
2016-08-08,767.0360488337583,776.3334836953338,765.0168035909832,767.9222412109375,526463
2016-08-09,767.9076682522372,771.365151504891,748.8770584515566,753.4313354492188,407107
2016-08-10,755.4143910044355,755.4143910044355,698.1191334251225,703.6249389648438,1733199
2016-08-11,702.9710113230997,704.1041789753639,655.9610455957281,659.4766235351562,3967801
2016-08-12,645.3052370393802,670.6188895824861,603.684832495171,662.665283203125,13958165
2016-08-16,663.1664724800643,666.0355929056618,640.794573480324,651.486572265625,3278955
2016-08-17,650.8185300250689,666.6531718573175,649.3948298692576,656.6511840820312,2076951
2016-08-18,657.0650326749152,675.5073348990924,657.0650326749152,672.17333984375,1702111
2016-08-19,675.6599039170502,682.0519005100682,668.999210972378,672.9942016601562,1620110
2016-08-22,672.9941528370762,675.5145887911519,652.2710918762866,654.0506591796875,1723018
2016-08-23,652.3147671694277,664.6193490234249,649.9976918552568,657.588134765625,1658113
2016-08-24,658.2273425765595,668.6361092728564,653.0701649756053,664.3505859375,1011366
2016-08-25,664.6191632844283,671.8827553592936,655.9972642639069,657.8422241210938,1746251
2016-08-26,660.9874370928528,664.0962354271597,654.886030332595,658.5831909179688,526736
2016-08-29,660.11581446085,663.7476399448303,655.685025295885,657.1885986328125,449226
2016-08-30,658.8156801565472,687.8337385484289,658.8156801565472,680.3377075195312,1861926
2016-08-31,684.2310420666338,690.6738941632738,676.6188205316442,678.3838500976562,1267660
2016-09-01,675.6598876852081,686.2647738911916,665.490857291529,668.7957763671875,1081643
2016-09-02,672.318682435976,674.0619333753144,659.1061883946073,670.1541137695312,1341988
2016-09-06,675.5074094880327,690.0273560510531,672.8271116160444,683.0469970703125,1047250
2016-09-07,685.2611842829847,689.2152096278168,677.6820141396597,679.0706787109375,828421
2016-09-08,680.7370974696503,704.5490219548853,680.1523630846177,698.1246337890625,1683057
2016-09-09,698.1247130471079,698.5632205206122,685.7363565399055,687.9947509765625,749972
2016-09-12,681.1756468254081,686.4379675142823,669.0431447950403,677.4774169921875,694425
2016-09-14,677.4773861354603,692.5626430817384,676.7977111818249,689.5806884765625,820275
2016-09-15,690.6770741864349,698.4170432321039,686.6207066435072,691.1229248046875,758954
2016-09-16,694.3314892965109,712.384133574697,694.3314892965109,709.438720703125,1202004
2016-09-19,709.4386299365583,716.9520019005055,706.7562987879137,710.1768188476562,555789
2016-09-20,710.5568268791384,720.6136455557797,704.1981800419868,712.8883056640625,741035
2016-09-21,716.9884205868829,718.4501696778437,710.1108971850188,711.6749877929688,666312
2016-09-22,717.7195108352496,722.0901307689026,713.3927185231034,720.255615234375,697568
2016-09-23,720.6429216949707,727.3669337494695,713.8823095335815,716.17724609375,674523
2016-09-26,715.234417891493,721.878059912292,706.1715840189399,708.32763671875,722752
2016-09-27,716.096930889263,716.096930889263,703.284695336158,705.8646850585938,451008
2016-09-28,705.8792403867766,716.0018591287612,703.4015922570876,713.5095825195312,588737
2016-09-29,720.7890488145521,720.7890488145521,681.8772398113725,688.133544921875,1997101
2016-09-30,688.4771913098626,710.7908283474804,688.1336822012753,706.9829711914062,866800
2016-10-03,711.1414541211216,720.8255639384054,709.7747033412942,716.2868041992188,526904
2016-10-04,718.7206387489794,721.3517988400787,713.3341210570968,718.7864379882812,480858
2016-10-05,721.9585070056181,729.6253910629335,716.5500172378122,721.1618041992188,752227
2016-10-06,726.4899221460674,744.7617594776148,722.2508433960124,737.5991821289062,1656533
2016-10-07,741.8382120814491,755.2863510067072,733.7986203740269,749.1104736328125,796485
2016-10-10,752.8744437170249,757.6981987359205,738.9147128237643,741.6189575195312,559497
2016-10-13,745.4926599601318,747.721855096939,721.8854175464598,726.34375,906495
2016-10-14,730.1442549942095,731.2771236928767,718.5964299292466,727.3303833007812,926208
2016-10-17,728.6825751605829,730.6559744547302,706.8659607958484,709.3509521484375,589639
2016-10-18,714.7959486725766,718.7426314222209,710.4837852223477,715.5267944335938,538125
2016-10-19,719.5465370703015,723.4201926197351,715.8555929401712,718.23095703125,735157
2016-10-20,723.2740975574989,727.2207802587787,716.8789081265887,719.2542724609375,516430
2016-10-21,721.3738092242407,722.4335934233868,707.6333882045844,710.19140625,383026
2016-10-24,713.3341608301977,714.2111756960837,705.2945109724717,710.4472045898438,513870
2016-10-25,712.2377880483327,714.0649600533532,703.6134621749475,711.1049194335938,752371
2016-10-26,710.2644353393779,721.3737528678507,705.3675955446289,710.4472045898438,325716
2016-10-27,708.8757095913286,714.5765370088549,696.8893782293783,700.580322265625,1155961
2016-10-28,700.6899779048431,716.1114579561706,695.9758497528277,705.5137329101562,1470425
2016-11-01,713.9919733449688,715.4171804246374,701.6767016698558,703.4308471679688,632709
2016-11-02,700.1784334483975,703.1019322830019,682.1258483817427,683.9895629882812,748747
2016-11-03,682.7104660162655,688.4843786065934,655.193025495277,664.8771362304688,1053749
2016-11-04,664.8771539400719,676.7538600180256,646.8610544204644,658.04345703125,850844
2016-11-07,665.0964528086355,678.9831012952818,663.7077879599709,671.3819580078125,1203799
2016-11-08,672.4051255214054,677.4116500084708,660.345708521148,665.6079711914062,863163
2016-11-09,628.5891985692679,663.7077237613722,599.0618167011527,654.7545166015625,1700352
2016-11-10,666.558138768243,677.7770833599725,657.8607276021613,672.6243896484375,736738
2016-11-11,665.0597471389001,675.1823637853015,651.2096443449153,657.056640625,2923496
2016-11-15,654.8641539375243,657.8241948470186,593.1782867526558,598.8060302734375,1943296
2016-11-16,609.5499358985403,611.3406238162221,583.4211568018486,596.9423828125,946900
2016-11-17,599.7561821651325,606.6263633914647,596.0286954363161,599.1714477539062,689019
2016-11-18,600.633320328764,602.825973635763,585.5773168156917,598.2945556640625,885441
2016-11-21,602.1680800814077,602.1680800814077,571.4713423184586,575.5277099609375,1414258
2016-11-22,578.414623202394,591.0587171322392,575.271813043455,588.6834106445312,1091699
2016-11-23,593.9823197780706,597.7097490020274,586.8928264104502,593.6533813476562,933245
2016-11-24,592.7397203950424,599.2079358803157,586.8927237317178,592.1915283203125,2164397
2016-11-25,592.7397933723531,603.7028845558128,586.9293382772973,601.5833740234375,1418871
2016-11-28,601.5102967194388,620.513038444579,599.2080168984371,613.9716796875,942739
2016-11-29,615.3968690515023,623.1441809289948,614.0447465926983,620.8053588867188,802374
2016-11-30,623.4730785524393,639.8081175469482,615.3968858664758,636.0806884765625,1572461
2016-12-01,639.5157476305101,645.3262025001727,630.1605753083186,638.0174560546875,1399065
2016-12-02,632.9379123990193,642.4392539830923,631.1472246876484,637.9078369140625,1604679
2016-12-05,641.4892190361065,643.0971376532843,622.8884413359121,637.2866821289062,612974
2016-12-06,640.5024496922756,646.093650863409,633.3033300788665,638.89453125,606645
2016-12-07,641.9642441112711,643.9010432714998,635.8614504950123,640.6121215820312,1017384
2016-12-08,645.3627996786716,657.0567949860887,642.5854700111522,653.6217041015625,1429123
2016-12-09,656.3258687076171,656.3258687076171,640.5389654144534,641.9641723632812,2111817
2016-12-12,640.6121026652063,643.7913973924822,622.3767491137022,629.8316650390625,556573
2016-12-13,628.5526552976381,630.8548771756558,615.3968539086494,621.6458740234375,552178
2016-12-14,621.244036293115,630.0145924410057,618.1012830653337,621.90185546875,374088
2016-12-15,618.174242501604,624.8983129862297,605.4204628649339,607.649658203125,721999
2016-12-16,610.5731383629948,610.8654766750991,595.2612832456739,597.490478515625,968447
2016-12-19,597.8558335094413,606.553244227279,596.0286614462165,602.3507080078125,432188
2016-12-20,602.2409920341836,609.1477719516012,599.317494037612,605.7857666015625,508097
2016-12-21,605.9686256083429,610.2807890947004,600.5235933628413,605.7128295898438,424268
2016-12-22,605.0184636506932,606.6263821461463,592.9590460247572,598.3309936523438,434629
2016-12-23,597.4903976560862,608.0880647762106,594.164934165785,605.5665893554688,272789
2016-12-26,605.456956655205,605.456956655205,593.4340816043348,595.5536499023438,382658
2016-12-27,594.8227955686391,599.0984169856583,584.7367187249075,593.0321655273438,800041
2016-12-28,593.982216072881,606.955247151812,588.975691931567,592.8128051757812,456126
2016-12-29,598.3674965293541,619.8552278043492,593.4705989692961,616.4931640625,1755798
2016-12-30,613.9350667659337,635.1304590077996,613.6061862065073,630.5625,1077749
2017-01-02,634.3997170120566,640.2467147489361,628.5161769848237,638.2733154296875,418300
2017-01-03,638.7849310037698,643.9010248386995,632.2070299930582,635.20361328125,281115
2017-01-04,635.6422838173687,640.2467863772833,630.0145391929999,633.6688842773438,223658
2017-01-05,634.3995441340281,643.6085457140762,628.3332364880566,632.7916259765625,504004
2017-01-06,632.2069672465007,632.2069672465007,621.974722772115,625.0809326171875,612062
2017-01-09,626.5792616644361,632.5724280051774,621.8651331871565,627.5294189453125,300830
2017-01-10,629.2835353048245,631.4761882624387,618.5031554201057,619.9649047851562,373768
2017-01-11,623.5827313605847,629.466271339263,620.366894195856,627.017822265625,447515
2017-01-12,627.1640042326328,631.1837714899942,621.7189721253826,625.3002319335938,425330
2017-01-13,627.0908834909718,627.1274257762934,616.3469890458309,618.3568725585938,300108
2017-01-16,617.5163958760274,630.8183080250035,611.4866875578983,624.7155151367188,447541
2017-01-17,625.4463962486926,630.6721745909731,615.4699471171139,617.9183959960938,358153
2017-01-18,620.5130113606874,634.8747083484632,617.3337167524171,632.2800903320312,1677493
2017-01-19,634.9478084336581,634.9478084336581,627.127469726403,632.0608520507812,1948333
2017-01-20,628.5526897042756,646.9706970169042,627.7487015342433,630.9645385742188,1047342
2017-01-23,632.0242251590176,648.2861771107542,628.1871119847601,645.8743286132812,1923500
2017-01-24,648.7978738997479,670.1394360137538,646.6783056925666,666.0830688476562,1723320
2017-01-25,664.3655816337213,688.7767556937116,661.4420250670519,678.3252563476562,4236177
2017-01-27,678.6906278673043,686.8033622940966,676.0595254505757,680.5909423828125,897493
2017-01-30,684.610787348786,734.9315404352711,683.3682917661465,708.6199951171875,5959967
2017-01-31,698.8628474025643,707.1582355621806,662.721022628683,665.4983520507812,4739617
2017-02-01,672.4052256958589,690.6771231693564,672.4052256958589,686.803466796875,2141926
2017-02-02,690.6769677049126,698.3145940357662,681.6872190682062,695.975830078125,1227311
2017-02-03,693.235008314493,702.3709256252769,687.0225313486997,690.165283203125,853491
2017-02-06,702.9556023835021,703.8326749613612,688.3381115529559,690.7865600585938,836269
2017-02-07,693.9659425523436,700.9092660359021,688.8498490202977,694.5872192382812,765374
2017-02-08,694.7333672085401,715.6729060596125,692.6503413169241,713.4072265625,1014482
2017-02-09,718.8156275790452,718.8156275790452,698.0588010383282,712.347412109375,963016
2017-02-10,738.9148914874766,748.7451731448992,730.217478744643,738.9879760742188,8426063
2017-02-13,741.1073508564455,745.4925983740538,728.7920808312887,731.0943603515625,2536650
2017-02-14,734.1274603761705,741.8381710963932,728.8285981248894,738.9146728515625,1971538
2017-02-15,740.3764996929513,755.7248959995021,730.5828200187507,735.6989135742188,2716241
2017-02-16,738.9147907879466,754.19010335628,734.8950234247695,750.6453857421875,1763308
2017-02-17,756.3827087646002,763.5818282256024,749.2932161618819,760.5486450195312,1933919
2017-02-20,763.0335951092219,773.5947777835961,756.4557526853896,771.3290405273438,2258138
2017-02-21,778.747583384394,784.960004323708,771.840801074876,780.7940673828125,2181786
2017-02-22,782.0364011199978,787.4448909122548,751.412750188828,765.5917358398438,4070205
2017-02-23,765.9570813816857,771.000147792368,744.7982319030762,749.0738525390625,5867730
2017-02-27,749.000810434793,757.0404601928033,740.8150493543536,744.2866821289062,2527780
2017-02-28,747.6121660168924,759.0869065747285,716.5500081722249,723.7125854492188,32868975
2017-03-01,721.7391675133894,741.1073883955995,713.1879257478984,735.0411376953125,2428889
2017-03-02,740.3034593925029,740.3034593925029,723.5664552020337,727.2938842773438,1172165
2017-03-03,729.4133630054715,751.8146504528781,723.9317891118906,746.2234497070312,2025188
2017-03-06,749.1470773638365,751.8512644644511,728.6459867332132,733.8717651367188,1038638
2017-03-07,740.8881549466934,740.8881549466934,727.8785805143006,735.33349609375,1022014
2017-03-08,738.183964950902,739.6457143460906,727.4035270238379,732.4465942382812,1010544
2017-03-09,731.6059431398215,741.034256985348,729.4498906019323,737.8184204101562,1059449
2017-03-10,738.9512198885786,742.3863679314005,727.2206845512217,730.1807250976562,834083
2017-03-14,742.5691358178598,757.9175317792555,732.5926871159634,755.6517944335938,3842252
2017-03-15,755.7614658923878,779.112912872712,751.3762179046279,766.3591918945312,1468350
2017-03-16,771.1097830120699,774.7275847632861,763.2163027583936,767.8208618164062,1221856
2017-03-17,768.1497696846855,770.9636412890471,752.9475430000684,761.1333618164062,1122134
2017-03-20,764.130015358616,782.0364306241239,755.542230612078,776.5183715820312,3200096
2017-03-21,782.0363621936517,802.0258018016103,771.9137443906883,798.1156616210938,1588944
2017-03-22,795.9230937404352,799.0658462622202,784.2656408863267,789.4183349609375,1482167
2017-03-23,793.7304392610827,800.8930165333215,787.9930689859734,798.0426025390625,1737726
2017-03-24,800.3083062032681,802.574043680228,771.8407076908848,773.4851684570312,4762424
2017-03-27,774.6180392062348,781.4151938346829,767.4189194121483,776.4818115234375,1160085
2017-03-28,779.8437729707256,781.3055222184857,767.7842983116502,778.8936157226562,820971
2017-03-29,782.0364083445498,782.0364083445498,769.1730027355215,773.2293701171875,981298
2017-03-30,773.9968943369881,785.9832284375215,768.8807422774447,780.7575073242188,2821373
2017-03-31,782.1827394036305,783.4982619315928,764.8243988319397,766.6881713867188,2084143
2017-04-03,769.7213197695708,774.6912451472045,763.8377792340988,767.8576049804688,636615
2017-04-05,768.8806048406932,787.8833445706946,768.8806048406932,778.6012573242188,1862780
2017-04-06,779.1129245959062,785.0696066858127,773.2659271909139,781.378662109375,1173525
2017-04-07,779.9900471361516,784.9599721196885,767.4189787847395,772.6082153320312,1922756
2017-04-10,776.1894891634261,798.9928040297071,775.0201358431705,797.1290893554688,1161536
2017-04-11,798.1157618932903,802.5010101553369,789.4914345292572,795.4480590820312,2100434
2017-04-12,798.8465716157144,799.2119944993617,770.2328034245943,783.7540283203125,1318158
2017-04-13,783.7540945145458,785.5812669071785,765.9572469168392,767.8941040039062,1230486
2017-04-17,776.8471762513323,786.4947442450297,772.9004360057191,783.6077880859375,1093738
2017-04-18,784.3021083453705,798.1156705916376,774.6910824303189,778.2723999023438,2261188
2017-04-19,779.8438071027637,795.7768803827119,775.4585591675506,790.953125,456089
2017-04-20,792.9995340935674,841.0911490320804,790.9165659420404,838.6427001953125,2487243
2017-04-21,840.5065046533668,840.7257583959512,820.7728583396579,825.706298828125,1038032
2017-04-24,823.879095485922,870.0338568057892,823.879095485922,862.5057983398438,1488073
2017-04-25,862.4327191736553,876.246282724179,855.1605145055431,862.140380859375,847232
2017-04-26,862.7982069465176,872.6650298747596,849.3500661788034,851.9081420898438,1381556
2017-04-27,856.5855801808614,858.5955213998423,833.1245092121688,842.1142578125,2002092
2017-04-28,844.1608454075548,868.2796804488531,840.5064431715571,844.1973876953125,922461
2017-05-02,849.8616663983445,857.9743433123974,837.0348031230704,842.8087158203125,810301
2017-05-03,847.6689682782034,853.9544726643261,837.1443853139759,846.7188110351562,921778
2017-05-04,849.0211492998915,883.4088300112214,849.0211492998915,879.5717163085938,2184596
2017-05-05,890.2059625382586,890.2059625382586,864.0771864905535,871.2763061523438,2238547
2017-05-08,873.9073899449407,879.2427950296872,863.309722168185,865.8677978515625,740620
2017-05-09,865.4292909095625,873.3593144983564,845.3302225916985,853.369873046875,1248297
2017-05-10,860.9708504147862,863.1269608238302,843.5760292858394,852.5292358398438,1444343
2017-05-11,853.7351580448703,858.5224283840031,844.1607330067407,845.8417358398438,967000
2017-05-12,850.3732517992216,850.409794086386,837.2540503265388,839.9217529296875,697549
2017-05-15,841.2372769596716,860.9708623727649,841.2372769596716,857.1703491210938,1817673
2017-05-16,857.3165018311599,862.980787135466,846.3533540628075,852.638916015625,1481230
2017-05-17,854.3199712382622,859.3264379167372,842.150869531479,855.7451782226562,1116002
2017-05-18,850.0079176073647,856.5492189725287,817.9955408498611,826.1082763671875,1154901
2017-05-19,827.3505494110541,850.0076888400995,803.96256435917,818.908935546875,1837490
2017-05-22,824.4271695330035,828.812417359239,806.0456478211686,809.4076538085938,976835
2017-05-23,814.7065971028189,814.7065971028189,793.0361518354102,801.697021484375,1626708
2017-05-24,807.6171396184872,815.6567906946862,794.4979365472996,802.3914184570312,1883143
2017-05-25,803.9625956760088,813.829416709132,791.8665797662629,801.9891967773438,7612469
2017-05-26,810.3212937170804,818.0686055891537,798.2618762789537,810.8328857421875,1903284
2017-05-29,814.1949665528422,816.1683079392899,797.3848201095026,808.2383422851562,944985
2017-05-30,809.8097105722695,830.8588778885528,801.1488414175305,827.7161254882812,1309674
2017-05-31,829.5432942836393,851.8350149370519,829.5432942836393,844.1973876953125,9601080
2017-06-01,833.1976537603579,844.7089363738882,831.0050587873426,835.2440795898438,1000705
2017-06-02,840.5064390770975,849.8616694380272,837.2906021299335,848.4364624023438,873719
2017-06-05,847.7421254217345,854.7585339385628,838.1676410608407,844.48974609375,525135
2017-06-06,850.738657466248,854.393059569006,825.1945584935877,830.0183715820312,808659
2017-06-07,836.4136299162852,836.4136299162852,825.6332490443139,832.649658203125,1575591
2017-06-08,832.4668583925513,835.5365262324782,821.8691322851014,823.47705078125,956402
2017-06-09,825.5236573943235,825.8890803296248,808.6769662359175,813.975830078125,1840871
2017-06-12,815.1085324886636,825.8889702032351,797.8233361127534,818.2513427734375,986395
2017-06-13,823.6231551973348,828.2277144153855,815.7662747746009,819.9688110351562,2065059
2017-06-14,820.1150143542742,823.9886702092807,806.9592707460382,816.1682739257812,2283301
2017-06-15,815.8029165306923,822.6731560901651,809.0788461299234,812.550537109375,802407
2017-06-16,812.7332134825137,822.2345553086832,812.0753944766575,817.2280883789062,658389
2017-06-19,824.3906041907061,825.8888957105983,812.9889485973517,816.6067504882812,953515
2017-06-20,822.0884367775947,838.1311382617,818.6533458446255,835.5731201171875,1766776
2017-06-21,838.3138053574238,838.4599745010045,825.1945465203345,827.496826171875,1170273
2017-06-22,829.5432275498814,869.5221061027765,824.4271342151463,856.8048706054688,3073243
2017-06-23,859.5092509757748,866.0871523815416,831.7360115493725,856.3299560546875,1734271
2017-06-27,864.6253734199776,892.8371771903412,855.8548770584308,889.255859375,2976108
2017-06-28,886.1862125388467,891.0099683065728,877.7811388704747,881.1796875,1507641
2017-06-29,893.4218126899967,897.5147223676455,881.3989374907147,889.5481567382812,2878392
2017-06-30,898.9763667879657,926.0187550788023,897.5146176322467,907.8199462890625,2987272
2017-07-03,907.746959848019,941.367194063841,899.5245982757518,938.0051879882812,1982716
2017-07-04,942.902014625445,945.8255132115876,917.2483463330847,925.9822998046875,6346903
2017-07-05,924.4839753381767,945.752394994743,918.1984131275143,940.782470703125,1340142
2017-07-06,942.7193553602203,942.8289822267618,924.9956514284329,929.965576171875,1067814
2017-07-07,926.3841887833302,933.98527291825,911.5109010678709,914.215087890625,1175280
2017-07-10,916.517486319466,923.6800639778106,908.1854976070919,917.5772705078125,401612
2017-07-11,919.5871280557346,927.7729473811495,915.0191686552392,919.1486206054688,1795907
2017-07-12,923.0952700751089,930.0385352998201,918.636937976896,924.958984375,1509733
2017-07-13,933.3275477017464,955.253786138025,933.1448362756198,940.89208984375,2837551
2017-07-14,945.0216461975043,945.0216461975043,922.5837554629572,929.2347412109375,1982885
2017-07-17,939.174642960359,972.7949365698183,939.174642960359,954.9615478515625,5209394
2017-07-18,957.4465383688431,966.9478804350355,935.702951279496,955.8385620117188,7939176
2017-07-19,1009.6695284011716,1013.3966104305451,955.036669470543,990.7509155273438,6366813
2017-07-20,1002.0737825235387,1018.9637215526874,999.5734110106379,1012.4058837890625,2196435
2017-07-21,1014.3402845424985,1025.6630747376212,993.5816045711288,1001.224609375,1593661
2017-07-24,1004.7157193163963,1010.565838761523,986.2217373736661,993.770263671875,895251
2017-07-25,993.5815741610733,1017.7842485056731,993.2513058867967,1014.859130859375,1074840
2017-07-26,1014.3402061769639,1015.0006270545557,1006.3669337047039,1009.3864135742188,763390
2017-07-27,1014.340242857356,1019.0580140913654,1007.2634125461157,1010.235595703125,1398812
2017-07-28,1007.4520614135646,1024.0117297676156,1004.9515746201313,1010.9432373046875,599339
2017-07-31,1009.6223704560828,1021.7944216281751,1003.9608598698726,1009.8582763671875,921924
2017-08-01,1004.904366271276,1039.816586799108,1004.904366271276,1037.36328125,1116661
2017-08-02,1028.493730627605,1048.3087850127342,1025.8045190693056,1042.788818359375,581586
2017-08-03,1047.3652295634652,1067.887887327211,1039.1089852759776,1062.651123046875,930797
2017-08-04,1065.2930292179278,1066.2365371073972,1043.8739314972136,1062.745361328125,360246
2017-08-07,1062.7456297715541,1073.0305506414995,1057.744655081692,1061.61328125,700765
2017-08-08,1050.9979265643524,1068.5955819444584,1042.458595369627,1046.0914306640625,655510
2017-08-09,1045.4781550609944,1061.2829267698871,1024.0118724843016,1030.1922607421875,693680
2017-08-10,1025.6628446607722,1032.079137254767,985.0892331293387,1010.3297729492188,2477540
2017-08-11,995.4686218773955,1017.9728874114546,980.8432661592313,1000.8942260742188,1142027
2017-08-14,1009.7638872007526,1054.4892183158822,1009.7638872007526,1046.0914306640625,1361312
2017-08-16,1053.9700906066048,1059.8673905534424,1027.7387450227307,1044.0626220703125,1167816
2017-08-17,1037.929551281966,1045.9028248517204,1031.088741824361,1038.590087890625,742436
2017-08-18,1034.1552866118454,1053.9703440901553,1019.5299283445794,1036.089599609375,745456
2017-08-21,1048.780457545045,1065.9534811640876,1035.0987254473253,1048.7332763671875,1302653
2017-08-22,1056.8009706914531,1065.2459394455154,1046.232964453743,1051.3753662109375,1198830
2017-08-23,1056.801105630448,1061.518877365278,1048.7806508368947,1055.9046630859375,537994
2017-08-24,1057.744864732423,1077.040933850318,1057.2730527549265,1070.4359130859375,1424297
2017-08-28,1078.5029296875,1084.541888887727,1070.9544041474205,1078.5029296875,868389
2017-08-29,1081.333860690651,1084.730674608863,1060.245028151376,1068.9259033203125,861281
2017-08-30,1076.0971456169095,1120.4922127071168,1074.3042605687947,1106.8575439453125,1524425
2017-08-31,1127.5687215816993,1132.286607985503,1105.5363840385671,1127.7574462890625,1392268
2017-09-01,1141.7223920932965,1168.3310727730689,1087.9387409659178,1104.6871337890625,3427305
2017-09-04,1103.0360361442367,1117.1895814970017,1091.5244057468144,1104.4041748046875,890744
2017-09-05,1102.0924393046157,1119.076740397255,1099.6863145644709,1113.3681640625,958209
2017-09-06,1112.4716974694863,1123.794603166021,1100.3468273037133,1119.3126220703125,828654
2017-09-07,1115.491314075941,1154.2721696483716,1115.491314075941,1143.7513427734375,1365858
2017-09-08,1146.8791931064507,1153.5617142300441,1132.7084148051445,1146.6422119140625,828807
2017-09-11,1151.6658710741933,1173.4669792222298,1146.9265957019152,1168.49072265625,934212
2017-09-12,1169.6755407001356,1209.9127411844518,1169.6755407001356,1192.0452880859375,1492771
2017-09-13,1191.3817442190275,1201.6187502296887,1158.9170654771622,1165.4573974609375,590214
2017-09-14,1170.6232895183584,1184.8413461756052,1139.9121570314003,1168.86962890625,998835
2017-09-15,1173.4669936469393,1198.964776395647,1162.5190431996043,1175.45751953125,9867112
2017-09-18,1181.0500929414345,1190.4813641257538,1160.4337734770827,1165.5997314453125,535991
2017-09-19,1166.784396383218,1172.4717123969128,1153.6089397133944,1157.2109375,459819
2017-09-20,1154.5095047623877,1169.438506478422,1150.433660651607,1157.6849365234375,551806
2017-09-21,1158.3007937510772,1174.1777177861381,1131.381245021125,1138.869384765625,773760
2017-09-22,1132.5662354829592,1132.5662354829592,1110.9547122304275,1114.9832763671875,500564
2017-09-25,1107.2105113683435,1109.5802068656994,1072.5183272744964,1081.23876953125,1071664
2017-09-26,1086.2627334660683,1086.2627334660683,1065.9783036380832,1071.5233154296875,1764650
2017-09-27,1082.4710111730114,1082.6131998649503,1050.5750904565864,1059.2955322265625,1147422
2017-09-28,1055.456614465282,1084.840768983322,1043.7030455918568,1068.8216552734375,1683695
2017-09-29,1078.6322809912401,1082.2815588636854,1063.5136947332219,1074.8406982421875,944999
2017-10-03,1085.0306261745545,1103.7984937949439,1078.7746703010914,1098.679931640625,648520
2017-10-04,1097.352559838806,1099.95923622745,1084.414086519389,1090.148681640625,210926
2017-10-05,1089.1063052208508,1106.4050027731555,1081.5232556337003,1100.1490478515625,368128
2017-10-06,1106.9262367978477,1107.8267653140492,1085.5516952699763,1091.76025390625,377535
2017-10-09,1094.7936499761695,1103.3245092846403,1086.9263380881735,1096.2628173828125,253835
2017-10-10,1099.5329363532455,1118.2060093143684,1080.6228821933103,1093.79833984375,1006981
2017-10-11,1101.523328780128,1114.0352375577763,1087.2104792769871,1089.959228515625,490807
2017-10-12,1091.0968699884456,1098.2058412814781,1068.3952328221765,1076.831298828125,587292
2017-10-13,1077.7316903564356,1091.618089833211,1070.3856226314206,1087.3526611328125,920668
2017-10-16,1094.6986375860088,1103.3242876504105,1081.7127662546077,1082.945068359375,645842
2017-10-17,1083.229248192932,1092.4236523839306,1070.5277552248792,1075.3619384765625,688736
2017-10-18,1075.4568717918637,1089.6275336169574,1063.3241320096247,1086.8787841796875,339736
2017-10-19,1086.262797897055,1091.9499987514635,1069.2010791665634,1079.2958984375,101971
2017-10-23,1085.3145998498248,1126.0731527997093,1065.8833061126265,1120.433349609375,648221
2017-10-24,1119.0116430952341,1145.0307823392218,1115.0779878890555,1119.2960205078125,594993
2017-10-25,1129.8173423757712,1161.144509779208,1118.4428273286305,1148.585205078125,960327
2017-10-26,1148.5853184525965,1155.741685649964,1127.3529657136244,1131.28662109375,420582
2017-10-27,1136.3103729263757,1146.9265491369374,1119.817295685117,1124.841064453125,540996
2017-10-30,1127.969054630358,1141.144512289689,1127.969054630358,1135.9312744140625,403677
2017-10-31,1134.6041074702862,1171.7607822603964,1134.6041074702862,1163.1351318359375,1071072
2017-11-01,1167.7321531610867,1189.7702381682657,1153.1823239002981,1182.281982421875,1146430
2017-11-02,1188.6328357217103,1232.2350473691126,1188.5854394880232,1226.0264892578125,1198653
2017-11-03,1229.3915199176608,1232.1877818345658,1206.5004144583165,1220.765869140625,733882
2017-11-06,1218.0167679200586,1227.4955491609312,1214.462283038346,1219.533447265625,370730
2017-11-07,1227.495835503783,1227.495835503783,1164.9361667552762,1190.62353515625,671170
2017-11-08,1192.4244538991472,1194.320187320755,1173.5617959952574,1188.2064208984375,306692
2017-11-09,1190.528636539098,1192.5665585361864,1149.3909105390437,1163.32470703125,440253
2017-11-10,1163.324719656367,1193.3723075058565,1151.7132224535135,1181.144775390625,656841
2017-11-13,1182.2820898183322,1187.448046959726,1153.5615985231814,1161.14453125,350354
2017-11-14,1148.8222635542604,1174.7466106594509,1128.822097451935,1143.7510986328125,966937
2017-11-15,1137.4476174045844,1137.4476174045844,1102.945020199273,1117.3526611328125,546891
2017-11-16,1118.490500417574,1132.1873180973157,1094.841052212567,1099.5804443359375,809174
2017-11-17,1117.0212854725553,1131.7607037385933,1111.8553273677903,1115.552001953125,1212747
2017-11-20,1109.0115398823655,1130.1490999319235,1100.0542319171136,1120.8126220703125,971496
2017-11-21,1127.9689646999846,1131.2865850538356,1101.949941301575,1107.73193359375,641956
2017-11-22,1109.0113382844293,1141.2390311078566,1107.0208128576314,1131.949951171875,1176404
2017-11-23,1132.7084570106174,1149.7701741602882,1132.7084570106174,1146.4052734375,624399
2017-11-24,1140.4809128481088,1156.2155328005504,1132.850467868662,1138.9642333984375,538080
2017-11-27,1136.5002777524019,1140.102160429712,1125.1257585513172,1132.42431640625,688819
2017-11-28,1127.0212301895,1135.1255224116296,1107.3054402169128,1114.2723388671875,653737
2017-11-29,1113.7509312523623,1129.5804612546322,1109.295917304635,1120.8126220703125,685759
2017-11-30,1123.2297146391977,1124.1775232133944,1104.8883002302323,1108.916748046875,1482422
2017-12-01,1115.646722051198,1115.646722051198,1084.5091352170193,1090.480712890625,407769
2017-12-04,1090.054062503985,1103.6560851821798,1067.3525433836887,1076.7838134765625,808272
2017-12-05,1072.9923755097248,1080.1962550451092,1051.0491955784623,1057.6842041015625,653731
2017-12-06,1055.172421606148,1067.8739159701029,1033.1817295678322,1038.821533203125,733326
2017-12-07,1043.60826686894,1063.5136396431944,1037.8736710568287,1061.2861328125,796563
2017-12-08,1065.8359287997432,1083.9876407433233,1064.4614380268627,1074.9354248046875,547309
2017-12-11,1079.5326933166148,1081.1914454252494,1067.3051613150283,1074.8406982421875,630509
2017-12-12,1074.8407191982706,1075.9782288953381,1057.3051568737149,1061.0018310546875,706887
2017-12-13,1059.2481376263163,1084.2719534392525,1049.9589410742874,1060.338134765625,799545
2017-12-14,1064.46154194693,1093.7509069646703,1039.8168921030651,1083.703369140625,925404
2017-12-15,1091.0020506222463,1093.7035200539958,1072.0446006959241,1080.1962890625,850182
2017-12-18,1070.148894254064,1087.4001961929846,1046.1202785295313,1071.2388916015625,928296
2017-12-19,1071.191577322704,1082.4713024151881,1066.4521853173983,1077.5897216796875,887084
2017-12-20,1072.9921834185243,1076.736369310801,1061.6651817861728,1064.603515625,961730
2017-12-21,1075.2199480981465,1082.42382807313,1064.3667899793204,1069.4853515625,769163
2017-12-22,1071.2862031261059,1081.997171631271,1069.2008849083015,1075.0302734375,362352
2017-12-26,1078.6796924338996,1090.8124321336145,1074.9355058685187,1085.8360595703125,422247
2017-12-27,1085.8360966493917,1093.3243538686145,1075.8360711114333,1080.7176513671875,293065
2017-12-28,1081.5234341678106,1085.3149015036431,1064.6512999728138,1070.3385009765625,297028
2017-12-29,1074.8880496743293,1109.5802346364583,1071.4757531263867,1104.9830322265625,693176
2018-01-01,1104.319623864494,1108.8219177309575,1081.4284038123208,1084.3194580078125,188269
2018-01-02,1088.632265047675,1093.9402948288487,1070.148779032042,1080.1488037109375,334784
2018-01-03,1074.8881670442322,1089.4381156143174,1065.5042924291192,1068.442626953125,670232
2018-01-04,1075.409566544036,1114.2249972845555,1069.5801773469173,1109.2960205078125,1012807
2018-01-05,1115.3623923822206,1155.4575216948542,1109.7225881434867,1150.90771484375,1014661
2018-01-08,1149.7699249233772,1152.1396202546227,1127.9688208097018,1140.291259765625,898877
2018-01-09,1141.7130286312643,1179.0592829432842,1134.1774927473496,1172.9927978515625,1064611
2018-01-10,1176.1683326793868,1184.3674165039333,1160.3861999059184,1171.09716796875,745166
2018-01-11,1180.1019833151977,1190.2441965309242,1158.1586886976822,1179.1541748046875,755517
2018-01-12,1182.4716915545546,1184.272632294401,1148.6800351053234,1157.9691162109375,793507
2018-01-15,1159.3437397591267,1195.362907182153,1157.9692488042265,1178.064208984375,1910875
2018-01-16,1178.2062840230874,1192.4243414277028,1151.2393363393962,1164.93603515625,860989
2018-01-17,1165.8839633080609,1189.5808031639722,1149.9596413873292,1182.9456787109375,718085
2018-01-18,1184.5570050453816,1189.5807735372418,1140.2913618045777,1154.1302490234375,593063
2018-01-19,1156.4053686503203,1167.3533199669514,1123.3246496522577,1159.7703857421875,746121
2018-01-22,1160.1967880360555,1177.163713024901,1143.1350705649372,1174.6993408203125,426132
2018-01-23,1180.101940308362,1182.519031981298,1152.6136358294932,1159.6279296875,975410
2018-01-24,1161.1445605731794,1161.1445605731794,1132.9453109696137,1137.4951171875,457560
2018-01-25,1132.7083553426487,1148.680073700405,1122.1869717891982,1130.8126220703125,889953
2018-01-29,1128.1112530571409,1138.2061875512084,1113.6088167260261,1122.80322265625,647388
2018-01-30,1118.8693756882399,1123.1348042423986,1095.7412922650387,1102.61328125,475080
2018-01-31,1099.5330480913585,1107.0685863103593,1083.1821568824573,1099.5804443359375,484129
2018-02-01,1099.6275500409579,1136.5945200345311,1074.5089410580142,1126.92626953125,940721
2018-02-02,1118.4902680829916,1121.2865297650442,1060.527809519082,1070.006591796875,755111
2018-02-05,1052.13925427763,1065.693881872029,1022.1864570321683,1040.8121337890625,1202620
2018-02-06,1011.3806662495944,1021.9020503596795,973.6553514164784,1009.9114990234375,1626128
2018-02-07,1016.1200135993729,1033.655691743081,996.7359984018693,1002.8023681640625,640357
2018-02-08,1003.797711012177,1057.162970222417,995.503834123885,1050.859619140625,848646
2018-02-09,1030.8119762036663,1065.4093681961403,1019.0110109928457,1051.143798828125,801200
2018-02-12,1053.1818909120248,1077.3051811429648,1052.61313607734,1073.2767333984375,494226
2018-02-14,1070.196224008062,1092.6133661876902,1058.1581606901452,1068.01611328125,1026475
2018-02-15,1071.0969126424575,1084.367165373855,1041.7128645709897,1046.1204833984375,703707
2018-02-16,1051.9494417041765,1058.205395509371,1033.1815802885924,1042.7076416015625,415498
2018-02-19,1042.7077788490524,1049.7220732510723,1025.267009566542,1032.8973388671875,404203
2018-02-20,1035.693488798442,1065.409299118112,1032.2336801231747,1060.338134765625,400838
2018-02-21,1065.409379530181,1068.3003174877806,1042.6603487403113,1052.7078857421875,404367
2018-02-22,1056.641550634345,1063.466259934474,1045.124846429925,1052.518310546875,780080
2018-02-23,1054.9828491929213,1082.3763640097202,1054.9828491929213,1077.4473876953125,463827
2018-02-26,1088.8217902427768,1122.2816714070984,1083.0397984321733,1119.0589599609375,818391
2018-02-27,1130.1964882580662,1139.011723617728,1099.8172430336288,1110.8599853515625,798997
2018-02-28,1102.566155738319,1114.1302583729484,1086.1205885009413,1092.613525390625,1100025
2018-03-01,1092.613120348713,1125.125188988337,1092.613120348713,1105.78857421875,1141309
2018-03-05,1099.5328273192338,1104.556479734127,1078.6796455641754,1082.234130859375,476050
2018-03-06,1089.1062684112846,1090.812416756373,1063.5136947332219,1074.8406982421875,498982
2018-03-07,1071.0965404763726,1085.2199207833905,1052.944828901309,1056.78369140625,679111
2018-03-08,1066.1199466321468,1071.143713906758,1033.134034289724,1043.2762451171875,1001891
2018-03-09,1049.200623281788,1050.7173026964576,1037.7314322117556,1042.9920654296875,759633
2018-03-12,1048.6795519964016,1055.1250920586594,1042.94483935851,1048.3477783203125,800253
2018-03-13,1050.2433439070994,1056.214920620716,1040.9541471299835,1051.3807373046875,847122
2018-03-14,1048.8218145917392,1067.2579075277308,1047.2577385800055,1063.27685546875,973667
2018-03-15,1064.4614988643477,1072.0445481636432,1044.556241309094,1050.196044921875,969970
2018-03-16,1053.7978074996372,1056.8310501101516,1033.2764011912693,1036.5465087890625,1533339
2018-03-19,1036.546727633105,1047.1155085195196,1012.3286425357072,1040.954345703125,855699
2018-03-20,1037.8737478218393,1046.4520021411067,1026.5466278945764,1038.9637451171875,880833
2018-03-21,1038.2053514365816,1045.9778684452158,1028.6791739275238,1037.6365966796875,835453
2018-03-22,1042.6603425533815,1042.6603425533815,1028.6318704555713,1035.9305419921875,1322686
2018-03-23,1015.1721339632063,1030.7646832728449,992.2336323485255,1026.16748046875,947002
2018-03-26,1030.3382212305319,1031.9969735798581,994.0820699256957,1024.2718505859375,1088350
2018-03-27,1023.7979187135293,1039.5800550430565,1009.5798584606176,1032.091796875,737144
2018-03-28,1028.442238591425,1043.608219613572,986.4041042829801,996.1197509765625,7172583
2018-04-02,999.0584540292447,1035.6463794361548,990.5275948057208,1032.470947265625,1471569
2018-04-03,1025.5988815859705,1035.6464210160157,1011.4756135231834,1031.19140625,906202
2018-04-04,1038.6793368374178,1038.726733073514,1000.0060991932759,1004.1294555664062,983760
2018-04-05,1021.6176560411085,1041.9495965149827,1010.0536710424955,1037.210205078125,988552
2018-04-06,1035.0775273511322,1045.0301567886058,1025.3144828712534,1028.063232421875,691793
2018-04-09,1036.0255244161256,1037.3051068019072,1020.4329737369109,1022.2813110351562,488008
2018-04-10,1024.6508960440026,1033.2291503756799,1019.0584885121614,1025.5040283203125,433103
2018-04-11,1026.5466313630413,1027.9684023257228,1004.8403161852592,1012.9920043945312,566323
2018-04-12,1012.328578736929,1012.4707674506949,1004.318963029865,1008.9635620117188,960329
2018-04-13,1008.7740220139353,1018.0158241515624,1004.7455739455479,1008.2053833007812,623336
2018-04-16,1001.9019872651374,1040.1012640210774,1001.8545910272138,1035.4566650390625,808907
2018-04-17,1037.9210632003092,1041.7125295707751,1020.954140833596,1037.68408203125,471399
2018-04-18,1038.9638241187656,1043.134461001769,1030.4803616294344,1035.88330078125,560217
2018-04-19,1036.9731453527413,1056.8785181796281,1035.7883556668835,1046.5941162109375,1118667
2018-04-20,1043.3240307613526,1051.7127006462156,1028.4424244410684,1043.4188232421875,355385
2018-04-23,1045.3144473904376,1048.3950865281945,1025.598658943628,1028.537109375,677070
2018-04-24,1033.2766820155991,1040.43316632514,1022.7079004881629,1024.082275390625,580420
2018-04-25,1021.3331453736791,1027.4470269066248,994.318803575429,1006.972900390625,1548224
2018-04-26,1010.3379622599549,1018.8688196514887,999.0582394828356,1013.4658813476562,719547
2018-04-27,1017.5416156333952,1032.2336333195462,1013.465772310818,1030.1483154296875,838147
2018-04-30,1030.1957854257696,1042.6602974288771,1026.5939041309798,1036.688720703125,408559
2018-05-02,1041.7125972384536,1056.7837873989295,1032.802569372012,1038.6319580078125,2662170
2018-05-03,1041.6177725594705,1048.821651842365,1022.2811540111942,1030.81201171875,741605
2018-05-04,1032.2338097769875,1032.2338097769875,1013.5607380332909,1017.9209594726562,584244
2018-05-07,1021.7125132359408,1025.9779425658523,1008.5370553204798,1020.8594970703125,808646
2018-05-08,1023.4185918015219,1047.352413887731,1019.4375401879413,1035.646240234375,929372
2018-05-09,1029.580023245931,1040.5752549700742,1025.21980108498,1037.8739013671875,301697
2018-05-10,1028.5372222131905,1042.1866425200965,1019.2480237126081,1036.0728759765625,938142
2018-05-11,1039.058391149766,1051.049056712152,1025.9777284456536,1043.3712158203125,1046691
2018-05-14,1043.6557775681786,1049.2007890524567,1033.9875256082762,1042.7552490234375,966421
2018-05-15,1042.6604257293561,1046.357216110203,1027.162785308025,1032.660400390625,1200842
2018-05-16,1023.7977944470089,1032.2338603187648,1015.172143619281,1025.9779052734375,456957
2018-05-17,1025.9779882397872,1039.0112580133089,1020.3855800881295,1026.736328125,840761
2018-05-18,1026.5465981039004,1034.3665123961641,1002.8497578792199,1007.4469604492188,771446
2018-05-21,1006.0726310648088,1015.5039016428259,976.3568160156266,981.8544311523438,941554
2018-05-22,981.5227419316572,988.1578673575439,958.299861024684,985.314208984375,638562
2018-05-23,990.5273760109513,1003.7976243534865,973.5130575659956,992.7548828125,1851373
2018-05-24,993.3711607025211,999.9114932422494,943.6077811467195,968.4420166015625,1019279
2018-05-25,972.5177947179459,983.6078744083412,954.7451365394963,976.9253540039062,1026099
2018-05-28,986.7360324485616,1014.2243410541612,968.726390861831,1005.0773315429688,625466
2018-05-29,1009.3901960562149,1019.9115807464332,995.6459831377477,1002.6602783203125,674917
2018-05-30,991.5700603702277,1003.1815576882959,980.2904528809595,987.2098388671875,731767
2018-05-31,988.5369613743575,1036.5940755697231,975.4089002578709,985.5985107421875,1442657
2018-06-01,990.4326549534135,993.8923479050038,967.8258697579699,975.0770874023438,913804
2018-06-04,976.309468337403,990.7645085557316,962.4704630798791,980.9065551757812,838646
2018-06-05,979.1528851674332,980.0534136240011,960.6220029611288,970.8590087890625,673214
2018-06-06,969.674236572146,988.2999707826227,959.6742111377259,980.1956787109375,597685
2018-06-07,984.8402181324955,1001.9019335319599,982.9917649526091,989.200439453125,597047
2018-06-08,985.7879375886848,985.7879375886848,970.6219568077722,974.982177734375,811956
2018-06-11,976.5461846002254,1004.7454332987917,973.2760768301412,994.4136352539062,418209
2018-06-12,997.9206438075648,999.058153317524,978.2049739738983,984.6505126953125,566513
2018-06-13,984.7455151159251,989.0109443532624,977.7312201439859,982.9444580078125,423007
2018-06-14,981.9017798107665,994.3188966303869,977.5889546723511,982.1861572265625,600430
2018-06-15,970.622038755791,980.9538371714117,965.4087433128805,978.0155029296875,644251
2018-06-18,980.9064919500196,981.0486806627148,963.0865521307886,966.9254150390625,546427
2018-06-19,963.0391206835287,963.0391206835287,948.0627233312574,957.4466552734375,950187
2018-06-20,962.9443837920379,970.0534129918418,951.6646598491368,964.2713623046875,874428
2018-06-21,963.9869827745117,965.882716031624,954.5082584053282,959.2001953125,590148
2018-06-22,957.3045739663721,962.0913039043409,940.1954602494159,957.7311401367188,709128
2018-06-25,959.4846067068704,967.3519755112226,949.7689008155548,954.0817260742188,746981
2018-06-26,948.4418731981402,985.6932831305018,943.418162416419,982.66015625,822788
2018-06-27,977.3520520621354,981.0487264301696,968.252496777751,972.2809448242188,1055043
2018-06-28,962.9444196986511,968.1103194770507,937.6361632830849,951.2855834960938,1697388
2018-06-29,957.1624150013766,962.0913338160358,945.2192007802684,954.3662109375,597236
2018-07-02,951.6646157365136,955.4561403953189,930.8588296421364,935.8351440429688,497257
2018-07-03,929.8636704074107,941.001148276143,913.7972157411951,934.4608154296875,536261
2018-07-04,933.6550875839301,934.1290499751773,911.2378862340909,915.1241455078125,909022
2018-07-05,915.5506437607257,923.4180122865839,902.4225835002998,918.1099243164062,1563007
2018-07-06,921.2378836010078,942.0910651890575,914.6027592471298,937.0199584960938,800166
2018-07-09,939.8162103819686,943.0389802551371,928.4417523934549,932.7545776367188,883552
2018-07-10,938.2048811117814,946.9253243200163,926.5934416081644,939.0105590820312,834588
2018-07-11,934.0342140490444,938.3944355111915,923.3232453413566,927.7782592773438,541620
2018-07-12,930.4323138231368,933.6550838197455,906.1667754125167,910.1478271484375,790051
2018-07-13,911.2851805110979,915.6454016882092,883.1333277951612,886.5930786132812,1117904
2018-07-16,888.1571637488759,888.7732567517626,866.5456411560535,880.289794921875,602433
2018-07-17,874.8869345837926,899.3420577388924,871.2376565519314,891.711669921875,668957
2018-07-18,894.6974633516627,903.323113578952,884.6025879014886,894.4130859375,666174
2018-07-19,892.1855855855895,897.4462773681588,877.3039806390607,886.9722900390625,596435
2018-07-20,888.2518499050127,895.550463009324,879.5314079317931,890.1475830078125,473464
2018-07-23,890.0528455626202,905.2188274897329,868.2517392819431,873.3703002929688,1157661
2018-07-24,874.8394525879908,949.7688324959133,874.8394525879908,947.446533203125,3291693
2018-07-25,940.7640773523289,953.5129681378705,918.1099538420339,934.413330078125,1038419
2018-07-26,934.4133109762415,976.3093765684653,928.9156960828343,970.8116455078125,2257565
2018-07-27,965.0296806668829,976.3094043590091,947.8731720247471,971.9965209960938,654417
2018-07-30,967.0675666778934,973.323521294907,953.6551289646526,967.5888671875,721655
2018-07-31,962.0910911106173,986.2618909110381,958.4892099144188,971.7593994140625,720053
2018-08-01,971.5700641019555,982.9444647008019,964.0344685257736,976.64111328125,588560
2018-08-02,973.4657446407266,974.4136113057937,948.4892634360666,961.3329467773438,647523
2018-08-03,962.9444058235268,964.8875354820165,949.7689482037163,953.75,754022
2018-08-06,959.0580716679049,962.0912567017795,940.2902065987669,947.304443359375,626913
2018-08-07,952.1386350214211,981.048714594559,947.541432153101,965.7406005859375,1096324
2018-08-08,971.2855915613727,973.3709097503757,952.3755391542383,956.498779296875,601676
2018-08-09,961.1433425852294,962.1860017042914,940.3375564404769,945.3612670898438,676108
2018-08-10,945.3611342502797,945.8824927783625,916.6405872335126,920.7164306640625,942758
2018-08-13,918.2994575009277,945.9774071971086,907.6358852515067,935.4085693359375,1100381
2018-08-14,941.9964050977394,951.6647155791394,921.4275980272679,935.1717529296875,3366559
2018-08-16,935.2190066737362,957.3044320184603,930.5744080642828,947.3517456054688,3113819
2018-08-17,952.6124394399593,993.9870866654617,948.8209730356828,991.3331298828125,2676173
2018-08-20,990.527515449286,995.2669071198268,979.1529986734392,985.6459350585938,1487349
2018-08-21,988.6317221232098,1014.2242961930257,974.4136060565486,1009.8640747070312,1757156
2018-08-23,1012.3759734860255,1012.3759734860255,985.7880780578972,991.048828125,935402
2018-08-24,989.5794266313745,1012.3284564125518,979.1528363846832,1005.02978515625,1700820
2018-08-27,1007.6839334457949,1036.0253722464236,1007.6839334457949,1022.2337646484375,2010028
2018-08-28,1023.6080692808816,1031.9967377645946,1007.8734494284754,1016.2147216796875,693551
2018-08-29,1012.2814057039319,1035.7886670567611,1010.0538981976905,1018.9639282226562,1042796
2018-08-30,1018.963610707231,1024.4612253035468,1007.9682653473602,1018.0156860351562,1536621
2018-08-31,1016.7764296008779,1026.7869646081951,1009.6261809862393,1017.7298583984375,1386435
2018-09-03,1027.7399432893376,1027.7399432893376,1004.8589448271492,1016.2518310546875,910792
2018-09-04,1012.4861081936883,1013.3441940051288,969.8701830604812,975.4474487304688,877486
2018-09-05,976.1148462043792,983.7418666729517,961.4804754863035,980.1666259765625,695593
2018-09-06,981.9781516283093,990.3201852784894,969.7748486347838,982.8361206054688,544699
2018-09-07,984.5520911130926,987.1739029380008,968.1540538228877,977.5447998046875,412093
2018-09-10,977.0206230890294,984.1233167737112,959.2877830170296,968.6785888671875,586676
2018-09-11,974.8278691073864,977.2589956239926,947.4659239881672,957.1427001953125,1153543
2018-09-12,967.4867618068403,982.7407439724743,949.7539235592851,972.0629272460938,1002061
2018-09-14,977.2113477627154,1016.8240940348579,976.3532618508241,1014.1070556640625,1046040
2018-09-17,1004.0011445601374,1028.8843499206137,995.325410216813,1015.5370483398438,745216
2018-09-18,1016.7764073500317,1023.9267726499581,1004.9069201307509,1017.110107421875,1279989
2018-09-19,1012.105058832381,1026.7870455802629,1002.9526090211084,1018.3973388671875,1142569
2018-09-21,1021.5432515856803,1031.5536688857633,951.4700968015904,1002.1420288085938,1448316
2018-09-24,1002.1421635283017,1002.9525780451067,966.9625670997333,971.9201049804688,778313
2018-09-25,975.3044875612403,994.7534405252222,961.0038744837474,990.6539306640625,706138
2018-09-26,993.6093309342225,1001.0457245498152,985.267296861179,996.1834716796875,1243973
2018-09-27,994.324382034065,1016.7763430459182,969.2028790371771,977.6879272460938,1399326
2018-09-28,982.9315593472176,988.1751839573972,956.6183855226585,973.87451171875,1335579
2018-10-01,973.3977433850768,975.3044839989944,936.2160677301696,952.137451171875,929416
2018-10-03,946.7031758299067,946.8461901355024,917.4344919816695,924.298828125,1149381
2018-10-04,913.3350029331,928.5890446499984,891.5026535350063,914.5744018554688,1438279
2018-10-05,915.2418103561832,915.2418103561832,874.2942635969093,879.728515625,1305380
2018-10-08,873.2931457379186,881.6829094587225,858.9925329479073,878.1077270507812,1143017
2018-10-09,890.3586021725348,890.3586021725348,834.9197593741785,859.9935913085938,1506464
2018-10-10,859.9458763039565,872.3397481232157,851.5084998326975,867.2391967773438,690655
2018-10-11,847.5519913707057,847.5519913707057,819.9040770491181,837.3985595703125,1648636
2018-10-12,850.7935348584818,858.9926136067434,838.0659614066577,853.36767578125,1363306
2018-10-15,855.1790208921615,861.6619858182393,840.2110075217877,856.0370483398438,693087
2018-10-16,856.7997502286959,869.4796508496727,853.7489536605898,863.28271484375,1007765
2018-10-17,872.9118112259343,872.9118112259343,837.8751763832622,840.8306884765625,532063
2018-10-19,836.4928388643438,847.504297816419,826.291677472633,833.9663696289062,546874
2018-10-22,841.4503524281116,844.0244930267244,812.2770121342929,817.3775634765625,685235
2018-10-23,807.5101502291022,823.6222184237553,780.9108924622325,787.4415283203125,1282815
2018-10-24,796.0697273677714,801.0749950581691,759.8414180188807,771.2819213867188,1787079
2018-10-25,763.0828203386274,763.0828203386274,742.6805554574062,748.1148071289062,2033250
2018-10-26,749.8308005755014,749.8308005755014,720.752803976765,723.66064453125,2645129
2018-10-29,728.0939305678153,751.7376784237185,728.0939305678153,745.9697265625,3042871
2018-10-30,748.1147269687065,771.7108003132349,748.0670555371838,767.2299194335938,2898249
2018-10-31,768.3263545904086,799.7878072641976,750.3075454417628,794.687255859375,2364900
2018-11-01,800.7889652679519,816.0906801255265,781.912125974766,806.0325317382812,1061258
2018-11-02,816.9485726232327,822.7641370105113,802.0282317644877,808.0821533203125,2501173
2018-11-05,806.5567950117207,817.0439263584994,801.1225436009581,813.5640869140625,1315652
2018-11-06,816.8055924347263,821.8108010788575,803.1246498601835,811.3236694335938,509425
2018-11-07,819.904040104546,820.5713817668767,812.8967481770086,818.2356567382812,72810
2018-11-09,819.7133605215417,829.4378074476869,814.4697947899257,827.5310668945312,622229
2018-11-12,827.5311458332361,833.6327395537195,809.4169920085851,820.6668090820312,1113396
2018-11-13,821.429452750693,839.0192186140231,816.9485716707479,835.3964233398438,1349306
2018-11-14,839.924911447735,850.1260723890578,827.531039836592,835.4917602539062,1149492
2018-11-15,815.1371389836115,815.1371389836115,758.1252030916492,770.9957885742188,4485336
2018-11-16,777.9554976845192,798.6437913719271,772.235275762574,793.1141967773438,3796019
2018-11-19,797.0230370824371,821.572542406515,791.3028150445859,809.79833984375,3362650
2018-11-20,808.1774837201556,822.764124317911,793.4955002564525,798.882080078125,1652045
2018-11-21,805.6032748613403,827.7693208968768,801.7897942303359,823.4791259765625,930228
2018-11-22,824.671018370488,825.4813744036719,801.4085832334828,804.0303955078125,638643
2018-11-26,807.5101105245407,810.9422198810449,792.3514133234518,805.93701171875,857050
2018-11-27,804.6499762976887,822.2874718375601,800.50279529517,820.47607421875,747988
2018-11-28,821.8107598552567,824.6709290120403,795.1162177241453,801.5991821289062,1000623
2018-11-29,803.6966534223477,817.0439544468288,798.3577446967308,812.1817016601562,1445763
2018-11-30,815.1371824247029,832.0596068119563,811.1329572192003,825.8626708984375,1751800
2018-12-03,829.1517478280965,841.831706400365,817.5205607838033,824.2418823242188,1043986
2018-12-04,827.2450142707152,829.628469103407,803.0769411719976,806.270751953125,653580
2018-12-05,803.8874181229626,803.8874181229626,778.1939137060466,787.4893188476562,1211071
2018-12-06,783.6756799677999,787.5368322030197,755.5987259954253,757.9345092773438,1766716
2018-12-07,764.6082558723277,771.281848124139,756.1232074305196,764.8942260742188,896271
2018-12-10,753.1677007657653,759.0786669091951,741.7271983996446,753.549072265625,595265
2018-12-11,747.4473443247624,767.4205630399591,738.8669544885942,763.1780395507812,991877
2018-12-12,767.4682230214855,777.9553530157411,760.1272320255066,773.7128295898438,1235318
2018-12-13,780.815638552975,798.8344479487712,777.5741562138918,790.730712890625,1182723
2018-12-14,810.3702891887345,812.9921012782919,796.546332476856,807.7008056640625,1767542
2018-12-17,806.7952240657698,817.7590715267216,803.029413827943,806.8428955078125,786318
2018-12-18,806.2708286596976,817.6159882797668,793.8292259650729,814.4698486328125,620675
2018-12-19,818.9506941800914,835.1581060837666,811.4666876849294,815.0418701171875,1537459
2018-12-20,808.0822381324516,816.1383023287124,787.7753152376267,789.8727416992188,2501968
2018-12-21,792.2562150152727,795.8790691781136,775.1907742977496,778.3369140625,2419686
2018-12-24,772.473518917516,790.0156717587511,766.6579545401063,770.471435546875,1308738
2018-12-26,770.3284058990185,783.9140631619377,758.0298773184214,781.0538940429688,1078274
2018-12-27,789.3960216491527,789.3960216491527,772.9979243764475,775.8103637695312,1137889
2018-12-28,776.906810320672,789.3484131773628,776.906810320672,786.1546020507812,931276
2018-12-31,791.3028854626388,795.2593814873732,784.6292340703774,787.1080322265625,657008
2019-01-01,788.9193679212253,795.8313759792605,785.1058865242959,794.6396484375,465132
2019-01-02,791.2074348330301,798.9297984826942,774.8570086748242,777.4788208007812,825079
2019-01-03,779.8621562462781,780.8155848871347,760.794635004854,762.4154052734375,963393
2019-01-04,764.7036055425891,772.997968309597,756.0278712751656,768.5647583007812,1073253
2019-01-07,772.425928030805,786.3452286303849,770.3285015741922,782.3887329101562,1075850
2019-01-08,781.7689320448649,800.3120669867939,773.4745120602072,797.594970703125,1027800
2019-01-09,800.8365331015514,804.9360428642648,787.9659465883573,796.3556518554688,4021049
2019-01-10,795.688266320587,798.4053627271917,780.8155971812673,781.9595947265625,823072
2019-01-11,784.152429073712,793.8292049485038,773.951325815416,776.287109375,1222694
2019-01-14,777.0020942022884,779.8622050411935,769.3750735443319,775.7626953125,736948
2019-01-15,777.8601338661166,783.5327426191426,765.2755758716282,777.4788208007812,2636801
2019-01-16,782.5317633403329,802.2190163114504,782.5317633403329,787.7753295898438,1933812
2019-01-17,792.6851439884981,800.2644934406778,782.7223979755796,789.4913330078125,1001551
2019-01-18,790.254088492713,795.6406687943586,780.0529267152019,786.4882202148438,963387
2019-01-21,789.3960253898691,789.3960253898691,774.0943126251568,777.6217651367188,508442
2019-01-22,774.1419531405431,774.8092947839715,762.8920791224725,766.8486328125,759111
2019-01-23,768.0403309494371,768.8984167789644,740.7737890872427,745.6836547851562,1578782
2019-01-24,745.5406592967821,756.0278494678017,741.7271780861406,749.1635131835938,1013460
2019-01-25,750.2121986487782,757.5531906027309,721.7539296659986,724.1849975585938,995296
2019-01-28,727.426427397348,727.426427397348,693.2955522838645,698.6344604492188,1270693
2019-01-29,688.338032088774,708.9309807696893,688.338032088774,699.3018188476562,995680
2019-01-30,704.5454818380397,706.4522223871746,684.5245308094957,691.1981811523438,1478483
2019-01-31,695.9650337414076,699.2541872077085,681.1876496480454,687.3846435546875,2626649
2019-02-01,690.2924280623824,695.5836648018746,675.8010725019078,685.43017578125,1312658
2019-02-04,686.049926774297,686.2882839372043,668.3170885879676,673.7990112304688,1011716
2019-02-05,673.8467352785553,680.7110715810286,665.4570298561177,671.129638671875,1174129
2019-02-06,672.1782929118845,705.3557986230198,672.1782929118845,699.3018188476562,1594160
2019-02-07,703.6397755778866,721.5156301790948,696.8231688575236,717.6544189453125,2860113
2019-02-08,724.5663832329549,728.4275358128233,675.3721493117621,684.4768676757812,4007263
2019-02-11,677.183505365905,690.2447767980894,671.5108970124722,683.2374267578125,1185923
2019-02-12,683.5710518675926,693.9628387871829,676.8974025856551,685.3347778320312,1192381
2019-02-14,680.7111204060816,689.7681681655246,676.9929233703291,685.3826293945312,672164
2019-02-15,687.8613243706458,688.6716803036572,656.971930263187,673.7990112304688,1363880
2019-02-18,678.7566055848232,678.7566055848232,661.4528103159615,667.220703125,1163194
2019-02-19,669.747248432425,690.244856750044,664.6943681151506,684.8582763671875,1777840
2019-02-20,687.6706837429549,699.3018714260853,687.6706837429549,696.6324462890625,1114314
2019-02-21,692.4376331709105,716.6057087748314,691.245905631033,712.9352416992188,1728246
2019-02-22,712.1724339618688,726.4731047198687,707.4532540905502,723.3269653320312,1529989
2019-02-25,726.4731505500803,745.0640178662143,715.0326482744711,742.3468627929688,1908958
2019-02-26,737.9137487210864,749.020551501011,727.0452447179116,744.5873413085938,1458212
2019-02-27,746.4463828445561,759.745953465358,740.1063742239864,745.9219970703125,1240465
2019-02-28,752.1189598047025,753.6443873269656,737.4369754942578,740.8214721679688,1299837
2019-03-01,744.1105715261276,757.5531559450986,741.7747881883499,754.8360595703125,1162654
2019-03-05,754.59778192088,775.5243744596918,752.6433698350479,772.3782348632812,1243759
2019-03-06,780.7202019231066,783.8663410137211,766.9915312503858,781.8642578125,1124423
2019-03-07,782.7224697892268,785.9162810629399,770.8052522086332,772.4259643554688,1125516
2019-03-08,772.4736485641145,774.4757322707712,760.1274462327693,769.4228515625,1272253
2019-03-11,771.2818749419184,793.1618969270121,770.5668617810113,788.9193725585938,1248687
2019-03-12,793.114203926554,799.50182602492,787.679952157106,792.0654907226562,1277484
2019-03-13,793.2094709888135,795.3068971961428,782.7223399521667,784.7720947265625,607686
2019-03-14,784.7721011722833,798.3577001985758,770.8051306793901,794.0675048828125,1068725
2019-03-15,799.025168260918,806.3661606715729,785.6301954071606,791.1597900390625,1757076
2019-03-18,778.432184670733,785.1058350991095,768.5170518989345,780.3865966796875,2093037
2019-03-19,781.7689619057371,793.9721475643543,777.0973952084044,783.9617309570312,1409808
2019-03-20,788.4426587599716,790.4448007695933,773.808344934107,779.5286254882812,1418476
2019-03-22,782.7222851243276,790.3493049133272,776.6206342406064,781.8642578125,1690259
2019-03-25,777.002173402797,778.9089141564228,770.3285223442244,777.383544921875,989289
2019-03-26,781.7689860332908,799.6924520355982,778.0507894494791,797.6903686523438,1081642
2019-03-27,803.696693387419,805.0314352404148,786.5359103145267,789.9680786132812,1139700
2019-03-28,789.9680446766797,802.2189611773513,785.296477602323,791.44580078125,1014970
2019-04-01,827.1973531093303,830.3911639301183,812.0386549638889,817.3775634765625,1728859
2019-04-02,817.3776182236446,819.5227160592066,798.4531092017775,806.22314453125,1295996
2019-04-03,807.6531755818406,812.3723554540875,789.396009473623,792.9234619140625,1019414
2019-04-04,795.3070234882072,801.5039602283807,786.9173173266329,795.974365234375,1225060
2019-04-05,796.069693130893,813.1351337758391,790.2064565846091,809.3693237304688,2011181
2019-04-08,815.1373135163805,818.1881105296295,797.9765291985806,801.265625,908700
2019-04-09,797.9763722243079,809.5122162435563,790.3493519810955,806.5567626953125,682499
2019-04-10,799.8831517744362,813.945465558202,799.1680802529877,807.796142578125,877653
2019-04-11,808.4634537749175,813.2303046227496,804.0302445128685,809.178466796875,1063389
2019-04-12,812.7061145327518,820.7144486775509,801.0272549576671,813.6594848632812,1373569
2019-04-15,813.7071726461146,828.4845006974781,812.8968166120186,825.6243896484375,959659
2019-04-16,829.3424181255792,843.7384311794079,825.6719515294728,842.3560180664062,1639776
2019-04-18,846.0266388507099,846.5032948058185,821.4295207299502,826.8161010742188,1051816
2019-04-22,826.1009315814744,830.7724982288571,815.2324293061283,823.6221923828125,875453
2019-04-23,823.7176186793776,833.0606944996115,816.3765679411099,828.9135131835938,1225779
2019-04-24,827.0544296823217,845.6452978616857,809.9889891402793,839.4960327148438,1838840
2019-04-25,835.2534554996051,896.1742211078218,835.2534554996051,881.6829223632812,7163932
2019-04-26,883.255994412805,890.4539726054195,856.2277495858965,870.8621215820312,2555157
2019-04-30,875.1998915820659,880.7294272514274,854.9405842551508,859.1831665039062,1450483
2019-05-02,858.0392263199003,864.855833171419,849.7924762940415,857.371826171875,1025462
2019-05-03,858.0390843832741,867.5251734159451,840.4492609826963,856.7520141601562,1087362
2019-05-06,847.313665068451,856.6090691276681,844.0721827433719,854.75,876330
2019-05-07,858.039186204832,864.6174355530809,825.1476473591947,831.6782836914062,1380816
2019-05-08,834.0140923850049,838.7810025366975,821.810846796541,830.3435668945312,1175113
2019-05-09,823.717584658803,832.2979755571148,817.09160574584,828.4844360351562,857472
2019-05-10,834.157016773486,834.2046882066988,813.5163961889051,817.6159057617188,635528
2019-05-13,814.4697623474568,814.5651052134044,794.4965419280288,798.882080078125,655277
2019-05-14,800.9795844579488,811.5620594021836,779.5762773813478,806.1278076171875,1346851
2019-05-15,806.5567991878014,807.5101694587289,772.3305201992156,776.8114013671875,1304675
2019-05-16,777.0020056773607,788.1565359937289,767.325231257546,781.8642578125,1469175
2019-05-17,780.8155470136414,794.734845023647,776.3346663024513,790.3016357421875,1781086
2019-05-20,803.6967146721317,852.3189541399746,803.6967146721317,848.7914428710938,1956895
2019-05-21,860.6132588620882,860.6132588620882,821.8108128002984,825.2429809570312,1270483
2019-05-22,828.1030519359903,828.1030519359903,809.4169013520706,817.3775634765625,1367357
2019-05-23,831.3445608468066,863.4734142420531,821.3818150132295,845.2162475585938,3434175
2019-05-24,850.4598231853955,871.9108010395886,837.0648506751259,867.62060546875,2203557
2019-05-27,862.8059866449473,915.0510157846787,854.7499816507425,891.6932983398438,3436774
2019-05-28,894.2674198513832,894.2674198513832,865.4277802061405,868.4785766601562,5234595
2019-05-29,868.52639702966,872.816593058376,859.5169620010025,868.0496826171875,1357165
2019-05-30,869.4796470115614,876.915981870018,856.799746446557,868.9552612304688,2254269
2019-05-31,869.9563481446625,870.433062515883,837.8275521507663,844.7872314453125,3001346
2019-06-03,848.6007077253356,855.0836726104158,843.7385132719647,853.3199462890625,1332908
2019-06-04,848.5054071985923,861.757366251172,842.1177848684023,845.1686401367188,1001864
2019-06-06,848.4100106867411,848.4100106867411,812.6106924498343,829.0087890625,2895951
2019-06-07,831.3445788470219,836.4451888841488,816.9962943102275,830.8202514648438,1249774
2019-06-10,835.9208236807065,843.2141447204368,824.5279926722961,839.8773193359375,1275597
2019-06-11,843.6907814339496,854.0348982790701,835.6347181307475,848.6006469726562,1283479
2019-06-12,844.6918743258108,854.1779643652114,836.3975117734847,846.8846435546875,825180
2019-06-13,842.785100587622,865.1894479380486,829.1517713870635,862.4246215820312,1522460
2019-06-14,861.8526030109052,864.3314007033708,851.2701290158872,857.085693359375,1857932
2019-06-17,855.274353968526,858.0391804493474,833.0606913531539,838.3519287109375,1488586
2019-06-18,837.0648404998636,842.6897777939128,825.6243385903226,838.637939453125,889937
2019-06-19,841.831724217626,846.9799469959141,832.1549488834581,840.926025390625,958111
2019-06-20,835.3011464933437,863.378104191762,829.4378517948923,858.8018798828125,1420675
2019-06-21,854.2732726204903,871.1956970936288,852.0805034804702,855.89404296875,1835093
2019-06-24,858.6111527871175,866.905515132018,838.9715730910098,845.3115234375,1073598
2019-06-25,845.2162580207327,864.1884380522935,836.1591525098692,860.0889282226562,1024286
2019-06-26,855.2743326649941,877.1066816646658,855.2743326649941,876.2963256835938,1837043
2019-06-27,881.8258178901335,894.0767335523774,873.3407701756053,878.8226928710938,2084022
2019-06-28,881.6828501996313,884.1615894219977,862.80595612266,871.481689453125,1685470
2019-07-01,876.6299140928213,882.8268497944994,863.2350010275285,877.1066284179688,835610
2019-07-02,879.9668122970729,886.4497771330572,872.6734914618102,876.916015625,1031893
2019-07-03,880.9202307483841,890.4539927774647,877.6787481532439,884.638427734375,1455304
2019-07-04,886.7357998870359,901.7038129504009,882.4456043157418,897.6996459960938,1411446
2019-07-05,899.0343765868332,905.2313715093137,874.34191503689,883.8280639648438,1727064
2019-07-08,875.3906327875291,877.1067461675711,837.0172276130486,847.123046875,1897406
2019-07-09,845.6451870568,870.9097029051038,841.3549917637743,868.4785766601562,1308607
2019-07-10,865.3801983158413,876.0580162201903,862.5677003152988,870.8621215820312,994282
2019-07-11,877.0113302167529,881.5398828527881,867.2392118414207,876.3916015625,786557
2019-07-12,877.1066884764072,884.5906949475653,868.7646545821048,873.3408203125,1144580
2019-07-15,876.1534206800378,884.35244122618,873.293251040452,879.299560546875,667808
2019-07-16,880.5388165375489,893.6477013090899,875.8195782935994,887.1170654296875,1212769
2019-07-17,886.068406038899,895.2208544801036,878.4891150022338,883.4943237304688,573073
2019-07-18,881.8258369746355,883.2559215759788,863.2350292615475,865.380126953125,695443
2019-07-19,872.3397536385368,881.8735147338301,834.2047092573632,838.9238891601562,1237552
2019-07-22,838.0181704221352,853.4152254804844,822.8594725302037,850.5551147460938,901037
2019-07-23,850.888863382975,856.5614725528476,837.8275900709251,842.3084716796875,699653
2019-07-24,838.9715941686505,844.3581743688266,825.7196943421054,837.493896484375,1007667
2019-07-25,837.5416240896028,844.5965881924828,822.9549230677545,828.1508178710938,973080
2019-07-26,829.4854765362257,838.8762233916988,826.6253657145826,834.1570434570312,710409
2019-07-29,833.2514367412658,835.1105060598268,752.357384613271,758.5543212890625,5696289
2019-07-30,754.1210881934105,778.9088925661077,722.659691368006,726.99755859375,5231380
2019-07-31,724.5663619638717,754.7884153042764,721.22953684993,751.5946044921875,2581491
2019-08-01,740.7738329265995,746.4941133575956,728.7136017941529,738.4380493164062,1038747
2019-08-02,736.0069532195387,750.1646113577581,716.0337299554947,741.7272338867188,1934553
2019-08-05,736.864916199126,736.864916199126,711.8388146157159,714.5082397460938,1103201
2019-08-06,707.7869650104632,734.4815079938122,705.4988529803367,725.9964599609375,1519811
2019-08-07,722.5166128810811,727.4264785126289,698.8251952786442,703.54443359375,1638212
2019-08-08,711.2926893057053,714.9983069899848,689.2512591542325,709.80078125,2507054
2019-08-09,711.2926316857013,738.2428175805622,711.2926316857013,718.5114135742188,2047215
2019-08-13,719.9552368696642,721.8802376250653,679.2411582970601,683.0430908203125,1359604
2019-08-14,683.0430632322863,716.7308110125736,682.417399674822,706.9613647460938,2963050
2019-08-16,697.9137678328411,728.9545949499238,692.2830908074188,724.0458374023438,2553356
2019-08-19,728.5695007464727,731.3126173337902,703.8811565589215,704.8917846679688,1635566
2019-08-20,710.330064024035,710.5707038462344,692.8606155982826,701.9081420898438,1410059
2019-08-21,699.8387453694892,702.533793370405,668.9423031682443,672.5997924804688,1967583
2019-08-22,665.9585276746135,682.2248956503416,655.7078606111073,662.734130859375,2280042
2019-08-23,665.4772139717227,712.2550547276663,654.552756904034,692.4755249023438,3111181
2019-08-26,697.1437484058416,713.2176033599515,678.6636132598339,709.6563110351562,1845859
2019-08-27,716.105137192217,721.6395582964084,693.8712558252624,696.806884765625,2236661
2019-08-28,698.2506508942362,705.2287928573951,681.551131982342,686.7486572265625,1400013
2019-08-29,686.7485522593554,686.7485522593554,668.9422108505647,682.2728881835938,1518734
2019-08-30,686.2673788986813,689.1548795738756,672.8403857473576,684.2942504882812,1424457
2019-09-03,679.5298070153923,685.2086113309203,667.4022100131886,670.1453857421875,2362487
2019-09-04,671.8298274369724,675.5836317874558,662.6859858773188,668.0279541015625,1523360
2019-09-05,668.1721365114146,679.1447204506613,665.6696597918288,670.9634399414062,1190309
2019-09-06,675.8241322732526,684.7754609074262,673.4179112366153,677.3160400390625,1253494
2019-09-09,677.3160561424007,685.2086288343919,670.3378557233191,679.2891845703125,1047968
2019-09-11,681.9361684617211,689.6362300337311,680.2998766247485,684.8236694335938,1298358
2019-09-12,685.3049414086234,701.4750528345942,685.3049414086234,690.6468505859375,1812604
2019-09-13,693.1974557727295,696.325596535636,677.7492638169019,690.6468505859375,1950769
2019-09-16,688.2405694447923,699.3094115028696,683.4280089046374,689.8286743164062,990471
2019-09-17,689.1550023662554,696.9513204567919,673.6586221228741,674.6692504882812,1446135
2019-09-18,679.3854452869851,684.8236099824729,674.7172689877491,676.738525390625,817748
2019-09-19,677.6048241382983,683.957361070484,669.1828438757541,673.6585083007812,1060144
2019-09-20,672.7923138707389,736.3177468828704,671.0116971529892,722.7945556640625,3765888
2019-09-23,732.4196478948475,756.5304614267163,724.0458536072587,730.83154296875,3090228
2019-09-24,732.0826753715036,736.9914914946041,712.4956568010108,721.5913696289062,1393396
2019-09-25,714.4207692158155,716.8269905141279,691.3687126700815,696.9993896484375,1357856
2019-09-26,701.3787186356506,719.9069803024163,693.1492504568207,715.9125366210938,1979608
2019-09-27,718.4151399730337,718.4151399730337,694.9299911952612,699.7424926757812,1286742
2019-09-30,697.528671491461,710.9075366570673,681.6954572977622,702.7261962890625,1749122
2019-10-01,709.1750916603786,709.1750916603786,664.1297363570725,667.16162109375,3466261
2019-10-03,665.0921815331719,669.8566135677266,644.8795593163611,654.167724609375,3061113
2019-10-04,651.9539980247966,656.1890227787645,625.677605161377,629.864501953125,3266097
2019-10-07,629.8645173324271,629.8645173324271,609.8443462063443,624.6669921875,2407237
2019-10-09,625.6295007586014,652.4834301799032,618.7956837481082,645.2646484375,2395820
2019-10-10,654.5046405430218,699.5980624859662,654.5046405430218,670.4822387695312,7619401
2019-10-11,670.0009648704215,679.3372576686651,662.2046487294452,665.4771728515625,1706669
2019-10-14,667.931649794224,681.3585843892157,662.2047172429102,672.4553833007812,1653381
2019-10-15,673.3216553175088,679.6741920964892,665.1884430153987,677.3160400390625,943383
2019-10-16,681.5511368401561,706.9132176666376,681.5511368401561,703.4481811523438,2831288
2019-10-17,700.8493748230018,703.4481669011603,685.304927258776,697.3843383789062,1883676
2019-10-18,698.2987888981603,720.917693863841,691.3687158193321,718.5114135742188,2272930
2019-10-22,717.9820504303424,743.0553652036713,714.6133285926346,727.703369140625,2182945
2019-10-23,726.6927277644897,726.6927277644897,707.7313703637536,715.2870483398438,1151929
2019-10-24,715.1426708407521,715.1426708407521,638.5752620651213,679.1448974609375,7423987
2019-10-25,673.706604177728,689.924841460833,663.2634270035601,683.3316650390625,2926393
2019-10-27,684.823739131147,688.9143806693769,667.9798932770924,676.6424560546875,590611
2019-10-29,672.8404871834593,693.8712883656661,662.1085402286647,687.9518432617188,2920420
2019-10-30,698.2506270947353,713.5063655375601,687.9036459429317,707.3944091796875,2269362
2019-10-31,712.3514531111442,745.8466914293846,708.2607526523735,739.92724609375,3871916
2019-11-01,739.8790767253387,768.0805317322952,734.9703190219736,746.6166381835938,4575847
2019-11-04,755.0385684607381,766.05928315135,750.755415299274,754.4129638671875,2514667
2019-11-05,755.5679846162875,765.1930473462612,731.0721465912852,739.7828369140625,2753700
2019-11-06,741.1303429991128,753.2579417971297,732.4677808548653,744.2584838867188,1911261
2019-11-07,748.8303580118583,752.6803591775222,742.4778207003044,748.6859741210938,1138289
2019-11-08,746.327872826625,756.4342150470939,741.130347305943,744.9804077148438,1351460
2019-11-11,741.1303565004162,742.814776381567,726.9333728408981,738.339111328125,1634062
2019-11-13,731.505235941078,740.0234136666262,708.6456917885117,711.8219604492188,2169582
2019-11-14,686.3636456429199,728.4733113101901,685.304889480618,706.431884765625,4280246
2019-11-15,707.4425884499653,739.205335688402,697.6250141755522,726.8370971679688,4591327
2019-11-18,721.8801434297878,756.4341325038013,721.8801434297878,740.6489868164062,4195366
2019-11-19,745.9428585899178,763.7492024863024,743.0552987297004,756.6748046875,3872595
2019-11-20,761.3429772893444,770.9680988785991,751.7179146804416,760.0436401367188,3170178
2019-11-21,765.481832094469,767.1180650740118,746.2316472281246,749.7448120117188,1801943
2019-11-22,749.2153974229614,767.0217416578715,741.3709520561141,763.46044921875,1463703
2019-11-25,764.2304467677761,793.9718754975241,762.4978991357285,792.046875,3733959
2019-11-26,792.0468502504142,794.3087464074468,754.6534896801339,761.3909912109375,3934814
2019-11-27,757.4928795795531,772.7004895447907,755.5678790984623,758.5516357421875,1871064
2019-11-28,762.2092598225885,772.6043106410019,753.6910227309702,770.14990234375,2156790
2019-11-29,766.1555106303631,778.6680738794691,755.0385404181951,757.5410766601562,2208357
2019-12-02,779.6305012332376,791.1805621990932,772.1710217353307,776.9835815429688,5108844
2019-12-03,774.8180317611401,774.8180317611401,749.8409755634008,752.9691162109375,2460349
2019-12-04,751.7659839646618,761.0060810953507,746.4722028920161,755.952880859375,1618761
2019-12-05,750.7553989620563,760.2360774755656,738.1465795881612,740.4566040039062,1757155
2019-12-06,745.9428219327481,750.4184274334839,735.451457188795,739.2052612304688,1713845
2019-12-09,742.0927621701898,744.9803218892915,733.7670967028831,737.5689697265625,1214194
2019-12-10,737.2802411842364,752.6803036919889,736.0289732035315,741.32275390625,2108475
2019-12-11,741.3228557891497,745.5578809333606,731.0240017481995,738.6278076171875,1345699
2019-12-12,743.1515949389959,749.7929004049956,740.6971866188762,745.1728515625,997387
2019-12-13,746.9534747303699,758.0703853767293,745.7022066752859,752.9691162109375,1460681
2019-12-16,750.755318761251,753.8353313264329,732.8527199222308,734.4889526367188,1549248
2019-12-17,737.0877191052831,743.9696044330503,728.4732862204745,739.9752197265625,1832318
2019-12-18,744.5954404241368,747.2904298323454,723.3239980798247,725.9227905273438,1680699
2019-12-19,726.5964169114116,732.0827098471759,708.9344569776421,715.094482421875,3585881
2019-12-20,715.6238851096791,720.0032938355421,713.1694769493864,717.6451416015625,1613335
2019-12-23,716.1050725232002,724.767633646544,707.4425113998565,714.5169677734375,2498865
2019-12-24,718.0301221016905,720.9176819938328,709.5119442786021,710.8113403320312,1487197
2019-12-26,711.8700700419506,717.8376424804065,706.4800331525449,709.126953125,1303525
2019-12-27,709.848885798616,716.1051676677442,708.0201410012653,712.0145263671875,1058946
2019-12-30,714.1800942774596,717.9338394249022,705.3250210347904,709.126953125,1313072
2019-12-31,709.3675839408121,718.1264018758106,705.4213266656216,715.7682495117188,1690403
2020-01-01,718.8002665281562,719.3777431963036,710.9076921944318,714.6614379882812,688037
2020-01-02,714.1801059504317,739.6865109220716,713.217605666629,737.6171264648438,2423328
2020-01-03,741.0822151409274,741.0822151409274,723.3239391504817,728.2808837890625,1417070
2020-01-06,727.0777006894608,727.4627243995496,707.4425531211888,709.3675537109375,961348
2020-01-07,710.522616735538,727.6552293756536,707.9238834474075,714.4689331054688,1108401
2020-01-08,707.8276435917262,721.7839876542522,706.0950957132646,714.8057861328125,1317705
2020-01-09,724.7195362499867,732.75649320063,721.9282913397809,728.9064331054688,1477783
2020-01-10,728.4252205866679,737.7615146805434,722.8426717235996,727.8958129882812,1266475
2020-01-13,728.6177619958811,736.3177646237929,728.6177619958811,731.1202392578125,835989
2020-01-14,734.200241596664,739.1090580800842,724.8639472577037,731.4089965820312,1190936
2020-01-15,729.5802569116601,740.16781942684,719.4739150669795,737.665283203125,1522089
2020-01-16,738.5797001022529,742.0928648242758,724.863995970426,727.703369140625,1041500
2020-01-17,688.1924146133679,743.0552841354215,684.3423545354792,739.4459228515625,4938472
2020-01-20,738.8203058993091,748.3491122985799,733.8634203267695,743.8253784179688,1581541
2020-01-21,749.792842459762,751.8140989270601,734.8258718249649,742.7184448242188,1667878
2020-01-22,741.9483814831673,769.0429493200035,738.339020289255,763.1716918945312,3093985
2020-01-23,755.5678513951668,781.5074059187943,753.6428509846571,778.57177734375,2597472
2020-01-24,777.7056020461082,793.4907495625132,766.1074107349764,791.1807250976562,1933519
2020-01-27,784.4431245847884,805.5220525437138,779.6306230058127,782.6143798828125,2820058
2020-01-28,786.849314497147,792.961211443635,767.3585526349664,778.57177734375,1790691
2020-01-29,783.480653700841,791.9988319489142,770.0055308128115,772.2192993164062,1840396
2020-01-30,778.668102843662,778.668102843662,757.7336167073902,761.5836181640625,1330496
2020-01-31,763.3642279847929,768.0323455004367,746.4721976539163,749.6965942382812,1304458
2020-02-03,730.542733109837,753.6429170004541,722.1208113408771,751.140380859375,1541064
2020-02-04,750.8035451404139,766.4924367694337,750.8035451404139,763.9417724609375,1075827
2020-02-05,763.941727009232,772.0268121794262,758.5035619247387,769.9092407226562,1062607
2020-02-06,772.3154825558174,776.4061823920171,763.5566652990879,770.968017578125,1222421
2020-02-07,770.9679858015998,773.4704627858467,756.0972128747057,758.1184692382812,1086833
2020-02-10,757.4929322643083,760.0917243807719,723.8051855808083,729.1470947265625,4260702
2020-02-11,731.5052755161322,740.1678376013209,725.8264703984227,730.83154296875,3394755
2020-02-12,733.5265235385006,745.4134822831347,726.2114856141911,727.0296020507812,1852945
2020-02-13,727.0295943030434,736.2696917766286,717.3564041231023,724.0458374023438,1884479
2020-02-14,726.2115725959379,741.9485345602506,709.4639232308207,715.1908569335938,3412990
2020-02-17,715.1425389114977,721.8800992441973,705.9986986056423,709.7525024414062,1522461
2020-02-18,709.7044423859202,713.4101186175595,688.7217710217517,696.7587280273438,1757880
2020-02-19,702.6301331512188,731.2646824412675,699.0688403608337,728.7621459960938,2076090
2020-02-20,721.8801406743388,739.0127512610817,717.9338247773808,723.1314086914062,2137038
2020-02-24,719.9551926394482,719.9551926394482,695.1225192753728,697.7212524414062,2367336
2020-02-25,699.7425525343522,705.4213578494649,688.2887449486004,693.3900146484375,2281107
2020-02-26,691.0800285127605,695.1226011030512,673.7549027783479,676.449951171875,2852422
2020-02-27,676.4499171273015,690.598773030341,660.2798045210211,686.1231079101562,3363958
2020-02-28,661.2422415636527,680.9736449847927,658.3546817096069,661.4347534179688,4407386
2020-03-02,674.7172244128324,675.1985039914094,632.6556894784815,643.3876342773438,2254276
2020-03-03,645.8421632471778,678.1823875803469,645.8421632471778,673.802978515625,3363570
2020-03-04,676.1611230491558,682.2248929232998,656.429718504502,663.6485595703125,2853717
2020-03-05,666.824861458762,669.4235948277701,652.5797494666842,654.7935180664062,2171130
2020-03-06,625.6295419719171,645.7459116359552,620.8169811730558,640.115234375,1701571
2020-03-09,623.7044719994592,629.4795330669785,601.8556138364087,610.806884765625,2786900
2020-03-11,611.1919178882976,616.4856993730534,592.9042930372269,601.8074951171875,3001659
2020-03-12,586.8885507944904,587.1291906133271,534.1913205062694,538.8594970703125,4778932
2020-03-13,517.4436680555966,607.967471524613,486.065975949115,582.2685546875,6209514
2020-03-16,558.2538978423088,577.0227974489234,538.0412185796973,555.2701416015625,2988394
2020-03-17,549.8801795862053,563.6921376546262,532.5069293432967,534.81689453125,3007242
2020-03-18,546.7038971743633,546.7038971743633,473.9383952878047,507.2892761230469,6864942
2020-03-19,462.96581786170634,499.3485524329465,462.96581786170634,472.6390075683594,3915320
2020-03-20,476.44090807873573,543.5276016997851,469.7514751565923,509.5511474609375,3046590
2020-03-23,463.2545366731497,481.2534208409246,382.1633462317979,417.0060729980469,4492684
2020-03-24,419.6530229353498,440.73195213502976,378.2652415084083,385.0990295410156,2996993
2020-03-25,375.37766506232487,441.5018867237242,370.6132622593345,434.4274597167969,4213471
2020-03-26,423.45487264948804,465.8533065702121,408.05478015809183,453.7257385253906,3976225
2020-03-27,454.35136134488516,475.285904849867,430.0961947881786,443.6194152832031,2028451
2020-03-30,431.2030643486588,458.6345281167976,421.7705146415084,433.6093444824219,1999573
2020-03-31,446.0257171817676,461.76270680310006,436.5931372060702,458.2495422363281,1808450
2020-04-01,459.98202815547234,466.142082960052,435.6306062021621,458.2976379394531,2128750
2020-04-03,455.7470276645167,459.7895408062364,434.2831053747786,437.6518859863281,1475994
2020-04-07,460.0782852725347,503.2948659611703,445.64066323786693,499.10791015625,2642753
2020-04-08,493.2847550152751,512.5348774109094,481.63840796358244,493.3809814453125,2411598
2020-04-09,509.16614262096186,526.9244178001284,493.7660492270244,510.6580505371094,2500431
2020-04-13,510.6579667806523,539.966299825671,490.8784383014266,524.0848999023438,3275888
2020-04-15,537.9451356995597,551.3720711197028,510.2730304782095,515.326171875,2133786
2020-04-16,510.12867587819477,536.1163628060631,503.43924227618083,523.3631591796875,3609311
2020-04-17,539.0038541268466,541.8913548680883,513.3530072638907,525.0955810546875,2741854
2020-04-20,527.6944289950369,532.170093956042,499.9261258266356,502.0917663574219,3118395
2020-04-21,495.546733780163,497.9048862576694,484.6222748189133,490.4454345703125,2598896
2020-04-22,491.84102537711755,494.0547938071197,483.6115857121321,491.2635192871094,2333990
2020-04-23,495.69105361544894,498.434170503063,480.0021637588811,481.6865539550781,2048968
2020-04-24,473.5533907498014,483.08219678663403,466.5752193508772,480.33905029296875,2560066
2020-04-27,485.96972659350365,491.5522755020658,473.84212847908896,479.5690612792969,1765581
2020-04-28,487.9428535221101,492.322262299344,475.28590682761984,478.7990417480469,2128372
2020-04-29,481.253437482736,485.9697123937913,476.9702847437884,483.13031005859375,1404693
2020-04-30,486.0660130138804,495.69110506112094,482.5047204042504,485.9697570800781,6561590
2020-05-04,474.5158929614848,476.3927950921598,458.49016561033045,461.08892822265625,3320830
2020-05-05,466.81586676304363,469.510885506855,451.6563826428327,453.7738952636719,1735925
2020-05-06,457.19076866901565,467.7783604444141,451.60821974216606,464.3133239746094,1896522
2020-05-07,464.31334316964666,473.50528334824685,458.538311638069,467.00836181640625,1743414
2020-05-08,471.4358580265704,474.3233882878965,464.6501692849973,468.06707763671875,1451705
2020-05-11,470.8583582450574,493.28477967798426,466.57520550298267,485.5365905761719,3912963
2020-05-12,483.8522235095491,501.46608545554795,473.64965528239316,498.53045654296875,3122914
2020-05-13,529.3788019931378,529.3788019931378,499.58924151067777,503.3429870605469,2711938
2020-05-14,498.5785800907836,508.7811187373789,489.19412836824745,492.22601318359375,1940379
2020-05-15,494.9691675517847,500.35920474687816,490.78227050510094,498.4342041015625,1384443
2020-05-18,496.17222905493924,496.17222905493924,475.57458386203143,477.2108459472656,2678574
2020-05-19,479.5209824823827,501.46612716551476,476.4890973879962,492.6592102050781,3299878
2020-05-20,491.8410596922252,518.7431195039305,487.9910286536173,516.7218627929688,2862696
2020-05-21,516.7218610823588,516.8181170187863,501.9955285339018,507.19305419921875,2005953
2020-05-22,504.2574094319239,514.8931002735967,493.8622994435013,512.3905639648438,1752039
2020-05-26,514.9412177179942,523.988744453371,508.0592724997253,512.6793212890625,4004041
2020-05-27,514.9413069457023,548.2440366153606,509.2143729324192,545.4046630859375,4754112
2020-05-28,546.7039124917068,559.8421395370304,536.3569895331281,554.88525390625,3330221
2020-05-29,568.1678260309055,579.4291206000836,555.3664366442239,567.1090698242188,5979901
2020-06-01,570.2853026613625,577.5040838030346,558.302089398374,561.6227416992188,2564085
2020-06-02,561.1414485097604,578.8034657265163,553.9707955017674,573.9909057617188,2681043
2020-06-03,578.0335779521572,587.1292329367219,570.1410041878056,575.3866577148438,2436065
2020-06-04,574.6167065657555,588.0917715232417,560.9971987168195,582.4130249023438,1650031
2020-06-05,588.6691991222226,607.0530777612735,586.6479426986025,603.6361694335938,3146152
2020-06-08,611.1918469925105,620.2394319244381,590.7385839528833,594.0111083984375,2757483
2020-06-09,599.7380178962965,611.9618119009656,583.9528728330613,588.9578857421875,2091161
2020-06-10,589.0542515572896,602.5293750286266,587.2255067074539,591.701171875,1797749
2020-06-11,594.8292515678103,602.5293129031588,560.708412650013,568.45654296875,2507917
2020-06-12,546.8963764265011,583.4716812842465,546.8963764265011,579.3809814453125,2110589
2020-06-15,587.1292694680839,587.947385981659,555.462775486257,560.0828247070312,2927192
2020-06-16,575.5790610577841,581.8353417368127,558.4464516375283,567.0127563476562,1815454
2020-06-17,565.0878556332216,575.2903947593632,559.0240267371645,561.9596557617188,1161867
2020-06-18,561.1415359427257,580.2473359219151,556.6177430262337,575.6754150390625,1808862
2020-06-19,575.5791346511477,581.0654276813991,571.2959817484411,578.707275390625,2630246
2020-06-22,581.2579785395956,605.2724777964443,564.9916102146724,594.4442749023438,5901428
2020-06-23,599.2568141454615,610.5662963075549,590.0648445183537,599.0161743164062,3194115
2020-06-24,602.5292918275891,609.6999453110215,576.0603282269011,590.642333984375,2452073
2020-06-25,588.0435239516333,603.0586219265366,581.4022192742062,584.6747436523438,2097893
2020-06-26,589.9205042641911,602.8662189665898,587.1292002804208,593.0486450195312,1767686
2020-06-29,590.7386283989757,601.0374231458304,576.0603657610114,596.0324096679688,2018333
2020-06-30,601.8074239569752,605.1762043180906,588.3804304739726,596.4655151367188,1634716
2020-07-01,596.5616927665809,602.4811369327165,589.1985277640946,591.3160400390625,1402760
2020-07-02,591.8936877644096,607.8712887753785,591.8936877644096,594.7811889648438,2512090
2020-07-03,600.4118575609689,606.3793717496978,590.4980269116093,604.5987548828125,2074752
2020-07-06,609.2669410152419,628.9020907348628,605.5131363716287,617.111328125,4075813
2020-07-07,617.1112380369478,618.7956577268968,598.0054987658268,600.2673950195312,2164858
2020-07-08,604.4543284606661,608.1600048190735,582.6054119903439,585.6854248046875,2401094
2020-07-09,589.0541815557356,599.4011627731245,587.0810530342853,593.5298461914062,1631873
2020-07-10,593.5298546278291,596.6579953248947,574.7128824817726,588.5248413085938,2704109
2020-07-13,591.3642650201655,594.7811737927129,584.771087314057,588.8136596679688,1722338
2020-07-14,589.4873016252163,590.8348255360556,571.5847030224843,574.3278198242188,1758125
2020-07-15,579.8623454016216,584.2417546698547,564.365965070896,566.8203735351562,1921434
2020-07-16,569.804069941332,570.7665702407212,558.2540073683145,561.1896362304688,1515681
2020-07-17,562.5852918785221,573.0765982926682,561.1415119298388,569.9003295898438,2180665
2020-07-20,575.5791253990878,588.4767118642028,571.1034607110619,580.5360107421875,2295638
2020-07-21,582.3167187749502,593.3855022209564,579.33290283021,580.4879150390625,1950293
2020-07-22,584.2416441858874,589.0541452857436,571.7290233655747,579.236572265625,1749629
2020-07-23,582.6054549110511,588.8617959108499,574.6166839872639,575.81982421875,1211759
2020-07-24,574.4241623169844,574.4241623169844,559.794026895116,560.852783203125,1255646
2020-07-27,563.0665006085749,563.0665006085749,547.1370294677317,549.39892578125,2224709
2020-07-28,551.323996334051,575.5310673695385,543.8164459716564,573.894775390625,5625982
2020-07-29,577.5040439670682,598.534840421723,576.8784395102122,593.1929321289062,6110360
2020-07-30,591.1235800188274,601.6630733380268,578.6110171117426,580.343505859375,2519390
2020-07-31,583.6160847926881,613.0206811372914,579.4291874459665,609.3150634765625,4769694
2020-08-03,606.379327316139,618.6513095528915,598.3424290395632,609.7481079101562,2556245
2020-08-04,611.5769629435326,615.7638603101318,598.8718279568977,601.22998046875,2070693
2020-08-05,601.2779693823969,619.4693347262274,598.390468861574,609.6998901367188,2505820
2020-08-06,612.1544249107055,622.2607672990167,605.4168633184981,610.4219360351562,2312477
2020-08-07,610.2294294785956,617.8332355747949,604.6950080496829,612.683837890625,2235535
2020-08-10,616.0043982617614,619.228794698816,604.1655096919278,610.2774658203125,1932817
2020-08-11,611.1918934227058,616.9188263825677,595.8398982412677,600.844970703125,2069626
2020-08-12,596.7542613259261,605.4168230887535,592.0380157090558,602.6737060546875,2151111
2020-08-13,608.111906212436,614.0794202695096,598.1980757817958,608.1600341796875,3049144
2020-08-14,608.3044013397479,615.8119511618952,600.0749320286966,605.3687133789062,2852059
2020-08-17,606.5237374764374,610.2294139844381,587.8030200100052,601.9037475585938,4326042
2020-08-18,597.7168102454057,653.0609658955751,597.7168102454057,642.08837890625,15527149
2020-08-19,642.9065455306246,646.8046749951905,635.6877042535249,639.9227294921875,3257907
2020-08-20,635.3989997044036,649.6921804909216,630.4901828845062,640.6446533203125,3026994
2020-08-21,649.4034353044461,657.3922057109911,643.8208862247262,651.9540405273438,4009171
2020-08-24,654.8897583913267,667.498578127196,641.2221233691897,646.3715209960938,3836076
2020-08-25,646.8046548693125,653.9753089752104,636.8426966827435,648.4890747070312,1831246
2020-08-26,651.5874332220109,656.9612463344001,637.69298377521,646.0199584960938,2459758
2020-08-27,648.8763860458276,666.1597367281505,645.826393454701,663.3034057617188,3272319
2020-08-28,668.047755289856,694.7232175689013,662.2866191668088,678.8922119140625,7416581
2020-08-31,680.683574925487,688.2359628235306,649.3604690114898,653.4271850585938,4474304
2020-09-01,655.4605482345835,682.4264471021534,630.3827316086704,662.8192749023438,4746522
2020-09-02,659.3819087449921,664.1747964286778,641.6144047315505,656.912841796875,3946609
2020-09-03,663.2549333650056,706.1970216470353,659.9628640258834,701.7430419921875,7528192
2020-09-04,682.6200442616432,701.0168888598055,676.5200001093849,684.0723876953125,3620215
2020-09-07,697.1437962600581,697.9184426701951,671.000903900306,677.9239501953125,4194868
2020-09-08,680.5866955927777,680.5866955927777,652.7977382488224,655.605712890625,2836862
2020-09-09,654.5406430014656,674.3898307301564,642.969955116504,665.2882690429688,2847119
2020-09-10,674.4381651846653,694.9651660854346,659.6722998336304,690.6564331054688,4943692
2020-09-11,692.3025238965913,703.9215669039661,682.2810703780898,698.0636596679688,7359626
2020-09-14,698.1121190273982,712.5874934663884,680.6835237525416,684.5565185546875,3056973
2020-09-15,689.010552265159,700.5327661053955,687.267716333898,697.5311889648438,2938207
2020-09-16,700.0002559779675,713.7978752094978,691.4312038728252,697.5311889648438,3050802
2020-09-17,697.5311537843425,715.2986573694575,693.8034050825445,701.6946411132812,3942939
2020-09-18,704.8414574480089,724.8843661144854,701.6462188778953,721.3502197265625,3228972
2020-09-21,725.8525935264856,725.8525935264856,687.5096724780196,694.0938110351562,2436306
2020-09-22,697.5311506288858,722.318472210926,684.3628730594205,705.9549560546875,3326343
2020-09-23,706.1970456019574,709.48911505275,682.6200493387969,695.5946655273438,2586941
2020-09-24,685.5247408785982,692.3025408541672,654.0564516578539,658.1231079101562,2836522
2020-09-25,661.318401146448,689.5914543234624,661.318401146448,685.6700439453125,2267006
2020-09-28,692.302620437618,712.2971148642285,692.302620437618,710.8931274414062,2555901
2020-09-29,712.6359631948226,716.4121868141299,692.3510356736213,698.5478515625,1829165
2020-09-30,698.5478605298614,722.705842791185,692.3510445614332,720.57568359375,2387252
2020-10-01,725.4169553826929,732.0010349805707,712.6843568239441,730.5971069335938,2413277
2020-10-05,728.3216436925658,739.3597615706478,718.3970206822954,726.3367309570312,1907600
2020-10-06,726.4335544891084,735.8256080052154,716.9930262408706,733.6470336914062,1861945
2020-10-07,731.0327611750017,737.5200690753518,724.2550201940006,735.53515625,1633121
2020-10-08,740.7152971796194,750.107410414861,734.6153125829447,745.8955078125,2229138
2020-10-09,745.1209100960799,748.3645642125563,718.6875824499634,721.4470825195312,2916735
2020-10-12,722.4638036698437,728.4670176619959,714.5725074110327,721.0598754882812,2824839
2020-10-13,719.2200431609434,738.7787973255627,713.5557378642502,725.658935546875,2751314
2020-10-14,719.4137243281956,743.6201203516484,710.166916409467,739.3598022460938,2415604
2020-10-15,736.2130151560169,743.5717413960722,721.5439187483565,726.2883911132812,1506667
2020-10-16,729.047823861635,751.9954777531137,726.1914932250703,748.1708984375,1772044
2020-10-19,747.4930725173774,757.5629417062077,737.3748472612306,748.6065673828125,2143086
2020-10-20,750.397917129323,755.1423299063156,740.2312166084513,752.528076171875,1746130
2020-10-21,755.2391242028166,769.2304035104108,747.0573962452573,766.6161499023438,2418947
2020-10-22,766.6162399912837,769.2304939065649,756.2074617381413,766.5194091796875,1706604
2020-10-23,768.8915756765166,778.4772911618714,757.2724726646321,760.2741088867188,2363692
2020-10-26,760.0804384966203,764.7764357159092,743.6200921971873,755.2391357421875,1344142
2020-10-27,749.4296624687845,764.921701140559,748.3161675538913,754.3677368164062,1536888
2020-10-28,764.6312593693218,764.6312593693218,748.5097613213532,752.5764770507812,1985259
2020-10-29,748.2193108954189,752.6732904010865,741.683587838093,745.750244140625,1066172
2020-10-30,745.5565839745069,768.5526532204022,740.9573582588081,753.6415405273438,1716739
2020-11-02,759.4995418071551,766.7130813749048,750.8820741171126,762.8400268554688,1795870
2020-11-03,764.1471961022187,775.5242234832594,762.0654522550677,766.0352783203125,2056424
2020-11-04,765.3090152782783,769.7629948850139,753.9804046554768,758.24072265625,1505112
2020-11-05,762.5011081338358,784.6741162687609,762.5011081338358,778.8646240234375,2985097
2020-11-06,783.3185474782229,783.3185474782229,766.3741060293554,769.1336059570312,1506722
2020-11-09,771.6995358834401,782.6408239125418,764.1471481523669,767.0034790039062,2196951
2020-11-10,773.635952887589,790.5804526145922,756.2557739004869,764.4375610351562,2914387
2020-11-11,766.8582698954312,782.9312936436022,764.921713115118,777.6058959960938,2520351
2020-11-12,778.4773067618484,804.6202000635686,777.6058888516445,800.69873046875,3845786
2020-11-13,800.7471539659093,821.0805551834212,793.4852588639988,814.6416625976562,5942145
2020-11-14,816.2392610390189,817.7884946149018,808.5900426315893,811.9789428710938,326158
2020-11-17,820.0155104506356,826.4059879047156,809.0258068593815,816.1424560546875,1893365
2020-11-18,814.8352427764935,824.6630352986269,811.6400042717063,822.0003662109375,1727008
2020-11-19,817.9821476412421,834.5392661052235,805.5884571620954,810.1876831054688,1931331
2020-11-20,813.3345608512984,834.5393220838938,811.9789888122789,828.82666015625,2058126
2020-11-23,835.9917059604845,841.3171038508264,824.0821689816102,827.4710693359375,2233883
2020-11-24,829.7947953240858,836.330518261007,823.0169953896645,826.163818359375,1399638
2020-11-25,828.8265804925112,846.0615140963546,813.3828980780786,816.3360595703125,2401936
2020-11-26,823.21074605105,853.0329740568229,820.1607535503601,849.5473022460938,4266333
2020-11-27,849.547233856078,857.728961937346,842.3821105272644,847.9495849609375,4020685
2020-12-01,839.4774057163833,881.7901541584355,834.7813489345345,878.9822387695312,4126748
2020-12-02,872.9305594168669,889.7782287712556,871.5265721375182,886.437744140625,2854485
2020-12-03,891.7632077888057,895.5393719711478,877.2393579097447,881.1608276367188,1996094
2020-12-04,886.3408818479145,916.8409217110257,884.1138921732862,901.9298095703125,3042427
2020-12-07,910.1116800865085,923.7156972622303,900.719625260045,907.93310546875,3205743
2020-12-08,907.7393792432905,912.0965281687262,889.2457040116104,896.4108276367188,1763695
2020-12-09,897.5244180504474,904.108557541881,887.0672239173778,891.037109375,1618537
2020-12-10,892.7314328864308,895.4425767739433,873.8988498798284,880.6282348632812,1734033
2020-12-11,881.0156011235324,886.5830760461135,872.3981336779557,873.6084594726562,1945748
2020-12-14,877.8687752097079,894.6679714056474,877.5298673750588,882.516357421875,2052814
2020-12-15,883.0488891601562,888.5679484256948,874.3345913022113,883.0488891601562,1467901
2020-12-16,891.182238446032,895.9267107911146,882.0806763272869,885.760009765625,1395643
2020-12-17,886.8250924940506,896.9917935557015,883.0489282325774,883.7266845703125,1482672
2020-12-18,883.0488426504057,887.6480683515491,873.3662965773975,880.7734375,2224860
2020-12-21,880.7250540329976,881.0639618476094,840.7361272150137,849.4988403320312,1912602
2020-12-22,849.498867368728,861.1663269845249,835.9432663440293,857.0996704101562,1715164
2020-12-23,857.9710657164468,880.1441333414177,853.3718398234575,873.3663330078125,2387101
2020-12-24,877.8687399966117,882.9036452464175,862.8123209849986,868.6702880859375,1425968
2020-12-28,872.5917312740637,883.3877724914479,868.621846345597,877.8687133789062,1495820
2020-12-29,882.0806376124916,893.3607737892811,877.4329962810996,880.6282348632812,1631226
2020-12-30,882.1774614604957,909.1433572517615,868.8155224044255,904.73779296875,2289284
2020-12-31,909.966380721571,910.9830448616403,892.2957077801073,898.395751953125,2086260
2021-01-01,895.1521248705399,908.2235722072191,891.0370527829048,903.7695922851562,1156184
2021-01-04,907.4005355285894,936.3029291974478,907.4005355285894,933.8338623046875,2678141
2021-01-05,924.6838896868907,941.0958214290448,916.8894250778756,930.7838745117188,1517829
2021-01-06,929.5251643622797,958.0887106361049,924.7323359350771,953.34423828125,2171483
2021-01-07,958.5727885545692,972.7577297549925,946.179098529889,962.300537109375,1896450
2021-01-08,967.9164890162389,991.3482986691475,960.6061783087713,972.4188842773438,2390870
2021-01-11,967.6259965909798,980.1649336227002,962.8815836414287,972.4188842773438,1254601
2021-01-12,973.8713054590994,988.2014347193484,966.0284251572385,978.2284545898438,1557324
2021-01-13,976.9697549486411,1007.9539542331321,975.4689366585574,1000.5467529296875,2214186
2021-01-14,1002.1442621427252,1007.9054578040203,981.1331637662016,987.862548828125,1528096
2021-01-15,982.875984360545,1006.3077338726725,969.8045376659627,1000.2561645507812,2034259
2021-01-18,990.5252609058888,996.8673823487258,959.3958758867814,967.4807739257812,1854738
2021-01-19,970.1918922240571,1019.0888397343922,970.1918922240571,999.1427612304688,4075179
2021-01-20,995.3664504772994,1005.5331504546979,982.5854969052085,1001.8536987304688,1534841
2021-01-21,1003.1125127416162,1013.7148921290656,980.3585204827411,984.8125,1273254
2021-01-22,989.8474449162909,998.0291732730483,968.2553620663336,972.1283569335938,1033889
2021-01-25,992.4618440986809,1079.2659216525842,984.7157943594485,1035.791259765625,15405089
2021-01-27,1030.1752645875595,1078.9753817304536,1017.6848022071929,1027.8515625,6647316
2021-01-28,1007.4696849662496,1041.842721492917,1005.5816029671893,1033.5157470703125,2845529
2021-01-29,1028.8680563849496,1059.2712658454263,1015.1672103684485,1022.138671875,3837388
2021-02-01,1026.3507586136755,1094.9032977420482,1014.1023723770281,1089.916748046875,2107472
2021-02-02,1107.6841958644977,1171.4922590195954,1100.3738256299503,1152.223876953125,4139299
2021-02-03,1140.7016592728842,1167.2318760341618,1135.0372944737016,1153.046875,2436735
2021-02-04,1142.541340452204,1178.8024603150623,1133.8754578985106,1150.771484375,2669863
2021-02-05,1150.7714524710927,1170.4270377331297,1135.763508479366,1148.4476318359375,1642638
2021-02-08,1148.3507914707486,1181.2714846403533,1147.3826021021957,1172.363525390625,1963580
2021-02-09,1171.5890465646946,1187.5651804673244,1165.7794354499156,1179.28662109375,1733956
2021-02-10,1177.3985782003256,1209.350965734226,1177.3985782003256,1192.3096923828125,3276987
2021-02-11,1184.1762345672983,1205.284162061666,1182.82060338359,1196.23095703125,1221329
2021-02-12,1204.5095849070785,1214.9667174263,1182.2881041379894,1202.6697998046875,3434991
2021-02-15,1217.1455858190877,1218.64634483699,1178.1249020318785,1188.9693603515625,1921858
2021-02-16,1195.2146152435967,1217.0971939425974,1186.693977732328,1204.267822265625,1567856
2021-02-17,1189.11434800226,1209.3507979671595,1189.0175172050501,1199.1357421875,1052775
2021-02-18,1199.1358707824327,1208.0438304202405,1174.4937355670702,1190.615234375,1542595
2021-02-19,1192.6484841134977,1200.3460581493698,1171.58897150102,1179.3349609375,1319734
2021-02-22,1182.7240560435016,1195.7955037165304,1176.4302905725963,1191.4383544921875,1133104
2021-02-23,1199.6684487662512,1210.2224135430963,1182.8207187814064,1192.406494140625,1440367
2021-02-24,1199.6683609747133,1217.0969558686297,1192.1643298775225,1210.5128173828125,443684
2021-02-25,1218.0650327369774,1248.0810356888082,1214.192038377124,1230.119873046875,1949746
2021-02-26,1215.1606049523416,1229.6843962258429,1153.0469611243745,1162.68115234375,2809674
2021-03-01,1168.635730928507,1229.6842274352184,1164.0365052790744,1225.7628173828125,1607731
2021-03-02,1234.525664627172,1257.2795996900174,1220.9700632004683,1253.648681640625,1961842
2021-03-03,1257.7635911959255,1300.3668875076362,1249.049294071393,1276.25732421875,2252759
2021-03-04,1264.5413605508966,1316.827142037714,1259.2159041408584,1307.5318603515625,1958602
2021-03-05,1305.9829228931023,1328.1559923774232,1281.9701866303585,1296.8328857421875,2724965
2021-03-08,1297.4136614876568,1324.2827837324016,1289.2803491823993,1301.5771484375,1406248
2021-03-09,1338.1286517825467,1363.3033517602717,1317.843788014194,1322.9754638671875,5099085
2021-03-10,1334.255937218479,1345.2456408152964,1316.8273407593997,1341.0821533203125,1090258
2021-03-12,1350.7160730651817,1360.3502629008794,1331.3509812600216,1335.7081298828125,1210907
2021-03-15,1344.9068261988157,1347.7148012151315,1304.2401378640122,1340.162353515625,974779
2021-03-16,1336.289242316107,1353.3789306432832,1332.2225857017563,1340.549560546875,1181261
2021-03-17,1338.7099718575387,1350.6194499698838,1318.086076494279,1323.7020263671875,1009550
2021-03-18,1347.8114072653495,1355.4605658406401,1328.446315160785,1343.7447509765625,1797660
2021-03-19,1336.773456710197,1370.081476259678,1319.7321830177405,1366.450439453125,2441007
2021-03-22,1373.9543690949276,1382.6686669172414,1356.7678504637204,1369.0162353515625,1593946
2021-03-23,1369.0163373212938,1377.3433125423612,1349.6028273858294,1366.450439453125,1007993
2021-03-24,1364.2719241783086,1364.2719241783086,1335.8536220975761,1343.5997314453125,1496233
2021-03-25,1339.5811991666621,1355.9930697295702,1310.6303338764085,1329.17236328125,2174481
2021-03-26,1337.1606638195155,1366.6439823764672,1335.2241664013166,1360.979736328125,1772011
2021-03-30,1371.6304494988,1395.8852591768243,1351.4422960225104,1377.43994140625,2584538
2021-03-31,1372.0178528396805,1409.7797304417809,1365.2400525524622,1404.5028076171875,1247057
2021-04-01,1413.6528494908575,1420.430531139497,1391.3345357239136,1408.327392578125,1275251
2021-04-05,1408.811687506862,1425.9497922818246,1379.860816737098,1400.58154296875,1402086
2021-04-06,1401.0654393433695,1403.2440137793449,1380.7321570510676,1387.07421875,739833
2021-04-07,1382.4749811795741,1398.644776072222,1382.4749811795741,1391.770263671875,609297
2021-04-08,1400.8719018301927,1416.8481553309973,1388.0425310890969,1401.8402099609375,1573056
2021-04-09,1408.8115059086347,1422.7058952852665,1387.3646700009392,1394.28759765625,1129821
2021-04-12,1372.9375491208996,1379.7153490245748,1324.1375559457094,1332.9002685546875,1328953
2021-04-13,1329.220900176673,1362.0447629679477,1327.0907411400324,1348.005126953125,1428913
2021-04-15,1348.7795577054007,1355.5089421474715,1282.938293914847,1306.41845703125,2016916
2021-04-16,1300.367015063017,1336.1923963862762,1298.4303989207608,1310.2431640625,1443699
2021-04-19,1288.0699959303756,1296.4938008346767,1263.815185948063,1282.6478271484375,1241897
2021-04-20,1308.2097885312096,1329.7534556836943,1240.9160586395244,1250.8890380859375,3702862
2021-04-22,1231.5238458817257,1271.9485671526356,1229.9746718141992,1258.925537109375,1876238
2021-04-23,1257.7636695852996,1281.1470033494295,1221.9382895434221,1237.527099609375,2851038
2021-04-26,1244.2080195736166,1279.065208857655,1244.2080195736166,1270.6898193359375,1238450
2021-04-27,1278.0970716268719,1296.6875179591125,1266.477968503471,1288.9415283203125,1241249
2021-04-28,1294.9930592213302,1306.1764233968022,1279.2104693345277,1298.5755615234375,1288850
2021-04-29,1311.4050122907624,1326.025752142442,1290.0065906164346,1307.822509765625,1800136
2021-04-30,1299.3987480093988,1362.7226565691553,1290.6844497549848,1357.251953125,3274647
2021-05-03,1352.2654497132457,1379.812271078107,1330.6249514556314,1369.6456298828125,1793989
2021-05-04,1370.0814466686882,1402.9053114463381,1359.4305321757295,1371.001220703125,2079242
2021-05-05,1375.0192989204666,1408.763052395502,1360.3986789271987,1375.7939453125,2165853
2021-05-06,1374.9226394133905,1403.9703400859612,1373.0829726683148,1401.93701171875,1643323
2021-05-07,1403.9703310542789,1415.4926041711592,1387.8004163664689,1403.5830078125,1272527
2021-05-10,1413.6530083478474,1428.1767999866215,1384.847383443339,1398.693359375,2080852
2021-05-11,1379.7639566720115,1422.3188439301518,1379.7639566720115,1404.1156005859375,1527199
2021-05-12,1405.8583666218904,1410.4091772316242,1363.352015548902,1367.5155029296875,1354561
2021-05-14,1374.92258230851,1376.8106643807018,1311.8407528090015,1323.6051025390625,1245183
2021-05-17,1329.5113379842678,1355.9447225799363,1319.1994510408008,1349.6026611328125,755051
2021-05-18,1360.4955301355817,1382.523350587534,1342.0986273703659,1348.19873046875,1049467
2021-05-19,1346.8432766330645,1376.7624552668206,1336.579803758994,1345.5845947265625,912471
2021-05-20,1344.9066633279722,1344.9066633279722,1321.7654062793147,1331.5931396484375,886461
2021-05-21,1336.1922607082176,1342.9216451236364,1321.6684717724868,1328.301025390625,743088
2021-05-24,1329.0757507410763,1332.7067875138491,1307.7257434178382,1327.236083984375,1450921
2021-05-25,1336.1924063300303,1354.831387516317,1311.2114818914777,1331.2542724609375,3103636
2021-05-26,1341.033526966617,1386.4930930910893,1337.2089479078772,1364.658935546875,4319669
2021-05-27,1370.0329269341637,1390.65670134572,1348.779633637158,1372.1630859375,4469025
2021-05-28,1382.8623512856013,1433.0179799919952,1375.8908891799813,1418.9298095703125,2700533
2021-05-31,1418.7361188873633,1447.4449099155872,1408.8115547031723,1424.497314453125,2951302
2021-06-01,1428.7577848784326,1432.1950414912187,1391.3831074805694,1398.693359375,1122065
2021-06-02,1398.1607255694444,1408.2789511181743,1380.2963918059954,1396.4661865234375,1804692
2021-06-03,1399.322642499319,1417.525884930063,1390.4630983019308,1412.4425048828125,1010766
2021-06-04,1412.4908663075723,1459.160821622041,1406.2456354778683,1455.52978515625,2566329
2021-06-07,1470.3927103796252,1482.3506035052694,1448.1228105791924,1453.351318359375,2501045
2021-06-08,1461.0489327827129,1467.9235639723172,1442.8941060870477,1455.4329833984375,1031475
2021-06-09,1462.1623131316878,1479.3972465245836,1437.8590872054137,1444.685302734375,1734171
2021-06-10,1443.6687503360274,1468.8433357259664,1439.9894170658554,1445.12109375,879471
2021-06-11,1458.095777379766,1462.065603250131,1428.660872521034,1443.281494140625,899012
2021-06-14,1434.470275506825,1450.1560350541217,1410.9416955184802,1445.605224609375,685484
2021-06-15,1447.5416144149285,1466.9067057339184,1440.7638146535032,1447.78369140625,817869
2021-06-16,1448.0261167877782,1453.8840253915748,1417.429239035926,1422.56103515625,921327
2021-06-17,1418.4940508941077,1443.329847211546,1404.5028301423026,1411.909912109375,798597
2021-06-18,1417.5259292348233,1441.925988092962,1374.9710427821083,1433.744140625,1491403
2021-06-21,1414.911373259488,1453.2058161573318,1408.8113892578654,1449.13916015625,1150374
2021-06-22,1452.3830361395314,1472.522775484055,1445.653651223944,1448.8004150390625,1410254
2021-06-23,1452.3831146135558,1464.2441768117183,1436.8910157164964,1451.1727294921875,977659
2021-06-24,1450.4465125343816,1459.1608101192633,1440.279752908553,1451.31787109375,1150441
2021-06-25,1454.0290757810428,1466.9068610920624,1442.70046471336,1459.015625,1198951
2021-06-28,1466.9068138875032,1497.891009748398,1464.7282394701779,1472.3291015625,2457270
2021-06-29,1468.843355581546,1474.8949249976388,1451.4147597174674,1455.5782470703125,737277
2021-06-30,1455.5782940035524,1461.7752284945427,1443.6688164005354,1451.1727294921875,902718
2021-07-01,1455.5297331847216,1460.467866656147,1441.732174836016,1452.6734619140625,637573
2021-07-02,1457.2243599267754,1464.9219343323052,1439.7957641925304,1442.4583740234375,745289
2021-07-05,1449.9623587277774,1460.1289996898581,1438.8274097382607,1442.409912109375,787645
2021-07-06,1444.39475826892,1476.5893373832039,1444.3464615349758,1449.72021484375,1828294
2021-07-07,1447.5416581848042,1452.382960827238,1429.144755609634,1446.42822265625,1123558
2021-07-08,1449.284493716753,1451.1725756407077,1425.4654223707787,1428.6123046875,1079337
2021-07-09,1428.1766776671002,1460.1290640018526,1414.6210766771308,1452.5283203125,801755
2021-07-12,1459.1608607199662,1491.7910623934567,1459.1608607199662,1487.385498046875,1866434
2021-07-13,1491.1131421468801,1531.9250694109426,1489.1766448261787,1526.5997314453125,2184726
2021-07-14,1525.4862590032062,1529.84340787458,1513.5283666406503,1518.03076171875,705279
2021-07-15,1518.2245112521448,1529.601419446664,1503.8458479447838,1507.815673828125,911522
2021-07-16,1515.1259849747555,1529.165739899896,1498.9076555726244,1522.387939453125,853187
2021-07-19,1509.316650390625,1525.5832782313921,1495.8094634880633,1509.316650390625,562032
2021-07-20,1508.735590977361,1537.153891552153,1490.048312313666,1524.130859375,1735941
2021-07-22,1544.3674884613292,1548.7246378177024,1523.2594387210847,1531.8284912109375,986602
2021-07-23,1529.8433790053034,1538.509261182277,1496.0997429226466,1500.3116455078125,1414915
2021-07-26,1500.311732805006,1516.5299438720754,1492.1300041652532,1501.0379638671875,1014895
2021-07-27,1501.9576099182455,1514.5449019324187,1464.9702616108589,1470.4893798828125,772365
2021-07-28,1479.4942911182989,1488.4506669151572,1438.8276031385556,1484.8681640625,1298575
2021-07-29,1494.017842586786,1508.1543076351447,1474.6527520739241,1495.5670166015625,1223764
2021-07-30,1488.886333622732,1516.2880291755573,1473.345819101029,1502.10302734375,1130851
2021-08-02,1515.319670910602,1562.9578177500991,1509.1712706062183,1541.1236572265625,2029644
2021-08-03,1525.0021219106525,1549.1115666363523,1495.4702711607915,1541.8497314453125,1650483
2021-08-04,1539.5259455101943,1554.2918118839248,1488.256766105182,1505.49169921875,1252484
2021-08-05,1490.144999490721,1503.7006009048673,1476.5895167417827,1488.5958251953125,718574
2021-08-06,1495.5672032129075,1504.1846701597126,1471.9417922126283,1482.39892578125,688396
2021-08-09,1495.954723111018,1497.8912207920143,1458.7252911637536,1464.1474609375,611589
2021-08-10,1471.7482095668138,1471.7482095668138,1431.033108695317,1443.281494140625,933609
2021-08-11,1436.89111041101,1468.7466689266628,1433.0181150978076,1454.70703125,1273342
2021-08-12,1460.9409723068338,1475.7471184354415,1450.0798687500137,1453.63525390625,508925
2021-08-13,1454.6092890788252,1492.744856938842,1447.011328182615,1458.115966796875,2451296
2021-08-16,1460.064277418046,1485.4881111962834,1448.8622233594876,1452.2716064453125,932948
2021-08-17,1457.726441188163,1459.7233160942812,1422.269645274884,1442.6280517578125,1095272
2021-08-18,1443.7970342588246,1469.7078204246732,1441.6540378043585,1462.3046875,891871
2021-08-20,1451.3460740745682,1464.350173481999,1436.7834644517327,1446.1834716796875,777228
2021-08-23,1456.2651958798385,1460.4050668006378,1394.8975008980456,1403.3233642578125,1168369
2021-08-24,1406.5866558375933,1424.120283354042,1403.3233945749828,1422.3182373046875,916666
2021-08-25,1428.503862473668,1434.494487429348,1408.6324076003555,1410.19091796875,842972
2021-08-26,1408.6322459795367,1421.9285882158242,1392.9980787687193,1401.764892578125,940660
2021-08-27,1406.5868177111183,1429.9649506300216,1405.563966944127,1420.5162353515625,899807
2021-08-30,1427.0425811361413,1444.5762099564074,1424.120389252988,1433.0333251953125,767630
2021-08-31,1443.6022259571525,1465.4218482348238,1429.6239819372563,1461.5255126953125,1662849
2021-09-01,1470.8766673482412,1475.2600745955108,1441.848860664801,1447.49853515625,666666
2021-09-02,1451.3948014129899,1467.9544054354158,1446.5243226193156,1460.4051513671875,1022291
2021-09-03,1470.876576832432,1480.5688271099777,1453.8300206710371,1471.31494140625,1140167
2021-09-06,1472.8248686335555,1526.3999003785518,1472.8248686335555,1491.3326416015625,2520316
2021-09-07,1498.1513440835226,1517.5357276117163,1475.5036988232696,1514.1751708984375,1162828
2021-09-08,1521.529559247249,1566.9709737463022,1512.1783769374651,1535.8487548828125,4094362
2021-09-09,1538.9170516803922,1561.4672835390013,1529.3223335596035,1556.4993896484375,845937
2021-09-13,1568.2856094682043,1571.6948728084249,1538.6244931348529,1564.730224609375,971858
2021-09-14,1568.2856015955092,1577.929144253977,1552.7001420177555,1570.0389404296875,1087072
2021-09-15,1573.1563205623634,1580.6080415917356,1548.8040437110233,1565.168701171875,1003371
2021-09-16,1573.1561349306426,1576.0783266293527,1533.2184008318661,1537.5531005859375,855454
2021-09-17,1546.125068251004,1568.0908098187554,1521.8702088963112,1528.153076171875,1964523
2021-09-20,1524.4517461095224,1526.9356928789505,1488.9461224071024,1495.8134765625,777241
2021-09-21,1495.2288470355109,1524.4515999333169,1487.1439335505179,1516.804931640625,771658
2021-09-22,1511.1067468834317,1541.6444780907711,1506.869460890854,1533.851806640625,920391
2021-09-23,1537.7966968794017,1582.8970350874538,1532.6826821352297,1565.21728515625,1218521
2021-09-24,1573.1563868580745,1615.0422952571012,1573.1563868580745,1587.524169921875,2009800
2021-09-27,1592.7353944357826,1614.3114795327947,1580.169659349184,1606.0804443359375,912417
2021-09-28,1610.1717318554656,1640.9529980273728,1598.5800200163317,1606.0318603515625,1569131
2021-09-29,1599.456735040835,1635.0110657353996,1592.686795279909,1626.6337890625,821908
2021-09-30,1616.9903772299915,1650.4017116854593,1616.9903772299915,1626.195556640625,1081824
2021-10-01,1616.9416087694426,1643.9238332644452,1593.125112063513,1633.6959228515625,705296
2021-10-04,1609.1976456243021,1611.973835579171,1579.0008645310188,1598.6287841796875,1154208
2021-10-05,1598.628629541818,1610.6099980857234,1580.948879475776,1584.84521484375,543442
2021-10-06,1579.000765413184,1597.5085381100696,1550.7521539655731,1557.57080078125,1041144
2021-10-07,1567.2629761147782,1584.8453129156176,1548.8040294610832,1550.752197265625,3216011
2021-10-08,1554.6482502392369,1574.9093588554742,1550.4109651431384,1557.375732421875,696357
2021-10-11,1565.363443346232,1622.3477369889267,1565.3147361688548,1608.9539794921875,1703912
2021-10-12,1608.953948444573,1621.860753298816,1586.3551317612905,1595.2193603515625,771610
2021-10-13,1595.2192843145715,1668.860472646427,1580.7539698841626,1633.598388671875,1353155
2021-10-14,1636.4719264166304,1729.0105395222733,1636.4719264166304,1707.093505859375,2318372
2021-10-18,1716.347481669424,1751.8043972455691,1700.7621397180392,1708.506103515625,1339088
2021-10-19,1711.4769956502312,1724.578509311642,1667.2045616265627,1673.3900146484375,551969
2021-10-20,1665.792284270583,1679.2833368493539,1638.225454219176,1648.648193359375,837973
2021-10-21,1665.1103462140375,1708.5547601942208,1646.2616238866235,1700.5672607421875,1374606
2021-10-22,1703.2946476527136,1719.026230273392,1665.7922699416933,1669.3963623046875,719097
2021-10-25,1655.953970599416,1675.1435248965292,1625.9033121771022,1666.3280029296875,576094
2021-10-26,1672.5135066206508,1721.2180612030868,1660.0938917604644,1694.3331298828125,1340095
2021-10-27,1698.813845838634,1709.1879972127215,1678.0657818511354,1683.6180419921875,527976
2021-10-28,1690.9724738396842,1690.9724738396842,1648.6969114846468,1658.291748046875,652099
2021-10-29,1660.824327171969,1697.3526796289777,1632.0399381612342,1676.5072021484375,1156691
2021-11-01,1677.3837935710696,1749.3203520322652,1674.6563111310359,1742.6478271484375,1416529
2021-11-02,1745.5702253443062,1758.233375288402,1692.4822666782843,1698.862548828125,1121991
2021-11-03,1699.787981263384,1746.7391935596215,1690.2418519594937,1739.287353515625,1007472
2021-11-04,1750.4405559167335,1753.3628669561358,1739.2872100497361,1745.180419921875,95576
2021-11-08,1745.180530512015,1808.9834700230697,1733.3941100208447,1801.044677734375,1498465
2021-11-09,1803.0414442892045,1831.1926388144996,1800.6549121522169,1815.5584716796875,1049506
2021-11-10,1799.0478112535366,1830.7056855827132,1794.2747466705882,1825.884033203125,507309
2021-11-11,1829.1472773533849,1843.95342431773,1784.3390596424613,1796.56396484375,949302
2021-11-12,1809.7628050341643,1826.4197046252962,1794.76183009062,1810.298583984375,1157525
2021-11-15,1810.8828896214454,1840.9823722277165,1792.375237298118,1807.765869140625,653718
2021-11-16,1811.8083650799742,1826.4196824276025,1769.922461344416,1775.9130859375,518987
2021-11-17,1778.0073646324151,1778.0073646324151,1740.3588661122305,1746.203369140625,669416
2021-11-18,1736.9981304525159,1765.003203979639,1717.6624565065276,1728.5235595703125,477111
2021-11-22,1723.6044050927503,1751.70689348146,1704.6583881993658,1732.22509765625,748099
2021-11-23,1732.9070015825769,1757.7463480150825,1719.708073245003,1737.144287109375,1470853
2021-11-24,1743.6221131898042,1747.469741597399,1689.17047119031,1701.6875,698612
2021-11-25,1671.5393269158758,1727.0625235261925,1671.5393269158758,1720.974365234375,708577
2021-11-26,1711.7694119425528,1712.3050715360544,1635.4980278706475,1646.3104248046875,751240
2021-11-29,1636.4721957465458,1675.533205391232,1600.1385494303106,1640.31982421875,1454309
2021-11-30,1636.4720951988525,1665.3538993166035,1607.5415839039308,1619.3768310546875,1649983
2021-12-01,1623.809026553028,1650.4990090317176,1610.5126828031164,1636.08251953125,867171
2021-12-02,1633.1600186177695,1704.7070369829225,1630.0917054194429,1679.185791015625,984813
2021-12-03,1690.2905362848326,1696.9630613957415,1654.1031332237258,1659.7528076171875,921208
2021-12-06,1656.9281993056484,1674.0721723250886,1614.2142689226841,1617.720947265625,851251
2021-12-07,1623.8090069069503,1653.031642991162,1623.8090069069503,1641.8782958984375,824437
2021-12-08,1655.9539613995262,1696.865723719749,1650.1094580338774,1671.782958984375,1008502
2021-12-09,1684.9818559507137,1685.1766846638657,1657.902097386663,1678.114501953125,653385
2021-12-10,1670.5652314656738,1711.6719407010778,1670.5652314656738,1703.879150390625,973292
2021-12-13,1716.3475037280384,1723.8480511118278,1682.497924594372,1687.563232421875,716279
2021-12-14,1670.5652642449995,1699.6906052094519,1666.133149736938,1677.3839111328125,615369
2021-12-15,1670.5653155505854,1687.1249211810848,1654.0058293004302,1660.239990234375,573823
2021-12-16,1667.5456469302335,1694.7714077429155,1657.804688760323,1672.8056640625,886870
2021-12-17,1661.3601920232,1670.1757137950956,1613.2887139139684,1622.6400146484375,617780
2021-12-20,1612.899247229298,1612.899247229298,1559.5190424519728,1574.5687255859375,948588
2021-12-21,1576.2245432045816,1625.5622874015942,1576.2245432045816,1594.0504150390625,949077
2021-12-22,1605.2037104801018,1618.9384177469005,1586.9881818091133,1596.1446533203125,899027
2021-12-23,1604.3270939931415,1626.6336671891268,1593.7581144306675,1616.6005859375,1111226
2021-12-24,1617.1851258611307,1624.782967970865,1553.9179648090103,1569.1624755859375,1124342
2021-12-27,1559.0318117039594,1574.3737363572495,1550.946898074837,1561.0286865234375,1202016
2021-12-28,1575.1043757395053,1596.9239970470821,1570.2338968414863,1579.9261474609375,1432912
2021-12-29,1581.9230636087088,1596.4369669480689,1556.5966443061939,1563.0743408203125,755567
2021-12-30,1563.4151846492578,1578.318744397051,1546.4173357764532,1552.3592529296875,1165542
2021-12-31,1561.5644902784252,1601.4048117107602,1559.08054366341,1580.2183837890625,1663106
2022-01-03,1587.5240272263088,1623.6628430275255,1575.1044131834185,1618.548828125,628963
2022-01-04,1627.7054350266803,1652.5447845530525,1615.0422840447445,1648.161376953125,895183
2022-01-05,1641.342645271324,1707.6781226613411,1640.3685016857057,1701.784912109375,1771249
2022-01-06,1700.859489429673,1700.859489429673,1666.279184993401,1675.971435546875,1158707
2022-01-07,1677.3838339891472,1760.1814976498672,1677.3838339891472,1751.0738525390625,2905803
2022-01-10,1763.1038098939914,1797.1970427850529,1747.1286916427416,1791.206298828125,1468479
2022-01-11,1786.628118057099,1822.5233982070865,1773.8188465075004,1799.0478515625,1416519
2022-01-12,1809.8113894527448,1828.8061128851468,1797.1969476717982,1825.445556640625,701250
2022-01-13,1831.2902199650212,1834.2125312802375,1802.0674649538737,1808.739990234375,844542
2022-01-14,1811.7109986015491,1819.3575480241573,1784.8747760947633,1809.1783447265625,1239491
2022-01-17,1809.1783571195092,1879.0206306604855,1798.1711317207353,1868.987548828125,1256235
2022-01-18,1877.998010121551,1879.8000564454198,1794.9568026372365,1804.25927734375,945496
2022-01-19,1797.1970772881077,1815.6073159604243,1749.7587933892844,1759.694580078125,809295
2022-01-20,1769.9223996640956,1789.160659367108,1766.6105505245869,1783.5596923828125,716176
2022-01-21,1781.6117134833607,1781.6117134833607,1732.9071596890183,1745.667724609375,527053
2022-01-24,1745.375441366773,1745.375441366773,1640.368493610448,1646.8948974609375,1022826
2022-01-25,1625.367408856831,1681.4749714513173,1615.0907916717395,1676.7020263671875,837999
2022-01-27,1653.1290234184357,1655.9539203629818,1617.087741152904,1643.3394775390625,817874
2022-01-28,1655.9538052380371,1691.3620111080654,1647.2356985007598,1653.031494140625,1141606
2022-01-31,1661.7007872684032,1691.995096002969,1657.901866651326,1682.7412109375,513199
2022-02-01,1691.6056224041752,1730.9101652363227,1672.6107784945757,1725.4552001953125,1145245
2022-02-02,1733.881026735538,1743.6219843635256,1717.321542024358,1732.0302734375,691679
2022-02-03,1732.9556821452354,1739.7256213250691,1677.3837800127676,1687.8065185546875,482344
2022-02-04,1687.8065795887444,1719.2697444324785,1682.4491482893059,1690.3392333984375,571680
2022-02-07,1680.35503879023,1704.3176591212366,1655.954053821757,1667.984130859375,483211
2022-02-08,1676.7508148762115,1683.2285114263827,1641.7321445063762,1673.292724609375,423296
2022-02-09,1673.584937373179,1700.7621097131052,1668.6170440546327,1694.625244140625,455811
2022-02-10,1681.8646119907264,1725.40643908276,1681.8646119907264,1722.727783203125,624867
2022-02-11,1704.658410320113,1714.3992486689551,1657.9020281046685,1665.8408203125,987534
2022-02-14,1652.6421384737796,1652.6421384737796,1593.271309319015,1600.382080078125,828020
2022-02-15,1616.3083254192354,1671.344448632807,1576.127054910748,1667.7403564453125,1199604
2022-02-16,1670.3703322781935,1704.609686137131,1668.1786287490286,1676.7020263671875,1208851
2022-02-17,1692.9205526854987,1706.4117240257515,1655.953835922682,1666.912353515625,1071634
2022-02-18,1657.902097386663,1694.8201090631912,1654.0057618843023,1678.114501953125,1205180
2022-02-21,1659.8501255711965,1691.751653342675,1643.6315916077274,1648.599365234375,1035748
2022-02-22,1594.732287533295,1645.920784187499,1594.732287533295,1640.5145263671875,884474
2022-02-23,1646.3104172925862,1659.8502968331593,1620.0586802581468,1626.536376953125,675772
2022-02-24,1582.8970481476285,1610.1229273244999,1495.2289054118257,1504.336669921875,1260593
2022-02-25,1539.0630333495824,1557.3759773960694,1519.7273579364314,1527.2279052734375,1125821
2022-02-28,1512.2756428970322,1562.8308291697563,1498.5896419886597,1557.083740234375,1217106
2022-03-02,1531.2702060421664,1541.741651433939,1498.6381905304054,1508.3790283203125,1150949
2022-03-03,1517.6331250984977,1536.72526532971,1457.4343929707697,1464.642578125,1150368
2022-03-04,1446.5243466884062,1475.6496862036565,1409.508922125171,1439.316162109375,1633853
2022-03-07,1407.5608781815529,1437.465535147203,1373.1755187384808,1409.07080078125,927442
2022-03-08,1402.6903649623277,1427.7245420198135,1370.740245943219,1420.4188232421875,819693
2022-03-09,1427.724445205078,1469.6103484718806,1406.099652795676,1454.6580810546875,1697970
2022-03-10,1509.8404577851106,1534.192734786194,1491.4300986481028,1514.6134033203125,1492221
2022-03-11,1513.493232911304,1535.0693196603809,1501.0736184012865,1525.6693115234375,1206952
2022-03-14,1515.879743223493,1542.9107949302759,1505.8465418983706,1536.6278076171875,550221
2022-03-15,1532.244470577552,1557.2786484796916,1517.2434944608467,1523.72119140625,916893
2022-03-16,1538.6246666403174,1573.9841680458053,1535.361524450732,1562.489990234375,1406631
2022-03-17,1578.0267367687484,1613.8244832244634,1570.233946409852,1577.880615234375,2739045
2022-03-21,1565.3634375626154,1572.6204488240112,1516.1232271638326,1528.786376953125,1291439
2022-03-22,1528.786554641965,1549.7294494676264,1485.5856710534626,1541.4984130859375,1017766
2022-03-23,1553.1873031122057,1553.6743748664821,1523.7697210982305,1541.1085205078125,844629
2022-03-24,1536.140827286607,1562.343856476371,1528.4454513066105,1557.96044921875,1080721
2022-03-25,1560.0058596424453,1570.2337689912492,1533.41317595523,1549.8265380859375,662852
2022-03-28,1553.4795991037277,1575.0556847501123,1534.3873407281314,1569.211181640625,1283149
2022-03-29,1577.0526233046023,1596.1447630707166,1565.314790054284,1581.630859375,1743946
2022-03-30,1595.560330810413,1634.4752164311365,1590.2514872721138,1624.49072265625,1510711
2022-03-31,1626.7310996639735,1635.1083758025504,1607.5415467256175,1620.8865966796875,781390
2022-04-01,1618.159094862364,1637.2999403959172,1615.0420743934642,1626.682373046875,844681
2022-04-04,1623.8089031728475,1644.2647232489444,1616.0161131693028,1636.1798095703125,808254
2022-04-05,1644.2647992671314,1667.6430509782633,1626.2929249508934,1658.1943359375,1206116
2022-04-06,1655.9539851183497,1672.8057143278984,1649.573702689869,1655.71044921875,448766
2022-04-07,1645.7260077610617,1655.953918229394,1624.782995664534,1638.37158203125,867367
2022-04-08,1632.5758650202108,1739.530983344439,1632.5758650202108,1725.35791015625,2508015
2022-04-11,1738.4592481128964,1783.462290523787,1718.9774523984252,1772.9908447265625,3289420
2022-04-12,1755.311156179206,1767.974305927059,1704.6584378074576,1710.015869140625,1507804
2022-04-13,1711.4769618156217,1731.9327809024394,1693.3588482984455,1720.195068359375,839407
2022-04-18,1715.3732674452754,1721.5100130658077,1680.403427524426,1696.1837158203125,466583
2022-04-19,1708.5548736414828,1730.9589825925336,1656.0513988363875,1675.825439453125,747891
2022-04-20,1673.7797194867562,1713.4252118162904,1672.5620400894734,1691.6055908203125,678130
2022-04-21,1699.7878746919566,1724.0914416467049,1689.5599649221447,1718.5390625,711001
2022-04-22,1702.7102084413657,1708.5547113332498,1665.6947846987707,1672.3673095703125,900053
2022-04-25,1644.2647592579578,1661.6522663935891,1634.864871004412,1649.817138671875,453315
2022-04-26,1660.8243988305614,1685.176674646058,1651.0834407522277,1673.487548828125,753432
2022-04-27,1652.057639383367,1665.2078615992762,1633.5498661697131,1656.1488037109375,426076
2022-04-28,1672.5134283803495,1676.4098832937304,1646.2129844618123,1667.545654296875,814436
2022-04-29,1671.9291588930719,1693.5052464964956,1641.4401345955473,1648.4534912109375,1115565
2022-05-02,1632.5757206706653,1645.1901629735823,1614.2627775360008,1636.03369140625,438839
2022-05-04,1636.569482971341,1659.3631283332247,1573.4971515897078,1580.2183837890625,607695
2022-05-05,1589.6669733043025,1602.281415658532,1560.0059743221586,1565.2659912109375,524858
2022-05-06,1549.1937030433712,1562.8308778172861,1510.8631817471273,1525.0362548828125,527671
2022-05-09,1509.7915829567253,1532.8774707047269,1496.7874835240518,1511.544921875,965410
2022-05-10,1510.814296983638,1535.0204494790994,1494.6444701239473,1502.1448974609375,856641
2022-05-11,1502.047520434529,1523.1853602283857,1468.9771388970262,1495.56982421875,840087
2022-05-12,1487.4362756231897,1490.3584675412803,1425.337966348857,1447.3524169921875,693593
2022-05-13,1464.6423967294004,1478.6206394451815,1427.9679240162143,1436.880859375,489395
2022-05-16,1436.7834960531516,1458.1160453106695,1400.352557917182,1414.6229248046875,814351
2022-05-17,1418.2757672521063,1451.3948571893761,1410.53180356444,1443.0177001953125,772250
2022-05-18,1451.3949598380448,1470.2436837880846,1437.9037870219092,1448.8135986328125,776063
2022-05-19,1431.9131324784369,1432.83856889575,1409.0707783085331,1420.029296875,525816
2022-05-20,1433.861186765874,1482.5657364007102,1430.2083873263778,1449.78759765625,645075
2022-05-23,1447.4986035487946,1471.3151014668808,1414.3795117401064,1419.6396484375,959790
2022-05-24,1420.2240921396935,1428.9909075232717,1344.2450652754644,1366.4056396484375,1863231
2022-05-25,1363.7266517516907,1407.268478796782,1321.6459205830374,1339.91015625,3390982
2022-05-26,1355.93394764829,1364.554639928354,1305.5247682860934,1356.4697265625,1562780
2022-05-27,1373.467722497574,1386.0821656388994,1342.3455062874657,1360.5123291015625,1274718
2022-05-30,1373.4676504895585,1411.4570994595508,1366.7464182477288,1403.6644287109375,784377
2022-05-31,1410.726538386637,1417.5451846299534,1383.062296019983,1391.585693359375,2034013
2022-06-01,1388.0789511363266,1412.4312260033148,1376.0002877452018,1399.3297119140625,871147
2022-06-02,1411.4570551942604,1411.4570551942604,1378.9224528925615,1395.433349609375,888795
2022-06-03,1397.82001188603,1404.200294284672,1295.589133207999,1304.74560546875,4829454
2022-06-06,1299.4368174806752,1305.2813206169064,1276.0585661750767,1292.325927734375,2364329
2022-06-07,1280.9291672565503,1302.359133512656,1263.882608615573,1292.27734375,2011482
2022-06-08,1302.3590831668564,1319.8927129495655,1273.5746916895298,1294.3228759765625,2671127
2022-06-09,1292.618098221036,1292.618098221036,1268.2658241168851,1275.181884765625,1360831
2022-06-10,1256.5766553294789,1297.2937030097441,1252.7290274327568,1292.1309814453125,1149961
2022-06-13,1266.3176799503892,1281.3673615104576,1252.3394368704826,1259.0606689453125,1204017
2022-06-14,1265.3436259041732,1287.3093697940187,1252.7778900246672,1275.4254150390625,1069818
2022-06-15,1285.1662142595312,1306.2552263189891,1274.0615757415314,1297.1962890625,1062150
2022-06-16,1310.1518069158137,1312.976584454941,1244.936358162233,1251.7550048828125,954602
2022-06-17,1253.5569336908845,1272.8927263379662,1243.5238529500054,1256.6253662109375,1027138
2022-06-20,1256.6743130590287,1287.2607522257083,1251.706419223963,1281.9033203125,670772
2022-06-21,1296.5145732987098,1305.2813881467841,1282.438914609824,1299.5341796875,582021
2022-06-22,1293.6895301620934,1296.5144268929105,1276.7890957121797,1290.572509765625,506446
2022-06-23,1299.4367022882805,1307.0345437538144,1265.4408862443695,1281.9517822265625,829824
2022-06-24,1286.23784688093,1305.2812781669195,1277.2762040686214,1288.9652099609375,761751
2022-06-27,1305.281517348122,1320.1850801889864,1297.4887259449524,1314.340576171875,1127432
2022-06-28,1309.177758467204,1318.7725956266663,1292.3260288420895,1308.25244140625,661031
2022-06-29,1295.9299779488003,1324.665659682993,1284.630510081962,1288.9652099609375,1556138
2022-06-30,1296.9040576242746,1302.6998531094132,1276.155876209177,1286.5299072265625,1138089
2022-07-01,1285.7996463364727,1315.0222841757009,1271.4804511281518,1312.3436279296875,518559
2022-07-04,1305.2813599574517,1322.4253318447104,1297.0990314440492,1315.801513671875,787143
2022-07-05,1319.8925817816248,1342.1018598833275,1310.5412816587327,1314.7786865234375,704841
2022-07-06,1323.9351776562296,1339.5693468853444,1310.7362480641418,1334.1632080078125,709046
2022-07-07,1346.1932848925296,1355.8368299368562,1332.6046966501985,1339.228515625,546507
2022-07-08,1346.3877244816197,1370.5451679144742,1346.3877244816197,1355.3006591796875,1079820
2022-07-11,1352.0863680070802,1374.441648497569,1338.4003679003276,1369.5712890625,761236
2022-07-12,1355.2033895790155,1364.9443472176101,1340.640779677256,1344.2935791015625,318839
2022-07-13,1355.739328236211,1369.7661608567146,1352.3299449089009,1362.89892578125,470489
2022-07-14,1366.648945955931,1371.5194246575002,1344.829325528444,1355.7391357421875,380844
2022-07-15,1362.557752684434,1370.545251629035,1352.914209838364,1361.9732666015625,288785
2022-07-18,1372.4936835937576,1394.0210646566964,1369.6689057430249,1391.293701171875,606107
2022-07-19,1381.2602921171879,1408.4861707473165,1381.2602921171879,1404.833251953125,764754
2022-07-20,1426.8964239863278,1426.9938383386902,1400.7421029409736,1404.297607421875,810415
2022-07-21,1407.560817232279,1429.7700968368795,1404.7847468169587,1426.653076171875,780126
2022-07-22,1427.042611597696,1490.3584815357112,1419.3473549260368,1481.9326171875,1650074
2022-07-25,1481.9324222915395,1481.9324222915395,1443.504612404826,1459.6744384765625,1205285
2022-07-26,1459.674662185967,1478.1337281721976,1446.6218543631035,1475.60107421875,882250
2022-07-27,1474.5784377133245,1521.3347066705087,1473.7504156086131,1506.7720947265625,1287079
2022-07-28,1515.6849413375041,1526.4486311558132,1498.200018857675,1510.4248046875,966093
2022-07-29,1516.1231429808092,1546.563455714239,1514.8080492695017,1532.2442626953125,804695
2022-08-01,1535.5563401354934,1548.1707829422237,1519.6299286085778,1527.7635498046875,556560
2022-08-02,1519.6300309169487,1553.1874880778928,1511.788652260615,1548.657958984375,907650
2022-08-03,1550.8494883258627,1562.9768588055351,1526.9842853921828,1545.7354736328125,539764
2022-08-04,1558.3986806325604,1560.200846201893,1520.7501812328433,1538.429931640625,720561
2022-08-05,1546.125226412645,1574.0328878943862,1541.1086257616414,1556.888916015625,951109
2022-08-08,1556.1097126730908,1565.4121868664404,1543.9335149477631,1557.2298583984375,461663
2022-08-10,1553.7718432776435,1574.325078219893,1545.3945669536163,1569.1624755859375,567647
2022-08-11,1587.8836978792458,1587.932709301113,1561.418971583359,1568.3291015625,451982
2022-08-12,1576.2197777353142,1620.2296375694552,1558.478601803223,1590.4322509765625,1803740
2022-08-16,1599.1557706137442,1602.4394160946188,1512.0672699317465,1559.997802734375,1431538
2022-08-17,1568.28025579631,1606.4581153209751,1564.408593311909,1584.502197265625,1052538
2022-08-18,1576.1217366515896,1589.4521241604994,1554.5579098360142,1581.7576904296875,1010974
2022-08-19,1587.8347832796528,1589.8441315726996,1562.497198015654,1574.0142822265625,815549
2022-08-22,1567.2999671269067,1567.2999671269067,1522.9470332738222,1533.091796875,962565
2022-08-23,1527.1129183643914,1575.6315876944711,1516.2819937675674,1563.8204345703125,1878454
2022-08-24,1563.3793732773238,1585.090232806063,1543.8247761482482,1580.287353515625,907999
2022-08-25,1584.9432598956505,1614.7405250178715,1584.012042805437,1592.6375732421875,872154
2022-08-26,1597.6365027729375,1653.9966394461608,1597.6365027729375,1642.0384521484375,1352886
2022-08-29,1601.6061206949762,1648.6545649671082,1582.1006551275123,1631.0604248046875,1007459
2022-08-30,1637.0885212874662,1658.4564216372653,1637.0885212874662,1645.3709716796875,830049
2022-09-01,1627.5808170069047,1672.6197918775804,1627.4827941613826,1651.5950927734375,1368943
2022-09-02,1651.98717089977,1663.8473353450286,1636.9415040210372,1654.4376220703125,601416
2022-09-05,1659.387609400079,1680.2653966381383,1646.6943702773178,1676.834716796875,790436
2022-09-06,1670.2183559655195,1696.4380256879908,1670.2183559655195,1688.8907470703125,833826
2022-09-07,1676.0996003128453,1720.2074813703925,1676.0996003128453,1715.45361328125,800842
2022-09-08,1722.4619141092614,1737.3605470270088,1715.355617576182,1734.7630615234375,608734
2022-09-09,1737.360529043556,1762.1589894491608,1707.7101776698478,1713.59130859375,695716
2022-09-12,1712.3660480129104,1736.8704402186283,1712.3660480129104,1733.390869140625,420084
2022-09-13,1735.890109896625,1772.793790386051,1735.890109896625,1754.17041015625,812176
2022-09-14,1729.0290834364323,1763.1881259906975,1729.0290834364323,1747.456298828125,710550
2022-09-15,1750.5929105072235,1780.2431420440723,1741.6733113074872,1772.4508056640625,1078073
2022-09-16,1764.2171770924622,1770.1962101598522,1691.6841170326961,1710.013427734375,1031783
2022-09-19,1705.504898799979,1727.9999438070834,1692.370556376066,1714.6695556640625,517380
2022-09-20,1725.1081797744912,1732.9006357831804,1696.8791612947566,1707.1219482421875,1023132
2022-09-21,1704.5246879294457,1714.6204412267261,1676.0996220051502,1685.7542724609375,1131988
2022-09-22,1685.7542713731195,1701.5841213475042,1663.1612048783416,1698.3494873046875,477972
2022-09-23,1698.6436045133207,1700.1139473594587,1656.4960586523052,1663.7493896484375,638948
2022-09-26,1643.802666844791,1659.4364701078114,1619.7393792176179,1632.4326171875,784059
2022-09-27,1631.9916162419968,1663.3081137152844,1611.3588882492913,1649.1446533203125,571532
2022-09-28,1631.9916183011344,1654.2904944554577,1621.503654247664,1636.059326171875,550298
2022-09-29,1644.2438791146676,1656.349100932595,1618.5633329234365,1622.97412109375,543934
2022-09-30,1649.6348643614383,1663.3572227537757,1621.160667379077,1641.6463623046875,815263
2022-10-03,1637.8727851825563,1648.1155729727357,1595.7742510552648,1604.0076904296875,474878
2022-10-04,1634.7361293190418,1655.123801613431,1618.6613424316224,1650.5169677734375,515663
2022-10-06,1658.7992987624393,1671.1985881457322,1641.7932959973086,1649.732666015625,616095
2022-10-07,1641.793348698664,1669.140282085874,1622.1898600124578,1664.2393798828125,691354
2022-10-10,1648.6546413315812,1654.486640664593,1624.3462953506075,1640.7642822265625,771385
2022-10-11,1647.870539780401,1648.6547226373793,1604.7428851675984,1611.898193359375,409456
2022-10-12,1619.2493581003841,1643.7537499496248,1598.9598288016452,1638.5098876953125,412162
2022-10-13,1637.088638399165,1651.3502434610648,1607.48741709104,1646.4493408203125,751063
2022-10-14,1665.3175833449222,1681.2454561328661,1654.3396243993382,1661.93603515625,568187
2022-10-17,1656.4960281876506,1675.1194095544997,1642.038498015529,1657.623291015625,711250
2022-10-18,1665.9547666038686,1666.9840065855465,1646.9884252188106,1654.78076171875,471745
2022-10-19,1657.4762894647176,1678.6970366455996,1644.2439245878231,1650.9581298828125,1082577
2022-10-20,1650.0759021595168,1661.1518841707634,1635.0792461909905,1655.4669189453125,430634
2022-10-21,1656.4469614406755,1680.9513528874072,1636.108421049546,1643.802734375,471477
2022-10-24,1661.3967701023032,1674.1390192134008,1656.4958680977163,1665.366455078125,56288
2022-10-25,1662.8671002127105,1694.7227227497158,1659.3383979406194,1680.7061767578125,708672
2022-10-27,1695.5070438743196,1705.994888450039,1686.7344790894151,1690.2630615234375,568780
2022-10-28,1695.6050764349657,1703.5444470199955,1638.7548248732305,1650.81103515625,443761
2022-10-31,1659.093428716916,1695.7030410202408,1655.0257207112222,1687.5675048828125,594266
2022-11-01,1693.9385660604307,1734.90995337828,1693.9385660604307,1726.3824462890625,862642
2022-11-02,1726.3826343400394,1747.6033815287112,1717.2669891824705,1725.1573486328125,682110
2022-11-03,1715.4046234140624,1736.8214156714225,1701.1430189673963,1711.0428466796875,370943
2022-11-04,1716.28679748657,1736.8705166757204,1708.4944607254085,1730.1072998046875,445790
2022-11-07,1735.8901184714057,1759.5124238455198,1727.4116225279083,1740.0069580078125,772139
2022-11-09,1758.385180085299,1758.385180085299,1698.9865762882484,1710.895751953125,616980
2022-11-10,1705.5047469609065,1705.6027698117334,1662.132037990759,1670.757568359375,613431
2022-11-11,1679.138144857278,1704.4267205392928,1661.9360944876425,1674.580322265625,1083107
2022-11-14,1677.0796553051732,1722.069740601607,1673.40403870944,1713.836181640625,1571362
2022-11-15,1713.8363772495543,1721.6288342781918,1677.1778695793541,1699.1337890625,1013411
2022-11-16,1701.5840250570734,1715.2574916044987,1671.1986239245991,1693.2525634765625,903821
2022-11-17,1689.724002030387,1689.724002030387,1663.3572952165596,1676.7366943359375,638353
2022-11-18,1680.0203489805297,1689.2830284403603,1647.9685565839814,1674.972412109375,753543
2022-11-21,1665.7586884410634,1674.1391619101234,1642.7736506845786,1649.0467529296875,417544
2022-11-22,1654.3396649745348,1682.8138630601234,1648.6546997186224,1666.0037841796875,792650
2022-11-23,1671.100658092779,1679.6771770860491,1660.0246765148686,1668.7972412109375,515987
2022-11-24,1676.0015831954656,1699.3297007591748,1664.3374643505886,1689.282958984375,861243
2022-11-25,1695.7030381253032,1704.5246140687248,1672.1297441007762,1700.7508544921875,584168
2022-11-28,1689.0869427418,1709.3764723507757,1679.5792063651365,1682.9117431640625,410415
2022-11-29,1685.9013094918882,1697.6634513206654,1680.6573270643394,1685.068115234375,494662
2022-11-30,1690.998186622088,1733.537821000759,1690.998186622088,1724.8631591796875,1137756
2022-12-01,1734.9099546217271,1771.5684568722547,1725.1081505287748,1764.2662353515625,898588
2022-12-02,1761.178784726525,1788.5257195520096,1750.5929170968702,1783.5758056640625,1357654
2022-12-05,1791.5640807398354,1800.581702288622,1776.8614943618763,1780.14501953125,837283
2022-12-06,1778.0377238498454,1793.720539377163,1764.3153653737315,1789.848876953125,631065
2022-12-07,1800.5819275054632,1803.0323788959656,1764.3155112033494,1772.3529052734375,657577
2022-12-08,1772.352701769465,1789.1136480097625,1770.2453306332518,1776.5184326171875,334379
2022-12-09,1783.3797944704877,1799.160633429152,1752.8473565427896,1764.2174072265625,523232
2022-12-12,1767.2558015465042,1783.134662696712,1740.840084430866,1779.31201171875,457733
2022-12-13,1780.9781791516223,1788.8195263672912,1766.9616328586708,1774.901123046875,452455
2022-12-14,1779.0178510243334,1797.5922195179455,1775.3422345148165,1785.7320556640625,535865
2022-12-15,1786.6632577039745,1789.113708896506,1742.7514221959855,1751.4749755859375,319014
2022-12-16,1743.731614067592,1754.611549863134,1717.266885895835,1721.5306396484375,711870
2022-12-19,1717.2669021946303,1734.8120316249758,1709.4254344437359,1730.7933349609375,313190
2022-12-20,1727.0685582352885,1728.9800038102064,1695.3599681522737,1724.0791015625,443027
2022-12-21,1725.647409722405,1737.2625172386297,1693.5957385000931,1698.5455322265625,411544
2022-12-22,1711.3858076602144,1720.9424345942064,1691.8312107295,1710.258544921875,421636
2022-12-23,1690.8020767864311,1711.2877704640478,1671.1495772997312,1675.21728515625,358698
2022-12-26,1677.6679449112175,1706.485103579211,1670.2185680672414,1694.77197265625,385645
2022-12-27,1703.250357622789,1714.1302935372598,1693.7917530587506,1704.9166259765625,236578
2022-12-28,1696.6830662865325,1733.0476196847596,1696.6830662865325,1717.805908203125,362774
2022-12-29,1711.2878702316593,1725.1082514397417,1686.8815015436244,1718.0020751953125,384501
2022-12-30,1720.5503847526024,1736.3312225881436,1684.08792700069,1689.3319091796875,296853
2023-01-02,1691.1943069121414,1713.346270662851,1685.90131304652,1696.977294921875,312125
2023-01-03,1690.311985301105,1707.7590911138288,1678.4518214068883,1683.0096435546875,548701
2023-01-04,1688.253568142439,1693.7426071527534,1652.0850607336422,1656.7899169921875,435968
2023-01-05,1665.1215839716197,1673.992171302992,1643.3125812009412,1664.6314697265625,487184
2023-01-06,1665.2194484556444,1665.954619806348,1631.9916254204386,1647.2823486328125,587219
2023-01-09,1666.1997102797582,1666.1997102797582,1629.5412070000873,1640.421142578125,656429
2023-01-10,1640.7643311193879,1651.301187424128,1600.8221798905358,1618.269287109375,594512
2023-01-11,1618.7592937035436,1625.9634925779894,1595.8231483708305,1602.6353759765625,646333
2023-01-12,1607.0953238591273,1631.9918083403732,1599.743969906235,1609.83984375,908677
2023-01-13,1615.7696828746498,1638.3137363372475,1608.614375449384,1622.287841796875,637882
2023-01-16,1626.6006382929043,1635.3241913069974,1607.4872639659231,1615.8187255859375,360571
2023-01-17,1609.4476632191827,1632.9718263896573,1609.4476632191827,1627.77685546875,514997
2023-01-18,1634.9320882441361,1653.3594226260004,1630.9624031595006,1643.2635498046875,716978
2023-01-19,1640.8132173164092,1659.4364772503404,1635.56923521505,1643.6556396484375,624177
2023-01-20,1643.6556819529844,1653.996612150267,1619.4943707526447,1622.532958984375,317042
2023-01-23,1630.0312815550217,1634.7361382738102,1583.3260346066875,1598.9598388671875,675068
2023-01-24,1601.6061030561748,1605.4778853735336,1561.6149438841987,1571.416748046875,450813
2023-01-25,1571.4168539348423,1579.013264685395,1550.8821473084733,1562.1541748046875,503547
2023-01-27,1562.350171602584,1570.7306447909311,1518.781417207365,1547.157470703125,915505
2023-01-30,1548.5297566271965,1574.5044919900386,1534.9544320009002,1566.9080810546875,467299
2023-01-31,1570.6816389836636,1588.8639167533609,1551.715298535565,1558.674560546875,1534280
2023-02-01,1561.4190915684776,1590.8242651839298,1535.003254538535,1556.3221435546875,741968
2023-02-02,1543.7760680511024,1571.6620099227707,1531.7198569703864,1567.05517578125,721339
2023-02-03,1568.2801357391363,1586.952527005181,1544.608939675395,1584.3060302734375,754417
2023-02-06,1585.7274138812706,1589.0109390981393,1565.437765103018,1586.0213623046875,499057
2023-02-07,1587.4917140143868,1600.2829752317912,1575.4845154739235,1584.257080078125,595073
2023-02-08,1584.8941937046663,1608.4673673137695,1583.7179195260949,1604.1055908203125,513921
2023-02-09,1604.1058015176793,1629.0512982783437,1595.3822473849368,1610.8690185546875,1022882
2023-02-10,1607.4872045518232,1609.7906212808598,1590.3340475771515,1602.88037109375,333259
2023-02-13,1602.5863646214898,1610.6237577101356,1585.5313499572705,1590.13818359375,242604
2023-02-14,1590.8241827344614,1595.4800276762467,1547.1083958560155,1572.886962890625,1051049
2023-02-15,1572.8870447672537,1607.487309381655,1566.4669083859476,1593.911865234375,644537
2023-02-16,1599.8419920422518,1610.1337914708174,1584.8943471248933,1597.342529296875,312420
2023-02-17,1592.8825450440977,1635.7162465045856,1589.7950656361293,1610.378662109375,877096
2023-02-20,1611.4078928180131,1617.5829717248155,1589.9911022727706,1599.645751953125,447737
2023-02-21,1602.5863738743078,1626.012513460691,1592.9806151511173,1600.7730712890625,539466
2023-02-22,1601.8512393809488,1601.8512393809488,1539.4630579206885,1542.9427490234375,1056328
2023-02-23,1550.6371544809717,1557.0083999558708,1537.0618296219482,1549.0198974609375,485537
2023-02-24,1549.2649177463777,1562.8893738359873,1539.9532270249563,1543.971923828125,390716
2023-02-27,1549.656904549088,1553.5285668083714,1523.2411884207481,1540.4432373046875,397502
2023-02-28,1546.7164895158498,1553.038603473128,1527.2110219254898,1547.255615234375,742087
2023-03-01,1536.914731985353,1566.3199062101232,1536.914731985353,1562.05615234375,288099
2023-03-02,1562.3992703401248,1570.2407384165965,1556.5182593773075,1566.81005859375,286119
2023-03-03,1570.2406880266064,1579.9933612238246,1559.0176720413317,1564.6046142578125,611252
2023-03-06,1568.2312085889466,1579.0622532144175,1564.35954619288,1566.8590087890625,330663
2023-03-08,1567.3001606805356,1577.1018455423196,1563.1344295985214,1569.3585205078125,435573
2023-03-09,1569.3584588874553,1576.8568466162878,1554.0677350026194,1569.5054931640625,302901
2023-03-10,1553.5775847205628,1574.8963530737883,1551.7642821438346,1564.261474609375,458587
2023-03-13,1570.240730096499,1586.0704601969935,1518.3894026141986,1531.0826416015625,804792
2023-03-14,1538.7280078773538,1538.7280078773538,1510.7439252601296,1530.24951171875,507817
2023-03-15,1531.0336239536068,1548.137771227781,1515.791910919969,1519.859619140625,551661
2023-03-16,1527.3578996994838,1535.640349840257,1496.776452928906,1529.5142822265625,583369
2023-03-17,1538.8749883727428,1560.7818936776775,1525.1525103855965,1553.8226318359375,698627
2023-03-20,1520.2516335143898,1567.300078770249,1520.2516335143898,1561.2230224609375,530519
2023-03-21,1568.2801236155042,1577.1016992357627,1556.2730457579505,1574.3572998046875,570821
2023-03-22,1578.0821398321325,1583.9631509941973,1566.6140659589614,1580.9246826171875,296273
2023-03-23,1577.98396699807,1587.883794312333,1568.2801853831818,1574.1123046875,313930
2023-03-24,1573.1812044401754,1576.562872879473,1555.8321197654884,1562.693359375,374535
2023-03-27,1553.7736479095236,1615.2796226937176,1553.7736479095236,1598.61669921875,630210
2023-03-28,1590.8242749924573,1609.1535872840266,1569.8485859524524,1579.16015625,582767
2023-03-29,1587.0996707288248,1605.3799718692262,1579.1601799860496,1599.351806640625,577758
2023-03-31,1603.2725967170818,1618.9062807788448,1596.313334524817,1600.33203125,783128
2023-04-03,1597.4894500735486,1609.055545830423,1588.030725481499,1595.6761474609375,766128
2023-04-05,1597.6854690967293,1631.5505615705968,1582.247711245569,1626.3555908203125,1443735
2023-04-06,1631.1585462035055,1640.8133167858296,1617.5831017264682,1635.96142578125,641403
2023-04-10,1641.7443386756775,1680.118241989516,1636.9414593176182,1676.344482421875,828993
2023-04-11,1675.9035574177535,1687.420521837387,1661.9850331103787,1677.177734375,437571
2023-04-12,1681.490408003702,1706.7789811998268,1677.5697343670117,1683.4017333984375,661394
2023-04-13,1682.9607716385397,1684.9702401749505,1657.7703393044076,1667.3760986328125,258855
2023-04-17,1655.5648968621606,1694.2327499336716,1655.5648968621606,1689.4788818359375,723262
2023-04-18,1695.6541733608208,1701.241115882727,1664.8766777462608,1671.1497802734375,332721
2023-04-19,1675.6584776983655,1678.0599174276904,1647.625383756382,1656.593994140625,313266
2023-04-20,1664.6314604595834,1664.6314604595834,1646.694240198672,1653.99658203125,199463
2023-04-21,1652.3303155354517,1658.456503764542,1623.8072261656753,1629.002197265625,326151
2023-04-24,1629.0511395656874,1659.681598907159,1622.876060296832,1655.8099365234375,374750
2023-04-25,1652.771420772974,1669.6794023970801,1650.8110837822114,1653.4085693359375,361117
2023-04-26,1653.4086307199998,1671.1988187071454,1639.931208297856,1665.4647216796875,683412
2023-04-27,1661.3969415874035,1671.8357750413768,1648.80172544396,1667.6700439453125,531392
2023-04-28,1671.1986573301053,1690.7531347735812,1661.396852832843,1686.1953125,601644
2023-05-02,1686.1952814864742,1709.2294495557574,1681.5394364485119,1705.0635986328125,396437
2023-05-03,1690.8021936631055,1704.1815923093952,1688.8908681602134,1701.486083984375,348145
2023-05-04,1695.0168828260287,1728.0487812797032,1685.9992611590512,1724.961181640625,591510
2023-05-05,1717.021908663798,1732.165598916593,1711.3859548654373,1717.757080078125,336879
2023-05-08,1718.9821823069012,1749.612641677267,1717.46294823265,1743.094482421875,758983
2023-05-09,1745.691971071933,1752.7982674501752,1722.7068135824456,1729.9111328125,735967
2023-05-10,1729.911209559545,1744.0747915184866,1716.58082187797,1739.222900390625,285798
2023-05-11,1739.2228403350653,1748.6325536973875,1730.0091726782948,1738.977783203125,272209
2023-05-12,1737.8506152202845,1737.8506152202845,1716.3846919092605,1719.0802001953125,305342
2023-05-15,1719.2272096424629,1726.8236201341633,1695.8990927448115,1698.986572265625,448927
2023-05-16,1701.241007785994,1710.4546753385573,1688.6948035288256,1692.9095458984375,209886
2023-05-17,1695.0168056572563,1704.2794840267488,1669.8752672437813,1690.655029296875,377699
2023-05-18,1695.016957915318,1698.6435632622886,1663.1122006936137,1671.884765625,232671
2023-05-19,1676.099458100188,1689.7728039670444,1651.595068466679,1682.0784912109375,242657
2023-05-22,1679.1380980279205,1692.6645311403593,1671.1007044941728,1684.2840576171875,263864
2023-05-23,1682.9607244507652,1686.3423927423962,1654.5356588103346,1664.2884521484375,948278
2023-05-24,1661.3967651234746,1675.6093568689776,1647.6742876021685,1666.6407470703125,442899
2023-05-25,1661.3478695506333,1678.0109134530385,1657.4762071615671,1667.6209716796875,691665
2023-05-26,1668.1600989986325,1683.7939029737734,1633.952045747314,1654.8297119140625,1946520
2023-05-29,1654.8298351347714,1681.343577000502,1642.8717670845804,1679.334228515625,670545
2023-05-30,1680.0203926375743,1698.1046491717432,1679.0401640444798,1690.9493408203125,455969
2023-05-31,1689.3319943523336,1699.1336791342153,1662.5241852627587,1684.2840576171875,1217298
2023-06-01,1681.0003658472374,1685.901268166265,1666.2977790161974,1668.69921875,380199
2023-06-02,1674.1882205946706,1684.9212428504122,1666.2978611703281,1676.638671875,581154
2023-06-05,1684.9211902387515,1709.9155762907735,1678.059950893281,1700.1138916015625,770437
2023-06-06,1705.406615231837,1739.810831785048,1703.0051756659302,1731.38134765625,1032105
2023-06-07,1733.7338247006235,1737.2625273230979,1714.865506415869,1733.9788818359375,757211
2023-06-08,1736.8703415597151,1740.9380495328753,1675.0702989198232,1678.0108642578125,746173
2023-06-09,1688.8417697140517,1703.3483102936368,1676.393468684409,1681.7354736328125,488829
2023-06-12,1690.213956403534,1700.7998232448388,1677.1286270908313,1697.0751953125,248563
2023-06-13,1700.6038074181101,1712.3659486294891,1694.575762602421,1703.495361328125,356101
2023-06-14,1710.405659461761,1749.4165920550925,1702.5643118529472,1744.07470703125,814345
2023-06-15,1753.533406049266,1764.2174169247323,1725.5984535300724,1737.360595703125,966649
2023-06-16,1743.143360632476,1754.2683528122827,1735.9390419662318,1745.44677734375,969546
2023-06-19,1753.7782700798425,1758.9732406605085,1719.325161762319,1726.3824462890625,541464
2023-06-20,1731.9694722933439,1737.6055459544514,1710.1605892809807,1734.02783203125,463433
2023-06-21,1734.9099958011445,1744.7116800007109,1722.1677462786886,1742.6533203125,332971
2023-06-22,1750.6909683854376,1754.5136195115017,1712.0229938953255,1715.6007080078125,412543
2023-06-23,1715.257422041349,1715.257422041349,1677.2756121031082,1682.0784912109375,343509
2023-06-26,1681.9805392733172,1696.732137046925,1662.3770507653019,1692.56640625,387107
2023-06-27,1691.831265373428,1702.0741726919753,1679.4320956074457,1698.79052734375,338798
2023-06-28,1701.5350615059501,1719.9133850250093,1699.6237360411433,1708.5433349609375,1030697
2023-06-30,1710.4057513641776,1723.0989905478407,1696.4382150436843,1700.260986328125,453149
2023-07-03,1715.3065533821375,1762.3548790567586,1701.6820978587875,1758.14013671875,1087245
2023-07-04,1764.3152673785546,1769.2160493562264,1723.8339937884473,1734.4688720703125,671213
2023-07-05,1734.9099958011445,1748.9265423514698,1728.685905312363,1742.6533203125,400602
2023-07-06,1742.6535525811223,1748.4366611494024,1730.009324221685,1732.9989013671875,360764
2023-07-07,1732.9987140614414,1735.5961994807528,1702.5643006625517,1708.7393798828125,554892
2023-07-10,1720.0605425939793,1724.3733080867933,1698.888686435214,1708.4454345703125,453912
2023-07-11,1709.2294996261005,1738.781707462989,1709.2294996261005,1732.6556396484375,578931
2023-07-12,1732.6066398697417,1749.0246266541885,1722.2168182153287,1742.6043701171875,791286
2023-07-13,1743.7316582447945,1748.534537797831,1718.7371520739994,1724.9122314453125,335559
2023-07-14,1727.6077716703671,1733.880874010638,1709.0825332144802,1718.443115234375,409283
2023-07-17,1718.4431084182413,1759.414499366513,1713.9342973593607,1757.503173828125,923312
2023-07-18,1754.5625723558564,1763.3351371573533,1732.8027003441252,1739.8599853515625,747998
2023-07-19,1736.9683273889923,1753.0922447908274,1735.5961276610642,1748.8284912109375,435757
2023-07-20,1749.6125695670398,1786.9572323569025,1741.8202336876373,1783.379638671875,856488
2023-07-21,1783.9187744118492,1788.7706651429824,1754.5134816066522,1768.8240966796875,782735
2023-07-24,1760.39463338545,1806.2669274780087,1754.562633830893,1777.106689453125,782832
2023-07-25,1778.0375892036934,1806.2667270907732,1776.126263849554,1792.789306640625,472389
2023-07-26,1796.6611030964743,1812.3439186086787,1792.8384521024002,1802.64013671875,463896
2023-07-27,1805.6296716227362,1812.0988193569713,1779.017909309392,1786.3692626953125,540277
2023-07-28,1782.44834011413,1798.52324550188,1774.1168789539427,1787.643310546875,493242
2023-07-31,1793.7204294629935,1817.9307511753284,1784.7028080842092,1812.784912109375,599614
2023-08-01,1815.2843714140065,1818.224936874056,1788.4766827926962,1801.2679443359375,512567
2023-08-02,1796.3671215150878,1803.424406856184,1770.2454715807557,1784.8990478515625,650377
2023-08-03,1772.1568123943705,1798.2294511240782,1758.6303787392471,1794.259765625,664460
2023-08-04,1794.2596674225451,1809.3543458543247,1784.0658913731218,1789.2607421875,325948
2023-08-07,1790.6821126541367,1827.9777667739231,1789.8489183880865,1818.8131103515625,970459
2023-08-08,1820.8714627289278,1831.3593075225392,1795.484864818471,1807.8841552734375,481950
2023-08-09,1808.3742628819507,1813.2750452071743,1791.2211043025045,1809.060302734375,529863
2023-08-10,1798.7195052145194,1818.2249721799612,1787.8885803923167,1794.0146484375,703299
2023-08-11,1802.3919290106346,1813.430196516067,1782.385061607915,1801.159912109375,749144
2023-08-14,1798.597506869114,1808.5023185409113,1767.8972167890881,1785.5880126953125,530231
2023-08-16,1785.8344317044848,1793.7189773572156,1759.7664040259403,1790.6636962890625,399331
2023-08-17,1783.86333944824,1786.2779717594256,1767.7986847526265,1774.845458984375,497072
2023-08-18,1769.0799941429357,1774.845470851478,1759.8649909156481,1765.0885009765625,441358
2023-08-21,1765.0885093815107,1786.8200796449967,1764.1521765372008,1782.2864990234375,267446
2023-08-22,1783.863334177248,1798.6466912674234,1772.0858567088326,1779.7239990234375,366115
2023-08-23,1783.8633748231703,1788.791200894167,1767.1089111249464,1771.6917724609375,418171
2023-08-24,1778.9354677433282,1787.2635393227401,1745.4264210868382,1752.3746337890625,924665
2023-08-25,1734.585333871463,1756.9082721535387,1732.6635083008564,1750.6007080078125,659271
2023-08-28,1752.276146270105,1764.1521853193021,1742.765579681466,1758.87939453125,773224
2023-08-29,1759.2243982624177,1780.8574077611083,1753.409640692561,1775.7818603515625,643399
2023-08-30,1778.9355052956817,1798.5482477477035,1773.8599581053554,1780.561767578125,475187
2023-08-31,1780.5617876702088,1792.7333898724548,1756.1199011281833,1765.0885009765625,1249751
2023-09-01,1764.152191794128,1798.6467327283333,1762.0825241695145,1785.3416748046875,421915
2023-09-04,1788.8405841101528,1823.975775842783,1788.7913034308986,1814.465087890625,947843
2023-09-05,1825.7003055754665,1844.9680830475806,1817.8651614614928,1827.0308837890625,884678
2023-09-06,1828.213559875171,1832.1557724002969,1790.7622993145321,1811.9517822265625,598389
2023-09-07,1805.5456650436556,1824.3699171566188,1799.1888201405886,1820.723388671875,409810
2023-09-08,1820.7234783760168,1829.4456753920433,1813.5288616189735,1823.0394287109375,365560
2023-09-11,1823.0392713873136,1842.109926176318,1819.1463396645127,1835.4573974609375,433848
2023-09-12,1838.0693111813953,1892.2750382924899,1809.4880876526406,1843.933349609375,1858204
2023-09-13,1851.8670496021455,1918.3923379412604,1828.8541820056928,1905.0872802734375,2896732
2023-09-14,1914.9427874028954,1925.7839319458428,1890.8458660340293,1903.7073974609375,1225975
2023-09-15,1913.9574506046465,1959.2438579997306,1904.8410081537654,1944.3619384765625,1672773
2023-09-18,1951.408580914942,1959.3915672101725,1924.7984655495468,1929.1842041015625,682473
2023-09-20,1929.184254798449,1931.6974485315761,1902.1306126421628,1916.6182861328125,582031
2023-09-21,1904.2002566121655,1911.9861203130124,1868.7201023003197,1883.897705078125,1002208
2023-09-22,1879.1669572135493,1901.095649757791,1862.0182485786756,1884.3411865234375,678725
2023-09-25,1884.3412100243213,1917.8502576969104,1874.4362773565986,1911.8382568359375,762935
2023-09-26,1916.8646645160763,1931.5988619847517,1908.2903100007525,1929.7261962890625,659819
2023-09-27,1938.4484740653286,1938.4484740653286,1895.2810156225253,1903.2147216796875,510599
2023-09-28,1902.1305582277207,1909.9657024780595,1869.2128788264654,1878.9698486328125,726738
2023-09-29,1882.1236904944624,1922.8273542440418,1882.074409819042,1914.3514404296875,804258
2023-10-03,1900.2579467374412,1911.0005296759352,1879.1176247904434,1893.7039794921875,596037
2023-10-04,1878.4771265898844,1882.4193389770649,1849.9450654923987,1868.4736328125,693152
2023-10-05,1869.7056100088332,1881.4338071162094,1853.838198422702,1862.8560791015625,549055
2023-10-06,1862.806788266611,1878.3786364940354,1862.7082269138946,1875.816162109375,402950
2023-10-09,1862.7575504773513,1869.5086409359583,1848.0233526228146,1861.72265625,347299
2023-10-10,1865.6154547547046,1894.7387628521972,1859.2586101707388,1891.1907958984375,358738
2023-10-11,1907.9945398874452,1953.7738702952229,1895.8229381302665,1951.507080078125,914364
2023-10-12,1962.1510938034635,1992.8019818914959,1938.4482975746375,1972.8936767578125,2108772
2023-10-13,1967.1282837937922,1971.8095856437906,1945.840118890506,1953.970947265625,307670
2023-10-16,1953.9709400195618,1971.119769657885,1929.726176225761,1945.199462890625,668313
2023-10-17,1971.1198179519936,1990.978843667889,1929.7755041825887,1945.938720703125,1316588
2023-10-18,1941.6514602085897,1962.200414520773,1922.827329513927,1927.4593505859375,585260
2023-10-19,1923.8622235906917,1950.275217501545,1899.9624234656362,1947.1707763671875,712810
2023-10-20,1943.918289483348,1948.5997121100831,1911.3455745852734,1918.2445068359375,491975
2023-10-23,1911.1977278274874,1911.1977278274874,1857.780374282309,1875.2740478515625,878203
2023-10-25,1873.647907203919,1892.32419621149,1841.9621237476665,1850.33935546875,738333
2023-10-26,1840.1388358078432,1846.9392066055761,1812.9866332919523,1822.84228515625,1141085
2023-10-27,1830.233992190164,1842.9969629300224,1823.3843403846008,1829.19921875,289530
2023-10-30,1829.1991417699744,1855.1193275783473,1801.6526936746811,1851.669921875,514528
2023-10-31,1852.9511236692667,1864.6300399577337,1838.0692050110076,1859.455810546875,291175
2023-11-01,1866.6505300015035,1869.6072499404602,1834.5212184609013,1841.5679931640625,349005
2023-11-02,1851.5220606868038,1873.5000338107589,1851.5220606868038,1870.34619140625,322032
2023-11-03,1876.0132196561362,1887.3471708950324,1863.0530061539,1868.818603515625,234555
2023-11-06,1874.6334352828167,1908.5860096744755,1868.8186778012753,1890.9937744140625,292296
2023-11-07,1892.2749113620932,1902.0812826561585,1884.4397670907301,1893.8026123046875,223028
2023-11-08,1901.1449428173062,1914.9428072095784,1892.2749043916983,1905.9249267578125,427257
2023-11-09,1909.4238234231168,1916.4704771897339,1902.130645482045,1907.0584716796875,289965
2023-11-10,1902.1797792020786,1919.6734521448138,1893.4575830676554,1914.9427490234375,193655
2023-11-13,1917.8009348479347,1917.8009348479347,1894.2459802507622,1900.9970703125,214186
2023-11-15,1918.8849077716384,1935.9351749591585,1907.0582710844596,1915.8790283203125,972167
2023-11-16,1921.5460776123412,1926.6217456639595,1886.2137655267823,1914.548583984375,954513
2023-11-17,1913.0210632728633,1954.9566248821013,1912.3311337880236,1942.0950927734375,849407
2023-11-20,1943.1297726968025,1949.5851787791964,1924.897009977307,1943.8197021484375,287305
2023-11-21,1944.164682464976,1959.2930043453684,1940.5674347245404,1948.8953857421875,317975
2023-11-22,1951.2115055771344,1956.237772247341,1930.4654277406896,1945.59375,315125
2023-11-23,1955.4494513054992,1955.4494513054992,1923.2215789078043,1928.6422119140625,437448
2023-11-24,1935.5410373192085,1941.0108299146582,1917.3574344376937,1921.2503662109375,168686
2023-11-28,1934.6539862738643,1958.3075025503597,1925.044858523384,1947.36767578125,699089
2023-11-29,1959.391554810857,1979.9897899867053,1952.4433419601773,1974.32275390625,824220
2023-11-30,1977.0330542200977,2001.6720629936617,1961.51048714777,1976.490966796875,1707069
2023-12-01,1990.7816393497337,2009.5564894042259,1979.004161983929,1986.93798828125,932202
2023-12-04,2045.0367466465639,2046.0223601941852,1999.1589725102374,2023.30517578125,1055783
2023-12-05,2028.1835370043925,2047.993401224016,2009.0637229913855,2042.4249267578125,561391
2023-12-06,2049.8166169345573,2054.892284850959,2016.0120067042192,2028.0357666015625,360631
2023-12-07,2028.035935189249,2058.8346683984887,2016.0614549711286,2051.689453125,424799
2023-12-08,2049.964452132329,2068.985826193853,2013.1538416572469,2040.1580810546875,594786
2023-12-11,2042.0801362205416,2058.0953899925453,2038.2364849781388,2053.9560546875,254812
2023-12-12,2059.820054698483,2098.2568057276144,2045.6279455029503,2050.70361328125,774496
2023-12-13,2050.851542247998,2062.7274603017663,2007.881088239185,2053.857421875,805574
2023-12-14,2064.698773132011,2081.4532371740565,2051.8865217132734,2073.51953125,607109
2023-12-15,2085.4446352275545,2101.952695128434,2071.6467708901846,2096.975830078125,727207
2023-12-18,2096.9757071779854,2096.9757071779854,2071.6466494745378,2079.284912109375,314105
2023-12-19,2076.6239649521644,2106.9298904664956,2059.0317294563556,2087.662353515625,317963
2023-12-20,2103.184806579333,2104.761788256321,2023.8965449283462,2033.752197265625,678958
2023-12-21,2020.397734984027,2060.6578718177147,2020.397734984027,2055.483642578125,445236
2023-12-22,2058.834676189001,2066.324856242017,2005.5158804532903,2016.6527099609375,1006017
2023-12-26,2021.3832399650548,2052.921059980226,2019.4121337632296,2039.665283203125,643808
2023-12-27,2048.929709657068,2100.080396262829,2041.6859331161036,2094.11767578125,1137913
2023-12-28,2098.2568436205634,2117.228936897199,2075.8846253965326,2109.048828125,1063989
2023-12-29,2109.3937770800544,2114.0259188476607,2084.4589639843266,2103.97314453125,651373
2024-01-01,2114.025935351212,2143.592648873434,2081.502381376415,2096.58154296875,807664
2024-01-02,2099.143991795278,2099.6367985597562,2057.8489590794898,2071.104736328125,799936
2024-01-03,2059.8201761220416,2089.386890843373,2036.2652207542278,2042.2772216796875,975031
2024-01-04,2059.8202121050135,2064.7480382399763,2029.6621287423525,2040.3060302734375,962508
2024-01-05,2067.704809575084,2068.6904231985877,2023.8966997299942,2049.471923828125,1089092
2024-01-08,2049.4716777309327,2053.6110128806386,2028.1836338793112,2037.8421630859375,559523
2024-01-09,2052.083633972079,2062.530412820459,2029.1200462614036,2034.2449951171875,1216816
2024-01-10,2037.1387158663993,2052.6239602844416,2019.377501427381,2046.7861328125,325322
2024-01-11,2048.171522442394,2074.2443845435055,2029.420948149554,2061.77685546875,887806
2024-01-12,2061.0840758065556,2098.5852208835245,2053.168246422757,2089.333740234375,485644
2024-01-15,2089.531426162393,2100.6135381288273,2071.6712891811535,2078.89453125,202260
2024-01-16,2070.5337164177145,2097.4970111804755,2068.109541900223,2092.9453125,457403
2024-01-17,2090.372550363245,2092.9450497350176,2034.3679659557345,2046.0933837890625,733818
2024-01-18,2045.2524840253218,2047.2314414360865,2014.7764915851553,2032.0428466796875,877519
2024-01-19,2034.8133812092426,2071.968353921799,2030.756663568321,2059.302978515625,456698
2024-01-23,2056.23566377447,2064.4481432503376,2011.1153410440443,2028.0355224609375,938057
2024-01-24,2047.2312309753188,2058.85760456834,1995.3331265276663,2049.507080078125,604130
2024-01-25,2058.06599665687,2065.3882833499665,2030.5584428494676,2054.65234375,467209
2024-01-29,2058.1156821691616,2102.6422233699363,2055.889355109123,2082.35791015625,795647
2024-01-30,2092.7474384840007,2116.494927147649,2083.8421302351326,2103.780029296875,852171
2024-01-31,2104.126493130388,2159.092084211481,2093.1927049857172,2152.1162109375,910709
2024-02-01,2152.1163077809583,2155.9751783247457,2089.234884128874,2106.20458984375,638710
2024-02-02,2125.3507546126725,2147.0697640623125,2108.0843993743374,2116.940185546875,330557
2024-02-05,2107.688498269686,2124.707482164222,2059.1050015561445,2067.762939453125,949717
2024-02-06,2060.0945982291414,2075.8767347570947,2039.3155460856199,2044.262939453125,581483
2024-02-07,2057.1263637881466,2097.6949933770425,2041.294703460773,2089.284423828125,1133609
2024-02-08,2100.6633680843784,2102.6423255672653,2026.452462476122,2035.6546630859375,1387156
2024-02-09,2035.605064457178,2159.042532820786,2025.363984024687,2145.6845703125,2010089
2024-02-12,2152.116315462394,2175.86380583991,2115.604645635749,2124.75732421875,1229133
2024-02-13,2151.0275323997566,2151.0275323997566,2032.3396170994545,2042.4322509765625,985312
2024-02-14,2032.3893684848244,2063.0632099760755,2006.1681814035937,2057.91796875,605147
2024-02-15,2063.7556685728973,2081.5167628572167,2050.991490019317,2062.865234375,506068
2024-02-16,2069.3955348231584,2096.7052419654988,2064.8936002605346,2083.49560546875,403756
2024-02-19,2085.276684277902,2166.958193255883,2080.08192148585,2145.783447265625,1167037
2024-02-20,2146.1791917015908,2198.6215601479644,2138.362406995906,2169.1845703125,1710394
2024-02-21,2176.8531319436534,2198.62166326309,2157.113080266099,2170.916259765625,765529
2024-02-22,2210.495230151789,2220.390016320777,2090.9661649160357,2178.040283203125,3428899
2024-02-23,2210.495465753001,2213.167009988983,2159.636356052461,2171.31201171875,1646510
2024-02-26,2180.910342073355,2188.034541192017,2151.918564621659,2163.89111328125,905237
2024-02-27,2167.156296911163,2190.7059393340237,2167.156296911163,2181.602783203125,674507
2024-02-28,2178.8321478478097,2195.5542416362073,2150.3846345641473,2163.00048828125,1197381
2024-02-29,2163.000417559142,2182.789991370296,2135.0971667998037,2168.343505859375,1499473
2024-03-01,2185.7583199347773,2235.6279468572548,2173.6372065716264,2231.17529296875,826009
2024-03-04,2221.3797396328605,2236.2219205212764,2202.8765357730267,2210.643798828125,423656
2024-03-05,2206.6363109709996,2228.206751080871,2197.0876975876854,2208.021484375,401260
2024-03-06,2214.354167617729,2229.245869570308,2173.488892751867,2212.968994140625,678808
2024-03-07,2215.442691330044,2226.6733706058017,2184.7688532633933,2204.657470703125,519779
2024-03-11,2206.537609476079,2246.6610210479844,2202.084955107181,2213.26611328125,599546
2024-03-12,2212.4743768601193,2223.3091203286535,2149.988893480528,2161.021484375,891725
2024-03-13,2170.916266505989,2179.871097050041,2114.81287256382,2126.48876953125,881145
2024-03-14,2127.2800900562734,2181.7014167541092,2106.2043877017545,2173.389892578125,1097271
2024-03-15,2162.1101415632816,2185.659542864056,2142.271044051627,2173.98388671875,2630480
2024-03-18,2158.053078060058,2190.705875664818,2147.1688121918046,2179.920654296875,508214
2024-03-19,2175.8635242930472,2182.8889192494607,2141.0834468068133,2150.9287109375,660181
2024-03-20,2152.611142949827,2173.0437836696533,2108.5793360726643,2144.6953125,655682
2024-03-21,2164.979327608474,2188.0342289088203,2152.412996827511,2182.3447265625,880687
2024-03-22,2176.8532447573534,2210.4955221763307,2171.361589393687,2200.155517578125,551648
2024-03-26,2191.695442465024,2218.5104133560217,2178.4858044561456,2216.48193359375,731877
2024-03-27,2216.4321127943244,2228.2563340102474,2175.566597400293,2184.125732421875,1033992
2024-03-28,2186.7478693332678,2284.9041054704,2186.7478693332678,2263.234619140625,1786120
2024-04-01,2275.801011364405,2294.798954101405,2264.966267907299,2268.429443359375,288891
2024-04-02,2272.832468172428,2291.6325625978857,2251.063937785056,2282.03466796875,446163
2024-04-03,2279.3632128775025,2291.7809772119413,2263.9767708933496,2281.193603515625,303529
2024-04-04,2285.200935758923,2299.301006481835,2225.8322169256107,2253.884033203125,814966
2024-04-05,2251.113506937706,2253.1419865350017,2210.0006196941517,2214.008056640625,454995
2024-04-08,2223.3585514565852,2264.3723936441447,2211.4848075235727,2256.802978515625,278448
2024-04-09,2272.783073328915,2288.0211903974287,2257.940892687347,2277.08740234375,388155
2024-04-10,2285.64620678654,2290.5440778915113,2267.439895876687,2282.084228515625,513499
2024-04-12,2272.832533756241,2282.727320581475,2225.634448914264,2230.33447265625,635489
2024-04-15,2215.442881741174,2229.691278858293,2201.392332056135,2213.859619140625,415064
2024-04-16,2205.5481380841425,2225.5850828110174,2197.731352572566,2219.351318359375,558075
2024-04-18,2221.429246048606,2276.64220687433,2196.0984942174928,2202.629150390625,987066
2024-04-19,2196.642702438088,2266.648320094617,2178.189021408997,2249.2333984375,1061064
2024-04-22,2251.0640090447273,2262.7894280942432,2242.2082231257314,2256.5556640625,445671
2024-04-23,2254.4775056573662,2351.0011930202036,2254.427983412151,2345.212646484375,1823447
2024-04-24,2352.980325884264,2359.2140899484725,2308.4537848141244,2313.15380859375,1021874
2024-04-25,2324.285426378573,2351.050873068245,2309.641093555711,2342.541259765625,1621547
2024-04-26,2342.046672668862,2354.2668318271217,2305.535003521317,2317.804443359375,405679
2024-04-29,2330.222125404352,2367.6244651583484,2285.2998931612083,2361.48974609375,616995
2024-04-30,2379.6961865610433,2412.794199552463,2349.1213924768313,2386.276123046875,1041175
2024-05-02,2384.643715068214,2426.2018213059177,2375.787928839094,2411.7060546875,1466226
2024-05-03,2416.3070790791853,2460.8336223054603,2413.1407954308197,2455.2431640625,1192695
2024-05-06,2462.8123768437304,2463.554485836351,2415.515248732987,2427.488037109375,606833
2024-05-07,2434.1174997095727,2442.725915723426,2377.8162606743335,2395.52783203125,438590
2024-05-08,2378.706667518346,2398.644565627714,2345.954827672077,2352.337158203125,462790
2024-05-09,2350.457197502975,2368.2182923666855,2320.3771407827717,2328.93603515625,557056
2024-05-10,2335.1201750833043,2357.6308151741105,2297.569507290173,2352.13916015625,890719
2024-05-13,2352.8812495306397,2367.822474182886,2322.355977286784,2360.1044921875,511264
2024-05-14,2358.3727329063686,2371.631891157274,2337.2475096315775,2347.0927734375,421260
2024-05-15,2361.836085343669,2378.657222892502,2341.3044027472993,2344.767578125,404095
2024-05-16,2356.9382099716304,2360.8961246819104,2285.8935926077193,2347.63720703125,1181205
2024-05-17,2349.022143449307,2408.044443980081,2349.022143449307,2398.149658203125,1184234
2024-05-21,2404.532279795773,2424.17328700102,2381.0814414038346,2420.907958984375,555489
2024-05-22,2430.1099247902175,2437.1353194946983,2392.856152045674,2411.012939453125,722345
2024-05-23,2416.3070130482606,2435.9975427747872,2370.4445781497066,2427.98291015625,1091448
2024-05-24,2423.9753209934133,2448.7618094714435,2406.01638013835,2415.3173828125,483000
2024-05-27,2415.3669398970123,2429.862705688787,2360.8465689083496,2365.4970703125,888793
2024-05-28,2373.6602331698964,2443.962739457603,2367.5255138638113,2414.67431640625,874384
2024-05-29,2414.3278912397595,2434.117464118774,2368.0697646350636,2375.342529296875,1084966
2024-05-30,2378.7065360294296,2381.27927699833,2303.5061630101964,2320.525146484375,826458
2024-05-31,2318.298913989142,2337.148530254992,2271.7934182558715,2291.8798828125,1644820
2024-06-03,2374.748637092822,2379.8938774921385,2337.445342232874,2343.876953125,807692
2024-06-04,2311.471792281799,2340.315000092842,2148.7520664922786,2232.65966796875,1543389
2024-06-05,2234.638379173679,2289.406116448776,2159.190635735875,2280.599853515625,1996915
2024-06-06,2281.78731349079,2328.243288289532,2268.973613150971,2310.185302734375,834320
2024-06-07,2286.8829387927412,2358.372769105345,2286.8829387927412,2354.810791015625,471524
2024-06-10,2356.0476978334327,2445.9912100197034,2350.308673379032,2421.056396484375,980297
2024-06-11,2424.1236981348943,2455.8860600854855,2400.8216687030786,2431.050048828125,531924
2024-06-12,2404.433194955586,2450.7903677916347,2404.433194955586,2424.37109375,463980
2024-06-13,2415.3668516162365,2449.5038642599407,2404.4330644695915,2432.18798828125,512510
2024-06-14,2432.1881587981015,2497.1473386092875,2424.2228069750795,2445.19970703125,1542911
2024-06-18,2445.0017992027715,2461.278675047382,2419.2753537235035,2431.693359375,467553
2024-06-19,2432.138773122352,2434.958884195156,2386.622750517133,2421.40283203125,668976
2024-06-20,2421.3535189892227,2477.6547626131096,2406.907032770124,2472.509521484375,1008266
2024-06-21,2472.707353868542,2489.1327974657993,2424.8166798181583,2440.202880859375,2867672
2024-06-24,2437.9764374791735,2495.217876085363,2417.3954740706936,2488.637939453125,724085
2024-06-25,2493.485975505719,2503.232435967315,2468.7490114630036,2490.468017578125,792404
2024-06-26,2492.2989589722642,2537.0233471997744,2482.65154179785,2525.39697265625,1387150
2024-06-27,2528.0190391786036,2626.719539705742,2525.3970172470126,2609.84912109375,4849907
2024-06-28,2608.216257298355,2650.7638401968725,2559.9791720355,2642.353271484375,1495266
2024-07-01,2638.1480308780124,2715.0304766575587,2634.04179094965,2697.714599609375,1098168
2024-07-02,2688.413651991171,2733.632780671995,2688.413651991171,2714.090576171875,942834
2024-07-03,2721.8085949497654,2732.3464467118642,2701.9199760058004,2713.4970703125,537119
2024-07-04,2719.0874760510364,2723.787499890644,2688.4631585052443,2706.075927734375,446631
2024-07-05,2701.2767861711927,2726.706339836511,2691.777694250385,2719.08740234375,372709
2024-07-08,2722.7483977024112,2725.964203367838,2685.296775126683,2713.298828125,333988
2024-07-09,2706.323155824433,2756.6380003003414,2690.2934084156755,2732.7421875,451862
2024-07-10,2751.7401038160747,2782.6613113832277,2712.1609581301186,2772.66748046875,1128000
2024-07-11,2795.2769931977696,2807.150736177725,2761.882091066646,2772.123291015625,1679101
2024-07-12,2777.4664945913464,2820.0140753777473,2772.1234066562442,2813.829833984375,1457604
2024-07-15,2820.0141194480047,2822.9330331169062,2756.687486590225,2774.250732421875,1333353
2024-07-16,2788.350817117881,2814.819370828989,2780.731879878042,2797.6025390625,756629
2024-07-18,2780.43497659379,2815.858360197165,2747.7821814950016,2762.426513671875,1181529
2024-07-19,2756.6874738325396,2760.5958661217564,2705.7293241906245,2714.139892578125,424329
2024-07-22,2673.5713154503833,2792.308753590297,2673.5713154503833,2781.96875,1248824
2024-07-23,2781.4246337069117,2820.9542595713165,2744.8634439510524,2793.347900390625,1046046
2024-07-24,2800.2247304572247,2800.2247304572247,2745.8034017734267,2777.36767578125,2880833
2024-07-25,2775.4877790058526,2795.277353187713,2742.389764501082,2768.1162109375,550900
2024-07-26,2795.2277353055647,2847.4722576726385,2778.950859412251,2813.384765625,701236
2024-07-29,2829.8100299070593,2834.8564678922958,2790.3299265117885,2798.443603515625,501949
2024-07-30,2798.4437383156696,2800.2248483710746,2753.5710221727572,2761.5361328125,721728
2024-07-31,2761.5359387384888,2769.3034429696995,2732.49488455663,2747.534912109375,662086
2024-08-01,2752.6801088188245,2759.3095675238987,2724.6285337617264,2737.887451171875,383675
2024-08-02,2720.571737909073,2728.0918728023053,2672.5820200372455,2678.321044921875,401105
2024-08-05,2627.214162809927,2650.763803190541,2560.523397873002,2584.765625,1049292
2024-08-06,2609.3493934169887,2661.3972249342223,2592.4636150812107,2602.89306640625,813893
2024-08-07,2632.194727940202,2641.531472616569,2614.56398966815,2619.331787109375,551368
2024-08-08,2605.6244766324794,2616.1036400580892,2514.093726202224,2527.552490234375,1199236
2024-08-09,2538.9258344087016,2621.2190253759377,2522.983624770428,2555.4638671875,2677777
2024-08-12,2552.7322450396564,2603.38957752877,2537.882742153192,2553.824951171875,1827230
2024-08-13,2554.7188166741093,2562.0689993176275,2495.2708498536563,2502.3232421875,784848
2024-08-14,2507.041444631559,2517.470895966199,2488.2188166752853,2495.519287109375,286936
2024-08-16,2495.5191575624144,2590.4769208322873,2495.5191575624144,2582.87841796875,725887
2024-08-19,2602.1977664090036,2617.4444851618077,2539.8693799677535,2580.94140625,682028
2024-08-20,2590.4770128453692,2631.1021113304555,2571.6543851976376,2618.984130859375,685479
2024-08-21,2622.31175035888,2673.962366255041,2607.511716842323,2666.810791015625,857604
2024-08-22,2676.346072453837,2754.318634755932,2672.969013889263,2736.63818359375,2065301
2024-08-23,2752.7790908724774,2762.21526114194,2688.762173702332,2730.082763671875,1101735
2024-08-26,2733.509321075689,2744.634019812576,2694.572754246462,2718.212890625,597542
2024-08-27,2723.03039932923,2729.4867264228815,2678.9288158742415,2681.759521484375,1450595
2024-08-28,2680.3689527086162,2704.257410811278,2664.973096207974,2697.304443359375,981745
2024-08-29,2696.6586788939962,2700.7312282795165,2622.311736333571,2658.21875,941802
2024-08-30,2658.2188344334872,2690.6990779414773,2658.2188344334872,2680.716796875,994826
2024-09-02,2688.5634874037755,2711.3095264936505,2657.5731670825476,2672.720703125,720118
2024-09-03,2662.0925743556377,2691.791580028173,2662.0925743556377,2688.662841796875,522391
2024-09-04,2676.8926168982694,2745.379301583794,2669.194688222588,2739.12158203125,1119041
2024-09-05,2755.36165261184,2755.36165261184,2716.921724199102,2723.179443359375,472385
2024-09-06,2721.5901864692687,2726.159376483156,2656.083347086969,2674.757080078125,555331
2024-09-09,2671.8763252756426,2697.155279624191,2655.934115843566,2692.139404296875,267477
2024-09-10,2681.8589304354387,2696.9070418783317,2659.01346547247,2684.391845703125,431289
2024-09-11,2691.7915077322054,2711.1604872158873,2656.132816862345,2663.13525390625,347845
2024-09-12,2672.522245781105,2746.422263205031,2660.7517676529756,2738.575439453125,939815
2024-09-13,2741.555025241075,2780.1935597067104,2729.734835667861,2765.64208984375,634726
2024-09-16,2783.9682552870613,2800.1090728124964,2738.7739662158438,2746.72021484375,431468
2024-09-17,2750.395161551901,2758.639442569423,2711.657201530043,2736.34033203125,253234
2024-09-18,2736.3406280882505,2758.341708198909,2696.758277911429,2704.406494140625,332947
2024-09-19,2724.5699559460295,2756.354949963628,2704.009086440947,2720.547119140625,452713
2024-09-20,2726.55664089847,2737.1847002518275,2646.299478888545,2660.255126953125,2755774
2024-09-23,2686.825307118829,2686.825307118829,2647.0940641300112,2648.981201171875,678018
2024-09-24,2658.367905782811,2676.8925008572837,2592.463609364568,2601.701171875,1457923
2024-09-25,2601.701203829986,2648.087382166839,2566.58862034841,2644.1142578125,883336
2024-09-26,2656.0335381819973,2731.522898279915,2638.3530869221704,2727.40087890625,1117471
2024-09-27,2727.4007634295094,2788.1398003049535,2727.4007634295094,2764.449951171875,1416974
2024-09-30,2765.2944012496146,2805.025642646879,2746.4220615859135,2776.766845703125,890000
2024-10-01,2775.276951644773,2794.745114622148,2736.489278346382,2782.3291015625,442630
2024-10-03,2770.2610235522034,2813.965392514662,2733.609047490614,2747.564453125,972732
2024-10-04,2747.5643787170143,2770.0623408124384,2712.650645548309,2726.656005859375,708378
2024-10-07,2741.4555465734697,2751.338643975018,2681.858686865351,2702.220947265625,689611
2024-10-08,2697.0062513669495,2726.7052564443293,2687.0237287572463,2719.802001953125,553985
2024-10-09,2735.4961762764087,2735.4961762764087,2691.7918074470103,2697.503173828125,600020
2024-10-10,2699.688194238033,2721.043736915002,2692.884364513199,2704.157958984375,387246
2024-10-11,2704.157792466686,2713.345641657283,2667.456108254023,2707.237060546875,209760
2024-10-14,2719.1564690835694,2719.1564690835694,2684.143313588485,2708.577880859375,232099
2024-10-15,2706.690972749291,2729.486725285787,2682.5541937399507,2717.41845703125,491010
2024-10-16,2706.7903583324037,2765.294516733008,2706.6909332246573,2745.5283203125,756373
2024-10-17,2765.294496281837,2771.0555749824766,2668.002664066801,2687.669677734375,529505
2024-10-18,2681.858979307447,2747.415532134962,2656.6792063349526,2742.3994140625,345996
2024-10-21,2741.455813712867,2746.819434609155,2693.778321300469,2699.986328125,322456
2024-10-22,2699.8374214557994,2727.6987619653482,2628.5695034138967,2637.509033203125,377094
2024-10-23,2632.1947382186986,2658.715293307493,2608.306280868022,2615.507568359375,944905
2024-10-24,2627.128895777669,2677.835940792259,2598.522596151646,2648.782470703125,844303
2024-10-25,2647.193534077648,2657.0766324384713,2582.5308380179385,2597.628662109375,656546
2024-10-28,2582.5307854051875,2648.037623558009,2576.8691317987746,2629.165283203125,763794
2024-10-29,2642.1275737475567,2671.9260050304238,2632.1947633199343,2667.952880859375,611947
2024-10-30,2673.56478386653,2690.401091302984,2648.1369350322816,2654.59326171875,469403
2024-10-31,2657.0268095077413,2685.831959965956,2626.682024921536,2677.73681640625,321800
2024-11-01,2700.731159270442,2700.731159270442,2655.0402312357087,2680.76611328125,62294
2024-11-04,2678.531357515722,2681.8589461712636,2560.728365602581,2573.194091796875,477329
2024-11-05,2573.194060120084,2643.518166509318,2570.2142168832434,2633.138427734375,896947
2024-11-06,2633.13828011631,2649.626842102559,2601.9493529859838,2628.171875,455842
2024-11-07,2613.471237949089,2645.0576226334624,2534.604822589586,2545.481201171875,481689
2024-11-08,2547.7659816959535,2564.3537273067473,2522.933954583907,2527.75146484375,558297
2024-11-11,2511.064134435418,2536.690833285395,2489.2119519664884,2502.571533203125,354984
2024-11-12,2506.2962843165406,2529.1417473262622,2493.13531106094,2504.260009765625,520250
2024-11-13,2504.260099269948,2517.619680703067,2455.4404333544157,2486.0830078125,1449201
2024-11-14,2486.083084269489,2521.9406277691864,2473.3195680654962,2506.99169921875,581846
2024-11-18,2480.222788476628,2535.6479197147632,2462.393442081543,2500.2373046875,1436348
2024-11-19,2500.2373813103477,2534.8533240562847,2483.2027077353887,2491.2978515625,424096
2024-11-21,2474.3625569408555,2538.478655658393,2463.4859352836484,2517.818603515625,686930
2024-11-22,2523.3310762447186,2592.3641090507786,2517.8185604309137,2581.189697265625,828921
2024-11-25,2597.430006848526,2636.1679687097467,2582.878536123839,2612.130615234375,967944
2024-11-26,2612.1306731771188,2621.96405902145,2584.964338217883,2599.615234375,256368
2024-11-27,2602.1977025933984,2631.648388265207,2577.5642844385975,2604.283447265625,348482
2024-11-28,2604.3828852997317,2618.2391072992737,2536.8894871727357,2553.17919921875,1057792
2024-11-29,2547.765685420414,2612.7758763397683,2541.8059996065645,2588.738525390625,650252
2024-12-02,2588.3414512062604,2690.7982917452996,2574.3360917795794,2675.4521484375,1103892
2024-12-03,2674.9557021321534,2710.6143964524426,2664.9731786245798,2695.764892578125,522667
2024-12-04,2690.1031948979025,2706.1445873244948,2676.9919331544625,2699.042724609375,572817
2024-12-05,2714.6371970982727,2715.3821579097707,2651.464423283147,2688.61328125,714805
2024-12-06,2696.6585026705256,2701.724332794614,2675.253491019353,2683.745849609375,342192
2024-12-09,2683.746051188361,2695.814561802139,2651.067200679158,2663.3837890625,387874
2024-12-10,2684.739261137996,2689.8050915083695,2623.354686063158,2637.459228515625,637387
2024-12-11,2648.0873348354276,2681.7594661364938,2643.2203545884604,2652.805419921875,319450
2024-12-12,2664.973243425192,2664.973243425192,2621.268874170362,2642.177490234375,376376
2024-12-13,2623.255326925129,2681.858910525501,2602.8930648266946,2674.60791015625,412267
2024-12-16,2662.092523353303,2699.737776511328,2654.295170449741,2667.1083984375,329525
2024-12-17,2666.959587057964,2666.959587057964,2577.912039000432,2582.232666015625,887083
2024-12-18,2589.483729353475,2600.3103959321793,2558.9403366884885,2576.719970703125,369646
2024-12-19,2552.7322335907606,2576.5709781846044,2510.2694697829766,2521.990234375,510040
2024-12-20,2513.001071738812,2545.9779542987317,2463.0886986736436,2471.978515625,734974
2024-12-23,2478.931490203467,2536.541791619825,2478.236241962287,2509.2265625,347378
2024-12-24,2498.101831964587,2525.317635638771,2478.236211034451,2485.040283203125,364336
2024-12-26,2483.4509577162275,2501.3300167058856,2455.887408440505,2465.373291015625,559646
2024-12-27,2465.37325158404,2503.664284141176,2458.2711466543637,2463.635009765625,428996
2024-12-30,2472.2765637189545,2473.269844781116,2419.632667424417,2427.082275390625,763318
2024-12-31,2413.672976689652,2430.558754715876,2396.8866237695684,2426.28759765625,530535
2025-01-01,2423.605753687427,2457.2284141147093,2409.650106482741,2425.7412109375,487637
2025-01-02,2428.57207026206,2542.302745945089,2428.57207026206,2526.857177734375,970593
2025-01-03,2524.1255719089413,2536.7401918250725,2484.2951502052433,2493.13525390625,595091
2025-01-06,2500.088491015401,2510.9648703964044,2429.3172137071583,2444.017822265625,393162
2025-01-07,2444.0673856097933,2480.222717897425,2440.0942615122403,2450.672607421875,495162
2025-01-08,2452.2619765526483,2459.7115843038864,2416.8016496565533,2419.38427734375,543301
2025-01-09,2418.6891136755944,2422.4139176814297,2380.298654888633,2394.20458984375,766796
2025-01-10,2383.8747607492196,2408.6073643918808,2336.395873264242,2348.216064453125,413994
2025-01-13,2314.295074224859,2332.4224529195644,2261.651179933385,2272.77587890625,422845
2025-01-14,2292.492811556116,2314.7919240696815,2278.735771124442,2295.075439453125,865382
2025-01-15,2311.265792945673,2333.9623640466316,2281.3184635063735,2301.978759765625,583299
2025-01-16,2314.344650088119,2343.894758817785,2297.607768815928,2334.905517578125,1395232
2025-01-17,2347.2226290563744,2371.210270259967,2332.8695233773456,2359.886962890625,443089
2025-01-20,2364.0586134197065,2394.4528680735584,2357.0559335116245,2385.861083984375,681711
2025-01-21,2388.7413859311982,2410.196352585467,2345.7819825727306,2351.5927734375,316019
2025-01-22,2364.9524289628293,2380.348284986969,2354.3740829527956,2372.10400390625,336546
2025-01-23,2371.955351472641,2459.1157711090414,2349.507100811189,2444.61376953125,596720
2025-01-24,2449.7786890602515,2497.1581442159163,2436.965218672082,2474.0146484375,1510105
2025-01-27,2458.8673747461435,2467.707479578086,2414.070299922949,2441.53466796875,458264
2025-01-28,2441.484809123709,2443.4216586618154,2383.6759007925966,2395.0986328125,740041
2025-01-29,2386.8544720228056,2447.444618836535,2380.8947854509634,2437.1640625,200039
2025-01-30,2442.179978519343,2491.6951340247156,2430.0619986590245,2474.958251953125,397046
2025-01-31,2474.9584916775398,2501.379866186467,2459.165419038918,2491.993408203125,431982
2025-02-01,2483.20273489514,2497.158382765304,2413.0769926615944,2424.350830078125,432668
2025-02-03,2401.7535482877634,2463.0886523434992,2401.7535482877634,2457.029541015625,427217
2025-02-04,2448.437782951149,2475.05776353359,2430.0620835659174,2468.00537109375,337002
2025-02-05,2482.209304699266,2483.103160630029,2457.6753116522686,2473.269775390625,464164
2025-02-06,2482.20947265625,2491.4470354002824,2459.264582211421,2482.20947265625,595946
2025-02-07,2487.175698214091,2505.7997175198075,2449.877947051126,2470.885986328125,738201
2025-02-10,2468.3033764009274,2474.2630626216137,2421.718592775997,2456.63232421875,717668
2025-02-11,2443.4713212050706,2524.9203652452393,2439.5479096568442,2474.7099609375,1710410
2025-02-12,2462.3436884447437,2482.109884062654,2417.3977215620794,2468.253662109375,454023
2025-02-13,2464.3304296800316,2515.931334755906,2457.5263570881025,2473.369384765625,708830
2025-02-14,2482.2094365626513,2490.900646074425,2389.337654922552,2414.96435546875,677910
2025-02-17,2414.9643070611005,2454.546412086859,2389.387319581996,2447.295654296875,646841
2025-02-18,2463.3370729508893,2466.2672036303547,2396.5886330225953,2446.64990234375,596040
2025-02-19,2431.5520784612004,2464.8269945675934,2429.8635491289883,2446.64990234375,289053
2025-02-20,2434.531812756863,2461.300688105771,2426.8338847483496,2437.213623046875,427274
2025-02-21,2423.6058817899648,2436.86628146298,2384.9176314802976,2414.716064453125,504415
2025-02-24,2395.793790156554,2403.740038216775,2365.002078923199,2377.61669921875,543080
2025-02-25,2375.928341911381,2387.3510743244165,2351.195740034566,2363.313720703125,497013
2025-02-27,2357.05601571715,2363.3137350553898,2301.5317000419127,2324.22802734375,1045684
2025-02-28,2331.379493402689,2345.8814935704113,2286.1852061337345,2291.151611328125,1153007
2025-03-03,2312.854774346159,2366.8891629481377,2302.325898901541,2361.475830078125,790068
2025-03-04,2340.1700882276837,2388.046184996129,2335.7997487302446,2378.560302734375,521061
2025-03-05,2387.847684581304,2392.7643773618997,2360.383560084456,2375.58056640625,755361
2025-03-06,2385.5133872401184,2398.7737865384793,2337.687000670108,2377.567138671875,754593
2025-03-07,2364.0090177620987,2398.7738562586005,2364.0090177620987,2391.075927734375,317388
2025-03-10,2391.0758706218007,2408.7066097239035,2357.3540265857187,2367.932373046875,650796
2025-03-11,2356.0626204935693,2408.706515470871,2348.066659643193,2397.33349609375,445250
2025-03-12,2397.333450702434,2422.512979021278,2351.6922364023767,2382.78173828125,561893
2025-03-13,2385.8610435832534,2395.595246216158,2347.421116068869,2354.274658203125,479648
2025-03-17,2365.7471602824576,2388.344304355692,2354.920493748572,2383.22900390625,646714
2025-03-18,2383.22900390625,2383.22900390625,2383.22900390625,2383.22900390625,0
2025-03-19,2409.6997493342546,2448.0404936238438,2409.6997493342546,2441.683349609375,415476
2025-03-20,2448.239304205208,2460.5558928472396,2431.6515583323812,2451.566650390625,317002
2025-03-21,2463.2375563984992,2497.8534976749593,2442.9250076115623,2452.80810546875,1372022
2025-03-24,2461.996054987248,2526.9070706456446,2458.370676040869,2496.31396484375,594207
2025-03-25,2512.752824584846,2578.4582713524196,2503.0683340068435,2552.18603515625,993289
2025-03-26,2565.595178416623,2585.411086391529,2542.7994273627764,2564.25439453125,555486
2025-03-27,2566.6384181902345,2611.2863561056793,2557.6988880959184,2601.105224609375,1246219
2025-03-28,2597.3802293751214,2619.9276606768894,2581.885190518078,2593.605712890625,435022
2025-04-01,2593.8540431737174,2614.3157298527585,2578.7562196776585,2601.403076171875,317974
2025-04-02,2601.4031245521214,2615.7062749722345,2583.5737778304438,2598.919921875,413523
2025-04-03,2577.663859216575,2646.100829465019,2577.663859216575,2634.08203125,298330
2025-04-04,2617.3948023324538,2634.081728763967,2592.5627778805133,2599.31689453125,290533
2025-04-07,2532.8667991142397,2542.7996100911587,2448.9345463592776,2492.24169921875,974267
2025-04-08,2532.8667493963762,2582.530803306109,2517.1231473068856,2572.647705078125,1296141
2025-04-09,2545.2827824232877,2569.369848754513,2512.4547940367606,2540.564697265625,494024
2025-04-11,2632.1946780336516,2642.127488139439,2595.2446729401718,2633.436279296875,669041
2025-04-15,2657.0268331964426,2707.8827749243,2652.060427900748,2700.333984375,815058
2025-04-16,2671.9260904648127,2703.7110848495245,2664.178449583487,2684.64013671875,462016
2025-04-17,2682.85205017728,2753.3750029957127,2668.846690716054,2742.15087890625,1061496
2025-04-21,2736.489327824664,2768.572354650936,2716.623706570039,2738.37646484375,322964
2025-04-22,2731.8208562366817,2753.4744311188206,2719.305418300145,2730.9267578125,211167
2025-04-23,2731.622291287524,2745.329375670349,2657.1262131188914,2667.5556640625,603774
2025-04-24,2671.925980804922,2717.9149411678973,2655.0402032310617,2710.862548828125,562050
2025-04-25,2707.6841271370226,2721.490636654604,2657.2254015795393,2716.425048828125,649356
2025-04-28,2716.6236283160574,2755.0635558364206,2705.002288716913,2734.89990234375,416635
2025-04-29,2734.602134196581,2737.0853368020043,2700.731153658504,2727.251708984375,890929
2025-04-30,2716.623730914669,2732.41680295352,2700.6318086612823,2719.10693359375,662477
2025-05-02,2707.286856404354,2753.176391219712,2677.6870333848415,2705.697509765625,798849
2025-05-05,2711.6574144719175,2754.368501952611,2700.0360740528063,2736.5888671875,661587
2025-05-06,2735.496025993233,2745.9254770727284,2699.737908006394,2710.365966796875,288396
2025-05-07,2680.8656655022837,2708.9755688870036,2664.377102386083,2681.759521484375,417883
2025-05-08,2666.9597245309906,2691.3945363256826,2658.5168352726987,2680.567626953125,966461
2025-05-09,2658.9141580119394,2665.96655103005,2608.952311208579,2617.09716796875,444671
2025-05-12,2653.1531344403693,2743.3428606227,2653.1531344403693,2724.371337890625,498304
2025-05-13,2722.5832695123454,2729.5362366362365,2684.5405580344323,2690.500244140625,313964
2025-05-14,2701.625027248765,2728.543040667539,2687.1232694384908,2718.808837890625,330652
2025-05-15,2715.928378950016,2810.4886848583465,2701.724411668034,2805.8203125,1353535
2025-05-16,2825.884805184188,2825.884805184188,2756.4545514347815,2785.35888671875,700214
2025-05-19,2801.0526301653604,2801.152055272918,2702.717803787215,2708.677490234375,575525
2025-05-20,2735.4961713944685,2735.4961713944685,2691.9904103646113,2702.519287109375,520661
2025-05-21,2698.7446380425026,2731.4234878924535,2674.111219272501,2688.71240234375,304264
2025-05-22,2681.85888077237,2684.1434757264133,2630.506298110966,2656.629638671875,541069
2025-05-23,2657.026775325804,2728.44358492231,2633.1880304256847,2641.531494140625,990691
2025-05-26,2654.543680163638,2678.481851136407,2622.3614702461373,2638.5517578125,435977
2025-05-27,2638.1544500004343,2640.538227503345,2577.5643063822013,2596.63525390625,874537
2025-05-28,2603.1911897267246,2603.1911897267246,2552.8318857923346,2560.281494140625,849149
2025-05-29,2560.2812295105105,2576.471515980487,2535.051746345184,2556.30810546875,616258
2025-05-30,2557.6988279274697,2587.397835764268,2518.960865096724,2528.695068359375,1203864
2025-06-02,2528.893627776143,2532.4695366615565,2494.1287900023153,2507.140869140625,1209305
2025-06-03,2525.9137432888588,2545.7793645494867,2495.221455441292,2535.25048828125,1493898
2025-06-04,2539.124355339158,2555.811525207943,2524.7217803482854,2532.568603515625,529006
2025-06-05,2537.932551293984,2581.5374931352176,2521.8412040083617,2537.237060546875,950620
2025-06-06,2542.600781794425,2560.7778728053295,2519.0600703213995,2557.1025390625,414844
2025-06-09,2568.525383962076,2597.3305345664703,2557.400684642499,2590.9736328125,552351
2025-06-10,2691.7917379494784,2723.576732641133,2648.683435899028,2689.80517578125,2885229
2025-06-11,2689.904550445539,2715.5310079348965,2660.2053010873205,2703.90966796875,812149
2025-06-12,2699.837130864563,2710.6637965549944,2658.0199045735308,2671.031982421875,545570
2025-06-13,2634.280759867824,2669.641419615622,2618.090230313234,2645.902099609375,538879
2025-06-16,2647.094012962948,2695.7647846834675,2634.2807843468327,2686.725830078125,494993
2025-06-17,2686.725843257548,2688.116582242254,2647.094025947962,2653.450927734375,241142
2025-06-18,2653.450947993717,2678.1837920865014,2649.3786411151677,2657.424072265625,342289
2025-06-19,2661.993230745076,2693.778224545017,2652.0604201825945,2675.1044921875,609547
2025-06-20,2664.9732930362416,2714.5379248182803,2664.9732930362416,2694.37451171875,1232377
2025-06-23,2681.858944853905,2719.1069857546536,2660.1061859679744,2705.399658203125,728851
2025-06-24,2727.5499184149407,2782.975052657003,2718.9084212885527,2762.21533203125,1562447
2025-06-25,2773.1413765322586,2823.898137201373,2767.7777556495344,2812.7734375,948185
2025-06-26,2820.9181289377125,2875.4491605568655,2812.971880687184,2863.92724609375,1392932
2025-06-27,2876.5418759481345,2876.5418759481345,2825.2884775671896,2841.87646484375,678859
2025-06-30,2844.0616716451145,2870.582227111806,2817.6402987830143,2825.387939453125,447868
2025-07-01,2823.401396284427,2850.716625272227,2823.401396284427,2828.9638671875,535639
2025-07-02,2850.7168180401914,2859.55692301937,2815.951978795799,2830.652587890625,917118
2025-07-03,2829.2618094213203,2830.7517310824746,2791.914585281879,2798.6689453125,393434
2025-07-04,2798.6687010836754,2801.0524785333914,2766.982891021393,2787.047119140625,286779
2025-07-07,2791.11977798147,2800.9531634731875,2756.354940889174,2760.427490234375,278677
2025-07-08,2761.3212535886933,2822.2094290114005,2759.5332992409953,2801.84716796875,846061
2025-07-09,2794.0994702709327,2810.985247375307,2774.829915751921,2779.100830078125,659109
2025-07-10,2779.100959699182,2790.9211497237015,2750.3952342829693,2756.454345703125,780215
2025-07-11,2756.454216851047,2788.6364244465203,2737.879668037974,2743.442138671875,476850
2025-07-14,2755.3618677302093,2790.126707445623,2736.5889512839967,2765.69189453125,2913912
2025-07-15,2770.260934443684,2793.205824411036,2744.237018625908,2759.930908203125,450965
2025-07-16,2765.294322210134,2765.294322210134,2739.469016040068,2743.83935546875,372782
2025-07-17,2743.4422219505923,2759.0366857186896,2723.874634037744,2747.71337890625,720281
2025-07-18,2752.3819272050237,2755.3617705040547,2698.248107272626,2710.16748046875,797380
2025-07-21,2709.670784916723,2733.0128902853235,2694.970176439849,2723.477294921875,616378
2025-07-22,2734.4035358773745,2740.4626477928664,2699.2414807456016,2704.406494140625,664321
2025-07-23,2717.219898605555,2717.6171140490214,2683.348915790728,2690.89794921875,373864
2025-07-24,2690.8978394912115,2724.8680035315588,2649.378642330671,2717.517578125,997645
2025-07-25,2716.6236455135218,2717.517501449787,2676.09773056486,2690.401123046875,360857
2025-07-28,2685.931572341968,2735.9928437665585,2678.8791793931414,2708.876220703125,547126
2025-07-29,2708.8759356812757,2731.5227913239382,2686.8251456477283,2724.56982421875,743512
2025-07-30,2721.5903036190266,2775.227484785241,2714.736760803454,2740.0654296875,772901
2025-07-31,2716.6237143369685,2753.176506050037,2709.3727140582473,2727.947021484375,581498
2025-08-01,2729.5363679583675,2747.9120676698776,2697.7513738627827,2703.90966796875,329586
2025-08-04,2711.657156789019,2773.5386122004074,2702.5190199987906,2769.06884765625,570201
2025-08-05,2780.193716145584,2805.9195988697275,2765.9897483383215,2778.40576171875,782631
2025-08-06,2781.186960535778,2781.186960535778,2739.4691561277414,2747.216796875,393906
2025-08-07,2745.4287902995097,2754.0702868340486,2700.5325358612326,2725.26513671875,591589
2025-08-08,2725.2651782515777,2730.4301912302262,2654.6430408410492,2673.515380859375,1162918
2025-08-11,2707.6841870246985,2776.2205806067614,2701.7245006262583,2740.363037109375,1236332
2025-08-12,2748.4379492222406,2753.322634586421,2696.6992255506807,2731.889404296875,553341
2025-08-13,2751.4286232509653,2757.4099898232503,2717.0357654603285,2737.372314453125,479944
2025-08-14,2737.372238799783,2761.3974912207736,2722.618396368512,2756.313232421875,618912
2025-08-18,2786.319938326159,2856.501209008308,2767.8773913282935,2837.061767578125,1279195
2025-08-19,2837.0617977282795,2845.1367400688337,2794.4944536924536,2819.5166015625,372899
2025-08-20,2819.5164963275824,2874.6448056394684,2798.681257218926,2856.002685546875,930944
2025-08-21,2871.055972620186,2889.398732870065,2846.1336117467467,2872.252197265625,1138327
2025-08-22,2872.15256552198,2872.15256552198,2792.6998867949833,2805.0615234375,671902
2025-08-25,2816.9245845524483,2823.9028456674296,2782.930630007499,2802.6689453125,591824
2025-08-26,2794.8932779783568,2809.7469074021446,2771.7651328549146,2787.51611328125,425619
2025-08-28,2766.3819097438177,2797.2856355823974,2763.590556798043,2775.653076171875,528080
2025-08-29,2775.653157308856,2789.1112318577684,2754.120140677626,2766.980224609375,542362
2025-09-01,2769.3726708074537,2808.0522225895284,2764.7868591687698,2795.192138671875,499161
2025-09-02,2806.257872235183,2811.242344477164,2765.086082839935,2771.167236328125,468533
2025-09-03,2780.3384576182425,2800.475675648065,2761.8959113773185,2772.761962890625,500510
2025-09-04,2792.301255085068,2856.3018278211007,2792.301255085068,2801.073974609375,1177036
2025-09-05,2801.2733587898983,2828.6879557175575,2777.44767917665,2795.2919921875,495200
2025-09-08,2786.419795585386,2815.1301612562015,2786.419795585386,2795.391845703125,229922
2025-09-09,2795.3917700520606,2814.9307548613397,2777.8463307214474,2787.217041015625,388718
2025-09-10,2787.2169247992574,2809.248388148707,2766.9801634088767,2777.1484375,421783
2025-09-11,2773.758828965584,2797.684294114968,2762.394330372594,2790.307373046875,217951
2025-09-12,2790.3074125171474,2809.248406028339,2780.4382553563896,2793.298095703125,168095
2025-09-15,2786.3198561152335,2811.0428859837243,2776.3509120861986,2793.69677734375,291664
2025-09-16,2803.1673839401706,2839.653817868174,2795.2920152018114,2834.1708984375,546549
2025-09-17,2846.1336159175535,2872.052871263913,2841.149143735561,2856.501220703125,785107
2025-09-18,2869.062054951993,2874.046526902918,2843.142800807187,2869.859619140625,513800
2025-09-19,2867.168187063436,2882.3209338264683,2839.45447304362,2868.96240234375,790137
2025-09-22,2851.118152219677,2901.9597696193987,2839.952982957402,2845.236572265625,751168
2025-09-23,2850.0213604950027,2864.8752333851166,2799.3793186558823,2804.762451171875,702680
2025-09-24,2804.76255001474,2829.8842416120656,2789.21089915893,2798.681396484375,316532
2025-09-25,2801.2733348645206,2824.401236853109,2762.59378248955,2769.970947265625,723479
2025-09-26,2766.3819040853023,2801.273207380072,2727.7023534706173,2738.26953125,523045
2025-09-29,2731.5904533846533,2757.1108040941544,2692.113337638613,2738.369140625,541455
2025-09-30,2738.4689773404125,2760.4006546252645,2737.5718697135485,2748.338134765625,440278
2025-10-01,2759.304029434926,2787.5161908279474,2723.515616310033,2781.036376953125,353196
2025-10-03,2791.3043463050135,2798.083276965382,2757.4099363855953,2782.73095703125,708063
2025-10-06,2756.5129557307096,2805.3607840409004,2756.5129557307096,2798.681396484375,298274
2025-10-07,2791.304385628116,2816.2267462140812,2781.634558397247,2799.279541015625,245369
2025-10-08,2810.2453623869646,2814.6316004701425,2756.1139468507376,2769.572021484375,339604
2025-10-09,2772.762069972213,2808.5507260350973,2769.5720564730173,2801.87158203125,404859
2025-10-10,2801.8716032498673,2824.0026110847707,2779.640808618247,2802.270263671875,582587
2025-10-13,2782.432072829314,2803.267068553431,2769.8711059657567,2789.310546875,280622
2025-10-14,2789.310695809564,2799.279640397876,2749.3351306574605,2767.1796875,316183
2025-10-15,2771.3664828244805,2816.12694485238,2765.5844465219584,2808.05224609375,459912
2025-10-16,2816.9245042140046,2866.071447627193,2808.351358260993,2850.918701171875,517682
2025-10-17,2853.111769873225,2877.037235448682,2817.5226885062175,2827.391845703125,334522
2025-10-20,2840.1522465727926,2865.0746074588296,2829.186407782936,2845.13671875,374581
2025-10-21,2866.9684701044566,2866.9684701044566,2852.6132882852044,2861.78466796875,48792
2025-10-23,2875.04351184763,2905.448791705935,2847.1304680432836,2855.703857421875,511585
2025-10-24,2855.703762143161,2868.0651552053987,2814.2328582359546,2832.47607421875,456226
2025-10-27,2850.121227735391,2924.8883113590896,2838.7567283775625,2914.819580078125,764132
2025-10-28,2923.5921737016774,2950.4087792332875,2905.050083792838,2923.79150390625,1056504
2025-10-29,2936.7511773446386,2968.552255402627,2930.869597613962,2949.511474609375,711559
2025-10-30,2950.8075888150092,2956.6891687505517,2913.5238335255235,2941.2373046875,446894
2025-10-31,2941.2371349161463,2945.224712508702,2871.055866640134,2882.719482421875,576935
2025-11-03,2887.0062520679003,2910.831931449882,2863.5792331025705,2890.89404296875,297012
2025-11-04,2899.866168037543,2900.8630624874695,2863.0808601882372,2873.0498046875,229856
2025-11-06,2788.4133539958316,2791.304250330708,2683.639657817952,2691.714599609375,1986853
2025-11-07,2691.6149714488274,2729.496959935885,2667.390388029302,2716.138671875,1101889
2025-11-10,2729.497005612345,2780.338622590515,2720.225838545721,2754.319580078125,489522
2025-11-11,2766.382123256448,2771.466382349461,2728.9985810502794,2767.1796875,399693
2025-11-12,2779.7402019782353,2785.023790887991,2746.4440269177535,2758.805419921875,531304
2025-11-13,2758.0081711319876,2776.3509309168526,2737.671379145368,2769.17333984375,687031
2025-11-14,2768.5751625848934,2781.3354599666027,2752.425521493831,2774.755859375,510972
2025-11-17,2781.335404484827,2790.3074541767137,2762.4941974848352,2781.634521484375,459047
2025-11-18,2779.3416179681844,2781.634523790052,2741.459630348819,2753.42236328125,437943
2025-11-19,2761.3975025197265,2765.385080140694,2730.5935627507247,2736.176025390625,468941
2025-11-20,2751.428708470736,2755.715403323464,2736.4752915768736,2740.064208984375,519341
2025-11-21,2741.4596311412665,2748.3381052264326,2714.543482035516,2726.306884765625,471626
2025-11-24,2726.406573233332,2731.789949370355,2671.0789304611867,2680.35009765625,917195
2025-11-25,2679.7520661478984,2703.5777461299194,2671.677123756705,2678.4560546875,558631
2025-11-26,2678.455959691142,2738.0702943132414,2678.455959691142,2735.478271484375,444974
2025-11-27,2739.4658780508666,2739.9643252630303,2703.577678775091,2731.49072265625,399328
2025-11-28,2738.6684035660082,2739.465967808087,2719.029631439795,2730.892578125,297155
2025-12-01,2741.459636489223,2744.550106523326,2691.6149158257826,2723.01708984375,288096
2025-12-02,2708.662034178129,2732.587501214235,2708.662034178129,2726.50634765625,388195
2025-12-03,2735.478400829125,2735.478400829125,2698.7926359899147,2711.85205078125,435124
2025-12-04,2711.8519226060675,2733.982929916509,2701.5838614671793,2721.92041015625,276879
2025-12-05,2722.0202360760745,2741.858337843379,2708.462374500201,2738.468994140625,173909
2025-12-08,2738.469087545527,2761.2978733759496,2721.5218816888564,2735.677734375,715725
2025-12-09,2731.4908012506826,2770.9679189429003,2718.0327261350317,2737.47216796875,419760
2025-12-10,2762.294539774948,2771.1670457850682,2732.3877083794314,2738.26953125,344470
2025-12-11,2748.4379860746126,2793.9960135546767,2734.1823468283524,2789.111328125,453706
2025-12-12,2805.260925975222,2836.3639835142394,2787.9150602464706,2827.890380859375,927504
2025-12-15,2827.890452080946,2841.049410211664,2808.251679992135,2812.2392578125,736238
2025-12-16,2813.2360110854547,2823.9027325431352,2777.547142707744,2790.4072265625,545921
2025-12-17,2776.550346153502,2806.158062350795,2771.366543740976,2797.884033203125,420053
2025-12-18,2801.2733086201392,2811.24225277893,2778.244950260363,2798.880859375,252763
2025-12-19,2791.3044444444445,2822.30795901964,2781.4352867974176,2803.765625,546550
2025-12-22,2803.9648042660856,2849.1241688448335,2789.4102921901717,2800.97412109375,796031
2025-12-23,2802.2702985567685,2833.871803940847,2802.2702985567685,2821.011962890625,399009
2025-12-24,2822.0088840300614,2854.009050143757,2811.2423751932597,2818.120849609375,444617
2025-12-26,2819.217524474498,2831.578918388668,2800.575646804566,2808.949462890625,506240
2025-12-29,2812.2390672254255,2841.1490044638294,2803.7654649314104,2833.572509765625,607462
2025-12-30,2838.1583448335823,2848.2270755840987,2818.419787120321,2832.874755859375,729640
2025-12-31,2835.66621920497,2855.1056606795687,2794.7935473865823,2820.21435546875,327956
2026-01-01,2824.2018731460116,2846.0337634463767,2813.535151599178,2842.84375,449775
2026-01-02,2848.0274999319117,2873.0496466012196,2836.2643407759833,2847.529052734375,698682
2026-01-05,2862.0839548468803,2884.015632661799,2833.6724631320994,2840.052490234375,861522
2026-01-06,2851.1180222607372,2871.0559105282946,2836.6630532667577,2856.401611328125,720656
2026-01-07,2871.055980666328,2871.055980666328,2820.314151138774,2828.289306640625,287536
2026-01-08,2812.2390385056633,2823.105089865817,2778.444416466449,2783.3291015625,437229
2026-01-09,2791.105152164369,2799.179851244648,2758.107848251837,2768.276123046875,556140
2026-01-12,2754.4191628517246,2812.8372706799396,2729.795920423453,2797.9833984375,476367
2026-01-13,2790.307503139762,2806.05848377395,2750.531512827397,2765.58447265625,875758
2026-01-14,2765.3850848925263,2812.3389088130652,2746.5438779540505,2787.117431640625,452326
2026-01-15,2787.117431640625,2787.117431640625,2787.117431640625,2787.117431640625,0
2026-01-16,2802.070980527922,2818.51973902214,2782.332421658373,2800.874755859375,678922
2026-01-19,2787.3167656109486,2812.837359816436,2760.201286381633,2771.366455078125,586951
2026-01-20,2774.357228392215,2782.1330537059484,2697.5963564604144,2705.1728515625,411054
2026-01-21,2710.4561605486224,2743.4534634393267,2699.889225650588,2727.1044921875,939481
2026-01-22,2733.982837201929,2790.3073696729994,2733.982837201929,2778.94287109375,870158
2026-01-23,2781.235580131514,2796.2887828753624,2743.9518270461444,2750.431640625,606097
2026-01-27,2789.310626596558,2857.9965557527007,2764.3882657441945,2847.329833984375,1521231
2026-01-28,2861.1866850632637,2882.2210106552493,2822.307803867242,2830.282958984375,508906
2026-01-29,2817.821746420017,2844.0398738574586,2799.977191023023,2822.90576171875,680590
2026-01-30,2828.687908041346,2830.7814836698712,2799.179735947222,2810.245361328125,1083570
2026-02-02,2731.4907536119103,2773.2605331116165,2704.574603850041,2765.9833984375,929579
2026-02-03,2860.0902123499404,2860.0902123499404,2792.401175712479,2800.1767578125,1232908
2026-02-04,2800.176740979053,2854.9063926599897,2800.176740979053,2836.06494140625,566105
2026-02-05,2821.3110223628646,2868.3643907601454,2816.2267634192954,2855.005859375,762775
2026-02-06,2855.1055349501744,2870.0589508105977,2811.9399591566016,2828.089599609375,361882
2026-02-09,2851.0182234054073,2930.670232726793,2837.659935675625,2917.212158203125,681768
2026-02-10,2933.8602665768753,2952.8012604827404,2910.134130797254,2944.726318359375,624992
2026-02-11,2969.748479553244,2969.748479553244,2885.9095614112744,2923.49267578125,1015218
2026-02-12,2931.2681799046586,2931.3679666970656,2898.5702384746783,2916.41455078125,420088
2026-02-13,2920.202792950676,2924.888147919462,2868.4638279447345,2879.031005859375,419620
2026-02-16,2861.0869542804826,2908.937885920017,2852.414021597302,2903.654296875,285131
2026-02-17,2893.0874934033905,2907.9411234206486,2871.255358823051,2891.392578125,458126
2026-02-18,2890.993884001999,2929.772980472363,2890.993884001999,2924.68896484375,350421
2026-02-19,2919.00669892627,2950.8075341200647,2838.058675919464,2855.40478515625,388104
2026-02-20,2856.0026048962245,2881.0247511257508,2813.933710840007,2824.00244140625,597887
2026-02-23,2835.167719873986,2874.744379523449,2830.8810252075364,2864.476318359375,593878
2026-02-24,2841.348429300535,2877.7350756573383,2838.5570762459934,2870.358154296875,593814
2026-02-25,2883.0185543149296,2901.6604305920036,2858.1959815425707,2869.460693359375,595400
2026-02-26,2872.551277332496,2880.9250931253146,2837.7597593535547,2854.607177734375,662746
2026-02-27,2836.164558521679,2855.7037860493483,2775.3540003249045,2791.10498046875,1153378
2026-03-02,2721.322321732643,2777.6468540894725,2688.0259034780943,2768.6748046875,900872
2026-03-04,2718.5309657430626,2733.6837115951066,2636.785626839164,2674.866943359375,928520
2026-03-05,2676.6614682636914,2723.4157183451985,2648.549094815395,2715.64013671875,1101224
2026-03-06,2693.1103448935505,2750.830435943071,2678.854705644427,2709.957763671875,1457401
2026-03-09,2650.7422833959877,2684.4373637305343,2622.8292394188957,2672.873291015625,1019315
2026-03-10,2692.611746012595,2744.450254266077,2685.832815487579,2735.37841796875,1035360
2026-03-11,2718.132442343403,2754.2199719287282,2706.3690394268797,2727.1044921875,1492588
2026-03-12,2702.7801155355014,2718.929756538949,2652.337403675785,2664.798583984375,952036
2026-03-13,2646.754625469514,2655.726675047377,2555.1401276885285,2560.623046875,1309585
2026-03-16,2562.018701076908,2653.134755194142,2557.034228895825,2646.156494140625,1531881
2026-03-17,2646.854423422316,2690.6179903058896,2641.7701646204546,2674.966796875,603520
2026-03-18,2690.6180575117864,2724.412681222042,2678.3562073875814,2714.643310546875,933801
2026-03-19,2691.6148518838963,2691.6148518838963,2592.02519971716,2599.80078125,1270396
2026-03-20,2613.9568407449656,2654.4306063823915,2600.1996496792485,2608.1748046875,1510096
2026-03-23,2582.953378894159,2589.9316396630743,2494.7282248871606,2523.239501953125,1936926
2026-03-24,2557.532518662959,2592.623151980994,2515.1645077320777,2541.482421875,2303237
2026-03-25,2553.844226547838,2660.113027883937,2553.844226547838,2639.5771484375,1656810
2026-03-27,2642.7670830396764,2646.7546606828896,2596.511279731371,2620.037841796875,2406056
2026-03-30,2611.9631944234275,2611.9631944234275,2532.1118531960446,2549.7568359375,1978678
2026-04-01,2593.91918237374,2605.184137568603,2567.999928437646,2584.747802734375,651446
2026-04-02,2566.9032274287965,2566.9032274287965,2506.391787575918,2556.136962890625,522088
2026-04-06,2537.0963840030363,2617.1470572906996,2525.1336505617646,2606.28076171875,720478
2026-04-07,2583.950412533384,2624.623754740489,2568.5983353674483,2612.8603515625,632051
2026-04-08,2689.621173676712,2786.220146645932,2682.14446544744,2747.640380859375,816578
2026-04-09,2731.590597382907,2763.889880417864,2714.543604825192,2731.9892578125,788928
2026-04-10,2741.459685107921,2770.4694104014893,2718.730443405813,2734.082763671875,611392
2026-04-13,2685.7332563922714,2730.4937168659867,2674.567844589258,2704.574462890625,1259991
2026-04-15,2730.4937812445064,2784.525409436752,2723.5155203943013,2732.88623046875,665607
2026-04-16,2737.372363265167,2746.7433170916374,2687.6274277382668,2708.861328125,803379
2026-04-17,2711.5528223212646,2728.1013670457546,2683.938895564552,2712.05126953125,427517
2026-04-20,2722.0201488319267,2763.291479481757,2688.9233035544758,2751.5283203125,702964
2026-04-21,2763.3912370064354,2783.3291247193247,2746.4440324504794,2769.073486328125,686149
2026-04-22,2765.7836884251165,2801.2732259358477,2747.0422686657153,2767.97705078125,924150
2026-04-23,2753.721615086308,2759.8025252618563,2718.531191977548,2726.50634765625,859207
2026-04-24,2752.1264122613265,2760.3008979347123,2723.615377509526,2730.79296875,1109759
2026-04-27,2757.4099582697213,2802.1704202538117,2743.6527666344064,2769.572021484375,986204
2026-04-28,2771.3664944669645,2839.354645402942,2763.3913390872035,2774.357177734375,1561588
2026-04-29,2789.3105824668323,2829.784593203703,2768.3757996820564,2794.494384765625,976666
2026-04-30,2774.3572470582562,2792.700007537073,2718.5311580049815,2785.821533203125,1130223
2026-05-01,2785.821533203125,2785.821533203125,2785.821533203125,2785.821533203125,0
2026-05-04,2796.2887573242188,2856.8999847690848,2796.2887573242188,2847.13037109375,977675
2026-05-05,2822.2080521089533,2870.9560910145956,2814.8311308869997,2862.582275390625,947423
2026-05-06,2876.5387485707583,2914.2214050087996,2863.3797913622534,2905.747802734375,362970
2026-05-07,2893.2867674797008,2965.7609442302874,2890.9938616026334,2951.40576171875,603383
2026-05-08,2951.405704050545,2971.14401877263,2922.994213207175,2959.380859375,505248
2026-05-11,2944.9259960906534,2997.9607322260704,2918.9069535574035,2974.932373046875,567800
2026-05-12,2970.745492607324,2974.932400665384,2884.713451980497,2893.984619140625,467500
2026-05-13,2901.261969777029,2960.078742393231,2900.9628527652058,2936.452392578125,1332833
2026-05-14,2945.822913512308,2974.035073340195,2923.9910237905137,2929.573486328125,1652596
2026-05-15,2929.772980472363,2959.1813665337627,2915.2184676375364,2924.68896484375,1586864
2026-05-18,2896.9752997332434,2946.321575485754,2876.239846296105,2934.657958984375,800447
2026-05-19,2945.823030981955,2960.7764473828784,2910.8319392508224,2926.08447265625,637116
2026-05-20,2899.16824313462,2978.7204648688466,2871.6541037456054,2961.873046875,1306216
2026-05-21,3051.1946262097767,3170.1241762140394,3011.6179674033374,3144.703369140625,4417489
2026-05-22,3168.130430964332,3177.700714641171,3132.242232249821,3145.5009765625,906466
2026-05-25,3170.1243041846146,3182.3861544150222,3118.385580346649,3161.75048828125,620009
2026-05-26,3158.560242176056,3186.2739562479805,3145.2019540506517,3155.1708984375,984415
2026-05-27,3148.1925405412067,3187.569869658172,3148.1925405412067,3160.1552734375,317539
2026-05-28,3160.1552734375,3160.1552734375,3160.1552734375,3160.1552734375,0
2026-05-29,3165.139870282696,3180.3924040033794,3101.7372860793353,3112.703125,1635193
2026-06-01,3141.6130986102776,3148.1926993881925,3074.7216264861777,3092.96484375,644142
2026-06-02,3066.4472079805987,3094.6593684860336,3051.493791816844,3087.980224609375,461140
2026-06-03,3089.375750640302,3105.2262742731937,3050.4968689768716,3091.9677734375,460368
2026-06-04,3090.4724727488183,3129.052237926022,3076.21683394035,3093.86181640625,957529
2026-06-05,3099.34473958267,3114.8963898264383,3056.6776098980995,3078.11083984375,697168
2026-06-08,3050.4968426849464,3090.272831614047,3025.4746960668176,3040.627685546875,687274
2026-06-09,3060.665240907184,3099.843240818325,3058.2727916198714,3085.88671875,923351
2026-06-10,3080.4037732414336,3122.273339091317,3055.9798598290013,3061.662109375,792811
2026-06-11,3048.5030995863003,3099.344714393005,3036.3410364854954,3079.9052734375,613443
2026-06-12,3110.3106824082274,3110.3106824082274,3065.4504321811855,3095.855712890625,536817
2026-06-15,3158.161493719387,3165.139754595661,3121.276400516225,3154.67236328125,1033542
2026-06-16,3170.1242673662828,3173.114950637383,3124.0677936678244,3130.547607421875,308307
2026-06-17,3140.217306396649,3190.062025545802,3106.223110583959,3140.615966796875,395269
2026-06-18,3148.691051657581,3159.058656358508,3099.5441076679026,3135.332763671875,667101
2026-06-19,3125.3638117616943,3157.164646592589,3120.279552837008,3139.718994140625,534084
2026-06-22,3147.2954683691446,3170.224040011909,3118.485073623345,3165.339111328125,368611
2026-06-23,3175.1087102444567,3176.105604658976,3116.391726582231,3134.53515625,705875
2026-06-24,3125.264083064169,3132.9401216092438,3087.382094178543,3118.18603515625,706788
2026-06-25,3122.1734823469255,3146.1987348040698,3105.425851088127,3116.89013671875,785517
2026-06-26,3116.89013671875,3116.89013671875,3116.89013671875,3116.89013671875,0
2026-06-29,3135.232837968758,3135.232837968758,3062.758664921767,3070.634033203125,1286143
2026-06-30,3075.4193859469506,3119.1829550585053,3070.9333609107234,3090.372802734375,868872
2026-07-01,3105.3261952543553,3135.2330285954886,3073.924020246165,3130.647216796875,490262
2026-07-02,3143.2080255030355,3164.043020992761,3124.665692414464,3159.357666015625,449711
2026-07-03,3170.124132644141,3209.3021305070756,3155.1707169241213,3171.021240234375,425942
2026-07-06,3172.317332114808,3208.006200548796,3162.1490578436237,3203.021728515625,386276
2026-07-07,3191.0589651387468,3211.993747477989,3163.0461352270786,3180.990234375,571660
2026-07-08,3164.142910112903,3178.896996303463,3111.7061659193714,3125.064697265625,477890
2026-07-09,3129.2516855180447,3211.9939250522907,3126.560119173538,3181.9873046875,936756
2026-07-10,3194.8473973090763,3235.9194001689293,3192.0560441592456,3203.6201171875,515666
2026-07-13,3192.4545757041246,3206.3115540954004,3115.494375579708,3134.53515625,654390
2026-07-14,3128.254590369867,3143.706453387946,3083.4941296898173,3103.63134765625,1058130
2026-07-15,3110.310491551632,3140.217323201167,3070.4347160189186,3076.515869140625,726262
2026-07-16,3077.113880782453,3095.3570968898825,3050.49684910887,3063.356689453125,536911
2026-07-17,3069.836531341064,3108.316752701174,3055.880009680443,3100.04248046875,622540
2026-07-20,3125.2639018156783,3146.098897141482,3075.4191824884747,3134.03662109375,349776
2026-07-21,3140.3170902173933,3185.1773374091968,3125.8621216778124,3169.9248046875,659160
2026-07-22,3153.276783461905,3167.233305103815,3136.8280258125114,3156.466796875,396629
2026-07-23,3156.1676787300735,3170.124200366909,3086.3850705458963,3103.332275390625,327446
2026-07-24,3090.372597770445,3090.372597770445,3056.8768490351913,3079.805419921875,341560
2026-07-27,3090.372737263294,3110.3106258907987,3076.5160020201492,3102.734130859375,266078
2026-07-28,3099.0457525034763,3116.8903093288077,3092.0674912983873,3106.5224609375,388153
2026-07-29,3122.073938836574,3139.2204738853447,3095.4569069628083,3103.332275390625,304356
2026-07-30,3105.3262337699916,3105.824680998526,3075.917847286456,3095.157958984375,301353
2026-07-31,3106.02379503919,3126.161012993979,3082.995680713077,3091.170166015625,309447
2026-08-03,3110.3105169190953,3249.875732421875,3093.463098972085,3249.875732421875,393816
2026-08-04,3209.003085367994,3209.102872161329,3105.326067387792,3128.254638671875,770936
2026-08-05,3140.2173631540304,3218.6729038363464,3126.0615113362965,3213.987548828125,692531
2026-08-06,3213.0904700237775,3222.76029712369,3173.7131408312307,3210.0,365593
2026-08-07,3220.0,3349.60009765625,3183.0,3323.0,1071215
2026-08-10,3324.0,3411.10009765625,3290.199951171875,3380.5,2568033
2026-08-11,3360.0,3402.800048828125,3301.89990234375,3322.199951171875,755928
2026-08-12,3325.10009765625,3393.89990234375,3270.60009765625,3307.800048828125,2309486
2026-08-13,3299.300048828125,3299.300048828125,3201.0,3257.0,1041544
2026-08-14,3264.800048828125,3264.800048828125,3221.0,3248.699951171875,476082
2026-08-17,3240.0,3272.199951171875,3223.5,3250.5,1324345
2026-08-18,3257.0,3297.699951171875,3250.5,3278.699951171875,1498859
2026-08-19,3278.699951171875,3278.699951171875,3223.0,3270.0,978120
2026-08-20,3280.0,3310.0,3250.0,3300.0,1182213
2026-08-21,3280.0,3343.10009765625,3258.0,3308.0,1465361
