Date,Open,High,Low,Close,Volume,ret_1d,sma_10,sma_20,vol_20,vol_z
2010-02-02,70.6078623127534,70.95497379766343,69.07004325371365,69.38200378417969,20669400,-0.012908549300746253,72.8535285949707,73.9509838104248,0.017027278055799587,-0.19139918693649632
2010-02-03,70.30030877715858,71.7238924434656,69.33368087234462,71.29988861083984,15455340,0.027642396040130857,72.16612243652344,73.76545639038086,0.018403104912148784,-0.7355396427060502
2010-02-04,71.09119226066815,71.39436343061337,69.66321716493677,71.03627014160156,17210480,-0.003697319510232777,71.55385131835938,73.56422080993653,0.01839096382202418,-0.5803660161412305
2010-02-05,70.21244965510273,70.21244965510273,68.76250413752858,69.12938690185547,18693880,-0.02684379734387754,70.94619445800781,73.25786552429199,0.019117521634679415,-0.46895886558045796
2010-02-08,69.64123608258592,69.81039376928031,68.05947661915576,68.86793518066406,15181200,-0.0037820633584179086,70.46419754028321,72.93349533081054,0.019075989277936117,-0.8689537610238972
2010-02-09,68.84157416202457,69.32928282241194,68.16932799559329,69.05467224121094,23947500,0.002711524021404177,70.09050750732422,72.63362121582031,0.019140819132037225,0.12972230799124318
2010-02-10,69.2018719749693,71.06702504566123,68.71855463181264,70.01691436767578,27733360,0.013934497047552341,70.07447052001953,72.41030769348144,0.019528609951765214,0.4804924453815684
2010-02-11,70.47606264764275,71.75025987135143,69.86093757713543,70.21244049072266,14539380,0.0027925555533641067,70.09534225463867,72.2097324371338,0.019569240969138212,-1.022900964100928
2010-02-15,70.16850514538942,71.16589280672954,69.53140984001816,70.90666198730469,9604980,0.009887442905132549,70.01955108642578,72.05595054626465,0.01976550949412852,-1.4452629202396385
2010-02-16,70.52001519229788,71.29771443332204,69.86094962975304,70.58152770996094,14349700,-0.00458538405604203,70.04877014160157,71.86317558288575,0.019680035116688168,-0.8609575082545842
2010-02-17,71.09118661783377,72.978309674649,70.95498084605754,72.75862121582031,24796680,0.030845089026772854,70.38643188476563,71.61998023986817,0.018371300820310955,0.47402084293957186
2010-02-18,73.15187176181392,74.25470550695701,72.53014961510978,73.98009490966797,20008840,0.016788026950434576,70.65445251464844,71.41028747558593,0.018776707250554987,-0.09045448032151156
2010-02-19,73.37594534184453,74.69407609648844,72.76521169370058,74.42605590820312,14691980,0.006028121470777803,70.9934310913086,71.27364120483398,0.018703700053226753,-0.7843394792638004
2010-02-22,74.73801991879701,75.55965264837705,74.25470260471462,74.54469299316406,13280340,0.0015940262252680526,71.53496170043945,71.24057807922364,0.017859666546597593,-0.8995554939184534
2010-02-23,74.03721507923241,75.08292766090148,73.91858142555307,74.73802185058594,12945780,0.0025934623869146023,72.12197036743164,71.29308395385742,0.017239680346500787,-0.884890068608472
2010-02-24,74.25470207136375,75.13345594203078,74.14485783753038,74.71604919433594,11211380,-0.00029399568928822895,72.68810806274413,71.38930778503418,0.01697032573404168,-1.1202480589759893
2010-02-25,74.73801926469733,74.86982698160257,73.90319906625766,74.30083465576172,11673940,-0.005557233593738942,73.11650009155274,71.59548530578613,0.014652452651571102,-0.9545366963843203
2010-02-26,74.25469235969463,76.22090656989765,73.81531548182662,74.90496826171875,18702060,0.008130912778517185,73.58575286865235,71.84054756164551,0.014637331527337337,0.1803468212459294
2010-03-02,75.74859488601348,77.15460670087614,74.95772162060474,76.6690902709961,15429300,0.023551468617054594,74.16199569702148,72.09077339172363,0.014624739333777498,-0.27973025097885784
2010-03-03,76.56362708101344,78.25303186904769,76.56362708101344,78.06189727783203,22295920,0.018166473632501567,74.9100326538086,72.47940139770508,0.013946543979460841,1.058934750799996
2010-03-04,77.98940905658341,78.5166600586291,77.02717245806087,78.25962829589844,27028840,0.0025330029753525274,75.4601333618164,72.92328262329102,0.013294751806189912,1.8033496327945648
2010-03-05,78.45294480699734,78.86815922546931,77.81365727132957,78.38484191894531,20899300,0.001599977226743876,75.90060806274414,73.27753028869628,0.01231530259894912,0.5958857928756381
2010-03-08,79.52723200415157,79.52723200415157,77.89714048663402,78.39363861083984,14745920,0.00011222440052405247,76.29736633300782,73.6453987121582,0.012205608926551278,-0.5272425000312718
2010-03-09,77.98939858701183,79.74690616080365,77.98939858701183,79.57994079589844,24795380,0.015132633286070618,76.80089111328125,74.16792640686035,0.009814695166639702,1.2272989424500254
2010-03-10,79.61511113745208,79.9622227222357,76.00782971834542,79.72276306152344,29921120,0.0017947018331077036,77.299365234375,74.71066780090332,0.009565030968948098,1.824826982994002
2010-03-11,79.79084679062115,80.62566020913548,79.22404684179415,80.27196502685547,15490460,0.006888897778269509,77.85495681762696,75.27153244018555,0.009502946583937862,-0.4458699623861123
2010-03-12,80.27417084281923,80.42355740313482,78.48810239230708,79.14277648925781,14944880,-0.014067034950743795,78.33915100097656,75.72782554626465,0.01052757645727861,-0.46022924119822695
2010-03-15,78.20909292644802,79.96660063266033,78.20909292644802,79.63926696777344,15025920,0.006273351789509274,78.81258087158203,76.19916687011718,0.010497064395991023,-0.45127448965279215
2010-03-16,79.3075425267069,79.52283965406107,77.50609428064416,79.28997039794922,20872500,-0.004385984240231178,79.07466888427734,76.61833229064942,0.010728060076229964,0.5026976666085321
2010-03-17,79.28997218839648,80.17750885445048,79.00437313084156,79.42617797851562,9589680,0.0017178412336742444,79.2110969543457,77.06056480407715,0.0105015198635342,-1.4664075016812939
2010-03-18,79.6326831597719,79.6326831597719,78.67044653844158,79.12739562988281,7003940,-0.0037617616286865774,79.29787368774414,77.37900352478027,0.008919437550347943,-1.6896109207966163
2010-03-19,79.73811162214383,80.17748848735962,78.98458190734486,79.95999908447266,12679680,0.010522315918046088,79.45538940429688,77.67799873352051,0.008558304741858485,-0.6675014945083614
2010-03-22,79.1757314044913,81.50443076728591,78.99998329212825,80.71794891357422,30611220,0.009479112528513634,79.68782043457031,77.99259338378906,0.008637285359830533,1.9618677888384255
2010-03-23,80.62565854149621,83.04223141331218,80.62565854149621,82.77860260009766,20308760,0.025529064034194082,80.00768661499023,78.40428886413574,0.009845312710206415,0.37546368310931894
2010-03-25,82.60286533931881,84.79975005579006,82.17227781211128,84.6305923461914,46592800,0.02237280756043547,80.49846954345703,78.89891738891602,0.010529027536494625,2.9620500915307035
2010-03-26,84.84369294643439,86.36393346084725,84.05720444018633,85.74221801757812,23105720,0.0131350335684699,81.0454948425293,79.45022583007812,0.010515449183216716,0.33674105786812075
2010-03-29,71.56790389880368,87.43600304608921,71.56790389880368,86.33975982666016,26453420,0.0069690500537265,81.76519317626953,80.05217208862305,0.010095420127907513,0.6362605817943078
2010-03-30,86.33757081451374,86.55286793393131,83.54313313982378,83.7825927734375,18739960,-0.029617490926040935,82.17952575683594,80.49605331420898,0.013076476548374375,-0.23590404427196154
2010-03-31,83.48161400812823,85.36653802713035,83.36078803801823,84.95352935791016,13652160,0.01397589338920402,82.74588165283203,80.91027526855468,0.012553190886042245,-0.7951100801788685
2010-04-01,85.67849029696825,85.67849029696825,84.6283798379131,85.20616149902344,14818440,0.002973768635896601,83.32388000488281,81.26748847961426,0.01218263966894473,-0.616226118946109
2010-04-05,86.06515996050278,86.1003109213728,84.55370216489331,85.61260223388672,14247680,0.004770086196969947,83.9724006652832,81.63513717651367,0.012174293755420389,-0.6116610722433847
2010-04-06,85.67850735266197,85.67850735266197,84.59763707921752,84.92716979980469,8842880,-0.008006209555568522,84.4691177368164,81.96225357055664,0.012483241667073276,-1.108665890052503
2010-04-07,85.23913261042706,85.58843649881766,84.6240075310651,84.87664794921875,10756100,-0.0005948844251495444,84.88498764038086,82.28640403747559,0.012496096565326922,-0.8676089452043215
2010-04-08,84.79537472545948,84.79537472545948,83.20922339222507,83.60466003417969,12477660,-0.014986311851053369,84.96759338378907,82.48763999938964,0.012899203980800095,-0.6193786866102414
2010-04-09,83.06420967988034,85.98606357287538,83.06420967988034,85.64994049072266,12415300,0.0244637135741812,85.06952819824218,82.78399887084962,0.013794327992404744,-0.5522905137648395
2010-04-12,85.18201667861894,86.4649967115956,85.18201667861894,85.86305236816406,9141280,0.0024881730941130886,85.08161163330078,83.06355323791504,0.013775576930413619,-0.8607019107578379
2010-04-13,85.6784881954107,86.24528139817014,84.84367483832716,85.75318145751953,12682600,-0.001279606391971999,85.02295379638672,83.39407348632812,0.013204046934831218,-0.46409994875725713
2010-04-15,85.89819291278941,86.77255544859153,85.42366500675308,85.98826599121094,19094720,0.002741408886478114,85.24352111816407,83.7115234375,0.013197093465140374,0.2031880710010787
2010-04-16,85.45882441956203,86.75059384081253,84.6240108216294,86.30462646484375,10465120,0.0036791121438028984,85.37863082885742,84.06225624084473,0.013052188968517061,-0.6630980528882903
2010-04-19,85.67851197106062,86.06516586278698,84.62400989008415,84.97990417480469,12241660,-0.015349377481851278,85.35600509643555,84.33994255065917,0.013770054906741122,-0.49238930212531584
2010-04-20,84.75581409838026,85.98387861874853,84.75581409838026,85.43904876708984,10878640,0.005402978465834485,85.33864974975586,84.65552520751953,0.013668667624220842,-0.6727315733810201
2010-04-21,85.6345619805368,86.11787929095452,85.01943695305968,85.28306579589844,7889000,-0.0018256637151546906,85.37423934936524,84.92167854309082,0.013634220060951906,-0.95548874616164
2010-04-22,85.18640154992252,86.55725542960536,83.83531212325674,84.98208618164062,13790220,-0.003529183800429103,85.38478317260743,85.13488540649413,0.013635016509280182,-0.24533928137303812
2010-04-23,85.01944117790539,85.98826817259545,84.74043922378533,85.7575912475586,10634120,0.009125512219839038,85.6000762939453,85.2838348388672,0.012644739023578377,-0.5509874666314821
2010-04-26,86.01682821562622,87.73918507186076,86.01682821562622,87.41844177246094,15796560,0.019366804742776855,85.77692642211915,85.42322731018066,0.012403464452901088,0.3966028143970532
2010-04-27,87.39206775449996,87.69963696567696,86.46059081832226,86.97686004638672,8968940,-0.005051356637351234,85.8883071899414,85.48495941162109,0.01218536547461256,-0.9699543121996812
2010-04-28,86.0300001128191,87.29320872604355,86.0300001128191,86.47596740722656,11423540,-0.005758918393846568,85.96058578491211,85.49176979064941,0.012177807105563267,-0.33501982460162594
2010-04-29,86.64075570675543,87.6557155509635,85.52254199460107,87.2492904663086,18792900,0.0089426355352622,86.08668823242188,85.66510467529297,0.010090610622841481,2.0705561784855306
2010-04-30,87.78971922442052,88.31477796324054,87.1284613911737,87.89517211914062,14219220,0.007402715247082137,86.24574279785156,85.81218681335449,0.00978509315721875,0.5655303487271469
2010-05-03,87.21634744801047,87.21634744801047,86.2101769185547,86.54849243164062,10014140,-0.015321429551040544,86.40260162353516,85.87930335998536,0.010494029090796286,-0.7239439927596206
2010-05-04,87.20754419514532,87.20754419514532,84.89642361223878,85.1073226928711,9177920,-0.016651586853552947,86.36942901611329,85.85403938293457,0.011144215583970303,-0.9034586922834223
2010-05-05,84.88763061937054,84.96232390094066,82.60726303593962,84.20000457763672,16028540,-0.010660870140500545,86.26112289428711,85.81768112182617,0.011256859844485271,1.1732969492226208
2010-05-06,83.7013041374059,84.1846214362162,82.47104740763768,83.28389739990234,10522460,-0.010880132160677958,86.09130401611328,85.73804359436035,0.011499995289465235,-0.5753035144523232
2010-05-07,82.20741914047923,82.38316721546182,80.66960001912393,81.19904327392578,19571620,-0.025033099927657898,85.63544921875,85.61776275634766,0.012337370448733556,1.9451445052206344
2010-05-10,81.86690364938008,85.15124882301791,80.40597672462698,84.98428344726562,12853080,0.04661680754747688,85.39203338623047,85.5844799041748,0.015395736671924148,0.04062619743327814
2010-05-11,85.15126303196077,85.89820258311568,84.06380228682403,85.60382080078125,13929300,0.00729002267695833,85.25472946166992,85.57151832580567,0.015478377195072423,0.28460775348699413
2010-05-12,85.63456114397871,87.04057268623684,85.63456114397871,86.77255249023438,13741640,0.013652798187279824,85.28438796997071,85.6224868774414,0.015772711839193536,0.2145333129524683
2010-05-13,87.04935976573007,87.6557021061453,85.6872952343159,86.35295104980469,12744380,-0.004835647084104333,85.19475402832032,85.64072113037109,0.01581224774347267,0.019200106023593344
2010-05-14,86.29364205518716,86.68908538667978,85.33800242222581,85.75540924072266,9400300,-0.006919761303089578,84.98077774047852,85.61326026916504,0.01587156200069555,-1.0142339772912645
2010-05-17,85.32700357198588,85.53790263378751,84.11871694216941,84.74922180175781,13207200,-0.011733224153130606,84.80085067749023,85.60172615051269,0.01570968018278908,0.16570984956030102
2010-05-18,84.27249061694063,84.58005310554344,83.05102337337556,83.29707336425781,12243120,-0.017134652172934528,84.61982574462891,85.4946273803711,0.016103597197126892,-0.15957046127831412
2010-05-19,82.55891765284795,82.95436088941328,80.9156523212252,82.09976959228516,18180160,-0.014373899629544606,84.40980224609375,85.33546257019043,0.016373615828313228,1.5537271349828317
2010-05-20,82.33923770186779,82.44469058337805,80.68279142844034,81.32647705078125,6778000,-0.009418936805110967,84.21406021118165,85.15268211364746,0.01645957844878076,-1.7640547196921543
2010-05-21,79.96660317156925,81.28473399307863,79.13618102219274,80.25439453125,10997240,-0.013182453715065323,84.11959533691406,84.87752227783203,0.016416863360514934,-0.5576121966247904
2010-05-24,80.63447201952918,82.05365790690948,79.5733727692626,80.16653442382812,9621820,-0.001094770048855831,83.63782043457032,84.51492691040039,0.015552353641678982,-0.8638931688358437
2010-05-25,79.60630444342262,79.9665967236768,78.42877755591378,79.25260925292969,11068700,-0.011400332788076617,83.00269927978516,84.12871437072754,0.01563506574988913,-0.4894036365103176
2010-05-26,79.65026243326744,81.42754160288412,79.62829224228227,80.30712890625,14002780,0.013305803597644106,82.35615692138671,83.82027244567871,0.016129218540159834,0.3393805907928788
2010-05-27,79.74691227958388,83.78917866858613,79.57116419046372,83.33222961425781,22619720,0.03766914281718736,82.05408477783203,83.62441940307617,0.01841882415707804,2.508329051066658
2010-05-28,83.33222833609388,84.09673988683619,82.8335312406258,83.34101104736328,11758500,0.00010537859296588792,81.8126449584961,83.3967113494873,0.01829177950627195,-0.3051227047428793
2010-05-31,83.3058910576575,83.4201266766703,81.94381952588472,82.97415924072266,8768220,-0.004401816129062097,81.63513870239258,83.2179946899414,0.018050312176972172,-1.0557842803850215
2010-06-01,83.02906685158601,83.0422476243839,80.75748871315655,81.50881958007812,11365460,-0.01766019293299881,81.45631332397461,83.03806953430175,0.018094890341357382,-0.42261680663069257
2010-06-02,81.19687374394242,81.8449508186987,80.31811971360617,81.41875457763672,18903340,-0.001104972479118338,81.38821182250976,82.89900703430176,0.017980086298119362,1.4585585710901485
2010-06-03,81.90427206620183,83.92101098286909,81.90427206620183,83.7276840209961,13593780,0.028358692727947554,81.62833251953126,82.92119636535645,0.019016685270989653,0.08319344174663375
2010-06-04,83.74525196068004,83.9122106479164,82.60726052941416,82.85331726074219,10188700,-0.01044298275388389,81.88822479248047,83.00391006469727,0.01825276870702926,-0.7085363822931545
2010-06-07,82.03166088539344,83.255327086299,79.45471981487071,82.45565795898438,19238260,-0.004799558000874837,82.1171371459961,82.8774787902832,0.014810396539778992,1.5476834076024488
2010-06-08,82.60286313430937,83.34980257709869,81.41654675995457,81.84274291992188,11342280,-0.007433268428558071,82.37615051269532,82.68942489624024,0.01472104732487775,-0.41467825275998704
2010-06-09,81.72411404673413,83.28829494181268,81.35283998151708,82.64241027832031,11584680,0.009770779055888523,82.60967864990235,82.48291778564453,0.014526126730110297,-0.3257987520105274
2010-06-10,83.17303633444509,84.98826433469353,82.38150472976322,84.7317886352539,17020940,0.02528215658155486,82.74963455200195,82.401859664917,0.01576194471676694,0.9618059672446233
2010-06-11,84.95068413810391,86.22863648066462,84.95068413810391,86.06502532958984,21630760,0.01573478756686164,83.02203598022462,82.41734046936035,0.016111461724327557,1.7996562561715925
2010-06-14,86.06501098933927,87.33411726844982,86.06501098933927,87.25231170654297,14977960,0.013795224859417088,83.44985122680664,82.54249496459961,0.0161190075569064,0.26836635688510757
2010-06-15,87.33414011296274,87.55523920185632,86.36130547131275,86.84329986572266,9121560,-0.0046876905931839685,83.9832992553711,82.71980628967285,0.015590073233272191,-0.9986924170381861
2010-06-16,87.334125287707,87.99742244179085,87.02679436755918,87.38055419921875,18168580,0.006186479950978319,84.5794792175293,82.98384552001953,0.015110079126699011,1.0020192607106237
2010-06-17,87.68789526508446,88.39540826285712,87.02680443678715,88.26717376708984,15977200,0.01014664619601402,85.03342819213867,83.33088035583496,0.014879720173515154,0.4425973217166847
2010-06-18,88.0858819836408,88.34899045808821,87.48228574601025,88.07261657714844,9802800,-0.002204185107985701,85.5553581237793,83.72179145812989,0.014399180728056049,-0.9846851562647506
2010-06-21,88.51035667202275,88.88180138679904,88.00182490420178,88.38874816894531,14203300,0.003589442486019001,86.14866714477539,84.13290214538574,0.014336962659691154,-0.015233600770670926
2010-06-22,88.21852821510987,88.43962728331817,87.66356739473646,87.86698150634766,8524880,-0.0059030891760154525,86.75109100341797,84.56362075805664,0.014056131130103015,-1.3019981479465232
2010-06-23,87.7630657879397,88.6032395588282,87.3562443069636,88.38435363769531,8488080,0.005888129106953244,87.32528533935547,84.96748199462891,0.013930106217806305,-1.1961949112572219
2010-06-24,88.30919024942715,88.7491752888369,87.55524152659241,88.51039123535156,17653100,0.0014260170773314762,87.70314559936523,85.2263900756836,0.011605536412958072,0.9834901574340585
2010-06-25,87.56186162143358,88.08586532098741,85.786436416019,86.12471771240234,14470320,-0.026953598212052232,87.70911483764648,85.36557540893554,0.013408097875942585,0.17601829010627268
2010-06-28,86.32149761557237,86.84770770836447,85.04575172632943,86.25959014892578,10658160,0.001566013104087327,87.60984268188477,85.5298469543457,0.013330652084272601,-0.7999425686110881
2010-06-29,85.79086317148214,86.1755801615161,83.84519395331542,84.21221923828125,15902320,-0.023734994649403984,87.34673461914062,85.66501693725586,0.013861491653502544,0.4614592516384373
2010-06-30,83.79654578853433,85.73779531289482,83.08902608027479,84.85781860351562,17535120,0.007666338342273482,87.0944610595703,85.8369701385498,0.013905961511528293,0.9080545526205365
2010-07-01,84.54826358129615,85.33095599843337,83.79652826559796,84.34485626220703,11567260,-0.006044962618062644,86.70222930908203,85.86782875061036,0.012557416576248648,-0.5948952237282796
2010-07-02,84.34486406255988,85.05017053873402,84.01542190529207,84.58586120605469,8225000,0.0028573757135637035,86.35355377197266,85.95445594787597,0.012300152978924532,-1.3788871575643964
2010-07-05,84.06186827550395,85.30001765724248,83.92920748534395,84.68978881835938,5160540,0.0012286641150525135,85.98365783691406,86.06616249084473,0.012221394217532865,-1.859622169297684
2010-07-06,84.6809340880892,87.10197132560197,84.4598350434728,86.84770202636719,12496060,0.025480205324824423,85.88172988891601,86.316410446167,0.013148887735330666,-0.15575877604555413
2010-07-07,87.06217246117085,87.06880516292475,85.39066414510802,85.66703796386719,7933440,-0.013594649425974992,85.6099983215332,86.46764183044434,0.013552548265231964,-1.146137947995847
2010-07-08,86.67082267432285,87.1063880479651,85.88592379039325,86.03848266601562,6725840,0.004335911582528551,85.36280746459961,86.53297653198243,0.0124106351237449,-1.2738325919906521
2010-07-09,86.44973256452349,88.96805409972406,86.23305305639468,88.56122589111328,31402360,0.029321103149743344,85.6064582824707,86.6577865600586,0.013585155136238553,3.142619781035214
2010-07-12,88.83761462049287,90.91595153360892,88.74917633103047,90.62631225585938,29738560,0.023318177271903773,86.04313049316406,86.82648658752441,0.014191456542067002,2.3042293382065937
2010-07-13,90.73906064895986,91.97721684052554,90.09345511699334,91.64778137207033,12514620,0.011271220143296734,86.78668670654297,87.0667106628418,0.01424453194450636,-0.19489464534007714
2010-07-14,91.9772113578106,93.343601964854,91.67872626954762,92.25579833984376,21116060,0.006634279179165592,87.52648468017578,87.31047286987305,0.014250498468412223,1.01342930282624
2010-07-15,92.4194119011308,92.4194119011308,90.87171840039416,91.2077865600586,6477460,-0.011359847279458712,88.21277770996093,87.45750350952149,0.014477735014074341,-0.9800616227933623
2010-07-16,91.26968128070462,91.3581262948898,89.81927211384357,90.16197967529295,9427760,-0.011466201781763385,88.77038955688477,87.56197166442871,0.014755976134962826,-0.5666083579282548
2010-07-19,90.29683791258894,91.26967224565686,89.41244183754418,90.55552673339844,17531160,0.004364889275089157,89.35696334838867,87.67031059265136,0.014763390938502062,0.5307094965466764
2010-07-20,90.5555511524116,92.36192684424618,90.03154741623092,90.40299224853516,13369180,-0.0016844304303187396,89.71249237060547,87.79711112976074,0.014684761224156873,-0.0768696319109119
2010-07-21,90.65502580537952,91.30285111956314,89.54511105543796,89.90107727050781,9284700,-0.0055519730657529465,90.13589630126953,87.87294731140136,0.014728646192274241,-0.655549080089336
2010-07-22,89.76622167398462,91.22547687333888,89.54512260582209,90.9712142944336,11149940,0.011903495001575948,90.62916946411133,87.99598846435546,0.014931259338561511,-0.3498120234890063
2010-07-23,91.49079429619448,91.49079429619448,89.58492135427602,90.14651489257812,13843620,-0.009065498446423792,90.7876983642578,88.19707832336425,0.013616405198898951,0.03389861063797265
2010-07-26,90.42951661340705,91.08396794950124,89.94972867865246,90.73463439941406,6072980,0.006524040419496613,90.79853057861328,88.42083053588867,0.01364605496782121,-1.0040164561233202
2010-07-27,90.79212591446309,91.8887754192846,90.42952019862707,91.3935089111328,13291820,0.007261554709289575,90.77310333251953,88.77989501953125,0.012176315993917759,0.0067124561032924435
2010-07-28,91.6234472860524,92.41940523564958,91.09059775239716,92.2469482421875,13142120,0.009338073800017277,90.7722183227539,89.14935150146485,0.012207279265267304,0.01652578304221423
2010-07-29,92.4592278753252,93.52492724726096,92.12094649347618,92.8881607055664,22531480,0.006951042561271992,90.94025573730468,89.5765167236328,0.011973891369687016,1.19910670895254
2010-07-30,92.7599143232396,94.49774993591822,91.97722165354794,94.05113220214844,23399320,0.012520126222203665,91.32917098999023,90.0497802734375,0.012081451269443627,1.1826351456916515
2010-08-02,94.18821597334949,94.84709371603311,93.80571210382708,94.46900939941406,16526680,0.004443085239712596,91.7205192565918,90.53874130249024,0.012044552337361,0.22093568150675122
2010-08-03,94.63041485905364,94.8072914402004,93.38120629275588,93.85435485839844,16220960,-0.006506414589538823,92.06565551757812,90.88907394409179,0.011362827761682178,0.15452178278772952
2010-08-04,93.5249057274791,94.14398041867412,92.47247200503948,93.51605987548828,14734700,-0.0036044676181574697,92.42715377807617,91.28152503967286,0.010754363340153165,-0.09644720352068566
2010-08-05,91.31392709913068,94.07324625991012,91.31392709913068,92.87267303466795,14710560,-0.006879960957261955,92.6172996520996,91.62323455810547,0.011048880291884777,-0.16226167675484215
2010-08-06,92.56312672898822,93.30380998235827,92.04133614888552,92.45037078857422,10920880,-0.00454710984722162,92.84768524169922,91.81769180297852,0.00942097064166498,-0.6604474774477028
2010-08-09,92.4193954822404,93.0340505220107,91.59469366286584,92.06563568115234,5236440,-0.004161531253365491,92.98078536987305,91.88965797424316,0.008087353719920648,-1.635635670406008
2010-08-10,92.21822296719168,92.95890630294156,91.52397530065582,92.64715576171876,14694540,0.006316364148946763,93.10615005493165,91.93962669372559,0.007821856208236846,0.19821657365054013
2010-08-11,92.90583263360423,93.43867545871818,91.88656240434588,92.39730072021484,14670160,-0.002696845245271473,93.12118530273438,91.94670181274414,0.007718801717504379,0.2726887835967281
2010-08-12,91.84013307990384,92.10102836398868,90.56218072097394,91.67430877685548,9938860,-0.00782481671784574,92.99980010986329,91.97002792358398,0.007479210188907798,-0.7826593314856511
2010-08-13,91.16136299420576,92.92352296764064,91.01543678874066,92.3110809326172,10499860,0.006946026255967519,92.82579498291015,92.07748298645019,0.007079561844678033,-0.6787866419036506
2010-08-16,91.90644578151009,94.05110913238934,91.5526859739806,92.1540756225586,7186680,-0.0017008284213810843,92.59430160522462,92.1574104309082,0.007066861310530012,-1.2614441743921339
2010-08-17,93.21538452275034,94.45354086694354,92.02587025181718,93.79244995117188,20131820,0.017778642100688913,92.58811111450196,92.32688331604004,0.007974227646840868,1.3648161336251825
2010-08-18,94.18819193432113,97.23935601632915,94.18819193432113,96.9276123046875,38844340,0.03342659622547206,92.92926635742188,92.67821006774902,0.010444784238686356,3.226981042328887
2010-08-19,96.62029688869583,99.03027548449286,96.62029688869583,98.6168212890625,20763920,0.017427531166919197,93.50368118286133,93.06049041748047,0.010738668899610443,0.7213435353415711
2010-08-20,97.79431963340248,99.04352790834402,97.51352627078472,98.66766357421876,8398140,0.0005155538831174145,94.12541046142579,93.4865478515625,0.010326362209078236,-0.8771013972945179
2010-08-23,97.85181937017862,98.52174929840896,96.53185762080496,97.13324737548828,8194860,-0.01555135839997146,94.63217163085938,93.80647850036621,0.011246065072856502,-0.9320344358571699
2010-08-24,97.1332499530636,98.16799203349812,95.51922261217584,97.66609954833984,10680280,0.005485785632098894,95.13406600952149,94.12010803222657,0.011221559495752688,-0.5796463522667378
2010-08-25,97.32781081373628,97.94688549487614,96.33507142669076,96.94088745117188,10591220,-0.007425422951481964,95.58842468261719,94.35480499267578,0.011378370265458569,-0.5703900296290954
2010-08-26,96.33729279474656,97.896038632229,95.80223004458198,96.32624053955078,20388100,-0.006340430006179676,96.05361785888672,94.526708984375,0.011495077499360237,0.7369444043216846
2010-08-27,96.39918616935869,96.83917112137412,93.99584056623534,94.59280395507812,11550480,-0.017995476359953244,96.28179016113282,94.55379257202148,0.012021743754202665,-0.36970153996993754
2010-08-30,95.5147958430984,96.29748842053137,93.59565758303629,94.26337432861328,6876460,-0.003482607689917816,96.49272003173829,94.54351081848145,0.012010526079955428,-0.9248304843965932
2010-08-31,93.96710216206868,94.63039935380093,93.40550865046114,94.37613677978516,9390160,0.0011962488291452633,96.55108871459962,94.56959991455078,0.011915415134878671,-0.5385739272317446
2010-09-01,94.43362788264146,95.29370657049093,93.74601296029734,95.03944396972656,9616200,0.007028335896913651,96.36227188110351,94.6457691192627,0.011967060824273281,-0.47163563306396866
2010-09-02,95.5059449446099,97.0602710156762,95.5059449446099,96.72862243652344,11590660,0.017773446436986085,96.1734519958496,94.83856658935547,0.012388434052164908,-0.1884693205530514
2010-09-03,97.01826627788392,97.28358785280928,95.87960745136104,97.01605987548828,8118160,0.0029715861936674415,96.00829162597657,95.06685104370118,0.012289523412981212,-0.6259681307941045
2010-09-06,97.1951593644477,98.15472858611662,96.62693309516412,97.47373962402344,9546440,0.004717566855658273,96.04234085083007,95.33725624084472,0.012196835454980817,-0.47674818984185846
2010-09-07,97.99110557127348,97.99110557127348,96.51195232792544,97.24378967285156,8407840,-0.0023590964300624906,96.00010986328125,95.56708793640136,0.012224236969161223,-0.5830460225113482
2010-09-08,96.75296034404263,97.27917724265691,96.01449021442218,96.38151550292967,9969600,-0.008867138691558196,95.94417266845703,95.76629867553712,0.012438143439322567,-0.34234326087844025
2010-09-09,97.06248779470208,99.49457746609554,96.5362709498517,99.266845703125,26029580,0.029936551476072326,96.23823318481445,96.14592552185059,0.013645938085746196,1.5781209800996796
2010-09-13,99.49899325385476,101.48446517590544,99.40613543028128,100.92950439453124,14595580,0.016749385755428392,96.87190322875976,96.57684669494628,0.013927691070688912,0.13121550758953016
2010-09-14,101.08648890417956,103.91655406048068,101.08648890417956,103.21788024902344,32697460,0.022673011902911933,97.76735382080078,97.13003692626953,0.014408701960005018,2.001944569648258
2010-09-15,103.43014747881762,105.4200392094718,103.2996998306082,105.04196166992188,25503160,0.017672145722210653,98.83393630981445,97.69251251220703,0.014404054485998062,1.1350733710970817
2010-09-16,105.053011338661,106.79084672360614,104.15313653881712,105.91971588134766,25534780,0.008356224478975216,99.92196350097656,98.14211769104004,0.012881679365352615,1.4373382367648035
2010-09-17,105.9197263926504,107.2772780039803,105.5527011043828,106.15409088134766,21503140,0.0022127608448510028,100.86451034545898,98.5189811706543,0.012523839699109737,0.9071507053310092
2010-09-20,106.26906269052245,109.22072994506144,105.96394488731144,108.1705093383789,15095460,0.018995202542736456,101.97995529174804,98.9941234588623,0.01294618578518699,0.039495988874015966
2010-09-21,108.56406993165336,110.31075809535288,108.56406993165336,109.25611114501952,32710780,0.010036023804275818,103.15819244384765,99.60026664733887,0.012075941283786602,1.9768699597885833
2010-09-22,109.22292509454006,110.10732124915172,108.351794342455,109.7380828857422,25049020,0.004411393886086135,104.40762176513672,100.20386581420898,0.012080582056596484,0.969169435780199
2010-09-23,109.29149088757744,109.7469544742244,108.47784785389833,108.95099639892578,12380340,-0.007172409669630619,105.66456985473633,100.80437126159669,0.012066002738391764,-0.5221821776720976
2010-09-24,106.48794325288574,110.63797025427972,106.48794325288574,110.33948516845705,27910620,0.012744158524693905,106.77183380126954,101.50503349304199,0.011796531173296543,1.2108748107661431
2010-09-27,110.54953354142698,111.0271083360149,107.61775775273776,107.82780456542967,16677440,-0.02276320756067285,107.46166381835937,102.16678352355957,0.012360372574809523,-0.08951873426663451
2010-09-28,107.80788752952276,108.8558947643095,107.07383713631874,108.35620880126952,18864220,0.004900445093632744,107.97549667358399,102.87142524719238,0.012139144338239056,0.09598799926025624
2010-09-29,109.39981993717524,109.39981993717524,107.2861133136666,108.02237701416016,15595720,-0.003080873637076209,108.2735382080078,103.55373725891113,0.012284697661496582,-0.34007654493673306
2010-09-30,107.45414557155225,110.50530996906522,107.30821937898834,110.0785903930664,36959780,0.01903506880464878,108.68942565917969,104.30569458007812,0.012583773134448565,1.9410467873556274
2010-10-01,110.19577924978312,110.72641568809888,108.88466333514502,110.58270263671876,17730260,0.004579566670069868,109.1322868347168,104.99839859008789,0.01235774059188992,-0.2665446012099276
2010-10-04,110.58269529036656,111.54889711854123,109.80664216550616,110.28421020507812,13980460,-0.002699268733024507,109.34365692138672,105.66180610656738,0.012513971192090152,-0.7613507757849598
2010-10-05,109.72705042085092,110.97847201499556,107.78358763133544,108.24126434326172,17196660,-0.018524373144781725,109.24217224121094,106.2001823425293,0.013710547172558244,-0.44055666725239856
2010-10-06,108.55964552965466,109.66514090164708,108.33854645525618,108.63703155517578,8219880,0.003656343209914592,109.1320671081543,106.76984443664551,0.013598240815764676,-1.558974475225919
2010-10-07,108.64806956471598,109.222928432262,107.30157718786138,107.61111450195312,9012840,-0.009443529876841272,108.99807891845703,107.33132438659668,0.013631181440517321,-1.4414266763043841
2010-10-08,107.68187662223002,108.25010283478036,105.68535234880066,106.3818130493164,14906860,-0.011423554698101412,108.60231170654296,107.68707275390625,0.012862654287598177,-0.6438157942961045
2010-10-11,107.93172051765548,107.93172051765548,104.65281760097784,105.61902618408205,19820040,-0.007170275100319534,108.38143386840821,107.92154884338379,0.012681105207630548,-0.06866561742400104
2010-10-12,106.04132295887278,106.12755483593293,103.45446785819183,105.25642395019533,15619800,-0.003433114723617514,108.07145538330079,108.02347602844239,0.011791450583784184,-0.5204610447112129
2010-10-13,105.4642574468516,108.33854538565468,104.66829943739371,107.95162200927734,20573400,0.025606019641682964,108.0643798828125,108.16895904541016,0.012492884644408796,0.1776401843059139
2010-10-14,108.11744012230444,108.60386075228816,106.5719598551868,107.2042999267578,7707260,-0.006922749918989779,107.77695083618164,108.23318824768066,0.012514906419927412,-1.3983404291354624
2010-10-15,107.20652598653314,108.01795585426484,105.240951871637,105.51953887939452,11726540,-0.01571542418088001,107.27063446044922,108.201460647583,0.0130305779857592,-0.7968391518808841
2010-10-18,112.3139079426528,112.3139079426528,104.04922363125158,106.05901336669922,16550200,0.005112555390535789,106.84811477661133,108.09588584899902,0.012302589521929684,-0.18279932811747768
2010-10-19,107.14459797565192,107.14459797565192,104.29462806229604,104.75009155273438,16649040,-0.012341448146790168,106.49899749755859,107.87058486938477,0.01227190862883071,-0.073706473354656
2010-10-20,104.75674127376412,104.88940207107956,102.94815242100852,103.277587890625,9860460,-0.014057301910500697,105.96305313110352,107.54756011962891,0.012455018797277652,-0.960426346241535
2010-10-21,103.0343669627864,105.01319934487434,102.44181640080976,104.58426666259766,14595060,0.012652103894568834,105.66036834716797,107.3292236328125,0.012883268352808168,-0.28316311938974825
2010-10-22,105.24315558049736,105.24315558049736,102.52363976340992,102.88402557373048,12950380,-0.01625714022886804,105.31058959960937,106.95645065307617,0.01277225185847014,-0.45065733846174993
2010-10-25,103.29747325030124,104.69039449070787,101.66133497121132,101.91339111328124,17259580,-0.009434258185724409,104.9400260925293,106.66072998046874,0.012036042593851813,0.23568431374164459
2010-10-26,102.05931603001584,102.85527390646853,101.30758065957998,101.76746368408205,10139440,-0.001431876886885064,104.59113006591797,106.33129272460937,0.011906848740475415,-0.8251250491506369
2010-10-27,101.9708932090426,101.9708932090426,99.0700677591464,99.68472290039062,16440660,-0.02046568429922646,103.76444015502929,105.9144100189209,0.01252654259137011,0.1653940305129712
2010-10-28,99.78200351172153,102.4064550331245,99.09660182067567,100.23304748535156,42138460,0.005500587943739754,103.06731491088867,105.42213287353516,0.011547721532670132,3.635454381493275
2010-10-29,100.82117675451808,101.61713476258804,98.91972338729774,100.81675720214844,16264860,0.005823525588027012,102.59703674316407,104.93383560180663,0.011603044345099369,0.09411594907484064
2010-11-01,101.61712016895572,104.62406846348688,101.04447446484468,103.88117218017578,20269600,0.030395889166350276,102.37925262451172,104.61368370056152,0.013994180311313387,0.5965287153607919
2010-11-02,104.57986366062651,105.55269825217393,103.6070290690791,103.93204498291016,11122040,0.0004897211079417652,102.2974479675293,104.39822273254394,0.013514041075120031,-0.603787747252527
2010-11-03,104.40297718899431,104.884971512836,103.96298547827683,104.458251953125,7081520,0.005062990632979103,102.4155143737793,104.18928375244141,0.013548332758937555,-1.1322078927613313
2010-11-04,105.6853400346318,106.34863714781989,104.6926075143973,105.64996337890624,9716320,0.01140849481490469,102.52208404541015,104.09122619628906,0.013736082441148812,-0.7872474278186729
2010-11-08,105.83568523294127,106.12753758066582,102.83095013487753,103.27093505859376,8510920,-0.022518023141950838,102.56077499389649,103.93568229675293,0.014394645930714704,-0.8865987009799983
2010-11-09,103.47435664659092,106.42823675142172,103.04763709432792,106.06121826171876,13716100,0.027019056247935103,102.97555770874024,103.95779190063476,0.015647045432395007,-0.16314836667275553
2010-11-10,106.12753999743845,107.00309031314328,105.39128315756544,105.94403076171876,8934340,-0.0011049043365768396,103.39321441650391,103.99217224121094,0.01562626360593231,-0.7423648637206316
2010-11-11,105.46867926130052,106.54322428396732,103.30854370849067,104.06249237060548,6728740,-0.01775973953025345,103.83099136352538,103.79771575927734,0.014944442153952416,-0.9331946178632591
2010-11-12,103.69547023125612,105.19894130110409,101.92667756206625,102.3644561767578,12403100,-0.016317466122186874,104.04413223266602,103.55572357177735,0.015260647909736316,-0.2309852015785542
2010-11-15,102.36886211653729,105.7737862024654,102.32463960672472,105.50183868408205,22815960,0.03064913959887372,104.51264038085938,103.55483856201172,0.01656484846224736,1.0407586866973668
2010-11-16,106.11427623607052,106.11427623607052,102.81105596276458,104.9159164428711,18299340,-0.0055536685286163845,104.61611480712891,103.49768371582032,0.016567397191186134,0.44800266875376626
2010-11-18,106.96772150877106,106.96772150877106,102.53468809701678,103.48983764648438,16631980,-0.01359258770963745,104.57189407348633,103.4346710205078,0.016617099999704774,0.23497145085107957
2010-11-19,103.69546910476096,104.53564291453552,101.35181749406291,101.8647689819336,11752680,-0.015702688317107305,104.31254577636719,103.36403007507325,0.016691791071912827,-0.40354338976258863
2010-11-22,102.6341922081309,105.72736607488284,101.9708949902776,105.23873901367188,11021900,0.033122050591767094,104.27142333984375,103.39675369262696,0.01811155762894746,-0.4716785120277575
2010-11-23,104.57984748029894,105.24314461019512,102.03499533276022,104.88053894042967,11416240,-0.0034036902817285997,104.43238372802735,103.49657936096192,0.017710501126512228,-0.41008818130122077
2010-11-24,104.09343254271351,104.97340921192873,101.261154183938,102.2096710205078,8257500,-0.025465810405864486,104.04722900390625,103.51139335632324,0.018555458674122723,-0.7459630000633265
2010-11-25,102.81106249926104,104.301267998682,101.362866360869,102.7248306274414,22687740,0.005040223706719971,103.72530899047851,103.55926170349122,0.018579942895930686,0.9723384708899868
2010-11-26,102.85529922673392,103.4743739789264,100.64430832974833,101.61271667480467,15139380,-0.010826145400717246,103.48033142089844,103.65566139221191,0.01812328277124854,0.04867848205702655
2010-11-29,101.70558126133793,102.49711303359892,101.04228399224225,101.61271667480467,11818860,0.0,103.40515747070313,103.72464485168457,0.018094915007403744,-0.2877505151529492
2010-11-30,101.57288786632546,103.21123240498493,99.87042947035994,101.0599365234375,17253560,-0.005440068619917526,102.96096725463867,103.73680381774902,0.018106869092257605,0.804716651251948
2010-12-01,101.19924393700023,105.02204838758232,100.82116645207904,104.67050170898438,16081440,0.03572696866586211,102.93642578125,103.77627029418946,0.018605979623540762,0.6393823521661252
2010-12-02,105.15471864863868,106.12755320352268,104.0536428550852,105.7627410888672,14738560,0.010435025743160908,103.16371612548828,103.8678050994873,0.01873695611091504,0.31655197833411314
2010-12-03,105.90645196486246,106.12755102950726,104.88939491801476,105.93519592285156,7923580,0.001630582114352075,103.57075881958008,103.94165229797363,0.018713863521286036,-1.1553965848578915
2010-12-06,107.01193537277705,107.23303441280343,105.03309626557788,105.38685607910156,9363120,-0.00517618190038871,103.58557052612305,103.92849693298339,0.0185892167703696,-0.8391003901941494
2010-12-07,105.2431672851657,105.68536546703616,102.96584934749644,103.98953247070312,17194700,-0.01325899320262136,103.4964698791504,103.96442680358886,0.018106945556365422,0.7580013876928359
2010-12-08,103.47435493651888,103.47435493651888,100.16671505260857,100.841064453125,23488440,-0.030276778275401317,103.3596092224121,103.70341911315919,0.018222741837939933,1.8245642396333275
2010-12-09,100.51825589521324,101.01572872660395,98.13701495728245,98.6986083984375,36567840,-0.02124586909416648,102.95698699951171,103.34114799499511,0.01869979654704957,3.0044947043692773
2010-12-10,97.28359087810938,98.70968257971764,95.97026186146223,98.27190399169922,41242460,-0.004323307224512352,102.62290573120117,103.0516185760498,0.01839451265932165,2.742105001497166
2010-12-13,99.1850314751978,99.27346974241335,96.4610896615516,99.00814819335938,15823360,0.007491909403956942,102.36244888305664,102.88380317687988,0.018236530385498016,-0.1907889693259322
2010-12-14,99.36192185107028,100.639874220469,97.81422834327353,98.9749984741211,11844160,-0.0003348180916740162,102.153955078125,102.55746116638184,0.0166039208685394,-0.5874328548987147
2010-12-15,98.61018060878683,98.61018060878683,95.07259565421153,95.64302825927734,22420420,-0.03366476651894024,101.2512077331543,102.09381675720215,0.017960724661621484,0.6051808191359389
2010-12-16,95.64745375988556,98.15029671371968,95.0725948600872,97.31896209716795,19518360,0.017522801906139307,100.40682983398438,101.78527297973633,0.018468747575569888,0.25603332749951935
2010-12-20,97.27476520225474,97.27476520225474,95.1367405287287,96.06756591796876,10322440,-0.012858708644567507,99.4200668334961,101.49541282653809,0.018375761029841415,-0.7818383342653905
2010-12-21,96.08965465568572,98.12597514779702,96.04101259166296,97.90708923339844,12351160,0.019148224459027308,98.67209014892578,101.12883033752442,0.017165205165530807,-0.5617931911295206
2010-12-22,98.74284341723656,99.05238075762252,95.95920700875928,96.34613037109376,15006480,-0.01594326697409565,97.90774993896484,100.70210990905761,0.017390421239986683,-0.28207599310555115
2010-12-23,96.39920006184444,97.46047295989214,96.13167206103893,96.88340759277344,6526540,0.00557653140411829,97.5119842529297,100.4357967376709,0.016755992470975655,-1.235227869472441
2010-12-24,96.79717298401262,98.3780367787718,96.17809826883176,98.09723663330078,7033420,0.012528760813506734,97.45184707641602,100.20441703796386,0.017015919397435273,-1.0644565670323265
2010-12-27,98.1237611336874,98.6101817696308,97.15535290879484,97.88939666748048,7541260,-0.0021187137676184076,97.41359634399414,100.01825103759765,0.016893589749723003,-0.9421388515125411
2010-12-28,98.34044875909444,100.32149463118468,97.95352536820292,99.76654052734376,9350060,0.019176171513649587,97.48943557739258,99.9259422302246,0.017529112440253604,-0.7257952417910897
2010-12-29,99.759881509645,103.33283577046576,99.65153840053694,102.9348602294922,16142080,0.0317573375342215,97.8854217529297,100.01968841552734,0.018925308029018865,0.012741490044311824
2010-12-30,103.30633640459696,103.62471963322584,101.17715109341948,101.94879150390624,14504700,-0.009579541113550194,98.5159980773926,99.88360290527343,0.017193376617533083,-0.15532170333594553
2010-12-31,101.92665561295644,104.57984404539782,101.35400991931002,103.75514221191406,16497820,0.01771821599217893,99.1596160888672,99.78322296142578,0.017526146430812805,0.050127728286257445
2011-01-03,104.8009585940748,106.1120744524666,103.93424727566084,105.70746612548828,10796780,0.018816647271194586,100.12360610961915,99.77183647155762,0.01806520853390292,-0.5873596954679006
2011-01-04,105.53058186480538,105.59691563327772,103.16482589893567,103.71977996826172,16568260,-0.018803649638776898,100.70487518310549,99.68848266601563,0.018523789443158627,0.003462243248064535
2011-01-05,103.90331135514168,103.90331135514168,101.59503621665074,102.06819152832033,15651840,-0.01592356289655439,101.27708129882814,99.59241561889648,0.01862865957922926,-0.08959643456270494
2011-01-06,102.41310076124309,103.59155593718452,102.10355663860284,102.93267822265624,10870180,0.008469697379678287,101.88200836181642,99.69699630737304,0.017370457791429997,-0.5545337391894053
2011-01-07,102.86412907858076,102.86412907858076,99.98100206641053,100.35466003417967,15896020,-0.0250456728901971,102.1077507019043,99.77979888916016,0.017647119194750264,0.146811522092219
2011-01-10,99.762108303001,100.3789765902639,94.5419625609284,95.1720962524414,40141720,-0.05164248257104498,101.8360206604004,99.62480850219727,0.021208351854484702,3.482594275638267
2011-01-11,95.95699852103624,98.11050135171556,93.96710684663688,94.92225646972656,24315180,-0.0026251369104254296,101.35159225463867,99.42051391601562,0.02110587505828527,1.2038405588653691
2011-01-12,95.91277811624192,97.9026698343997,93.15346591873784,97.51795959472656,19810660,0.027345569116636437,100.80990219116211,99.3476619720459,0.02209758593223692,0.5569337320968084
2011-01-13,97.68156516117142,98.05301672198792,94.02901100117218,94.7630615234375,18972020,-0.02825016112660783,100.09132919311523,99.30366363525391,0.021699557829549233,0.47741628538584446
2011-01-14,95.07259362038116,97.63734400706367,89.76621630203431,90.6307144165039,25582820,-0.04360715072414112,98.77888641357421,98.9692512512207,0.023311750632625795,1.2688211061663937
2011-01-17,91.09280178551666,92.552056755834,90.6749213735219,91.45098114013672,24561640,0.009050648325060973,97.35323791503906,98.7384220123291,0.023353327795518564,1.0289205771449725
2011-01-18,92.27790360707188,93.56912809946712,90.5024783642885,93.27506256103516,16840320,0.019946001652002776,96.3087661743164,98.50682067871094,0.023392355337100205,0.026665880453064027
2011-01-19,93.37675588918974,93.48288585892804,91.2254665184986,91.7760009765625,17984100,-0.016071407976721908,95.27954711914063,98.27831420898437,0.023396347073275797,0.15318218887985013
2011-01-20,91.50183216092852,94.38275216522136,90.46929675304708,93.6376495361328,19277080,0.020284699047256494,94.35004425048827,98.11602630615235,0.02387864782419648,0.2480881066736755
2011-01-21,93.03848597008395,93.95383935876824,91.80475612817054,92.60292053222656,16595220,-0.01105035217171868,93.57487030029297,97.84131050109863,0.02373491099666304,-0.18319054993364017
2011-01-24,92.64052145558593,95.24948809594432,91.66768678023578,95.01070404052734,25548320,0.026001161674624074,93.55873107910156,97.69737586975097,0.02458311598448475,0.9857695858744178
2011-01-25,95.12565726681262,96.17145824804776,91.5394302493116,92.16735076904295,28221080,-0.02992666247659359,93.2832405090332,97.31741638183594,0.024890897416821118,1.2510070954479222
2011-01-27,92.86160890388936,92.86160890388936,90.25264259079094,90.69041442871094,37891160,-0.016024506812970962,92.60048599243164,96.70519409179687,0.023570971727967502,2.1779925818447516
2011-01-28,90.87171789338764,92.39066742676478,90.29907211099903,90.83855438232422,35596840,0.0016334687028001227,92.20803527832031,96.14968223571778,0.023615809339600217,1.644096738288865
2011-01-31,90.3278273496822,91.2453872565295,88.27160169066796,90.53123474121094,22236060,-0.0033831410374478565,92.19808731079101,95.48848686218261,0.022987614508509755,0.008270331057041088
2011-02-01,91.84012425375435,91.84012425375435,89.10733649349494,90.19072723388672,17102460,-0.0037612157648968525,92.07206192016602,94.71264991760253,0.022218340631293167,-0.6809761205178515
2011-02-02,90.71695168187416,91.24759488266236,88.71379451586526,89.31961059570312,19524340,-0.009658605323411784,91.67651672363282,93.99264144897461,0.022070745808206102,-0.3976662209737896
2011-02-03,89.32402472798198,91.61240146344038,88.88182658576424,91.13482666015624,11592060,0.020322704637277367,91.61239929199219,93.4459732055664,0.022794058924387843,-1.345730626747858
2011-02-04,90.69483963957953,92.19831059053388,88.66072553190428,89.22452545166016,18506400,-0.020961264518773226,91.17108688354492,92.7605655670166,0.02280155885122383,-0.5628286182298813
2011-02-07,90.42951653170864,91.09281371898275,89.33286707135625,90.15756225585938,17118920,0.010457178667817368,90.9265510559082,92.25071067810059,0.02269389844277803,-0.7575916387959839
2011-02-08,91.08839983836792,91.09060624089216,87.78075280041175,88.56565856933594,14391980,-0.01765690693816402,90.28204650878907,91.9203887939453,0.02015557923017549,-1.0843281113103602
2011-02-09,88.35118960422034,89.9873213705672,87.61713907341662,89.42572784423828,14715160,0.00971109218624533,90.0078842163086,91.6455623626709,0.020368075147688063,-0.9436112014518989
2011-02-10,89.14714326095373,90.60639165198864,88.43962357340338,89.14051055908203,23071180,-0.003189432079915955,89.8528938293457,91.22668991088867,0.01909576025309848,0.26632023677982314
2011-02-11,88.21852095699501,91.09280860722292,88.21852095699501,91.06185150146484,20206840,0.021554071547631004,89.87522354125977,91.04162940979003,0.01905639758733341,-0.16587877525263814
2011-02-14,90.6572450934197,93.31264689850248,90.6572450934197,93.10260009765624,11844720,0.022410576575620844,90.13236007690429,91.16522369384765,0.017048464530252844,-1.256868895570257
2011-02-15,93.30381100392624,94.099769034958,91.76938286136756,93.17115020751952,15199460,0.0007362856653989613,90.43040237426757,91.2512321472168,0.01695537165882816,-0.7069184241464646
2011-02-16,93.48067941264613,93.83443925640056,92.20052071962976,92.63387298583984,9101580,-0.005766562079388304,90.76182861328125,91.21917266845703,0.01641488216292261,-1.4379566218765067
2011-02-17,92.86159790856289,97.01825721122134,92.64049886592343,96.64681243896484,23609840,0.04332043262121221,91.3130271911621,91.46271324157715,0.018619864894658406,0.47451903785103655
2011-02-18,96.57607919657906,99.18947204307554,95.74695761437144,96.22674560546876,39535740,-0.004346411670445582,92.01324920654297,91.59216804504395,0.018209276715812715,2.1372827737878324
2011-02-21,95.7358907658648,97.63734398737044,94.2987469091024,97.35875701904295,11201020,0.01176399977419429,92.73336868286133,91.82995986938477,0.018094530239556837,-1.0841791235690494
2011-02-22,96.84138212540029,96.91655499133384,93.98477948288766,94.56185150146484,11592860,-0.028727826887015917,93.33298797607422,91.80751724243164,0.01851265523306041,-0.944689365174326
2011-02-23,93.9759476115517,95.20525786183968,92.87045229673102,93.485107421875,12228440,-0.011386664521613854,93.73892593383789,91.87340507507324,0.01736797053524847,-0.7897487553696767
2011-02-24,92.2867541833947,93.68188883146128,90.4626867824694,91.0530242919922,20055540,-0.02601572803363661,93.9301773071289,91.8915355682373,0.018010751143806892,0.20834336237891166
2011-02-25,92.286756369053,92.286756369053,89.23559170693407,90.30349731445312,12619920,-0.00823176367141265,93.85434188842774,91.86478271484376,0.018108655258220044,-0.6833213353419552
2011-02-28,91.269691848677,93.78801345201045,89.98731996339527,90.75011444091795,21962720,0.004945734547906033,93.61909332275391,91.8757266998291,0.018125919766504867,0.691828390881972
2011-03-01,91.74727772608134,95.07260997349864,91.04860378263352,94.58618927001952,20501160,0.04227074370907813,93.7605972290039,92.09549980163574,0.02036992637360816,0.4493355601440713
2011-03-03,94.40490193771652,98.26971012443605,94.19043552766512,96.98070526123048,25337640,0.02531570422374485,94.19528045654297,92.4785545349121,0.020761657302265833,1.0803932113569816
2011-03-04,97.72577174942388,98.73840234303624,97.570999728686,98.09058380126952,19709880,0.011444323250170418,94.33965759277343,92.82634239196777,0.020494828415052638,0.22921103837658116
2011-03-07,97.46047581957708,97.46047581957708,95.11240457187822,96.09629821777344,12855680,-0.02033106039552668,94.32661285400391,93.16993103027343,0.020455067586694256,-0.7114089069715404
2011-03-08,95.4263649901203,98.10166522758098,95.36003121717984,97.5710220336914,17971140,0.015346312431056885,94.34783935546875,93.54060401916504,0.020566293951072703,0.012201682877641574
2011-03-09,97.72579473769068,98.99490131561124,97.06249748833984,97.5511245727539,18083980,-0.0002039279749537215,94.64676666259766,93.98987731933593,0.019953063793303763,0.001976278688462314
2011-03-10,96.92983223685204,97.94688932195672,96.50311264541428,97.65503692626952,14940620,0.0010652091810392506,95.0637596130371,94.4013427734375,0.019939984852208412,-0.45163175145933443
2011-03-11,96.48983547618452,98.03531564858034,96.17808501163034,96.6799774169922,13107900,-0.009984733404109991,95.6264549255371,94.778316116333,0.020136598855384276,-0.6453311969708905
2011-03-14,96.04544315716832,98.12377324958923,96.04544315716832,97.93584442138672,13082880,0.012989938950624946,96.38968963623047,95.1220157623291,0.019838308411504413,-0.5940661752456204
2011-03-15,95.95698640430102,97.62407510806456,94.18819402818488,96.60480499267578,27602000,-0.01359093227382513,96.97515869140625,95.29712600708008,0.019696525547008844,1.3275293337387652
2011-03-16,97.10672845874828,97.50470414404604,96.33730115344228,96.56503295898438,11610680,-0.00041169829693687987,97.17304306030273,95.46682014465333,0.019702168001330695,-0.8481966265222303
2011-03-17,95.96584344981028,98.74284726445576,95.7867537406304,96.46552276611328,33521240,-0.0010304992378903366,97.12152481079102,95.658402633667,0.019632584778507104,1.848597702858578
2011-03-18,96.39919273882388,97.11555155321705,94.72326478804972,95.04164123535156,9644240,-0.01476052261919536,96.81663055419922,95.57814407348633,0.017400237610292118,-1.0868444645270439
2011-03-21,95.9658393623007,96.34170372161591,94.9156188112066,95.26937866210938,12318700,0.002396185753925195,96.73393859863282,95.53027572631837,0.017391063921475224,-0.7338319409954259
2011-03-22,95.47500493835604,96.08966010180409,94.72105627697488,95.1433563232422,9430540,-0.0013228000500993264,96.4911720275879,95.41950569152831,0.017155615249115762,-1.1554913297531646
2011-03-23,95.07258765078736,96.48320061226094,94.85370175931982,95.70050811767578,9314700,0.005855919067440762,96.30611038208008,95.47643852233887,0.015912808014817505,-1.1351858803331731
2011-03-24,96.35497435370496,97.2349511028032,95.89067169332368,96.9652099609375,8827620,0.013215205103264571,96.23712768554688,95.65044364929199,0.01587869640389964,-1.1542504477954378
2011-03-25,97.59312398364446,100.60007255680186,97.28358664833588,100.16008758544922,17802960,0.03294870011418305,96.58513870239258,96.10579681396484,0.01588735118881405,0.19223974113739456
2011-03-28,100.15789373505056,102.23622395534682,100.15789373505056,101.56187438964844,21860620,0.013995463043134038,96.94774169921875,96.66871566772461,0.015696960441133993,0.723929548804684
2011-03-29,102.14777784595796,102.7580134831695,101.02680385930933,101.93331146240234,21636600,0.003657249090626813,97.4805923461914,97.22787551879883,0.01570419072321211,0.6944212557388842
2011-03-30,102.36886523676962,104.5356333354746,101.970889625957,103.54068756103516,22194840,0.015768899053433483,98.17815780639648,97.67560043334962,0.013431207036821952,0.7582628334664269
2011-03-31,103.91656437659408,105.9462522486568,101.93109227071471,103.7330551147461,37863820,0.0018578933387662921,98.90491104125977,98.01321792602539,0.012522118947595194,2.5058286154738068
2011-04-01,104.04921548997052,104.57985186666234,102.72262117453715,103.19798278808594,8738580,-0.005158166083783722,99.72054519653321,98.26858787536621,0.012514239184015551,-1.0119166545412905
2011-04-04,103.47436033431798,106.34864812138235,103.47436033431798,106.16292572021484,12644540,0.028730628758677712,100.80989990234374,98.77191925048828,0.012587914940973353,-0.538708175305112
2011-04-05,106.1275488929313,106.56753386354606,104.71914895908328,105.93961334228516,16825320,-0.0021034874125286374,101.88952560424805,99.19034881591797,0.012441919261764666,-0.02742928570842019
2011-04-06,105.72957436302691,105.90645091402456,103.960781863419,105.0640640258789,12939720,-0.008264607437988292,102.82588119506836,99.56599578857421,0.01271940079135578,-0.4627153504524074
2011-04-07,105.02205833752912,105.15471912912132,103.45667988948408,104.1266098022461,13116320,-0.008922691429506302,103.54202117919922,99.88957443237305,0.013024539355964258,-0.4289640387189812
2011-04-08,104.09342875703902,105.46424554909294,103.69987272278986,104.0226821899414,15440340,-0.0009980888891135686,103.92828063964843,100.2567096710205,0.012693151473180602,-0.16577410668879675
2011-04-11,102.8199026401882,103.36601755582411,101.20145599780876,101.53089141845705,22416360,-0.023954302263947125,103.9251823425293,100.43646202087402,0.01390677463804513,0.6128886915656677
2011-04-13,100.79684511423868,105.40454832237226,100.60006372884877,104.7545166015625,18067780,0.03175019088347564,104.20730285644531,100.84394760131836,0.014908949696406385,0.15685266181302343
2011-04-15,105.02205884916792,105.77379434197506,103.65124190838394,104.49584197998048,17181860,-0.002469340988569435,104.30281829833984,101.24048805236816,0.014949221175207405,0.011682561061756087
2011-04-18,105.1900808451006,106.12090590905464,101.89791291903748,102.22734832763672,20706540,-0.021708937019507157,104.15224761962891,101.52857933044433,0.015998080814972403,0.6097049478414175
2011-04-19,103.47437400939748,104.30570874607966,102.78675907898864,103.80602264404295,14924860,0.01544277869114441,104.2130516052246,101.9667984008789,0.01565257201920026,-0.2625025222065198
2011-04-20,104.38307941190592,105.64113366859138,103.82812533065297,104.88719177246094,13096140,0.010415283245418072,104.08547821044922,102.44768905639648,0.015697521978446375,-0.5386411746177479
2011-04-21,105.3315803083485,106.87485402199032,105.3315803083485,106.59848022460938,32410700,0.016315514060676328,104.15136489868163,103.02044525146485,0.015822317908843732,1.9610393358163491
2011-04-25,107.14461651593906,107.94278096342092,105.508484658174,105.72958374023438,12645740,-0.008151115124194863,104.2179168701172,103.52189903259277,0.01612763855088616,-0.7496933484278449
2011-04-26,105.5328030007365,106.03248908859425,103.4964823310696,104.35213470458984,12643700,-0.013028038009009535,104.24046936035157,103.8912452697754,0.01649754511956527,-0.799501491037089
2011-04-27,105.06626929453758,105.19892332413131,102.86854423883588,104.06026458740234,14295300,-0.002796973133455838,104.24422760009766,104.08625411987305,0.015046662868120309,-0.5350922644334222
2011-04-28,104.49804967280026,104.7567317941187,103.03216182730294,103.37486267089844,26769640,-0.00658658633265552,104.42862472534179,104.17690353393554,0.014887428137361446,1.1568316248511294
2011-04-29,102.811065801407,103.46109759594404,100.86539671746188,101.5087890625,18625880,-0.01805152200626592,104.10405197143555,104.15567741394042,0.015462974725591236,0.061805266369720405
2011-05-02,101.97089895818644,102.39983171554827,100.02522299499468,101.27001190185548,14156740,-0.002352280653229899,103.78146896362304,104.04214363098144,0.01500869637191669,-0.49950195742172493
2011-05-03,101.19924857787755,101.51321221105142,98.26526648902014,98.86002349853516,21480560,-0.023797651032725575,103.44473648071289,103.79849205017089,0.015825573110001035,0.8091478793909924
2011-05-04,99.22926749647142,101.04891541062862,97.62851226657146,100.00090789794922,26421220,0.011540401863559868,103.06422500610351,103.63863830566406,0.016104025897703055,1.526423243923412
2011-05-05,99.75326660461776,100.59122719006304,97.7257852406081,98.18788146972656,18698980,-0.01813009967942336,102.39429397583008,103.23988609313965,0.014841363481926618,0.10126738852251996
2011-05-06,98.3890848964528,102.58996717293056,98.3890848964528,101.58396911621094,21551460,0.03458764559994565,101.89284286499023,103.02210388183593,0.017149392927156833,0.5735671602820734
2011-05-09,101.79400681447464,102.36886572526438,99.42382459949228,100.77031707763672,7797180,-0.00800965000337217,101.39691619873047,102.80741653442382,0.01714455231653161,-1.7490123458205695
2011-05-10,100.73272816451428,100.73272816451428,98.39349644544136,99.33538055419922,13046440,-0.01423967458921438,100.8952407836914,102.56785507202149,0.01729896899022591,-0.858776878560055
2011-05-11,99.93677116175532,100.33032720307123,98.21220126102432,99.9832000732422,9821700,0.006521538604158383,100.48753433227539,102.36588096618652,0.017408093868316873,-1.299546277937825
2011-05-12,99.49457816451115,100.15345580008966,98.83128097674776,99.06122589111328,9478860,-0.009221290991421882,100.05617065429688,102.24239768981934,0.01672098861176255,-1.2166094798427156
2011-05-13,98.69863622883469,101.2633871211222,98.42668865599964,99.54102325439452,11646140,0.004843442618089666,99.85939407348633,101.98172302246094,0.01492491699259982,-0.8094031714247067
2011-05-16,99.27348167577208,100.20652001397968,98.88877145606553,99.62944793701172,12541240,0.0008883240268811043,99.69533767700196,101.7384033203125,0.01494348773188096,-0.6278323861788717
2011-05-17,99.5829995414756,100.5536275002826,99.09658573476844,99.60289764404295,12223880,-0.00026649041541959573,99.76962509155274,101.60718078613282,0.014227949638893107,-0.611721423529377
2011-05-18,99.85275281872968,100.7194640717248,99.18503611052854,100.26178741455078,13870960,0.00661516668784623,99.79571304321288,101.4299690246582,0.013815299294962917,-0.3503022789166575
2011-05-19,100.40108613742616,100.99804956074412,99.8350730743623,100.54701232910156,15022540,0.0028448018123941043,100.0316261291504,101.21296005249023,0.013568978952486073,-0.18986097377970385
2011-05-20,100.37896236284092,102.5899527232559,99.7333502087406,102.39981079101562,23827740,0.018427185641773702,100.11321029663085,101.00302658081054,0.013726493233134034,1.427684098077254
2011-05-23,101.48445182832592,101.65248924542531,99.31547094668952,100.14459228515624,20092800,-0.022023658915366506,100.0506378173828,100.72377700805664,0.01439238680540139,0.6915869807979403
2011-05-24,99.6714473305154,101.37391268526136,99.41497837463544,99.72893524169922,9004880,-0.004150569031959872,100.08999328613281,100.49261703491212,0.014189699673261797,-1.2082529050354327
2011-05-25,99.49458117594352,100.24631666201348,99.2889606608912,99.70462799072266,8314880,-0.00024373318453319026,100.06213607788087,100.27483520507812,0.014195226546471389,-1.2244713773515723
2011-05-26,99.71569129451774,100.6885259576654,99.05239401317948,100.1225128173828,19899900,0.00419122798090199,100.16826477050782,100.11221771240234,0.014218110085677181,0.813274149692525
2011-05-27,100.15347113826702,102.23622084826202,100.04955429303992,101.8669891357422,11662040,0.017423417264219365,100.40086135864257,100.13012771606445,0.014257506028537073,-0.6047195426280086
2011-05-30,101.88245725117764,102.92604521847996,101.58839843242096,102.0416488647461,7849500,0.0017145861528424788,100.64208145141602,100.16870956420898,0.014247099511293103,-1.1848926612447053
2011-05-31,102.8066360164238,106.51225140952816,102.36885747977624,106.1076431274414,35393460,0.039846418672484285,101.29255599975586,100.5310905456543,0.01558498049801796,2.741559978499167
2011-06-01,105.68535267003986,106.43708813871336,105.0110032233051,106.04795837402344,13143340,-0.0005624924996805447,101.87117309570313,100.83344306945801,0.015497530870054127,-0.23463266541893604
2011-06-02,104.8613331558386,105.38005991989306,104.41384308278354,105.0950927734375,13445520,-0.008985232862524839,102.32598114013672,101.17880363464356,0.014965422036094364,-0.15318736321901671
2011-06-03,105.07951479367009,105.56485512744158,104.56969512592256,104.9370346069336,11977060,-0.0015039538225124494,102.57970352172852,101.3464569091797,0.013077715580263143,-0.3081878143220766
2011-06-06,104.4271924832733,106.41751218780756,104.4271924832733,106.02790832519533,11685600,0.010395507385432268,103.16803512573242,101.60933647155761,0.01300546852826265,-0.3902408693674554
2011-06-07,105.30881593983877,106.44869131445682,105.25093655330832,105.81641387939452,8126940,-0.0019947054425721866,103.77678298950195,101.93338813781739,0.012445907606221288,-0.8858027485315284
2011-06-08,104.9125320223392,105.61604613884462,104.5563281912273,104.87023162841795,10278780,-0.00894173423846123,104.29334335327148,102.17773971557617,0.012708719711892552,-0.5632499304488994
2011-06-09,104.84798093213618,105.73182550480784,104.25800386018916,105.20641326904295,6459880,0.003205691790747478,104.8017333984375,102.48499908447266,0.012407514724343356,-1.09851262656795
2011-06-10,105.4379424941162,105.72735980068636,103.75485428135032,105.1908187866211,8743820,-0.00014822748858456247,105.1341163635254,102.76748886108399,0.012420503830308665,-0.7273956260918695
2011-06-13,104.77673854729603,105.97226490251413,104.37599901529047,105.64276885986328,7835560,0.004296478328198683,105.49422836303711,103.06815490722656,0.012415746035204194,-0.8119953079024564
2011-06-14,105.88321364871084,106.77373688075356,105.32663662868414,106.08358001708984,12433200,0.0041726581192822465,105.49182205200195,103.3921890258789,0.01239380596641078,-0.14777420860750623
2011-06-15,105.97225360766056,106.6757677032114,105.39341220811598,105.65166473388672,14077880,-0.0040714621728786815,105.45219268798829,103.6616828918457,0.012470262044650703,0.08894112692462083
2011-06-16,105.25984390643754,105.61605456010436,104.10438946278036,104.32479858398438,8425300,-0.012558875936734437,105.37516326904297,103.85057220458984,0.012927782995486102,-0.6742494614500343
2011-06-17,104.65874454683622,105.35335158303609,103.9084798084517,104.60530853271484,14213480,0.0026888137100467002,105.3419906616211,103.96084709167481,0.012335832049353327,0.23914570933430934
2011-06-20,104.2869436166654,105.14630203435564,101.16121208834664,102.36563873291016,15625700,-0.021410670559842915,104.97576370239258,104.0718994140625,0.012275873236761341,0.5048836974887699
2011-06-21,102.49921664419873,104.36931396309504,102.49921664419873,103.5478057861328,10157720,0.011548475326834229,104.7489028930664,104.26284294128418,0.012418965482919467,-0.3696702535608668
2011-06-22,103.85502435679724,104.53850244230148,102.962279600866,103.4208984375,6183160,-0.001225591867150877,104.60396957397461,104.44865646362305,0.012430042536212186,-0.9693191581795603
2011-06-23,103.25616214369002,104.1667280929691,102.85542942204448,103.91292572021484,8267580,0.004757522803886527,104.4746208190918,104.63817710876465,0.012436170334293731,-0.5696221251691337
2011-06-24,104.59193863580516,106.415285283392,104.26022094484944,106.11251068115234,16575460,0.0211675780052607,104.56679000854493,104.85045318603515,0.012706874133848446,0.7201553860856879
2011-06-27,106.10586554219124,108.28096652279886,105.64501804743227,107.5819091796875,20512380,0.013847551896594146,104.76070404052734,105.12746620178223,0.0129733536781176,1.2088265196120904
2011-06-28,108.17185220956677,108.19856681801294,107.06537688206912,107.88910675048828,12193620,0.0028554761032144604,104.94125671386719,105.21653938293457,0.00960136740803331,0.18425790797706126
2011-06-29,108.42119605830254,111.27086748755376,108.42119605830254,110.83006286621094,20504880,0.027259064462588523,105.4590965270996,105.45564460754395,0.0112549360265118,2.06559328585022
2011-06-30,111.27087455521936,112.42632898639916,110.2534569313866,112.00778198242188,26841200,0.01062635070082596,106.22739486694336,105.80127906799316,0.011075827720838696,2.672084579568442
2011-07-01,113.09644427054052,113.43484063427393,110.33582376135,111.37105560302734,13304840,-0.005684661977276351,106.9039695739746,106.12298011779785,0.011208890243857876,0.1276452310593399
2011-07-04,112.87381057733806,113.18549232463826,111.86752185201094,112.74913787841795,14323360,0.012373791986875604,107.94231948852538,106.45904159545898,0.011285688685683205,0.2930210562714806
2011-07-05,112.29497192065044,113.63075669399872,111.96102572731336,113.14765167236328,10637280,0.0035345174379519673,108.90230407714844,106.82560348510742,0.011220870147510291,-0.425552933555582
2011-07-06,112.873824297498,113.98697838327216,111.98330102887869,113.33244323730467,11785740,0.0016331895731824808,109.89345855712891,107.24871406555175,0.010851031475947516,-0.22311374103221998
2011-07-07,113.36805726041436,114.6526345419937,112.83596638246816,114.2452163696289,14778040,0.008053943833302935,110.92668762207032,107.70065422058106,0.010887776916371245,0.2800562652485596
2011-07-08,114.25413712129316,115.0244310456588,113.7064604239047,113.94912719726562,15089360,-0.0025916986441280043,111.71034927368164,108.13856964111328,0.010952486342278923,0.28502000911711217
2011-07-11,113.9424422609952,114.16953002831956,111.98774408236544,112.3996124267578,7945000,-0.01359830310788912,112.19211959838867,108.47641181945801,0.011641713612129777,-1.1710893438907557
2011-07-12,111.76067878303814,111.76067878303814,109.5432775764788,110.41376495361328,14721800,-0.017667743066627883,112.44458541870117,108.69292106628419,0.012532836254446043,0.1862748240584412
2011-07-13,110.87012334324022,112.60441894207634,110.33803254230766,112.19255065917967,7441820,0.016110180703589716,112.58083419799804,109.01996536254883,0.012820901638674035,-1.1819091185454764
2011-07-14,112.45082287850282,114.27639143408642,111.04824470663593,112.64006042480467,9354344,0.003988765412638262,112.6440620422363,109.43572845458985,0.012280704333794468,-0.82357890610149
2011-07-15,112.75137585873934,113.6418990941314,111.98329685055243,113.30795288085938,5490152,0.005929439788436186,112.83775177001951,109.87086067199706,0.012285075392803251,-1.4158030505620223
2011-07-18,113.975835097141,115.52312179768585,113.0964407633086,114.66598510742188,6209896,0.01198532134801189,113.02943649291993,110.48587799072266,0.01082104105932219,-1.1560599378711973
2011-07-19,115.21144291331186,115.5453891246548,113.17437238295058,113.73094940185548,17052664,-0.00815442962174373,113.08776626586913,110.99503517150879,0.011156573480176355,0.7314431747337036
2011-07-20,114.96656350810174,114.96656350810174,111.76067419158596,112.0055694580078,7408644,-0.015170716088469871,112.95507888793945,111.42426872253418,0.011957373159194595,-1.0164198931950255
2011-07-21,112.38402283323256,112.40628727160964,110.09092835760084,110.49166107177734,12881024,-0.01351636703028447,112.5797233581543,111.75320549011231,0.012583286402366155,-0.06869485186446227
2011-07-22,111.3154016570945,112.88494610279837,111.05937759211376,111.66047668457033,12634120,0.010578315154785356,112.35085830688476,112.03060379028321,0.011994215949062486,-0.07872308916522655
2011-07-25,111.6604832105762,112.76250846905056,110.68090897757308,112.47309112548828,13370428,0.007277547660964334,112.35820617675782,112.27516288757325,0.011758164970382954,0.13282745589764886
2011-07-26,112.50647844608072,113.5862392070547,110.25790596113708,110.90353393554688,10581528,-0.013954957352334318,112.40718307495118,112.42588424682617,0.012303873428545381,-0.4007956805102018
2011-07-27,111.1706828835958,112.19478584453684,109.53434526921907,111.77178192138672,11062712,0.007828857702085745,112.36510620117187,112.47297019958496,0.010838645623658895,-0.22866405741803367
2011-07-28,111.20408994112292,111.20408994112292,107.88689222062878,108.4879913330078,21417956,-0.029379424143819555,111.94989929199218,112.29698066711425,0.012440569422664485,2.423059318561117
2011-07-29,109.06683535494516,109.06683535494516,107.10768689260809,108.37667846679688,11990668,-0.0010260385950850992,111.45677185058594,112.14726181030274,0.012402065648732342,0.04633602932609624
2011-08-01,109.85716219698976,110.41373915250364,107.86461397858918,108.6438217163086,8809416,0.0024649514387318217,110.85455551147462,111.94199600219727,0.012019585965372125,-0.6926817099993533
2011-08-02,108.6215590570302,108.6215590570302,106.86277720765143,107.49727630615234,7929976,-0.010553249987377278,110.2311882019043,111.65947723388672,0.01210401387794786,-0.8646961680537865
2011-08-03,106.57337554289217,108.95552122455756,105.97226961522844,107.31918334960938,8330268,-0.0016567206413282687,109.76254959106446,111.35881423950195,0.012067356443349308,-0.7117842468200137
2011-08-04,107.77554975767752,108.84417466305858,105.74960853016408,106.07242584228516,7318424,-0.01161728470540735,109.32062606811523,110.95017471313477,0.011949868373438532,-0.8690752961961932
2011-08-05,103.5233156109238,105.9277253848714,101.76453375829988,105.31549072265624,12624376,-0.007136021577882845,108.68612747192383,110.5184928894043,0.011972145645831062,0.4778626282544546
2011-08-08,103.07805189150535,106.86277517909842,101.97602680481,102.877685546875,17233492,-0.023147641045523804,107.7265869140625,110.04239654541016,0.012556959477556862,1.451057269903688
2011-08-09,100.18386109347612,105.4268137730402,100.1504678319422,103.40087890625,17963696,0.005085586408693166,106.97632141113282,109.69175224304199,0.012314377151458387,1.5137793866082965
2011-08-10,110.1577282930631,110.1577282930631,105.39343004876224,106.8405303955078,13068904,0.03326520553443668,106.48319625854492,109.4241512298584,0.014185717047949012,0.334602031275356
2011-08-11,106.57337316518844,107.90915804650274,105.7496364373833,106.8516616821289,8409216,0.00010418599177586252,106.31956329345704,109.13473129272461,0.01412087067375144,-0.7374905487351474
2011-08-12,107.9981982413234,108.19856459470527,103.32295162303366,104.20233917236328,11413552,-0.024794396905562843,105.90212936401367,108.6794506072998,0.014805635489875218,-0.11603604567799596
2011-08-16,106.50657705278982,106.50657705278982,101.21909536952064,101.61983489990234,12222592,-0.02478355373759089,105.19973068237304,108.02714309692382,0.014988028989281723,0.009476508135895952
2011-08-17,101.53078462443052,105.18193557539924,101.4973913596425,104.07991027832033,12536804,0.024208614202544387,104.85799407958984,107.54459114074707,0.016412740856729557,0.1570681840950839
2011-08-18,104.25800898817955,105.71624491748656,102.08735852024886,102.94448852539062,22888452,-0.01090913462447718,104.42052459716797,107.0915370941162,0.016291345064626254,2.3912099053599167
2011-08-19,101.29701940245144,103.18938130337638,100.18386534308384,102.5994110107422,17921036,-0.003352073720423676,104.07322311401367,106.69692459106446,0.016139412864135394,1.1209356448753762
2011-08-22,102.42130791973396,103.2895735691332,100.3397151495147,100.8628921508789,11908996,-0.016925232247985145,103.62796325683594,106.15704536437988,0.01604144308705276,-0.23617461439911192
2011-08-23,101.83132683872776,102.96674528065311,99.13749279255472,102.2765884399414,16145092,0.014016019756282416,103.56785354614257,105.64722023010253,0.01637899358952313,0.6844083037718621
2011-08-24,101.96492262053908,102.9444969375388,100.74045302575094,101.51966094970705,12742456,-0.007400789386701523,103.37973175048828,105.17802658081055,0.01624728390026246,-0.10263903109173657
2011-08-25,102.2765841949808,102.2765841949808,98.11339247291713,98.77014923095705,23200840,-0.02708353921820239,102.5726936340332,104.52794494628907,0.01674509527249793,1.9084911579061643
2011-08-26,98.84808357679492,100.30631272271016,97.100430289861,97.72380065917967,8523824,-0.010593773320425659,101.65990753173828,103.98973541259765,0.01587051563471173,-0.9832910514741597
2011-08-29,98.95939403002777,101.95378111147724,98.65884108077977,101.61983489990234,11600396,0.039867813311011524,101.40165710449219,103.65189323425292,0.018788026095577746,-0.3261045094311588
2011-08-30,102.8443094872418,105.74963895562442,102.14301697252913,105.07061767578124,15589296,0.03395776798179195,101.74673538208008,103.47323303222656,0.020514684335964546,0.45535743215261304
2011-09-02,107.7533096533789,107.7533096533789,104.19121677227548,105.25984191894533,15190948,0.0018009244387235945,101.86472854614257,103.36136131286621,0.02041260575312653,0.3026170079925982
2011-09-05,104.59192922317553,105.52698114081812,103.00012063441756,104.6921157836914,11800716,-0.00539356819185699,102.03949127197265,103.23000793457031,0.020437420360230378,-0.5152657059133111
2011-09-06,104.32479661414744,106.06131417602418,102.41017033172376,105.25984191894533,17860792,0.005422816522563378,102.30553436279297,103.18937873840332,0.0203282255166761,0.8146090655034849
2011-09-07,105.9722728330222,109.07797556333207,105.27098709222264,108.66610717773438,14746572,0.03236053937276506,103.08585586547852,103.35690956115722,0.02150245200806338,0.024251640854003394
2011-09-08,109.0223082717341,109.0223082717341,106.67354919504734,107.6865234375,8164048,-0.009014620709952958,103.62684936523438,103.59735145568848,0.020862650274779904,-1.4200283679152268
2011-09-09,107.7310479022474,108.13178743786295,104.79232527849908,105.36003112792967,10331416,-0.02160430326196383,104.01088638305664,103.69530906677247,0.021530929720046974,-0.822476371715765
2011-09-12,103.96858414174407,104.90363622427743,102.96674553652385,104.49176788330078,6985520,-0.008240916743604942,104.58304824829102,103.5778709411621,0.020234572775323627,-1.4497324946915633
2011-09-13,104.85911440039452,105.92773960018944,103.3006986874375,104.12443542480467,7175952,-0.0035154200750661113,105.22311172485351,103.4415096282959,0.020241136368285114,-1.3689822075785218
2011-09-14,104.05762774266611,107.55293379129306,102.64392089647042,106.61788177490234,7749008,0.0239467934680746,105.72291641235351,103.56228675842286,0.020172137786089585,-1.1641895291160276
2011-09-15,108.17630638851622,108.6549612586562,104.99268860651274,107.89801788330078,8736760,0.012006767411691044,106.00565643310547,103.87619590759277,0.01932435373964927,-0.8992822294323686
2011-09-16,108.2542292743883,109.0890947957846,106.03905003995554,107.6865234375,10947008,-0.0019601328175419264,106.24832458496094,104.05652656555176,0.018701311383725314,-0.4242901257052015
2011-09-19,107.28577373225323,108.42119209246268,106.21714868391044,107.92027282714844,8389220,0.002170646634201301,106.57114028930664,104.30531578063965,0.01845804683681371,-0.8918298133742473
2011-09-20,107.97594898424944,109.8126532710949,107.53068733895356,109.38965606689452,11835268,0.013615451492599018,106.98412170410157,104.64482803344727,0.018563421597607554,-0.0350581062429094
2011-09-21,109.70133083871931,110.79222044104492,108.73288546335206,110.09093475341795,12891396,0.006410831807484474,107.12660446166993,105.10623016357422,0.017943560403634283,0.20660774877626065
2011-09-22,108.6215552916304,108.86645050640573,103.63462722031056,105.14851379394533,10191088,-0.044893986689664156,106.87280349731445,105.24982643127441,0.020897846378648118,-0.3787783732954203
2011-09-23,104.31365101848571,104.63646837261535,100.74042965661371,101.6086883544922,32911224,-0.03366500687199403,106.4976692199707,105.25427780151367,0.02227274259802439,3.2279144208007606
2011-09-26,101.51965142837656,101.88699091353016,97.8351141654685,100.20613098144533,27785068,-0.013803518141614401,106.06910552978516,105.32607688903809,0.021601896820185543,2.204934865447506
2011-09-27,101.96489721423788,102.83315589718804,101.09663853128768,101.84245300292967,16022836,0.016329559932688475,105.84090728759766,105.53200950622559,0.021683806841020035,0.4016352044611366
2011-09-28,102.94447893081193,103.60124249807173,100.57346230719288,101.96490478515624,15223752,0.0012023648156140876,105.37560958862305,105.54926300048828,0.019798851799199154,0.2546256401365944
2011-09-29,101.86472161072352,105.70510297814704,100.77383203040192,104.77005767822266,32532984,0.027510964669431814,105.06281356811523,105.53423500061035,0.019268381141480814,2.297546038992885
2011-09-30,103.71255617007212,105.70509768885933,103.38973880289664,104.11328887939452,19028800,-0.006268668867638216,104.70549011230469,105.4769073486328,0.019313876131503847,0.5599445934654559
2011-10-03,102.44356464653372,103.5010609814799,100.35083641620773,101.53077697753906,18136236,-0.024804824913821077,104.06654052734375,105.3188404083252,0.020053228130494087,0.40770440302336347
2011-10-04,100.74042939266349,101.5196371338222,98.068859994405,99.93895721435548,14963192,-0.01567819936545667,103.12147064208985,105.0527961730957,0.020232990390181036,0.02840356903262907
2011-10-05,99.95010234151655,101.575304495788,97.1894749319525,97.66813659667967,16534992,-0.022722076365127686,101.87919082641602,104.50289764404297,0.018962103054990107,0.21457873549051473
2011-10-07,100.7849666611426,102.41016879611544,99.33786644989314,100.1838607788086,18887004,0.025757880407994316,101.38272552490234,104.1277645111084,0.020146170661786696,0.4490009689696649
2011-10-10,100.62913391692804,101.96491888042706,100.19500108612937,101.23023986816406,24125984,0.01044458739382903,101.34488067626953,103.92127494812011,0.019895879727954008,1.0106637500313393
2011-10-11,102.56601320303407,103.50105849497857,101.33040817539448,101.85359191894533,9987516,0.006157765225026424,101.50962677001954,103.78936614990235,0.019911349592062783,-0.7932124295201171
2011-10-12,102.844307483584,104.61421838249863,100.95194556019328,104.00198364257812,17935560,0.021092940201288934,101.72557983398437,103.78324356079102,0.02050493368229249,0.15831203250614231
2011-10-13,105.74962664354165,106.0167863127232,104.10216013466226,104.78118133544922,11733404,0.007492142607096408,102.00720748901367,103.69140853881837,0.019818159020933843,-0.7086345520869647
2011-10-14,104.41384826085545,106.06131487031978,103.60124717586488,105.5047378540039,6670040,0.006905405239117091,102.0806755065918,103.57174453735351,0.01967861505829437,-1.35879573342734
2011-10-17,106.10583932283916,106.97409807323989,105.15965843457428,106.42864990234376,7087264,0.008757066906496247,102.31221160888671,103.5088508605957,0.019794813996054626,-1.2428819885062026
2011-10-18,105.50474672706322,107.17447791643694,105.08174951791928,106.450927734375,8109020,0.00020932175736221303,102.80422668457031,103.43538360595703,0.019786267822023026,-1.1058611170825694
2011-10-19,107.51955601642318,110.11320368115722,106.70694809732272,109.50096893310548,17378084,0.02865208658717555,103.76042785644532,103.44094924926758,0.020618909906517286,0.061830224336968824
2011-10-20,108.64383183345974,109.62340600755378,106.99636525055344,108.98890686035156,11353704,-0.004676324581810221,104.8925048828125,103.38584785461425,0.02059370381230951,-0.7137047505246996
2011-10-21,109.10024021510648,109.4898441843593,107.59748204798844,108.42121887207033,9161464,-0.0052086767785332055,105.71624069213867,103.5494831085205,0.017792132248515998,-0.986257709972887
2011-10-24,109.70135082417622,110.64753193224875,107.51957122204712,107.8312530517578,9743092,-0.00544142398001124,106.37634201049805,103.8606113433838,0.015854630336157024,-0.8559604393572018
2011-10-25,108.6104383012653,109.25606626934476,99.86104369113067,104.19121551513672,82630020,-0.03375679530380582,106.61010437011718,104.05986557006835,0.017514838376076484,3.927469662023242
2011-10-28,108.19856567697146,110.09092742235056,106.80712321713384,107.45275115966795,18038448,0.03130336495649577,106.95518112182617,104.34038047790527,0.01845026650715224,-0.02596073823321605
2011-10-31,107.5306728907994,109.47869232722692,106.2282813944716,109.0890884399414,12851416,0.015228435406385854,107.38597183227539,104.69658966064453,0.018649973194022788,-0.3351840695301456
2011-11-01,107.99821014367926,109.7569922303244,106.86279162384524,107.37483978271484,13299516,-0.01571420828372161,107.57298202514649,104.82682876586914,0.018226607183375782,-0.25404447693924304
2011-11-02,106.57336621176522,108.64382992505286,106.306206535272,107.55294036865234,10111820,0.0016586808073280057,107.68541107177734,104.99881134033203,0.01813734946575651,-0.4226494646092648
2011-11-03,107.08540542207771,107.94253528584578,105.10399283442896,107.27464294433594,10505636,-0.0025875389679027583,107.76778259277344,105.28600463867187,0.01707232385014249,-0.3732438666646084
2011-11-04,108.35442985943952,108.62158278432408,106.92958708343966,107.53069305419922,6803220,0.002386865179277775,107.57075500488281,105.66559143066407,0.01650652807878041,-0.5714111039110931
2011-11-08,107.53067908338744,108.4991244463852,106.52884045838694,107.80896759033205,8392808,0.0025878614582401926,107.45276107788087,106.17263298034668,0.015291924497193486,-0.44682457719805
2011-11-09,107.97593801667269,108.13178229435786,105.81641653867808,106.25054931640624,8604988,-0.014455367756119442,107.23569412231446,106.47596740722656,0.015069675021423482,-0.40126412499141656
2011-11-11,105.8943240065355,106.50655862180882,102.98899518626284,103.31180572509766,9210036,-0.027658620216232666,106.78374938964843,106.58004570007324,0.01643278430342146,-0.32108294897087963
2011-11-14,104.61421206255964,106.82939125083756,104.40271687803768,104.94815826416016,12228564,0.015838969492186328,106.85944366455078,106.73477401733399,0.016728101645632435,-0.14422867643818552
2011-11-15,104.7923227356803,106.37299601743447,104.61421401501087,105.13739776611328,11644292,0.0018031712521986432,106.6279083251953,106.79154472351074,0.01609086837861579,-0.16075514486436313
2011-11-16,104.63647844588796,105.08174005629598,102.4769569177478,103.67916870117188,7117600,-0.01386974659754614,106.08691635131837,106.73644409179687,0.016321263950764258,-0.4211802179108628
2011-11-17,103.11146684259737,104.63648937638176,101.6532376338433,102.26547241210938,10777368,-0.013635297300049865,105.57597961425782,106.57448081970215,0.01648271923607191,-0.21213890378545427
2011-11-18,101.34154246302876,102.7663782183686,100.2061240288437,102.0316925048828,11720744,-0.002286010143135009,105.02385482788085,106.3546329498291,0.016307576022741712,-0.16945839110799005
2011-11-21,101.5196434992273,101.5196434992273,97.95755074486844,98.99278259277344,10194036,-0.029783980227162554,104.1956687927246,105.98172569274902,0.017435638355979544,-0.2700754367018754
2011-11-22,99.51595539162224,100.07253232334271,97.95753998280487,98.85919189453124,15218304,-0.0013494993750378104,103.32851867675781,105.44963684082032,0.015733049076931915,0.045389033600681056
2011-11-23,98.34716221800696,98.34716221800696,92.21368600164202,94.8629913330078,25565636,-0.040423156258315496,102.03392105102539,104.74334106445312,0.017614622276778225,0.6316698871762801
2011-11-24,95.46406754813172,96.84438098325488,91.56802923271344,95.65330505371094,28885188,0.008331106890028472,100.97419662475586,104.10494537353516,0.017934988913000986,0.7639832135484212
2011-11-25,95.23033202172904,96.82214100528378,93.29344119515116,95.9316177368164,18906468,0.0029095981884701416,100.23617782592774,103.50996360778808,0.018047768811180902,0.13703593797790534
2011-11-28,97.0670288118192,99.05957718972296,96.64403165059828,98.14678955078124,10891716,0.023091154576815764,99.55604095458983,103.2077423095703,0.01786775830121324,-0.3718017500414193
2011-11-29,98.84808746932288,99.19316253449352,96.22104642090775,96.8889389038086,14831024,-0.01281601418375311,98.73119506835937,102.67955169677734,0.016064147722903196,0.3409483456834717
2011-11-30,95.55313529705492,100.10593075748945,95.55313529705492,98.51412200927734,28214548,0.016773670182127054,98.21469039916991,102.15080337524414,0.01617011315413779,2.1893228552445105
2011-12-01,102.17639893723616,103.96857399398988,100.06140653264752,100.96305847167967,13929784,0.02485873509761083,98.08444900512694,101.83021430969238,0.017258358402837938,0.03640838960347866
2011-12-02,101.33040334600426,104.16894593632976,100.88514176320813,103.7459487915039,11237028,0.02756345104783886,98.25587463378905,101.63986473083496,0.018545073560806157,-0.37855830302914273
2011-12-05,103.23390254198782,104.06876802471636,101.96490429057936,102.933349609375,8753228,-0.007832587118769996,98.64993133544921,101.42280006408691,0.018596252754173936,-0.7341355929403853
2011-12-07,104.63649569745274,104.83686209634044,102.87771340519872,103.9908676147461,11172944,0.010273813194502157,99.1630989074707,101.24580879211426,0.018774673555350573,-0.41489710938603525
2011-12-08,103.96858839975572,104.12443268461148,100.42875987516854,101.01873016357422,12557000,-0.028580754438771727,99.77867279052734,100.90629692077637,0.019688516620947494,-0.23869754841852617
2011-12-09,99.5159618624835,100.45101388623492,98.06886174591494,98.79241180419922,13606912,-0.022038669024744606,100.09258346557617,100.53339004516602,0.01999018216836618,-0.11593211007325181
2011-12-12,99.76085794075992,100.3953570484378,94.90750266255888,96.18762969970705,12071156,-0.026366216361381034,100.11818466186523,100.17718124389648,0.019909704799155575,-0.3896070850634629
2011-12-13,95.28598973748966,99.1597645969588,94.84072810320232,97.60134887695312,14925880,0.01469751548779863,100.06364059448242,99.80984077453613,0.019853277918161383,0.051187425465213536
2011-12-14,97.7349082375398,98.7924043972854,95.78688899590318,96.69967651367188,24306724,-0.009238318667275758,100.04471435546876,99.38795471191406,0.01985349893577461,1.4001627677164448
2011-12-15,95.50862315245196,97.0670389148463,95.0633615060536,96.03180694580078,26960140,-0.006906637043161856,99.79648284912109,99.00558662414551,0.01973173405581589,1.605665764547931
2011-12-16,96.644035679166,98.06887149990264,91.27863181602744,92.45857238769533,29424820,-0.03720886518486677,98.94603424072265,98.5152416229248,0.021022245258666597,1.711565341442395
2011-12-19,91.7350132163107,91.94651518196896,89.10797264305829,90.38809967041016,32341524,-0.02239351813267576,97.61024932861328,97.93306198120118,0.021372745024339918,1.8149581216103974
2011-12-20,90.38809376838736,93.861135183343,89.94283222273027,92.2136688232422,19983568,0.02019700778629896,96.53828125000001,97.5941062927246,0.021345520345519814,0.17106446598658856
2011-12-21,94.84073878958226,97.82399071662093,93.01516316564226,96.9446029663086,14986880,0.051304044220762846,95.83365478515626,97.49837684631348,0.024600581342239445,-0.4873900944490003
2011-12-22,96.06518033624673,99.02616695455824,95.46407452030576,98.592041015625,13576068,0.016993602520492423,95.59098587036134,97.68482933044433,0.023019170463196365,-0.602495607690013
2011-12-23,98.89260196936488,99.40465008078736,97.06702673062328,97.41210174560548,6855300,-0.011967895763842828,95.45295486450196,97.77276916503907,0.023180653152589145,-1.3642517267828191
2011-12-26,97.73492067493298,99.1597564284477,97.30078789960416,98.78128814697266,4564760,0.014055608870269909,95.71232070922852,97.91525268554688,0.023358092036355554,-1.4803307681085656
2011-12-27,98.02433536948304,98.75902106234432,97.00023915774436,97.89076232910156,6294236,-0.009015126595090739,95.74126205444337,97.90245132446289,0.02291124140718577,-1.1977468664036663
2011-12-28,98.51413079093268,98.62544619295632,96.41026697502444,97.91302490234376,7668340,0.0002274226159089121,95.86259689331055,97.95365562438965,0.022708450424767462,-0.9597558127841533
2011-12-29,96.98909485486595,98.4028016216086,94.84070925521551,95.64218139648438,10930628,-0.023192455836435255,95.82363433837892,97.81005859375,0.02298283467643286,-0.4937317945425724
2011-12-30,96.57723289955872,96.62176177471956,93.97245676230776,95.02995300292967,7676416,-0.006401238288540445,96.08077239990234,97.5134033203125,0.022163694453629614,-0.8510551942552204
2012-01-02,95.48634339964238,95.6867097495613,93.39361535597894,95.02995300292967,7029996,0.0,96.54495773315429,97.07760353088379,0.021003433826399635,-0.8895004739517891
2012-01-03,96.0429219159534,98.15791443127664,95.7312401672626,97.768310546875,6878476,0.028815730802907114,97.10042190551758,96.8193515777588,0.022229904795170976,-0.8881644082352798
2012-01-04,98.38054846564344,99.0595764773346,95.92048086069664,98.69223022460938,9742956,0.00945009351768844,97.27518463134766,96.55441970825196,0.02220606046671881,-0.529377534435246
2012-01-05,98.84807136676584,99.44917722111668,98.02433472104843,98.77014923095705,6761212,0.0007895151033707748,97.29299545288086,96.44199066162109,0.02133617751154709,-0.8390130214125026
2012-01-06,98.18019219948332,101.77567860487406,97.72380173345095,100.91854858398438,7954444,0.02175150457658681,97.64364013671874,96.54829750061035,0.02130067222617054,-0.655877224764887
2012-01-09,100.6068644230294,101.76454738425274,99.29334396704932,101.45286560058594,8463936,0.005294537268903499,97.91079788208008,96.81155929565429,0.02029047380593933,-0.5702394193579335
2012-01-10,102.41017031290971,102.92221844681308,101.51964709279748,102.3433837890625,8982772,0.008777654363973042,98.35606002807617,97.04866104125976,0.02015144494752555,-0.4728028597895816
2012-01-11,102.52148247226356,103.30069026521237,101.297013083344,103.00013732910156,7719112,0.006417156788490308,98.86477127075196,97.36368408203126,0.019972018426283773,-0.544873670785768
2012-01-12,102.7886296486505,104.43609599458364,102.67731426319352,103.8906478881836,7975444,0.008645722056046523,99.68961791992187,97.75662612915039,0.019854098871494103,-0.4374123754142507
2012-01-13,104.63647527696034,105.31549649460716,102.64392691306774,104.54742431640624,7381684,0.006321805105398148,100.64136505126953,98.36106872558594,0.017306729562008086,-0.445693468751951
2012-01-16,103.92406344444802,104.1578298805592,102.02057266235352,102.52149200439452,6383420,-0.019378117875772483,101.39051895141601,98.96773834228516,0.01705487511178691,-0.7002999330260075
2012-01-17,103.27842720381167,104.41384564750857,103.0780608417835,104.28026580810548,7322016,0.017155171753017173,102.04171447753906,99.57106819152833,0.016939040411067266,-0.3803770168200997
2012-01-18,105.2821046472936,108.06498966542966,104.5474257201668,107.28578186035156,20137244,0.028821522739276295,102.90106964111328,100.08812713623047,0.014342379397013204,3.500782532353621
2012-01-19,108.19857653173108,109.14475749934395,106.92957816338895,108.37667846679688,16842176,0.010168137730172555,103.86172256469726,100.57735900878906,0.01412600860436584,2.2389869859268146
2012-01-20,109.08909599534462,109.85717500113634,106.9629744951374,109.21154022216795,14390260,0.007703334030732867,104.69102172851562,101.16733093261719,0.013568167356822688,1.3921092986230585
2012-01-23,108.19856511265776,108.58816899938031,107.0631467125216,107.75330352783205,7533728,-0.013352404804194085,105.32106552124023,101.61593170166016,0.01406755487482992,-0.4506832201584381
2012-01-24,108.03160090064942,109.77925412361216,106.98523337261608,108.82193756103516,15063952,0.009917413185639212,105.9689208984375,102.16249046325683,0.013747127716704877,1.4053401172909223
2012-01-25,109.14475003819366,109.75698474009072,108.1429114350894,109.13362121582033,14819100,0.0028641619674374397,106.58226928710937,102.72352027893066,0.01370753151307577,1.2065497216251682
2012-01-27,112.1836589964162,112.20592343529349,106.78486208509506,107.79783630371094,14877636,-0.012239902765324495,106.97298812866211,103.331303024292,0.01267998365224252,1.1312033263616363
2012-01-30,107.5195411380856,107.53066995975796,105.3043620930963,106.65127563476562,9975016,-0.010636212267888023,107.18337326049804,103.9123691558838,0.012932167762033944,-0.08220635871542223
2012-01-31,107.64200649538827,110.20226104491664,106.82940532328178,109.55663299560548,10653848,0.027241655981588453,107.88688735961914,104.63870315551758,0.01369416317841405,0.040005254919517064
2012-02-01,110.0909303140932,111.24861318874784,107.16333666052674,110.68090057373048,12020596,0.010261976362217151,108.52695083618164,105.28433265686036,0.012750596098198366,0.32223420843918027
2012-02-02,111.09277274909569,111.31540355620808,109.37851281666885,110.8478775024414,22841708,0.0015086336291572078,108.88316040039062,105.89211502075196,0.012770931234674534,2.3984506975248205
2012-02-03,110.75882854697144,113.0964520640432,110.25790922188465,112.70684814453124,14915004,0.01677046673310345,109.31617736816406,106.58894996643066,0.012933156689728498,0.6602830805301967
2012-02-06,113.54170355885324,114.87748830660446,111.31539564593456,113.02965545654295,17438624,0.002864132191841229,109.69798889160157,107.19450531005859,0.012457127739078203,1.0807741323523508
2012-02-07,114.43223944021663,114.74392801798346,113.09645454402734,113.38587188720705,12075708,0.003151530713114914,110.26124572753906,107.79115562438965,0.012470518399549787,-0.08367140868413755
2012-02-08,113.69755168263238,115.27822491903775,111.927634114234,113.1966323852539,13861148,-0.001668986610090073,110.69871520996094,108.33381805419921,0.012551105209151606,0.2490056919127613
2012-02-09,112.58440026602298,117.09267404564396,112.57326464933462,116.33572387695312,17361024,0.02773131519509886,111.41892547607422,109.0005973815918,0.013532915946025261,0.9115533123641517
2012-02-10,116.39136616820876,117.0258720283923,114.43221807065216,115.21142578125,11515172,-0.009664254953124174,112.16028442382813,109.56663627624512,0.013970484984648191,-0.41922822134724275
2012-02-13,115.46746951731178,116.88116965785116,114.85523481910398,116.2021484375,14614324,0.008599170173721138,113.11537170410156,110.14937248229981,0.013988717496914528,0.2100515532263828
2012-02-14,116.32461062100056,116.61402798718076,114.66600819209222,115.3005142211914,13114828,-0.007759187144405932,113.68975982666015,110.78832359313965,0.013120233132065524,-0.24878226220108335
2012-02-15,115.87931869827312,119.08520730219254,115.15576867758266,118.67333221435548,19379584,0.029252410676102514,114.48900299072265,111.50797691345215,0.013917557401917406,1.2858659567163677
2012-02-16,118.21696993237497,119.74198567226247,116.4915810115164,117.2040023803711,8124264,-0.01238129752125261,115.12461547851562,112.00388793945312,0.01349456683840303,-1.6060338684193032
2012-02-17,118.2726159527914,118.6622198641653,115.79027702500098,117.61585235595705,14219648,0.0035139582882959264,115.6155158996582,112.46584663391113,0.013429768421023823,0.07677962396258742
2012-02-21,117.1038080351658,118.7735391383288,115.87933855951292,118.45072174072266,14831136,0.007098272622630297,116.15762252807617,112.92780570983886,0.01342210227212725,0.238202396521081
2012-02-22,117.99434412733164,119.9757640206421,117.24853625543491,118.3171615600586,13923108,-0.0011275590279341552,116.65075149536133,113.4559986114502,0.012849044222683704,-0.1078082842897673
2012-02-23,117.37098431724864,119.31900421291704,117.37098431724864,118.69564056396484,17095748,0.0031988512817231474,117.20065231323242,113.94968376159667,0.012794957417025797,0.8031009019811831
2012-02-24,117.3709589889664,119.19653424347251,114.73277588944484,116.80325317382812,16380168,-0.015943192025800745,117.24740524291992,114.33316535949707,0.01358287971671524,0.5634025607244997
2012-02-27,117.30419143393333,118.31715900720684,114.0203866446384,114.7884521484375,15321292,-0.017249528336271358,117.20510787963867,114.6826961517334,0.013929950782712799,0.24574445482303178
2012-02-28,115.60103268852556,118.75126366557608,114.25411918516464,118.10562896728516,14801148,0.028898175354417077,117.39545593261718,115.25541381835937,0.014644238972941304,0.023674439128745985
2012-02-29,118.86259148917208,120.19837631090482,114.28751760409284,115.12238311767578,19988636,-0.025259133503583664,117.37764282226563,115.5337013244629,0.015183587771382309,1.4554321293342718
2012-03-01,115.10013581806584,116.28007646565732,112.49535246390272,114.43224334716795,12198492,-0.005994835685449451,116.95353393554687,115.72126846313476,0.01518639366371772,-0.9130208315079186
2012-03-02,114.43223450442396,116.8811733751412,113.0407919642437,115.48973083496094,8116696,0.00924116714713663,116.78210678100587,115.95336112976074,0.015277361102215323,-2.027060733430471
2012-03-05,115.76802579734226,115.97952779290262,112.55100774742782,113.7532196044922,10051372,-0.015036066132583459,116.39584350585938,116.00567970275878,0.015332183209350557,-1.2712481137114178
2012-03-06,113.49718030354664,115.9906480071582,112.03895126603142,112.9628677368164,11597188,-0.006947951630940752,115.84705810546875,116.00234031677246,0.015411799007708544,-0.7200375818697456
2012-03-07,112.84041321813298,115.32274507865978,110.76994286899384,114.79956817626952,7577636,0.016259329072030093,115.49529876708985,116.07302513122559,0.015822408838299294,-1.7416093503971357
2012-03-09,116.21327094067516,117.32642487688852,115.69009402597683,116.48043060302734,9315044,0.014641713844924409,115.27377777099609,116.23721504211426,0.016109559865511127,-1.1397430006216467
2012-03-12,118.8848467922936,118.99616219191184,115.100123205273,115.53425598144533,11217384,-0.008123035059911854,115.14687805175781,116.19714164733887,0.014999870053545916,-0.5475627206543007
2012-03-13,116.43590818597332,117.4377467841318,115.84593113173553,116.74759674072266,11079428,0.010502000025621738,115.34279251098633,116.2739501953125,0.015010753556491972,-0.5782146258060922
2012-03-14,117.5713032941154,117.99430718917164,116.09081683802594,117.59357452392578,11721124,0.0072462115437108565,115.2915870666504,116.3435214996338,0.014976619225896808,-0.35873727190773597
2012-03-15,117.54907086877238,117.99433250085106,113.33021418716552,113.71981811523438,14939196,-0.03294190540915354,115.15133056640624,116.26448669433594,0.01668638137736014,0.5127686477522997
2012-03-16,113.5417118230871,116.85891629010366,112.42855778560586,113.06305694580078,12810608,-0.005775256945698692,115.01441192626953,115.98397293090821,0.015161429641436278,0.01376082822616949
2012-03-19,113.55281714078208,113.55281714078208,110.22449133415628,111.05935668945312,15299768,-0.01772197135363296,114.57137451171874,115.6767406463623,0.015393423666871858,0.693871083235866
2012-03-20,110.42488041293774,113.73094925993796,109.7569879910853,112.51760864257812,6324272,0.01313038357679841,114.44781341552735,115.42182846069336,0.015739946147579183,-1.8461881417189363
2012-03-21,111.98328334858276,115.28934502603718,111.98328334858276,114.79956817626952,12021572,0.020280910350132242,114.63148345947266,115.2392707824707,0.016407081116306246,-0.1651130027339524
2012-03-22,114.4099818615905,116.30234379897767,111.33767252204636,112.26158905029295,11280064,-0.02210791526741296,114.377685546875,114.93649215698242,0.017044638808577144,-0.34274597987973154
2012-03-23,113.43040219904692,115.48973727331814,111.52691141562516,114.42111206054688,8047164,0.019236526300072665,114.17175369262695,114.72276573181152,0.017691115827117153,-1.168786411132626
2012-03-26,114.32090302179796,114.9887953471444,112.57325007831103,113.9090347290039,9832916,-0.004475374538153387,114.00923156738281,114.57805480957032,0.017387850807225033,-0.5666591978957529
2012-03-27,114.65484748385984,116.16873401452962,113.98695516841988,115.51197052001952,11857352,0.014072068952468042,113.8856689453125,114.61423072814941,0.017267794320166126,0.11256410918572579
2012-03-28,115.43406672796532,115.43406672796532,113.55283380036924,114.30978393554688,8699492,-0.010407463218405466,113.5572898864746,114.4244384765625,0.016054493285736732,-0.8063871900425879
2012-03-29,113.09643883618725,114.45448119004004,112.42854648085545,113.56396484375,16225116,-0.006524542922917265,113.54170455932618,114.34651756286621,0.015114870760345586,1.9949896557732902
2012-03-30,113.98698026187412,116.62515005331542,113.4860609150202,115.73462677001952,11184976,0.019114002661461127,113.80886154174804,114.4116367340088,0.015673227245441235,0.08658222536788907
2012-04-02,115.32276766230548,117.98320874592164,114.89976365833704,117.62699127197266,5530932,0.01635089302800896,114.465625,114.51849975585938,0.01595563292318834,-1.8897605018278856
2012-04-03,118.66222004784964,119.41917022644164,117.54906601362966,118.03885650634766,12920812,0.003501451749477358,115.01774978637695,114.73278160095215,0.015504753013706777,0.6865033097793187
2012-04-04,116.9368095292741,117.77167489954498,116.7475788140008,117.22622680664062,4175076,-0.006884425381258552,115.26041564941406,114.94594955444336,0.015502837280771557,-2.0020189604467697
2012-04-09,116.6028925626542,117.17059843885392,115.76802698344665,116.15763092041016,5036740,-0.009115672450953016,115.65001983642578,115.01385269165038,0.015308867394470576,-1.6080877458287894
2012-04-10,116.52496689950094,117.10380154787536,114.84409347812162,116.84777069091795,5834072,0.00594140707794466,115.89268569946289,115.03221969604492,0.015012594668562263,-1.265114653010724
2012-04-11,116.1798924162964,118.20584110861157,115.12239598093146,117.2040023803711,7463248,0.003048681950427845,116.22218246459961,115.1157070159912,0.0148914197695079,-0.7405335513075871
2012-04-12,116.8811698985532,118.99616249671752,116.72532562102737,118.08338165283205,12103288,0.007502979886361283,116.47932357788086,115.18249626159668,0.014803672478060963,0.5380710874792742
2012-04-13,119.41916739670302,119.71971354349829,116.6362823770959,117.849609375,9833428,-0.001979722079092694,116.83330612182617,115.19529800415039,0.014731651797027357,-0.06630034694415522
2012-04-16,117.749428933932,118.21694815231976,116.6807902833801,117.93865966796876,17396084,0.0007556265433634746,117.27077560424804,115.4062400817871,0.012497853698481172,1.8978803214352802
2012-04-17,118.43957640392946,119.3078418918365,116.01289543702336,118.04997253417967,15665808,0.0009438200037570343,117.50231018066407,115.65558586120605,0.012370415857310638,1.3494795884704578
2012-04-18,118.66221769325831,120.19837566532264,118.66221769325831,119.69745635986328,12000284,0.013955817102851098,117.70935668945313,116.08749084472656,0.01169021352347901,0.4816278088488097
2012-04-19,120.22064201208364,123.6936773459989,119.5972784378305,123.34860229492188,16366676,0.0305031205014219,118.24033126831054,116.62904052734375,0.012991659300743969,1.4511038355789772
2012-04-20,122.94788729790342,124.2280146894162,121.65663108151747,122.69185638427734,15725100,-0.005324307681041085,118.78689422607422,117.02365493774414,0.012630549204270569,1.1942650463443207
2012-04-23,122.88106105106137,123.78271298735514,120.95529937951548,121.41168975830078,8437648,-0.010433998341071726,119.31230010986329,117.48115997314453,0.011618659140729118,-0.5547322863659764
2012-04-24,121.5786729538272,121.6677307080574,120.08705748276256,120.63249206542967,8760780,-0.006417814416571299,119.69077224731446,117.79172897338867,0.011257234664479334,-0.48730227171213875
2012-04-25,121.11114907315664,122.33561841121248,119.77536434073212,121.7011260986328,10778388,0.008858592033591739,120.14048461914062,118.18133354187012,0.011204240496882366,-0.005237551176192261
2012-04-26,121.33378592604956,122.43581110303904,119.99800112686368,120.33194732666016,9338952,-0.011250337740202898,120.36534118652344,118.42233238220214,0.011361238621804402,-0.32670018616424035
2012-04-27,120.66588478358602,121.55640791852024,118.92936738812524,120.47665405273438,4549020,0.0012025628213376827,120.62804565429687,118.73067588806153,0.010978318094277057,-1.3787589703649963
2012-04-30,121.06664668008736,122.22432975241664,120.29856757327124,120.77722930908205,6039020,0.002494883832149686,120.9119026184082,119.09133911132812,0.010763132593648191,-0.938396522669288
2012-05-02,120.37647653514529,122.66957106238904,120.37647653514529,122.4246826171875,8978348,0.013640429719491642,121.34937362670898,119.42584190368652,0.010398962369545376,-0.2082244035477122
2012-05-03,121.44511151405857,124.22799674581977,121.43398269079287,123.34860229492188,13714548,0.0075468415190700355,121.71448822021485,119.71192245483398,0.009975758562753042,0.8383259936052713
2012-05-04,122.7141073688241,123.27068440370782,119.02957011555516,119.6640625,12351888,-0.02987094889095121,121.34603424072266,119.79318275451661,0.012305218288672893,0.5171182016501311
2012-05-07,118.41732391579266,119.00728736268404,114.96654663350785,118.4952392578125,16712688,-0.009767537703205598,120.92637252807617,119.8566333770752,0.012415825987448132,1.431431617040571
2012-05-08,118.63996986237156,119.41917773532086,114.2652687974907,114.7327880859375,11283080,-0.03175191843521208,120.25848236083985,119.78539123535157,0.014246079728418761,0.030195841162507675
2012-05-09,114.3654506134754,116.34685668333124,112.5176108010768,114.1316909790039,15023992,-0.005239104853647869,119.60840225219727,119.64958724975585,0.014198467123270464,0.9100740136211973
2012-05-10,113.7754545683446,116.41363739863688,113.5416949728261,115.21142578125,12084380,0.009460429377539992,118.95943222045898,119.54995841979981,0.014367948044309508,0.0630585319237069
2012-05-11,114.26526760981756,115.7680256348858,113.14098469390936,113.6641616821289,8050084,-0.013429779977368383,118.29265365600585,119.32899742126465,0.01449631482266327,-0.9738426637041826
2012-05-14,113.70868018208364,113.94243980253547,109.99074313443566,111.4378433227539,11034848,-0.019586810182096626,117.3887725830078,119.00840911865234,0.0150322033276475,-0.18471922546221003
2012-05-15,110.42487915717922,112.306112174998,110.42487915717922,111.1150360107422,8019464,-0.002896747661176202,116.42255325317383,118.66722793579102,0.015010367862209712,-0.9188236850290153
2012-05-16,109.97962070447537,111.02598823450712,108.19857421533403,110.2467803955078,16960872,-0.007814024513752238,115.20476303100585,118.27706832885742,0.01502105094523023,1.5661792267644228
2012-05-17,110.6474977639038,112.76249017588988,110.20223620348568,110.82559967041016,11618520,0.005250214771133077,113.95246276855468,117.83347549438477,0.014615161549970543,0.09073884387463718
2012-05-18,109.04456224207374,112.18365785556388,108.8664603211726,111.4378433227539,9614416,0.005524388355799825,113.12984085083008,117.23793754577636,0.012440238508341738,-0.39211465066784484
2012-05-21,111.37106712735152,113.06306270940632,109.9684956862876,110.7477035522461,8542340,-0.006193046723894202,112.35508728027344,116.6407299041748,0.012442982676441174,-0.6291855931199485
2012-05-22,112.1613945701199,112.42855424837124,108.41007101715492,108.922119140625,11096812,-0.016484173965375826,111.77402038574219,116.01625137329101,0.012652955980005822,0.11453823350909668
2012-05-23,109.08907693724292,109.7347048092656,107.35255965467816,108.46571350097656,12695888,-0.004190201616066536,111.20742263793946,115.40791244506836,0.012652738196529073,0.5506700929814216
2012-05-24,109.75698992681768,111.9165115132216,107.975943437133,111.24861907958984,11539244,0.02565700707429741,110.81114196777344,114.88528709411621,0.014110427499230447,0.17915511309174026
2012-05-25,111.27087791893538,112.01669250332144,110.33583257831307,111.3154067993164,11194572,0.0006003465056836355,110.57626647949219,114.43446006774903,0.014055670298257208,0.043592864940499326
2012-05-28,111.58255275749129,113.6752807888731,111.31539309639896,113.26341247558594,12206852,0.017499874745833477,110.75882339477539,114.0737979888916,0.014812522006038548,0.27335617496729936
2012-05-29,113.57508774998745,113.97582721880616,111.78291274085028,112.41741180419922,10573024,-0.007469319993948398,110.8890609741211,113.65580711364746,0.01478632132911534,-0.43291108106800213
2012-05-30,111.32653368073052,112.51760987154071,110.54732584672516,111.46011352539062,10167280,-0.00851556946068055,111.01039428710938,113.10757865905762,0.014256973290030794,-0.6306752875470775
2012-05-31,110.42489486748848,113.29683129855808,110.28018618264213,112.69573211669922,19039120,0.011085746750357561,111.19740753173828,112.57493515014649,0.01443628178763908,2.3997152025553348
2012-06-01,112.20592669545717,112.90721237847316,109.08909539836112,109.17814636230467,11708748,-0.031213123055556347,110.97143783569337,112.05063934326172,0.014563445691987214,-0.08498250106677775
2012-06-04,108.64381506612185,110.98143813619208,107.98705158115564,110.34693908691406,11360968,0.0107053724903039,110.93136138916016,111.64322433471679,0.014887660467833326,-0.12140515023896847
2012-06-05,111.31540680692298,112.40629643480015,110.97033176348282,111.64935302734376,10710712,0.011802900481035161,111.20408477783204,111.4890525817871,0.013665187119769483,-0.3493026732546436
2012-06-06,112.39516785733466,116.43591577442328,112.09461489946868,115.74576568603516,25091692,0.03668998115634525,111.9320899963379,111.56975631713867,0.016035330550305805,3.2265888156727516
2012-06-07,116.70308399156896,120.109332978392,116.43592427747733,119.7308578491211,19800492,0.034429701505415355,112.78031387329102,111.79572792053223,0.01763530859308245,1.6648203961711387
2012-06-08,120.42100234376848,120.8328638788302,118.2058232178267,120.02025604248048,19322744,0.002417072745975579,113.65079879760742,112.1135326385498,0.01725400891070648,1.3890541270418444
2012-06-11,120.46552555644725,122.2020567407788,119.86443324158536,120.65476989746094,13071884,0.005286723057446929,114.38993453979492,112.57437896728516,0.016427132557113335,-0.03261764533677182
2012-06-12,119.95346228807058,122.63616048599816,119.76423155922224,122.35787200927734,11253840,0.014115497574308966,115.38398056030273,113.13652076721192,0.016485645056841875,-0.494136157306097
2012-06-13,122.66956428277862,122.98125282154142,120.1760967375911,120.6102294921875,8064732,-0.014283041118575035,116.29899215698242,113.65469322204589,0.016809725287753687,-1.114373322980199
2012-06-14,120.22061141371074,121.86808448692368,118.58428074923437,118.97388458251952,8642552,-0.013567214958114082,116.92680740356445,114.06210746765137,0.01729319693852427,-0.9275312833414473
2012-06-15,119.1074904033069,122.38016622176946,119.09636157980913,121.90150451660156,9932224,0.02460724842561124,118.19914321899414,114.58529052734374,0.017914722407419363,-0.6439456931929889
2012-06-18,122.89219625126972,122.89219625126972,117.89413229114312,119.09634399414062,11237464,-0.02301169730090502,119.0740837097168,115.00272254943847,0.018822204334041342,-0.38957497327579044
2012-06-19,119.0629668004867,119.99801901698186,117.17060471951388,119.43031311035156,11860736,0.0028041928493403034,119.85217971801758,115.5281322479248,0.018211996269694598,-0.25614751052496554
2012-06-20,119.55276121806608,120.33196915896596,117.67152790023192,118.9293975830078,9534472,-0.00419420760356648,120.17054290771485,116.05131645202637,0.018212100054065972,-0.7435666400499459
2012-06-21,118.66221403192446,121.2669970576034,118.28373896181634,120.86626434326172,10652656,0.01628585362085988,120.28408355712891,116.53219871520996,0.017761478984782506,-0.478182951703592
2012-06-22,119.12973673640136,121.3560447568036,119.12973673640136,121.18907165527344,6168816,0.0026707809144737027,120.40096511840821,117.02588195800782,0.01774478330659251,-1.3625334332114838
2012-06-25,121.42286824110045,122.11301842495185,119.10750201886825,119.48597717285156,6374848,-0.014053201820593109,120.28408584594726,117.33701019287109,0.017921270187915016,-1.204409348310754
2012-06-26,119.77536794331913,122.00167589765591,119.3968928734208,120.98870849609376,5853128,0.01257663333219683,120.14716949462891,117.76557502746581,0.01787545814061741,-1.2144035616626085
2012-06-27,121.55642700195312,123.49331784217308,121.55642700195312,122.2243194580078,11937288,0.010212613865151932,120.30857849121094,118.30378532409668,0.017684101165260577,-0.028521060624792077
2012-06-28,122.71799522332353,124.00822824770508,121.89897226005004,123.07701110839844,12142440,0.006976448338365193,120.71889114379883,118.82284927368164,0.01763063044609245,0.08527982748198036
2012-06-29,123.88477646309629,126.75695769459526,123.87355978707444,126.45402526855467,12659172,0.02743822042592492,121.17414321899415,119.68664321899413,0.016185272363289458,0.18358834760886808
2012-07-02,126.55499252041534,129.02326365113265,125.65743938197268,128.78765869140625,8201524,0.018454402047665575,122.14327468872071,120.60867919921876,0.01635798495229153,-0.7081149727728749
2012-07-03,129.22523488870814,130.1452214934488,128.28280123533008,129.21400451660156,8466800,0.0033104555943275216,123.1216438293457,121.48691177368164,0.01636109843191021,-0.6238433045930757
2012-07-04,129.40473958994602,130.33594284811826,129.16913460633978,129.69644165039062,12810284,0.003733628839953429,124.19834823608399,122.18444557189942,0.01485208253150429,0.5136713949474607
2012-07-05,129.67401939625313,131.26717103658618,129.12426525707005,131.06521606445312,8381528,0.010553677469056222,125.21824340820312,122.75116348266602,0.013310144192094468,-0.6264374564711376
2012-07-06,130.61643904075987,132.16472396784985,129.80864654567256,130.4818115234375,15741520,-0.004451253799701682,126.14751739501953,123.27424125671386,0.013457671691417181,2.127352138121156
2012-07-09,130.1339987443555,130.5378949496485,127.69937744543984,129.7301025390625,7661160,-0.005761025047080759,127.17192993164062,123.72800788879394,0.013639392196395752,-0.8561815310721586
2012-07-10,130.1452022833462,132.9051753857576,129.58423158384903,132.08616638183594,13543016,0.018161273263959776,128.28167572021485,124.21442260742188,0.013830335977511687,1.313569750376609
2012-07-11,131.69352428548137,133.2417956383683,131.28961431069752,131.71595764160156,12299444,-0.0028027820806318937,129.23083953857423,124.76970901489258,0.013261475106110313,0.7730779351517356
2012-07-12,131.02033481820226,132.59105292983062,129.1579009579543,130.1676483154297,7583748,-0.011754910748056902,129.93990325927734,125.32939720153809,0.0131371540278258,-0.9335045092093563
2012-07-13,131.26714908059458,132.7032396085949,130.69496168269146,131.72714233398438,9508572,0.011980657549989893,130.46721496582032,125.82067909240723,0.012407587732318294,-0.22592400783256866
2012-07-16,131.94032487273913,132.9949526576057,130.38082339575746,130.73985290527344,12850160,-0.007494958223626669,130.66243438720704,126.40285453796386,0.01104257449107111,0.9383898148815003
2012-07-17,131.7159373597735,132.10861690045425,129.83107008627567,130.87448120117188,8539356,0.0010297418339302311,130.82848205566407,126.97506294250488,0.011065985272332516,-0.536492867887052
2012-07-18,131.19986719063925,132.09742056468764,130.16767259313704,131.71595764160156,7117996,0.0064296448987348764,131.03043365478516,127.61439094543456,0.010872718928807977,-0.9740151598218731
2012-07-19,132.07494922693414,132.5686062310022,131.39056764418245,132.2544708251953,4800448,0.004088442989262031,131.14935913085938,128.18380126953124,0.010554096279436997,-1.5620583553778455
2012-07-20,132.16469765596074,132.16469765596074,130.36959140596468,130.72860717773438,4168944,-0.011537331312434174,131.17403869628907,128.6607780456543,0.011149678674633463,-1.6553842925475117
2012-07-23,129.56182276325896,130.14522692295893,128.13694869942904,128.5745086669922,6094528,-0.016477636817575414,131.05847930908203,129.11520462036134,0.011365709176768473,-1.0518529898384286
2012-07-24,128.4735066920691,129.57301473987815,127.94619971345934,128.81008911132812,5305588,0.001832248450943652,130.73087158203126,129.50627365112305,0.011178091488320267,-1.2723242992493542
2012-07-25,128.89986480474482,130.32472506612086,128.73157357565748,129.25888061523438,8815704,0.0034841331684691834,130.48516387939452,129.85800170898438,0.011056392371208642,-0.16011128297787444
2012-07-26,129.6964405165572,129.86473174560118,126.3306159356777,126.95890045166016,17705416,-0.017793594936200807,130.16428909301757,130.05209617614747,0.011924241935604396,2.1868499454645325
2012-07-27,128.35009656417785,132.0973835910929,126.70084817921382,131.17738342285156,13430872,0.033227154269484194,130.10931320190429,130.28826408386232,0.012633093846092184,1.0111464384261433
2012-07-30,131.73836996702246,132.81544480039852,131.04277169141125,131.77203369140625,8466284,0.0045331767797032185,130.21253128051757,130.4374828338623,0.01204333533561564,-0.32100300200454757
2012-07-31,132.38908995673384,132.38908995673384,130.1115433546722,131.88421630859375,8391408,0.0008513385886583791,130.31350479125976,130.5709934234619,0.012033359924004512,-0.33993198882381703
2012-08-01,131.3905728721002,132.01885740428796,129.60668305910724,131.60374450683594,7870988,-0.0021266517678016905,130.3022834777832,130.66635856628417,0.012036988463376058,-0.41949096809570074
2012-08-02,131.60374526650097,132.2095964492982,129.5393700526172,130.70619201660156,6885460,-0.006820113619090518,130.14745559692383,130.6484073638916,0.011922297608889552,-0.6604447673593389
2012-08-03,130.36961556983766,132.1647221525549,130.0891301662881,131.98521423339844,9951500,0.009785475324951776,130.27311630249022,130.72357749938965,0.012071032517077494,0.2651079101971253
2012-08-06,133.0959353459125,135.08176646774783,133.06227162022336,134.6890869140625,12329176,0.020486178670609423,130.88457412719725,130.97152671813964,0.0127462040033653,0.8800062410011211
2012-08-07,135.0817386995453,135.14905244151018,133.95979734822018,134.6553955078125,11228764,-0.00025014206437889985,131.4691047668457,131.09998817443847,0.012165708655540246,0.6156528188815948
2012-08-08,134.63297581890956,135.08175240497258,133.44372060495743,134.3861541748047,8053116,-0.001999484179541766,131.98183212280273,131.23349800109864,0.012153696724808363,-0.27549948502265986
2012-08-09,134.85735365846517,136.20368331229346,134.29638296937006,135.67637634277344,9873120,0.009600856396935642,132.85357971191405,131.50893440246583,0.011902833780957996,0.2463364267628479
2012-08-10,134.63293155447005,136.18121574557446,134.55440115595795,135.11537170410156,15127420,-0.004134873393541683,133.24737854003905,131.67834587097167,0.011746149471539026,1.6350399916444156
2012-08-13,134.6329616363229,136.76465019556468,134.6329616363229,136.30465698242188,8421704,0.00880199834645623,133.7006408691406,131.9565860748291,0.011666313879232122,-0.20557899412047498
2012-08-14,136.21491087554315,136.65247078712918,135.36223809907335,136.4617462158203,11225568,0.0011524861796812225,134.15839385986328,132.23594932556153,0.011665725513934695,0.5658391499218635
2012-08-16,136.42808526592682,136.461748988877,134.15053856162922,134.64419555664062,8143296,-0.013319122095251101,134.46243896484376,132.3823612213135,0.012112270495295391,-0.34024169226386597
2012-08-17,134.3188522166196,135.13787511981906,132.79301427360176,133.5334930419922,7686156,-0.008249167445032568,134.74516906738282,132.44631233215333,0.012268934525828888,-0.5370582406388968
2012-08-21,133.5110309731914,134.29638997891607,131.9851933583269,133.82518005371094,8340840,0.0021843734112985125,134.92916564941407,132.60114097595215,0.011936448556689424,-0.4317190104013487
2012-08-22,133.37642239056132,134.733968982401,132.6920270606438,133.93739318847656,9580860,0.0008385053897972394,134.85399627685547,132.86928520202636,0.011188353197895785,-0.08823013754311576
2012-08-23,134.4983757568778,135.65396748436797,133.56715867261354,134.11691284179688,9425048,0.0013403251253940596,134.8001480102539,133.1346263885498,0.011189523258352506,-0.22555358642431875
2012-08-24,133.1744802773942,134.7227653072916,133.1183831921889,133.80276489257812,6708376,-0.0023423440233023562,134.74180908203124,133.361820602417,0.011226817434488123,-1.1352681650147236
2012-08-27,133.51103120510422,134.38615100551863,132.84908301715734,133.36517333984375,4046724,-0.0032704223495357843,134.51068878173828,133.68213424682617,0.010327226547993895,-2.079919844335895
2012-08-28,133.03982978531243,133.4100622664101,131.60373917372883,132.2432403564453,8895964,-0.00841248847283016,134.22347564697264,133.73542709350585,0.007663370234663233,-0.059246623987418166
2012-08-29,132.2207952397244,133.69053574850133,131.54763039336177,132.063720703125,6729628,-0.0013574958753009847,133.79938201904298,133.7500114440918,0.007610488267084451,-0.9388260800956799
2012-08-30,131.4915477220337,135.0817606291199,131.4915477220337,133.71299743652344,22716404,0.012488492105307003,133.52450714111328,133.8414505004883,0.008097194547849688,3.3710264054589345
2012-08-31,132.4676275904109,134.6329801663158,132.220805938336,133.58956909179688,12506740,-0.0009230841211614882,133.4190444946289,133.94074172973632,0.008079379004167202,0.6702723569034872
2012-09-03,134.08324876908705,134.13934585364407,131.9403428781241,132.49009704589844,7437816,-0.008230223762028421,133.31470489501953,134.02993698120116,0.00815499173858356,-0.6404642691038183
2012-09-04,132.51250701451232,132.91640321292428,131.76081169234493,132.41152954101562,5772588,-0.0005930066218881036,133.17333984375,134.05125274658204,0.007872374426564736,-0.9881459542543832
2012-09-05,131.940288936174,133.73539490809472,131.79443109772674,132.8602752685547,12158472,0.003389023063887109,133.0656280517578,133.95981216430664,0.0063296045067604435,0.6164985613665668
2012-09-06,132.41152999199963,133.1744556881567,131.51397679443835,131.97398376464844,5097452,-0.006670854039062979,132.85133514404296,133.82574157714845,0.006468791437448524,-1.0507220605559104
2012-09-07,133.34274075287442,133.51103196964286,131.42422362082883,132.47885131835938,11205148,0.00382550817448446,132.71894378662108,133.73037643432616,0.006551331983740808,0.4026270388448075
2012-09-10,132.72567092465547,133.95980649538348,132.243230632414,132.6471405029297,6034892,0.0012703098109290156,132.6471405029297,133.57891464233398,0.006112465036781836,-0.7977269872483319
2012-09-11,132.10861961745212,133.95982320444824,130.89691724591523,133.3764190673828,6311544,0.005497883796726333,132.76045837402344,133.49196701049806,0.006239807411150051,-0.6538492367643148
2012-09-12,133.56712424443276,134.63296857901662,133.26420554335948,134.45346069335938,6391016,0.008075202749538768,132.9994323730469,133.39940719604493,0.006183857545711165,-0.6026262748421893
2012-09-13,134.85735685998165,134.96955100046418,133.18566142767745,134.45346069335938,3399760,0.0,133.07347869873047,133.2989929199219,0.006171384062254585,-1.2079578291021225
2012-09-14,136.11393351709415,137.9427035894748,134.84614787469016,137.49392700195312,25771220,0.022613522128136054,133.4639144897461,133.4414794921875,0.00741620482797101,2.8943274608293903
2012-09-17,138.89638030311284,139.10955196191804,135.86713776015318,136.49542236328125,21086848,-0.007262172667871325,133.86444702148438,133.58957595825194,0.007353924798625894,1.7776853838841111
2012-09-18,136.49538182823034,137.32562116589696,135.49685128815457,135.8558807373047,10039176,-0.0046854437672966265,134.2088821411133,133.69111099243165,0.007461397142225215,-0.004267144499426078
2012-09-20,135.0817359166084,136.87684204174607,134.8573476509662,136.18124389648438,10491328,0.0023949140619743403,134.54097900390624,133.80330352783204,0.007470155592868588,0.0609486129220358
2012-09-21,136.58519135057978,141.14027211534577,135.7773850734313,140.27638244628906,23602848,0.03007123765823083,135.3712188720703,134.11127700805665,0.009926583430331003,1.8468872440988333
2012-09-24,140.35486835870216,142.91290021469214,139.74901726695995,142.48655700683594,17574880,0.015755856559767967,136.37198944091796,134.54546661376952,0.01029960493963149,0.8864003322434009
2012-09-25,142.03778305064603,143.36167939775208,140.50072879128172,142.91290283203125,11686144,0.002992182800619192,137.39856567382813,135.0228530883789,0.010187158436139453,-0.008737511544605905
2012-09-26,142.4529150721399,142.84559462000655,140.0519710787872,141.53292846679688,10730508,-0.009656051608274208,138.21421661376954,135.4873374938965,0.010267251206142051,-0.16361066986504424
2012-09-27,142.03780069950471,142.93535394247155,140.28757461483443,141.5441436767578,15861744,7.924099418010755e-05,138.92328491210938,135.96135864257812,0.01023682694382462,0.5317803633781673
2012-09-28,141.7909569184417,142.32948056287404,140.48949396268995,141.17388916015625,11007688,-0.002615823636243908,139.59532775878907,136.33440322875975,0.010096681321418376,-0.11216667285279693
2012-10-01,141.14026290538135,141.81342791128935,139.12076788765728,139.76026916503906,8054784,-0.01001332472687988,139.82196197509765,136.64293823242187,0.010469238521389099,-0.5449370283451008
2012-10-03,140.01829369767808,140.64657817387328,138.66074727514078,138.99732971191406,11032228,-0.005458915167257383,140.07215270996093,136.96829986572266,0.010339905684682573,-0.10172555643156625
2012-10-04,139.45733878882388,142.23975939333167,139.4461221121073,141.65634155273438,12652064,0.019129949088456444,140.6521987915039,137.4305404663086,0.010956497911535565,0.10584664822172889
2012-10-05,143.1597072960348,143.30556514063116,113.32728592838144,139.6592559814453,14947024,-0.014098102135057688,141.0,137.77048950195314,0.011637114062009443,0.45822956647296936
2012-10-08,139.9958927270166,139.9958927270166,138.34663018801822,139.27784729003906,9290672,-0.0027309947251682454,140.900146484375,138.13568267822265,0.011505189007340481,-0.5181694494562062
2012-10-09,140.23148756108873,141.47684003560963,139.56953925796856,140.41099548339844,4310768,0.008135882449415321,140.69259033203124,138.53228988647462,0.01156642241090905,-1.245224653254217
2012-10-10,140.01832862149246,140.01832862149246,138.26810225283936,138.66078186035156,4295016,-0.012464932799752249,140.2673782348633,138.8329719543457,0.012069768127215325,-1.2140952602861328
2012-10-11,139.37880436008098,140.87097840557763,138.77295318342098,140.2090301513672,9812932,0.011165725955410322,140.1349884033203,139.17460250854492,0.012214769165841348,-0.37104370756806443
2012-10-12,141.36461341050108,142.4865547867749,140.46706030948204,141.62266540527344,15506408,0.01008234100457095,140.14284057617186,139.53306274414064,0.012270486840986361,0.48652668526348
2012-10-15,141.903157900858,142.46412861726623,139.70414173607838,142.29583740234375,7572068,0.0047532786870232435,140.25503540039062,139.92518157958983,0.01226204431784553,-0.896349897476667
2012-10-16,142.54265389301457,142.5987509626301,140.9382722237815,141.45437622070312,7273836,-0.005913463085089221,140.42444610595703,140.12320404052736,0.011483853612449045,-0.9068962000680622
2012-10-17,141.81341335310506,141.92560750923886,140.57927763563342,140.93829345703125,6433772,-0.0036484043651408005,140.61854248046876,140.34534759521483,0.011366846485019332,-1.0003185133378003
2012-10-18,141.36461875909063,143.13729167890247,140.11926652342297,142.75582885742188,5618460,0.012895965715270519,140.7284912109375,140.6903450012207,0.01152866820777045,-1.091235369241833
2012-10-19,141.81343538683373,142.48660042822692,140.6914936511784,141.028076171875,9055400,-0.012102852117320428,140.86537322998046,140.93268661499025,0.011985206742526157,-0.3633324056302419
2012-10-22,140.28756893217178,143.60851305751174,140.28756893217178,143.38412475585938,8241404,0.01670623784949732,141.2760009765625,141.08807373046875,0.010622071983528405,-0.47274364191554313
2012-10-23,143.39537782414612,143.49635532463176,141.92563681443252,142.28465270996094,8332960,-0.007668017974587604,141.46336669921874,141.077978515625,0.01021020599061361,-0.3686348263234829
2012-10-25,141.95928653199255,143.83292366310164,141.14026362572687,143.01390075683594,17011340,0.0051252755162676245,141.8986785888672,141.08302841186523,0.010254388913006401,1.9035297461922196
2012-10-29,143.12605055220837,144.16946147143705,142.60996027749525,143.7431182861328,5512328,0.005098927624782146,142.25208740234376,141.19353790283202,0.010045315253444168,-1.0522866057882712
2012-10-30,142.9465668039723,144.68557616581035,141.4992594991985,142.18365478515625,8834904,-0.010848961115984102,142.30818634033204,141.22551345825195,0.010379551858838244,-0.112929517106423
2012-10-31,142.284605566535,142.68851543464942,141.37583575442554,142.3070526123047,7492968,0.0008678763204876816,142.30930786132814,141.28217163085938,0.010357667622863095,-0.43881377906106944
2012-11-01,141.98170833170695,142.6436566094686,140.8036696612345,141.0504913330078,7058460,-0.008829929762653399,142.2689193725586,141.3466827392578,0.01029795229356338,-0.5429766001143528
2012-11-02,143.15975393235198,143.15975393235198,140.91587064187624,141.4319610595703,5432772,0.0027044905902657845,142.3182861328125,141.46841430664062,0.01021033256241381,-0.9035046638535535
2012-11-05,141.81339217058317,142.71094528558686,141.53290682214453,142.48655700683594,4022128,0.007456560309033966,142.2913589477539,141.5099250793457,0.009417317621235669,-1.1642986980141896
2012-11-06,142.25096881099233,143.87778402358182,142.25096881099233,143.50753784179688,7278084,0.0071654537551353314,142.5393051147461,141.70233917236328,0.008887581874930947,-0.19252016760484597
2012-11-07,143.5524372152253,144.73047597314624,142.91293593915617,143.6197509765625,8200660,0.0007819319908430877,142.5628677368164,141.91943435668946,0.008836260167256846,0.10127199878272469
2012-11-08,142.82315400172848,143.8329013591641,142.59876570007611,143.38412475585938,3867800,-0.0016406254648191343,142.67281494140624,142.0680908203125,0.008723804847173547,-1.1892139954268586
2012-11-09,143.21582484575342,144.28166921397485,142.4865629096019,143.462646484375,4420776,0.0005476319547184083,142.71768951416016,142.30818405151368,0.008124781671389183,-1.0277808645686926
2012-11-12,142.99142111878297,146.70504414587612,142.99142111878297,146.14407348632812,9657456,0.018690767720119794,142.9577850341797,142.6049362182617,0.008735764480313815,0.5452762620158282
2012-11-15,145.17921650220623,145.26897729202904,143.3841102703397,145.01092529296875,9442340,-0.007753637669510982,143.24051208496093,142.77434921264648,0.008789433644228123,0.6715847515974737
2012-11-16,144.28167928931035,145.5382483118892,143.64217810195015,144.11338806152344,12102824,-0.006189445585786046,143.4211456298828,142.86522674560547,0.00889779635574735,1.4394545059832822
2012-11-19,143.5524051756208,145.38117517464966,143.48509142930743,145.1231231689453,5787948,0.007006532293799106,143.82840881347656,143.04866409301758,0.00886343467487092,-0.6247811079490785
2012-11-20,145.65043369767008,147.17628502756372,145.45970912922053,146.71627807617188,9353388,0.010977953564105025,144.35684051513672,143.33756332397462,0.009033835733698377,0.49721958110854575
2012-11-21,147.00799649464955,149.33040986251595,145.7850775515516,148.926513671875,12929784,0.015064692375549527,145.00083618164064,143.64609756469727,0.009182670622211796,1.4748794935620826
2012-11-22,149.62215414541484,150.59825171856232,148.99386948309578,150.13824462890625,8440964,0.008136435394580088,145.66390686035157,144.10160598754882,0.00862674531263273,0.08434330460620307
2012-11-23,150.22799105072875,150.92358941455504,147.8831301988723,150.28408813476562,5249712,0.0009713947716643023,146.33034057617186,144.44660415649415,0.008023711767785891,-0.8487259878455173
2012-11-26,151.01336459168044,151.17043918104008,148.1187493018106,148.5226593017578,5481536,-0.01172066088213053,146.8441940307617,144.75850448608398,0.00833600403740872,-0.7235432036071097
2012-11-27,149.1957911666206,153.43672196192475,149.1957911666206,152.6962432861328,16502672,0.028100654836077377,147.7675537109375,145.24262161254882,0.010149082157385594,2.668891486599478
2012-11-29,152.02305915216905,157.9132514809431,151.55184924409656,157.0381317138672,25199452,0.028434808442524995,148.8569595336914,145.90737228393556,0.01160080655565408,3.270366149087308
2012-11-30,157.29621211812494,158.305959556829,154.73817979517747,157.95816040039062,15639292,0.0058586324001852486,150.15168304443358,146.69609756469725,0.011024901808024972,1.2356463943875544
2012-12-03,157.07178834204103,157.32984032968932,153.4815760370801,154.14352416992188,11636340,-0.02414966229537907,151.15469665527343,147.2879211425781,0.012829541702682083,0.42953536486952915
2012-12-04,153.50402062600202,154.82791698862715,152.81963909437,153.73963928222656,8679488,-0.0026201871915818575,152.01634826660157,147.92237854003906,0.012573227953128518,-0.1508569675728904
2012-12-05,154.60353877459804,155.94986857524765,154.1547621743815,155.4113311767578,9219860,0.010873525541857498,152.88585357666017,148.62134704589843,0.01264801687997051,-0.08495592057003165
2012-12-06,156.12938856357488,156.7352397598865,152.7635638013726,155.89378356933594,10904552,0.0031043578928580118,153.58258056640625,149.29170837402344,0.012637333876234225,0.1824378103906945
2012-12-07,156.0059693877551,156.6230372278361,154.37915417299607,155.52352905273438,7936632,-0.0023750434951557153,154.12110900878906,149.89250793457032,0.01271451229973852,-0.4240711293508849
2012-12-10,154.82791851093245,156.28644238096297,154.74938808846815,155.50108337402344,8324104,-0.00014432336282266256,154.64280853271484,150.48657455444337,0.01272893246697062,-0.3470902969540542
2012-12-11,156.00596020447597,156.84741630050874,153.9976822494962,155.01864624023438,13500552,-0.0031024679913558284,155.2924072265625,151.06830062866212,0.012767520163202123,0.6242556634752535
2012-12-12,155.1084293305494,156.1742738720613,154.4913614380951,155.69183349609375,7736504,0.004342621176139927,155.5919662475586,151.67975997924805,0.012741910972902016,-0.6404990894864268
2012-12-13,155.6918221213195,156.17426246204016,154.60354430509437,155.06353759765625,6283232,-0.004035509662446479,155.3945068359375,152.12573318481446,0.012387740484439328,-0.8998100727432816
2012-12-14,154.8391569098008,155.81525431557165,153.78452907054805,154.54745483398438,8373892,-0.0033282019207568903,155.05343627929688,152.60255966186523,0.012223245506418784,-0.44241007237779845
2012-12-17,154.35672299264044,154.35672299264044,151.14795922260822,151.79869079589844,12230212,-0.017785890042891217,154.81895294189454,152.986824798584,0.012948618203558623,0.3722601681896537
2012-12-18,152.124039016634,153.07768921824098,150.28405235912453,151.67526245117188,13375072,-0.0008131054627639189,154.61251525878907,153.3144317626953,0.012929160588241546,0.5448051430091989
2012-12-19,151.36112501669328,154.65963576560796,151.34990834080895,154.379150390625,16489012,0.017826822223720118,154.5092971801758,153.69757537841798,0.013257916139282629,1.1037149312824268
2012-12-20,153.93038902274628,154.15477734493686,152.64015617015036,153.34698486328125,10260748,-0.006685912733241928,154.2546173095703,153.9185989379883,0.013075226223861036,-0.1702305503418771
2012-12-21,152.80844980725172,153.03283813295985,151.24894820446474,151.68650817871094,11086244,-0.010828231712874836,153.87091522216798,153.99601211547852,0.013258391534837329,-0.025190985125450985
2012-12-24,152.58402783658212,152.61769155624606,150.74404123237923,151.7089080810547,5482252,0.0001476723448425865,153.4916976928711,154.06725311279297,0.013258444031280096,-1.2157373296855152
2012-12-26,152.15771015786808,153.67233127649905,151.0357685885118,152.6513671875,5723216,0.006212285872770007,153.25496978759764,154.27368850708007,0.01298820134947733,-1.1709851503124786
2012-12-27,153.48161101587235,153.48161101587235,151.8435790175375,152.6064910888672,9858168,-0.0002939777052746173,152.946435546875,154.2692008972168,0.011373419313089505,-0.22871537331051645
2012-12-28,152.83087616833265,153.25721944590006,151.2713883324815,152.05674743652344,7024264,-0.0036023608722096645,152.64575653076173,154.0201316833496,0.009213556899229529,-0.9476921519817155
2012-12-31,151.91088165313357,152.5840465644473,151.23771674181984,152.2698974609375,5107288,0.0014017794541016926,152.41800079345703,153.73571853637696,0.009077320395534147,-1.4464192028201759
2013-01-01,153.05524315732927,153.72840800985335,152.50550281756043,153.59378051757812,4029212,0.008694318960714043,152.597509765625,153.70823135375977,0.007683785246731582,-1.5807265298865119
2013-01-02,154.80547742869587,154.82791077811547,153.2684095173951,154.2332763671875,9709596,0.0041635530257437825,152.85331115722656,153.7329132080078,0.007718680488853322,0.18041182619447724
2013-01-03,154.8279268071132,154.8279268071132,152.67380460802678,153.3357391357422,9142732,-0.005819348798040913,152.74897003173828,153.62913360595704,0.00739835545683985,0.0043340459131743555
2013-01-04,153.70597063735852,153.70597063735852,150.9684309029507,152.43817138671875,10884508,-0.005853610867775916,152.65808868408203,153.45635299682618,0.007430444166712036,0.5494904644842584
2013-01-07,153.4142670576908,153.4142670576908,149.44259183292627,149.93624877929688,11004568,-0.016412704145307377,152.48306274414062,153.1769889831543,0.008182744482438825,0.5368108360713912
2013-01-08,149.89139703439713,151.10309943476193,149.3753066400107,150.39627075195312,9885196,0.003068117125788472,152.35179901123047,152.92174835205077,0.008248136485893405,0.16409262994829898
2013-01-09,150.7889527738764,150.91236361218023,149.4538395154091,149.77920532226562,12871964,-0.004102930389179749,152.06458282470703,152.65977630615234,0.00826052792627055,1.119835690677033
2013-01-10,150.22797321055134,152.13527384130515,149.55480828204998,151.64161682128906,9130368,0.012434379625771541,151.9680953979492,152.4572654724121,0.008754681997495446,-0.08501509378291884
2013-01-11,151.88844954999098,151.88844954999098,149.59968609358836,150.18309020996094,10283428,-0.009618247562257376,151.78072967529297,152.21324310302734,0.008934300239043524,0.22407041328492125
2013-01-14,149.92505187584723,150.45235891581572,149.68943319848975,150.18309020996094,11389748,0.0,151.57204895019532,151.99502487182616,0.00893062278575185,0.534366938196105
2013-01-15,150.51966519419338,151.56307624172834,149.21821582535782,149.9586944580078,8263376,-0.0014941479206441732,151.2085403442383,151.90302505493165,0.008056997056041758,-0.42454564035652886
2013-01-16,149.34162370179533,150.16064643869734,147.55773405680526,148.20846557617188,9150756,-0.011671406504049298,150.6060592651367,151.72968521118165,0.008430786612276633,-0.06498321199715568
2013-01-17,147.5801880318023,150.5308859671087,146.76116525644852,149.6221160888672,12844144,0.009538257529349892,150.2346969604492,151.49183349609376,0.0076145232457022006,1.4694494104790816
2013-01-18,150.34017605123472,151.23772934109286,147.04166497189087,148.7357940673828,20224692,-0.00592373670853541,149.8644592285156,151.26127395629882,0.007589258681238131,2.999283893322485
2013-01-21,148.09628559059612,148.85921132792944,146.91824695521638,147.7709197998047,10854720,-0.006487169236081836,149.6479263305664,151.06549453735352,0.007367198250682937,0.34422099161677516
2013-01-22,147.75969205604684,148.32066279278203,145.30263749003183,146.69384765625,8486128,-0.007288796368147832,149.2776840209961,150.8147415161133,0.00747812454762563,-0.38511198520143275
2013-01-23,147.4231348349011,148.76946483339336,146.82850027400292,147.3333740234375,7079740,0.00435959910661099,149.0331008911133,150.54884185791016,0.007386482605047275,-0.8373699063010326
2013-01-24,147.1089920449599,148.7133741740311,147.03046160321972,148.1636199951172,6147960,0.0056351520976341,148.6853012084961,150.32669830322266,0.007564636666692229,-1.0303308769108985
2013-01-25,148.1635867632235,149.66699106172908,147.09774237410323,149.22943115234375,5589732,0.0071934740610528625,148.58993530273438,150.18533248901366,0.007784863752550415,-1.1480367776102265
2013-01-28,149.27432624596491,150.78894736909194,149.0948183334502,150.418701171875,7368020,0.007969406640149668,148.61349639892578,150.09277267456054,0.008022369918391465,-0.6953542036595668
2013-01-29,150.50849549348297,150.54215922639065,145.85243692994993,146.40219116210938,11961748,-0.026702198453210868,148.25784606933593,149.73319320678712,0.00961485824236064,0.5900866616151168
2013-01-30,146.52553607575888,147.73723817697282,144.5060417041175,147.3445587158203,10039632,0.00643684050239024,148.17145538330078,149.38875732421874,0.009708897416560553,-0.028917174952104458
2013-01-31,147.33335115834328,147.6250669025393,143.63094423707696,144.2928924560547,13888384,-0.020711088935773336,147.63853302001954,148.93661499023438,0.010534062592316887,1.0900701562840378
2013-02-01,144.68557881534915,144.6967954916772,142.75584483736287,143.64218139648438,10484144,-0.004509654276758535,147.1291717529297,148.49681549072267,0.010519053018923481,0.04235644134606096
2013-02-04,143.86656656857892,145.74020342849812,143.60851454078335,145.15679931640625,10475800,0.010544381220034538,146.86775970458984,148.25784301757812,0.010425061697791475,0.04801419224985357
2013-02-05,142.7894790561361,145.22410015506745,142.7894790561361,144.5397186279297,7460020,-0.004251131820091181,146.6523468017578,147.96501541137695,0.010382184862802919,-0.8335905369939584
2013-02-06,145.08948956489377,145.15681702075665,142.98024746766308,143.496337890625,9873588,-0.007218643755565468,146.26864318847657,147.65087203979493,0.010439683798338642,-0.05462186082840637
2013-02-07,142.77827694195315,144.28168133730452,142.3855974048765,143.94509887695312,9082836,0.003127334069460197,145.84679107666017,147.26604614257812,0.0099544163699233,-0.2989244175124654
2013-02-08,143.72071134008905,146.6153259928503,143.72071134008905,145.86361694335938,18826656,0.013328123578880913,145.5102096557617,147.05007247924806,0.010409283022993081,2.210629303914512
2013-02-11,145.85239433494908,148.08506064888363,145.85239433494908,147.41189575195312,15167060,0.010614564762883694,145.20952911376952,146.91151275634766,0.010749785107576203,1.1494314422924388
2013-02-12,147.12021670739645,149.66701882079383,147.12021670739645,149.26312255859375,15832836,0.012558191434941302,145.49562225341796,146.87673416137696,0.01115868513888521,1.186504016931081
2013-02-13,148.83680231402894,149.75680284363017,147.98412925154378,149.03875732421875,14508832,-0.001503152490240356,145.6650421142578,146.9182487487793,0.010834140935539955,0.7834445393580618
2013-02-14,148.99381517038424,152.2250118209834,148.5450386186662,151.41720581054688,17684152,0.015958590429964836,146.37747344970703,147.00800323486328,0.011209777028937454,1.4209085993799127
2013-02-15,150.721623928014,152.7635519808529,149.93626487760287,151.8547821044922,12488780,0.002889871673453115,147.1987335205078,147.16395263671876,0.011110278061123044,0.3469652929860203
2013-02-18,152.13528483012726,152.7860164529115,151.23773152729464,151.68650817871094,9469164,-0.0011081239816699284,147.8517044067383,147.35973205566407,0.010981375497549082,-0.4242927966702486
2013-02-19,151.34989206690386,152.0006235451244,150.6879439140051,151.41720581054688,2374812,-0.0017753877480439773,148.539453125,147.5958999633789,0.010820698905406916,-1.9702610127480922
2013-02-20,152.02305375439462,152.76353231031982,151.43964972744098,151.89964294433594,6861684,0.0031861447396717146,149.3797836303711,147.82421340942383,0.010808361060679525,-0.9150215483665222
2013-02-21,151.46213152171524,152.01188570116884,149.00507642680302,149.4987335205078,10871872,-0.01580589247802211,149.93514709472657,147.89096908569337,0.011430720860878036,-0.03468578162335856
2013-02-22,148.58992523103782,149.53235876819863,147.5465142264001,147.93919372558594,7708384,-0.010431792686109609,150.14270477294923,147.82645721435546,0.011567026334183802,-0.849078753586068
2013-02-25,148.8255663650039,149.26312636670778,146.77240757770429,147.2997283935547,7552944,-0.0043224876108044485,150.13148803710936,147.67050857543944,0.011426293181229922,-0.8920203340184099
2013-02-26,146.92943388179174,148.76942040265865,144.8201923981023,146.1328582763672,11742640,-0.00792173977449473,149.8184616088867,147.65704193115235,0.009866860251990359,0.15539359808770054
2013-02-27,146.3684915542046,146.74995441948658,143.81047304313685,144.2255859375,12871336,-0.013051632338978436,149.33714447021484,147.50109329223633,0.010151179752412086,0.4006512589479801
2013-02-28,145.1679923018926,146.96309844070123,138.97486790565918,140.32119750976562,27887004,-0.027071399310704347,148.22754364013673,147.30250854492186,0.010874388208994524,2.9164967652737865
2013-03-01,140.24273362983183,141.2749146711156,138.29055203858866,139.6817626953125,17220728,-0.0045569366980966475,147.01024169921874,147.10448760986327,0.01087511909716496,0.8835731848157639
2013-03-04,139.19931061856644,141.43197749109572,138.67200346227295,140.8373565673828,11969800,0.00827304760315073,145.92532653808593,146.8885154724121,0.010755678515247093,-0.07253159932536392
2013-03-05,141.56655710430786,142.41922974350868,139.82754810905965,142.02655029296875,10557580,0.008443737901435044,144.98626098632812,146.76285705566406,0.010954677402149655,-0.36123429230311604
2013-03-06,142.47535256470255,142.96900955945384,141.1402394523893,141.47682189941406,10933316,-0.0038706030134557645,143.94397888183593,146.66188125610353,0.010877047522536973,-0.30327971623492755
2013-03-07,140.99436514116914,144.27044212758005,140.72511017140306,144.01239013671875,5950984,0.01792214585585894,143.39534454345704,146.6652458190918,0.011624981315488106,-1.1598613157744635
2013-03-08,144.55095137013265,148.09628391256066,144.371443462081,147.4904327392578,10596860,0.02415099561389944,143.35046844482423,146.74658660888673,0.012493237956424175,-0.2629478428268204
2013-03-11,147.4904345841833,148.0289720106502,145.90849972535344,147.0304412841797,8504584,-0.0031187884294252566,143.32353973388672,146.72751388549804,0.012291290265122093,-0.5896200191332832
2013-03-12,146.5255523349928,147.13140345282812,143.63093793620962,144.5060577392578,6895724,-0.01716912173338825,143.16085968017578,146.48966064453126,0.012481336150608447,-0.8042283390651709
2013-03-13,143.8441371254537,144.93242875024566,141.8583058705101,142.4641571044922,7913372,-0.014130207873015,142.984716796875,146.16093063354492,0.012794585483170733,-0.5553124272853716
2013-03-14,142.46416064966894,146.63777823993505,138.077357704545,145.6841278076172,31914436,0.022601970689113626,143.52100982666016,145.87427673339843,0.013363732833948025,2.89226920505211
2013-03-15,144.73047667367004,145.8299849979489,142.2173245721591,143.47390747070312,15439608,-0.01517131873029276,143.9002243041992,145.455233001709,0.013634554069155213,0.5202710796330972
2013-03-18,142.03777210954223,146.74992568663603,141.36460731281454,144.34896850585938,17561924,0.006099095302990465,144.2513854980469,145.0883560180664,0.013774655268097902,0.753363218393643
2013-03-19,144.28171279215914,144.46122073769934,140.0183340315821,141.71246337890625,20028460,-0.018264800602618148,144.21997680664063,144.60311889648438,0.014222387042005872,1.0003302580038063
2013-03-20,141.81339752416818,142.13876327975458,139.34512636472854,140.35487365722656,11336436,-0.009579889371126193,144.10778198242187,144.0258804321289,0.01420665814546683,-0.2831706181624088
2013-03-21,139.7154030330338,141.09538308351378,135.4744580000197,136.20372009277344,14452588,-0.029576126972199357,143.32691497802733,143.3611297607422,0.015120909936320936,0.14674087069449024
2013-03-22,136.6524760306546,137.9090450446605,135.2163854184407,135.81101989746094,29525900,-0.002883182596224332,142.15897369384766,142.75472106933594,0.015060122145663546,1.9826307293104004
2013-03-25,137.10126437115463,137.6285714481978,136.32712192323334,136.74224853515625,27198976,0.006856797323209873,141.13015441894532,142.22684707641602,0.015259905875254732,1.483130435812682
2013-03-26,135.97931136650416,138.55977684623153,135.2051689834709,137.88661193847656,13274404,0.00836876251180052,140.46820983886718,141.81453475952148,0.015450709216162734,-0.29685876652846827
2013-03-28,138.33536682193778,141.6226604168602,136.19246160784962,140.32119750976562,19496092,0.01765643188314292,140.25391387939453,141.61931533813475,0.01589628777649046,0.45342878710620305
2013-04-01,140.16415599449238,141.14023961375025,139.3451332275658,139.98463439941406,6708772,-0.0023985193707325436,139.68396453857423,141.60248718261718,0.014699323405214102,-1.0765324386557984
2013-04-02,140.24270061128175,142.32950925726237,138.64954901056808,141.3422088623047,6857420,0.00969802484904947,139.47079467773438,141.6855094909668,0.014812782229149876,-0.9653235020877118
2013-04-03,140.91585721972518,141.7348800209681,139.00855660449005,139.9397735595703,6703616,-0.009922268188836791,139.02987518310547,141.64063034057617,0.014881484980103887,-0.9305636329914464
2013-04-04,138.85145662661907,139.88365087027566,137.6509848785931,138.2568359375,8181984,-0.01202615653335981,138.68431243896484,141.45214462280273,0.014958396768962268,-0.7227651204277638
2013-04-05,137.98754815056702,140.5567961859836,137.6397491246796,139.33387756347656,12959920,0.0077901509800459845,138.58221282958985,141.34499740600586,0.015077158600037126,-0.1396479998947049
2013-04-08,138.88514229282777,141.12902531332557,138.615873591253,140.11927795410156,8652128,0.005636822891598614,138.97376861572266,141.150341796875,0.0145204549990335,-0.7068644457521335
2013-04-09,140.9382524282634,140.9382524282634,138.53730914240353,139.25534057617188,14760408,-0.006165728160636763,139.31820068359374,140.73858718872071,0.013254336350410213,0.043758557114057434
2013-04-10,140.6466086797897,142.1836770251187,138.8851656901865,141.8134307861328,15144504,0.01836978172166881,139.8253189086914,140.47773666381835,0.014071607222445904,0.051238492588101585
2013-04-11,141.92559508919297,144.05728386918875,141.7909675918441,143.44021606445312,25066068,0.011471306133011172,140.38067932128905,140.42444458007813,0.01387153143864846,1.20779316434336
2013-04-12,142.73339192605496,144.92117784759526,142.73339192605496,144.43875122070312,15206080,0.006961333325106844,140.7924346923828,140.52317428588867,0.013561301423467365,-0.10791069235033332
2013-04-15,144.0797096434674,144.38264203993376,142.48655832779556,143.956298828125,15923768,-0.0033401866777491573,141.1896011352539,140.43678283691406,0.012568121120518827,0.10620931124249941
2013-04-16,144.2816801547911,149.40894744722502,144.13582227827078,148.8479766845703,13740312,0.033980297467119946,141.94017791748047,140.70548629760742,0.014246158669987472,-0.21201558527396813
2013-04-17,149.21820617012656,150.75526040958937,147.3782195353802,148.1186981201172,14956948,-0.004899485909698131,142.75807037353516,140.89397277832032,0.014289239427028439,-0.00788015527309936
2013-04-18,146.74991450909738,151.55182850490206,146.74991450909738,151.14791870117188,9223784,0.02045130438966014,144.04717864990235,141.3657455444336,0.014108224905298136,-0.7968176842064532
2013-04-22,151.39479478080534,157.52059287574707,151.39479478080534,156.6903533935547,19860152,0.036668944832383144,145.78282623291017,142.18251953125,0.015594139655663405,0.7473297440154696
2013-04-23,156.8025488493226,157.0718175614001,152.3147826332826,154.60354614257812,23863560,-0.013318032704509819,147.23125305175782,143.10251083374024,0.014004786968314196,1.224884085176594
2013-04-25,155.35524376879914,155.94987827931752,152.59527024484152,154.72695922851562,25895124,0.0007982552083487526,148.77841491699218,144.04830780029297,0.013899487735493274,1.626235376365625
2013-04-26,154.30065492783422,155.33283586343003,153.25724361823433,154.62600708007812,8568744,-0.000652453515152529,150.0596725463867,144.94249572753907,0.013994192571092731,-0.9321484582646699
2013-04-29,154.43526609053134,156.36500022491032,154.042586518198,155.98355102539062,11675432,0.008779531793829731,151.31400604248046,145.84734268188475,0.013997756862932864,-0.40790341767579585
2013-04-30,155.72547391701957,156.16303382348053,151.86599257362118,153.10012817382812,12552272,-0.018485428960987926,152.18014373779297,146.48628921508788,0.014763359919633304,-0.21216771360505454
2013-05-02,153.5713609698958,155.72548321334895,153.10013731343247,155.38890075683594,12303268,0.014949514479891013,153.32340393066406,147.256502532959,0.014847965350322258,-0.31189945857064605
2013-05-03,155.4112950469721,155.72544407232076,152.2810899446271,152.79718017578125,12286584,-0.0166789298877299,153.71832427978515,147.82925109863282,0.015592996824694836,-0.37718275032439597
2013-05-06,152.35968476132408,152.42699852504862,150.32897299809795,151.57432556152344,7673460,-0.008003122916607541,154.0638870239258,148.41097869873047,0.015508367804735239,-1.2334910906947356
2013-05-07,151.75378810256905,154.80547686914704,150.90111539410367,154.39035034179688,11098464,0.018578507737647243,154.38813018798828,149.2176544189453,0.015340934926975318,-0.6507719015667283
2013-05-08,154.60351169040104,156.95958842878886,154.04254103840395,156.43228149414062,8653956,0.013225769277828814,154.36232299804686,150.07257461547852,0.015428842842603102,-1.0387839929460296
2013-05-09,156.8586210640306,156.9595985270011,154.42401375595838,154.83912658691406,4523360,-0.010184310373854921,154.38588104248046,150.80856704711914,0.015843932820013392,-1.6641719489315518
2013-05-10,154.5362362281221,158.17132969254862,154.5250195514184,157.82351684570312,13913256,0.019274135191623243,154.6955368041992,151.7369758605957,0.01591079510829825,-0.03341200932682991
2013-05-13,158.1937486916318,159.64105594005315,155.00743214908258,155.4449920654297,9593972,-0.015070788104404098,154.77743530273438,152.41855392456054,0.01633778630331415,-0.7223785256428168
2013-05-14,154.8391343802791,155.92742578728962,153.7284096228453,154.61474609375,6653676,-0.005341091794904718,154.64055480957032,152.9772804260254,0.016404801998675833,-1.1507778684391632
2013-05-15,155.6132767414423,160.6620131894343,155.1308364470712,160.40396118164062,14173480,0.037442839277311624,155.37093811035157,153.77554092407226,0.01804010254292685,0.24308536107310852
2013-05-16,159.76449025552773,162.4571502036546,159.54010192651717,162.18788146972656,11660616,0.011121422905920886,156.05083618164062,154.68712005615234,0.017960620868760376,-0.18291043735403428
2013-05-17,162.12058249687692,162.12058249687692,159.1362201879531,161.3127899169922,12819852,-0.0053955421626104005,156.90239715576172,155.31036071777345,0.01687245585564807,0.04142409106726945
2013-05-20,161.44736558128022,162.45711282953005,159.79811722070156,160.32542419433594,5841608,-0.006120814866349522,157.77750701904296,155.9206970214844,0.016909152469350614,-1.1369904752826931
2013-05-21,160.2132469487811,161.11080015297594,158.20496891528012,158.82203674316406,9206500,-0.00937709947581089,158.22067565917968,156.30440292358398,0.016705448412513316,-0.529522659962296
2013-05-22,158.7547171120988,159.76446442941958,156.62302833108828,157.845947265625,5412112,-0.006145806322314873,158.36204223632814,156.3621826171875,0.014738802722468592,-1.1076248305861753
2013-05-23,156.84742070977268,158.5191162733337,155.79279296731588,156.75765991210938,7905248,-0.00689461701341143,158.55389556884765,156.46988830566406,0.014490433769224018,-0.5892553306797307
2013-05-24,158.36205467330808,158.36205467330808,155.79280570534502,157.37474060058594,8264240,0.003936526539261687,158.50901794433594,156.60227737426757,0.014507498246503317,-0.507982789204081
2013-05-27,156.75764732583258,160.88639716649374,156.75764732583258,160.44883728027344,8995208,0.019533609192656343,159.0094024658203,156.89341888427734,0.015081141434524447,-0.2642274439126188
2013-05-28,160.2693545003738,161.73909522920044,158.59765880917212,160.05618286132812,6707916,-0.0024472250818460273,159.5535461425781,157.09705047607423,0.015022664981826108,-0.9552016580902948
2013-05-29,159.3269061930149,161.2117733500419,157.93569602431168,160.6508026123047,4933492,0.0037150689235900813,159.57823028564454,157.47458419799804,0.01427806193938116,-1.392885765051413
2013-05-30,159.3381395509417,163.19762136976647,159.3381395509417,162.71519470214844,15357456,0.012850182235476959,159.6309616088867,157.84089889526368,0.014189206953763944,1.8683807010495892
2013-05-31,160.94249417661004,161.716636483392,156.55570603227727,157.18399047851562,12332896,-0.03399316353803172,159.21808166503905,158.06023941040038,0.015846032773422208,0.9366105083017352
2013-06-03,156.62305352193607,157.3859793181819,154.05380441774025,154.63722229003906,7890124,-0.016202465535602117,158.64926147460938,158.21338424682617,0.01620773441968094,-0.43314240338663357
2013-06-04,154.22208293599914,155.68060695300517,152.80843932016995,153.2684326171875,5616324,-0.008851618339886125,158.09390106201172,158.15728836059571,0.01580876493489514,-1.0265639187033777
2013-06-05,153.03283717076883,155.8152578702861,152.24747803572822,154.36795043945312,7563676,0.007173804830456154,157.74610137939453,158.05407180786133,0.015593781705618918,-0.4213396861621305
2013-06-06,153.36943037433912,154.69332705843487,152.13529450446512,153.07772827148438,7116412,-0.00835809612225702,157.37810821533202,157.96600189208985,0.015539643694240563,-0.6193434526411129
2013-06-07,152.97672280444505,155.59085196536188,151.0582055875967,151.72015380859375,9556224,-0.008868530244210082,156.81264953613282,157.66083374023438,0.01492072990630157,0.22568584845865616
2013-06-10,152.81964235183912,154.15475541808294,150.67673691883945,151.7650146484375,6368012,0.00029568148144876183,155.94426727294922,157.47683486938476,0.014597033925057113,-0.7727355301340981
2013-06-11,151.11431819530185,152.7860139333756,148.58994957271355,149.19580078125,11820860,-0.01692889414031995,154.8582290649414,157.20588760375978,0.014998828773323402,0.9242811109885285
2013-06-12,148.5450450843833,151.10307701874885,147.748469409526,148.98260498046875,9815652,-0.0014289664968106797,153.6914093017578,156.63481979370118,0.011851225693340274,0.372759340526329
2013-06-13,148.790296454235,149.55959490207823,147.82868029941832,148.22463989257812,7149736,-0.005087607965976959,152.2423538208008,155.93665771484376,0.011333018736916133,-0.4996550841831308
2013-06-14,149.78583873300906,151.24523524096725,149.17492696107624,150.47593688964844,14965212,0.015188412660013029,151.57154846191406,155.39481506347656,0.012146181409269987,2.1235024496228476
2013-06-17,150.6003631289174,151.414916678047,148.7336969008728,150.99632263183594,13070908,0.003458265507056524,151.20745849609375,154.92835998535156,0.012221897727355845,1.3303473514365973
2013-06-18,151.14341530057436,151.14341530057436,148.2020015297548,148.75634765625,12446568,-0.014834632635706724,150.75625,154.42507553100586,0.012432720502301481,1.0406576518823718
2013-06-19,148.45090475268043,150.82666234741453,147.71555121145323,150.50990295410156,9646956,0.011788104006853706,150.37044525146484,154.0582733154297,0.012848439038418525,0.08941993905106997
2013-06-20,149.07313146791807,149.07313146791807,143.58626257203318,144.03878784179688,15138044,-0.04299461354564871,149.4665512084961,153.42232971191407,0.015738829227368176,1.6534521238610131
2013-06-21,144.08402642496412,145.38503642468933,142.56806418502873,143.7333221435547,17899844,-0.0021207183344092995,148.6678680419922,152.7402587890625,0.015633916291192762,2.0663583535557373
2013-06-24,142.9526824043395,143.41651788956122,141.13127156141277,141.4932861328125,10768052,-0.015584667336255742,147.64069519042968,151.79248123168946,0.014750885162065108,0.12403789116855012
2013-06-25,141.64036940324945,146.25613137424486,140.82582967188387,143.45046997070312,18686432,0.01383234421492996,147.066162109375,150.9621955871582,0.015401457778160639,1.9222481339415494
2013-06-26,142.88485061011642,144.27637130631894,140.2828303693938,140.92767333984375,10476020,-0.017586534441989654,146.2606689453125,149.97603912353514,0.015478107680475089,-0.18645396514960846
2013-06-27,143.45049543742147,147.68160902698685,140.81453049411653,146.27877807617188,27003560,0.03797057461825881,146.0660827636719,149.15421829223632,0.01794601339552335,2.969640657511112
2013-06-28,146.95755156445094,152.31997768607204,146.86704100485642,151.48280334472656,21082680,0.03557607834162235,146.1667694091797,148.86915893554686,0.018785138931802683,1.6030492479668372
2013-07-01,151.36967600029206,152.50098897488317,150.3854392363869,151.3131103515625,9838684,-0.0011202129180161169,146.19844818115234,148.70295333862305,0.018471501395052038,-0.4497887832840315
2013-07-02,151.3018154494615,151.31312581836897,148.04362822560708,148.55271911621094,9183152,-0.018242908555233806,146.17808532714844,148.46716766357423,0.01880007956409388,-0.6218274436091803
2013-07-03,147.97571698599938,148.1341035429327,145.62258079434375,147.21774291992188,13386260,-0.008986548373071002,145.84886932373047,148.10965728759766,0.018759712746311635,0.11887933580916968
2013-07-04,147.93048386188337,148.75634786885993,146.0977623414348,148.23594665527344,9591060,0.00691631127577752,146.26858520507812,147.8675682067871,0.01880674620754491,-0.6526550327127942
2013-07-05,149.35593859184686,152.218166041401,148.99392395133788,151.08685302734375,9543496,0.01923222022995663,147.00393829345703,147.8359031677246,0.019266469834508547,-0.6618680165441624
2013-07-08,150.23836434471235,151.0189730660281,147.69291012953462,149.4351348876953,7169296,-0.01093224265747006,147.79812316894532,147.7194091796875,0.019419366862652266,-1.150474655314096
2013-07-09,149.83111189363936,152.4444424304522,149.83111189363936,151.66383361816406,7040192,0.014914154774535948,148.6194595336914,147.8428108215332,0.01931473305450695,-1.0921079382939998
2013-07-10,151.6525049456252,152.0258437529568,148.46220786650608,149.1749267578125,7138580,-0.016410681445767406,149.44418487548828,147.8524269104004,0.019700472883603853,-1.0251320163272832
2013-07-11,150.91715068237886,155.3745265604797,150.7021984553944,154.5939178466797,10599568,0.03632642030832023,150.27569885253905,148.17089080810547,0.021227376927351167,-0.41371020696366967
2013-07-12,155.4423827247743,157.86339494114273,154.26581462046738,157.42218017578125,15634852,0.018294783963664907,150.86963653564453,148.5182029724121,0.02133757209123928,0.5540290930590507
2013-07-15,156.34745303180472,157.94260156340525,154.76361486795142,157.3543243408203,8511888,-0.00043104367431046064,151.4737579345703,148.83610305786132,0.021345858544895555,-0.7654299685603361
2013-07-16,153.63232915349985,154.8767736459067,151.5846550688982,153.564453125,11647384,-0.024084951155277312,151.9749313354492,149.07650833129884,0.021830923464339753,-0.16179651047038807
2013-07-17,153.36076002643128,154.03954770475124,146.59551778515797,149.9894561767578,22633988,-0.02328010731319552,152.25210266113282,149.05048599243165,0.022389146484414375,1.6700727841258463
2013-07-18,151.57333668393264,155.78181594808274,148.64323295385103,154.7862548828125,13663880,0.031980906047167856,152.90713348388672,149.5878593444824,0.021035964909592062,0.10401645163901276
2013-07-19,155.6799774318728,156.56240708602127,152.30867301545325,153.8585662841797,12458420,-0.005993352570841326,153.1843048095703,150.09412155151367,0.021111148809531657,-0.062091596461526295
2013-07-22,152.95350186810268,155.44239021211027,152.95350186810268,154.3223876953125,6460432,0.003014595952208099,153.67303009033202,150.73557662963867,0.02062471652453493,-1.0726959665630276
2013-07-23,155.64605120955545,156.12119715516877,154.09614408224834,154.67311096191406,7414784,0.002272666149347069,153.97395782470704,151.2967086791992,0.020512551929960626,-0.8181007611838829
2013-07-24,152.50099300622855,152.95351820802745,147.86260968778984,149.32200622558594,14628748,-0.03459621845742633,153.98866577148436,151.71642532348633,0.021767654366864828,0.4242549091668002
2013-07-25,149.4803843669356,150.69088368940052,147.10462719165227,147.94178771972656,16267256,-0.009243235747678269,153.32345275878907,151.79957580566406,0.020300001471352615,0.9979058977121542
2013-07-26,148.42827899804928,148.48484465315522,144.35555183041987,145.73574829101562,9356492,-0.014911536914034351,152.1548095703125,151.51222305297853,0.018828495234076613,-0.43415764475445767
2013-07-29,145.48685662190434,145.48685662190434,142.46625633578114,143.11109924316406,14922224,-0.018009644707148165,150.73048706054686,151.10212249755858,0.019173686231887536,0.8659942797354984
2013-07-30,142.71510947873526,143.6767253571096,140.30540769482064,141.4932861328125,14691084,-0.011304595652659288,149.52337036132812,150.74915084838867,0.018937230465759607,0.7372578085692255
2013-07-31,140.5090618063163,140.69006910784054,137.31876496078968,137.96360778808594,26824520,-0.02494590691330356,148.32078552246094,150.28644409179688,0.01956147245867152,2.7116421532106902
2013-08-01,138.9026250515706,144.310293271058,138.56323112863302,143.04322814941406,23446608,0.036818552680432104,147.1464828491211,150.0268081665039,0.021418649429711126,1.7836619615213019
2013-08-02,142.54547977258665,143.63153780885852,141.83274684973284,142.82830810546875,20015848,-0.0015024831774687053,146.04345703125,149.61388092041017,0.02085339531267932,1.0822659173696658
2013-08-05,142.896134053703,143.7785636669663,139.1514910009563,143.15634155273438,13598372,0.0022966977038150205,144.92685241699218,149.2999412536621,0.020784926986840247,-0.04294640267498938
2013-08-06,142.77170052171445,142.85088690768177,137.22826682475406,137.71473693847656,19645180,-0.038011621107635674,143.23101501464845,148.60248641967775,0.02186720640545571,0.9045553099112462
2013-08-07,138.0088501183709,139.00439708834077,135.75753490257574,136.029052734375,22756456,-0.012240405359483342,141.90171966552734,147.94519271850587,0.02176817714591769,1.3099010672738851
2013-08-08,136.66260915345387,139.71715422559234,135.75755876170916,138.13331604003906,20461448,0.015469219724502992,140.9208724975586,147.12216262817384,0.020155380896243188,0.8224641788739443
2013-08-12,138.03151192110522,138.2012088902263,135.45212627644935,136.25535583496094,15700868,-0.013595273456939116,139.97283325195312,146.0638214111328,0.0194288432337975,-0.009505100745731337
2013-08-13,136.62865746574812,141.3688614194872,135.3389717694327,140.39593505859375,14702392,0.03038837775043568,139.7013168334961,145.21590194702148,0.021126541571350545,-0.24881492345379144
2013-08-14,140.73531777083315,141.10865653328125,137.71471800183028,140.58824157714844,14303708,0.0013697442057309939,139.61081237792968,144.5670913696289,0.020708951010783336,-0.3510854336385238
2013-08-16,138.9252550364124,140.73535607923213,132.34101801714573,133.01980590820312,28059568,-0.05383405883764536,139.1164321899414,143.71860885620117,0.023171093969711495,1.9805626404356325
2013-08-19,132.81616238983895,133.17817706997806,129.03757374724722,132.29576110839844,20018440,-0.0054431352899758645,138.04168548583985,142.59408416748047,0.021409685663929298,0.551088971633389
2013-08-20,130.0896819401811,133.47231050218244,128.17776024774793,132.3070526123047,25726984,8.535045878765857e-05,136.98955993652345,141.51650848388672,0.02147673761077799,1.3579927313459061
2013-08-21,137.11511080758973,140.13571044743205,133.49490986217484,134.2528839111328,28908596,0.014706935574552826,136.09921417236328,140.51303329467774,0.021926604313858063,1.7137496464676034
2013-08-22,133.2686664207428,136.59472927846724,128.96967718136398,133.20079040527344,30250692,-0.007836654790639663,135.64781951904297,139.4394172668457,0.021824881736924193,1.7651708544556854
2013-08-23,133.94746988150308,137.8278793049316,133.11029543274884,137.46585083007812,20698444,0.03201978315464893,135.79149932861327,138.84660949707032,0.02249935910416789,0.11635630033627635
2013-08-26,138.5519040337487,140.91635107577673,136.3345332125544,138.3143310546875,14607608,0.006172298207052007,135.80960083007812,138.36523666381837,0.0225701193863905,-0.9002565427644108
2013-08-27,135.1466670176202,135.7575788845959,125.67758141440964,127.13697814941406,54708372,-0.08081124219047175,134.89776306152345,137.43529815673827,0.028431959067650406,3.4779073693520233
2013-08-28,125.73412841642951,129.42220600024612,119.46665169253488,127.14826965332033,37067552,8.881368796576083e-05,133.5729965209961,136.63715667724608,0.028331189187974056,1.4122327356728661
2013-08-29,128.5171566888419,131.79796438600425,128.5171566888419,129.4335174560547,40771004,0.017973094002500023,132.45752410888673,136.0341682434082,0.028768791465363958,1.574895915491921
2013-08-30,129.19592439285432,135.75753876657197,129.11673801922888,134.39996337890625,36616916,0.038370632433270435,132.59553985595704,135.85598602294922,0.02981220303410643,1.0863529224119979
2013-09-02,135.30505303794595,136.74181521761977,131.79798226522328,133.38182067871094,19515716,-0.0075754685834616975,132.7041458129883,135.37291564941407,0.02848089313391619,-0.5053887242441194
2013-09-03,135.05616404923586,135.05616404923586,126.03959031304,127.2840347290039,18140008,-0.045716769486865316,132.20184402465821,134.59570198059083,0.030024863929588176,-0.6224494560702846
2013-09-04,128.39272677849888,130.51958712544248,126.51474979014222,127.62342834472656,20941800,0.0026664272266765376,131.53889846801758,133.81905632019044,0.0300299048410346,-0.40603898645480874
2013-09-05,132.13737686820653,140.9389987623562,132.13737686820653,137.90707397460938,33246248,0.08057803934012342,132.00952682495117,133.82867317199708,0.034590082812685115,0.7033439539058894
2013-09-06,138.24643597583594,140.28279918988264,132.75956842687685,139.42300415039062,18997216,0.010992403305289056,132.20524215698242,133.99837074279785,0.03452474248819497,-0.6301216754539339
2013-09-10,140.40724489972766,145.0343175427667,139.9207886260902,144.35552978515625,20298836,0.03537813336345197,132.8093620300293,134.30948143005372,0.03521952796767455,-0.5062760595579291
2013-09-11,143.22425879415465,147.0707238802536,141.53859927383957,146.44850158691406,12690392,0.014498729663302568,134.7405143737793,134.81913871765136,0.03509126664214136,-1.191032401556453
2013-09-12,145.3737364052484,146.16565559189178,142.0024177724053,143.43919372558594,17676536,-0.020548573926802316,136.36960678100587,134.97130165100097,0.034938923314586534,-0.751320658644758
2013-09-13,143.09977908323538,143.563614634876,140.5090696426446,142.3644256591797,15503120,-0.0074928479343128185,137.66269760131837,135.06011085510255,0.03499890518499739,-0.967294122251875
2013-09-16,144.24240039651963,146.8217994334817,142.3191683912327,145.44158935546875,12139216,0.02161469539908656,138.7668601989746,135.68120002746582,0.032746939573868095,-1.165505358455274
2013-09-17,144.35553788674764,145.93937607672763,143.35997692905673,145.31715393066406,8432088,-0.0008555697538519258,139.96039352416992,136.3322696685791,0.032686053253715396,-1.3796517313145131
2013-09-18,145.62259005678447,148.1793682428333,142.8056320013116,147.18380737304688,10989616,0.012845375730889064,141.95037078857422,137.07610740661622,0.03270517535982789,-1.0598889655294745
2013-09-19,153.85856800198044,156.0985732659985,153.02139361997502,154.58261108398438,29280904,0.05026914198641941,144.6462890625,138.09259376525878,0.03414680388461845,0.47433357420879724
2013-09-20,154.4242547144693,155.3179949213321,143.73334477269833,149.11839294433594,24726152,-0.035348207028795375,145.76742095947264,138.88847389221192,0.03533615148696649,0.11624026386839328
2013-09-23,147.2969566613794,147.6024056558122,143.24685048571766,145.24928283691406,13985240,-0.025946565215909767,146.350048828125,139.27764549255372,0.03548865630530028,-0.7531432059793519
2013-09-24,143.2355584481061,145.7923234638129,142.53414980299218,144.45738220214844,18175188,-0.005452010635087046,146.36023406982423,139.58479804992675,0.03553529077178875,-0.42233428957573294
2013-09-25,144.35550722813244,145.1926814270294,138.74419873737148,140.4185333251953,20980920,-0.027958757215337804,145.75723724365236,140.2488758087158,0.030616873912447894,-0.05682421487505669
2013-09-26,140.58827126048408,141.64039795136486,139.83029701907907,140.54302978515625,22582440,0.0008866098869770855,145.46762084960938,140.91861381530762,0.030610082779999468,0.21037156681621466
2013-09-27,140.73532018847223,141.18784533377277,136.8888564534175,137.7712860107422,16408692,-0.01972167370129374,145.00830688476563,141.335502243042,0.03095750872696803,-0.4401559122124508
2013-09-30,137.11514701080046,138.66504042579422,132.97454384821174,134.18504333496094,17062428,-0.02603040720329508,143.88265228271484,141.32475624084472,0.03049352330208584,-0.2561944831002764
2013-10-01,135.4860564256892,139.01576164441926,133.34787186789666,138.39353942871094,12997108,0.03136337693944391,143.19029083251954,141.57534217834473,0.031195585949518635,-0.865927395321928
2013-10-03,139.2193639579781,144.5817899139646,138.02017503524007,143.94825744628906,9772912,0.04013711940967779,142.86673583984376,142.40855331420897,0.03012905136923677,-1.266966835231244
2013-10-04,143.7898789856185,146.48240938754446,143.6767476882262,144.90988159179688,13628376,0.006680345858765424,141.899462890625,143.2728759765625,0.03011487905798405,-0.6022328077284076
2013-10-07,144.01615208887367,144.38949092149892,139.8868594327512,143.51837158203125,9922000,-0.009602588826105207,141.33946075439454,143.5534408569336,0.024761423355571684,-1.1793001392868425
2013-10-08,147.18384792420662,148.10020885797329,141.59515793126928,143.1450653076172,11768148,-0.0026011044460652055,141.12903900146483,143.73954391479492,0.024696325620841886,-0.7645237384740206
2013-10-09,141.45936546904986,147.27431644213078,140.9615850391804,146.87835693359375,8668760,0.026080477297305116,141.3711364746094,143.8656852722168,0.02410762902702674,-1.1962890200949374
2013-10-10,146.8444140477311,146.8444140477311,143.30339915571926,145.04562377929688,8345284,-0.012477897986872821,141.83384552001954,143.79554138183593,0.024075571504500442,-1.1752988518875591
2013-10-11,146.4597802217025,150.18180280461763,144.66098976509883,149.62745666503906,13390264,0.03158890814047566,142.7422882080078,144.1049545288086,0.024574712501502564,-0.26810571958660506
2013-10-14,148.778988047985,151.43757392284968,146.7652589479022,151.03030395507812,12375720,0.009375600717317134,144.0681900024414,144.53824844360352,0.024506726395814405,-0.41488613740568575
2013-10-15,152.2747712269175,152.72729655002863,146.30143143785892,147.6250762939453,16143324,-0.02254665171133896,145.41219329833984,144.64742279052734,0.024752491487641023,0.2012430339636397
2013-10-17,147.74946298020052,149.321990654465,145.38501628536835,148.02098083496094,14551588,0.002681824463394822,146.37493743896485,144.7826141357422,0.02475091503077157,-0.1322881082482072
2013-10-18,148.25859266510028,153.75677197370717,148.25859266510028,153.08929443359375,21281184,0.03424050813636903,147.2890411376953,145.07788848876953,0.025723472781727853,0.9745323428406013
2013-10-21,152.50097574415153,153.5870333435399,149.91026649510894,151.87875366210938,11225424,-0.007907416230267361,147.98592834472657,144.94269561767578,0.023174338227925178,-0.7782120063038632
2013-10-22,151.82221517292018,152.48969265139803,150.50989476352464,151.36968994140625,8758096,-0.0033517770486559684,148.77106018066405,145.0552604675293,0.021709423048543626,-1.2414935242502099
2013-10-23,151.36967866497756,151.36967866497756,147.930484399683,149.37857055664062,13544956,-0.013154016405373947,149.3944107055664,145.26172485351563,0.021053112426363825,-0.12407072713296705
2013-10-24,148.473526389203,152.8969576212831,148.473526389203,151.43756103515625,12321928,0.01378370720005595,149.85033111572267,145.61073379516603,0.021152585028662355,-0.3478502534489325
2013-10-25,150.52119833916854,152.71594837495493,150.0460523915123,152.17291259765625,8946872,0.0048558069574911045,150.56305999755858,146.19845275878907,0.019894945323509737,-1.06434516110905
2013-10-28,152.2747376283415,152.72726285160553,150.5551473039278,151.1208038330078,8382088,-0.006913903050736803,150.71239471435547,146.72734146118165,0.020039546463101365,-1.186951806655249
2013-10-29,151.1434263047387,155.89494120354038,148.3264539955972,155.32928466796875,15222916,0.027848454535825518,151.14229278564454,147.60524139404296,0.019920517989677207,0.8290134390350138
2013-10-30,155.21612317359464,155.5555170289305,152.8969318287997,153.7114715576172,10188672,-0.010415377330873499,151.7509323120117,148.5815628051758,0.018868959768553795,-0.5820156711387564
2013-10-31,152.99876366671694,155.0011820321199,152.36523118686992,154.03956604003906,18195556,0.0021344827363707353,152.35279083251953,149.36386413574218,0.017992863955426684,1.6702156422817942
2013-11-01,154.22060324056218,155.66868959802215,153.45131858376627,154.7183837890625,15642444,0.004406775262188134,152.5156997680664,149.90237045288086,0.016043217579713838,0.8545193271770254
2013-11-05,153.96039175901444,154.98988384592334,152.27473259606776,153.0100860595703,14258472,-0.011041336444033822,152.6288330078125,150.30738067626953,0.016358298786657045,0.45207860816931394
2013-11-06,153.60968719450025,153.67756321362378,150.52119712963233,151.34706115722656,4610652,-0.010868727318382732,152.62657012939454,150.6988151550293,0.016411387629437998,-1.9766583784382366
2013-11-07,151.59593237481053,153.29290176706587,148.63189802699344,150.5551300048828,7789140,-0.005232550578045614,152.74422607421874,151.06931838989257,0.016467302259945336,-1.0824427112225534
2013-11-08,150.10263601762182,151.06425220634347,145.8602116556146,147.63636779785156,13480760,-0.01938666724233562,152.36410675048828,151.10721893310546,0.016199298678694702,0.2626634452927119
2013-11-11,145.71308121701256,149.49166853851605,139.5361164056767,148.0322723388672,11216304,0.0026816193524734633,151.95004272460938,151.25655136108398,0.015918178458761836,-0.35003680402072324
2013-11-12,147.64762418040408,150.02338095443702,145.5660059592574,146.154296875,8980320,-0.012686257085672725,151.4533920288086,151.08289337158203,0.014473756214833832,-0.8521586514163242
2013-11-13,144.58180316841512,146.49372492379493,142.17210092495222,143.3826141357422,10561084,-0.018964086575082528,150.25872497558595,150.70050888061525,0.014780787397849222,-0.4279947526888854
2013-11-14,144.35552630941174,147.0480565404256,144.35552630941174,145.3058319091797,12626860,0.013413186703492341,149.41816101074218,150.58454666137695,0.014394948660171332,0.13864904179671395
2013-11-18,147.3874414806502,151.59591969751824,146.85571616289266,151.32440185546875,14873920,0.041420016438506346,149.14664459228516,150.74971771240234,0.017204989701079722,0.7119258239993524
2013-11-19,151.2339052114289,151.2339052114289,148.75632734234688,149.3446044921875,6789036,-0.013083133579289918,148.60926666259766,150.56248321533204,0.015608127951786675,-1.34665518576012
2013-11-20,148.58663979059753,149.107040965204,146.25613796694458,146.96885681152344,8370096,-0.015907823980265356,148.00514373779296,150.31698837280274,0.015891111278338744,-0.8251273179024035
2013-11-21,145.8375401535726,146.07511309565297,143.71068023164878,144.27633666992188,12787656,-0.018320344867719274,147.2980712890625,149.96232070922852,0.016328248040561835,0.39179357957909067
2013-11-22,145.37372679471298,146.36928780181023,143.69937795822406,145.29454040527344,7492384,0.00705731625055761,146.77201232910156,149.75811920166015,0.016244505310042515,-1.0378578927289688
2013-11-25,146.62945851706203,149.72925854704965,146.62945851706203,149.2767333984375,16150540,0.027407726278333877,146.93604888916016,149.65007781982422,0.01716800188027817,1.3104434346000833
2013-11-26,148.81292183944646,149.31070234504833,146.70868232164753,147.73817443847656,14478516,-0.010306756618624124,146.9066390991211,149.42834091186523,0.017249927477859674,0.7768114294805433
2013-11-27,147.31957050463606,149.05048488535843,145.73573233507628,147.87391662597656,8593012,0.0009188023881838703,147.07860107421874,149.26599655151367,0.017205526672835193,-0.8191020795328653
2013-11-28,148.33777834692398,150.012127374033,146.6294982104666,147.8400115966797,14773732,-0.00022928336565697371,147.5243408203125,148.89153289794922,0.015822260752456147,0.8671473733691499
2013-11-29,148.20200502753227,151.34706073454862,148.20200502753227,149.62745666503906,9571080,0.012090401299721831,147.95650329589844,148.6873321533203,0.016017571915208497,-0.540576376791473
2013-12-02,149.78584324920055,150.46463105848696,148.89210320497878,149.62745666503906,6858612,0.0,147.78680877685548,148.46672668457032,0.016001113461288463,-1.1904043028863829
2013-12-03,149.33333553615256,149.83111608326806,147.67031073258084,148.37171936035156,10288280,-0.008392425646174262,147.68952026367188,148.14939346313477,0.016015475181668768,-0.1331062190577823
2013-12-04,148.17938521892123,149.23149804391815,147.8513016803841,148.790283203125,10476608,0.002821048678130378,147.87166290283204,147.9384033203125,0.015901857247048155,-0.01935794509023052
2013-12-05,151.94661125693304,156.09853729624285,151.94661125693304,155.69125366210938,32019992,0.04638051834045731,149.01315460205078,148.15561294555664,0.018945956630909564,3.6320370610526327
2013-12-06,154.96724760441592,156.03067068956435,153.46259591334456,154.46946716308594,16069232,-0.00784749605571955,149.93064727783204,148.3513298034668,0.019004407219020865,0.6783851194328379
2013-12-09,160.64643929330464,162.3207879873929,156.6981543261437,157.62583923339844,25265628,0.020433630854569174,150.76555786132812,148.85080337524414,0.018790880854498024,1.9812502047797935
2013-12-10,156.65291062722497,158.8024053963974,156.12119902410333,157.6371612548828,25064880,7.182846124376141e-05,151.75545654296874,149.33104782104493,0.018805512022992465,1.6898270177726322
2013-12-11,156.14383429731055,158.79110981094908,155.41980493458453,157.37696838378906,12289776,-0.0016505807959396046,152.70576171875,149.89218139648438,0.018470248268738318,-0.220833987694524
2013-12-12,156.84525003119404,158.5082747545047,156.23433819876232,157.2977752685547,12867696,-0.0005032065113953488,153.6515380859375,150.587939453125,0.01771514669040949,-0.15269703034107096
2013-12-13,155.62342365315695,158.8363555443974,154.98989109389206,156.10989379882812,25316080,-0.007551800829340927,154.2997817993164,151.1281425476074,0.01779803429519718,1.51492660830396
2013-12-16,155.66868330480833,156.32485042993756,154.13010024344177,154.8428192138672,21432244,-0.00811655529401456,154.82131805419922,151.30406341552734,0.015588073935048406,0.9028907234867215
2013-12-17,152.87433426254597,152.87433426254597,147.98705371910197,148.790283203125,17942644,-0.03908825763745938,154.86317443847656,151.2763473510742,0.017778465546494544,0.3590245314841403
2013-12-18,147.18384575763295,154.00566980520904,146.96889348991957,150.7474822998047,14087316,0.013154078710958306,155.05889434814452,151.46527862548828,0.01759975345286994,-0.23311732513257194
2013-12-19,153.63229205512218,154.75229458983063,147.16118778120742,147.64764404296875,10019516,-0.020563117934341513,154.25453338623046,151.63384399414062,0.01773872342153621,-0.793961721950308
2013-12-20,148.83554721015085,151.2791807201219,147.09332229129143,150.37413024902344,5722468,0.018466168043028253,153.84499969482422,151.88782348632813,0.01811296197018818,-1.3745615695117752
2013-12-23,148.88081320927705,151.93535876904187,148.6545505752204,150.3402099609375,5531232,-0.00022557263027733754,153.11643676757814,151.9409973144531,0.01708770901036366,-1.2666263147361898
2013-12-24,150.58907865842232,150.80403090182253,148.2133212323621,148.722412109375,3554696,-0.010760912546170065,152.22496185302734,151.99020919799804,0.017103111045988044,-1.3802960351729026
2013-12-26,149.29936287776204,152.0937141201168,148.63189929243669,151.3809814453125,8046760,0.017876050409821875,151.6253631591797,152.16556243896486,0.017541216383598526,-0.8021677427904036
2013-12-27,150.2609856845424,152.82907445571945,150.2609856845424,151.51675415039062,5464012,0.0008968940733626862,151.0472610473633,152.3493995666504,0.01753779451744097,-1.0387611737945408
2013-12-30,153.13451748253266,153.17977276232992,150.4985666065056,151.48280334472656,4227604,-0.00022407294727533333,150.5845520019531,152.44216690063476,0.017357015764250503,-1.1256766395666857
2013-12-31,152.07107780126265,152.11633308024125,149.35592678221337,150.6569366455078,5261312,-0.005451884180802669,150.16596374511718,152.4936408996582,0.017412283498971275,-0.9834331050835406
2014-01-01,151.14343917286928,151.55070915116042,150.01212600540768,150.49859619140625,4492436,-0.0010510000908496853,150.3367950439453,152.59998474121093,0.017292229217652562,-1.014417182103286
2014-01-02,150.4646265270866,152.6706868408296,147.87391703767076,148.65452575683594,7228992,-0.012253073990304841,150.12749938964845,152.59319686889648,0.017528842125573187,-0.6722931927452677
2014-01-03,147.52320458974083,150.69088076191318,147.07067942228764,150.0347137451172,6513184,0.009284533930294936,150.36620635986327,152.31036987304688,0.013976631775528197,-0.6976693375241025
2014-01-06,150.01211043276848,150.01211043276848,148.65453477274343,149.7179718017578,5963420,-0.0021111243888362052,150.30059051513672,152.07279510498046,0.013903698848943019,-0.6999799949350738
2014-01-07,150.93977063527922,151.81088990644227,147.8173496062411,150.32887268066406,7896920,0.004080344340458675,150.29945678710936,151.70794677734375,0.012999316058068118,-0.3678766880842737
2014-01-08,150.50987506748794,150.90583459324654,149.33330685752512,150.39674377441406,4649480,0.00045148408645467875,150.46688995361328,151.3459259033203,0.013003217105231476,-0.7804925059241605
2014-01-09,150.0573591070407,150.70220199315906,148.67714896082643,150.00079345703125,3777472,-0.0026327053860735194,150.32887115478516,150.97711715698242,0.01300262084561477,-0.8416531285359632
2014-01-10,150.00077624006346,152.65936148535692,148.49612459852577,149.79713439941406,6150508,-0.0013577198688320413,150.1569091796875,150.6020851135254,0.012997753004928735,-0.40761654399052255
2014-01-13,149.3559355640431,153.16846863011077,148.63190629770295,152.24078369140625,4752580,0.016313057668222886,150.23270721435546,150.40862960815429,0.013578407536975971,-0.5996335821686083
2014-01-14,151.3810251622474,152.95355336191324,151.21132817257072,152.1163787841797,3577120,-0.0008171588730042645,150.37865142822267,150.2723075866699,0.013479482375869477,-0.8737369279042847
2014-01-15,152.2747370187848,154.46948710482445,151.50543861832594,153.98301696777344,4627840,0.012271118984774843,150.7270935058594,150.53194427490234,0.010324417927457826,-0.577641278977707
2014-01-16,154.85416110637445,154.98991317056263,151.67515986854488,152.28607177734375,4501176,-0.01102033992998619,151.09024810791016,150.6088737487793,0.010336246656946362,-0.6545096410356734
2014-01-17,152.72727163214432,152.72727163214432,149.118380007138,150.4646453857422,43374856,-0.011960557983691777,151.13324127197265,150.74972381591797,0.00956095386529328,4.198697358799379
2014-01-20,151.16603919149375,153.11190585878765,150.78140381525995,151.6072540283203,5600368,0.0075938679126172914,151.3221694946289,150.8113800048828,0.00879318047225161,-0.1929050325590908
2014-01-21,152.26340117655167,153.58703170386727,151.59592382458345,152.9761199951172,6251924,0.009029026846836485,151.5868942260742,150.94317550659179,0.008997171383578077,-0.12142975904385665
2014-01-22,152.84039318459662,154.9220119603564,152.64807548992306,153.20240783691406,7033336,0.0014792363788811436,151.86746063232422,151.16717529296875,0.008567716641148268,-0.05101758393421616
2014-01-23,152.7272559159639,154.1074522602522,152.21816506291069,153.7454376220703,5482740,0.0035445251339281114,152.24192504882814,151.28539810180663,0.007681188645014788,-0.21711203523631747
2014-01-24,151.5959512229962,152.71595392313105,150.1704995182673,152.36524963378906,8842900,-0.008977098830561525,152.4987365722656,151.32782287597655,0.007986118373621395,0.15576743687538575
2014-01-27,150.4419731913385,150.4419731913385,146.07509498141357,146.8896484375,17060448,-0.03593733616720152,151.963623046875,151.09816513061523,0.0113822619595296,1.0152973600977304
2014-01-28,146.61817090771575,148.42827178311964,144.49129685512668,145.81494140625,18395424,-0.007316424558720835,151.33347930908204,150.85606536865234,0.011424098293484031,1.0611643602710947
2014-01-29,146.50503430101014,147.2743326692055,144.93250646041776,146.04119873046875,10970924,0.0015516744857331233,150.53929748535157,150.63319549560546,0.011445118278493996,0.20454868544128435
2014-01-30,144.24239724420178,144.7854329695806,142.0137163166528,142.95269775390625,11425460,-0.021148148627994967,149.6059600830078,150.34810409545898,0.01204458818703929,0.23172050176398115
2014-01-31,142.54546390797472,143.97091578505933,141.43677144247798,142.20606994628906,9620984,-0.005222901136867741,148.7801025390625,149.95667190551757,0.011770299787158723,0.013741419541498406
2014-02-03,142.53411820183337,143.45047890921165,141.43673637845305,141.75350952148438,4776820,-0.003182426917329284,147.79472808837892,149.5584487915039,0.01177035072852244,-0.5183422863578285
2014-02-04,140.65618886780956,143.78992120163574,139.5588066749345,142.6812286376953,7409304,0.006544593635407159,146.7652389526367,149.17606658935546,0.011857231985149782,-0.22279214307035786
2014-02-05,142.77168275200808,144.7627906211036,141.4367280549025,144.2310791015625,6905384,0.010862329114102787,145.86810607910155,148.8677833557129,0.012218478707951005,-0.29291856658452126
2014-02-06,144.5252251661911,146.98016867242248,142.43229626945956,146.3918914794922,13466944,0.014981600299947218,145.13275146484375,148.68733825683594,0.012793233764175056,0.3889692257478462
2014-02-07,147.61371098128078,148.08885686970825,145.2831953866907,146.56158447265625,4029468,0.0011591693463968156,144.55238494873046,148.52556076049805,0.01280333844687408,-0.6568890822121178
2014-02-10,146.53896010787176,147.10461653720816,143.90299562317566,145.6904754638672,6280820,-0.005943638040782684,144.43246765136718,148.1980453491211,0.012169747434146408,-0.41559509110879184
2014-02-11,146.16565242730707,146.42585996413175,144.64969011227356,145.89413452148438,4464856,0.0013978886194774276,144.4403869628906,147.88693313598634,0.012192338497228696,-0.6267180557870755
2014-02-12,146.30139243590747,147.704223325572,145.63392881023665,146.04119873046875,6436960,0.001008020024017675,144.4403869628906,147.4898422241211,0.01174984605397525,-0.41696272165005366
2014-02-13,146.16564444440155,146.6181696593997,142.82827098379022,143.11109924316406,3155200,-0.02006351298658149,144.45622711181642,147.0310935974121,0.01225497244379896,-0.7768103566828337
2014-02-14,143.4504714628305,145.67915228570132,142.39834497306563,145.21531677246094,4249112,0.01470338457621323,144.75715179443358,146.76862716674805,0.012675448120100567,-0.9046936505319507
2014-02-17,145.26058257040955,147.5232084671449,145.05694071571438,147.16119384765625,3650120,0.01339994374177711,145.29792022705078,146.54632415771485,0.012962663896540837,-1.0034020464644378
2014-02-18,146.73126766521312,150.32884783203383,146.48238437743302,149.42379760742188,5019672,0.015375002747721078,145.97217712402343,146.36870803833008,0.013304703470498362,-0.6675702254783278
2014-02-19,148.47352250799074,152.1050345157663,148.20200462302262,151.6072540283203,4060948,0.014612507886026194,146.7097946166992,146.2889503479004,0.013754636222974561,-0.8373980130476338
2014-02-20,150.64561871726028,151.01895748763036,149.52561621612162,149.9555206298828,3448436,-0.010894817725073724,147.06615753173827,146.099454498291,0.013912939344927272,-0.9358351381858281
2014-02-21,149.2993668320193,151.50542711916196,149.26543572896998,150.32887268066406,3043872,0.002489751955866648,147.44288635253906,145.99763565063478,0.013809495299407509,-0.9390957352682152
2014-02-24,149.8084769823884,152.2747450940833,148.37171485207298,151.8222198486328,5018984,0.009933867934611484,148.05606079101562,146.2442642211914,0.011188904137166453,-0.4370189913736343
2014-02-25,152.50101579747422,152.95354106690294,150.6909147197594,151.8448486328125,4020560,0.00014904790749503682,148.65113220214843,146.54575958251954,0.010994682384944467,-0.6757163442573404
2014-02-26,151.59594538804356,153.67756411656066,151.26786184871654,153.27029418945312,4551340,0.009387513435425099,149.37404174804686,146.90721435546874,0.011113622677657019,-0.42509740323598905
2014-02-28,154.31110944708672,154.514751332517,150.49858975966393,151.5054473876953,4903584,-0.011514604386263727,150.2134765625,147.3348518371582,0.0102076024782913,-0.20957363459642678
2014-03-03,150.50989765821174,152.04848071295513,150.05737241799463,150.7361602783203,3678432,-0.005077620129436244,150.76556091308595,147.76135635375977,0.010201523314494927,-0.6270925548686558
2014-03-04,150.69090637069084,152.4670624308,150.29494678187896,151.98060607910156,6443868,0.008255788116690033,151.24750213623048,148.27271118164063,0.01015920219523717,0.5289553387478833
2014-03-05,152.38788306566263,152.72727701458393,149.89899410690646,151.53939819335938,4006984,-0.0029030538640736347,151.4590621948242,148.71561965942382,0.010231450315943831,-0.45307360321053997
2014-03-06,152.2746989573612,153.33813572396093,151.16600691793315,152.86297607421875,4948680,0.008734216293841524,151.58463439941406,149.14721450805663,0.01015689580699991,0.002113836304284011
2014-03-07,153.76807540187426,161.7551571630427,152.9987907579769,160.97454833984375,22767568,0.053064335615751856,152.68653717041016,149.87634735107423,0.014962295244380874,4.126782292796915
2014-03-10,159.85451633555715,166.73290444496843,158.383809532753,166.17855834960938,26123852,0.03232815413017409,154.2715057373047,150.85719604492186,0.016133546669592238,3.1444581612652787
2014-03-11,166.18989074694775,167.43433512966826,162.80726189010355,164.0743408203125,13000472,-0.012662388879737363,155.49671783447266,151.77638931274413,0.016471002447164106,0.9607583950999147
2014-03-12,163.1919141970863,165.85049997430053,162.11716675523374,164.1648406982422,7110216,0.0005515784947067726,156.7287170410156,152.68992462158204,0.016484762376491383,0.020113562654789863
2014-03-13,164.60602492899991,169.5838016278838,164.60602492899991,167.9660186767578,11448452,0.023154641166452494,158.1982894897461,153.7861656188965,0.016868057818085605,0.6533390358403165
2014-03-14,166.3030001927382,167.4116923846787,163.81411175447954,165.6581573486328,12208480,-0.013740049006974231,159.61356048583986,154.91351852416992,0.016383400867542253,0.6991890762549315
2014-03-18,166.39350959139162,168.5203695923727,164.7870369609991,166.0767364501953,8102724,0.0025267642008210967,161.14761810302736,155.95658950805665,0.016326498620266496,0.035031671803093904
2014-03-19,167.43433771959369,168.1810015987808,166.47272159079873,167.08363342285156,6055136,0.006062841757239257,162.65792083740234,156.9527114868164,0.01625404879856137,-0.30561102722199085
2014-03-20,167.08363130092835,167.08363130092835,164.71918420521854,165.2169647216797,5195084,-0.011172061936477906,164.0256774902344,157.74236984252929,0.016571288810160477,-0.4425609587391443
2014-03-21,166.33695332672346,166.86866490446377,165.4432133086304,166.0428009033203,7525592,0.004998495057888297,165.34365997314453,158.4641471862793,0.016421555855643862,-0.10410568467978658
2014-03-24,166.18989310818668,170.3531308080656,166.07676179905926,169.8440399169922,11713860,0.022893127512858324,166.23060913085936,159.45857315063478,0.016472464451396582,0.5007886309551312
2014-03-25,169.69693582615065,172.08400329477746,169.18784501867222,169.7308807373047,8031092,-0.000666253462546007,166.5858413696289,160.4286735534668,0.016526650218386073,-0.13315301384887912
2014-03-26,170.33047992420353,171.12239901214414,168.36199257218513,168.80320739746094,9409312,-0.005465554269287742,167.05872802734376,161.2777229309082,0.01670207696472125,0.057559157008336026
2014-03-27,169.69696239041053,172.1292855180064,167.88686145824616,168.96160888671875,24554932,0.000938379617899443,167.5384048461914,162.13356094360353,0.01668983160659715,2.120499151361902
2014-03-28,169.6856496144054,170.6246311736607,166.31433115208537,168.55433654785156,12160900,-0.002410443067811019,167.59723663330078,162.89776306152345,0.016753006232754226,0.25214862649201175
2014-03-31,169.23309737243835,170.3757206252615,168.1357155870761,169.4254150390625,8262428,0.005167938773047442,167.97396240234374,163.79376144409179,0.01630222997385551,-0.35970085002395386
2014-04-01,170.03634951290124,170.50018509621782,165.74867033937028,167.00442504882812,8051832,-0.014289414546667545,168.06673126220704,164.6071746826172,0.016747664868915515,-0.4361043104209347
2014-04-02,168.55433254800892,168.79190552435276,163.33898219695226,165.6016082763672,10398752,-0.008399877859827876,167.91852874755858,165.28822479248046,0.017003446195589966,-0.10319790957897094
2014-04-03,166.52927045316343,166.98179564461225,164.32321014485046,164.90017700195312,5559704,-0.004235654965641822,167.88684997558593,165.95626373291014,0.017036296261167573,-0.8892167504301445
2014-04-04,164.16483265089764,165.85049184432515,162.92038830554458,164.1422119140625,7422408,-0.0045965086373536135,167.69679107666016,166.52022552490234,0.01711710532990979,-0.6220982891643015
2014-04-07,164.04039673820574,165.62423505154015,163.6104922434539,164.1195831298828,11733156,-0.00013786084588363057,167.1243453979492,166.6774772644043,0.012573016422458259,0.18592747799121467
2014-04-09,164.730499112007,168.5430325769999,163.30504735603444,167.85292053222656,10520384,0.022747665642004478,166.9365493774414,166.76119537353514,0.011450724862446606,0.1426640852812203
2014-04-10,168.48646271972396,169.39151318475174,166.5292855651117,167.298583984375,7494792,-0.003302513570177301,166.7860870361328,166.9224075317383,0.011066566046453587,-0.5183971100901297
2014-04-11,166.0880772797205,168.52040050082047,166.0541461719225,167.01576232910156,5207952,-0.0016905203172541405,166.59150238037108,167.06495361328126,0.011083025070433215,-1.0257911876632109
2014-04-15,166.14460755853233,167.16278915521266,162.47915104848877,163.80279541015625,8371868,-0.01923750713189709,166.11634826660156,166.85679244995117,0.010652044764747891,-0.24345726807283524
2014-04-16,163.63311841350367,165.57897128913123,163.1579586578457,164.25534057617188,3572392,0.0027627438523407655,165.5993408203125,166.78665161132812,0.010261587445229535,-1.2384635855647932
2014-04-17,162.06062870180085,163.20325236206602,160.03557515183886,162.61497497558594,12302328,-0.009986680462454989,165.16039581298827,166.61356353759766,0.010454992350404202,0.7081583727912024
2014-04-21,163.51997614489088,164.37977122274003,161.32522626540074,162.1058349609375,6987752,-0.003130954050971524,164.81081848144532,166.36467361450195,0.010329424754325368,-0.5101531707469062
2014-04-22,163.3389799156491,165.08119092448678,162.320798194133,164.6173553466797,11395824,0.015493090587068492,164.78253631591798,166.33469314575194,0.010723340975520591,0.43284101203586534
2014-04-23,164.01778784406207,167.30990638536,163.4973727412659,165.8505096435547,21025344,0.00749103455269351,164.9533660888672,166.32507858276367,0.010800258219163542,2.173619311686281
2014-04-24,165.8505096435547,165.8505096435547,165.8505096435547,165.8505096435547,0,0.0,165.12645874023437,166.1254020690918,0.009363530217594267,-1.7637689039705415
2014-04-25,165.88443506565102,166.9818031804491,164.04038930328673,164.35716247558594,6212444,-0.009004175936379366,164.77688293457032,165.85671615600586,0.009525198992076437,-0.6037133153500489
2014-04-28,163.41815492459526,165.00199304778275,163.0335057612552,164.08563232421875,4882860,-0.0016520737354998039,164.4555877685547,165.62083740234374,0.009481061450951693,-0.7903167636673517
2014-04-29,164.35716266359782,164.60604600642225,161.21210691350632,161.95877075195312,6641236,-0.012961900089235923,163.94988861083985,165.27069549560548,0.009806551803568531,-0.4100409712952296
2014-04-30,162.00402749112163,165.14908326947784,161.01979066932006,163.20321655273438,8786920,0.0076837197207872965,163.88993072509766,165.0031394958496,0.010044895565111282,0.12909464504782128
2014-05-02,163.70100067742132,164.6173614990389,161.9022101401874,162.25291442871094,5915292,-0.005822814918089447,163.68968811035157,164.64451446533204,0.009957483005946328,-0.5189179683193359
2014-05-05,162.87513348278878,163.61048696166912,161.5515027447936,162.16241455078125,5192324,-0.0005577704304932096,163.6444320678711,164.40241394042968,0.00953833722615442,-0.6475234246216574
2014-05-06,162.9542999267578,163.94984691365084,161.5740900124706,162.9542999267578,6184560,0.004883285551527061,163.72927856445312,164.27004852294922,0.009489585165632294,-0.3700657738822252
2014-05-07,162.56966493565974,164.49289687992297,160.9745164968241,161.9134979248047,6598624,-0.006387079091628278,163.45889282226562,164.1207145690918,0.009543068022118985,-0.28703872976127864
2014-05-08,162.26423560686152,163.58786634583626,161.8908967779334,162.52442932128906,7520428,0.00377319620855876,163.12628479003905,164.03982543945312,0.0095545754050074,-0.07198884457615423
2014-05-09,162.9090446312329,171.95954711074583,162.9090446312329,171.23550415039062,16376444,0.0535985566322521,163.66478424072267,164.3956214904785,0.015409287471277575,1.8079863015489632
2014-05-12,170.85090627025323,179.84484580650164,170.71515421633757,179.23394775390625,17561360,0.04671019391218567,165.1524627685547,164.9646728515625,0.0178296642542474,1.8132229160360813
2014-05-13,181.0101099275539,181.0101099275539,177.05051377288868,178.3289031982422,12665216,-0.005049515267647409,166.57678985595703,165.51618881225585,0.017868636537321844,0.7790110242640708
2014-05-14,177.61615805873808,179.8335289897058,175.18383487513117,175.45535278320312,8501500,-0.016113767109556143,167.92644805908202,165.93816833496095,0.018366706580386014,-0.0658054887151329
2014-05-15,173.9959243247654,179.00764600453255,173.32844695060191,178.3740997314453,9466188,0.016635268756084454,169.44353637695312,166.6667335510254,0.017864089392256248,0.11387598594068597
2014-05-16,181.0100798645045,193.22826025535855,178.2157422805855,182.07351684570312,32868368,0.020739654018310683,171.42559661865235,167.55764236450196,0.0182250237498027,3.1171690273073307
2014-05-19,184.60764124620545,188.9292509229697,182.8201613721671,183.7025909423828,10522804,0.008947342397193525,173.5796142578125,168.6120231628418,0.017876664898010194,0.03572680484007535
2014-05-20,184.63027593605253,185.8973409331932,181.9943112029274,184.6415863037109,6357032,0.005111497646881791,175.74834289550782,169.73881072998046,0.01774319423266193,-0.5365864338271575
2014-05-21,183.80441930806788,184.29088942661485,182.14139470647632,183.1595764160156,3642388,-0.008026414402969917,177.8729507446289,170.66592178344726,0.017906708724722407,-0.8422316726324888
2014-05-22,183.72523212904105,184.4040199324735,180.5575557130231,181.59835815429688,7806456,-0.008523814546134822,179.78034362792968,171.45331420898438,0.018169133303184044,-0.2001730879819663
2014-05-23,180.7838392259909,181.68888973525745,177.09576116272473,178.6682891845703,9818936,-0.016134886898244938,180.52362213134765,172.09420318603514,0.018738069435102506,0.021847313986730996
2014-05-26,180.7837993604536,181.9264226144421,178.74743616365248,180.3652191162109,17395232,0.009497655904051383,180.6367492675781,172.8946060180664,0.018523342430521925,1.0680829274250039
2014-05-27,181.01009730288163,183.419799747216,178.37413223691863,182.1187896728516,7619524,0.009722332083941465,181.01573791503907,173.79626388549804,0.018488834239296453,-0.416040964751379
2014-05-28,180.98746679655525,187.0626123354091,180.896956228799,186.31594848632807,14355564,0.02304627008018234,182.10179748535154,175.0141227722168,0.018360850881205797,0.5441414256711803
2014-05-29,186.12360696103545,187.96765265248507,182.6844265310508,183.3292694091797,13684008,-0.016030184755587595,182.59731445312497,176.02042541503906,0.019078718811395855,0.4046943735465636
2014-05-30,184.40397043026647,186.1688154834334,165.1716544958215,179.36962890625,32807544,-0.021598517878190004,182.32692565917966,176.87626113891602,0.0199016506819125,2.525023420977221
2014-06-02,179.53937498370584,186.06704553820413,179.53937498370584,185.3995819091797,8083132,0.03361746935475529,182.49662475585936,178.03811950683593,0.020825857027568877,-0.5515119766924008
2014-06-03,186.21412802686183,187.31149616135383,184.17776453689612,186.5195770263672,3624148,0.006040979734982077,182.68442382812498,179.2163833618164,0.02082150382498961,-1.076363177566508
2014-06-04,186.07836533665528,187.73007953311455,184.42663733022303,184.7886657714844,2864340,-0.009280051362319464,182.8473327636719,180.3601417541504,0.020929016041634305,-1.122005314747557
2014-06-05,185.2335824103469,186.055025734024,182.7692802928778,183.78466796875,7674472,-0.005433221775495545,183.0659637451172,181.42315368652345,0.021100426343942307,-0.5436955586722221
2014-06-06,185.50741608030992,187.33282730865244,182.7692992377961,186.02081298828125,10565276,0.01216720112861358,183.80121612548828,182.16241912841798,0.018030519959240994,-0.16122282902575596
2014-06-09,187.53817616324548,189.38639930867788,185.96375353803916,186.9791412353516,9339920,0.005151725936875184,184.46260833740234,182.54967880249023,0.015031244617208568,-0.26298021044311126
2014-06-10,187.36708018505948,187.92610129450625,184.82290743179703,186.3402862548828,4999344,-0.0034167179090027755,184.88475799560547,182.95024795532225,0.01499404654872857,-0.737622089018439
2014-06-11,186.4201173474337,189.35217849387448,184.8228825598792,187.2187347412109,7743772,0.004714216683806782,184.97503662109375,183.53841705322264,0.014357153034831545,-0.40051545767605595
2014-06-12,188.13143952348608,192.79764963237832,185.4731789249399,191.63394165039065,12732048,0.02358314682172602,185.80550384521484,184.20140914916993,0.014773613571001341,0.1819016226654463
2014-06-13,192.58087216415575,195.31898882999684,189.7628993329403,190.6185607910156,12212884,-0.0052985439355387465,186.9303970336914,184.62866134643554,0.014333226897546554,0.308489535442543
2014-06-16,189.61459121431295,192.30706998891907,189.45486494658584,191.44000244140625,5309880,0.004309347667834196,187.53443908691406,185.01553192138672,0.014258926548929305,-0.696202612145828
2014-06-17,190.75549174019235,193.67614720157536,188.7817600886742,193.16275024414065,6988120,0.008998891458234626,188.1987564086914,185.44159011840821,0.014327593308654577,-0.4492713418565855
2014-06-18,193.2882180817434,194.26938771886665,189.1011868161646,190.49305725097656,5374628,-0.013820951450472907,188.76919555664062,185.80826416015626,0.014604490056314338,-0.7142043041156949
2014-06-19,191.0064684521478,191.65677958084348,187.60664827764697,188.4166717529297,4720996,-0.010900058658364742,189.2323959350586,186.1491798400879,0.01470449595729821,-0.7796044354542719
2014-06-20,188.47370268086124,189.78571695497132,186.95632408009067,187.54959106445312,2969768,-0.004601931880070409,189.3852737426758,186.59324493408204,0.014174680435422532,-0.965877289146075
2014-06-23,188.0173481163063,188.59919513397972,186.0322107088481,187.4355010986328,5840844,-0.0006083189260652766,189.4309097290039,186.94675903320314,0.014092871833116158,-0.4747544199417284
2014-06-24,188.32539941208935,190.01391046153623,188.2455432371869,189.1582489013672,5066224,0.009191149982989755,189.71270599365235,187.2987319946289,0.014078081316299272,-0.5682556752533993
2014-06-25,189.1582463860684,190.11659010607093,187.7891879080028,188.0401763916016,6330624,-0.005910778495039848,189.79485015869142,187.38494338989258,0.013264272807959386,-0.32323358785878126
2014-06-26,187.1046489945202,188.610607671812,184.51485241146756,185.3705139160156,21808264,-0.014197298294521432,189.16850738525392,187.48700561523438,0.013149570684264957,1.8206927143882903
2014-06-27,186.6140620473704,187.56099967239032,185.73558848336464,186.23757934570312,5142960,0.004677472222364143,188.73040924072265,187.83040313720704,0.012080396305739122,-0.5317858455962646
2014-06-30,187.0818455238345,190.00250080824244,187.0818455238345,187.4583282470703,6176100,0.006554793643989365,188.33224182128907,187.93334045410157,0.009609467853027277,-0.27343270958262195
2014-07-01,187.789200613658,188.9186767198381,185.9637891860647,187.85765075683597,7641372,0.002130193486199028,187.8017318725586,188.000244140625,0.00953231959532437,0.015442675547979
2014-07-02,189.5689719097981,192.1245506660092,188.35963963751848,191.6453857421875,7626724,0.020162793317661576,187.91696472167968,188.34308013916015,0.010208168926056945,-0.04497399241710504
2014-07-03,191.8963318439481,192.87748747348965,189.69442424910488,190.93798828125,6062740,-0.0036911791963993856,188.16909637451172,188.70074615478515,0.010149815195630485,-0.4009315806231234
2014-07-04,190.93802075149185,195.99213390028967,190.5501180617224,195.4673309326172,5631988,0.023721537511411928,188.96087036132812,189.17307205200194,0.011050278031295888,-0.4484266587414053
2014-07-07,196.20890815578767,196.39144650552583,190.7212541405721,191.7708740234375,8131968,-0.018910868079812015,189.3944076538086,189.41265869140625,0.012018211869109426,0.17168019268079304
2014-07-08,192.5809038016751,193.57346568538964,187.10466957034785,189.21530151367188,6732272,-0.01332617647377099,189.40011291503907,189.5564094543457,0.012421880806735043,-0.19120921305719507
2014-07-09,188.9300463442308,190.4930490071632,186.6482824994937,189.4548492431641,5795552,0.0012660061188281002,189.5415802001953,189.66821517944337,0.012389148416415923,-0.3952874350110235
2014-07-10,189.45487797017316,193.49360337310523,185.33629639127915,187.8690490722656,9857544,-0.008370332969746985,189.79143371582032,189.4799705505371,0.011289881137121618,0.6551800526310809
2014-07-11,187.3556499478521,189.7172842138199,184.5490828113011,185.23361206054688,9198780,-0.014028053182432276,189.6910369873047,189.21072311401366,0.011631197473196783,0.5463669096300274
2014-07-14,185.96374646543768,187.1046283455937,184.17256748430495,186.5227813720703,4921608,0.006959694286488682,189.59748229980468,188.96486206054686,0.011714084379258402,-0.5712927624362876
2014-07-15,187.275785526828,189.1126028127367,186.30603579976247,188.65625,6092036,0.011438112879487372,189.6773422241211,188.73953704833986,0.011838283754521457,-0.25229242427187126
2014-07-16,189.27235308985777,191.32594100765007,186.62551201097253,190.69845581054688,9589300,0.010825010094003717,189.58264923095703,188.74980697631835,0.011728098296998288,0.6048008546630338
2014-07-17,191.3715418083433,191.4399919402481,189.27231622697948,189.797119140625,5039100,-0.004726502194738913,189.46856231689452,188.81882934570314,0.011501876300808305,-0.585893786418296
2014-07-18,189.1354263822456,190.9380116133532,187.5610036277956,189.9454498291016,7288432,0.0007815223389491255,188.91637420654297,188.93862228393556,0.011440804655373475,-0.05694528706613023
2014-07-21,192.0560946592536,193.2540208590136,188.3025897813157,188.80458068847656,9813656,-0.006006298869762339,188.61974487304687,189.00707626342773,0.011536489024772955,0.5710774277390906
2014-07-22,189.36359763928905,192.27284670408525,188.70188051658337,191.63394165039065,6970352,0.014985658460175078,188.86160888671876,189.1308609008789,0.011837020281374238,-0.22472313785698317
2014-07-23,192.3755102522668,192.80905096716603,190.52728705039485,190.82391357421875,7849852,-0.004226955147902167,188.9985153198242,189.27004776000976,0.011793308106157986,-0.005127679361445918
2014-07-24,190.7554770402011,192.5808883037437,190.07094781637264,192.18157958984372,4278600,0.007114758261662635,189.42976837158204,189.61060104370117,0.011320141490248598,-1.59040868121474
2014-07-25,191.8963735364712,193.90432329228085,190.3333705950268,190.6414031982422,10665952,-0.00801417281972916,189.97054748535157,189.83079223632814,0.011508441312769522,1.8533357197891314
2014-07-28,191.325934250667,191.6225608207376,188.93008176452267,189.28375244140625,3884952,-0.0071214895298696845,190.24664459228515,189.92206344604492,0.011581601106269842,-1.6579484585061541
2014-07-30,189.61459025129997,192.1017186062959,188.66765261134165,191.3943634033203,4685380,0.01115051310369286,190.52045593261718,190.09889907836913,0.011819642215651101,-1.136055449834917
2014-07-31,191.18902690491552,191.6453797425673,189.05556903282357,190.29913330078125,11901344,-0.005722373862343644,190.48052368164062,190.03158645629884,0.010999540564012377,2.021268848383256
2014-08-01,188.4851163458433,188.8844250541292,185.27924064467555,186.0664520263672,6828460,-0.022242251979802785,190.10745697021486,189.7880096435547,0.012034480577770925,-0.18649835716451174
2014-08-04,186.8764741904621,187.72072966752157,184.16116942210996,185.5074157714844,7363044,-0.003004497848991927,189.6636535644531,189.29001388549804,0.010505625257072626,0.008207747603166064
2014-08-05,186.4201317561627,187.789190251312,184.80008477428265,187.1502990722656,6077104,0.008856159706331912,189.49822540283202,189.05898513793946,0.010056062198146391,-0.5109177704219642
2014-08-06,185.9751946690251,187.0019885939925,184.21823338983512,184.82290649414065,3381400,-0.012435954362147505,188.81712188720704,188.8393653869629,0.01000124694078623,-1.5155834617638684
2014-08-07,185.4846136851474,186.76239604092052,184.82289650964648,185.1651611328125,3933740,0.001851797729859328,188.2512466430664,188.6248809814453,0.010009475458921755,-1.2082885204755691
2014-08-08,183.6820143969828,184.3209055747461,181.40025024298305,181.66265869140625,7450680,-0.01891555852071991,187.19935455322266,188.31456146240234,0.010668809748164558,0.24245818648287226
2014-08-11,182.76931251377323,183.19143332027645,180.57882445136275,180.9324951171875,5626224,-0.004019337708026649,186.22846374511718,188.09950561523436,0.010284162063823184,-0.44301121961607465
2014-08-12,182.76929403149225,184.4806170093152,180.71570645810468,184.1839904785156,6603072,0.017970765059212468,185.71848754882814,187.98256607055663,0.011008869455375502,-0.0694668781488409
2014-08-13,184.8228849823919,186.1348992893657,183.14579400419052,185.3705139160156,7839820,0.006442055221071996,185.11610260009766,187.81827926635742,0.010776203113672871,0.41908660558589844
2014-08-14,185.75842205751732,189.76292945846464,185.575883702839,188.63345336914065,11873224,0.0176022571454022,184.94953460693358,187.71502914428712,0.011257558853987739,1.930458911563431
2014-08-18,189.38641370654523,190.4132075157976,187.92607916267335,189.9226226806641,6702168,0.00683425600548504,185.33515167236328,187.72130432128907,0.011324857095341673,-0.13939389587259202
2014-08-19,190.07095886281468,191.097752758232,187.6180623348732,187.98313903808597,7892856,-0.010211967459185622,185.58272399902344,187.6231887817383,0.01155420577525171,0.32363786122170707
2014-08-20,189.158241743406,190.4360240541924,186.87647766929976,187.2301483154297,9434852,-0.004005629050080506,185.59070892333983,187.54446716308593,0.011512204491192031,0.9537069906584773
2014-08-21,187.56101107210725,190.57294250241745,187.3328346596108,189.9568634033203,6390480,0.014563440302877373,186.1041046142578,187.46061325073242,0.011482941199127893,-0.25785904986737657
2014-08-22,190.37896595014288,193.66471154590536,188.9414574745399,193.20835876464844,10015288,0.01711701963842427,186.9084243774414,187.5798355102539,0.01208245515448132,1.1159009757261331
2014-08-25,192.35271638824133,194.5888424529497,191.02929597662072,192.4553985595703,6656064,-0.003897140940963717,187.98769836425782,187.59352645874023,0.01202506320218563,-0.24269478343111783
2014-08-26,192.6949544482132,193.60765997549905,191.2346200338435,192.2386016845703,4165256,-0.0011264785328061189,189.1183090209961,187.67338638305665,0.01187696493572727,-1.1326283865081632
2014-08-27,193.0372435936065,193.0372435936065,190.29912666320075,190.8923797607422,4852968,-0.007002869933672495,189.78914794921874,187.75381774902343,0.011872995911224616,-0.8911061641622088
2014-08-28,191.09774593557805,192.9231572400373,190.29912848987712,192.47821044921875,7991452,0.008307459367755676,190.49991760253906,187.80801010131836,0.011755079047831947,0.36041724688619264
2014-09-01,193.01444861294905,193.7217899785528,191.3487495247097,191.9420166015625,4154656,-0.0027857379097865342,190.83077392578124,187.89015426635743,0.011693441999709678,-1.2169403763013835
2014-09-02,192.37551545689985,196.48269061820577,191.36014162789155,196.04916381835935,11442252,0.021397853838967196,191.44342803955078,188.38928985595703,0.01129212236277387,1.866157271141662
2014-09-03,197.372598421814,197.372598421814,194.3150288986703,195.4673309326172,9234780,-0.002967790703158668,192.1918472290039,188.88728561401368,0.011291153281974256,0.8821178833320696
2014-09-04,195.78675147746776,196.00352183645,193.6076697069008,194.3720550537109,6406968,-0.005603370515576578,192.90603790283203,189.24837341308594,0.011337621014655588,-0.2861964064227219
2014-09-05,194.40630645050484,195.21632994202528,192.60370719322,193.5962829589844,3835208,-0.003991170924812937,193.26997985839844,189.68704223632812,0.010923105141824697,-1.373511046146998
2014-09-08,194.17811108490196,198.01147171461764,193.82444045993915,197.31553649902344,9788344,0.019211389202276274,193.68069763183593,190.29456100463867,0.011550777786479808,1.0122402745530397
2014-09-09,196.25452073694905,198.49066065155853,195.7297177898237,197.50949096679688,7661044,0.0009829660208962032,194.18610687255858,191.0869026184082,0.010334355254365124,0.09933727532033626
2014-09-10,197.3725768284401,197.3725768284401,194.88544861329973,195.61561584472656,4314252,-0.009588780330504143,194.52380828857423,191.82105865478516,0.010639194297469004,-1.2634113670969744
2014-09-11,195.63845405535363,196.9390484147003,194.63447230860564,194.9425048828125,6532864,-0.003440987873117196,194.92882080078124,192.358984375,0.010224610346620231,-0.3423087111437049
2014-09-12,193.9727531134584,195.77535225387487,193.71035860811529,195.25054931640625,6086556,0.0015801809552971058,195.2060546875,192.85298614501954,0.01019350927381707,-0.4881549241706233
2014-09-15,193.94994893577413,197.37259509346427,193.94994893577413,196.3115692138672,5809088,0.005434145518031563,195.64300994873048,193.23689193725585,0.00959987054864144,-0.5294508250724648
2014-09-16,196.4598952762949,196.6994777290801,193.49360185168183,194.1781311035156,5076268,-0.010867612738744703,195.4559066772461,193.44966735839844,0.009944473625993589,-0.8120900164982181
2014-09-17,195.0908209805171,195.2961853101568,192.14733986518587,193.1285095214844,7905896,-0.005405457226651533,195.2220245361328,193.70693588256836,0.00971063637469169,0.4565531599458325
2014-09-18,192.7520011835052,196.45986743888483,192.18156022113908,195.8095703125,6652568,0.01388226315036789,195.36577606201172,194.1359069824219,0.010006256956029563,-0.0447105297374923
2014-09-19,196.2317132215381,197.37259527515167,194.26940166003584,196.28875732421875,6542108,0.002447209352198554,195.63502349853516,194.4525016784668,0.009581849038567337,-0.09971032398145675
2014-09-22,195.5357807093777,195.8894513656247,194.178128261091,195.5129547119141,6534316,-0.00395235378164438,195.45476531982422,194.56773147583007,0.00893198204602204,-0.023850337405454825
2014-09-23,195.33040337401388,195.74111810642728,192.9459572216048,193.68753051757807,4716976,-0.009336589470635093,195.07256927490235,194.62933807373048,0.009157084526387636,-0.86336264048624
2014-09-24,193.28821548086145,195.61561745725317,192.82045666409792,195.1934967041016,6665496,0.007775235620482324,195.03035736083984,194.77708282470704,0.00929637372693916,0.0280111796255357
2014-09-25,194.63448815887824,197.5095055082139,192.14735958590012,193.9385528564453,16595960,-0.006429229809631787,194.92996215820312,194.92939147949218,0.00927187285238804,3.201309763907583
2014-09-26,193.9385529800404,200.5670752645767,192.8090769039446,198.88998413085935,9882252,0.025530928232093686,195.29390563964844,195.2499801635742,0.01069355559675736,0.8655667550796665
2014-09-29,199.1980001584614,200.1905619424899,196.50552138382952,197.39540100097656,8682268,-0.007514622399986792,195.40228881835938,195.52264938354492,0.010848962561812319,0.39957882365240344
2014-09-30,197.19005536308728,200.74960177132883,196.4941201012764,199.1181488037109,12035432,0.008727395846095831,195.89629058837892,195.6760986328125,0.009956481868270315,1.51718260080417
2014-10-01,197.6007760746688,198.7758901867037,196.3458057878204,198.05712890625,5870188,-0.005328594625027661,196.38915252685547,195.80558853149415,0.010017604742732427,-0.511271500241892
2014-10-07,197.3726033112624,197.82895615128848,194.88547476240717,196.79075622558597,5026288,-0.006393976766488785,196.48727111816407,195.9265235900879,0.010045332495307922,-0.7634232490721012
2014-10-08,196.3572098998681,198.51347979332465,195.84381296936812,197.96585083007807,3140384,0.0059712896430208495,196.65498046875,196.14500198364257,0.010049240324405974,-1.3610753681411463
2014-10-09,199.42617960619808,203.7501253017805,198.1141652666836,202.5293731689453,7650420,0.023052068423580208,197.35662231445312,196.40569381713868,0.01044130786663583,0.16140508928718147
2014-10-10,201.49116286562932,201.97034165130844,197.34976965149815,197.8973846435547,4266980,-0.022870699952874163,197.7776077270508,196.42508850097656,0.011764698137372263,-0.8961919932295459
2014-10-13,197.14440836028507,200.3388779401971,195.23914100297895,200.0650634765625,5376512,0.01095354967379758,198.26476440429687,196.64756088256837,0.011765179300387571,-0.557047731011161
2014-10-14,201.9361209101313,202.1528912829055,197.40682478585444,198.1369781494141,7266240,-0.00963729145730774,198.68460693359376,196.80728454589843,0.011973309529775336,0.05891782915963586
2014-10-15,198.1369781494141,198.1369781494141,198.1369781494141,198.1369781494141,0,0.0,198.60930633544922,196.95160598754882,0.011973665836268419,-1.9978552815055965
2014-10-16,198.14841054795875,199.42619294117048,195.10224695646,195.9693145751953,5533084,-0.010940227283491533,198.4666976928711,196.93449325561522,0.012197968093780313,-0.36400581647519037
2014-10-17,196.28875389411536,202.6434612509828,195.56999264218584,201.9931640625,9977920,0.030738738359945117,198.75419921875,197.32524490356445,0.013704839030298248,0.8588844098656938
2014-10-20,203.9897146063523,207.5492611025955,203.1112409810538,203.94407653808597,9532004,0.009658309401907816,199.3428939819336,197.86602325439452,0.013686682246967136,0.6977026892237299
2014-10-21,205.3587562772228,206.6707705534384,202.54078335902037,204.34336853027344,16037152,0.001957850401763883,200.09815521240233,198.2927131652832,0.013436714801722491,2.10838561732272
2014-10-22,206.5110228432619,206.8076493417213,203.3621916927306,203.90982055664065,4571544,-0.002121664024387182,200.6925521850586,198.67376632690429,0.013471450490329738,-0.7120534866192719
2014-10-27,205.1419922056112,207.0244475292033,204.02393618766837,204.7312774658203,6724768,0.0040285303912150905,200.9127426147461,199.13468246459962,0.013404136996691686,-0.18516175786617703
2014-10-28,205.1306019765356,205.4044164664216,203.98971987433012,204.28634643554688,5803492,-0.0021732440483975823,201.5516387939453,199.66462326049805,0.013167896488038905,-0.42845647984980556
2014-10-29,205.404380061424,205.929182950068,203.07697820006703,203.4306488037109,7896188,-0.004188716704598527,201.88819732666016,200.07648086547852,0.013199269757232897,0.07512852278005223
2014-10-30,203.05418490297683,205.34735494860053,202.41527983849184,204.5943756103516,10738180,0.00572050875069241,202.5339370727539,200.60927200317383,0.013062468301225929,0.9761408417799619
2014-10-31,205.381564724975,208.6901224066631,204.75407964741345,208.0626373291016,10105988,0.016951891802515995,203.52650299072266,201.06790466308593,0.012399326143374183,0.7914304926951913
2014-11-03,208.8270563113851,209.7625740355328,206.5909302456107,207.80026245117188,7239648,-0.001261037932123843,204.7095977783203,201.5881477355957,0.012215502775763679,7.793285454971004e-06
2014-11-05,208.7928158547056,209.9907419766228,207.69757190002352,208.2794189453125,7524180,0.0023058512462332814,205.33822326660157,202.04621124267578,0.012131242397597863,0.1531037270136306
2014-11-07,206.49965266724885,206.8647293553949,203.9098559641794,205.2332763671875,9028492,-0.014625269234714078,205.4671432495117,202.40501861572267,0.012608508092326212,0.554250621979366
2014-11-10,205.24468569442308,207.26404140041424,203.76153899401868,206.4197998046875,6389756,0.0057813404263797885,205.67478637695314,202.88647079467773,0.012482496054483063,-0.2563461581196407
2014-11-11,206.70500888868855,209.30621152480916,205.9063914788057,207.16136169433597,5913408,0.0035924939872538086,205.99994049072265,203.34624633789062,0.012458639176274716,-0.45899782767857383
2014-11-12,207.8687083916629,209.8994840004504,206.305705562285,208.0398406982422,9058664,0.004240554303762467,206.33079681396484,203.62176971435548,0.011485221936454544,0.5007095428563019
2014-11-13,208.89550203489387,209.9222958734051,206.2486612663336,208.9981842041016,7388952,0.004606538356513479,206.8019805908203,204.17680969238282,0.009972211212482712,-0.06920590417229061
2014-11-14,209.5115617621443,212.8885695113736,208.03982127759363,212.2268524169922,8438056,0.015448307482602619,207.68160095214844,204.7848991394043,0.01021384243091787,0.22023645334546843
2014-11-17,212.20407065532407,213.11677633556204,207.18418941401532,209.68272399902344,13464084,-0.011987778120413961,208.19043579101563,205.36218643188477,0.010379140779913086,1.617836035787229
2014-11-18,210.15046100464443,213.34493055303207,208.0968734378238,212.7060394287109,9189112,0.014418524197070015,208.65477600097657,206.09063949584962,0.010664899184957043,0.2408390180526607
2014-11-19,213.35635438888457,213.9610274602788,210.4128869869226,211.41685485839844,3454848,-0.006060874311679121,209.0164352416992,206.86301651000977,0.010366218854792835,-1.713197904723349
2014-11-20,211.73628598668284,211.73628598668284,208.11968181323027,209.51156616210935,4770372,-0.009012000001443643,209.1396499633789,207.23893661499022,0.00860004515543112,-1.1363140989563298
2014-11-21,210.19613821987608,213.34497029013832,208.56467111164943,212.85438537597656,8823808,0.015955296765242544,209.90176086425782,207.68445205688477,0.009006095790998743,0.23402115257143896
2014-11-24,212.74028781517936,216.76760735410343,211.77053799280577,215.67236328125,7316860,0.013238993879763683,210.82701721191407,208.2509017944336,0.009338657858665595,-0.16171819752939626
2014-11-25,215.17036302588696,218.77554765920368,214.25765735027343,217.5776214599609,12156508,0.008834039511248504,211.86864318847657,208.9342918395996,0.009359589610845896,1.7011808806482875
2014-11-26,214.44016528043105,219.02651900585755,212.9570187679522,217.06419372558597,8976428,-0.0023597451379870904,212.77107849121094,209.5509376525879,0.009441729987222989,0.3319405458225037
2014-11-27,216.9044800223127,217.63464728683772,215.17034495500013,216.345458984375,13211448,-0.0033111621445939265,213.50580596923828,210.1538932800293,0.00947772250894869,1.814343020552678
2014-11-28,216.31122821109065,220.3955913608948,216.08305181002407,218.3990478515625,9251860,0.009492174584241342,214.1230255126953,210.90231323242188,0.009431671447823916,0.24540451828835808
2014-12-01,218.661439443262,219.60837706578403,216.35686339390904,216.767578125,7389128,-0.00747013204778868,214.83151092529297,211.5109733581543,0.009731885631368663,-0.4211025522628718
2014-12-02,214.88512940643844,216.67630861495616,214.3032823590512,215.23880004882807,4517556,-0.007052614091994647,215.08478698730468,211.86978149414062,0.009386827216349387,-1.383261167901657
2014-12-03,214.9421985412002,215.4099574405668,212.6604342254762,212.9114227294922,6661184,-0.010813000810299567,215.23424377441407,212.12533950805664,0.009782159562648995,-0.5586917946238329
2014-12-04,214.48581480505123,215.45556449964852,212.660403615221,214.8052673339844,6839104,0.008894988254802838,215.76361389160155,212.45163192749024,0.009929054867654148,-0.4765710396348782
2014-12-05,214.7139878173116,215.4897931314663,213.50465570847908,215.11329650878903,4074180,0.0014339926512403345,215.9895050048828,212.9456329345703,0.009168922692361489,-1.3499014895243135
2014-12-08,215.62668436685053,215.62668436685053,211.0631566553828,211.55374145507807,4057128,-0.016547350217216983,215.57764282226563,213.20233001708985,0.010051612615587947,-1.2645580212434437
2014-12-09,211.0745912032518,213.34494933176464,211.0745912032518,211.4624938964844,4873344,-0.0004313209398522089,214.96613006591798,213.41738662719726,0.010043094518935841,-0.9529072705436307
2014-12-10,211.3141828517682,213.3449586168021,211.13164449606248,212.5235290527344,5565432,0.005017604477744353,214.5120635986328,213.64157104492188,0.010057474449938042,-0.656199049557295
2014-12-11,212.18124063635253,213.5160670100788,211.0631707019213,213.0254821777344,4818844,0.0023618708349015805,214.18006591796876,213.84293594360352,0.010028941633697,-0.8463395672167496
2014-12-12,212.88859029822112,213.61875759478275,211.9758846592148,212.54632568359372,4616828,-0.0022492919121333,213.59479370117188,213.8589096069336,0.00945138796105334,-0.8360647363258519
2014-12-15,212.2040355680347,215.4669550500149,211.74768280337227,214.82806396484372,6638628,0.01073525159238331,213.40084228515624,214.1161766052246,0.009283893823084158,-0.08150129055857164
2014-12-16,213.926808301456,214.9421961962324,209.2377854691561,211.2343292236328,4989956,-0.016728423069525156,213.00039520263672,214.0425910949707,0.009567390948879427,-0.617078977746428
2014-12-17,211.29132841926983,212.77447489305524,209.0095646134462,210.34439086914065,7064016,-0.004213038466631014,212.74369201660156,213.9889678955078,0.00951765988355967,0.09032759711761824
2014-12-18,212.7973304820457,213.68722411903175,210.39007195992167,213.1281890869141,6493828,0.013234478020881957,212.57598419189452,214.16979904174804,0.00973252207702795,-0.16653867465487454
2014-12-19,215.6380950846078,216.53939461255592,212.77448416881813,214.8166656494141,6114108,0.007922352128706178,212.54632110595702,214.2679130554199,0.009231413634836075,-0.26637779312841675
2014-12-22,217.6802714832569,220.44120017349556,215.05624305342727,219.89358520507807,8295612,0.02363373223541987,213.38030548095702,214.47897415161134,0.010225501582936287,0.5802829451650034
2014-12-23,218.9809340511539,222.2324483478483,217.98835817293423,218.99234008789065,7544080,-0.0040985511985122125,214.13329010009767,214.54971008300782,0.010113603032826862,0.428647933074596
2014-12-24,218.570229814298,220.1446389833136,214.7368542639624,215.6837921142578,16664812,-0.015108053424631174,214.44931640625,214.4806900024414,0.01068070832445128,3.1029192679813646
2014-12-26,216.85885765299832,217.4407046917263,215.06766454435532,216.4595489501953,3366480,0.0035967321806291697,214.7927230834961,214.48639450073242,0.010688701794856106,-1.0963462716468644
2014-12-29,216.79039645708815,218.13664281504887,216.37968171413183,217.15548706054688,3614800,0.003215095447286931,215.2536392211914,214.42421646118163,0.010488077036189682,-0.9131174646362719
2014-12-30,216.76759344977185,218.95808145497207,215.11331444712883,218.2393341064453,5681200,0.004991110565841783,215.59476623535156,214.4978042602539,0.010405346897053953,-0.1566397013243148
2014-12-31,218.13664165781648,218.43326819689008,216.710539136518,217.13265991210935,4992528,-0.005070919955227682,216.18459930419922,214.59249725341797,0.010339976846643178,-0.41011277762730436
2015-01-01,216.99575387185868,217.7715591935329,215.63810152231972,217.2353363037109,3544940,0.00047287401003193175,216.87369384765626,214.8086929321289,0.009992857675523013,-0.8516372417460912
2015-01-02,216.85884712937596,221.1713725543031,216.85884712937596,220.2586669921875,5900384,0.013917306180103894,217.58674163818358,215.08136291503905,0.010259828977186037,-0.01575575864073515
2015-01-05,221.33110903455477,221.4566032697849,217.9312750879502,218.3990478515625,4796000,-0.008442887474166771,217.94497985839843,215.24565048217772,0.010488415628437492,-0.4164967585887339
2015-01-06,217.68029461276407,218.26214167149823,213.92678989199877,214.9992218017578,8219680,-0.015567036959407532,217.4555435180664,215.4179244995117,0.010404986728478918,0.7120557584807544
2015-01-07,214.41739196133696,217.07563898879343,213.6301805001718,215.6267242431641,5746112,0.0029186265705876124,217.11898193359374,215.6261360168457,0.010410076791915144,-0.17181503362819464
2015-01-08,217.73734145946173,221.0915375059701,216.35687695026263,220.156005859375,9525824,0.021005196049369124,217.56620330810546,216.00775985717775,0.011307774187023514,1.058272872635501
2015-01-09,221.99283043675973,223.612877344769,220.55530794097444,222.6203155517578,8985184,0.011193470206563028,218.18227996826172,216.4875015258789,0.011500586242551796,0.7946980406849874
2015-01-12,221.19419711349497,222.3350790587332,220.07612723644888,220.6579742431641,4126412,-0.008814744978373201,218.53252868652345,216.89308395385743,0.011727769446677692,-0.8376990558110782
2015-01-13,221.09153219630693,221.77606141683725,218.06819480563132,219.8137359619141,5828348,-0.003826003950891277,218.68996887207032,217.14236755371093,0.011604329888420821,-0.2507785643107157
2015-01-14,219.06076719585215,222.392151252902,218.98091102030915,219.9392547607422,3685232,0.000571023454375208,218.9706283569336,217.5776138305664,0.010814591813204794,-0.9331303585631717
2015-01-15,225.8946420702849,227.76569138592052,221.5022462522516,226.6134033203125,11398476,0.030345417723774082,219.90843505859374,218.391064453125,0.012401207427238235,1.452101025341381
2015-01-16,228.67840960590985,231.5762529087491,227.84556010694365,228.4844512939453,7821308,0.008256563584582599,220.73101348876952,219.15887756347655,0.012251027842250475,0.3188650308602674
2015-01-19,231.1997524637199,232.73994326473652,228.84953817493263,229.2146148681641,4239492,0.003195681675859152,221.81257019042968,219.87877502441407,0.012207869759587438,-0.7512093066069937
2015-01-20,230.45817631654228,234.3371753238504,228.6327650189855,232.9567108154297,8505804,0.016325730143420092,223.6083190917969,220.53193130493165,0.01166512869240519,0.5477669288608956
2015-01-21,234.42847865477572,235.69484117722303,232.363470743433,232.7285614013672,6740612,-0.0009793639911205299,225.3185028076172,221.21874237060547,0.011586463925058342,0.021819268081186637
2015-01-22,233.88080797697367,235.59213096217104,232.4090674243475,233.025146484375,6470680,0.0012743819719502891,226.60541687011718,222.08581008911133,0.010781896243751988,0.13663801744299264
2015-01-23,235.02168334110223,239.1288583897817,233.7439011188924,237.94235229492188,9987912,0.02110161021131085,228.1376205444336,223.15995025634766,0.011443698809682597,1.5004652582031177
2015-01-27,237.9879875453168,245.9171175234565,237.50882267130763,245.0728759765625,9962400,0.029967442167683433,230.57911071777343,224.55581970214843,0.012738437549814277,1.3419041266737735
2015-01-28,244.1487699023864,249.4424517158525,240.72612359534364,241.49050903320312,11364940,-0.014617557855329477,232.74678802490234,225.71837844848633,0.013559787427304706,1.6801932780307494
2015-01-29,245.289636550973,251.1309469762645,242.095166865658,249.8531646728516,20567616,0.03462933459839901,235.7381790161133,227.35440368652343,0.01482946370681275,3.2615786243182807
2015-01-30,249.75045592447765,249.75045592447765,242.83670079974837,245.8258056640625,10570416,-0.016118903332932977,237.65941925048827,228.783927154541,0.0156630966975496,0.6183351068549957
2015-02-02,243.80645778885017,249.39677900160345,240.12140374524137,246.79556274414065,5710352,0.003944895359779155,239.49053039550782,230.11077194213868,0.015566841347953376,-0.6577898151725406
2015-02-03,246.08826674090383,246.93250834582983,240.79458498628136,242.80252075195312,10200688,-0.016179553423848247,240.8493209838867,231.3309455871582,0.016029140094158803,0.4593049207509273
2015-02-04,242.5515443261483,246.6130959087848,241.23952985778013,243.62396240234372,6197512,0.0033831677193738585,241.91604614257812,232.7621826171875,0.01526441008984431,-0.5786576065801297
2015-02-05,245.2896171318228,249.3511679801749,244.2285913567725,245.6318817138672,8059148,0.008241879377232086,243.2063781738281,234.26244049072267,0.01524730051289168,-0.11766286881646146
2015-02-06,245.7460113800585,246.190944270378,239.59666782632067,240.3838653564453,6903120,-0.021365371306055536,243.94225006103517,235.27383346557616,0.01606847894209787,-0.3919703635517177
2015-02-09,238.90070148767109,239.98453943615863,236.04849636007236,237.32627868652344,5231896,-0.012719600233518258,243.88064270019532,236.00913162231444,0.016431852693151252,-0.7766930732318408
2015-02-10,235.02168428213116,242.39179290153015,235.02168428213116,240.6005859375,9275752,0.013796648517383492,243.43341369628905,237.00626220703126,0.016329769033163414,0.22833157810152988
2015-02-11,241.41064647093515,242.9622572305113,240.26976439876623,241.50192260742188,4161588,0.003746194824961968,243.43455505371094,238.09067153930664,0.01621488880254071,-1.1153760598958518
2015-02-12,243.03066356576025,246.8640379984188,240.2012708038992,245.51779174804688,5525740,0.016628725342088035,243.00101776123046,239.36959838867188,0.01638900106446711,-0.7978713923620625
2015-02-13,246.70429317121437,246.886845418309,242.6883944171928,243.19039916992188,7714500,-0.009479527172162716,242.73747711181642,240.19844818115234,0.015631542295133898,-0.1519336549604997
2015-02-16,245.47219231557892,247.5714041401336,242.4374349298543,243.58973693847656,7388716,0.001642078675464731,242.41689453125,240.9537124633789,0.015598924291387579,-0.23628991811932806
2015-02-18,243.58972441320404,247.1036186535932,241.19387223826732,245.24400329589844,5381692,0.00679119891590374,242.66104278564453,241.75518188476562,0.01561811244074145,-0.8232624528766962
2015-02-19,245.06148378843469,247.54861242553,242.73409536315603,246.38491821289065,4507004,0.004652162343050881,242.93713836669923,242.42659225463868,0.015329046143916981,-0.9862670572791911
2015-02-20,247.1150862739758,248.68950929186465,243.8065278704923,244.84474182128903,6206024,-0.006251098495691276,242.8584243774414,243.03240127563475,0.015444461097899573,-0.5102989855324616
2015-02-23,245.7688113807079,246.78421314106404,242.3233530799455,243.5783233642578,5581564,-0.005172332669310831,243.17787017822266,243.5600601196289,0.015541724245346404,-0.6644422860849328
2015-02-24,244.21722188315613,244.37693422815357,241.20527656988548,243.612548828125,5846288,0.00014051112346313843,243.8064971923828,243.84356994628905,0.014902941477540536,-0.5361037560977887
2015-02-25,244.1487327861076,245.24399057928343,239.5852050704794,240.14422607421875,4648524,-0.014237044727746118,243.7608612060547,243.59713745117188,0.01365019695922751,-0.7834261164953618
2015-02-26,240.41808204176832,240.9542910391821,236.18539845831845,236.88134765625,12426944,-0.013587161645770007,243.2988037109375,243.3666793823242,0.01359764942566634,1.2786681402253715
2015-02-27,238.54702058472304,241.53615388734025,238.54702058472304,240.49794006347656,10261784,0.015267527152347915,242.79681854248048,242.89891815185547,0.011457652107279432,1.3564117737106176
2015-03-02,246.5103548541176,250.7658500549714,243.69238203704228,247.01235961914065,14385232,0.027087215607521253,243.17901458740235,242.95824584960937,0.012636961212817209,2.578216009415463
2015-03-03,247.90221118607383,249.1686012072606,245.7573755464429,247.1948699951172,6029348,0.000738871432417243,243.5395278930664,242.97821121215821,0.012608815557840209,-0.46135153697246434
2015-03-04,252.1349161928273,253.1160858316548,241.8669784293185,243.07632446289065,12277624,-0.0166611286565449,243.32276000976563,242.99190139770508,0.012642069485828517,1.6831424760101754
2015-03-05,243.00786766299865,248.71227770203615,242.43742665909488,247.59420776367188,9702452,0.018586274540575154,243.44368896484374,243.19041366577147,0.013288391249150128,0.7266102911318874
2015-03-09,245.7574199117347,246.8412578873709,240.9542952151204,241.63882446289065,5755808,-0.024052999278826537,243.12309722900392,242.99076080322266,0.014273916682351217,-0.5774834201928323
2015-03-10,242.32337039532663,242.38041450323516,238.44437105754832,240.1671142578125,5134836,-0.00609053701676221,242.78197631835937,242.97992324829102,0.013498867713300888,-0.7468217649385935
2015-03-11,239.7905834973212,242.3005238885979,239.58521916732204,241.05694580078125,5465536,0.0037050515667751416,242.526416015625,243.1664566040039,0.013177459298884602,-0.6421212643974421
2015-03-12,241.8897815259134,242.7568629352068,239.83619404938324,240.6348114013672,7530836,-0.0017511812323505183,242.57547454833986,243.16816787719728,0.012828251304757973,0.07927774361513203
2015-03-13,241.86701278913768,242.77971849777597,236.0713259685712,237.9081573486328,5426780,-0.01133108728888954,242.67815551757812,242.9884796142578,0.013043000343912266,-0.6672872008262652
2015-03-16,238.44432208811443,241.38780302240272,237.87388112618115,239.9388885498047,5348772,0.00853577793970306,242.62225036621095,242.70953445434571,0.01259599688411125,-0.6896939127516836
2015-03-17,241.86699095684065,243.2132373262757,237.95376001357116,241.42205810546875,5369304,0.006181447136928808,242.06322021484374,242.62111740112306,0.01253254551641137,-0.6352854211767722
2015-03-18,241.9012423144842,244.5823153057961,240.3153994500358,242.6770477294922,5148332,0.005198322116346077,241.61143798828124,242.57548294067382,0.012586517324787945,-0.6641930140569824
2015-03-19,244.37691603529717,245.015821074854,239.28857134803877,240.08718872070312,5373572,-0.010672039375046016,241.3125244140625,242.31764221191406,0.012687710918702308,-0.5881971064451049
2015-03-20,239.81337244172872,241.75287164796532,238.6610705954223,240.9314422607422,6483236,0.0035164456068548233,240.64624786376953,242.04496841430665,0.012663668612765482,-0.2530460276515666
2015-03-23,240.94285845884883,241.73008375105377,238.6725144200836,239.0718231201172,5446740,-0.007718457678979385,240.3895477294922,241.75632247924804,0.012699633085856308,-0.5921092121964476
2015-03-24,238.05645943439407,241.18246510655325,236.2652523349981,236.835693359375,8973564,-0.009353380634984698,240.05640563964843,241.4191909790039,0.012803907564444722,0.553212469505724
2015-03-25,237.314889414575,238.83224027774057,235.27269380666624,235.991455078125,10608900,-0.003564658136089971,239.54985656738282,241.03813629150392,0.012808393137105006,1.0078126388459587
2015-03-26,234.31434412710445,235.523662300884,228.6555584251585,229.76222229003903,35800620,-0.02639600991495128,238.46259765625,240.51903610229493,0.013701679163168235,3.853032630780388
2015-03-27,231.58764569297708,233.54995721079604,230.02462895825124,231.51919555664065,10840896,0.007646919711560285,237.82370147705078,240.25092849731445,0.013588415208610604,0.2574004309942049
2015-03-30,232.7399133652803,237.0752646926728,231.09704060322792,236.5960998535156,6955144,0.021928653840855628,237.4894226074219,240.05583648681642,0.014082237510697381,-0.28242710412977995
2015-03-31,237.28065511678096,237.28065511678096,231.5648248858951,233.35601806640625,5962256,-0.013694569729236439,236.6828186035156,239.37301940917968,0.012731122607699891,-0.3704826900368395
2015-04-01,234.13183855403284,236.5847352739832,231.14273277299327,235.7633056640625,3844196,0.01031594392809354,235.99144439697267,238.80144119262695,0.01304596450927339,-0.6601671068856264
2015-04-06,236.1625782021294,236.58469897892743,232.69429407506047,235.4666290283203,7151172,-0.0012583664574372655,235.52938842773438,238.42095642089845,0.0125995424229012,-0.14188288150876274
2015-04-07,235.76325811839973,236.89272012256933,233.57277031583723,235.649169921875,6197072,0.0007752304193080484,235.00116119384765,237.8237045288086,0.011701550418769508,-0.25631594081481196
2015-04-08,237.31486442881263,237.8624654793497,235.03310053969776,236.2880706787109,4106144,0.0027112370353254978,234.72278594970703,237.5561668395996,0.010571232741296887,-0.5484842014745849
2015-04-09,236.9041532854264,241.63881370504848,235.02169793786584,240.9770965576172,7002784,0.019844530726572884,235.13692626953124,237.59666595458984,0.011474523060488124,-0.13925929107922472
2015-04-10,240.26977779902077,240.26977779902077,236.1283700753611,237.9081573486328,6119324,-0.012735397898076206,235.32859649658204,237.43922653198243,0.011796905522037408,-0.27413902964459314
2015-04-13,237.303509462564,238.741032247852,236.11700305667944,237.0297088623047,4563236,-0.0036923848938934523,236.0553451538086,237.25897140502929,0.01181492510164566,-0.47804647108476556
2015-04-15,237.30347614922573,239.28859985635503,233.92645400106,235.3982086181641,4893996,-0.006883104451216093,236.44324645996093,237.13347396850585,0.011644678596172258,-0.42516681796903033
2015-04-16,234.5653521034588,235.83174233454884,232.2835879779388,234.9418487548828,5610120,-0.0019386717764769967,236.27782135009767,236.88362197875978,0.01145248705319347,-0.3228597979588094
2015-04-17,233.90360937390653,234.53109443984903,231.8386158513428,232.34060668945312,4049012,-0.011071854925869706,236.17628021240233,236.42954940795897,0.011533430187366689,-0.5385910765537791
2015-04-20,232.7399217297428,233.88080369900624,228.76964690599328,229.340087890625,5188880,-0.012914310768064041,235.5339584350586,235.76270141601563,0.011661095031401041,-0.37333989206027396
2015-04-21,229.3172994900796,231.46216338438168,227.17243559577744,228.86094665527344,6510744,-0.002089217108785957,234.8733901977539,235.20138931274414,0.011511478664048195,-0.18999377557854755
2015-04-22,229.65958369003943,232.96814202437187,226.6932900109828,231.16554260253903,6765936,0.010069852375193422,234.4250274658203,234.71309432983398,0.011776823822776538,-0.15494787744341562
2015-04-23,232.75132749499463,233.69825117231943,229.5682640190732,231.25677490234372,9627828,0.0003946621922001903,233.9218978881836,234.3223419189453,0.011709049891021511,0.23195400535034952
2015-04-24,232.4889466351742,232.5117587051584,228.2562631444049,229.6481475830078,7205244,-0.006956022456056532,232.78900299072265,233.96296463012695,0.011637500719433739,-0.10874549105231979
2015-04-27,229.76224753812104,231.0286238762341,227.26371296862135,229.41998291015625,7370704,-0.0009935402277481131,231.940185546875,233.6343910217285,0.011627403147432897,-0.06120546553233496
2015-04-28,228.0737327933369,230.7890377021388,225.917462886557,229.2146148681641,7942108,-0.0008951619618617901,231.15867614746094,233.60701065063478,0.010023553956201902,0.8642728564984539
2015-04-29,229.08911175612727,230.34408198985116,225.4382892580217,226.6134033203125,7863564,-0.011348366897755202,230.2801956176758,233.36172103881836,0.010152788411072478,1.0773634873330904
2015-04-30,226.1228405371958,227.0355462507667,223.39612943254588,225.620849609375,15143684,-0.004379942652970703,229.348095703125,232.81295852661134,0.008609857695322621,3.4042870371254836
2015-05-04,226.81878077460345,230.34410945503737,226.35102187161672,228.3932037353516,3141448,0.012287668142268116,228.95335540771484,232.5648178100586,0.008764745831600801,-1.2917299100914181
2015-05-05,227.95966245104847,229.06632650642996,224.94773075210315,225.35845947265625,5138004,-0.013287366756376096,228.55519256591796,232.0445755004883,0.008744563174234193,-0.5636827155424845
2015-05-06,225.3242199953969,225.3242199953969,220.30433863853744,221.4680328369141,11007696,-0.017263281994586932,227.81590118408204,231.34464569091796,0.00936261102566982,1.5448896701187367
2015-05-07,220.87474216608013,221.33109493915055,215.4441469518985,217.06419372558597,11736664,-0.019884761944722995,226.40576629638673,230.4153968811035,0.010037449008467715,1.5878032142896683
2015-05-08,219.3916128356685,225.39264948617063,217.9997423395093,224.06922912597656,11571932,0.03227172238847653,225.68701171875,229.8044548034668,0.012864055463566892,1.368825072411392
2015-05-11,224.99333927700687,226.52212396167656,222.25522244241597,225.9630889892578,6731344,0.00845211933235368,225.318505859375,229.05375442504882,0.012045324746478769,-0.2233883883478296
2015-05-12,225.8946433809338,225.8946433809338,220.64658600945756,221.77606201171875,11107568,-0.01852969436852636,224.55411376953126,228.2471496582031,0.01235391737926724,1.1033900929455625
2015-05-13,222.66595982625137,226.67046724550465,221.69621001538172,225.9517059326172,7791848,0.01882819941440661,224.22782287597656,227.69324951171876,0.013317741067452413,-0.009233515872624031
2015-05-14,225.66645747834795,227.0012838350854,222.24381151052668,226.13421630859372,4455188,0.0008077406418474098,224.17990417480468,227.23004989624025,0.013289645501498519,-1.0911527076267185
2015-05-15,227.01270782172116,227.61736693068855,224.57121753602715,225.91744995117188,8153624,-0.0009585738989894566,224.20956420898438,226.7788299560547,0.013291387750492394,0.075642674080204
2015-05-18,227.2636822770245,230.9145044822779,226.35097672571115,230.4239196777344,5713304,0.019947417640985732,224.41263580322266,226.68299560546876,0.01395474097276714,-0.7834114057615225
2015-05-19,229.62534016720548,232.28360109425304,227.7428846573552,229.89915466308597,4786348,-0.0022773894975068876,224.86670532226563,226.7109489440918,0.013648909891384592,-1.0849211562483725
2015-05-20,230.3783316878168,234.29156292376905,230.3555056893837,233.66407775878903,4008840,0.016376411219173548,226.08630981445313,226.95110549926758,0.014102233558166784,-1.2563297412515024
2015-05-21,233.6526198241625,235.02167814344472,231.62184441318132,233.8123321533203,3934380,0.0006344766211103803,227.76112365722656,227.08344497680665,0.01394447317395572,-1.1893185029579685
2015-05-22,233.81234813151988,234.79351780214816,232.3634335486433,233.7210998535156,4689536,-0.00039019455887767673,228.72631072998047,227.20666122436523,0.013946367343813193,-0.8649427251703169
2015-05-25,234.65663653022804,235.24988965311124,232.19232004616924,233.5499725341797,4369060,-0.0007321860090644394,229.48499908447266,227.40175247192383,0.013837385972580971,-0.8997272650689004
2015-05-26,233.75528397979645,235.0672981795593,232.29496348743348,234.4284210205078,4906344,0.0037612870461782855,230.75023498535157,227.6521743774414,0.013843384272621356,-0.6899371084099092
2015-05-27,233.6070077884262,237.3034684476793,233.05939275577057,236.88134765625,3218592,0.010463435384942432,231.84319915771485,228.0355110168457,0.01398641404560807,-1.0886505718005792
2015-05-28,237.0866886128184,238.14768654097017,233.2419080943001,234.88478088378903,9561160,-0.008428552067165196,232.71825561523437,228.44907989501954,0.013857260741675566,0.7165766184026596
2015-05-29,235.01023791895227,240.49789068366115,234.3713608038454,239.710693359375,5058680,0.020545871288159878,234.0975799560547,229.15357208251953,0.014375357724917007,-0.5069435028486583
2015-06-01,239.34563535076023,240.95429019090423,235.24987991176351,236.43638610839844,3841320,-0.013659412540548255,234.6988265991211,229.55573120117188,0.014673264980437634,-0.9438830760332239
2015-06-02,236.9384024019675,237.37194317489528,229.29449225766183,230.1843719482422,4726008,-0.026442690412675773,234.72734832763672,229.79702682495116,0.015649193967344707,-0.630256626540217
2015-06-03,230.2299909177161,232.05540214402112,227.7200504815468,229.4427795410156,5824832,-0.0032217322181774533,234.3052185058594,230.19576416015624,0.015083138211208229,-0.17730098154375562
2015-06-04,230.19574688204423,232.24933440454487,227.03550943201975,231.58763122558597,5557588,0.009348089701759266,234.08274841308594,230.92193603515625,0.014256976772621563,-0.18312966587187096
2015-06-05,230.51521829501888,232.39767367827443,228.74685111680915,230.85748291015625,6753860,-0.0031527949552646595,233.79638671875,231.26134872436523,0.012574662084907798,0.4863036401259001
2015-06-08,229.1461308489236,230.97154189875323,227.16099354687768,228.96359252929688,3811996,-0.00820372100130895,233.3377487182617,231.4113739013672,0.012646124195229314,-0.8678927838744135
2015-06-09,229.31727194137312,229.54544833136453,227.51467288972827,228.5985107421875,6040260,-0.0015944971122981988,232.7547576904297,231.75249633789062,0.01182881333508939,0.4168540866647676
2015-06-10,227.72001759057767,232.5117213675337,227.4918412202464,231.7359161376953,7986248,0.013724522462205124,232.2402145385742,232.04170684814454,0.011487312138767905,1.5882797105981723
2015-06-11,232.19232256287455,232.4090929501642,226.9670908302467,228.22206115722656,9094176,-0.015163186781892102,231.57394256591797,232.14609909057617,0.0120658795947965,1.9100826531171864
2015-06-12,228.40459308364612,230.6521252171026,225.9288845335227,230.2642364501953,6528344,0.008948194064209547,230.629296875,232.36343841552736,0.012204161704636127,0.5781555507644269
2015-06-15,228.6327629999204,231.31383581953023,228.1764101795613,229.3629302978516,5999828,-0.003914225527326565,229.9219512939453,232.3103889465332,0.011396488656567168,0.2663031528840024
2015-06-16,228.1764064868676,230.56085272001187,227.5032833023748,230.0930938720703,6010524,0.0031834419505825107,229.91282348632814,232.32008590698243,0.011408724076245519,0.23821461204051958
2015-06-17,230.2299961029111,231.2567899408329,228.062320222854,229.24884033203125,9686268,-0.003669182441905283,229.8934295654297,232.09932403564454,0.01076637076166597,1.9814944710465536
2015-06-18,229.5226606482625,233.60701010697355,228.68981116559672,232.64866638183597,8431716,0.014830286796132075,229.9995330810547,232.0411407470703,0.01132611992280142,1.1967890413755309
2015-06-19,233.835208756738,236.15117716064796,231.17694786574904,235.13580322265625,3742324,0.01069052696282502,230.4273651123047,232.11187591552735,0.011583811831719502,-1.1624855669717409
2015-06-22,235.50087036521452,241.1596565509303,234.6794408488535,238.9349365234375,5449652,0.01615718767075114,231.42449951171875,232.38112411499023,0.012103529941581473,-0.33806875405793724
2015-06-23,240.0415952772096,242.14080721235155,237.873919274231,240.0644073486328,5655180,0.004727106222427668,232.5710891723633,232.66292343139648,0.012116164407519723,-0.2544417516260801
2015-06-24,240.49791206432351,241.3649934769483,237.9195077480152,238.6268768310547,6267396,-0.005988103498785091,233.26018524169922,232.7501998901367,0.012016381224765584,-0.01872956327768396
2015-06-25,239.18590369784212,244.3426846032289,237.90812146916736,243.0078582763672,16573568,0.018359128290541094,234.73876495361327,233.15635375976564,0.012461016859699482,3.4743473274527883
2015-06-26,243.46422586620423,244.365511530937,239.92749156355552,242.5172882080078,5647504,-0.0020187415824284294,235.96407012939454,233.29668350219725,0.011668359177695868,-0.3638820629252441
2015-06-29,238.42154247045437,242.26630950646003,235.1357965118032,241.1026153564453,6487836,-0.005833286616453992,237.1380386352539,233.5299949645996,0.011288372268951984,-0.11797205422322961
2015-06-30,240.09862481945115,244.6051088680937,239.1288750874648,243.4984588623047,7290136,0.009937028274526805,238.47857513427735,234.19569931030273,0.009400242953445714,0.1280116629978303
2015-07-01,242.17504163996816,245.74600824035812,241.8784290014006,244.6849822998047,4971188,0.004872817031548404,240.02218933105468,234.9578094482422,0.009298438864434199,-0.7024270422999523
2015-07-02,244.83440658679072,245.45510230789807,242.6849270335663,243.2711334228516,4483444,-0.005778241327539901,241.08443603515624,235.54198455810547,0.009392058275047426,-0.8488376472672965
2015-07-03,242.31712557317863,247.39772166553277,242.31712557317863,246.9609222412109,4039288,0.015167392721214368,242.2669479370117,236.3471565246582,0.009699490961967398,-0.9361146755123078
2015-07-06,244.6159946046216,249.43220898144577,243.74239591942663,249.08737182617188,3267780,0.008610469889985373,243.28219146728514,237.35334548950195,0.00936162011226816,-1.1839349350317179
2015-07-07,247.93792545887985,250.92651426830537,247.93792545887985,249.8575134277344,4141472,0.0030918532558124046,244.26150207519532,238.4162956237793,0.009265462849742133,-0.8328003845917104
2015-07-08,248.07586989659384,248.4207070880161,245.0642973707572,245.719482421875,5400676,-0.016561563224938736,244.97076263427735,239.11547393798827,0.010113996606144022,-0.36107219355284353
2015-07-09,244.3055964537892,247.5700713973464,243.7078843850276,246.91488647460935,2797964,0.004864913603724652,245.36146545410156,240.05011520385742,0.00917028700232552,-1.126736753606132
2015-07-10,245.9379197872036,251.73117393477912,245.63904963407444,250.75413513183597,4900088,0.015548874804765633,246.18515014648438,241.07461013793946,0.009472163500351504,-0.38990023426616116
2015-07-13,249.4322337864425,254.236970906987,249.4322337864425,251.9955291748047,7076084,0.004950642358563906,247.27444152832032,242.20624008178712,0.00927217150506179,0.32120066175653456
2015-07-14,251.8460673592016,253.31737815763563,249.6620987239552,251.0069580078125,5674116,-0.003922971055198454,248.0252914428711,243.2519332885742,0.00946970986663456,-0.1421344679770611
2015-07-15,251.2713306666417,253.2139020070124,250.7655807504856,252.12191772460935,3849404,0.004441947448971195,248.76898498535155,244.3955871582031,0.009277601536121146,-0.6738204520197112
2015-07-16,252.6046976872213,257.2484930388051,252.4437568591878,256.25994873046875,7310424,0.01641281743057088,250.06786651611327,245.57615127563477,0.009373833301955199,0.5445994330387202
2015-07-17,257.34042612173533,257.8806652725942,254.16791373252997,255.30589294433597,3510988,-0.0037229999883292564,250.9023635864258,246.58465576171875,0.009457815614023934,-0.7760380588364155
2015-07-20,256.5473874211712,257.2485676645511,254.48986988798757,256.386474609375,4551268,0.004232497936405455,251.63227386474608,247.4572326660156,0.009028191899983143,-0.3965468814229917
2015-07-21,256.685303737552,259.3175495535076,251.29433252300024,252.43231201171875,11028136,-0.015422664567936839,251.88975372314454,248.07562789916992,0.009967635833256133,1.623104286290536
2015-07-22,252.05296387327888,256.8002274100538,250.27130533030152,256.1910095214844,7286400,0.014889922291688062,252.93690643310546,248.9538345336914,0.010117198844520175,0.40588887692275866
2015-07-23,255.8461734378293,256.7197440182974,252.90355196181903,254.69671630859372,5083172,-0.005832730881859205,253.7150894165039,249.53827743530275,0.009697988630685477,-0.18667153828757124
2015-07-24,253.6047630905963,256.32897120788954,252.995545124917,254.68524169921875,4761008,-4.505205069493812e-05,254.1082000732422,250.14667510986328,0.00966066667341758,-0.3311723102276925
2015-07-27,253.7771816188527,253.91511087863336,245.9838557176439,251.92654418945312,3328572,-0.010831791788798006,254.10130157470704,250.68787155151367,0.00994785280470955,-0.9784042054724964
2015-07-28,251.5012450125716,256.07609045673723,251.1449020417272,254.8346710205078,6345672,0.011543550682248549,254.48407287597655,251.25468215942382,0.010019459816179285,0.6049259705474188
2015-07-29,254.0530693635456,256.9956915376744,254.04159162728115,254.8002166748047,3943032,-0.00013520273974165775,254.75190277099608,251.76044387817382,0.010015025522203612,-0.6197142939359662
2015-07-30,254.48976728929065,256.7886811762761,253.13340248338648,255.30589294433597,9462188,0.001984599056195746,254.6564971923828,252.36218185424804,0.009843604346508645,1.8955485931376463
2015-07-31,256.4668978996563,257.70831735139984,253.5702712208689,255.558837890625,5649500,0.000990752478808643,254.68179168701172,252.79207763671874,0.009380152150144972,0.08517418519635711
2015-08-03,255.81173148164763,256.90371595663106,251.3748149160192,251.8231201171875,4345728,-0.014617838319629262,254.22545623779297,252.92886505126953,0.009909655836768718,-0.5654612047408357
2015-08-04,252.44378964764496,253.3403718939736,248.7310372055802,249.7655487060547,5390928,-0.008170700967311095,253.95877990722656,252.92426681518555,0.010078741903252749,-0.09429425495194142
2015-08-05,251.07595512647129,252.35183584839615,249.4781926959688,251.08743286132807,4122780,0.005292499954944185,253.44842224121095,253.1926643371582,0.009343109510248556,-0.6717051660182923
2015-08-06,251.0184803890996,253.19094337094467,249.53566369576623,251.94952392578125,3743712,0.003433429760418605,253.1737030029297,253.44439620971679,0.00931838206850319,-0.9003819802439877
2015-08-07,251.4897294853278,252.30585532224427,250.2598158942908,251.19088745117188,3227140,-0.0030110653228813122,252.824267578125,253.4662338256836,0.00870239017069799,-1.080652394760875
2015-08-10,251.7311522003155,254.2484524971496,250.12191195793903,251.65069580078125,3954376,0.0018305136554714885,252.79668273925782,253.44899215698243,0.008639026806710845,-0.660498031320871
2015-08-11,251.7426396079445,252.61621026652065,249.259800761632,251.6621551513672,2727688,4.553673316687323e-05,252.47943115234375,253.48175201416015,0.008590416731942134,-1.137181395856865
2015-08-12,250.2138484516537,251.7081428089249,245.455078814592,246.0872802734375,6005740,-0.02215221781986476,251.60813751220704,253.18002014160157,0.0098582979047937,0.33477035640843084
2015-08-13,247.5930766832176,248.9034466438385,245.20220013515976,247.7195281982422,3465052,0.006632800862324206,250.84950103759766,252.75299911499025,0.009158234319624653,-0.768639347263396
2015-08-14,248.99540125529475,253.71968134865065,248.2597599073136,253.2943878173828,3601660,0.02250472403079673,250.62305603027343,252.65242385864258,0.01060914222247837,-0.7075767315747902
2015-08-17,252.66222068118944,253.2944221970477,247.31724422893296,250.9265289306641,2500212,-0.009348248522686897,250.53339691162108,252.37942657470703,0.010734819992730522,-1.137969261493527
2015-08-18,250.94949907195615,251.98401058815296,247.9264209175969,249.74256896972656,1857316,-0.004718353081210824,250.53109893798828,252.24493942260742,0.010234161921505608,-1.49857499283118
2015-08-19,249.3977279222816,249.89200014047933,247.13330280682175,248.7080535888672,3004576,-0.0041423269774436555,250.29316101074218,251.87079162597655,0.00959405383083227,-0.7781482340322766
2015-08-20,245.52402406785507,249.37470515693423,245.52402406785507,247.0642852783203,3044852,-0.006609228317407623,249.80463714599608,251.4891700744629,0.009614326767556441,-0.6890273971321632
2015-08-21,244.6044755278537,246.66199255078263,241.61588701106604,243.98377990722656,7758972,-0.012468436575620467,249.08392639160155,250.95409698486327,0.009913666363886338,1.7971006086417693
2015-08-24,240.16758116383969,240.16758116383969,232.4777235602414,234.2708740234375,14686328,-0.03980963770412249,247.3459442138672,250.0713134765625,0.012919335200044072,3.2946098822211023
2015-08-25,235.56974200630356,237.31693936105896,231.2018187767132,234.1329345703125,12347920,-0.0005888032547793909,245.59302215576173,249.03622665405274,0.01244981527503107,2.1012573492728834
2015-08-26,233.8915314728208,236.55826627696507,231.96043797226216,232.9949493408203,5573000,-0.0048604235520331995,244.2837890625,247.94596328735352,0.01241434398832263,0.07407534030265278
2015-08-27,235.63872141526087,237.8111842558241,231.9834419777964,234.97203063964844,13873432,0.00848551140023246,243.00903930664063,246.92927017211915,0.012672434979935117,2.2072089135639064
2015-08-28,237.0296110552245,239.71933002549827,234.3513698206815,236.31692504882807,5553136,0.005723636151581557,241.31129302978516,245.9671745300293,0.012815183352708998,0.0036857262893038602
2015-08-31,234.74212986948984,237.4548599260042,233.46623525934305,236.20193481445312,3441460,-0.0004865933083344487,239.83883361816407,245.18611526489258,0.012576279418231527,-0.5409924094577685
2015-09-01,234.7881301550244,234.7881301550244,228.28220506275068,229.9144287109375,10469144,-0.026619198138468803,237.85601959228515,244.1935592651367,0.013600980204313962,1.194225924601317
2015-09-02,231.06389803191016,233.0984458471192,226.4430853545191,228.7764892578125,8681688,-0.004949404260989998,235.86286315917968,243.07801208496093,0.013422615920342489,0.6788249578174164
2015-09-03,230.4202218436224,233.3398463730056,229.6615827848597,232.2593536376953,6507368,0.015223873708272162,234.3823699951172,242.09350357055663,0.01403681818314848,0.09951450552989785
2015-09-04,230.39720590032505,231.27079057333583,225.2936130833689,228.98336791992188,11404592,-0.01410486021968227,232.88232879638673,240.98312759399414,0.014215164164237008,1.2025302664506377
2015-09-07,230.1213357284468,232.14437763185532,225.29361539847932,226.31663513183597,5381740,-0.011645967182291161,232.08690490722657,239.71642456054687,0.014217671645925346,-0.30130371239272963
2015-09-08,226.8338986827033,232.1903667124509,224.6039487901629,230.822509765625,7444488,0.01990960421961141,231.7558624267578,238.67444229125977,0.015258691781731212,0.15661261081188096
2015-09-09,233.2248853136008,235.63874563473712,231.0409164516203,233.63868713378903,6553120,0.012200618436319477,231.8202362060547,238.05201263427733,0.015063897257888804,-0.07767609537879354
2015-09-10,230.58112595555335,233.788114511676,229.0408504235362,232.42025756835935,4463740,-0.005215016315906484,231.56505889892577,237.28704910278321,0.01491878693530978,-0.6299362563450427
2015-09-11,233.22487892177307,234.4892819124776,231.45471192849456,232.3053131103516,4301760,-0.0004945543869985247,231.1638977050781,236.23759536743165,0.01367802565403178,-0.685725458038816
2015-09-14,231.92600300353573,235.0180460694176,230.6960892563581,234.4203338623047,5060344,0.009104487209676604,230.9857376098633,235.41228561401368,0.013934271592610391,-0.5379870856395996
2015-09-15,234.01798104879384,234.4087992811992,231.7535420727312,232.9145050048828,4332728,-0.00642362730490087,231.2857452392578,234.57088241577148,0.01394859623006456,-0.796449983103679
2015-09-16,234.2364089240913,236.35139908322515,232.5466983123209,235.2594146728516,4254052,0.01006768413980752,231.9340377807617,233.8984504699707,0.01426646473910379,-0.8514821265326771
2015-09-18,237.93765332194047,244.14472253903455,237.05257684245765,241.32855224609372,7841168,0.025797639519259175,232.84095764160156,233.61166381835938,0.015576646874403787,0.10181576894039526
2015-09-21,238.6158520203377,242.53551300545368,238.2480312624879,242.0642242431641,4276688,0.003048425021504153,234.14904327392577,233.51568603515625,0.015363357819915473,-0.8803513609747239
2015-09-22,241.3975216908333,243.6849303305605,235.7077084590584,236.9376220703125,6025212,-0.02117868589991101,235.21114196777344,233.6490234375,0.01326153500631533,-0.2879424199348144
2015-09-23,234.30535824010815,242.17912602145063,234.17892075451576,241.20208740234372,5161152,0.01799826171449337,236.2490997314453,234.00248107910156,0.013810106929561954,-0.5011945360246196
2015-09-24,240.69634251449745,242.30558262681976,238.1675366237052,241.70787048339844,8252836,0.0020969266331889447,237.05601806640624,234.43812713623046,0.013726737008863349,0.578299926407669
2015-09-28,242.5354714341593,243.6849286447477,239.7997576603748,240.55841064453125,5777108,-0.004755574721536204,237.86983337402344,234.71744613647462,0.013713070299894891,-0.2227947780390018
2015-09-29,237.24798580554364,246.88044355500045,235.6617291250733,244.78843688964844,10418840,0.017584196012035536,239.11814575195314,235.14102172851562,0.014165048683006507,1.6693621014886586
2015-09-30,245.5240376741312,246.6734947793472,243.99525411161045,245.7079620361328,9027796,0.003756407607189871,240.24690856933594,235.6163230895996,0.014159859703090043,0.9789147830465734
2015-10-01,247.17928243061664,247.57011474383,243.5355084631748,245.4436187744141,5034788,-0.0010758432878127389,241.49981994628905,236.39278259277344,0.012489428886063126,-0.6855024091317977
2015-10-05,247.6390717031804,253.9840985063057,247.6390717031804,252.50128173828125,8053372,0.028754721752835,243.22400665283203,237.5790222167969,0.013540658009423385,0.7417024523653418
2015-10-06,254.4898148509313,254.69672275201185,248.9724204910196,249.6505889892578,4758964,-0.011289814964100642,244.05621032714845,238.448583984375,0.013786035359986888,-0.7565180107853058
2015-10-07,250.12188020713631,252.50125093659645,249.05287942638776,250.0644073486328,4386268,0.0016575901585107466,244.85622863769532,239.50263595581055,0.013150071961427036,-0.8951442254157429
2015-10-08,250.1448336185801,250.7425456624633,247.2252239833147,248.9953765869141,3881908,-0.004275021675628987,246.06200408935547,240.63657302856444,0.012771743553720367,-1.093388110529961
2015-10-09,251.7311432615312,251.7311432615312,248.32873850186877,249.6966094970703,3443228,0.0028162487182223916,246.9114562988281,241.5802780151367,0.012274117796591254,-1.1898781768426057
2015-10-12,250.0528962140663,251.84606058626508,247.77699351624597,248.40919494628903,2217340,-0.005155915225979024,247.5815887451172,242.3188034057617,0.012278023632008979,-1.5901035324898305
2015-10-13,247.2597377277233,248.77701554679493,246.7194704191476,247.44363403320312,1823652,-0.003886977345160969,248.27011108398438,243.0699722290039,0.012233966712587507,-1.6005858789640857
2015-10-14,245.7080134110129,249.77708118910832,245.30570334006865,249.3747711181641,2749148,0.007804351453639891,248.72874450683594,243.92344512939454,0.01224253580788448,-1.1205272485301985
2015-10-15,249.593131309244,252.07597014735472,248.512652739891,249.23681640625,3925952,-0.0005532023600283154,249.08162994384764,244.6642692565918,0.01220532750253116,-0.5815063376386014
2015-10-16,250.58168476554133,253.22543648554475,249.43222749597464,252.89210510253903,4843688,0.014665925961479864,249.82647857666015,245.66314926147462,0.012246592778766389,-0.1996442842902316
2015-10-19,252.88056680297,253.3633331815557,251.5701969092491,252.37481689453125,2654220,-0.002045489746696716,249.81383209228517,246.5189193725586,0.012240341108767974,-1.0773026400009085
2015-10-20,252.4207876963296,253.547261305008,250.85751476229603,251.7081298828125,3851356,-0.002641654266151927,250.01958618164062,247.03789825439452,0.01112561234065911,-0.5062064053188946
2015-10-21,252.6277070996679,253.80014782213183,249.4322104954828,251.7311248779297,7273204,9.135579024754925e-05,250.1862579345703,247.5212432861328,0.011132918122740941,0.8840805432748085
2015-10-23,252.75414218348956,256.03009532922005,251.96102791021792,254.8346710205078,4467048,0.012328813705826391,250.7701873779297,248.41609573364258,0.009912666834547699,-0.2675351250196869
2015-10-26,256.08755525896225,256.14502811826566,252.19090662335893,253.2254180908203,4887984,-0.006314890054964328,251.1230682373047,249.01726226806642,0.00955030010101189,-0.08385378045086797
2015-10-27,251.85757043445992,256.0990561445407,251.85757043445992,255.3863983154297,8984032,0.008533820344347687,251.82078857421874,249.70118865966796,0.009644772472467679,1.5934321298559182
2015-10-28,254.0414885119328,258.3979190718307,254.0414885119328,255.52427673339844,7694760,0.0005398816024588804,252.62885284423828,250.44948196411133,0.009498007885273147,0.9953586480091685
2015-10-29,255.17945886533184,256.21397018505616,252.8805448215,253.69667053222656,6702368,-0.007152377944420141,253.06104278564453,250.89489364624023,0.009110462989790312,0.7584940457746769
2015-10-30,253.34038035183028,255.6392948740792,250.6851228534642,252.78863525390625,8097460,-0.003579216378422956,253.41622467041014,251.2489273071289,0.00917616284806271,1.467202641179472
2015-11-02,251.74259573034536,251.93799781314544,247.47809891769808,248.9953765869141,3156552,-0.01500565349064098,253.02655181884765,251.4265151977539,0.009880479593396002,-0.8039996364572641
2015-11-03,250.80008250688775,251.04147977029763,248.09885779324216,249.4092559814453,2548592,0.0016621971066468344,252.72999572753906,251.27191390991212,0.007382459749268985,-0.9923452326756659
2015-11-04,250.59316939515568,252.44377860507936,247.8804392429609,248.67355346679688,2696444,-0.0029497803189115768,252.4265380859375,251.22306213378906,0.006970306437788568,-0.8542585531852891
2015-11-05,247.93789743363516,248.97240882765584,245.86887464559365,248.2482452392578,3596952,-0.0017103074356310533,252.0782501220703,251.13225402832032,0.0069644336454745956,-0.4106400433894012
2015-11-06,248.44372044070823,250.351831020766,247.190823053332,248.48971557617188,5881004,0.0009726970544396973,251.44375457763672,251.1069709777832,0.006907051587913166,0.6060872544950568
2015-11-09,243.22516374250503,245.9034048537664,241.61592352870773,244.78843688964844,11429432,-0.014895098084608094,250.60005645751954,250.8615623474121,0.007615390483311656,2.4605953771680023
2015-11-10,243.6964371742313,244.834388600304,241.949239744212,242.44351196289065,4402580,-0.009579394176265299,249.30576782226564,250.5632781982422,0.0078053917991186,-0.26726786990268336
2015-11-13,241.24809709865468,242.53548362664785,239.31700327520417,241.85731506347656,3940028,-0.0024178700212188486,247.93907165527344,250.28396224975586,0.007785520494951849,-0.5105790003078606
2015-11-16,241.0986558745744,244.83439190123644,240.2940358072933,243.9033203125,4734732,0.008459554959032056,246.9597366333008,250.01038970947266,0.00782628674698157,-0.23247920616193654
2015-11-17,244.4435793078448,244.5585250278122,241.66187043429773,243.8688507080078,2567404,-0.00014132486777151954,246.06775817871093,249.74199142456055,0.007828286262079152,-1.0867976398960935
2015-11-18,244.07575096926092,245.02980613737608,240.53544494847296,241.06417846679688,2446720,-0.011500739979986463,245.2746383666992,249.15059509277344,0.007225263718956107,-1.0538588022196476
2015-11-19,242.53552075851923,246.20227878083557,241.29410110603263,245.73101806640625,3277680,0.01935932426497855,244.9068145751953,248.8184051513672,0.00870848798330236,-0.7445986733319503
2015-11-20,244.81140214070751,248.34023016199208,243.68492846258889,246.1792449951172,4648160,0.0018240551487471723,244.65738372802736,248.5419609069824,0.008729422582892327,-0.21152427179887137
2015-11-23,246.9034008268788,247.2482379788716,243.4665351038511,245.0757751464844,3408280,-0.00448238375519705,244.34013671875,248.20919342041014,0.008757159277100371,-0.6401010825894818
2015-11-24,244.89185969354253,246.7884640985852,244.16769603539672,244.68495178222656,4002252,-0.0015947041849576626,243.95966033935548,247.7017074584961,0.008148781654657333,-0.3873287784182798
2015-11-26,243.4550660300661,245.29419778477856,241.6389178097028,244.593017578125,8791484,-0.00037572479807990167,243.94011840820312,247.27008743286132,0.00809122335224993,1.3976491559965305
2015-11-27,244.79991966048752,248.78853094557664,243.9033373389158,248.1448516845703,6925072,0.014521404337762167,244.5102523803711,246.90801010131835,0.00858554513204549,0.756040618611539
2015-11-30,248.09884957650496,248.51266542495307,245.9148807314198,247.76551818847656,5247776,-0.0015286776796640256,245.1010726928711,246.52007217407225,0.00857336814499416,0.1341722757401953
2015-12-01,247.6045997121121,249.40924199853205,246.78847383197984,248.97244262695312,1895332,0.004871236511444055,245.6079849243164,246.2838607788086,0.008578130676677771,-1.1348243781705396
2015-12-02,250.58165699965275,251.20235263127347,246.40912196088215,247.7769927978516,2562284,-0.004801534726044943,245.9987991333008,246.03327865600585,0.008602509460863408,-0.7809721827367925
2015-12-03,246.5585905685761,248.5126679763457,245.3631662031096,247.5356292724609,3807712,-0.0009741159688203549,246.64594421386718,245.9602912902832,0.007944193496129702,-0.26931838508676254
2015-12-04,246.81144557156944,246.81144557156944,242.76536182047883,243.4320526123047,5859828,-0.016577721244481647,246.41604766845703,245.66143112182618,0.008720467050133459,0.5390729868965916
2015-12-07,245.57003076233127,246.23672156660584,243.9378071125008,244.1332092285156,5814808,0.0028802970220507262,246.21144409179686,245.4344139099121,0.00875542769673202,0.4586783923835276
2015-12-08,243.91480150965813,244.1217094043894,240.6963215651386,241.2135772705078,4902660,-0.011959175759963636,245.82522430419922,245.08268051147462,0.00909946856711355,0.03308421363246508
2015-12-09,240.71933303334364,242.9952640137005,240.2020772679408,240.7997894287109,3890616,-0.0017154417528200128,245.43670806884765,244.69818420410155,0.009082461121223193,-0.3681282782536616
2015-12-10,240.23658986054448,244.42060345399872,239.61589410712705,243.8228912353516,6514340,0.012554420474423456,245.3596954345703,244.64990692138673,0.009030588674173957,1.1910377021286724
2015-12-11,243.68492932381315,243.8228585768841,239.5468833541635,240.54690551757807,3033920,-0.013435923514709569,244.5999008178711,244.5550765991211,0.009280054750081305,-0.7943106879890748
2015-12-14,239.3169807080205,243.65042858856464,239.11007280664012,242.5469665527344,5878016,0.00831464046836472,244.0780456542969,244.58955917358398,0.00946279998824772,0.775723355737767
2015-12-15,242.07572863403607,244.2481918966075,240.30557546178716,243.5585174560547,4557416,0.004170536196338448,243.53665313720703,244.57231903076172,0.009312816455529192,0.03168068504101214
2015-12-16,244.3745995086307,246.75397028825213,243.5354901442062,245.36314392089844,6842768,0.007409416364054566,243.2952682495117,244.64703369140625,0.009459937456137088,1.1988773696331925
2015-12-17,246.8804657122888,249.20236404514293,244.83442592996053,248.34027099609372,4878012,0.012133554484267117,243.375732421875,245.0108383178711,0.009377738193584912,0.024281529326311516
2015-12-18,249.43218945790315,249.43218945790315,245.63898104679217,246.67349243164065,3172128,-0.006711672487783038,243.6998764038086,245.0579620361328,0.008543806693858865,-0.9775901528259012
2015-12-21,246.3861865303064,248.2598076504461,245.76549077751295,247.2252960205078,3097500,0.0022369796747419013,244.00908508300782,245.11026458740236,0.008548369049312969,-0.9514030177719275
2015-12-22,247.0183773733288,247.4781603000358,244.6045170081171,245.1677398681641,2429536,-0.008322595565516289,244.40450134277344,245.11486282348633,0.008701933929001803,-1.268472333233391
2015-12-23,246.58156967693344,247.8114833518737,245.7884553802405,246.9264068603516,3013968,0.007173321388585618,245.0171630859375,245.22693557739257,0.008834319145113994,-0.8982955976227559
2015-12-24,247.4091771089782,247.455172238561,245.59305703205365,246.90342712402344,2146352,-9.306309770729104e-05,245.3252166748047,245.3424560546875,0.008833081960748834,-1.3360547027786225
2015-12-28,246.90339606465028,248.259761115578,245.4665746257266,247.65054321289065,7755428,0.003025944587200513,246.03558044433595,245.3177406311035,0.008226351880419955,1.9850187692381447
2015-12-29,248.0413538385212,248.24826174366484,246.28270680209909,247.81146240234372,4231612,0.000649783309034424,246.56203002929686,245.32003784179688,0.008220406308959172,-0.04871925613479971
2015-12-30,248.2827668951418,248.73104399908956,246.57008681163543,246.97239685058597,2112560,-0.00338590291031593,246.90341796875,245.22003555297852,0.008172280866394151,-1.317179403421936
2015-12-31,247.13332424983133,249.4092553601585,247.13332424983133,248.7770538330078,9290008,0.007307120169844916,247.24480895996095,245.27003860473633,0.008274692632817111,2.3631502624702345
2016-01-01,248.834536795313,250.63917925163472,247.39771508440015,250.2943420410156,3195076,0.006098987766879338,247.44021606445312,245.40797424316406,0.008370930396788752,-0.7260839865454121
2016-01-04,249.2023352774879,249.2023352774879,245.54705555889612,246.0988006591797,5187536,-0.016762429975937687,247.38274688720702,245.54131164550782,0.008390943260234134,0.30102465923615546
2016-01-05,246.02984626888903,247.0873695083078,243.9953123198757,244.23670959472656,3160872,-0.007566436973546753,247.0838882446289,245.54648666381837,0.008563491683451519,-0.6637336373346954
2016-01-06,242.9147844600894,247.53559657791297,242.9147844600894,245.317138671875,4165536,0.004423696498946583,247.098828125,245.7516647338867,0.00812605758589549,-0.13357533390186918
2016-01-07,243.7079072921164,244.8113974173338,241.31703072942503,242.8113250732422,6055428,-0.01021458839850764,246.68731994628905,245.85224151611328,0.008483061847936416,0.7633184506329203
2016-01-08,244.1332270115374,244.7194614652046,243.05274836457264,244.2251892089844,3488356,0.005822892055449724,246.41949615478515,245.87235641479492,0.008102545489551805,-0.46034129372628385
2016-01-11,241.8573107289133,243.91482797725703,240.30554344442083,243.3630828857422,3288912,-0.0035299648084395896,245.99075012207032,246.01316528320314,0.007511923722189968,-0.5718257777274438
2016-01-12,244.5815374341753,244.5815374341753,239.8917458932511,240.6848602294922,4258736,-0.011005049017674629,245.27808990478516,245.92005996704103,0.007708498741914315,-0.030233125606919934
2016-01-13,241.8458004946372,244.31713353201116,238.3974288145806,243.71942138671875,4515148,0.012608026754707957,244.95279235839843,245.92810516357423,0.008185453818432888,0.1053560576680221
2016-01-14,241.420514439672,243.08722747018803,238.9721648581228,241.32855224609372,6279184,-0.009809924572368622,244.20794219970702,245.72637557983398,0.008277351530357059,1.0651846131430749
2016-01-15,240.92626515219757,242.6389454111728,238.65033394323223,239.58140563964844,5417260,-0.007239701188211045,243.13664855957032,245.2884323120117,0.007804707126987006,0.5861135070336362
2016-01-18,238.08708438461764,239.42043794890995,234.7191690496269,235.83413696289065,6495388,-0.0156408994544176,242.1101821899414,244.74646453857423,0.008339648226161244,1.0478274794341822
2016-01-19,236.1444779215584,238.523876795832,235.9375980741608,238.1215667724609,6405212,0.009699315964296407,241.49866790771483,244.29127807617186,0.008707935088833113,0.9069653951764438
2016-01-20,235.63872515580508,254.7197146074459,231.7075871584727,234.09844970703125,9563588,-0.016895223393494585,240.37679901123047,243.73781356811523,0.00923873076834487,2.115797082779752
2016-01-21,234.71915694578885,237.5353270462648,232.97198763889384,235.17893981933597,6300804,0.00461553723938346,239.61356048583986,243.15044021606445,0.009118093135799633,0.5349871389224985
2016-01-22,235.7996697798117,240.0641677775681,234.96057433238465,236.8571929931641,4236284,0.007136069135771139,238.87676086425782,242.64812850952148,0.009354358127291285,-0.5133281677834107
2016-01-25,239.07561487247008,240.6273822422081,237.48938623374264,239.35150146484372,10143884,0.010530853803336404,238.47560272216796,242.23317642211913,0.009711684997151703,2.1333689626851857
2016-01-27,241.029660135899,241.0871329937752,237.47784874431943,238.08706665039065,4039468,-0.005282752799604995,238.2158233642578,241.7469566345215,0.00972807707139769,-0.5999858210979983
2016-01-28,238.8572196866992,240.6733677781333,236.78819660952857,237.1790008544922,9951972,-0.0038140072397627733,237.56178131103516,241.2572868347168,0.00973186264379373,1.8041146889138657
2016-01-29,237.9836166439084,242.523972759069,237.9836166439084,241.35153198242188,5360184,0.0175923294764595,237.56407928466797,240.8860107421875,0.010490412205939569,-0.09944843223914487
2016-02-01,243.22514663987857,245.29416962641815,242.2366022100304,243.62745666503903,4609484,0.009429916039575437,237.96868438720702,240.55266647338868,0.010642107328905047,-0.49249923555254066
2016-02-02,244.8344168067344,244.89188967452935,241.4320118081004,242.2596435546875,6528628,-0.0056143635412658766,238.61123504638672,240.36070861816407,0.010065675576139878,0.3862850747713287
2016-02-03,240.12160301355863,241.7078595220674,239.5468744280786,239.97216796875,4850244,-0.009442247798160941,238.79629516601562,240.14748153686523,0.010141110159839746,-0.46537526618892133
2016-02-04,240.92622889976388,242.51248544689784,240.3630060974467,241.20208740234372,5675992,0.0051252586664711774,239.50665893554688,239.94172897338868,0.010161437606229954,-0.0986163549821051
2016-02-05,242.0297032597858,244.5585089326399,240.3744681634396,242.59292602539065,7523904,0.005766279380190031,240.24805755615233,239.9308090209961,0.010009046927107414,0.7756272861745752
2016-02-08,242.5354835904193,243.22515795133992,236.8571759106748,238.133056640625,3481924,-0.018384169142256268,240.37564392089843,239.62620239257814,0.01070744603462315,-1.2116233081155383
2016-02-09,236.02954920959675,237.1445452336256,234.6387227234674,235.8801422119141,5535460,-0.009460737876937686,240.02850799560548,239.2520553588867,0.010856235664024527,-0.26977587944275017
2016-02-10,235.38587512298312,236.82269677005803,232.2133617010726,232.8685607910156,7682280,-0.012767422440304044,239.50665740966798,238.8612403869629,0.01094420704786978,0.7552747313491374
2016-02-11,232.1903869158346,232.88006133241632,222.58092618442217,224.2131500244141,8803600,-0.03716865315438256,238.21007232666017,237.88592681884765,0.013009854863027462,1.2034105554859578
2016-02-12,225.06374361326857,226.7764378290796,222.07515457652443,223.3165740966797,12542144,-0.003998766029721157,236.40657653808594,236.98532791137694,0.012939882239401606,2.423770551731147
2016-02-15,225.2936223024573,227.19022677592184,223.24758277304457,223.8223114013672,10912960,0.0022646653376858783,234.42606201171876,236.1973731994629,0.012981008599432438,1.530301976887886
2016-02-16,225.63846522087115,225.7534109494605,221.15558180588687,223.787841796875,7136096,-0.0001540043272557634,232.5788818359375,235.5950584411621,0.012665142729836064,0.028382973762045616
2016-02-17,224.5809529230742,225.27062724176747,220.46589054228693,224.1211700439453,7503924,0.001489483273058534,230.99378204345703,234.89503860473633,0.012377310772329788,0.15210378626484478
2016-02-18,226.67296667250423,227.87989676888415,224.60394365013852,227.46609497070312,6799856,0.014924627272389968,229.62018280029298,234.56342086791992,0.012534726916454882,-0.07350352869665099
2016-02-19,227.3051726154197,228.1902490908955,223.79932798089615,227.43161010742188,3328660,-0.000151604410695505,228.1040512084961,234.17605438232422,0.012460208920828608,-1.3510919876577885
2016-02-22,225.9832999170354,228.97188882743365,225.9832999170354,227.30517578125,4002396,-0.0005559223984394901,227.0212631225586,233.6984535217285,0.012294003976561937,-1.0814304913017252
2016-02-23,226.42012245553863,226.55805172985168,222.0751679056689,223.0062255859375,6078320,-0.018912680630948975,225.73387145996094,232.8811897277832,0.012478078707996824,-0.21656432719295007
2016-02-24,220.6957776602838,221.36246843454975,217.56925975601365,218.30490112304688,6463468,-0.021081583935776416,224.27750549316406,231.892081451416,0.013085143857634223,-0.11392061027897853
2016-02-25,219.3164616600293,220.06360893507656,215.68417925224568,216.7071990966797,8463196,-0.007318672270516968,223.52691040039062,230.86849136352538,0.013102514043171972,0.7714129857754694
2016-02-26,218.39686859162612,223.2245888447042,217.24741138851232,220.92567443847656,6209388,0.019466244588925097,223.2878204345703,229.84719848632812,0.013273795887172467,-0.21479175988248517
2016-02-29,220.94866510247263,225.891331235418,213.33926378480152,223.4199981689453,8812752,0.011290329821595169,223.24758911132812,228.83682556152343,0.013381360745472139,0.8224821404217496
2016-03-01,224.13270670768023,226.8454234316573,223.42003468339277,226.24771118164065,4322560,0.012656490179348667,223.4935760498047,228.0362289428711,0.013895956891792967,-1.0452187234246944
2016-03-02,229.43168755963305,232.397293141676,228.74201314813115,231.54669189453125,6358976,0.02342114616415447,224.2361282348633,227.61495513916014,0.015030678439115864,-0.2239807902554519
2016-03-03,232.3627613536148,234.48925706721457,232.19034278224188,233.5352020263672,4610400,0.008587944468417152,224.8430389404297,227.23161087036132,0.015132757776982959,-0.9338186437965299
2016-03-04,233.44328184302577,235.6157589089045,228.30519938163508,234.61572265625,5704624,0.004626799816503935,225.5614501953125,226.8327507019043,0.01510606505227164,-0.4336398904944356
2016-03-08,235.4088496550941,235.4088496550941,232.0754235613452,233.14442443847656,1913688,-0.006271098122137109,226.14537506103517,226.58331909179688,0.014631451994587884,-1.8853851168736715
2016-03-09,232.8800430533681,236.76521424107773,231.4432214649342,235.5927734375,6528172,0.01050142633657325,227.4040298461914,226.56895065307617,0.014701437215980762,-0.07218099595680359
2016-03-10,235.59276771327276,235.81115336423989,232.2133465816334,234.77664184570312,2671392,-0.0034641622486497603,229.05120391845702,226.66435470581055,0.014419265376790311,-1.4303836469922653
2016-03-11,234.46630609252364,236.97212862366027,232.8800494030575,236.4893341064453,4730856,0.007294985767228868,231.0294174194336,227.2781639099121,0.011420449842160034,-0.5829444797634529
2016-03-14,236.3284155154205,238.6158242653281,235.69621401477127,236.2249755859375,3008656,-0.0011178454263346405,232.5593475341797,227.923583984375,0.011349048061314107,-1.230169294887721
2016-03-15,236.3054428706168,237.56984593017432,234.8686212120287,236.0295562744141,7690036,-0.0008272593151451568,233.82030334472657,228.5339462280274,0.0113788171178672,1.0572391025020809
2016-03-16,236.0985178072572,237.76523081027824,234.24789445157415,236.89163208007807,4803548,0.0036524061616320935,234.88469543457032,229.1891357421875,0.011360030057979748,-0.3600484235801513
2016-03-17,237.92614664779708,238.8572182521004,232.4547469365605,234.1214599609375,5113484,-0.011693836944836278,235.14217224121094,229.68915023803712,0.011819996746967317,-0.14232127659945953
2016-03-18,235.16746839359888,237.2479832700528,233.4202849041289,236.42037963867188,4135068,0.009819346240699023,235.4306900024414,230.13686447143556,0.011584685738638427,-0.5960802858123079
2016-03-21,237.47785470410267,240.77679121640148,237.30543612614716,240.37448120117188,5318796,0.016724876123383137,236.0065658569336,230.78400802612305,0.012026235784555,-0.015569669366917007
2016-03-22,240.5814063329109,242.90330440304265,239.2480246760835,242.27110290527344,4120264,0.007890278929044259,236.9192337036133,231.5323043823242,0.012048986872233781,-0.6823876875390849
2016-03-23,242.08720272744708,242.08720272744708,239.21355960150007,241.2365875244141,8464300,-0.004270073353584536,237.48361511230468,232.44382247924804,0.011032658358887728,1.549327785435666
2016-03-28,240.23653548429576,242.07566685642436,239.46640483480044,240.81126403808597,11270868,-0.00176309692776222,238.08707733154296,233.56914062500005,0.009454476964712882,2.3948335140441843
2016-03-29,240.8113160610838,243.57001371524424,240.0641687797487,242.2596435546875,6733952,0.006014583754572422,238.6641082763672,234.84676284790044,0.009002352969036658,0.49369257292842084
2016-03-30,243.22517202406675,245.9608860932548,242.28262262219135,244.82290649414065,7814380,0.010580643568372627,239.5239013671875,236.04162445068363,0.008487980859740563,0.9188846158737762
2016-03-31,245.2597007270657,248.0299040705202,244.84591293304223,246.2482452392578,20080392,0.00582191742401883,240.54577026367187,237.18303680419928,0.008368112343611072,3.5312937907746482
2016-04-01,245.70798173058455,247.45515105797176,242.94928445694592,244.7079315185547,5158648,-0.006255125672901873,241.32740020751953,238.1060478210449,0.008513836313001543,-0.29610613213676296
2016-04-04,244.8803678556312,246.62756537263604,244.6045093334314,245.76547241210935,6179960,0.004321645346728298,242.4918014526367,238.81698684692384,0.007183749424112797,-0.03149162353748861
2016-04-05,245.7539512249744,247.57009922734076,242.68490609026804,243.09869384765625,6663028,-0.010850908137255866,243.15963287353514,239.29516143798827,0.00768658048401652,0.06655887203540628
2016-04-06,243.9148241744758,245.2826670528308,242.9377855291021,244.0297698974609,4295376,0.003830033123864318,243.52516174316406,239.76586380004883,0.007674505558436979,-0.5229491164188934
2016-04-07,244.6045291960268,244.77694780213295,240.70787992319583,242.65045166015625,3911692,-0.005652253976571098,243.56309661865234,240.2411651611328,0.007640588449999898,-0.6630677953327057
2016-04-08,242.53543939724796,244.45502707278504,242.36302083843472,243.53546142578125,2962796,0.003647261975281646,243.79298400878906,240.63829956054687,0.007390127355265936,-0.8481882570987048
2016-04-11,243.7539335769005,246.9264189823361,239.74231064178005,246.20225524902344,4049620,0.010950330632054195,244.33208312988282,241.2095802307129,0.007562387325781188,-0.5944879105476845
2016-04-12,245.8919118857984,246.213765557936,243.51254077240307,244.3746337890625,4941480,-0.007423252309822992,244.5435821533203,241.60384521484374,0.007774729491377639,-0.3646648159064824
2016-04-13,246.44364735599143,249.4207305648337,245.86891870077693,248.68508911132807,4974604,0.01763871828852026,244.92980041503907,242.22685089111323,0.008516609217913161,-0.38834442803876745
2016-04-18,249.08741368222087,251.04149122379803,246.351699511428,250.07595825195312,4117068,0.005592893187103876,245.31257171630858,242.92917098999018,0.008501300516431581,-0.5656685417286369
2016-04-20,251.01853982757677,252.8806554047901,249.09895137413503,252.38638305664065,3821352,0.00923889213836282,246.08041687011718,243.70390853881835,0.008617311517928187,-0.6265697963805246
2016-04-21,251.73114583427727,254.06454973929812,250.35179708997987,250.8460693359375,8191728,-0.006102998513820235,246.5884765625,244.54013900756837,0.008188466108343874,0.47917216072879854
2016-04-22,250.4667555052352,253.07601806611024,249.4782109632484,251.0759735107422,7809320,0.0009165149584098309,247.3862045288086,245.27291870117188,0.008067238941211521,0.333179201656788
2016-04-25,252.88056348080556,252.88056348080556,249.31724644993963,251.32879638671875,5561960,0.00100695766481107,248.11610717773436,245.8206344604492,0.007402386851174487,-0.26203775630482007
2016-04-26,251.73112715773817,256.3289559642722,251.15639855692143,256.0645751953125,7053796,0.01884296139829056,249.45751953125,246.51030807495118,0.008202955887435255,0.09356050313610512
2016-04-27,255.1450328674717,258.6278941208841,254.9496307378316,258.4439697265625,5763636,0.009292165968038057,250.94837036132813,247.37067718505858,0.008147749551353075,-0.2154048269835385
2016-04-28,258.4439729584539,261.3176162623992,255.2599817902671,256.08758544921875,8089584,-0.009117582738869201,251.93690338134766,248.13449325561524,0.008552840250960472,0.4685769424128326
2016-04-29,256.0530965527872,261.1566752847688,254.30589916216587,260.31756591796875,5611940,0.016517709991016982,253.53119659423828,249.0373893737793,0.009048369003969442,-0.20628317604868102
2016-05-02,259.26010009213843,259.77735588926305,256.55887537382085,256.9382019042969,3862716,-0.01298169795708981,254.35650787353515,249.6431541442871,0.009613388619954375,-0.6341897185826108
2016-05-03,257.9151979017143,260.9267699867753,255.90364791282948,257.01861572265625,4695296,0.0003129694913539538,255.05077362060547,250.18167266845703,0.009590939340969891,-0.45059128158267175
2016-05-04,256.903665910109,260.81182011187354,256.15651878330107,259.1680908203125,5292328,0.008363110553734066,255.72894439697265,250.90468063354493,0.009470030371793671,-0.06537812102201843
2016-05-05,259.31754688166046,260.8693141169896,258.0991110124562,260.3060913085937,5214248,0.004390974539647985,256.6749465942383,251.6317115783691,0.009470584202546787,-0.08544150202174554
2016-05-06,260.2371028108606,260.29457566925527,256.8462041655778,257.39794921875,2733152,-0.011172009364913693,257.30714416503906,252.34667434692378,0.009495398914453999,-1.5152698757140903
2016-05-09,257.4784791455378,263.21426082633224,257.2485876463007,262.3981628417969,6953180,0.019426004124055485,258.41408081054686,253.2650939941406,0.010190368341829405,1.0267210865180085
2016-05-10,262.880874627,263.80044043242896,261.1796722743722,263.2027282714844,5453000,0.0030662006965824773,259.1278961181641,254.29270782470704,0.009953675094559217,0.059709904968592825
2016-05-11,260.8578071620204,263.2257002320708,259.7083499557668,261.8003845214844,6147372,-0.005327998532574263,259.4635375976562,255.2059539794922,0.010175968173111683,0.41988267099911614
2016-05-12,262.99580269757234,264.83493418496795,260.3520511844411,264.1682434082031,4221688,0.009044520278481238,260.2716033935547,256.1042533874512,0.010112948363709597,-0.8731258193298909
2016-05-13,263.9153963625851,263.9153963625851,259.7773500781543,262.2831726074219,5045316,-0.0071358721111240975,260.4681640625,256.99968032836915,0.010096688215963403,-0.32545754563866836
2016-05-16,263.22570065500986,268.0304373974539,260.3635634320077,267.3177795410156,4518768,0.01919531048653811,261.50612182617186,257.9313148498535,0.010215971219173219,-0.6577990589874952
2016-05-17,267.8350371171561,268.80056995339856,264.6740297732526,265.16827392578125,4295424,-0.008041012531695646,262.3210876464844,258.6859306335449,0.010530829898850205,-0.8167043741531265
2016-05-18,264.6050790837744,264.6050790837744,260.1221954676722,262.2257080078125,4162644,-0.011096975797309616,262.62684936523436,259.1778968811035,0.010871629202265493,-0.9284075012890148
2016-05-19,262.099271102362,262.6969833386138,260.2371557243399,261.9153747558594,3855796,-0.0011834585339126624,262.78777770996095,259.7313621520996,0.010734144680569125,-1.0578018931500506
2016-05-20,262.0647588824346,264.03034209270817,260.604953722456,262.2831726074219,2016632,0.001404262166378567,263.27630004882815,260.2917221069336,0.010731590845443416,-2.094470669477255
2016-05-23,262.5245258580047,264.3636574282708,260.51297570302614,261.3291015625,3463532,-0.003637561020164659,263.1693939208984,260.79173736572267,0.010809653554210562,-0.9907582679857833
2016-05-24,261.708443375944,262.9153735395575,261.0532583282811,262.06475830078125,3259468,0.00281505861338327,263.05559692382815,261.0917465209961,0.010064313095571783,-1.032264945814749
2016-05-25,263.5245895686499,270.3408488489972,263.5245895686499,269.7316589355469,5767348,0.029255748405384807,263.8487243652344,261.6561309814453,0.011756217733958851,0.7246533140230018
2016-05-26,270.3753135807792,273.31793520104526,268.1108885377601,272.01904296875,13705560,0.00848022083217792,264.63380432128906,262.45270385742185,0.011520375270303628,3.6733666663934947
2016-05-27,272.0190791426608,273.5708465495595,270.51327880413044,272.835205078125,5775184,0.003000385930586269,265.6890075683594,263.0785858154297,0.011078878347680069,0.3180132033378152
2016-05-30,272.88116008857975,274.72029174882294,270.8351205039748,271.2144470214844,3814532,-0.0059404286047928245,266.07867431640625,263.7923980712891,0.010668327559571695,-0.5084604945947743
2016-05-31,272.6283061354556,272.6283061354556,270.6742285956593,271.708740234375,5515640,0.0018225180049182832,266.73272094726565,264.526904296875,0.010655428778891042,0.19193809137337917
2016-06-01,271.950119155249,271.950119155249,269.2029271528558,270.156982421875,5675632,-0.005711107457056608,267.5258483886719,265.07634887695315,0.010735670167909711,0.2509593511160237
2016-06-02,270.0534585375071,271.4098236219559,269.20287144981035,270.1109313964844,7910616,-0.0001704602449205117,268.34540405273435,265.5665908813477,0.01073362260383647,1.0969881836693531
2016-06-03,271.2948624259447,272.4213360102161,268.754579041828,269.3752746582031,4524420,-0.002723535602494387,269.0546142578125,266.1654571533203,0.010351339563579556,-0.3256268690950922
2016-06-06,270.352334267736,271.8236451008247,268.9844914207161,269.2258605957031,5547308,-0.0005546688080024786,269.8442901611328,266.5068420410156,0.009547181253021243,0.13262916582407
2016-06-07,270.5707556794946,271.2719358915023,268.43278183607003,269.8236083984375,5628504,0.00222024660414033,270.62017517089845,266.83788604736327,0.009540947225037852,0.16318450721095254
2016-06-08,270.3063734762306,270.8121234323451,266.9039688497052,267.27178955078125,4742812,-0.009457359431232826,270.3741882324219,267.1114562988281,0.009734323521252686,-0.18219060558341302
2016-06-09,267.2487906416272,267.63959485223654,264.9498763135272,266.5361328125,4648184,-0.0027524668410299213,269.8258972167969,267.22985076904297,0.009582503498121382,-0.2320757424677639
2016-06-10,266.3062979071611,269.5937292563989,265.8005198098688,266.9844665527344,6322312,0.0016820749048300776,269.24082336425784,267.4649154663086,0.009414580621881828,0.45051391286580794
2016-06-13,265.46716370603724,267.8120453752624,264.61657652833776,265.0418701171875,3323236,-0.007276065385486308,268.6235656738281,267.3511199951172,0.008530908106339873,-0.78167877570825
2016-06-14,265.52463979533604,265.98442272138857,263.05330656780365,264.80047607421875,3828768,-0.0009107770136922433,267.9327392578125,267.3327301025391,0.008341364026878205,-0.5584645720058979
2016-06-15,265.52460576994736,269.1798851762473,265.11078996435896,268.8695373535156,3045824,0.015366517989780393,267.8039947509766,267.66492156982423,0.00858978354490665,-0.8471005231383438
2016-06-16,268.1798935136876,268.7086270331959,265.6050923275296,267.1683654785156,4727768,-0.006327127616406969,267.5097381591797,267.92757110595704,0.008743257761278031,-0.17869775961004983
2016-06-17,268.283348044371,270.81215423844816,267.9500166348667,268.9730224609375,3761652,0.006754755486075625,267.4695129394531,268.26206359863284,0.008836692954155005,-0.6353247939961026
2016-06-20,266.4441501915235,271.0994513488818,266.3981831336546,269.4442443847656,2742764,0.00175193006167218,267.49135131835936,268.6678207397461,0.008760144843155506,-1.039836441540084
2016-06-21,270.1224382263963,270.2258781477833,266.94992517354825,268.2028503417969,2670968,-0.004607239044215894,267.3292755126953,268.9747253417969,0.008861094372196315,-1.044942094046403
2016-06-22,268.0533768201658,270.1223994542837,268.0533768201658,269.3177795410156,3803840,0.004157037100082528,267.53387451171875,268.9540313720703,0.00599007780407607,-0.5297553855187191
2016-06-23,268.92709139780703,273.9961822005075,268.3983297158083,273.5938720703125,3926732,0.015877498086403374,268.2396484375,269.03277282714845,0.006728059098024011,-0.5045016026760919
2016-06-24,266.63958168307903,269.4097847666018,263.6854822848864,267.1108703613281,11173964,-0.023695712407324154,268.2522888183594,268.7465560913086,0.00856392490905819,3.1973673896405224
2016-06-27,267.1339169633489,268.74315742698354,265.0763993100153,266.6626281738281,4163788,-0.001678112863372605,268.41436462402345,268.51896514892576,0.008487854290848236,-0.3667631356370095
2016-06-28,266.9614803788924,269.6856887964386,264.3752012363627,268.2718505859375,4034980,0.006034675436635828,268.7615020751953,268.3471206665039,0.00860806096484851,-0.3940758746314135
2016-06-29,270.02174132462847,271.0647437589296,268.7933049180397,270.78662109375,5420668,0.009373963396904772,268.9532104492188,268.3786026000977,0.008795585408907902,0.31762370895811765
2016-06-30,271.4123872189384,273.4983919029439,269.3611549383162,272.6755676269531,16278892,0.006975774968398962,269.5039306640625,268.50683441162107,0.008925930974739602,3.4821814438096297
2016-07-01,273.4984135536398,274.65730513649424,271.5978426750592,272.2236328125,4304876,-0.0016574085400692384,269.82899169921876,268.6492523193359,0.008908767092752038,-0.28303005961806854
2016-07-04,273.0812619494869,273.38258514528843,271.5051860225268,271.8296813964844,7249852,-0.0014471609681551145,270.0675354003906,268.779443359375,0.008916896417439622,0.6101207769868753
2016-07-05,271.82961795576404,272.1772854267375,269.3264008474545,270.1607971191406,2136328,-0.00613944830737434,270.263330078125,268.79630279541016,0.009028202823250824,-0.9063549750093942
2016-07-07,270.69388796862205,275.5264599674452,269.0714398342185,274.8079528808594,4832616,0.01720144377449917,270.8123474121094,269.17311096191406,0.00949840588054661,-0.08741598425680394
2016-07-08,274.68047627102595,274.7963654288733,271.470352257306,272.30474853515625,3118868,-0.009108922501920302,270.6834350585938,269.4615417480469,0.009748910045261787,-0.580454049765356
2016-07-11,274.8890977856715,278.57437886994785,273.74180637612693,278.0760498046875,5102532,0.021194273330074287,271.7799530029297,270.01612091064453,0.010734962558256598,0.036367149637429895
2016-07-12,280.4286369850924,280.4286369850924,277.1026232540962,278.6323547363281,7046032,0.002000549605157831,272.9769256591797,270.6956451416016,0.010506875026583585,0.5674580810697339
2016-07-13,278.0876446748496,278.5859454372461,276.58108556764506,277.61248779296875,6687072,-0.003660260289313766,273.91098937988284,271.33624572753905,0.010572403103540528,0.41566421726593994
2016-07-14,278.36577998441413,278.6323307279792,276.32611932168146,278.2151184082031,3459668,0.002170761913577124,274.6538391113281,271.80352478027345,0.010124068045916385,-0.5681745338264451
2016-07-15,279.01477001469937,284.16023771640624,276.99828153129795,283.62713623046875,5774216,0.019452637416795593,275.7489959716797,272.62646331787107,0.010666993749169282,0.11831008758559737
2016-07-18,283.9284922234808,287.0575000969641,283.3838187337851,284.496337890625,4438484,0.0030645927315289256,276.9762664794922,273.40262908935546,0.010631349924904505,-0.2987611375053023
2016-07-19,284.8556218572542,285.261234012055,281.34417382989835,282.3871765136719,2586004,-0.0074136679318662635,278.0320159912109,274.0497756958008,0.010876488987961345,-0.859377705186982
2016-07-20,283.46487981888976,287.0574437086631,283.1751569245532,285.59722900390625,4690332,0.011367557584821775,279.5756591796875,274.91949462890625,0.01092092637607549,-0.25433680870500863
2016-07-21,285.249576730161,287.3819543220522,283.3490057593422,284.7628479003906,9112904,-0.002921530809054884,280.57114868164064,275.691748046875,0.01100279280141582,1.011412017965637
2016-07-22,285.863753269502,286.16507636902594,283.11718614402827,285.2727355957031,5620272,0.0017905695882451944,281.8679473876953,276.2756912231445,0.01056717902675556,-0.0738072882750218
2016-07-25,285.7826644926772,289.59540648511256,284.3919945924695,289.0159606933594,9872884,0.013121566243755156,282.9619384765625,277.3709457397461,0.008904730626652327,1.2858613383147384
2016-07-26,287.9613799054415,288.71465941791905,286.2809871468378,287.1269836425781,5665992,-0.006535891811128791,283.8114013671875,278.39416351318357,0.00913074435081068,-0.06535592139609377
2016-07-27,287.6369252816563,289.1550847541516,285.0873634943088,286.6982116699219,10734736,-0.0014933182775673792,284.7199737548828,279.3154815673828,0.009186306002492069,1.3744638219998717
2016-07-28,286.9415752072248,290.0126381082714,286.3737296107477,289.3636474609375,10646528,0.0092970087796862,285.83482666015624,280.2443328857422,0.009183673184613949,1.2171323881199478
2016-07-29,289.25937542548786,289.72293211687486,286.2462569314723,288.8421630859375,3395676,-0.0018021765331472928,286.3563293457031,281.0526626586914,0.00921163659765612,-0.9324884321658415
2016-08-01,289.4911052428229,291.7972880785781,284.5426440504448,287.9382019042969,5560864,-0.003129602589811875,286.7005157470703,281.83839111328126,0.009255949246606103,-0.12623242846645566
2016-08-02,289.0275819445909,291.2178758793956,287.49785060177066,288.1700134277344,5329396,0.000805073873158868,287.27879943847654,282.65540771484376,0.009214518899191572,-0.17995903462859245
2016-08-03,287.660091510975,289.7113241570145,285.3191359405442,287.5094299316406,4733876,-0.0022923394708429523,287.47001953125,283.52283935546876,0.009053244140973348,-0.4882789641769677
2016-08-04,288.9348241639242,288.9579963353579,285.9217062530518,287.6368713378906,4662880,0.0004432599177017771,287.757421875,284.16428527832034,0.008439526133687057,-0.5130956089837302
2016-08-05,289.12025755099626,291.03242852912024,287.8107044952069,289.5490417480469,5784912,0.006647862637575441,288.1850524902344,285.02649993896483,0.008042850043225481,-0.11103566346466447
2016-08-08,290.3951289710633,290.88185789534407,288.4597852166264,289.6302490234375,4728776,0.00028046121272029545,288.24648132324216,285.60420989990234,0.006836290996323339,-0.551285913268212
2016-08-09,290.3950669933081,290.3950669933081,286.8720195023222,289.07391357421875,4210856,-0.0019208471873866095,288.44117431640626,286.12628784179685,0.006894065560611065,-0.7048896575364073
2016-08-10,288.56398654729264,289.9430561295561,282.71158441049016,284.3688049316406,3619720,-0.016276489927445903,288.20823364257814,286.46410369873047,0.007926058520216162,-0.8730179426729853
2016-08-11,284.3456344369252,286.24620521090407,283.23308726131563,284.68170166015625,2856072,0.001100320158502699,287.7400390625,286.7874328613281,0.007923004815613565,-1.1602369482936148
2016-08-12,285.33071242931595,286.2462254769008,282.63048934005354,284.7860107421875,4641496,0.0003664059945649445,287.334423828125,286.8453765869141,0.006653989717689859,-0.4071939497638446
2016-08-16,285.78267297868854,287.0458535249187,281.3325404831827,284.4615478515625,3468568,-0.0011393217306545633,286.98675842285155,286.84363708496096,0.006625905887046462,-0.851764568931909
2016-08-17,285.87535501806485,286.82564036993364,284.16018997457667,286.2230224609375,5511036,0.0061923118350399875,286.79205932617185,287.0354293823242,0.006520715278324919,-0.09656338974555297
2016-08-18,286.9415521008764,290.8586112575111,286.14192823663564,290.3023376464844,6111656,0.014252225940712293,287.07135009765625,287.27068481445315,0.006795328881724953,0.1250808184540537
2016-08-19,289.7229135505097,289.7229135505097,287.7411975045229,289.0507507324219,4110636,-0.004311322203635282,287.2127380371094,287.4850799560547,0.006842751906673364,-0.6372025762540315
2016-08-22,288.575613749598,290.75430736162355,287.6369002196543,289.7924499511719,5501292,0.0025659826756050386,287.23707885742186,287.7110656738281,0.0068510317192053355,-0.024607508031053122
2016-08-23,289.9547015434636,290.6500365591553,288.8074100848738,290.0589904785156,5314524,0.0009197635321025466,287.2799530029297,287.7632171630859,0.006210153331270144,-0.007325026453890232
2016-08-24,290.1980169157678,293.0141004814181,289.0391254753362,292.4578552246094,5570936,0.008270265100682739,287.61834716796875,288.0297607421875,0.006247505884235137,0.12067455118161242
2016-08-25,292.96777025738595,293.61676081259765,290.7195320719194,291.70458984375,8729888,-0.0025756373692915613,288.3519256591797,288.2800796508789,0.006274311512351427,1.952836480313809
2016-08-26,292.0407236708139,292.4811081984925,290.62688138153493,291.3685607910156,2521136,-0.0011519498301839626,289.02061157226564,288.3803253173828,0.005964340744390245,-1.6727589030917294
2016-08-29,290.9976699566133,290.9976699566133,286.5243372293865,286.9647216796875,2944184,-0.015114324961390646,289.2384826660156,288.2864532470703,0.006889625349335571,-1.321270859296739
2016-08-30,288.58723205231354,294.47440808913416,288.3206812781151,294.0456237792969,9867608,0.024675165846738345,290.19689025878904,288.5918243408203,0.008823287409566857,2.6990236318642014
2016-08-31,294.12668836994715,300.15292469588775,293.31546424914745,299.27215576171875,11161364,0.017774561359718666,291.5018035888672,289.14693145751954,0.009578374706110256,2.5857308851025693
2016-09-01,298.53050217429137,298.9940588546862,295.61010074645463,297.5338439941406,5224676,-0.005808464750600373,292.22495422363284,289.64815216064454,0.009691653768704222,-0.04528529335677448
2016-09-02,297.95105439647386,298.7622785819174,296.9428242817877,297.8583374023437,3955188,0.0010906100759733306,293.105712890625,290.1592254638672,0.009688106817844521,-0.5866122458102138
2016-09-06,299.0056409983722,302.21576515723484,299.0056409983722,301.404541015625,5508884,0.01190567181771085,294.2669219970703,290.7520004272461,0.009895918514333182,0.1014718384771201
2016-09-07,301.54359423287383,302.47070751260594,297.3947566474222,298.2407531738281,4016444,-0.010496815446562446,295.08509826660156,291.1825256347656,0.010283460121065052,-0.5351567699338984
2016-09-08,298.9940418062884,300.2108780229419,297.5106548549555,298.85498046875,2905380,0.002059501554986687,295.7248107910156,291.6715789794922,0.010251915245019264,-0.9709259802917442
2016-09-09,298.99407499245336,300.03707757963633,296.28227958308,299.0867919921875,4013768,0.0007756655856090422,296.46303100585936,292.40747833251953,0.00934594204981356,-0.5082569748921227
2016-09-12,295.44784233061085,297.6961092323382,294.70616295075,296.6531066894531,3985728,-0.00813705375126672,296.9914855957031,293.00604858398435,0.009645710778235436,-0.5556855844422922
2016-09-14,295.5173685882192,295.9809252448282,293.2923022951467,294.2309875488281,3849508,-0.008164819737285112,297.7181121826172,293.4782974243164,0.009911645691751533,-0.593367278100264
2016-09-15,294.82204740995047,297.5802153045907,294.3237183221083,296.58355712890625,3501812,0.00799565538516811,297.97190551757814,294.0843978881836,0.009985138041358851,-0.7457596430232156
2016-09-16,297.55703844214656,302.3548386698554,297.55703844214656,300.8135070800781,6525816,0.014262253754456777,298.12604064941405,294.8139221191406,0.010315280554865512,0.5440404467755539
2016-09-19,300.6164537654738,301.8912344098147,298.5304490747342,299.0287780761719,5894832,-0.005933008199100365,298.27553405761716,295.250244140625,0.010094063707056577,0.2766703157905816
2016-09-20,299.60822092964696,300.15289426831805,297.61493323639905,298.6347351074219,3778248,-0.0013177426309437523,298.353173828125,295.729443359375,0.010024843687855143,-0.6289576683177546
2016-09-21,299.4576442450032,300.84831441951553,298.5073586177378,299.6894226074219,4256400,0.0035316973413042074,298.18166198730466,296.2242919921875,0.01003166033293001,-0.394635540582709
2016-09-22,302.47068734019075,305.2404267613699,301.439285202576,302.9110717773437,6555800,0.01074995954776159,298.64869384765626,296.8668960571289,0.010228854605041873,0.5602795539938092
2016-09-23,302.7140376298362,305.5880657025431,301.6594351255826,304.2553405761719,4876808,0.004437833159879556,299.18872985839846,297.456770324707,0.010145092636321504,-0.13901379640163913
2016-09-26,302.7257392490106,303.37473003629486,299.8516816518739,300.4195556640625,5576772,-0.012607124347745247,299.32200622558594,297.8925186157227,0.010621467321895547,0.24086834564748266
2016-09-27,301.0800719105599,302.737292745624,300.1181861145503,300.8598937988281,4056812,0.001465743912017592,299.74268493652346,298.3670852661133,0.010602838471199893,-0.4989112808236889
2016-09-28,301.2886207112272,301.3117928827989,298.76223155840603,300.2108459472656,4989652,-0.0021573093155330403,300.3406707763672,299.0293914794922,0.00989644927639524,-0.11346104350876209
2016-09-29,300.83665705182085,302.70248383225294,293.88330749977825,296.0968017578125,16450012,-0.013703849294558146,300.2919952392578,299.13195037841797,0.009011903112273992,3.5005206381569103
2016-09-30,296.0041008755469,296.9080420251406,293.7558623820412,295.01904296875,4138428,-0.0036398866271579733,299.712548828125,298.9192947387695,0.00805898216052773,-0.37617930769391833
2016-10-03,296.90801752190805,298.97085015631546,295.8418429458972,298.34503173828125,3900548,0.011273810449868416,299.64417419433596,298.95985412597656,0.008385938026476223,-0.43454914138979894
2016-10-04,298.66953361314404,300.15292050052284,297.2093471920654,298.8897399902344,2775512,0.0018257661231340094,299.6696746826172,299.0114242553711,0.008391796958800322,-0.798657628347245
2016-10-05,300.8482555220895,301.3234123893288,295.8418495326065,298.090087890625,3647020,-0.0026754083282868324,299.5097412109375,298.84570159912107,0.007943290253094619,-0.46158745846706206
2016-10-06,298.32189898585824,300.29201489719253,296.45610030460625,297.12823486328125,2895712,-0.0032267192584298776,298.93145751953125,298.7900756835937,0.00762270910980649,-0.6942120357256191
2016-10-07,297.60342075223946,298.47258962125886,295.8071384229327,296.8153686523437,3337464,-0.0010529669490397797,298.1874603271484,298.68809509277344,0.007606782558666395,-0.5534190896135456
2016-10-10,297.8351708589973,298.507333712583,296.38655621474146,297.6845092773437,4719312,0.002928219751376915,297.91395568847656,298.61798095703125,0.007638187949934812,-0.09161523521472174
2016-10-13,296.444467723169,296.444467723169,291.2178553525787,292.6780700683594,4519356,-0.016817936617319784,297.0957733154297,298.4192291259766,0.008328017607894367,-0.17000833276171654
2016-10-14,293.3733681452511,293.8948692934453,290.6499732602369,292.4578552246094,4067116,-0.0007524132016402119,296.3204742431641,298.3305725097656,0.008138354133449615,-0.3302107747964463
2016-10-17,293.3154889573556,293.5240951217841,285.7247483304465,286.8720397949219,5135360,-0.019099556841779997,295.397998046875,297.8449966430664,0.008908631537066097,0.010619657681227204
2016-10-18,288.14677014020145,292.0406568826026,287.17331260122586,291.5423278808594,2610968,0.016280039313961048,295.0503265380859,297.38143768310545,0.009107239376988128,-0.7912742972329893
2016-10-19,292.2956240014436,292.73600845349176,289.25933376877094,291.6582336425781,3044904,0.0003975606648998209,294.38164672851565,297.0129104614258,0.00905582243423835,-0.5889608946007739
2016-10-20,292.09862768369953,293.76742026984857,289.95467822440634,290.9976806640625,3200356,-0.0022648185524057896,293.5924407958984,296.6310577392578,0.00905890206778295,-0.5235516908440964
2016-10-21,291.1136213643325,295.04225326528245,289.7229511985793,294.520751953125,3956408,0.01210687068372085,293.2355072021484,296.372624206543,0.009490070085062023,-0.26067053045920857
2016-10-24,294.76406569745615,295.9461294196254,292.2840490981354,292.8634948730469,3255664,-0.005626962002127089,292.809033203125,295.8702453613281,0.009138649665368119,-0.44529178185105023
2016-10-25,293.89491497060567,293.89491497060567,288.3438354254887,289.7924499511719,5501796,-0.010486267410031003,292.1067413330078,295.1471008300781,0.009224682438984284,0.3114478092572976
2016-10-26,288.1815746443159,293.1995810377227,286.2578315233401,287.2428894042969,5366540,-0.008797884649184518,291.0625793457031,294.48826751708987,0.009040141609140184,0.2691947616285041
2016-10-27,287.1733349481335,291.3453446568231,283.7314325971149,290.2096252441406,11623860,0.010328317773144358,290.81573486328125,293.9557540893555,0.009437813347675553,2.0085226016889783
2016-10-28,290.76589296652804,292.4810581372965,287.4282796086208,291.82049560546875,5320536,0.00555071307498145,290.7519989013672,293.53623657226564,0.0095770073560801,0.10456398690258198
2016-11-01,291.1135548427843,292.93300890190164,289.0391503035217,291.99432373046875,3402416,0.0005956679795204867,291.26422729492185,293.33111267089845,0.009131365407144822,-0.47279334652258986
2016-11-02,289.9778271630653,291.0440016906354,287.7527611287343,288.8305358886719,6474432,-0.010835100495711236,290.9930480957031,293.02168731689454,0.009393033373111722,1.0180193453439934
2016-11-03,288.5639953601704,292.040670003064,285.4929327589477,290.87017822265625,6315812,0.007061726793217371,290.91424255371095,292.64794464111327,0.009146938935608669,0.8618317999642822
2016-11-04,290.37190073260626,290.37190073260626,287.81073889005035,288.2626953125,5734920,-0.00896442160584876,290.6407440185547,292.11659240722656,0.0092746610859382,0.5116571729934074
2016-11-07,290.186474536549,290.8470371306372,287.4051345250166,289.5954284667969,5671392,0.0046233285678956015,290.14821166992186,291.69185943603514,0.009380055041640608,0.43080674874995883
2016-11-08,289.9778967738597,291.5771730957548,287.42833484694927,290.7196044921875,5348164,0.0038818845702859317,289.93382263183594,291.37142791748045,0.00944177559522192,0.2136016834945241
2016-11-09,278.1339949113387,291.438076659915,277.05622002240665,290.0126342773437,13645468,-0.0024317940858467058,289.9558410644531,291.03129119873046,0.00944685247178058,3.012103124871143
2016-11-10,292.90981885942574,297.37155101613706,290.6731526650739,296.34014892578125,10700736,0.021818065492920757,290.8655670166016,290.96407318115234,0.010729686027420554,1.6761561872588415
2016-11-11,295.2855770171023,297.1398035603808,293.3386334880095,295.7027893066406,7139320,-0.0021507703949363854,291.4148834228516,291.1153091430664,0.01000909803314193,0.42720724620979106
2016-11-15,296.0968094191292,298.76226014971235,289.873567067679,290.8238525390625,12512524,-0.016499461432265106,291.3152191162109,291.0336090087891,0.010712552836446362,1.8992982982521542
2016-11-16,293.89489268632684,293.89489268632684,287.4167003359749,288.413330078125,8647744,-0.008288599576314781,290.9571197509766,291.11067352294924,0.009956113660399559,0.6587190272744131
2016-11-17,287.01115538369504,289.4680003485628,283.9632642817157,285.1337280273437,4815624,-0.011371187489471857,290.5874389648437,290.7902435302734,0.009533347281357017,-0.5526136059467359
2016-11-18,286.4779546401077,286.4779546401077,280.26628540666417,280.7762145996094,6879900,-0.0152823499972492,289.578042602539,290.246142578125,0.01003789442177487,0.033731573892578234
2016-11-21,282.6536726876957,282.6536726876957,275.4337720686337,277.8326721191406,5552520,-0.010483589162516016,288.5350402832031,289.58789215087893,0.010222239390113437,-0.44848408746381596
2016-11-22,279.7100977247997,279.7100977247997,275.66554892268715,277.6820373535156,10017784,-0.0005421780112325747,287.34370117187495,288.74595642089844,0.009662373750373397,0.9457113605574552
2016-11-23,278.82931958383887,278.82931958383887,273.7533687058318,274.599365234375,3532692,-0.011101445914616703,285.7316772460937,287.83274993896487,0.009820094947754803,-1.2404279542914978
2016-11-24,274.42556423611114,274.9586657542098,269.07149005198,270.1376647949219,15285996,-0.01624803624598692,283.7441802978516,286.85001068115236,0.0101258205650237,2.2069908109674947
2016-11-25,270.9488500726592,276.557873974998,268.3992886091868,275.6539611816406,5969960,0.020420315659819277,281.6755615234375,286.2705642700195,0.011348591758210064,-0.5147279046989949
2016-11-28,273.55635806178367,277.879029323359,273.0580290226353,274.5298156738281,4130180,-0.004078103949580969,279.5582641601562,285.48657379150393,0.01097626824168084,-0.954140080314986
2016-11-29,274.58774880767504,276.499919839186,272.68717800880665,273.20867919921875,3932644,-0.004812360622348688,277.7967468261719,284.5559829711914,0.010808797132935628,-0.9753952885019437
2016-11-30,274.6573020404853,278.59753337777494,273.753360957398,278.041259765625,6442840,0.01768823955582466,276.75953979492186,283.8583297729492,0.011761337507895582,-0.29942871229319656
2016-12-01,278.66710446197146,279.9650574838581,276.51155462163456,277.4966125488281,4476984,-0.001958871921584504,275.99582824707034,283.29163360595703,0.01159173412011612,-0.8458705351425689
2016-12-02,275.58443280625085,278.5859508454181,272.7335480461264,275.60760498046875,4062672,-0.00680731757771269,275.4789672851563,282.5285049438477,0.011438971630810304,-0.9154207633790119
2016-12-05,275.2599037398409,277.89058178923483,272.68717026551406,277.2879638671875,4551936,0.006096924962712302,275.42449645996095,281.97976837158205,0.011495597311118776,-0.7486948796918381
2016-12-06,276.97508460455634,278.79453870669755,275.8625373825681,276.8475952148437,2702964,-0.0015881275414995066,275.34105224609374,281.3423767089844,0.01139421446808856,-1.1921916187754507
2016-12-07,278.5628048091573,279.5015184457129,270.48533495522105,273.8692932128906,5628192,-0.010757911766009043,275.26804504394534,280.4998611450195,0.011453910249873486,-0.38842166266361833
2016-12-08,275.12086790211254,279.42036708763936,275.12086790211254,278.0180969238281,4309696,0.015148845868282246,276.05608825683595,279.90013427734374,0.012146912859496158,-0.6827048200161088
2016-12-09,277.92536538853034,278.66707295521627,275.3526318105666,277.7399597167969,4387952,-0.0010004284257346674,276.2646881103516,278.97012481689455,0.010783140669256846,-0.5840461428604604
2016-12-12,276.2797532807847,276.3145256869116,273.7533639721675,274.5298156738281,3425272,-0.011558092131366493,276.2646881103516,277.9114761352539,0.010939881455805269,-0.8142956579617797
2016-12-13,273.5563819812899,275.89733752408887,273.1623701260703,274.9470520019531,2526868,0.0015198215432481454,276.438525390625,277.1176361083984,0.010561512942058244,-1.0295685757573478
2016-12-14,275.12090726476725,275.352685619666,271.9687272967961,272.5018005371094,4314144,-0.008893535853682799,275.88457946777345,276.32205963134766,0.010579060593159743,-0.3600540008138504
2016-12-15,269.83636131545785,276.85925709485724,269.697299955058,272.7104187011719,4941488,0.0007655661858061436,275.4059600830078,275.7008941650391,0.010407039192863832,-0.14368146644670787
2016-12-16,272.7103712312298,274.65731481770194,271.53990766724087,274.0315246582031,3255828,0.0048443545476672956,275.24835205078125,275.36365966796876,0.010039349572572891,-0.6651590153137155
2016-12-19,272.7567479387891,273.38253810761813,271.2965331538508,272.7451477050781,3160436,-0.004694266306511596,274.7940704345703,275.1092834472656,0.00983803749020621,-0.6493527677241083
2016-12-20,272.57131445834466,274.657319415934,271.57465632797295,273.9388122558594,4189992,0.004376483177885859,274.50319213867186,274.9221221923828,0.009908099129239949,-0.21377738405819363
2016-12-21,274.4255263506356,274.6573046668101,272.33952150506485,273.4984130859375,2658876,-0.0016076552508029751,274.4661041259766,274.86707458496096,0.009602829056244258,-0.762200857602745
2016-12-22,272.6640803784627,273.3825876674747,270.8098534167503,271.8992004394531,2805716,-0.005847246528563499,273.8542144775391,274.9551513671875,0.008944640121611917,-1.1754061624136638
2016-12-23,271.41243236610086,275.6423870122848,271.0184205108812,274.9470520019531,4752516,0.011209490714110038,273.5749237060547,274.9198059082031,0.008049944540554826,0.7075698326927007
2016-12-26,273.1623629655102,274.91227238635435,271.20381909513094,272.33953857421875,4183864,-0.009483692982879655,273.35589599609375,274.81029205322267,0.008278134358300682,0.14578012274041968
2016-12-27,273.33620475961663,275.09771446614985,272.084596078335,274.70367431640625,4899296,0.008680839200082557,273.33155822753906,274.88504180908205,0.008445017814037115,0.7877807423269785
2016-12-28,275.7930346286332,276.9634981941544,273.73020187709017,275.0629272460937,6507840,0.0013077834891777051,273.5876708984375,274.73612518310546,0.007400268574596004,2.3210188250322163
2016-12-29,274.6572924201949,279.9765932219189,273.8344681171635,279.3392028808594,8100816,0.015546535760305513,274.25054931640625,274.82825469970703,0.008210997150483028,2.785468979756282
2016-12-30,278.1340000546493,280.91534005519577,278.12239982067894,279.5710144042969,4066540,0.0008298567513860267,274.80449829101565,275.02642517089845,0.008035704644061134,-0.14679668111111907
2017-01-02,280.3243099489049,280.4749715328303,276.2913893530886,277.4618530273437,3708656,-0.0075442777265279926,275.2761688232422,275.0351196289063,0.008135811869344957,-0.375238680399931
2017-01-03,278.31941914241906,278.5859415769371,274.83114409446534,275.79302978515625,3847500,-0.006014604256329936,275.4615905761719,274.9823913574219,0.008242591962825717,-0.3263613578521776
2017-01-04,275.78145400393254,276.2797830968605,274.3792120136638,274.7732238769531,6967120,-0.003697721835093315,275.5890716552734,275.027587890625,0.007909201426867506,1.8210839754707633
2017-01-05,275.58441540131827,276.8591961285741,274.2169176897935,274.9354248046875,6776384,0.0005903083475375936,275.8926940917969,274.87345428466796,0.007087712495285666,1.499414259054991
2017-01-06,275.8393765637236,277.7631479620645,275.39899209134103,276.6622009277344,5525260,0.006280660719780062,276.064208984375,274.81956634521487,0.007247656978008498,0.6403051725613716
2017-01-09,277.8674198255509,279.09585617939973,276.3145164740067,277.0214233398437,4573796,0.0012984152186483744,276.5323974609375,274.94414672851565,0.006736513138046602,-0.00937175560981579
2017-01-10,277.2532093747914,282.0278653033711,277.044631525675,281.4599914550781,5546116,0.0160224724200817,277.20802917480466,275.26979370117186,0.007582511632510357,0.5509495675258159
2017-01-11,282.19009269578333,286.96472022771485,281.7265360753385,286.0144348144531,9343404,0.016181494697806498,278.3031799316406,275.94542541503904,0.00789269763218074,2.438950207924074
2017-01-12,286.2462158203125,288.2626758209366,284.04432185246395,286.2462158203125,2916316,0.0008103821963032498,278.99388122558594,276.6222152709961,0.007892199914880372,-1.0698920059553751
2017-01-13,287.1733683185693,287.33560184212536,284.7628678814574,285.66680908203125,3850412,-0.0020241551023506554,279.60346069335935,277.2039794921875,0.007932071574190432,-0.5868251598478023
2017-01-16,285.8985538144024,289.5954066505998,285.73632030991945,289.17822265625,3765864,0.012291990047784696,280.77509765625,278.02563323974607,0.00807318439822137,-0.6592621857068792
2017-01-17,289.0275804244755,290.279189077747,286.5359633518507,287.0574645996094,3559612,-0.007333740546436651,281.9015411376953,278.6815658569336,0.008383745679362654,-0.7484852205368882
2017-01-18,287.6137396153096,291.1135867914929,287.6021393813365,288.0077514648437,4612888,0.0033104412266713457,283.22499389648436,279.4070327758789,0.008332757720594745,-0.23171439688572174
2017-01-19,288.5408035366624,288.5408035366624,286.246192769978,286.5475158691406,3512412,-0.005070126023609123,284.3862030029297,280.13944854736326,0.008292909362971508,-0.9065920062718384
2017-01-20,286.4780263066046,288.56403135252646,285.08735627599,286.55914306640625,13942068,4.057685591996041e-05,285.3758972167969,280.7200531005859,0.008059634251246254,3.2302554737479823
2017-01-23,286.47802190096223,289.7229185891608,286.4316775512895,288.48291015625,4793848,0.0067133334824285296,286.5220458984375,281.5272216796875,0.0076369673543718606,-0.28757263698210506
2017-01-24,289.72292818504263,294.70616254982536,289.5490944281316,293.7906494140625,10261864,0.018398799620184425,287.75511169433594,282.4815704345703,0.008303457238739872,1.5921041079884783
2017-01-25,294.96107749548554,300.2919787311802,294.38163170899696,299.1330871582031,15636984,0.0181845057179173,289.0669769287109,283.6850784301758,0.008915000988189115,2.6337543758261592
2017-01-27,301.08003814047584,301.3118164608303,298.5304766165765,299.4344177246094,6852236,0.0010073461590922594,290.38579711914065,284.6898391723633,0.008528998618813208,0.18365687601015607
2017-01-30,299.6777125479494,299.6777125479494,296.80368454181894,297.823486328125,5319628,-0.005379913934830172,291.60146484375,285.6024627685547,0.008742211688275374,-0.26979158567533884
2017-01-31,297.2325324414924,299.61983223555256,295.9809238160394,298.21759033203125,6101040,0.0013232804731593273,292.5054016113281,286.64024963378904,0.008386051199794775,-0.08225726730346737
2017-02-01,298.1132574279303,303.62959264208706,296.79213234976527,302.6329345703125,10910664,0.014805780683041725,294.0629486083984,287.98224487304685,0.008415842297660712,1.1779983932362492
2017-02-02,302.6329769968642,302.6329769968642,299.5966863034317,301.0105285644531,5971636,-0.005360969744297339,295.36322631835935,289.2941101074219,0.00851074799202898,-0.20222765195094947
2017-02-03,301.08007592930505,305.02030786987336,300.5006300556921,303.8730163574219,8005104,0.009509593590032228,297.0957763671875,290.7409896850586,0.008523007670247806,0.3527726595332975
2017-02-06,304.1626500537276,305.94733150353267,303.9656158799041,304.579833984375,4310220,0.0023260295877070014,298.89784545898436,292.1368713378906,0.008538824921616074,-0.6627150178530865
2017-02-07,305.0203184987766,305.48387521382034,301.9955996158136,302.9690856933594,3411920,-0.005288427240715654,300.3464630126953,293.4342544555664,0.008805979722759217,-0.8856225758591457
2017-02-08,303.0617834357381,305.64608932327155,300.8830613548369,302.62139892578125,4940960,-0.0011475981675900249,301.2295379638672,294.49232482910156,0.008455930581731759,-0.4551586179051224
2017-02-09,303.4905462138101,305.9242186407455,299.5850870730453,300.76715087890625,4465376,-0.006127286614419969,301.3929443359375,295.2299606323242,0.008185004127786966,-0.5229963591726853
2017-02-10,300.92937354717344,303.3398737132683,300.8482567945156,302.1462097167969,3296736,0.0045851378179455615,301.66412353515625,296.02496032714845,0.008186312292309698,-0.8556315076623526
2017-02-13,303.0617439441284,304.78848105562224,301.12637239940256,303.6759338378906,2795792,0.005062860535393066,302.24936828613284,296.92541656494143,0.008122453535286069,-0.9677017272863294
2017-02-14,304.5566536235499,304.5566536235499,302.2388708714681,303.8844909667969,2446060,0.0006867752945400873,302.81605834960936,297.6607299804688,0.007840299046059937,-1.0285581950394869
2017-02-15,304.0931479056105,306.8744876730399,303.03854525982644,306.457275390625,6126940,0.008466323554857658,303.1984924316406,298.6307205200195,0.007587935868719732,-0.070875636998741
2017-02-16,306.6427533404786,308.96053681243984,306.0053628856892,307.7784729003906,5043700,0.004311196423976371,303.8752868652344,299.6192565917969,0.007591291160036304,-0.3744586212487364
2017-02-17,334.91967475870933,337.00567965340025,315.32280634739544,319.1703491210937,402259960,0.03701323264538359,305.40502014160154,301.25039825439455,0.010433982624079928,4.245061504864641
2017-02-20,315.49659956167704,328.0705718950479,315.0214710393144,326.5987854003906,10566716,0.0232742054509536,307.60691528320314,303.25238037109375,0.011073056117314057,-0.17621202633872837
2017-02-21,325.8919473156982,329.5424561823635,323.8870590096406,328.0938415527344,6260028,0.004577653742682708,310.1193908691406,305.232926940918,0.0110823843859255,-0.2257038149762627
2017-02-22,327.9663753942758,328.84714446882094,323.29603583866714,324.2926940917969,5296776,-0.011585549557858843,312.28652038574216,306.7580291748047,0.01141283547871783,-0.23363432060389272
2017-02-23,325.3704427990267,329.43813566244177,321.48815563039943,323.1685485839844,34494980,-0.0034664533869958047,314.52666015625,307.9598022460938,0.011120733517560785,0.08522557808886183
2017-02-27,322.38046596648365,324.10720310650805,319.52958135722366,323.0062561035156,4681376,-0.0005021914452376652,316.6126647949219,309.1383941650391,0.011146703600228677,-0.24996160164355594
2017-02-28,322.844059035896,323.62051082488216,320.89711529958777,322.195068359375,2928008,-0.0025113685224742444,318.46457824707034,310.3569732666016,0.011039573048014973,-0.26829818400489847
2017-03-01,323.6668403063745,323.6784405402724,321.3374850464299,322.5543212890625,3481736,0.0011150168483857748,320.33156127929686,311.5738098144531,0.01104232628347231,-0.26047578818884465
2017-03-02,323.2265028852426,323.5625701687606,318.98494784724693,319.8772888183594,4601988,-0.008299477929809118,321.67356262207034,312.43602752685547,0.011059538522002674,-0.24409680445380152
2017-03-03,320.8971205568002,320.8971205568002,317.30455618798084,319.1587829589844,2492824,-0.00224619216334232,322.8115936279297,313.343440246582,0.010959574157460737,-0.26576287108497854
2017-03-06,319.1124105137014,322.14870092526644,318.2548137316583,320.0279235839844,3679124,0.0027232232713196858,322.89735107421876,314.1511856079102,0.010851545625546794,-0.24982446842612774
2017-03-07,320.37565496004225,321.5924914140413,318.9733844909876,321.2911682128906,3112876,0.00394729501963198,322.36658935546876,314.98675231933595,0.010855066077962182,-0.2554778360263572
2017-03-08,321.68513290481167,324.304210919769,320.0974570866725,322.6817626953125,3782144,0.004328144125955058,321.82538146972655,315.9723861694336,0.010692995437942781,-0.24816952156385602
2017-03-09,320.2365539893293,324.1883577704698,320.2365539893293,323.1453552246094,3509316,0.0014366864908155197,321.7106475830078,316.998583984375,0.01065310345565865,-0.2503824092122948
2017-03-10,323.3308144324585,326.34393313326274,322.9020301221493,324.51287841796875,5860704,0.004231913506566931,321.84508056640624,318.1858703613281,0.010417836802451999,-0.2247579646863433
2017-03-14,329.61197480482,330.08713172366186,326.0310107349053,326.9696960449219,7155020,0.0075707862163447714,322.2414245605469,319.4270446777344,0.010450154746657947,-0.2124782894766695
2017-03-15,327.0276050534264,329.12521013957434,326.9349163612278,328.337158203125,4271860,0.0041822290406241525,322.8556335449219,320.6601058959961,0.01044732531165821,-0.24582189227079884
2017-03-16,328.68485059663146,329.78579768584416,327.6534483250915,328.5110168457031,4980108,0.0005295125398829814,323.45130310058596,321.8914321899414,0.01044997951495192,-0.23936438732875046
2017-03-17,328.7891448708375,330.86354950313614,327.4679914800578,330.4811096191406,3390464,0.005997037153742779,324.5116851806641,323.0926239013672,0.010408375752582431,-0.2556299021321709
2017-03-20,330.66657853563174,333.72604134441275,330.50431671965936,332.8568725585937,8142344,0.007188801024636371,325.881494140625,324.34654388427737,0.010435212790407787,-0.2039498075843233
2017-03-21,332.37010903349994,334.9196705393357,332.37010903349994,333.98095703125,5557280,0.003377080557224854,327.27679748535155,325.08707427978516,0.006963279469994924,-0.12398325085905343
2017-03-22,330.90993416054704,333.0654841014703,330.4695779365619,331.6516418457031,5636544,-0.0069743952057989,328.31284484863284,325.33971710205077,0.005237556490279715,-0.07751372660182075
2017-03-23,332.4628660588939,332.60192740821844,329.7974150726956,331.6516418457031,4922472,0.0,329.2098327636719,325.5176071166992,0.0051623917530291275,-0.1721642895612498
2017-03-24,332.1383108471475,332.474378071877,329.5887494938198,330.1334228515625,3810364,-0.0045777520825509566,329.9086395263672,325.8096435546875,0.004489126040633688,-0.32322385637499373
2017-03-27,330.05231278157623,330.05231278157623,325.4283468236009,326.77264404296875,5864084,-0.010180062289860459,330.1346160888672,325.9898483276367,0.005049098591242966,0.8748427820055946
2017-03-28,328.73118315924853,330.21454168504346,327.5259189904773,329.1715393066406,8061400,0.007341175301554426,330.35480041503905,326.298112487793,0.005261817819642988,2.002909124784569
2017-03-29,329.3106458496648,332.55554230479794,329.1252118777851,331.1184997558594,8575772,0.005914728999110164,330.6329345703125,326.74428405761716,0.005306470416294969,1.9685296444116174
2017-03-30,330.97945318958864,343.02032604119444,330.2957184376256,339.8333740234375,34321092,0.026319502758087365,331.7651702880859,327.6082366943359,0.007695332556349677,4.102725534113849
2017-03-31,336.95931258314863,337.0056569270489,332.9611368046124,334.351806640625,9651392,-0.016130162020032923,332.15223999023436,328.3319625854492,0.008444037322802769,0.41505273119713726
2017-04-03,335.1514355441984,336.10172095451867,330.5158693540988,332.1846618652344,4149052,-0.00648163022405901,332.08501892089845,328.9832565307617,0.008614105858141508,-0.4119554885881924
2017-04-05,332.6598642642616,335.2673706032081,330.87518235401785,331.9877014160156,5744080,-0.0005929245742798406,331.885693359375,329.5812454223633,0.008632102562545142,-0.19134804682871995
2017-04-06,331.7906378307482,334.45608829184044,330.2956791068267,333.4130859375,6124416,0.0042934859195227215,332.0618377685547,330.1873413085938,0.008636830154339002,-0.15842055440508862
2017-04-07,331.6864085984218,334.91970516139776,331.118534682922,333.4942626953125,4648360,0.00024347202085439612,332.2460998535156,330.72796630859375,0.008624394994978656,-0.38862425949841767
2017-04-10,334.45617055354114,334.45617055354114,332.0572702071827,332.4049377441406,3393876,-0.003266397875537397,332.47325134277344,331.1909454345703,0.008695332618325755,-0.5771146627748864
2017-04-11,332.37011667869706,334.03890929451086,331.7906708685877,333.6448974609375,4356260,0.003730268645260937,333.1604766845703,331.6475463867188,0.008687603676875308,-0.4187594871976735
2017-04-12,333.52903080633035,336.06699230857646,332.71780661743384,334.6183776855469,3565092,0.002917713509235753,333.7051605224609,332.02998046875,0.008575922700754721,-0.5071927513443262
2017-04-13,334.4561429808344,335.82364083878315,333.07707318189495,333.8303527832031,4804236,-0.002354995884548461,333.9763458251953,332.3046401977539,0.008580516672395224,-0.32645160224112363
2017-04-17,333.830328130022,334.6415522561378,331.03738803566546,333.01910400390625,7137056,-0.002430122882875585,333.2949188232422,332.53004455566406,0.008612065378770252,0.006644460498977009
2017-04-18,333.7608265390449,337.23750181549326,333.2972698355184,335.45281982421875,3638860,0.007308036659314121,333.40502014160154,332.778630065918,0.008659231296606739,-0.5207618956417406
2017-04-19,335.3832450956209,337.64308382380494,333.2972401157587,335.8468017578125,4338144,0.0011744779304589947,333.7712341308594,332.9281265258789,0.008528482568520694,-0.3857899420078578
2017-04-20,336.7738761771334,339.79859436581097,336.7622759446174,338.8946533203125,5781372,0.00907512457033266,334.46192932128906,333.173811340332,0.008723250964603869,-0.17145283634210146
2017-04-21,339.78701417691,347.4356986706603,336.8434408557067,346.8794250488281,17258032,0.02356122072238387,335.8085632324219,333.9352005004883,0.009891157872982006,1.3822839669058855
2017-04-24,347.22711948784075,356.70685908847906,346.97216897690265,355.3277893066406,20206952,0.02435533400870704,337.9919158935547,335.11900787353517,0.011027912266190484,1.5769889782118103
2017-04-25,355.7913261663334,358.213398325253,354.528117329578,356.2548828125,9057780,0.0026091218693264917,340.3769104003906,336.42508087158205,0.010866376657644242,0.06988947556414939
2017-04-26,357.6223334871443,359.95171682899803,340.35484932503203,359.40704345703125,7795852,0.008848048957662336,342.953125,338.05680084228516,0.010394188516777834,-0.1116893536061485
2017-04-27,358.35249214076043,364.8075133650495,358.35249214076043,363.5675048828125,16180420,0.011575903982746105,345.84803771972656,339.77659912109374,0.010490893762418102,0.9328563906486979
2017-04-28,361.5510257370662,361.5510257370662,356.26646845028733,358.4451904296875,5437728,-0.014089032667471413,348.309521484375,341.14293365478517,0.011323022118541746,-0.4469732132126823
2017-05-02,358.5610234699711,359.4649644819065,354.7019091876787,357.07763671875,4007040,-0.003815237998585297,350.7153747558594,342.0051467895508,0.010145070609172309,-0.6843840920317562
2017-05-03,360.2414859062268,360.2414859062268,356.78798297236096,357.935302734375,2507964,0.0024019034726068256,352.963623046875,343.18432159423827,0.009148759336445565,-0.9017504434158535
2017-05-04,356.76480070677974,357.6107972847612,352.90568578597674,355.7333984375,5131028,-0.00615168238520758,354.95228271484376,344.36175842285155,0.009130180227901368,-0.3877331209371237
2017-05-05,357.4253176599832,357.61075162085683,353.76323742535385,355.1307067871094,2757896,-0.0016942228450795849,356.5758880615234,345.51890869140624,0.009159246509037417,-0.8215417718136135
2017-05-08,356.4750777892007,356.9386344573272,354.284783849605,355.7333984375,3747252,0.001697098107463546,357.46128540039064,346.6349243164062,0.009164532765644101,-0.5965118263612242
2017-05-09,355.7334046597621,358.2365937354766,355.235075574159,355.9535827636719,3345836,0.0006189588246112709,357.52386474609375,347.75789031982424,0.009158356948765295,-0.6577226343606921
2017-05-10,356.93861896144114,360.4152938214551,356.2548842229393,359.6736145019531,2342244,0.010450889999191526,357.86573791503906,349.12132415771487,0.009154078415540856,-0.8362723455592483
2017-05-11,359.4882635008903,361.574268898381,357.1704797259007,358.4220886230469,3875744,-0.0034796154859434436,357.7672424316406,350.3601837158203,0.009305534246029609,-0.5340137743330903
2017-05-12,358.30609916522405,360.8556606042384,356.057832556688,359.6388244628906,6147604,0.0033947010479127293,357.37437438964844,351.6112060546875,0.009304226621739624,-0.12208834827698672
2017-05-15,359.25644258007947,360.9252353831492,357.46016036717907,360.04449462890625,2804780,0.0011279932488419409,357.5343048095703,352.92191314697266,0.009218055897233953,-0.7445638003919305
2017-05-16,360.4153280597039,362.0377764818376,358.850824224075,361.49310302734375,3590376,0.004023414939118952,357.97585144042966,354.34561309814455,0.009099692970379948,-0.5546462981676809
2017-05-17,361.2960751602737,362.8258064924901,359.60408201974053,360.9136352539063,3472472,-0.0016029843130744847,358.2736846923828,355.61865386962893,0.009154896330818408,-0.5750145690175757
2017-05-18,359.0246397255891,361.9218689034909,358.8160335661295,360.9020385742188,3107280,-3.213145349678648e-05,358.79054870605466,356.87141571044924,0.009176394147955638,-0.6288542174554309
2017-05-19,361.4583100367012,363.8688103567061,358.1554687939805,361.8639221191406,2854136,0.002665220592052764,359.4638702392578,358.01987915039064,0.009088226056642989,-0.6418927367705693
2017-05-22,362.756234006812,366.2097365480994,362.2926773782701,365.2826232910156,2860052,0.00944747725016204,360.4187927246094,358.9400390625,0.007905001346760782,-0.5728679694865894
2017-05-23,366.2097389098719,367.0325632481408,362.73306417338574,363.683349609375,3080172,-0.004378181658990399,361.1917694091797,359.3578170776367,0.0061662092703785995,-0.5014644714022972
2017-05-24,363.6717733121744,365.155131880701,362.03772488830384,363.138671875,3467388,-0.0014976702534224007,361.53827514648435,359.7020065307617,0.0061844971116651925,-0.3108675544540744
2017-05-25,363.2197963702765,377.6595968946489,363.2197963702765,374.8203125,20090804,0.03216853926541052,363.1780975341797,360.47266998291013,0.00920682386704456,3.251730105809463
2017-05-26,372.3866164879083,378.2621908152676,371.1002355878726,376.87152099609375,5443156,0.005472511568042959,364.9013671875,361.1378707885742,0.008975910501061862,0.24594123475265384
2017-05-29,375.4345018987215,381.9706386456247,374.9361728947511,378.239013671875,5916340,0.0036285381080716217,366.7208190917969,362.12756195068357,0.008158525552711321,0.3628061570277779
2017-05-30,377.7986387667516,378.6098628377232,374.5885148874142,377.5784606933594,4434184,-0.0017463903897778632,368.32935485839846,363.15260314941406,0.008084049038187206,-0.029964473057818308
2017-05-31,376.6397510025179,380.8117605520843,376.210966790796,379.2356567382813,5318912,0.004389011073033133,370.16155700683595,364.2176208496094,0.008090774354048416,0.16571524121368053
2017-06-01,379.88471312913975,380.0817190666813,375.60841391731896,377.4742126464844,3359540,-0.00464472171985808,371.8187744140625,365.3046615600586,0.008008392697248533,-0.32590675042448636
2017-06-02,378.7257468305416,381.5302586361814,376.9178647511374,378.78369140625,3213544,0.0034690548808218313,373.51075134277346,366.4873107910156,0.007931946316868808,-0.3712206472594398
2017-06-05,378.6562094693803,379.8730455831895,376.6397495123681,379.08502197265625,2899900,0.0007955214895538631,374.8909912109375,367.65489196777344,0.00794384062903282,-0.44089970791727057
2017-06-06,378.9575338749876,380.99719430427547,377.7986423340855,379.873046875,5002632,0.0020787550461451865,376.5099609375,368.85086517333986,0.007925431772392333,0.08902391749225597
2017-06-07,380.2091934060296,381.2521959327689,377.87980977901,380.3019104003906,2554276,0.0011289653975681269,378.2262847900391,369.88227996826174,0.007754178507323705,-0.5584965589271648
2017-06-08,381.0204318070583,384.612996199844,380.4989305242346,381.2174377441406,4248768,0.002407369825689676,378.8659973144531,371.0220474243164,0.007612890612439515,-0.11719028035674384
2017-06-09,380.1396267213557,387.0698043257182,380.1396267213557,386.328125,5305272,0.013406226341853511,379.81165771484376,372.35651245117185,0.007953782790516926,0.17298734173852925
2017-06-12,385.67917368913857,388.4605138840122,384.7520602908474,386.7801208496094,3971412,0.001169979145601685,380.6657684326172,373.693293762207,0.007953097250960578,-0.1963081852044831
2017-06-13,385.1576062503904,392.1457279484263,384.9837725180674,388.6226806640625,5051620,0.004763843111703192,381.7701904296875,375.04977264404295,0.007956809054823691,0.07171575358231162
2017-06-14,388.228669286007,389.3759606033131,386.37444280583503,387.347900390625,3858360,-0.0032802518660496327,382.5814147949219,376.3714859008789,0.00802369582211229,-0.25193044823093447
2017-06-15,386.6062504606929,388.3677600919112,383.268636884396,385.76025390625,3526692,-0.004098761043428767,383.41001892089844,377.6143966674805,0.008169991990660905,-0.3469055461197615
2017-06-16,385.910907703655,388.159146118922,384.3116316166832,386.8959655761719,3755104,0.0029440867959349415,384.22124633789065,378.86599884033205,0.008168968709963769,-0.2994011971851478
2017-06-19,387.3015819710897,393.0960401094962,386.698963983346,392.3775329589844,3825532,0.014168065502180305,385.5504974365234,380.22074432373046,0.008417874284755563,-0.2951273173742956
2017-06-20,391.7053856561904,392.6324989950217,389.3528299002555,390.90576171875,3660264,-0.0037509059938664047,386.6537689208984,381.58186492919924,0.008387630916871626,-0.3489164492619708
2017-06-21,389.9902371022494,394.31290888920825,389.29490206820526,393.7218627929688,3410932,0.007204040845642412,387.9957641601562,383.1110244750977,0.008332138072138564,-0.41571825947555857
2017-06-22,392.85269607534224,397.7316415739565,391.98352727819633,393.55963134765625,6675460,-0.00041204581366582893,389.2299835205078,384.0479904174805,0.005116758210708588,2.215434452070963
2017-06-23,394.48669454338113,394.6605282806946,388.27502434607896,389.0746765136719,5217468,-0.011395871112661271,389.504638671875,384.65814819335935,0.005920282823177386,0.8917572351186523
2017-06-27,391.4736082839014,392.8642782955672,383.88286780355935,386.525146484375,6000432,-0.006552803827126752,389.47914123535156,385.07245483398435,0.006170149121949913,1.6068703090026955
2017-06-28,385.9109115054853,388.22869475777054,384.242118881141,386.2469787597656,4449036,-0.0007196626846647236,389.2415710449219,385.50588073730466,0.006149437958719004,0.1700961616533795
2017-06-29,388.9418295763282,392.4182799400579,385.2320607785395,388.0202331542969,9187708,0.004590985799358682,389.3088043212891,385.94510955810546,0.006155194195469497,3.088274873344079
2017-06-30,385.8620120665273,387.3085748693215,383.3421617531899,385.4537048339844,4330432,-0.006614418788032372,389.2781494140625,386.34408416748045,0.006267748946418171,-0.11710533135085899
2017-07-03,385.5820230452513,389.05847327027374,384.3337751690905,386.98193359375,3504332,0.003964753070472726,389.2867462158203,386.75399627685545,0.006278725795549711,-0.6791692290417406
2017-07-04,387.3668912550151,388.8717836111036,385.442014367285,385.7569885253906,3766080,-0.00316538050493409,388.62469177246095,387.0875946044922,0.006350556626811248,-0.5469753437424927
2017-07-05,385.69870637033,387.1919500783323,383.8088327079582,384.6837768554688,4014200,-0.002782092617490406,388.0024932861328,387.3281311035156,0.006395596856044041,-0.34302133689606784
2017-07-06,385.57037563782274,388.0085417929682,385.2903764383363,386.876953125,4571676,0.005701244506485237,387.31800231933596,387.6568832397461,0.006494616467075391,-0.032341882281277885
2017-07-07,387.5069284635,389.54846482975694,386.841976600456,388.9884948730469,5517396,0.005457915574941463,386.860888671875,388.0454360961914,0.0065678471983509545,0.5988428203602086
2017-07-10,389.1751488185937,407.8406235820754,387.5535970910179,391.1233520507813,1309252,0.005488227044944338,387.0657562255859,388.28519744873046,0.005996336423912633,-2.0091136312685243
2017-07-11,391.4033465057242,394.4948157258668,388.9651518056141,392.06829833984375,4410280,0.0024159802377121675,387.6200714111328,388.5496063232422,0.00600865776954463,-0.058348557993216074
2017-07-12,391.9749230367101,393.1415150695574,386.9702546082952,392.2665710449219,5738892,0.0005057096070191225,388.22203063964844,388.73180084228517,0.005931896972239357,0.7543996138424461
2017-07-13,393.841478193822,395.0780771659596,391.8932751561159,392.80322265625,4481004,0.0013680788803862587,388.70032958984376,389.0045669555664,0.005867383016560445,-0.05460602187177833
2017-07-14,392.8849122460995,393.3865525697522,390.1084172167866,391.9632873535156,2443252,-0.002138310620402928,389.3512878417969,389.31471862792966,0.0057986887915850846,-1.26156472810868
2017-07-17,392.5699046480023,393.75982285036014,391.2749760717224,392.5232238769531,2399340,0.001428543288372941,389.90541687011716,389.59608154296876,0.005779256135291849,-1.2031080073328362
2017-07-18,391.9049239879277,393.8064747358839,391.3566314177352,392.80322265625,2322188,0.0007133304789748163,390.61004028320315,389.617366027832,0.004840516740448533,-1.162596855728928
2017-07-19,393.14155167859474,395.7547066830075,392.406592933212,394.84478759765625,3987244,0.005197424113785543,391.6261413574219,389.81431732177737,0.004882578612809954,-0.22750332000964413
2017-07-20,395.2180959505108,400.1411091481528,393.8765149723173,399.18450927734375,3698476,0.010990955980681782,392.8568969726563,390.0874496459961,0.005217652477689688,-0.4017558541187413
2017-07-21,399.9311178888898,400.1994397814669,396.6413336997485,397.35296630859375,3873508,-0.004588211531719288,393.69334411621094,390.277116394043,0.005346559849892568,-0.23241375833105107
2017-07-24,398.9745235293327,405.97407657370695,395.4747470071456,404.830810546875,19678176,0.018819147891987242,395.0640899658203,391.06492309570314,0.006034829111348479,3.833459062173529
2017-07-25,410.4071316069727,410.4071316069727,404.3525295456934,405.8924255371094,11160468,0.002622367079225585,396.4465026855469,392.03328704833984,0.005688941648857315,1.4536477225043953
2017-07-26,406.4407279862363,409.4738677473276,404.224202776208,407.7356567382813,3895344,0.004541181567339736,397.9934112548828,393.10772094726565,0.005655572719734368,-0.32339966271017956
2017-07-27,409.7071485053387,419.6931883466032,408.6688929212744,417.5583190917969,17961712,0.02409076123509246,400.4689208984375,394.5846252441406,0.007404452255414041,2.5043317279861137
2017-07-28,413.4402782750123,416.8233956762469,410.8971015667988,414.9568481445313,9255396,-0.0062301978629568655,402.7682769775391,396.05978240966795,0.00737672692758314,0.6754890063651756
2017-07-31,414.7351790211227,417.8733004544801,412.16867633826433,416.3334045410156,7369140,0.003317348304141765,405.1492950439453,397.52735595703126,0.007377017166444848,0.25812271618007465
2017-08-01,415.7383924140916,422.1079962349176,413.48686411955055,419.31982421875,8516860,0.007173144516296359,407.8009552001953,399.2054977416992,0.007232334542922654,0.44248978618458157
2017-08-02,421.606395519526,421.606395519526,415.7851121869513,418.0249633789063,7397916,-0.003088002915808241,410.1189727783203,400.87255706787107,0.0072481943926857376,0.18277372324581584
2017-08-03,417.1733602855703,418.106634022227,414.0002352771881,415.2951354980469,4256784,-0.006530298714206406,411.73003540039065,402.29346618652346,0.00762038189630049,-0.4523233828041574
2017-08-04,414.6068341442034,419.2148729592557,412.0753349724378,417.69830322265625,3545068,0.005786650310091845,413.7645690917969,403.7289566040039,0.007625003869655676,-0.5722127046561979
2017-08-07,416.7066929037125,419.1448589696908,416.47337448663313,417.3016662597656,1918660,-0.0009495776253589661,415.01165466308595,405.0378723144531,0.007676550747806906,-0.911752474466983
2017-08-08,418.1299437385314,419.3315393235098,412.0636646886433,414.81683349609375,4035372,-0.005954523944136647,415.9040954589844,406.1752990722656,0.007949038161316455,-0.47793277412291485
2017-08-09,413.206958115239,414.61854607273096,410.25547414673633,411.6787109375,3270056,-0.007565080067135965,416.29840087890625,407.14590606689455,0.008272781018452805,-0.6020084014672396
2017-08-10,410.64044046134666,412.0403510538285,408.9722079757217,410.7454223632813,7788444,-0.0022670314238337763,415.6171112060547,408.0430160522461,0.0083374868741129,0.27098568912449406
2017-08-11,407.1406203479037,410.1737596398938,403.909166106149,408.0855712890625,6359836,-0.006475668210530472,414.9299835205078,408.84913024902346,0.00851271420522651,-0.056147460038774404
2017-08-14,409.0071955977437,414.1285235910785,407.8406034825191,409.9871215820313,3577084,0.004659685190442353,414.29535522460935,409.72232513427736,0.008530908416010126,-0.6431968432398866
2017-08-16,411.1887257233629,417.5933336581264,407.9689485070162,415.5984497070313,4426832,0.013686596065133338,413.9232177734375,410.8620864868164,0.008896262580305406,-0.49750980082700536
2017-08-17,414.4318593649273,415.5284445883388,409.18219471428085,411.9003601074219,5454868,-0.008898227609405951,413.3107574462891,411.71486511230466,0.00925269791069591,-0.29941920831769586
2017-08-18,410.6404429323823,410.8737613658665,406.674029563149,408.8088989257813,3707464,-0.007505361687069945,412.6621337890625,412.1960845947266,0.009247630148784856,-0.6687597581726534
2017-08-21,409.2405537308966,410.4071459593199,405.5541108965767,406.720703125,4009724,-0.005107999865630153,411.5643737792969,412.6644714355469,0.009265561804088315,-0.6069017784297986
2017-08-22,408.61054985988176,409.2404981852261,405.2274328566401,407.6072692871094,6609556,0.0021797910834082668,410.5949340820313,412.8032943725586,0.008297279610184432,0.10526582754658327
2017-08-23,408.3072398520376,414.8284783760305,408.3072398520376,413.5452270507813,3360524,0.014567840691499967,410.4677734375,413.18593444824216,0.008877294323175309,-0.7064041877489091
2017-08-24,414.1169092658986,414.12855809926987,410.4421437967331,411.2237548828125,7878276,-0.0056135871390041725,410.4222778320312,413.36033935546874,0.008952466758653398,0.5264777711165284
2017-08-28,411.2003782141829,413.2419143351156,410.2554272457076,411.1653747558594,1507784,-0.0001419668155351328,410.4642730712891,413.0406921386719,0.007017120386581016,-1.6343196717544701
2017-08-29,410.4071328168185,410.4071328168185,405.5074456143437,407.4089965820313,4918596,-0.009135930222865962,410.39661560058596,412.6632995605469,0.007165125092563145,-0.03735251826695801
2017-08-30,408.7622062731027,412.973615267627,408.31892404736607,412.6353149414063,2694320,0.012828185934089076,410.66143493652345,412.47839508056643,0.00775094064133296,-1.0139569325663318
2017-08-31,413.4402599988813,415.2718039871628,409.80049816918256,414.478515625,7303436,0.0044668999885659755,410.5494415283203,412.23632965087893,0.007634194053471167,1.3436636480007247
2017-09-01,415.5401077914852,415.64508968843177,410.897065517441,412.4136352539063,2295172,-0.004981875521292145,410.60076904296875,411.9557632446289,0.007678909161191232,-1.13282032944461
2017-09-04,411.8070573427882,411.8070573427882,407.397333015501,408.5172729492188,3642524,-0.009447704856529904,410.5716064453125,411.6168701171875,0.007822900129987393,-0.405226592117653
2017-09-05,409.9404925907662,411.7837139338395,408.5405819729264,409.5555114746094,3682436,0.002541480113913419,410.85508728027344,411.20973052978513,0.007712106278645135,-0.3885189194225061
2017-09-06,406.8490279789952,411.29375563414936,405.5074469548351,410.61712646484375,5751632,0.00259211501369383,411.15607299804685,410.87550354003906,0.007752808917673775,0.6218593637933013
2017-09-07,410.66371933428906,414.5484764774788,410.66371933428906,412.1686401367188,6946420,0.0037784923518233704,411.01841430664064,410.7430938720703,0.00771620151801304,1.1535416845321245
2017-09-08,413.7669176291094,417.6399979473423,413.2069476898007,417.0917053222656,8311664,0.011944298294779943,411.60520935058594,411.0137435913086,0.007977114593663643,1.6347944245758639
2017-09-11,418.3399040984655,426.7393667574419,417.68660116582254,425.4211120605469,11477676,0.019970204710365813,413.03078308105466,411.7475280761719,0.00902510920521484,2.6006720949821034
2017-09-12,426.4360250990215,429.28252664648807,424.2428549404199,428.1859130859375,6687680,0.006498974655957168,415.1084747314453,412.75254516601564,0.008864168720071829,0.6084786639469417
2017-09-13,428.1393232631482,431.4057813152921,425.5728205078923,429.737548828125,4995376,0.0036237430862795517,416.8186981201172,413.7400665283203,0.008853561064246068,-0.12012862623478437
2017-09-14,429.340943424067,432.2224205313583,427.3227331731081,429.16595458984375,8154016,-0.0013301007553097044,418.2874420166016,414.41844177246094,0.008473939504554143,1.0873710790831164
2017-09-15,428.3726720019901,432.0591148855772,427.77769856504057,431.3941345214844,3767332,0.005191884183287865,420.18549194335935,415.39313049316405,0.0081303175233994,-0.6476066045564928
2017-09-18,432.4673656887566,435.0105136635559,432.2223699570088,434.0772399902344,4084928,0.0062196150898672364,422.7414886474609,416.6565475463867,0.00782868161747762,-0.5305607122922957
2017-09-19,435.1154875113564,435.83876885120856,431.067418989422,431.5690307617188,4241468,-0.005778255567078339,424.9428405761719,417.89896392822266,0.007866704308704588,-0.47345669476926183
2017-09-20,431.1724125909932,434.3105337468419,430.53078697701847,431.3707275390625,3446128,-0.00045949363490305206,427.01820068359376,419.08713684082034,0.007903216948865378,-0.7243736982705749
2017-09-21,431.1724564608025,431.2891156752129,427.1360362497016,429.0959167480469,7712496,-0.005273447282789112,428.71092834472654,419.8646713256836,0.007596463927208646,0.8893267154950536
2017-09-22,428.0926545898935,429.06090326187245,424.63953053153153,425.59613037109375,8243524,-0.008156186624838191,429.5613708496094,420.58329010009766,0.007748140361806219,1.0846753109704745
2017-09-25,425.2111730713913,425.2111730713913,418.2466234403371,419.9148559570313,10149228,-0.01334898042683974,429.0107452392578,421.02076416015626,0.008448772907924099,1.6519775561337156
2017-09-26,417.418320378348,419.17985731706574,416.4733694081984,418.1766052246094,11438732,-0.004139531402051144,428.009814453125,421.5591445922852,0.00820080766107835,1.8372069480689297
2017-09-27,419.0399133847057,421.2797646865022,412.97363401499393,414.4902038574219,7337220,-0.008815417508130308,426.4850799560547,421.6518890380859,0.00803090843336677,0.31573784330354565
2017-09-28,413.9069532956128,419.7399148696772,411.4104571344163,418.8766479492188,27646464,0.01058274490198996,425.4561492919922,421.8717956542969,0.008311274397361143,3.6929385647538044
2017-09-29,419.9965230030839,425.1062025944049,419.0982526949505,421.3031005859375,6213632,0.005792761779866096,424.4470458984375,422.31626892089844,0.008282256238120176,-0.27835741235083755
2017-10-03,421.8396489320256,424.87278800067406,419.2964727859092,422.0379638671875,4394424,0.001744262694074683,423.2431182861328,422.9923034667969,0.007901471945938958,-0.6301583117683847
2017-10-04,421.816369788857,422.7496434524282,418.4215754451159,419.273193359375,6625104,-0.006550999541554359,422.01353454589844,423.47818756103516,0.008106926281421374,-0.2405664885742347
2017-10-05,418.8065742560589,421.1397585137528,418.36326355084645,419.6465148925781,3336196,0.000890401626232995,420.84111328125,423.9296569824219,0.00810052190511633,-0.8346411366088932
2017-10-06,419.5065274830452,421.0114199294014,418.573253784529,419.9964904785156,3030660,0.0008339771057721546,419.93117065429686,424.32104949951173,0.008076368846531026,-0.8390471019911936
2017-10-09,419.69321051579817,420.6731365461995,417.756656120893,418.9232482910156,3062492,-0.0025553598942629208,419.2638824462891,424.4126266479492,0.007680688480056723,-0.7719362957951027
2017-10-10,419.7398216501696,423.46123891543465,418.258255435648,420.6030883789063,3798180,0.004009899414137319,419.33270568847655,424.1717254638672,0.006212406297382409,-0.5721373236038041
2017-10-11,420.7314534904376,423.5312746144555,417.08001441161366,417.6749877929688,5267440,-0.006961671625434374,419.2825439453125,423.64617919921875,0.0061371244266008994,-0.28903706343487007
2017-10-12,418.829924525077,424.97785970194286,417.1733693029549,424.3595886230469,5381560,0.016004312025960754,420.269482421875,423.37728118896484,0.007186507889705314,-0.27199973154896895
2017-10-13,426.20274790236687,433.1673255485677,425.10616271705766,431.8257446289063,6433464,0.017593937325854903,421.56439208984375,423.510270690918,0.008252721467033194,-0.0636618879342884
2017-10-16,433.9722638164773,437.0637329001162,429.7725322311566,433.3073120117188,3274544,0.003430938060642319,422.7648132324219,423.6059295654297,0.00820751644600862,-0.6367712858552736
2017-10-17,431.63910756957927,432.5023743922166,429.0959309152157,431.9307556152344,2613288,-0.003176859375147556,423.75409240722655,423.4986053466797,0.008116439607014306,-0.7378468113583152
2017-10-18,429.5392783361225,437.47210585563806,429.0726414232098,435.9555358886719,3926720,0.009318114584604409,425.4223266601563,423.71793060302736,0.008272466879633419,-0.4961255161347173
2017-10-19,434.39221940495935,435.1388269111807,429.4575294249712,431.2657470703125,570008,-0.010757493442076549,426.58424987792966,423.71268157958986,0.008649717669118255,-1.0541783414665764
2017-10-23,433.9489601650016,436.23546372456025,428.3843212222505,434.74224853515625,4162892,0.008061158319343509,428.05882568359374,423.9949981689453,0.008733470237783968,-0.38536304966991525
2017-10-24,434.6722148750043,438.54529493663097,432.3390306835121,435.6288146972656,11328872,0.0020392914769535864,429.72938232421876,424.4966323852539,0.008483931308000426,0.83858783861048
2017-10-25,433.9722979745141,434.6722532938279,416.4734149916708,418.8299255371094,21367208,-0.03856239209481682,429.55206604003905,424.4423858642578,0.011932138213336003,2.1625728510762583
2017-10-26,412.50696110496494,422.306334615377,410.1387734770316,418.8882141113281,28571464,0.0001391700321891065,429.673388671875,424.47796630859375,0.011893456675746929,2.5358752962533218
2017-10-27,420.99983603620814,421.7231175678739,415.07354144024765,417.8850402832031,7472088,-0.0023948485403276765,429.02593383789065,424.6477081298828,0.011724085102673911,-0.05546705884096754
2017-10-30,419.5648776219896,423.7062798618285,418.199970467364,423.4729614257813,5422352,0.013371909984600583,428.19065551757814,424.8775238037109,0.011866381680786738,-0.2075077876476584
2017-10-31,422.65634568699295,422.65634568699295,419.7981948536142,421.9563903808594,4682460,-0.0035812700764077388,427.05556335449216,424.91018829345705,0.011836134387261546,-0.3057872889565438
2017-11-01,423.4962275494114,425.8060854351453,422.7729461964292,424.9194641113281,4190612,0.007022227410264481,426.35443420410155,425.05426330566405,0.011932121831009205,-0.37728841758605436
2017-11-02,425.3395088902441,426.92608564777805,423.9279209597358,425.1295166015625,4737944,0.0004943348280683768,425.27183227539064,425.3470794677734,0.011819303709245025,-0.28117861774940467
2017-11-03,425.96942475459537,429.3058895276645,425.0128249361374,427.1360168457031,3810488,0.004719738728518275,424.8588592529297,425.7215545654297,0.011852480586473724,-0.4231341533437204
2017-11-06,425.8061165131308,429.3058928132388,425.2461466088631,426.6460571289063,6148244,-0.0011470812515765871,424.0492401123047,426.05403289794924,0.011861797178279598,-0.09937340542191635
2017-11-07,428.8393033015948,430.4608551071045,424.8145601122844,425.5028381347656,7446376,-0.0026795489493889324,423.03664245605466,426.38301239013674,0.01186370787757548,0.06291986753220133
2017-11-08,425.8528126806372,427.8126933068765,424.4062497200529,426.0278015136719,3283144,0.0012337482429201074,423.7564300537109,426.654248046875,0.011840975003662364,-0.5615646771907916
2017-11-09,426.27278487809366,428.1393323761915,424.8962004019956,426.4710998535156,3113308,0.0010405385241731846,424.5147186279297,427.0940536499023,0.011702550032807403,-0.5669143560836782
2017-11-10,425.036194246798,428.0926886209084,422.8546725111297,425.106201171875,7744360,-0.003200448241649778,425.23683471679686,427.1313842773437,0.011192771172442956,0.10940634704332595
2017-11-13,425.1062035248706,425.3745254308108,418.8066055582562,423.1346740722656,3335872,-0.004637728393927287,425.2030059814453,426.6968307495117,0.01044818293639352,-0.5247048805031118
2017-11-14,423.6828991335087,424.4061804958276,419.9731307820174,420.52142333984375,4712468,-0.006175931429281967,425.05950927734375,426.05753631591796,0.010456358245682399,-0.3320761683184998
2017-11-15,419.50652768495695,420.8247824809962,417.1733434375434,420.031494140625,6148368,-0.001165051700167008,424.5707122802734,425.4625732421875,0.010448481218305944,-0.1452953945530441
2017-11-16,420.9064171021884,423.70623805852216,418.8532036750429,421.7696838378906,4012972,0.004138236588239419,424.23472900390624,424.75328063964844,0.010232267485684064,-0.4691590907587594
2017-11-17,426.6693784719356,428.90925806379386,423.041294170414,425.9344482421875,6358772,0.009874499196811826,424.1145721435547,424.48671569824216,0.010300466644211517,-0.16231100424801195
2017-11-20,426.7393679325945,429.2358635039426,426.7393679325945,428.8742370605469,2392424,0.006901974776850617,424.33739013671874,424.19331512451174,0.010252491048698178,-0.7584050620153583
2017-11-21,428.710916165835,431.6390737069968,428.3959419974884,430.7641296386719,2275532,0.004406635826572636,424.8635192871094,423.95008087158203,0.010298474140215777,-0.7043912522511854
2017-11-22,431.5690850036,433.9722762051947,430.36751788405616,432.864013671875,5660796,0.004874788518172357,425.54714050292966,424.6517852783203,0.005139068015774963,-0.07489310716612961
2017-11-23,433.738984774546,433.9723032171359,428.83929748015896,429.9708862304688,3232580,-0.006683686677634748,425.897119140625,425.20591888427737,0.005461788247050117,-0.9358514454648874
2017-11-24,430.0058483342651,433.4589723449685,429.53921149396746,431.9657287597656,5203684,0.004639482795650407,426.58307189941405,425.90995330810546,0.005436364356075294,0.3239792158009163
2017-11-27,431.4057509175563,434.438890323683,430.6124626073959,433.400634765625,3870472,0.003321805204267392,427.60966796875,426.40633697509764,0.004714581131749514,-0.4765587734764821
2017-11-28,433.0390287984116,436.5388054320194,433.0040253358244,435.2205505371094,5090540,0.0041991534517906715,429.07958068847654,427.06954498291014,0.00462200009267174,0.2875503135230941
2017-11-29,435.1388850333968,437.5887286220567,432.9923668053585,437.075439453125,3274584,0.004261951586905788,430.7839752197266,427.67734375,0.004489592124027014,-0.8242702552582429
2017-11-30,436.0021262028118,437.2270479250655,429.305898846993,432.5023498535156,5796312,-0.01046292970689744,431.85724182128905,428.04598541259764,0.005218063110332857,0.7096882760542728
2017-12-01,432.78236679982143,433.9722851111334,430.26251633248097,431.2191162109375,3858148,-0.0029669980822364383,432.3857086181641,428.25014038085936,0.005202881151194282,-0.48746295047777793
2017-12-04,432.78235596344297,432.78235596344297,426.9960475810088,427.9293212890625,3641932,-0.007629056315457405,432.2912170410156,428.3143035888672,0.00550335054976323,-0.5522311510355963
2017-12-05,426.0394354610831,426.6344088253397,421.606385475453,424.7445068359375,3893360,-0.007442384278626424,431.6892547607422,428.2763870239258,0.005731230260831935,-0.31305962314951885
2017-12-06,424.6278933941459,424.9545449140192,419.7398833545866,420.7431640625,6395120,-0.009420587456786311,430.4771697998047,428.0121551513672,0.00608741115365395,1.2722494985613821
2017-12-07,421.5247761074034,423.84628325229966,420.6964842317087,422.2247314453125,4231304,0.0035213106459226484,429.7025543212891,427.79983673095705,0.006147709166767103,-0.22350409896523518
2017-12-08,423.2395888199142,432.3390066611362,423.2395888199142,429.3992004394531,8956400,0.016992062425101873,429.44590148925784,428.0144866943359,0.007239032638796633,2.692734277060426
2017-12-11,431.1724676178816,432.0474117485997,429.3059201390163,430.7991638183594,3198232,0.003260284084072529,429.1857543945313,428.3977111816406,0.007157402532385186,-0.8729142738261139
2017-12-12,431.4290976124993,431.615763746576,423.6945860622197,424.6162109375,2410588,-0.014352286169864392,428.1253204345703,428.6024505615234,0.007789753402587757,-1.2333417668370865
2017-12-13,424.651231929764,430.47251553047926,423.496288579832,424.95452880859375,2907460,0.00079676155167685,426.91322937011716,428.8486022949219,0.007779850239205026,-0.8492741019430647
2017-12-14,425.5728470949584,429.30594224491415,422.7730257324916,428.8509826660156,3683092,0.009169107735705229,426.5480926513672,429.2026672363281,0.007978669289490531,-0.37627648770638755
2017-12-15,433.0389870480166,440.50517647987897,432.92232783814376,437.1103820800781,12450124,0.01925936921659055,427.13721923828126,429.76146392822267,0.008772978337808978,3.196446072400309
2017-12-18,432.80565118742686,443.0716612425464,422.14301122722367,438.39361572265625,12297988,0.002935719889497035,428.18364868164065,430.2374328613281,0.008684836300669883,2.451588912508441
2017-12-19,438.591982919706,441.8234373817977,437.7403649795602,439.6885681152344,4952112,0.002953857780167546,429.6780548095703,430.68365478515625,0.00866206955931804,-0.10450121155452918
2017-12-20,443.04835119316186,444.0282771597041,434.8238769297641,435.8738098144531,9343504,-0.008676046132228499,431.1911193847656,430.83414459228516,0.008875429804672407,1.3047692286490873
2017-12-21,438.6153014398823,439.8052196801671,435.1855035928824,435.9088134765625,6854544,8.030687167059902e-05,432.5595275878906,431.1310409545898,0.008719447069616682,0.41786417206887994
2017-12-22,438.405317745445,438.6386361689391,434.3805749401714,437.8570251464844,4470904,0.004469310116453018,433.4053100585937,431.4256057739258,0.008715505286486295,-0.37240032858228517
2017-12-26,438.8719549472435,439.2919395023736,433.2023058592517,435.9204711914063,6785696,-0.004422799781344633,433.9174407958984,431.55159759521484,0.008765424124011044,0.358676518255817
2017-12-27,436.3287538244781,436.3754345953336,431.9073813375509,433.2139587402344,3489384,-0.0062087298717007355,434.7772155761719,431.4512680053711,0.008832094801340326,-0.7189037510850405
2017-12-28,433.7156619145928,438.8486676904837,433.5056696184189,438.1837158203125,8700520,0.011471830442698394,436.1001342773437,431.50668182373045,0.009164434490638092,0.9228370956263956
2017-12-29,437.8920548191258,438.4519962840282,435.873844638838,436.8654479980469,6345872,-0.003008482001202961,436.9015808105469,431.724836730957,0.008855771357976088,0.13334669513103348
2018-01-01,436.93540988731945,438.81363463022535,431.7557521644195,432.6890258789063,6580516,-0.009559973530246402,436.4594451904297,431.79833221435547,0.009112150938372148,0.1680894540887794
2018-01-02,433.63395220523535,437.47202874492336,433.63395220523535,436.8537292480469,4776316,0.009625165234271815,436.3054565429687,432.2445526123047,0.009147682223843358,-0.4620922657162974
2018-01-03,437.4720463501494,438.2303312304897,431.9190564493103,432.2573852539063,4531288,-0.010521471344772992,435.5623382568359,432.6201965332031,0.009322758456930133,-0.5604259866012677
2018-01-04,432.33907166837935,435.25555218422113,432.33907166837935,433.948974609375,2373776,0.003913384509266482,435.36985473632814,433.2804870605469,0.009016221046150194,-1.181940951885624
2018-01-05,434.6721789629669,435.8504482748244,432.9339682764148,434.8121643066406,2870868,0.0019891502175863884,435.26018981933595,433.9098587036133,0.009005404978826258,-0.9781668497289886
2018-01-08,435.1388809794755,436.4687846655706,433.4473223268743,434.1122741699219,4570308,-0.0016096378946407475,434.8857147216797,434.14551239013673,0.008251071708893075,-0.3670693687479585
2018-01-09,434.43894132804274,436.27048541128966,432.80571222530574,434.8355712890625,5305528,0.001666152196511117,434.7772247314453,434.3473327636719,0.008231475648070537,-0.16158947179952843
2018-01-10,435.18549737067065,435.8154741815216,433.34230467249125,434.9521789550781,4615888,0.00026816496559822767,434.9510467529297,434.86413116455077,0.007455852356736984,-0.44502527916709805
2018-01-11,434.9522503029549,437.7054194510666,433.0973799872294,436.9004821777344,4059096,0.004479350413502559,434.8227233886719,435.4614288330078,0.0074899958723011065,-0.6708466587641027
2018-01-12,437.0054027547983,438.2069983198087,433.97226328025886,435.2088623046875,4336708,-0.0038718654294336297,434.6570648193359,435.7793228149414,0.007345560333020781,-0.5890862469087937
2018-01-15,436.2937959319808,444.3316331027293,433.9372854358322,442.7800598144531,12576444,0.01739669883943007,435.6661682128906,436.0628067016602,0.007106607698654462,2.3395768634073337
2018-01-16,444.109930026245,445.6381770520921,439.8635462237992,443.3399963378906,6445384,0.0012645929079826423,436.314794921875,436.31012573242185,0.007088348513818727,0.3112016159083156
2018-01-17,442.60507080271833,443.8999995083224,440.2718864547862,441.0885009765625,2905496,-0.005078484639162051,437.1979064941406,436.38012237548827,0.007174097473738368,-1.088017182571419
2018-01-18,448.9046396941117,455.9041922880948,447.51640648880607,451.3078308105469,16649540,0.023168434024824824,438.9337921142578,437.15182342529295,0.008513174561598868,3.1285722092326607
2018-01-19,451.5061300640915,457.2807607532392,447.7963616220858,455.4841918945313,11455988,0.009253907862586175,441.00099487304686,438.1305923461914,0.008662845139217232,1.4509766071826902
2018-01-22,457.3041128497106,463.8370287475637,455.70588733523647,458.0857238769531,8849768,0.005711574690662857,443.39833984375,439.1420272827148,0.00868414163271091,0.6680200179041619
2018-01-23,458.4707125564199,458.8673424928477,453.40771404435424,455.2742614746094,5047796,-0.006137415456978879,445.4422088623047,440.109716796875,0.008762078659134675,-0.34861658735980433
2018-01-24,455.5659105641331,459.4039873339698,455.1109225382041,456.7558288574219,4790568,0.003254230489581733,447.62257385253906,441.28681030273435,0.00853609292719003,-0.44166198154223896
2018-01-25,455.8809003119793,461.9705058289279,455.08761192895145,460.792236328125,8723668,0.008837123065950303,450.0117492675781,442.417236328125,0.008412770385417793,0.6443715709475768
2018-01-29,461.50385657084894,468.2584137565709,461.50385657084894,466.5552062988281,8235892,0.012506655964141133,453.14638366699216,443.90172424316404,0.00858658291211851,0.48045620739884964
2018-01-30,466.12358838176783,467.0801882845037,462.9387859962069,465.5869445800781,6397560,-0.002075342222480403,455.4270721435547,445.54662017822267,0.008147189269366518,-0.021496008300625265
2018-01-31,464.1636930152404,469.7866615144193,463.60372308376014,467.9667663574219,6943348,0.005111444393034237,457.88974914550784,447.1022720336914,0.008036237979574104,0.0991152150485414
2018-02-01,468.0367946518226,470.13666062982185,463.2071142949265,464.572021484375,6521420,-0.00725424349996262,460.23810119628905,448.71800384521487,0.007765355948552933,-0.04520635454581332
2018-02-02,463.3704033446263,464.2803509205568,452.9877331790493,454.5043029785156,7346124,-0.02167095313594558,460.55774841308596,449.7457702636719,0.009606851531674692,0.12006747914064411
2018-02-05,447.5047150962361,451.5294577111528,444.66989068860977,446.5364379882813,7926784,-0.017530890110430852,459.66297302246096,450.3319839477539,0.010588020364436757,0.22369185227178812
2018-02-06,433.9722510787017,446.1048086357407,428.44261604616736,442.5583801269531,10749804,-0.008908697080242667,458.11023864746096,450.7542892456055,0.010819909022467586,0.9728150551493091
2018-02-07,444.9381875824616,444.9381875824616,434.5321926671869,436.9587097167969,8364972,-0.012652953060226624,456.2786834716797,450.8604461669922,0.011240445758644337,0.21680589582028859
2018-02-08,439.5719231329852,442.9783665225845,435.48885059857577,438.86029052734375,5171444,0.004351854690753942,454.4891296386719,451.0558517456055,0.011276800481537641,-0.761726634250944
2018-02-09,431.1490961420686,435.06882834683466,430.2624747903202,431.52239990234375,6408952,-0.016720333972760737,451.56214599609376,450.7869476318359,0.011864853754441075,-0.43352903269859244
2018-02-12,433.9722676990568,440.0385467099038,432.8406790413609,437.8570251464844,4381108,0.014679713603683586,448.69232788085935,450.91935577392576,0.012308543298361691,-1.0705390819712022
2018-02-14,440.92516940845593,442.81504294806587,437.3903895858736,439.3735961914063,3577188,0.003463621588381649,446.0709930419922,450.74903259277346,0.011672299602681473,-1.210495192361263
2018-02-15,440.90180628203984,442.08007569393885,437.472036905204,439.0819396972656,4915224,-0.000663800685040794,443.18251037597656,450.5361297607422,0.01166647303117881,-0.7459794942527896
2018-02-16,439.5486108320543,442.1034363344179,437.6237337194845,438.31201171875,3583520,-0.0017534949832973545,440.55650939941404,450.3973052978516,0.011620159677692019,-1.1964066324914926
2018-02-19,439.2452958119693,440.411888028872,433.7506635591105,438.21868896484375,3654552,-0.00021291397773992582,438.9279479980469,449.7428482055664,0.010233353453072467,-1.3000262196834746
2018-02-20,439.7469263227484,440.0035709084739,433.6923242449888,434.7189025878906,4084068,-0.007986392331235992,437.74619445800784,448.7045837402344,0.010010557385846976,-1.0599123988861017
2018-02-21,435.8271539918047,435.9671678361138,432.152388685023,433.36566162109375,2753072,-0.0031129103398563895,436.82692260742186,447.4685806274414,0.009832555027873717,-1.5175332256233445
2018-02-22,431.6390736067141,433.972257788372,429.6675443657141,432.38568115234375,13253596,-0.00226132468614193,436.36961975097654,446.32415161132815,0.009799874920441617,2.5796315941459627
2018-02-23,433.24901155722256,439.770250481816,431.7324417160376,438.7669982910156,4076748,0.014758391447341923,436.36029052734375,445.4247100830078,0.010471833997749484,-0.8469132252688586
2018-02-26,440.52854339158864,446.7581628640318,439.46696157225966,445.9998779296875,4788884,0.016484557103984,437.80803833007815,444.6850921630859,0.011012305410556176,-0.5162892883388484
2018-02-27,446.7464673724744,448.3796963953793,443.3050205027817,443.8999938964844,4787328,-0.004708261452784912,438.41233520507814,443.5523315429688,0.010515508998205305,-0.4570365967374282
2018-02-28,440.86686774206953,442.24342374696937,438.172028379502,439.61859130859375,4066364,-0.009644971044737272,438.43683471679685,442.25391387939453,0.010637471223657963,-0.6794339175213548
2018-03-01,438.4753473976598,441.7418054959263,435.8388376829858,437.3204040527344,3909840,-0.005227684409384148,438.26068115234375,440.72159576416016,0.010482259354707537,-0.6756795904395896
2018-03-05,437.2737472327002,438.17201750417627,433.563978448954,436.2937927246094,3781464,-0.0023475038406879367,438.05885925292966,439.30768432617185,0.010442890748662734,-0.665821257683375
2018-03-06,436.3054420713968,438.6153001080252,429.18923031568687,430.7641296386719,4576828,-0.012674173179052839,437.3134033203125,438.1206756591797,0.009772305997547422,-0.32286302534704014
2018-03-07,429.3059690491871,432.4324421287316,426.6228067426297,427.5794067382813,5628164,-0.007393194282592552,436.5994537353516,437.1728240966797,0.009205385382843724,0.1158370527451263
2018-03-08,429.2592279103927,433.62227084384295,427.4393328953028,432.3040161132813,5518724,0.011049665396752673,436.4932891845703,436.6601058959961,0.009508280453313912,0.19933870865695216
2018-03-09,432.7940133365868,435.1972045747498,430.2391879028755,431.8840942382813,4108108,-0.000971357793007277,436.44313049316406,436.4063751220703,0.00911370194960863,-0.3454340304897589
2018-03-12,434.0189425134606,436.17713804277474,432.4323942401229,435.6638488769531,6557116,0.00875178013985023,436.1328155517578,436.2465530395508,0.009289525779816888,0.7492547151496008
2018-03-13,435.7105210689812,439.7469415817189,432.8057178055915,434.0306396484375,5124200,-0.0037487829957103536,434.93589172363284,436.3719650268555,0.0085041802198885,0.12420309994255997
2018-03-14,433.0389797449048,435.8154745893041,431.1724324184181,435.0221862792969,3680392,0.002284508374022831,434.04811096191406,436.23022308349607,0.007827672778498286,-0.5255839725892789
2018-03-15,435.1854968017479,440.3885088551599,435.1854968017479,438.8252868652344,5870924,0.00874231408394377,433.9687805175781,436.2028076171875,0.00804702252614572,0.4324408715568739
2018-03-16,438.6386478957265,438.8952924721807,430.8341578137002,432.3390502929688,7896336,-0.014780908863753606,433.47064514160155,435.86566314697274,0.008698183856024342,1.2433648201895904
2018-03-19,432.3390173923019,433.9722462761368,430.0408367305845,430.9974365234375,7838740,-0.0031031519559062692,432.9410095214844,435.49993438720713,0.008711704985866403,1.099049222595577
2018-03-20,430.4958475861829,433.0156981285685,428.1976666503641,429.1892700195313,3657372,-0.004195306864215764,432.7835235595703,435.0484634399415,0.008742912894718236,-0.7096186338655053
2018-03-21,431.1724302735159,434.7188587836978,430.0758451171608,433.7156066894531,5921140,0.01054624844119667,433.3971435546875,434.99829864501964,0.008943748812856674,0.23127832342317678
2018-03-22,433.7156550743672,438.6386684764422,432.8290336072852,435.780517578125,6673224,0.00476097898443939,433.7447937011719,435.1190414428712,0.008976346394632063,0.48832450440684344
2018-03-23,430.8574597323759,432.362352127021,428.6642609199748,429.6675415039063,7190152,-0.01402764884532215,433.52313842773435,434.9831344604493,0.009523098186475072,1.3826800442253495
2018-03-26,429.2825792472503,443.3050110043477,427.7893356191955,441.7767639160156,10501768,0.02818277212592113,434.1344299316406,435.1336227416993,0.010997261178710969,2.758870711463267
2018-03-27,441.8584293648424,443.07167374035095,437.7053501510786,441.5784301757813,6136836,-0.0004489456133369707,434.889208984375,434.912550354004,0.010324961575663125,0.26328953627591234
2018-03-28,439.326930890135,443.235014632791,437.7170564915962,440.0618896484375,8837508,-0.0034343627852023717,435.39317932128904,434.72064514160166,0.010301196611886275,1.5685001587687248
2018-04-02,441.0885448778444,451.64620510303473,441.0885448778444,450.5845947265625,4596368,0.0239118754103691,436.56911010742186,435.2689453125001,0.01138881801108617,-0.6986001066119278
2018-04-03,448.8929973623905,449.3013046288585,445.8715349830294,447.0148010253906,4079884,-0.00792258266916157,438.03668518066405,435.7536651611329,0.011485568673029602,-0.9847205464658855
2018-04-04,446.3264882566009,449.1263094729365,438.277002259636,439.3969421386719,3714108,-0.01704162562233824,438.8766357421875,435.908822631836,0.012171195670896263,-1.1772419009079762
2018-04-05,443.60837728548574,446.57151018732986,441.01851972353256,445.381591796875,4858892,0.013620144075364049,440.49586791992186,436.6396957397462,0.012101777374146062,-0.5727365888544745
2018-04-06,446.1515257611016,449.4763136517191,444.65831047593423,448.76470947265625,3720008,0.007595997989346959,442.0007781982422,437.6989608764649,0.011969868596078983,-1.0983500145997318
2018-04-09,447.6914392307902,453.1044157087532,447.13146927207725,452.4161376953125,4003536,0.008136620695836427,443.6643402099609,438.7045669555665,0.011877579990555014,-0.8911639147750138
2018-04-10,453.337717261296,453.337717261296,446.4548234583066,448.1697082519531,6067236,-0.009386113998920198,445.5145568847656,439.51884765625,0.012147139055229938,0.11506884330918118
2018-04-11,447.0147555177905,447.9713553198794,444.56491216838486,447.7030334472656,2870812,-0.0010412903774950077,446.1071838378906,440.1208068847656,0.012054373458741942,-1.3800420482858373
2018-04-12,447.0381098847965,450.9811970304485,444.6815994485647,450.0245971679688,4712516,0.005185499197598364,446.95180053710936,440.9205047607422,0.012017745758020386,-0.45749132404488546
2018-04-13,449.8378641183036,452.6376848493304,447.7613247132088,449.1379089355469,3297172,-0.0019703105963583267,447.8594024658203,441.6262908935547,0.012047816501153176,-1.1333231597070719
2018-04-16,447.97138447070256,454.97093735305725,447.93638101004007,453.1277160644531,2847744,0.008883256232728343,448.11371459960935,442.34141235351564,0.012052213589961197,-1.224910635028872
2018-04-17,453.4543795019105,455.204267768576,451.2611805114389,454.6209716796875,2667832,0.003295440914989234,448.87433166503905,443.45550842285155,0.011414221338409056,-1.1827219218999387
2018-04-18,455.2042278642072,455.78752390196246,450.3162184603189,450.9111633300781,2712720,-0.008160222648556537,450.0257537841797,444.4511947631836,0.011601164738229815,-1.0546108033421986
2018-04-19,452.6377678999525,453.7577077903511,451.0045388405197,452.4044494628906,3169032,0.003311708057490259,450.72803955078126,445.61195373535156,0.011500119126625845,-0.8212284382222598
2018-04-20,452.87108379076153,457.5374525057616,450.8062213306249,456.3475341796875,9361380,0.0087158398231455,451.4863220214844,446.7435501098633,0.011441523601668111,1.8095138774610047
2018-04-23,461.7371395307657,461.7371395307657,434.0422552879445,451.6461181640625,15304620,-0.010302271105893213,451.40932006835936,447.53683013916014,0.011783052237434078,2.9878269405228335
2018-04-24,451.4711608886719,454.5159777848411,449.3712950240734,451.4711608886719,5037416,-0.00038737690495782573,451.7394653320313,448.62701110839845,0.011195459119670152,-0.1192690211537971
2018-04-25,449.8145640991492,452.1710743217066,446.1047957188354,448.1463317871094,4020592,-0.007364432968471224,451.78379516601564,448.94548950195315,0.009620687017096605,-0.3563339198681587
2018-04-26,447.22479343984025,452.4511036670759,445.9298647161809,450.3629150390625,7847480,0.004946114906517085,451.817626953125,449.3847137451172,0.009660563159341518,0.8623558127214134
2018-04-27,451.0045608816632,451.5878570028242,446.2215326881432,448.76470947265625,5777008,-0.003548705972532429,451.7803070068359,449.8198547363281,0.009663377413319732,0.2504871837294671
2018-04-30,450.304587176584,456.09089585508553,450.024616442344,453.64105224609375,4609552,0.010866145823203555,451.831640625,449.97267761230466,0.008394035040077859,-0.14295822037956996
2018-05-02,454.970920676052,461.5038364601184,454.03764699261393,459.5206298828125,7100048,0.012960858827937738,452.3216064453125,450.5979690551758,0.008604243356327227,0.6395289847345619
2018-05-03,459.1823118076352,460.780537232466,454.0376294341363,459.1473083496094,4152772,-0.0008124151755675157,453.1452209472656,451.58548736572266,0.007461294032222689,-0.3531786841300397
2018-05-04,459.63734404957415,464.3037130246967,458.7740771816788,463.9537353515625,6881436,0.010468158942779526,454.30014953613284,452.514094543457,0.0072379296857666775,0.5233276241898789
2018-05-07,462.3554032277492,463.6736578559764,460.8038302044816,461.3638000488281,5264128,-0.00558231372093998,454.80177612304686,453.1440490722656,0.007307864802901435,-0.040600249940266925
2018-05-08,461.7954784316182,461.94714109943897,456.0441737365857,458.9490051269531,7100564,-0.005234036397349429,455.5320648193359,453.47069244384767,0.007271678712213959,0.5222075692591346
2018-05-09,456.4058029477615,462.0871004046818,456.4058029477615,461.5971374511719,4327332,0.0057699925147156605,456.54466247558594,454.1420639038086,0.0069429259623722496,-0.3755891971881579
2018-05-10,463.9769634908427,466.4034805415862,462.4370677505872,464.9335632324219,7171672,0.007228003621670975,458.2233856201172,455.0035903930664,0.007029311949628638,0.5085744862874895
2018-05-11,464.9335689414461,470.60321751069887,463.3703470382984,469.3782958984375,6057068,0.009559930746048773,460.1249237060547,455.97127532958984,0.007202407900155157,0.10909365861281392
2018-05-14,470.6499071266597,473.02977210798286,469.5299957953776,471.7115173339844,4742916,0.004970876275991465,462.4196044921875,457.0999557495117,0.007161438544518577,-0.3667505072350561
2018-05-15,472.94812575425465,481.8025486085794,472.86644152033546,475.456298828125,9826684,0.007938711175222934,464.60112915039065,458.2163848876953,0.007119977854795897,1.2450287349204325
2018-05-16,473.7647486491745,478.0694622830874,470.6382759960701,472.0848388671875,6841604,-0.00709099862436835,465.8575500488281,459.08957824707034,0.007425899490685258,0.16810818657367818
2018-05-17,472.2014721559418,477.0078258458885,469.55331382144766,473.1114196777344,6615476,0.0021745684801279808,467.25396118164065,460.1995910644531,0.007037495584729439,0.02038591004124039
2018-05-18,472.3998088644788,472.3998088644788,467.4534695929568,469.4716796875,5217460,-0.00769319834366633,467.8057556152344,461.0529525756836,0.007386452976132336,-0.5556265471984044
2018-05-21,470.39326180968106,471.5365277662257,463.3820603633632,465.0152893066406,4848108,-0.009492351879086147,468.1709045410156,461.48634033203126,0.007617945232250345,-0.6231152458533834
2018-05-22,466.3335195012132,469.89162544314,463.2537277177514,464.28033447265625,3960372,-0.0015804960630009246,468.70403747558595,462.11805114746096,0.007175571664135742,-1.245848553666846
2018-05-23,463.790391687282,465.2369545768146,458.0974162359288,459.0540161132813,5726292,-0.011256816133104475,468.44972534179686,462.49719390869143,0.007710165061707512,-0.11713477031093893
2018-05-24,458.9606376917431,464.3619645686308,456.4524647892872,463.370361328125,4520744,0.009402695681413054,468.2934051513672,463.2583953857422,0.007680184726952579,-0.944155859630262
2018-05-25,464.3036742940104,470.3699534556407,464.2803481473317,468.6667175292969,4759588,0.011430071155158261,468.2222473144531,464.17358551025393,0.007956321121959776,-0.704190005381058
2018-05-28,468.4567185412592,478.7693809489255,468.03673400757526,476.48284912109375,5103940,0.016677377119932224,468.6993804931641,465.55949249267576,0.008478990212256043,-0.43967965473266674
2018-05-29,475.5029366300366,478.9327059875168,473.3564185735697,474.2430114746094,3351244,-0.004700772862267555,468.5780517578125,466.58959045410154,0.008436694696065367,-1.5242895988874836
2018-05-30,471.2332091429264,479.0027240477461,470.43994928703137,477.9178161621094,4866996,0.007748779841949771,469.1613494873047,467.5094497680664,0.008164770829055756,-0.466946031044049
2018-05-31,493.0982586586364,507.1867803345974,488.4020847666494,502.3614501953125,39639192,0.05114610338132253,472.0863525390625,469.67015686035154,0.01364866928941434,4.1721497178162545
2018-06-01,496.8551631702791,502.02095409170926,493.3330329965768,495.5872192382813,21151356,-0.013484774666522426,474.6979064941406,471.2518310546875,0.014147896917210176,1.571889373653397
2018-06-04,504.8385716723132,506.4822321382231,478.5282523205906,480.4654235839844,88796324,-0.030512884649324,476.242919921875,472.2069122314453,0.01596253958230423,3.8584473356193447
2018-06-05,481.3577269273752,485.33772203353305,475.0178934507707,484.5511474609375,17105460,0.008503679300117195,478.27000122070314,473.48701934814454,0.015923598280640775,0.22053491829479904
2018-06-06,483.7528190071504,484.8329618387496,480.18373862542194,483.0836486816406,9782000,-0.003028573530341694,480.67296447753904,474.561344909668,0.0159598000055841,-0.16315783746987525
2018-06-07,486.8053380759951,488.3550982759552,482.1091645322824,484.2224426269531,10563896,0.0023573431814973844,482.7581726074219,475.52578887939455,0.015919312805982657,-0.1324108103552346
2018-06-08,483.4710504074391,483.9993699137124,477.8356423405238,481.2051696777344,6180888,-0.0062311712213291015,484.01201782226565,476.11713256835935,0.01592423555250868,-0.3551313065617674
2018-06-11,481.8038724201316,484.39851961015336,478.7279133322856,479.54974365234375,7091188,-0.0034401667515319145,484.31870727539064,476.50904388427733,0.015935025835109577,-0.31563700623032837
2018-06-12,481.8038888919176,481.99174729390575,478.6340004979173,479.9136962890625,5234256,0.0007589465775683646,484.8857757568359,476.7319137573242,0.01584978413279425,-0.3969982424013095
2018-06-13,481.8273433180075,482.4848189944286,475.2761763385069,477.00201416015625,7897960,-0.006067095295301805,484.7941955566406,476.97777252197267,0.01582532244007889,-0.26489739907320853
2018-06-14,476.6615496973976,480.1836793749646,475.4875064715419,478.3991394042969,16927576,0.0029289713725852984,482.39796447753906,477.2421585083008,0.01583008212894788,0.16731430753949333
2018-06-15,475.7223215517076,478.75135884802125,474.8535410180885,476.567626953125,10880816,-0.0038284192012812968,480.4960052490234,477.59695587158205,0.01574594181354813,-0.15515245772729652
2018-06-18,476.6850655380737,478.7279181234205,471.7540835683752,474.1139221191406,7487404,-0.0051487022936741456,479.86085510253906,478.05188751220703,0.01562503436065957,-0.3361133332370378
2018-06-19,475.47577602699977,479.17401235530576,474.14913005245774,475.1353149414063,10981152,0.002154319404290783,478.9192718505859,478.59463653564455,0.015613831729258294,-0.17634656701337284
2018-06-20,475.7223905217176,483.2362683581909,475.4875818393278,482.8018493652344,9051712,0.016135475900741048,478.89109191894534,479.7820281982422,0.015658465080123255,-0.28531160334188166
2018-06-21,483.7058212989429,486.2417661962618,480.66506073225696,483.1423034667969,13510704,0.0007051632093169058,478.7830780029297,480.77062530517577,0.0155813506566864,-0.07853594659718446
2018-06-22,482.989706589882,490.46838603615976,481.322599344813,489.1886901855469,7848980,0.012514711867215977,479.58143005371096,481.7967239379883,0.015616995260021554,-0.3830343573328336
2018-06-25,489.11818394818346,492.581611635528,486.77009738049225,491.9123840332031,6992336,0.005567777633254778,480.81769409179685,482.5682006835938,0.015270916219597478,-0.4338589887683224
2018-06-26,489.8226026995192,493.8025979078324,488.3668005142726,491.6188659667969,9161932,-0.0005966876946655875,481.9882110595703,483.43699340820314,0.015207766650052516,-0.33794796551368494
2018-06-27,491.45452059120254,497.6769500205704,490.75009461806656,496.0567932128906,19126804,0.009027170341330049,483.89368896484376,484.3439422607422,0.015236262858502178,0.15217653323249788
2018-06-28,496.6203009362323,502.4905172593556,495.7280165898513,500.342041015625,37533540,0.008638623362013487,486.0879791259766,484.2429718017578,0.01012248046055917,1.146579720495877
2018-06-29,498.1935513512272,502.490561543714,494.2957617649609,495.0823364257813,19458120,-0.01051221796027213,487.9394500732422,484.2177276611328,0.0099365325538928,0.18142347283498428
2018-07-02,495.05885389334014,495.07054846510016,484.46896055399344,486.8170471191406,9864876,-0.016694777208800193,489.2097625732422,484.5353088378906,0.007994054521887436,-0.3090321658545969
2018-07-03,486.8170690131268,489.5760708512574,485.0208056405373,486.1008911132813,6863100,-0.0014710988657800073,490.3063201904297,484.6127960205078,0.007789262892321426,-0.6487765217447322
2018-07-04,487.5215050051119,494.9884322363815,485.8191421339321,493.9317932128906,6097992,0.01610962300783858,491.4193145751953,485.1552032470703,0.008515000875725827,-0.7187329842711819
2018-07-05,494.2722035767823,499.90761112350094,491.348847377188,498.67486572265625,9735968,0.009602687202848958,492.9725708007812,485.8778244018555,0.008720912135502138,-0.22326622977397884
2018-07-06,496.2212169318068,501.44571029367233,495.7633514507541,496.6555786132813,8121344,-0.004049305967022576,493.71925964355466,486.6503448486328,0.008632204727978793,-0.4570622245726438
2018-07-09,498.228805618722,500.14247337268864,494.9179803996641,499.12103271484375,6182296,0.004964112370279272,494.44012451171875,487.6289093017578,0.008577464489854662,-0.7107168628026678
2018-07-10,500.118882667324,504.7446585815695,498.96834330036194,503.99322509765625,10950736,0.009761544922904708,495.6775604248047,488.8328857421875,0.008741517781881541,-0.10777434257394002
2018-07-11,503.6762971385496,506.1769862857878,501.2695085190997,504.42767333984375,5857920,0.0008620120679267984,496.5146484375,490.20416870117185,0.00851912598225324,-0.7870419351978118
2018-07-12,505.5195368177281,511.8476760111438,505.30823195608616,508.5838012695313,8020668,0.00823929405412982,497.3388244628906,491.7134017944336,0.00860458151677366,-0.4355884336804567
2018-07-13,509.1590690328754,514.418817346762,507.9146290115367,512.0941772460938,7161188,0.006902256752574054,499.0400085449219,493.489729309082,0.008483589395885439,-0.524246342526998
2018-07-16,511.7419559384183,514.2427024912118,508.0672234457614,509.2647705078125,9017336,-0.005525168736534081,501.28478088378904,495.2472717285156,0.00850449763904051,-0.28242043864997407
2018-07-17,507.9498340645682,512.1176877821904,507.9498340645682,511.1197509765625,6361924,0.0036424676831667835,503.7866668701172,497.04649353027344,0.008497536094610767,-0.6085336408939516
2018-07-18,513.5265149407402,521.2752003513687,510.3917965486357,510.9905700683594,17460272,-0.00025274098282512814,505.49254455566404,498.4559295654297,0.008010584144275266,0.8258967012009542
2018-07-19,512.5873167884447,515.0528077762041,509.7696128024341,513.3152465820312,5304776,0.004549353060196104,506.9565826416016,499.9645767211914,0.008001976401869266,-0.7309962418467423
2018-07-20,513.3153214065388,517.2483671269877,509.7931909106146,514.0079956054688,10006964,0.0013495586348744038,508.6918243408203,501.2055419921875,0.007691385533425035,-0.12651744805132903
2018-07-23,504.83858409189634,511.4132261172792,502.0326322641863,506.3530883789063,16880132,-0.01489258395201698,509.41502990722654,501.92757720947264,0.008572859413368614,0.7120550405582018
2018-07-24,504.1341803827031,509.2999707732105,504.1341803827031,507.12799072265625,5208792,0.0015303596670670494,509.72850646972654,502.7030334472656,0.008558887740305481,-0.7831769258895329
2018-07-25,508.2784882802407,511.1314475882447,507.1866510591856,509.616943359375,7038616,0.004907937803180662,510.2474334716797,503.3810409545898,0.00841889377555253,-0.47913439358379395
2018-07-26,508.3607497419521,517.3891312686384,508.3607497419521,514.8414916992188,21281092,0.010251912554954945,510.8732025146484,504.1060134887695,0.008499414121081706,2.3232379234886262
2018-07-27,517.036912038443,519.3849986139951,512.9864626956155,517.0838623046875,10554596,0.004355458216990016,511.37217102050784,505.20608978271486,0.008034289047711252,0.2639092962356983
2018-07-30,516.3442155551755,516.3442155551755,507.0457701889978,509.5112609863281,7169120,-0.014644822378729105,511.3968200683594,506.3408004760742,0.007789811951917931,-0.4753119576837639
2018-07-31,507.1867640495957,513.2682861139137,504.8504290786166,511.7655334472656,8860944,0.004424382017727435,511.4613983154297,507.62403259277346,0.0077506621574306225,-0.11497777292683864
2018-08-01,507.84414706301,510.7088010565441,505.2377481822588,506.8814086914063,6071560,-0.009543676618782304,511.05048217773447,508.2715133666992,0.007517220611551411,-0.7524981022438229
2018-08-02,505.6603835868547,505.7073338474858,498.111309079578,500.1893310546875,8905704,-0.013202452332973569,509.7378906250001,508.3472366333008,0.00791413927637412,-0.09491550671363679
2018-08-03,500.9760201010085,504.1459369609755,496.3854994051974,498.1817626953125,13604008,-0.004013616914103069,508.15526733398445,508.42354583740234,0.007913139082693975,0.8978810051613797
2018-08-06,498.0292003115873,501.8800396559748,494.53057398015,496.45599365234375,5744632,-0.003464135326094242,507.16555786132824,508.29029388427733,0.007869438336606074,-0.8538558773215134
2018-08-07,498.9684115769567,501.199093887536,494.976664284341,500.353759765625,7428456,0.007851181500712734,506.4881347656251,508.10832061767576,0.007752398987225705,-0.4378408911202831
2018-08-08,501.5162016031037,505.2613890281255,500.8587257558401,501.6336059570313,9945380,0.0025578826308925162,505.6898010253907,507.96861724853517,0.007775405453470807,0.07786589374629588
2018-08-09,502.96017295435854,502.96017295435854,491.8419594592169,497.4421691894531,8944408,-0.008355574103895314,503.9498687744141,507.4115356445312,0.007707079178326133,-0.15956782141135675
2018-08-10,498.616240995189,498.6866950657304,492.6286195469303,496.4912109375,5442940,-0.0019116960942467953,501.89060363769534,506.6313873291016,0.0074752151448101494,-0.9206832974531631
2018-08-13,489.3412488832665,494.0256701988162,488.4020142404964,491.1375122070313,10054252,-0.010783068486468372,500.0532287597656,505.7250244140625,0.0077122122853580544,0.09855581378375816
2018-08-14,492.62865389950673,494.27231480384256,490.0927084675486,490.5388793945313,4935964,-0.001218870067183242,497.93056335449216,504.69598083496095,0.007608149719018495,-1.0149595234126008
2018-08-16,489.10647932732127,489.97525997607727,485.2086323176534,487.3923645019531,10625160,-0.006414404698077969,495.9816589355469,503.5160705566406,0.007657192547352648,0.34319822191663263
2018-08-17,489.08292733781207,491.46626959535394,486.4413299541072,487.77978515625,6065328,0.0007948845376204439,494.74070434570314,502.2392974853516,0.0075244473538077705,-0.7706735808734718
2018-08-20,487.22793975915545,494.8827245384335,487.22793975915545,492.2058715820313,7811136,0.009073943940427043,494.143115234375,501.14919128417966,0.00792135050867029,-0.3193901391720042
2018-08-21,492.6286113109654,495.9159328354428,491.3723619407192,492.1707458496094,7776320,-7.136390370365842e-05,493.71459045410154,500.44007415771483,0.007336723751604081,-0.24209641031675616
2018-08-23,494.2721989384067,494.7418162295596,487.6623584959617,488.3784790039063,12574552,-0.007705185400966208,492.5170623779297,499.50259857177736,0.0074330030268508285,0.9524756982256929
2018-08-24,486.2887448269696,491.5954435822688,485.1264534014138,486.0187377929688,9714628,-0.0048317878702403005,490.95557556152346,498.322688293457,0.007284124706219327,0.14645130285158464
2018-08-27,487.6975815091973,490.39788106979233,486.1126230714568,488.5076599121094,12574788,0.005121041485854683,490.06212463378904,497.00599670410156,0.006897289308849143,1.5341880941636792
2018-08-28,490.2804842744705,492.6872730502432,488.120256058068,491.8889465332031,9973532,0.006921665510223773,489.6018981933594,495.74625091552736,0.007055528591760433,0.5089191720604458
2018-08-29,491.2548585620127,491.7010293604736,486.6995940126993,488.04974365234375,9873692,-0.007805019624689269,489.2931213378906,494.6731750488281,0.006584419007101279,0.41664178880454555
2018-08-30,489.2473350441185,490.2569663965723,484.1402468129462,485.13818359375,21827460,-0.005965703489166807,488.7530517578125,493.34180755615233,0.006448651326996853,3.238050042211658
2018-08-31,485.86604855125705,488.1084826306532,483.2949052914213,483.9875793457031,15771500,-0.0023717041596758026,488.4125732421875,492.1971160888672,0.006241100484360556,1.461000989664281
2018-09-03,485.91307313618887,488.1555075585638,484.5277248157371,487.2397766113281,7661608,0.006719588279562094,488.3585723876953,491.54963836669924,0.005992583409348458,-0.5651454204289688
2018-09-04,487.6740890686484,487.9206496299713,481.122950303974,481.7804260253906,7130536,-0.011204648815633211,487.31602783203124,490.7295715332031,0.006368321904016213,-0.625335696615289
2018-09-05,482.2500162267154,483.75276865428685,477.964758369623,480.3832702636719,5641508,-0.0028999844872176217,486.1372802734375,489.92593536376955,0.006361123565149706,-1.0006727152428787
2018-09-06,481.122982824025,483.4710696118435,477.2721147593688,481.8743591308594,10402412,0.003103956693514931,485.4868682861328,489.00196533203126,0.006070865429572319,0.16988623398479338
2018-09-07,481.59255450005327,483.70583240863465,479.18576577083553,482.9896545410156,5919300,0.002314494201699935,485.1839599609375,488.0697677612305,0.006061775692861773,-0.902853486826846
2018-09-10,482.5318184789387,482.5318184789387,475.5110334896042,479.27972412109375,8598592,-0.007681179886652845,484.26116638183595,487.1616455078125,0.0060255936499415425,-0.22950594417542725
2018-09-11,480.4889969706077,480.8881602477337,468.2437189933846,469.7112731933594,18186536,-0.019964230586388854,482.04339904785155,485.8226486206055,0.007262044574223196,1.855706707109167
2018-09-12,470.0634456538761,474.6304624649815,467.1635645375021,472.3997802734375,12246008,0.005723743996604913,480.47840270996096,484.8857620239258,0.007238204027054095,0.455023103638744
2018-09-14,474.2782426317384,478.39914587550027,474.0669091155928,476.567626953125,10334672,0.008822710876950524,479.62134704589846,484.1871994018555,0.007627076217131364,-0.04817386998057327
2018-09-17,474.6187829625287,475.0061943430665,466.7996426738019,467.7858276367188,9338220,-0.018427183928861335,478.001171875,483.2068725585938,0.008468068529151449,-0.2712534157469601
2018-09-18,468.419816984814,471.93019510209257,465.1442188720968,467.0813903808594,9325736,-0.0015058969601928762,475.98533325195314,482.17195281982424,0.008443456540846493,-0.3224697718388371
2018-09-19,468.4080207771668,469.1476737431786,459.4031149542187,460.54193115234375,16712264,-0.01400068459842374,473.8614837646484,480.58875579833983,0.008408124272425654,1.3359444228772104
2018-09-21,463.48883226720335,469.5821056940648,448.5315030219591,462.63177490234375,22610148,0.0045377925627116955,472.0863342285156,479.11180725097654,0.008562600227185918,2.2198020169030035
2018-09-24,461.92736287310936,463.0896543414916,449.6586096845873,452.1710510253906,13390792,-0.022611338962096328,469.1160034179687,477.30143585205076,0.00957728532012164,0.3139478256905133
2018-09-25,452.1710514202,460.69461773967225,449.65861007720304,458.4404602050781,16682552,0.013865127290812573,466.661083984375,475.9225219726562,0.010352434400277536,0.9021941691097906
2018-09-26,460.9176147305513,464.45149627617934,459.1213515405001,462.1503601074219,14726724,0.00809243560370776,464.9481475830078,474.6046569824219,0.010493442449880555,0.4828790216122217
2018-09-27,462.4321619706474,466.3299798358366,459.08613870143256,464.0171203613281,18352208,0.004039292003304551,464.3787322998047,473.2110656738281,0.010373203573099453,1.0943471287398217
2018-09-28,465.0737875327995,473.2451118675505,464.2519572062397,471.0379333496094,14460716,0.015130504199530881,464.2425476074219,472.36047515869143,0.011043953058342283,0.2931347910976365
2018-10-01,471.9185251382591,479.4793536273496,469.1008208074421,477.94134521484375,12449588,0.014655745061004755,464.3799194335937,472.0006332397461,0.01157593794975112,-0.010206800863556837
2018-10-03,476.7672268493777,481.8743151467224,471.2609752998059,476.9316101074219,15332148,-0.0021126757865402856,465.29449768066405,471.64783477783203,0.01157409399228812,0.6160304865616626
2018-10-04,471.4958217690509,473.7969582608804,456.2332578173635,459.6966857910156,17970584,-0.0361370979636354,464.5560272216797,470.2706802368164,0.013872914163304498,1.0715384285953704
2018-10-05,458.804411475497,467.2692759037445,455.5640688706488,461.4695129394531,15729180,0.0038565149657037168,464.64878540039064,469.25513458251953,0.013802014729778505,0.5163350278500971
2018-10-08,461.39902361009297,462.3382582637522,453.1807203905748,456.7028503417969,20128020,-0.010329312043375838,464.05589294433594,468.0711135864258,0.013925240851226482,1.3864541105712025
2018-10-09,456.56196210347264,461.39901474423954,453.1807116826373,455.669677734375,12459364,-0.0022622425208177477,464.4057556152344,466.76087951660156,0.01386453890700495,-0.4212204471070781
2018-10-10,456.7028218089937,465.4494439747444,454.47213964591634,461.9038391113281,15939932,0.013681317150506578,464.75209350585936,465.7065887451172,0.014306822260922681,0.3154504181843362
2018-10-11,452.0066616380248,457.4777147740267,450.2690718554584,454.9535217285156,14359904,-0.015047108931123931,464.03240966796875,464.49027862548826,0.014549953378763001,-0.19386209715535885
2018-10-12,456.7028365325834,468.9363617939593,455.9984105636386,465.35552978515625,9600320,0.022863891716059292,464.16625061035154,464.2724914550781,0.014989303609768764,-1.3871501462684483
2018-10-15,467.2692300935213,472.1532616522276,462.6435109895203,471.5075378417969,12585968,0.013220017089903058,464.2132110595703,464.2278793334961,0.015241000471350291,-0.5664447707384095
2018-10-16,470.3217055502956,473.89078541022445,466.6821716331565,467.9149169921875,9406004,-0.007619434603428954,463.2105682373047,463.79524383544924,0.015184337017662366,-1.4121833154356618
2018-10-17,471.0496404096612,472.6698258733057,461.0467973682244,463.6531677246094,7940796,-0.009107957692336743,461.8827239990234,463.58861083984374,0.01475195383779373,-1.7377988695081839
2018-10-19,459.9666878699143,465.1207264699463,459.7553543441709,462.0447387695313,9867348,-0.0034690347592608584,462.117529296875,463.33677825927737,0.014766646789430545,-1.2475006050320836
2018-10-22,472.9046443634252,474.3134963327304,466.9404986274001,469.3590393066406,20331160,0.01583028638436179,462.90648193359374,463.7776336669922,0.014831017506691633,1.4268944741373568
2018-10-23,463.27745979354967,469.359009473802,463.27745979354967,466.0599365234375,19428564,-0.007028953331924104,463.8421905517578,463.94904174804685,0.014913304861238886,1.3333990987152307
2018-10-24,470.5565788009592,471.6836718920969,463.18358076575566,467.7975769042969,18072336,0.00372836248020203,465.05498046875,464.73036804199216,0.013895505955526504,0.8810730100819654
2018-10-25,463.4183852184893,470.4626453160439,460.8002628162647,462.2913208007813,29847056,-0.011770595606659273,465.09372863769534,464.9229110717773,0.013905632175780948,2.870660524320661
2018-10-26,462.2912825414107,464.26365227495785,457.6420597965287,460.5067138671875,15155712,-0.003860351370003068,465.6490478515625,464.8407287597656,0.013819218847915472,-0.06286178773086432
2018-10-29,461.1876700598924,461.3872516824976,445.0093481202916,452.3119201660156,17044280,-0.017795166616257574,464.3446868896484,464.25546875,0.014329145177205129,0.32895148102804384
2018-10-30,452.0066857228885,453.6503463982445,445.9721144229201,449.1302795410156,13828704,-0.007034173726467863,462.1069610595703,463.1600860595703,0.013850513919981943,-0.30963022789371303
2018-10-31,446.617844648898,450.3395563558483,442.61434533852633,448.8954772949219,23449404,-0.0005227931778140071,460.20501708984375,461.7077926635742,0.013277280707136352,1.4333276726012854
2018-11-01,453.1807041571447,453.1807041571447,445.19720988701886,449.0010986328125,19629052,0.00023529160624891077,458.73981018066405,460.31126708984374,0.013296332675413365,0.6570133627211316
2018-11-02,452.24145980555664,460.2249539038894,448.9541387062432,457.7477111816406,30092868,0.019480158457209074,458.310107421875,460.213818359375,0.011706322424469898,2.167984591059021
2018-11-05,457.8534089995868,460.1427934202508,455.0591802304508,459.2857360839844,5705296,0.00335998381810243,457.3027770996094,460.10462951660156,0.011697907202293772,-1.5886558892952969
2018-11-06,459.0509246658972,463.9819064653774,456.2214688823576,457.0668029785156,8485588,-0.004831269362702395,456.40346374511716,460.1228271484375,0.0115097448456568,-1.0577995302670207
2018-11-07,460.4597386013776,461.3872212551715,457.8768435862755,459.7435607910156,958760,0.005856382032247032,455.5980621337891,460.3265213012695,0.01156498723587721,-1.8793619864986177
2018-11-09,459.8023171667845,460.20150909590456,454.6600303245464,456.7967834472656,10101620,-0.006409610911526142,455.0486083984375,460.07116851806643,0.011228212201529662,-0.6178673497960189
2018-11-12,458.22910543187936,460.6945963911593,450.16343359772566,451.0791931152344,7907764,-0.012516704449805571,454.10585632324216,459.87745208740233,0.011068744943952005,-0.8469645241043264
2018-11-13,450.5977985835728,454.9887088658381,448.0618537026201,452.6523742675781,13350420,0.0034875941438998748,454.13990173339846,459.24229431152344,0.009690300569752145,-0.17064193786859624
2018-11-14,455.18837067363074,460.2250053124202,454.73047655717903,459.6966857910156,26110636,0.015562298849830736,455.19654235839846,458.65175170898436,0.009887654103253447,1.336058761856151
2018-11-15,460.6710731406725,464.2871319025544,453.46243074810224,463.78228759765625,10392524,0.008887603354395202,456.6852233886719,458.4451202392578,0.010013615835382407,-0.6217656828787194
2018-11-16,465.1559608534531,472.66983806057607,464.92115219073054,470.62701416015625,15813216,0.014758490665857327,458.8478149414062,458.79381256103517,0.010337602109874375,0.004415595745063738
2018-11-19,472.2002137063884,474.5483002986628,470.063460640052,472.8811645507813,12286428,0.004789674886486628,460.3611602783203,459.3356338500977,0.010323147152860639,-0.46571689830319113
2018-11-20,472.6698056349664,474.21953696998906,469.3942364799602,472.5406494140625,5705168,-0.0007200860644180906,461.6866516113281,459.4947143554688,0.009736170931360501,-1.1823020652370315
2018-11-21,472.6111370339409,475.24098259750536,470.5565612301664,474.0199890136719,6545604,0.0031306081316893053,463.38197021484376,459.8927169799805,0.00959309744573938,-0.9777671359260831
2018-11-22,472.7285194977119,477.8356076879889,469.6525318835575,470.9087524414063,12974552,-0.006563513447480074,464.4984893798828,460.04827575683595,0.009708220700994225,-0.15938839953747322
2018-11-26,472.8811545942135,481.8273585897824,472.4467643164221,481.310791015625,18184436,0.02208928698031154,466.94989013671875,460.99924926757814,0.01040579534895096,0.6141006920808008
2018-11-27,479.2562332143285,485.5608114218267,479.1857791501422,484.6450805664063,12895440,0.006927518794551668,470.3064788818359,462.20616760253904,0.01036176182566228,-0.09259203381679486
2018-11-28,484.87986481673295,492.7694584290291,483.72932535617474,490.573974609375,13021108,0.01223347616783732,474.0986389160156,464.11927032470703,0.00937857556677721,-0.0482337289954885
2018-11-29,493.3330259402773,501.8800387756761,491.68936521605934,500.3890380859375,31908636,0.020007305696103872,478.1678741455078,466.6822082519531,0.00963317996175332,2.105778229812022
2018-11-30,500.1424683226256,501.9152852507264,495.4462949111455,499.7785034179688,13040924,-0.001220119989646662,481.7674957275391,469.22635955810546,0.009657213694692695,-0.08830609071304012
2018-12-03,500.3772320012865,502.9601271453569,494.7183206187454,496.22113037109375,10799856,-0.007117899274471151,484.3269073486328,471.58736114501954,0.009999195110717993,-0.31446908492048814
2018-12-04,494.3660867769953,495.68103808900366,488.07326109813096,489.7051696777344,8157420,-0.013131163295054482,486.0093078613281,473.1852340698242,0.010181169209583035,-0.5785851204223791
2018-12-05,487.9324071100841,494.3426951461428,487.4510378803439,492.9103393554688,11798844,0.0065451007589805155,488.04627685546876,474.86646423339846,0.010204916361228855,-0.10556991706281821
2018-12-06,490.67965097675415,493.48560303074,489.5760617273358,492.405517578125,11730252,-0.0010241655267445582,489.88482971191405,476.6333999633789,0.010074270039092581,-0.14055176126358826
2018-12-07,494.67141978098977,497.3247692502835,488.4724937463649,494.8827819824219,9903920,0.005030943634590335,492.2822326660156,478.3903610229492,0.010066998049819083,-0.5166582497324602
2018-12-10,485.091172839859,494.2252638286527,485.091172839859,490.4565734863281,10915056,-0.008943953310242558,493.1968109130859,480.07335052490237,0.010216287168922047,-0.36235960639505876
2018-12-11,482.7666069972002,486.3591909756269,477.1311991334196,483.6001892089844,18905780,-0.013979595030414793,493.0923217773437,481.6994003295898,0.010342289271655612,0.8327308185431921
2018-12-12,485.3377832584597,490.70318445621774,483.72937821747945,489.64654541015625,11370488,0.012502799494478634,492.99957885742185,483.5491088867187,0.010534671937136099,-0.36058025267174665
2018-12-13,491.92416680463697,498.9684269498108,491.0553861853327,493.4034729003906,7064236,0.007672733577824609,492.3010223388672,485.2344482421875,0.010221523183326814,-0.9891395261525651
2018-12-14,494.24872919945005,497.32474559898566,490.29223764466326,492.0885009765625,6158284,-0.0026651047186561083,491.5320220947266,486.64975891113284,0.010233038255411716,-1.0799536540237715
2018-12-17,494.0373564275562,500.7529061612367,492.86331328015234,500.1893310546875,8437324,0.016462140574406314,491.92884216308596,488.12787475585935,0.010342435467580595,-0.6250454362450765
2018-12-18,498.73360192289687,502.25573187997946,493.70871944799256,501.4221496582031,7413968,0.0024647039170471174,493.1005401611328,489.55492401123047,0.010335523372164852,-0.7466838938816552
2018-12-19,500.8703690877885,507.0457909047198,496.2798483789917,498.60443115234375,9009896,-0.005619453603675217,493.6699493408203,490.85811309814454,0.010484944322352693,-0.5174910692470799
2018-12-20,496.0449811775551,502.59611900297045,493.72034135223066,501.8916931152344,7980476,0.006592925689194784,494.6185668945312,492.25169830322267,0.010520255149507853,-0.7150376445294465
2018-12-21,501.0816788709038,504.6273125563341,495.2232142875157,495.7162780761719,10220308,-0.012304278241251243,494.70191650390626,493.49207458496096,0.010865094540599543,-0.30015456482311675
2018-12-24,494.0374317294471,494.0374317294471,487.7798037305181,488.55462646484375,5601488,-0.014447077750042503,494.5117218017578,493.85426635742186,0.01048530840488413,-0.9994121029790799
2018-12-26,487.6976254194972,499.4380593487099,485.8191559908231,498.3462219238281,7601916,0.020041966504003472,495.9863250732422,494.539323425293,0.011269466824821621,-0.5985625112485577
2018-12-27,500.8468564452462,502.0678499745957,492.73420602536993,494.2839660644531,11639868,-0.008151473173997337,496.4500671386719,494.7248229980469,0.01116467846234408,0.1142992020132637
2018-12-28,497.1721081236132,501.96218155784817,496.73768919921775,498.4752502441406,9415612,0.008479506654967883,496.9572448730469,494.629133605957,0.01037041368367655,-0.14936697272942606
2018-12-31,501.7861573257781,501.7861573257781,497.0195295789412,498.1935729980469,5866528,-0.0005650776963466164,497.5677520751953,494.5498870849609,0.010367858856654892,-1.214136924732657
2019-01-01,499.5906642482639,505.0734698477647,494.4131787238654,504.3925476074219,6373440,0.012442903612888134,497.9880737304687,494.95845794677734,0.010591967388863626,-0.951116238970047
2019-01-02,503.14799739973824,504.2515866129729,497.7238945387005,499.7902221679688,8134232,-0.009124491353577957,497.8248809814453,495.46271057128905,0.010348298988660224,-0.37414957775325736
2019-01-03,498.78053138113495,499.7315178951386,493.8025993814056,495.8689270019531,12771664,-0.007845882116312874,497.55133056640625,495.61063995361326,0.010447451618790429,1.1100938223139452
2019-01-04,496.6790195699045,499.7902343243313,495.5284800629517,497.1955871582031,7287120,0.0026754250649885236,497.08171997070315,495.8501434326172,0.010454571294348373,-0.5893872725217432
2019-01-07,499.6023423436343,501.39866287311526,497.32470995311866,497.9469299316406,5387012,0.0015111613876783725,497.30478515625,496.00335083007815,0.010404427238492274,-1.096325507641961
2019-01-08,498.26397684762094,498.6161898378525,492.3115543821739,493.8026123046875,8343460,-0.008322809877594928,497.8295837402344,496.17065277099607,0.010376081741347683,-0.12882679819882048
2019-01-09,497.32475820355967,498.1113901709123,493.7087276514048,497.0429992675781,8568628,0.006562109802876526,497.6992614746094,496.8427932739258,0.009883710110220094,0.1639497137074769
2019-01-10,497.0899287679056,498.6866391068716,491.3723150175811,495.0940551757813,7691540,-0.003921077441325416,497.78027038574226,497.115168762207,0.009592258519921838,-0.18625862044570163
2019-01-11,496.338443697192,498.7334800173219,494.9765423147432,495.8922729492188,6408040,0.001612254813187164,497.5219726562501,497.23960876464844,0.009451662668584266,-0.8290825369230477
2019-01-14,495.4227365042525,495.4227365042525,492.73418898779966,493.4855651855469,4855160,-0.004853287487942781,497.0511718750001,497.30946197509763,0.00950025794980519,-1.5288152825239334
2019-01-15,494.28404749491017,499.3206824621904,493.5678695205851,498.2405395507813,5087556,0.009635488250698154,496.435971069336,497.21202239990237,0.008993777637040432,-1.2722484219869805
2019-01-16,497.80617125618585,498.9684627983776,495.0354172680845,497.8413696289063,5252452,-0.0008011590591060491,496.2410858154297,497.0329833984375,0.00897330004144767,-1.104980049703071
2019-01-17,499.0271130885557,501.5278024292341,496.232912917923,500.6825256347656,8240228,0.005706950404658295,496.7224456787109,497.1368881225586,0.008978659919007847,0.2777484483886511
2019-01-18,501.3165436489399,502.25577839113936,496.5147174947133,500.2012023925781,5207976,-0.0009613342138858894,497.02300720214845,497.05236358642577,0.008855668043885228,-1.0228537974191054
2019-01-21,502.47881615648697,508.7129979871169,499.3206509206573,504.40423583984375,17561512,0.00840268561363211,497.6687377929687,497.48676147460935,0.008563236988277953,3.0959636065764196
2019-01-22,503.8994289783255,504.08728738822623,499.9194333041791,501.5161437988281,8796976,-0.005725748984258372,498.4400909423828,498.1348373413086,0.00793973762638755,0.2498340519034013
2019-01-23,501.081669849362,501.5160887917135,493.4386366626351,494.3661193847656,7624288,-0.014256818055553122,498.1724029541016,497.93583221435546,0.0073714228045958455,-0.12982746889678937
2019-01-24,495.446231808925,498.1817295421728,492.6050243263141,493.62646484375,10111572,-0.00149616754063997,498.02564392089846,497.9029571533203,0.007148753607092571,0.7170612775052905
2019-01-25,491.4545400634067,495.4462874026699,490.7501140623602,492.1589660644531,11262236,-0.002972893237726648,497.6523132324219,497.58714294433594,0.006883997167333729,1.042235358265485
2019-01-28,490.75011848871424,493.5795744170383,487.6389036226973,489.37646484375,15360436,-0.005653663577346535,497.2414031982422,497.1462875366211,0.006975487199765325,1.9855222761542146
2019-01-29,487.99107918180977,489.1064202746107,482.0621607411309,483.1423034667969,14762788,-0.01273898894779013,495.73157958984376,496.08377532958986,0.006713923025371161,1.5854054126403274
2019-01-30,483.0601139646413,483.0601139646413,476.1919606855232,477.7651672363281,18514160,-0.011129508204694605,493.7239593505859,494.98252258300784,0.006837713091236063,2.13413042953646
2019-01-31,476.8963863970491,490.6913951123749,474.7831084661907,488.3902587890625,16579404,0.0222391506986499,492.49473266601564,494.6085891723633,0.008615156145784746,1.5476683000517086
2019-02-01,488.39031324909945,497.0899864998272,487.6037385495914,490.8558044433594,15654188,0.005048310464688788,491.56019287109376,494.2916000366211,0.008680532647997676,1.2057741283846168
2019-02-04,491.9241354923119,496.1506913103842,489.0242256532682,494.2487182617188,7938288,0.0069122414111146835,490.5446411132813,494.1066894531251,0.008832540846242503,-0.4967306928903298
2019-02-05,494.9766739202663,497.5595692775353,492.3937785629973,496.3972778320313,8690288,0.0043471221895505785,490.0327545166016,494.2364227294923,0.008682622253400545,-0.33524022377862167
2019-02-06,496.9137820654196,499.4379749335605,496.2915621028741,498.4165344238281,10875684,0.004067823660548031,490.4377960205078,494.3050994873048,0.008605478669678047,0.12228008069305847
2019-02-07,498.9802008242995,500.1424923341747,494.4718855981042,497.148681640625,7217308,-0.0025437614838936806,490.79001770019534,494.40783081054695,0.00857645271500026,-0.6805790317632654
2019-02-08,495.915845350108,503.6527785364931,494.6595962014789,498.4165344238281,12235644,0.0025502487083324255,491.4157745361328,494.5340438842774,0.008586898915595973,0.36925903274007205
2019-02-11,496.2211212736685,503.1714227744917,496.2211212736685,502.4082946777344,7036364,0.008008884092340018,492.7189575195313,494.9801803588868,0.008662829853200469,-0.8462274755173806
2019-02-12,502.0208223975213,504.3689085640205,498.9213601230069,500.0718994140625,9772388,-0.0046503915011405494,494.4119171142578,495.07174835205086,0.008494748358807001,-0.281262214775963
2019-02-14,502.4905037138832,502.4905037138832,494.4131092015377,495.4931945800781,7441388,-0.009156093032520518,496.1847198486328,494.9543395996094,0.008749114450503174,-0.9004668938951382
2019-02-15,494.824087970192,495.0001944777867,487.9793806458748,493.2508239746094,8416524,-0.004525532600642701,496.6707763671875,494.58275451660154,0.008684450885770006,-0.6599883866575941
2019-02-18,494.6948937464669,497.3247392593423,489.8108621789368,490.7265930175781,7138744,-0.005117540274319321,496.65785522460936,494.10902404785156,0.008740285689647912,-1.037097853332462
2019-02-19,490.6796734181402,495.01188197780425,487.9793736736031,489.35302734375,5268636,-0.002799044709156262,496.1682861328125,493.35646362304686,0.008466075250512255,-1.396790563959012
2019-02-20,490.3978935091957,495.6810884356774,488.8481334002276,495.0588684082031,4892500,0.011659968868334092,496.03444519042966,493.0335998535156,0.008889142245236343,-1.375120369128407
2019-02-21,493.4972719841023,497.7825293581095,491.5953565317072,496.83154296875,5261544,0.0035807348856242704,495.8759460449219,493.15687103271483,0.008324819314653014,-1.2157038065969825
2019-02-22,497.6534669631564,499.6963482314504,490.5388101990573,491.090576171875,8890708,-0.01155515763465953,495.2701354980469,493.0300765991211,0.00873178651455024,-0.3103954863240659
2019-02-25,491.9593848154853,500.1307383753816,491.9593848154853,499.0623474121094,8140596,0.016232792130477236,495.334716796875,493.37524566650393,0.00944057535703971,-0.45391337941841065
2019-02-26,495.7397850801287,498.96840416590805,493.3565001037048,495.598876953125,9607428,-0.006939955452348268,494.6537750244141,493.68636627197264,0.009490665693802452,-0.027969914102287028
2019-02-27,496.8785903912916,498.8392081566859,490.31564298468345,491.27838134765625,7030092,-0.008717726787499158,493.77442321777346,494.0931701660156,0.00923057036969424,-0.6113646413638689
2019-02-28,491.47800715607855,494.4718174369422,486.8052806356382,487.8267211914063,11645376,-0.007025874305279789,493.0077758789063,494.5962478637695,0.008992200153021343,0.8461993204823262
2019-03-01,489.8696124322691,493.3095366902935,487.6976321254993,489.1886901855469,9352928,0.002791911420543469,492.6015625,494.63616943359375,0.007513763995129989,0.28094183935388833
2019-03-05,490.491786869376,495.704584981655,486.05392612657954,494.7653503417969,11837276,0.011399814157875943,493.00543823242185,494.83164672851564,0.007859797662679108,1.5845442126606315
2019-03-06,495.4462495857992,495.51670364579314,490.8792328262104,494.0960998535156,8458044,-0.0013526624041455548,493.47974548339846,494.82401580810546,0.0077167938205104985,-0.0011327650529210395
2019-03-07,495.3523742349434,500.1424479893788,491.9241448534031,499.3206176757813,10204852,0.010573890026281507,493.9059204101562,494.97018280029295,0.008020503811237667,0.7656777240730888
2019-03-08,496.6321069235141,500.1424852017992,495.3171553933876,499.7198181152344,7053460,0.0007994871938419301,494.1947479248047,495.0353469848633,0.007973369090569627,-0.6062851206459542
2019-03-11,500.6120856637736,503.3593356442223,498.3109492268812,499.7785034179688,9224108,0.00011743641257977444,495.06354064941405,495.16683807373045,0.00794802637487431,0.36700168083903634
2019-03-12,504.1342449003735,510.708888056969,501.7861580587322,509.7696533203125,15097292,0.0199911557500263,496.1342712402344,495.7344940185547,0.009084219274812047,2.6455621946900707
2019-03-13,510.70883455598266,524.5625454703749,510.02791237377454,522.813232421875,57166348,0.025587202016842392,498.8557067871094,496.7547409057617,0.010518316858494359,4.145472958151365
2019-03-14,527.1101793533685,527.7323992963131,519.0679837244925,522.3905029296875,15379864,-0.0008085669336050927,501.9669189453125,497.870671081543,0.010424272139806411,0.3591717506082063
2019-03-15,523.8581351167194,530.6440826500462,523.1654610156061,529.02392578125,12763088,0.01269820721157977,506.0866394042969,499.5472076416016,0.010311989773698347,0.1009209775577549
2019-03-18,531.1136480298233,538.0992051769432,527.6150221707048,531.0079956054688,14358720,0.003750434956772075,510.26856994628906,501.43506622314453,0.010144887615373625,0.21798170120470217
2019-03-19,532.8982198162413,534.4009722136778,528.5542598838331,532.4873046875,11957992,0.002785850861519501,514.0407653808594,503.5231018066406,0.009933290090519516,-0.02005893523965886
2019-03-20,532.7808741519325,540.0599429481907,530.9141566839658,539.8251342773438,11711992,0.01378029020644922,518.6136688232422,506.0467071533203,0.010015319404137371,-0.07227800133705868
2019-03-22,540.0599263550467,541.7035870004752,533.2035248422408,534.459716796875,30403880,-0.009939176855207621,522.1275787353516,508.0167495727539,0.010412335537399642,1.4499753398706483
2019-03-25,530.6675099700831,537.2069533221476,529.0238495409722,535.6689453125,9199260,0.0022625250839709565,525.7224914550782,509.95861968994143,0.010418549908601646,-0.4208420390783652
2019-03-26,534.4010234961627,543.5820653270366,533.6262007543885,542.7250366210938,11786848,0.013172485301490289,530.0171447753906,512.5403427124023,0.009954632167149284,-0.20645296401262342
2019-03-27,544.415654671698,546.6463370423439,535.1407121832228,539.9307861328125,13885300,-0.0051485564507540715,533.0332580566406,514.5837646484375,0.009838800782256213,-0.04647292847636441
2019-03-28,539.778233492227,545.9302097671302,537.2070897760112,540.7174682617188,19554328,0.0014570055072071764,534.823681640625,516.8396942138672,0.009521949801570635,0.4150485091866875
2019-04-01,545.988792195917,547.573750521827,541.1400166923678,542.8306274414062,9647076,0.00390806530900667,536.8676940917969,519.4173065185547,0.009010691387470876,-0.484315833256951
2019-04-02,544.7560615193709,544.7560615193709,536.6434112931161,538.8506469726562,10910496,-0.007331901089496995,537.8503662109375,521.9685028076171,0.009032492766071699,-0.3670036444253739
2019-04-03,538.2050022678955,543.8169068301235,537.3009659127937,538.3576049804688,7659452,-0.0009149882160437439,538.5853271484375,524.4269485473633,0.009118345921657296,-0.6483276204361459
2019-04-04,538.3575262927257,543.1124014022787,535.3637160385626,536.2911987304688,9211552,-0.003838352483336749,538.9657165527344,526.5032409667969,0.009177761106769714,-0.49550567039845206
2019-04-05,537.1952116868302,543.2884843573064,535.833310125715,541.3748168945312,8351180,0.009479212368386225,539.1206848144532,528.8671768188476,0.009160039702185763,-0.5714047163204631
2019-04-08,544.5212821126408,545.4487648536463,535.3872481763427,537.5709228515625,6398132,-0.007026359417286687,539.4318054199218,530.7796920776367,0.009400135677046131,-0.7209151471853246
2019-04-09,539.2615849491364,540.7643374243855,532.3112257668615,537.0661010742188,10777600,-0.0009390793956375321,539.5715209960938,532.647006225586,0.009436717978916603,-0.3548342454870882
2019-04-10,528.3194887685606,536.3029832655077,523.8581241967372,525.3491821289062,108128700,-0.021816530445464277,537.833935546875,533.9255401611329,0.011012159727662221,3.7424757536348334
2019-04-11,527.1219542678673,531.3720140763428,525.255236828182,530.08056640625,8793300,0.009006170444903816,536.8489135742187,534.9410858154297,0.010350845262618391,-0.4470611301409608
2019-04-12,528.8126792495134,533.5322995724208,528.8126792495134,531.900390625,9170444,0.003433108727391554,535.9672058105468,535.3954437255859,0.008757228706947737,-0.35471242337144165
2019-04-15,533.0155790579657,538.3926736430428,531.6889332564791,537.4299926757812,10219780,0.010395935307142334,535.4271423339844,536.1474182128907,0.008997374963023087,-0.29483460792755806
2019-04-16,537.934902414806,542.3845151744359,535.4342130500812,541.2457275390625,8273776,0.007099966349632503,535.666650390625,536.7585083007813,0.008711857953784975,-0.3715325455382558
2019-04-18,543.1124796030566,543.5938488647731,537.2422625731922,538.5689086914062,10614856,-0.004945662776549287,535.6877807617187,537.1365539550782,0.008793381588722357,-0.2572163888656039
2019-04-22,545.9301270258738,545.9301270258738,530.9023729916132,532.7103881835938,20980420,-0.010877940433002942,535.3296997070313,537.1477081298829,0.009149958388703935,0.1887919761405146
2019-04-23,534.7885223374248,537.7118789476585,526.3471617292564,527.2159423828125,15282400,-0.010314133012340743,533.9138122558594,536.5172485351562,0.008829082674860036,-0.0756787350322905
2019-04-24,528.3194959314001,536.2794867395662,527.6268218353347,535.3050537109375,12354128,0.015343070415445581,533.6872253417969,536.5595153808594,0.009300836224819274,-0.16852064095619837
2019-04-25,536.9838511922663,539.7781083796416,530.1861525889434,531.4776000976562,18086636,-0.0071500419933416826,533.1283752441407,536.3499481201172,0.009424052694945326,0.07213949216586778
2019-04-26,532.0529102570622,536.5377785134624,529.939632354821,535.5867919921875,11707568,0.007731637031882732,534.1521362304687,535.9930358886719,0.009085596127296787,-0.21849939723772085
2019-04-30,536.5378186472684,544.7561222151697,534.9880584725012,544.1573486328125,12536836,0.016002180727320958,535.559814453125,536.2043640136719,0.009738526035146222,-0.17753472475888424
2019-05-02,545.5779607516854,554.0662714906894,544.1691086903511,553.1622924804688,17169300,0.016548419074521536,537.6860046386719,536.8266052246094,0.010385078063718162,0.03900846613880841
2019-05-03,555.134543334174,558.3749138453034,553.3265283752975,556.0150756835938,12351520,0.005157226444941987,539.5445129394532,537.4858276367188,0.01040602297810853,-0.18710182998208472
2019-05-06,551.3307553234757,552.2464862028912,544.0634384764508,546.740234375,13748092,-0.016680916964689763,540.0939636230469,537.8803070068359,0.011004684958656865,-0.12997763510727814
2019-05-07,552.2465343172764,553.678890254833,544.286542667813,545.3079833984375,9924204,-0.002619618763195164,540.76787109375,538.2278259277343,0.011025123710703291,-0.3106051914934161
2019-05-08,545.3549133852304,545.6484242364069,537.2422619934446,541.7623291015625,12064208,-0.0065021133099464334,541.6730651855469,538.5013824462891,0.011098671320967993,-0.21952418478562383
2019-05-09,540.0598772785411,540.0598772785411,533.3913347678941,537.923095703125,9027724,-0.007086563963951353,542.7437805175781,538.3287963867188,0.011016332933844422,-0.3606790927650041
2019-05-10,538.0288564526202,545.9066412872851,538.0288564526202,539.2380981445312,10594200,0.002444591897820203,543.1370849609375,538.4121551513672,0.01091333696457914,-0.2995538913051166
2019-05-13,539.1324007274973,543.1946017505849,535.3637105106106,537.0543212890625,11071632,-0.004049745118126724,543.6947570800781,538.4115661621094,0.010952692588064026,-0.27827254118697486
2019-05-14,539.2850165561116,542.6427917261306,534.3188365247194,537.2186889648438,10494744,0.00030605409781769843,543.8579467773437,539.0050415039062,0.009669416380984069,-0.5157923097140851
2019-05-15,539.1206826841227,541.7505282075591,535.8803117149184,536.9369506835938,8956348,-0.0005244387193470423,543.1359069824218,539.3478607177734,0.009495781993815454,-0.9797907067052609
2019-05-16,535.4929016319878,544.5212831539,535.3637454035756,542.5606079101562,8050136,0.01047358953300348,542.0757385253906,539.8808715820312,0.009730597016555542,-1.2113829754899392
2019-05-17,543.1124127689025,556.3321513586344,542.7837035862156,554.6415405273438,14758780,0.02226651260901713,541.9383850097656,540.7414489746094,0.010650053636446527,0.689114842037574
2019-05-20,565.4192877058159,572.6279025414492,558.8446448255158,571.1369018554688,17699632,0.02974058039800176,544.3780517578125,542.2360076904297,0.012332357012159626,1.3908943398054492
2019-05-21,572.4634941351707,575.1402898400529,563.4116091264627,564.4095458984375,10325176,-0.011778885123997274,546.2882080078125,543.5280395507813,0.012647786765016083,-0.7281217997908651
2019-05-22,566.3232859231374,569.645805510317,562.1906306030819,564.8909301757812,11386660,0.0008528988937943627,548.6010681152344,545.1370666503906,0.012264774297596547,-0.34029182165108285
2019-05-23,565.6540527697989,572.9096173156408,544.5447775085488,547.5972900390625,33081996,-0.030614122502086172,549.5684875488281,546.1561340332031,0.01412432227561807,3.629818344209353
2019-05-24,554.0780302499783,560.2887083653219,549.4875090946937,557.283203125,13692800,0.01768802231516986,551.372998046875,547.2550415039062,0.014250147638724044,0.06533688138655833
2019-05-27,558.5863038771777,568.6830763572027,557.0248492032421,565.50146484375,12049024,0.0147470113447985,554.2177124023438,548.9562347412109,0.014342112347768108,-0.18441770192624637
2019-05-28,567.4151806324396,568.2370110202788,560.5000764057456,567.3447265625,7364840,0.003259517142469859,557.2303161621094,550.5441314697266,0.014302633396276727,-0.9937322372470012
2019-05-29,565.9357657644106,570.7728466199815,565.9357657644106,567.5089721679688,7475216,0.0002894987787476211,560.2875183105468,551.7117126464843,0.013977624523056875,-0.906212851608723
2019-05-30,567.297698440124,574.7880714451217,566.6050243878411,572.8274536132812,9359200,0.009371625306636266,563.3142028808594,552.694970703125,0.013678693236334529,-0.5071480228514372
2019-05-31,576.8779462310475,578.8033658407885,553.3970794626586,569.4932250976562,19785080,-0.0058206506943642156,564.7993713378906,553.3688781738281,0.013758475169360481,1.2470384440121118
2019-06-03,569.8806611589381,577.5823972579152,569.3992919040638,576.9484252929688,8480860,0.013090937462924224,565.3805236816406,554.8792877197266,0.013315439898820712,-0.6478893287766493
2019-06-04,576.4552609799813,578.9794540779587,573.1796916343841,575.8212890625,6442988,-0.0019536169630698375,566.5216979980469,556.4049530029297,0.013302060133311623,-0.9455797746916584
2019-06-06,576.032625098229,579.9774222696217,566.6755338756323,569.0236206054688,15634924,-0.011805170434213363,566.9349670410156,557.768017578125,0.013548030108905599,0.5541092764740398
2019-06-07,569.5635798093208,576.2791301400797,565.6540387113995,574.7293701171875,7970932,0.010027263025825794,569.6481750488281,559.6083312988281,0.013447774980968958,-0.7014416137583128
2019-06-10,579.9656604407216,579.9656604407216,571.0781867162606,572.9801025390625,7077140,-0.0030436370039143013,571.2178649902344,561.2954315185547,0.013524088263835027,-0.8063093614633167
2019-06-11,575.6333862642075,577.6057559278509,573.0152928346142,574.9054565429688,7103292,0.0033602458364163645,572.1582641601562,563.18798828125,0.013418239853875465,-0.7581326463213254
2019-06-12,574.1071991883874,574.9055257372972,569.0940111442859,569.8923950195312,7308620,-0.008719801606306032,572.4130310058594,564.8216735839844,0.013680417720628382,-0.6915809141766119
2019-06-13,571.9821064881531,575.7507967001718,567.2859335950034,574.0366821289062,11107948,0.007272051962077697,573.0658020019531,566.67666015625,0.013684422203598693,-0.11074317722306405
2019-06-14,573.6258675965989,577.3828065699671,569.4110631511193,571.7826538085938,11956920,-0.003926627671167471,572.9613220214844,568.1377624511719,0.013673435424300088,-0.007380684508110971
2019-06-17,571.7590553793998,572.9095948190358,567.6029537932426,568.70654296875,12810020,-0.0053798603706392,572.8826538085938,568.8410125732422,0.012972345101778155,0.14523169788138435
2019-06-18,567.7673540579914,571.0546753800807,564.4800327359021,567.5912475585938,12419652,-0.001961108807249201,571.9469360351562,568.6637298583985,0.011123600000953509,0.1279884002674058
2019-06-19,569.8805562135186,574.0836078426179,567.4620158117065,570.1975708007812,10744276,0.004591901748658422,571.3845642089843,568.9531311035156,0.010829191666989138,-0.15117951419837825
2019-06-20,573.7416401845322,575.7853360926836,570.492953942729,573.2691040039062,11171492,0.005386787598571141,571.8091125488281,569.3720397949219,0.01088282914599106,-0.079070122424549
2019-06-21,573.1863512929027,574.0605316359238,568.3782728823338,570.3983764648438,13250260,-0.00500764391280184,571.3760131835937,570.512094116211,0.008158748260921542,0.7528018206374997
2019-06-24,569.8668152703848,574.2732498136112,569.4061040256472,571.284423828125,6915000,0.0015533833892948934,571.2064453125,571.2121551513671,0.0072843520980560615,-0.9845640785346151
2019-06-25,571.7334026797203,576.8485841311103,567.7522619975663,573.8243408203125,8899800,0.004445976270747387,571.0983337402344,571.6282989501954,0.006614399805187645,-0.36655393461963387
2019-06-26,572.879228543472,583.5821845991668,572.2413162344866,583.0859985351562,10533636,0.016140231523820825,572.4176940917969,572.4153625488282,0.007446232883853453,0.06240501086868373
2019-06-27,583.2868571230551,589.3707605441867,580.30985606529,581.762939453125,19879236,-0.0022690633720499065,573.1903198242187,573.128060913086,0.007488096623657311,2.2745274072498245
2019-06-28,582.1645556265985,584.7635045356458,575.79714233596,577.380126953125,12756844,-0.0075336742902873954,573.7500671386719,573.3556945800781,0.007479304932192124,0.4183779754842785
2019-07-01,580.2745515510402,588.0714001671575,578.8687676552705,587.2562866210938,8524160,0.017105125734212523,575.6050415039062,574.24384765625,0.008194729733685527,-0.5969936234743037
2019-07-02,587.8350758156939,590.0796229299419,582.920687439548,589.4889526367188,7246828,0.0038018597101294738,577.7948120117187,574.8708740234375,0.007758963346583262,-0.9413340199449012
2019-07-03,590.4339220646493,591.4498863282184,586.6536328477488,588.2247924804688,7463256,-0.0021445018614777434,579.5975341796875,575.4910491943359,0.007763039086431508,-0.9080534456087587
2019-07-04,589.4416614761516,590.1740579691856,584.0547373139126,586.8427124023438,7993964,-0.002349578079320569,580.9548950195312,576.3820037841797,0.0072038621675748335,-0.6741624931569954
2019-07-05,587.1498206429052,589.4770265894634,581.2194688430377,584.149169921875,7583060,-0.004589888267406916,582.3299743652344,576.852993774414,0.007040031313773449,-0.7924881704217973
2019-07-08,584.6571846197711,584.6690095602119,566.3464085538394,569.3115844726562,14607140,-0.025400336443520355,582.1326904296875,576.6695678710937,0.009147932382035324,1.2457234384035165
2019-07-09,567.9531169744108,569.5951687956683,560.6642227376548,562.1172485351562,16482688,-0.012636904172895091,580.9619812011719,576.0301574707031,0.009505166723979297,1.599142437653433
2019-07-10,562.0227559567246,566.5709169875882,559.069404637982,564.3854370117188,11569148,0.004035080728216789,579.0919250488281,575.7548095703125,0.009392904563571055,0.11212758048684193
2019-07-11,567.7521765906135,570.3511253806663,566.0155831896608,568.732666015625,9097596,0.007702588902583685,577.7888977050782,575.4896087646484,0.009411991462825725,-0.5940197179314779
2019-07-12,571.2962570473821,571.2962570473821,563.5112348081819,565.6021728515625,8976272,-0.0055043315623029,576.6111022949219,575.1805847167968,0.009449449706970836,-0.5813289660706028
2019-07-15,566.0983136124595,567.752190154733,561.6919370407426,565.802978515625,8233184,0.00035502986675273185,574.465771484375,575.0354064941406,0.009380358789588004,-0.7283584907023114
2019-07-16,571.296229613895,571.296229613895,562.7905785526459,564.9642333984375,12770568,-0.0014823978470172028,572.0132995605469,574.9040557861329,0.009376275858070578,0.5950835844098774
2019-07-17,565.3777724897216,569.7842074303184,564.9879531742453,566.4409790039062,7759736,0.0026138745042065814,569.8349182128907,574.7162261962891,0.009333515890229006,-0.8109277823498442
2019-07-18,567.7522783608131,573.8952493293447,567.4923603621634,569.8550415039062,10802584,0.006027216650186018,568.1361511230468,574.545523071289,0.009355086641645511,0.06757564556225613
2019-07-19,570.587393874127,571.9341103479861,559.2465264182437,561.2902221679688,8939228,-0.015029821116145703,565.8502563476562,574.0901153564453,0.009876827616997,-0.41049171916619237
2019-07-22,554.0485841969253,555.1945073268452,538.9864958205696,542.7667846679688,22171296,-0.03300153248430682,563.1957763671875,572.6642333984375,0.012200265499258386,2.6091138278113637
2019-07-23,542.117157811594,542.117157811594,529.7249074491386,534.7928466796875,27802864,-0.014691278489267212,560.4633361816407,570.7126586914062,0.01237718055247051,2.808688014295207
2019-07-24,533.1980182625952,541.762736623964,531.8394767294125,538.9038696289062,17363740,0.0076871315215647495,557.9151794433594,568.5035522460937,0.01180434354604425,0.8684453290394846
2019-07-25,539.8726344855927,547.0669869403489,538.7503609565746,540.1207275390625,19462008,0.002258024072074649,555.0539855957031,566.4214416503906,0.011879726501663093,1.2454031899919829
2019-07-26,538.2660239984579,541.9163549467917,537.0020241553588,538.0534057617188,12829828,-0.0038275179454101416,552.2991088867187,564.4551055908203,0.011844629650340898,0.07840794706080928
2019-07-29,537.1672493173387,537.1672493173387,525.2357125101732,530.2564086914062,9976492,-0.014491121117009453,548.7444519042969,561.605111694336,0.011037874539462374,-0.43943653510589176
2019-07-30,532.7845639332455,536.6120956054616,529.2168925606803,532.1348266601562,10394136,0.0035424710346936283,545.4615112304688,558.7374053955078,0.01102709387658848,-0.4011446751165544
2019-07-31,529.2405417121429,535.6197803845661,527.8820001430158,531.9930419921875,13891840,-0.0002664450076659275,542.0167175292969,555.9258178710937,0.011061050085536442,0.1769955842617483
2019-08-01,527.8372494263176,530.4182795371635,520.2361429210483,526.108642578125,18241676,-0.011061045821251336,537.6420776367188,552.8891143798828,0.01112449792491845,0.8883286907937178
2019-08-02,523.5513217893141,526.6296425415806,516.6842985727197,524.3446044921875,27825536,-0.0033529920308723593,533.9475158691406,549.8988861083984,0.0111326039792758,2.1939124528318574
2019-08-05,520.24808536213,520.9466158530028,512.066843991872,516.0331420898438,19822440,-0.015851145088816465,531.2741516113281,547.2349639892578,0.01040750491143657,0.8216404166363304
2019-08-06,513.1324317569491,523.3737689389926,513.1324317569491,518.3656005859375,24890940,0.004519978090259391,529.6314270019532,545.0473815917969,0.010438811687018934,1.4757371186938653
2019-08-07,518.5786614051232,521.4201883169321,512.658813672188,517.1578979492188,18750136,-0.002329827896283221,527.4568298339843,542.6860046386719,0.010277015852214685,0.49260983151096766
2019-08-08,520.4729823454337,531.1287076436796,516.9210739126851,528.7962646484375,19711600,0.02250447444652881,526.3243835449218,540.6891845703125,0.011631305409963552,0.567907734971235
2019-08-09,532.0759215559696,542.0212658841185,530.3710169476325,540.3637084960938,30436112,0.021875048333306113,526.5554138183594,539.4272613525391,0.012930246160940788,1.9027124159938575
2019-08-13,538.3036693144148,538.3036693144148,521.5623495067682,525.7654418945312,15440068,-0.027015631087053293,526.1063171386719,537.4253845214844,0.014045899624221059,-0.3018462593908394
2019-08-14,529.3290170063403,529.3290170063403,521.6687696636742,527.9201049804688,14254052,0.004098145131360198,525.6848449707031,535.5731781005859,0.014144607577931886,-0.493204063709237
2019-08-16,524.2617332329899,528.7608176645286,521.9174965746467,527.5057983398438,15247560,-0.0007847904194524524,525.2361206054687,533.6264190673828,0.014090261778463889,-0.42438461871511324
2019-08-19,530.0632306047687,530.8920093883812,521.3492021177242,522.5687255859375,8498200,-0.009359276750026457,524.88212890625,531.2621032714844,0.013964514072527903,-1.4447670988095949
2019-08-20,523.1369509309908,527.5294895678886,522.5686686656784,525.8245849609375,10270592,0.006230490298380076,525.030126953125,529.4888214111328,0.013908124314853635,-1.1965093362788741
2019-08-21,526.8426875504603,530.7024394084053,524.3090045626948,527.0676879882812,10472712,0.0023641021414699814,526.1335815429687,528.7038665771485,0.012037568322757063,-1.0525745189711773
2019-08-22,525.8837125443245,525.8837125443245,513.1441902133672,514.8135986328125,13992044,-0.02324955529381878,525.7783813476562,527.7049041748047,0.012670484782188116,-0.43244027879652325
2019-08-23,511.7116586774683,515.5003613793839,506.6442919380624,512.1141967773438,20099616,-0.005243454840038297,525.2740112304688,526.3654205322266,0.012488132112124992,0.5573618000091793
2019-08-26,519.7389268106141,536.6104927967046,513.132399885729,534.2425537109375,25280244,0.04320980959489917,525.8186401367187,526.0715118408203,0.016130582066457812,1.3063377821892912
2019-08-27,534.2070096918413,538.2088032623816,530.4420100085757,535.142333984375,20660832,0.0016842167797894714,525.2965026855469,525.9259582519531,0.016116457960893563,0.5167115928479117
2019-08-28,532.7863818413689,534.526840479793,527.1862281077563,532.1943969726562,13662588,-0.005508697078345559,525.9393981933594,526.0228576660156,0.015818138730537206,-0.642293533205771
2019-08-29,531.8391215804882,533.6624231243272,525.7535296588891,527.3281860351562,14783716,-0.009143671870994963,525.8802062988282,525.7825256347656,0.01593520862826218,-0.5113169171108033
2019-08-30,528.8790978850569,535.1541353123924,526.1559684354585,527.5648803710938,19233320,0.0004488558400739251,525.8861145019531,525.5611175537109,0.015936170943583572,0.19717621932010182
2019-09-03,525.6824249333401,525.9192188184453,520.0348676491805,523.5394287109375,11428676,-0.007630249491445862,525.9831848144531,525.4326568603516,0.01583234739362505,-1.044418698252088
2019-09-04,522.6041876837775,538.4693805133259,520.7098363011448,532.2535400390625,15060704,0.01664461328076272,526.6260803222656,525.8281036376953,0.01624398573104954,-0.3657211626408362
2019-09-05,532.5494549038609,538.0904087668968,526.8664015834106,529.2698364257812,17296252,-0.005605793834762007,526.8462951660156,526.4899383544922,0.015845471272805473,0.058267861242882774
2019-09-06,527.576841740472,534.3491708225876,525.9903340748198,531.8154296875,12870004,0.004809632226369542,528.5464782714844,527.1624298095703,0.015848619076653286,-0.6632188323285008
2019-09-09,531.8391081769959,535.3673142208179,524.7589935745563,532.6915893554688,10643404,0.0016474882432118143,530.6042175292969,527.9391143798828,0.015824290303978535,-0.9861131268044292
2019-09-11,538.4692645037454,538.4692645037454,530.6905626902726,533.0940551757812,15209116,0.0007555325226731302,530.4893676757813,528.15400390625,0.015039890169087302,-0.10001908475015842
2019-09-12,532.9520179463601,541.9738886400878,532.3481819405418,537.7234497070312,18132300,0.008684010797538333,530.7474792480468,528.0219909667969,0.014326001367449841,0.7305979012080746
2019-09-13,533.0231058404166,536.9183542031692,529.944784927078,534.5504150390625,15371340,-0.005900867201714011,530.9830810546875,528.4612396240234,0.01295416032544847,0.060283448837912285
2019-09-16,533.2361536788251,535.781688072286,530.6551233252083,531.4010009765625,11030184,-0.005891706327213031,531.3903625488281,528.6352844238281,0.013017103724788997,-0.9336602941772748
2019-09-17,532.2889871447702,532.431086609831,520.4966971190984,523.6342163085938,10656556,-0.014615675645502368,530.9972961425781,528.4417053222656,0.013444191002035186,-0.9438074813190028
2019-09-18,525.043170335129,526.6651740003866,516.2107455576505,518.0458984375,12959884,-0.010672178587734615,530.4479431152344,528.2155639648438,0.013493951608217201,-0.48810999027366103
2019-09-19,520.8992101477138,524.2853743327779,513.3691528927131,521.44384765625,10623310,0.006559166338347078,529.3669738769531,527.9965270996094,0.013502583846506027,-1.0692469933324786
2019-09-20,524.7352754208938,572.9938831612448,523.5039587194727,568.1159057617188,46150034,0.08950543441110126,533.2515808105469,530.0489379882813,0.02422266922599037,3.6945790328841825
2019-09-23,596.5075490128261,607.4710605618943,582.0394182977014,595.4182739257812,41920410,0.04805774294852028,539.611865234375,534.0791717529297,0.0252241052967361,2.4492320154874245
2019-09-24,591.9847670120035,597.6441182602333,581.3527437208729,593.784423828125,23379048,-0.0027440375433621655,545.7211486816407,538.1626831054688,0.025163296301628085,0.5182784695005076
2019-09-25,591.9373805534856,591.9373805534856,582.5603193412131,587.1067504882812,15608976,-0.011245955723784062,551.1224182128906,540.8058929443359,0.024041595791795965,-0.23077582825450396
2019-09-26,587.1541364469159,603.8244027151188,585.5202239647298,588.4328002929688,30671560,0.0022586178809640423,556.1933532714844,543.4704162597657,0.02403777926752241,1.2278764134800713
2019-09-27,591.1560299788491,593.6423661754355,586.1123078464277,589.2379760742188,14873170,0.0013683393938086486,561.662109375,546.3225952148438,0.02392817086680612,-0.35144050721585324
2019-09-30,581.9447487061157,587.2489092784182,576.119595271932,581.3053588867188,18218458,-0.013462501586117726,566.6525451660157,549.0214538574219,0.024084965696511095,-0.0348878719736701
2019-10-01,583.2234113411605,594.3527253212801,578.2980863579686,591.41650390625,18768352,0.017393861702729607,573.4307739257813,552.2140350341797,0.024208665970473362,0.022511322600578986
2019-10-03,587.2251676706236,589.0485269437967,576.0485071873702,579.4583740234375,16298876,-0.020219472746922373,579.572021484375,555.0099822998047,0.02473946013136134,-0.25234232452975025
2019-10-04,585.6624129373488,587.0594739386505,561.3436889554499,563.4274291992188,18403632,-0.027665395035900153,583.7703796386719,556.5686767578125,0.025643817002862935,-0.05605746364788255
2019-10-07,568.8736503444584,577.7060745025601,559.3782495057151,562.1013793945312,22513220,-0.002353541442900897,583.1689270019531,558.21025390625,0.025595633429122352,0.3349998459046233
2019-10-09,566.9319766884739,582.4656805535213,563.5695146757208,581.6369018554688,17427270,0.034754446754747814,581.7907897949219,560.7013275146485,0.026545945468268526,-0.20689001621153078
2019-10-10,578.6295976927835,580.5949408157695,566.9792915533363,568.5658569335938,11556858,-0.0224728604395239,579.2689331054687,562.4950408935547,0.027236153149756852,-0.8175888288884744
2019-10-11,574.6514924334763,579.6715119387164,563.0722351431893,567.7371215820312,17186318,-0.0014575890223730292,577.3319702148438,564.2271942138672,0.02725282855330997,-0.24842635710555597
2019-10-14,572.5676524827331,577.7297710855158,567.0740455430332,570.38916015625,12267802,0.004671243914487588,575.5276062011719,565.8604797363281,0.027227367356918303,-0.7169850811200599
2019-10-15,571.6203903874411,580.1449695315786,571.5493406657062,579.2214965820312,8400374,0.015484755045768628,574.5259582519532,568.0940338134766,0.027267187203293453,-1.0474949861586034
2019-10-16,583.2944705036012,584.8809781939891,573.0886295005874,578.298095703125,10586816,-0.0015942103053067092,574.2252319335937,570.4388885498047,0.027198973984516057,-0.8265631381952133
2019-10-17,581.329008008613,582.4419277448391,574.5093323198743,577.777099609375,12243614,-0.000900912691259248,572.8612915039063,573.1460327148437,0.026860389098077458,-0.6743368902923744
2019-10-18,580.3581688315088,584.3363180675698,577.9428825202974,582.0394287109375,11233806,0.007377116719309518,573.1193969726562,576.3457092285156,0.026598744852691706,-0.7617574387053461
2019-10-22,595.2999008800527,595.2999008800527,583.744346293607,586.9174194335938,20006228,0.008380859581041955,575.4683959960937,579.6193878173829,0.02660328182134042,0.06270090121094733
2019-10-23,590.4929890015461,591.8664053050052,583.933808954648,588.0066528320312,10190214,0.0018558546098166318,578.0589233398438,580.6139251708985,0.017993957621358747,-0.9450182392203723
2019-10-24,591.0376233528876,593.950200126325,580.7844350714618,585.4019165039062,13107494,-0.004429773567322326,578.4354248046875,580.1131072998047,0.014365443877746525,-0.5645755735403578
2019-10-25,587.2488947124186,590.4929597056838,577.7771383460893,582.0394287109375,12993542,-0.005743896113374447,579.7827819824219,579.5258575439453,0.014402971343751389,-0.5119888816417947
2019-10-27,587.2251795017689,588.1487104141279,584.8809429761882,586.1596069335938,1750082,0.007078864453876177,581.6250305175781,579.4785003662109,0.014292621338692333,-2.194297669725379
2019-10-29,586.3016553422095,595.4655670682729,586.1595558877563,588.4328002929688,14232568,0.0038781132860159495,583.42939453125,579.4785003662109,0.01431057080611591,0.025285598173676014
2019-10-30,590.5166898962892,597.9993430897654,588.6696857560904,591.203369140625,12011366,0.004708386150936494,584.6275817871094,579.5767700195313,0.01434563197567397,-0.41228374542655477
2019-10-31,595.6313874919168,598.5676667088752,581.1396115333599,582.6787719726562,13217706,-0.014419060534719419,585.0656494140625,579.6454406738281,0.014395313509769962,-0.10808636753520777
2019-11-01,586.7752926862162,589.0248347687501,581.3763801259324,587.2725830078125,11512260,0.007883951254314514,586.0151977539062,579.4382446289062,0.01394817296336508,-0.40887491111927793
2019-11-04,590.3035115605496,591.9847714358326,582.0631297909731,585.757080078125,9935176,-0.0025805783779749847,586.386962890625,579.7531799316406,0.013154741548647656,-0.6869878693263236
2019-11-05,587.7224666692404,589.5221234546789,582.0631155174988,587.0120849609375,12367810,0.002142534722149758,586.3964294433594,580.9324127197266,0.011345205185639574,-0.08510106948831135
2019-11-06,588.4092337785895,596.2471362556835,581.5896146087545,595.1342163085938,12130336,0.013836395460575135,587.1091857910156,582.5840545654297,0.01158478185617719,-0.023801820497203224
2019-11-07,597.1942973156508,601.3144886136432,591.9848308045706,598.4729614257812,16963034,0.00561007084737386,588.4162902832031,583.4258575439453,0.008889459530487575,1.3082538708537819
2019-11-08,596.2470509314959,600.0357533996864,592.6714398527363,594.6368408203125,13251496,-0.006409847817234193,589.6760314941406,584.7294067382812,0.007172694893851481,0.26640603947638
2019-11-11,593.1924663760677,600.7461692265641,592.2215881890567,598.97021484375,14286610,0.0072874294459448485,590.9570922851562,586.2910614013672,0.007200086413831048,0.6152320986509191
2019-11-13,597.6441038503623,601.4565087824031,593.6896572642707,595.5603637695312,9293496,-0.0056928558210666,591.6698486328125,587.5496215820312,0.007420769955420597,-0.7573067925489689
2019-11-14,598.520302472713,604.7716384932658,595.3945766514241,603.3035278320312,11055218,0.01300147648089034,592.8798645019531,588.7537231445312,0.007204188341704027,-0.30707654286095365
2019-11-15,608.0157616503795,608.5603992508233,601.9775164438053,605.1979370117188,9279012,0.0031400598410140645,595.1317810058594,590.0987152099609,0.007155291649645486,-0.7914641794941
2019-11-18,604.7717048271187,605.931971974306,596.1050237556977,597.6915893554688,9130292,-0.012403128294379284,596.173681640625,591.0944396972657,0.007854236810660836,-0.7762562143840781
2019-11-19,599.2307161006366,603.82449501675,597.2416124892662,602.3563842773438,10570578,0.007804685568530978,597.8336120605469,592.1102874755859,0.007870994753549769,-0.36193673214286165
2019-11-20,602.8772856129011,607.5894612252192,600.0357587364853,603.0430297851562,11054258,0.0011399323153788998,599.4367065429688,592.9165679931641,0.007714749794657051,-0.12005997392029616
2019-11-21,601.5748812350528,609.5074765987112,600.6750528853315,607.7788696289062,12019526,0.007853237016000714,600.701171875,593.9051788330078,0.007849420724209934,0.17009148912902278
2019-11-22,607.9210364953358,607.9210364953358,597.6678482963531,598.97021484375,7688010,-0.014493190246206766,600.7508972167968,594.58359375,0.008552993880316469,-1.1456465356436276
2019-11-25,598.6860657393921,605.9556273541223,598.6860657393921,601.9774780273438,7893556,0.005020722415017387,601.4849609375,595.5804962158203,0.00843212227944957,-0.9789135026906961
2019-11-26,605.4582967944868,606.0739840558495,600.0120371213927,603.84814453125,8716002,0.0031075357005654336,601.97275390625,596.4649230957032,0.008345585681661818,-1.103670408870667
2019-11-27,604.2980091100126,608.9154899789958,602.0247646347251,605.4346313476562,9580666,0.0026272943467231524,602.9601806640625,597.3150146484375,0.008331665553793523,-0.660739777849334
2019-11-28,606.2871254085217,607.6368969919056,597.6678499051358,599.230712890625,12366040,-0.010247049203679914,602.5528991699218,597.7163818359375,0.0086881160052916,0.5425278489268603
2019-11-29,600.3672694795663,606.1450756971117,592.9319636666191,603.80078125,15567626,0.007626558954779705,602.41318359375,598.7724822998047,0.008042035896196884,1.7537578283250053
2019-12-02,603.3271222125159,603.3271222125159,596.05756143599,599.4437255859375,8946204,-0.00721604840431378,602.5883972167969,599.3810394287109,0.008150143868567564,-0.8557440464886904
2019-12-03,600.6040648502295,600.9829582398772,593.784446324688,594.5421752929688,6991906,-0.008176831425131037,601.8069763183594,599.8202941894531,0.008374605556385018,-1.4822417774428225
2019-12-04,593.1687734559762,595.2525715277253,584.5020928032309,592.7662353515625,11395614,-0.002987071422697829,600.779296875,600.1080017089844,0.008409092788173015,0.18313609764048755
2019-12-05,594.6368793688133,596.1286926245755,587.604111518524,589.9010009765625,12772494,-0.004833666636394507,598.9915100097656,599.8463409423828,0.007872355465941717,0.6842301292718712
2019-12-06,591.4874941935019,596.7206628132138,586.3964250464844,590.1141357421875,13774650,0.00036130599078854075,598.1059020996094,599.4283996582031,0.007747530876812769,1.2590024670235593
2019-12-09,591.7479582844493,591.913702452859,586.088607177962,588.6459350585938,8265350,-0.0024879944313606073,596.7727478027343,599.1288543701172,0.007643661786398053,-0.9581404138443138
2019-12-10,592.4583064671181,593.713325632947,589.6641270326895,591.7479248046875,9788900,0.005269703842913698,595.5627258300781,598.7677398681641,0.007548491852569805,-0.23590320004516938
2019-12-11,592.0320320927822,593.8790358718093,588.4327767709116,591.3927001953125,11054642,-0.0006002971780463273,594.1585327148438,598.5593566894531,0.0074521978080349825,0.30086436271869943
2019-12-12,593.4055784762097,601.1960755161554,593.4055784762097,598.4255981445312,12913148,0.011892094621553717,594.0780212402344,598.3154602050781,0.00735123148682788,1.0735868065470016
2019-12-13,599.0885828591198,602.5694417190632,596.365452937033,598.5439453125,11775186,0.00019776421385664378,593.5523376464844,597.9827606201172,0.007306381444753698,0.5147888955224965
2019-12-16,601.1013438583927,601.4565347253566,591.1322970678702,595.4656372070312,11327576,-0.005142994310737836,593.1545288085938,597.8714630126954,0.0068514835680626475,0.27051768743992094
2019-12-17,596.7206646863573,603.7297876816821,594.5184697187642,601.9774780273438,12427354,0.010935712177877477,593.8980590820313,597.8525177001953,0.007075266622749889,0.7110646430804648
2019-12-18,607.6131642399483,615.1905692499555,603.1851297494278,612.0411987304688,17447172,0.01671776946889003,595.8255554199219,598.3024261474609,0.008004663960755942,2.3297251089193085
2019-12-19,618.0320846573876,618.2688785595552,609.0812635932508,610.3599853515625,13018376,-0.002746895768444224,597.8714538574219,598.4314819335938,0.007860703246237008,0.6700516880152456
2019-12-20,610.33631822104,615.4747346337728,606.2161272088615,614.101318359375,15026044,0.00612971540992735,600.2701721191406,599.188037109375,0.007146323048513057,1.2706646416332845
2019-12-23,615.1905711182808,617.5585101910995,610.3599985341358,616.80078125,10195782,0.00439579399998169,603.0856567382813,599.9292022705079,0.007130419746867761,-0.5622689797386992
2019-12-24,615.0011386627299,616.1851082265389,609.4838289331773,610.5257568359375,7179208,-0.010173502701059545,604.9634399414062,600.2630828857422,0.007553338872322225,-1.6165698868460567
2019-12-26,610.7862441018287,611.8044695700078,598.9229028141689,601.669677734375,14949758,-0.014505660084611849,605.9911376953125,600.0748352050781,0.00824817041580338,1.110010051307898
2019-12-27,602.4036385569852,605.7187529201134,601.456463024663,603.8244018554688,7092992,0.003581241004545044,606.5310180664062,600.3045196533203,0.007942584741411858,-1.5125398462456574
2019-12-30,607.1396436173409,610.3363617097099,603.3746432107359,607.210693359375,9334190,0.005608073296641702,607.3976928710938,600.4750152587891,0.007858462857091283,-0.6809373808532085
2019-12-31,607.1158782349886,607.1158782349886,600.8171949621751,602.4510498046875,8357056,-0.007838537111978239,608.0962341308593,600.6253814697266,0.007891008682693589,-1.0020540923480523
2020-01-01,604.3453274779305,606.19233129956,601.7405948043777,605.529296875,3673698,0.005109538893343313,608.451416015625,601.1747375488281,0.007698523753128461,-2.2992875804701858
2020-01-02,605.7187936863252,609.981083868637,605.7187936863252,609.3890991210938,6137166,0.006374261767371658,608.1862060546875,602.0058807373047,0.00773144238045892,-1.3758455198939605
2020-01-03,607.2342686142049,608.5603376104458,598.4255468849254,600.6987915039062,10855550,-0.014260687678400052,607.2200866699219,602.5457702636719,0.008391453689840352,0.03727195898646368
2020-01-06,596.720662743602,597.5731439576414,585.3545548818191,587.6987915039062,10890186,-0.021641461883839086,604.579833984375,602.4250030517578,0.009796161832615988,0.09232105279652675
2020-01-07,596.1997455707353,602.143238298382,593.0503748607391,597.0048217773438,14724494,0.015834693567471136,602.6002380371094,602.8429473876953,0.010404782751925313,1.130081957016369
2020-01-08,590.5402756575533,597.7388448014235,587.2725661329978,595.4419555664062,11332110,-0.002617845206483782,601.0918579101562,603.0276489257812,0.010374163485950666,0.10290295355509561
2020-01-09,599.0885942510204,604.2033658480826,598.1887658278872,602.1195678710938,9546316,0.011214547853510837,601.1368469238281,603.5639923095703,0.010649200548776267,-0.403181320126165
2020-01-10,608.1341649432716,609.4602340876271,603.871874164867,607.4711303710938,9214580,0.008887873415111658,601.5015197753906,604.0162689208985,0.010507020760430677,-0.4484624386476362
2020-01-13,607.4710726189669,614.0066076489296,604.2980573544421,609.033935546875,7451568,0.0025726410649780096,601.6838439941406,604.5407684326171,0.010513238970828866,-0.8899253184166988
2020-01-14,610.4547343969623,612.1359943771557,605.0084741599063,610.6915283203125,7886290,0.002721675553184255,602.5078918457032,605.3020629882812,0.010421137943760993,-0.7045437595519806
2020-01-15,609.2233645040944,609.9573909159484,603.3982113725496,608.2051391601562,11787448,-0.004071432212257808,602.7754760742188,605.6134460449218,0.01023048965914125,0.42831873804246434
2020-01-16,607.163288419645,611.4018762888768,605.8845666176381,609.8153686523438,7150400,0.0026475105001759758,602.8181030273438,605.5021545410157,0.009520366533908442,-0.8546937840739667
2020-01-17,607.0211887708494,608.513001967246,602.3563603023184,605.3162841796875,16918814,-0.007377781380943138,603.2798522949219,605.2499694824219,0.009642661499769752,2.0335766144457543
2020-01-20,617.9610470531414,617.9610470531414,593.1687365718038,594.3053588867188,22178450,-0.018190366888758858,603.9405090332032,604.2601715087891,0.010291439035518622,2.791377018180369
2020-01-21,591.9846812472196,591.9846812472196,586.4910749674461,589.3088989257812,14984804,-0.008407226834193593,603.1709167480469,602.8855773925782,0.010297930231723715,1.0086652480155514
2020-01-22,591.0612337852921,594.3526456307169,584.5967492247966,587.6513671875,18368310,-0.002812670470957901,602.3918579101562,601.7418579101562,0.01012911755183288,1.5657351420015344
2020-01-23,587.248887040562,590.4929519914465,582.9865967313965,589.5457763671875,11508920,0.0032236956901063873,601.1344787597657,601.1356628417968,0.00973205727336757,0.11905672002617826
2020-01-24,590.0904878830103,593.8791908549719,586.8227200074896,589.40380859375,11831756,-0.00024080873636700417,599.3277465820313,600.4146331787109,0.009675300098208255,0.14083290298277049
2020-01-27,584.8809389292223,584.8809389292223,573.8700224675994,574.5567016601562,18888552,-0.025190042407457924,595.8800231933594,598.78193359375,0.010912641342650103,1.522665056769488
2020-01-28,577.2088015490133,581.4710915111248,574.5803662813082,579.2925415039062,13412158,0.008242597867305301,592.7401245117187,597.6240081787109,0.011105084663274463,0.31525788808969335
2020-01-29,580.2871913795456,588.1960850182678,578.8427253732511,585.2835083007812,13788350,0.010341867653468784,590.4479614257813,596.61171875,0.011338073344512653,0.31531286143770365
2020-01-30,586.7515702363573,586.7515702363573,576.4510357873509,580.642333984375,12111984,-0.007929788300170437,587.5306579589844,595.1743804931641,0.011256955741016672,-0.15724911166579086
2020-01-31,583.1996731083684,586.2070018867788,577.8955128734751,580.7607421875,11178268,0.0002039262316828605,585.0751037597656,594.1774780273438,0.010910968598104354,-0.3952228260282891
2020-02-03,566.8846145462204,567.3344998460584,557.744346592457,564.8955688476562,13077010,-0.027317916290425903,582.1341247558594,593.0373168945313,0.011515987506345669,0.05286080577750266
2020-02-04,567.3582188812532,584.4073807174176,567.3582188812532,582.4183349609375,20897704,0.031019478784417354,581.445068359375,592.307992553711,0.013134501387170087,1.7766135428802678
2020-02-05,584.8336294451086,591.0376185260882,581.2343734585951,589.4511108398438,18020682,0.012075127887891668,581.6250427246093,592.0084503173828,0.013455306740763288,1.0128877912771657
2020-02-06,589.4510640616896,591.3690599560683,585.9228002816666,587.1541748046875,11827550,-0.003896737138867401,581.3858825683594,591.2601806640625,0.013189284462598894,-0.41067443996040454
2020-02-07,590.0904283388669,590.5640161625739,583.270752115284,588.290771484375,6815448,0.0019357721165238484,581.2745788574218,590.3011627197266,0.013000379130612515,-1.4758458371454164
2020-02-10,588.6458915087595,588.6458915087595,580.6423045001527,587.3909301757812,9219834,-0.00152958596702657,582.5580017089844,589.2190124511719,0.012964679860840793,-0.9884659414925353
2020-02-11,588.8118029491535,594.3527577254539,586.3254667116565,587.5330810546875,11613520,0.0002420038710229111,583.3820556640625,588.0610900878906,0.012931705686355547,-0.5100394014419766
2020-02-12,589.7115126471815,593.3581734383829,589.1669329193304,591.5111694335938,6297930,0.006770833008696631,584.0048217773438,587.2263916015625,0.013060371146275389,-1.5845907514235524
2020-02-13,596.673238919678,596.673238919678,584.2178575291418,587.911865234375,9112140,-0.006084930234986574,584.7317749023438,586.131216430664,0.013067087067379444,-1.015229513724741
2020-02-14,588.7643573113077,591.2270486728398,575.4092038524705,577.4692993164062,14688858,-0.017762128195534466,584.4026306152343,584.7388671875,0.013501718296906095,0.27453570644656794
2020-02-17,580.1450206114938,583.9337227869158,575.1486464932532,576.4273681640625,10152690,-0.0018043057069477841,585.555810546875,583.8449676513671,0.012971248823400896,-0.7004946911684008
2020-02-18,576.3089902877083,577.06671918566,569.9629023717208,574.5803833007812,10529116,-0.003204193564167457,584.7720153808593,583.1085418701172,0.012876114255570928,-0.5469627690105551
2020-02-19,578.9611110497709,582.513019706518,574.8882673522369,581.1869506835938,10012268,0.011498073332855352,583.9455993652343,582.7853210449218,0.013175113492828235,-0.6031669141479093
2020-02-20,582.5130422467998,582.5130422467998,574.9829840409186,576.4037475585938,11123414,-0.0082300593971939,582.870556640625,582.1282196044922,0.013254783282952582,-0.29795925382362465
2020-02-24,572.5439293050475,575.2907615812694,568.3053417555244,573.0175170898438,16568084,-0.005874754428805584,581.3432312011719,581.3089050292969,0.013296638141087336,1.0691552850050443
2020-02-25,570.1997004329769,572.5676393882633,567.3581736866331,568.4474487304688,13886680,-0.007975442675094424,579.4488830566406,581.0034423828125,0.012180815651484895,0.47075059813457076
2020-02-26,567.1214166243225,570.5312258169903,561.5094124980089,567.9501953125,13814786,-0.0008747570581577602,577.4905944824219,580.4363250732422,0.012007192030629426,0.44377478736900566
2020-02-27,565.9374182644348,569.489326747266,559.3071890964833,568.0448608398438,20655098,0.00016667927597358023,575.1439636230468,579.5743927001953,0.011716963775185659,2.0110379124401416
2020-02-28,556.7025386820304,561.2016234268023,554.1451526333246,557.7207641601562,24313056,-0.018174791097350207,572.124853515625,578.4283142089844,0.012228909456053498,2.321053281671916
2020-03-02,568.4000622917009,568.8500053945262,552.2744321654279,558.6441650390625,14664898,0.0016556688189595103,570.2423400878906,577.3224853515625,0.0122466062121216,0.27212648033308745
2020-03-03,556.4656759635528,561.367298227923,553.1505612982381,559.6860961914062,22369550,0.0018651070172206463,568.568212890625,577.06201171875,0.01069500799340346,1.6475538026096712
2020-03-04,558.0521380643305,558.833569448218,536.6222914393035,544.081298828125,34288870,-0.0278813382527634,565.5183044433594,575.1451599121094,0.009643045426339336,2.924247627288154
2020-03-05,546.0468124046383,551.7298668268896,541.1925367522988,545.265380859375,19549708,0.0021762961414044657,561.9261474609375,572.9358734130859,0.00904492093871091,0.7296248715258857
2020-03-06,532.786261814301,540.316319210145,521.4201548955959,537.4747924804688,23053566,-0.014287700360928413,558.033251953125,570.451904296875,0.009341374265291729,1.124848345196494
2020-03-09,525.6825337487523,529.66068340419,504.371079677857,524.4038696289062,34420590,-0.02431913651473705,553.1718872070312,567.2575592041015,0.010212924989233586,2.2474579639095857
2020-03-11,523.3145209195276,530.4183379455845,517.1578794969449,527.4821166992188,35538240,0.005869993050376943,549.0753540039062,564.2621185302735,0.01050120964182105,2.006315114042716
2020-03-12,509.1068713765792,511.4748103132144,475.2216709744296,483.6752014160156,59000770,-0.08304910042700597,540.6478546142578,559.0692245483399,0.02021029530618005,3.0756352057376106
2020-03-13,464.1397501718514,512.1615391176439,435.321942082264,506.644287109375,66342364,0.04748865690470527,534.5077972412109,554.8258804321289,0.023685194279808156,2.7200303558933867
2020-03-16,490.1634435381753,491.11061927448094,471.2199288120623,473.35107421875,31986322,-0.06571319116332519,526.0708282470703,549.0978408813477,0.027023303153100735,0.48924578063748586
2020-03-17,477.3764904665349,478.32366604285744,452.1342671386415,461.7954406738281,42676838,-0.024412395311437796,516.3859558105469,543.3141479492188,0.02715895519392512,1.0612871650488127
2020-03-18,466.4839837531922,470.2726861593095,409.6534476614327,415.2891540527344,61181406,-0.10070754824524508,501.9462615966797,535.2572372436523,0.033667892329023376,1.8956625828200504
2020-03-19,401.1288983050212,435.67713682679727,376.5023307585501,424.12158203125,67220048,0.021268140264010027,489.9502899169922,527.7342971801758,0.03457830674241705,1.9138147531318503
2020-03-20,414.3893115640694,433.1433762737958,390.4968020476459,418.1069641113281,88637464,-0.014181353118405293,477.2344482421875,519.5802978515625,0.03403559352146953,2.4205798679601602
2020-03-23,376.3128921030309,397.2218071346781,362.2947033776795,365.3966979980469,50276954,-0.12606885471356621,460.0266387939453,509.02994537353516,0.04194429951934228,0.6128195835584653
2020-03-24,376.6207025252112,383.6061226600706,349.86299150015697,363.5733642578125,61057272,-0.004990011541494921,443.94358825683594,498.55773773193357,0.04196227712185498,1.0049869712003954
2020-03-25,364.8757175147829,410.8137330098405,357.6771773468276,405.746337890625,47228042,0.11599577355976853,431.77001037597654,490.4226821899414,0.052030428901771,0.3018551050015287
2020-03-26,412.0687471848041,444.0833008932357,398.2873532998881,426.7499694824219,57043156,0.05176542492284608,426.0774871826172,483.3626708984375,0.05409481077541724,0.6917762781509174
2020-03-27,447.5168243911924,468.2126182809355,413.0159337363424,428.3365173339844,55235936,0.003717745670812178,418.2467102050781,476.3772537231445,0.054145334423908606,0.531045408935159
2020-03-30,416.7572730287072,420.0723877005265,392.1307068951928,393.85931396484375,39268444,-0.08049092704897232,410.2975341796875,468.1841812133789,0.05623572124633723,-0.3289881589774649
2020-03-31,404.3492849888451,413.7263182768991,396.8666030278932,408.1853637695313,35211092,0.03637352043416775,404.9365264892578,460.66124114990237,0.05732542081653289,-0.6363946803970113
2020-04-01,409.10881994288405,409.10881994288405,388.3420059433593,392.9121398925781,29103504,-0.03741737267575507,402.6988250732422,452.3225433349609,0.057426857809504385,-1.0212634881488973
2020-04-03,399.2345401473123,399.70812797666855,383.6061417785563,385.429443359375,34996280,-0.019044197858709255,398.82961120605466,444.38995056152345,0.05736413132949067,-0.6864683797952952
2020-04-07,413.9157103856215,429.6861773228746,400.347409232404,424.3819885253906,60412638,0.10106271287037139,399.4571136474609,438.34578094482424,0.0629569508619279,0.6962762889252573
2020-04-08,416.7336121910767,447.5404944115309,410.1744034746511,420.9722290039063,56219352,-0.008034647119054883,405.01466674804686,432.5206527709961,0.06295297516826312,0.3643967687525868
2020-04-09,432.38564965509744,440.86288260703225,421.4931305509712,438.0923767089844,44457146,0.0406681166251448,412.46656799316406,428.205078125,0.0638589216244687,-0.4502762530102176
2020-04-13,442.3310049740229,448.3455758120512,419.6935139266889,424.0268249511719,34158056,-0.03210636045181847,414.29461669921875,423.03231353759764,0.0640206543966799,-1.1320160106581632
2020-04-15,440.6734653560616,440.6734653560616,399.2345312145728,408.8483581542969,57978752,-0.03579600606311373,412.50445556640625,419.29097137451174,0.061979332862595514,0.46521847693591095
2020-04-16,409.6534651387446,421.8246779187658,405.50957170526016,416.6388854980469,53854396,0.019054808924559463,411.3346923828125,414.7907012939453,0.060993267338855364,0.23740248014732196
2020-04-17,433.33283252946575,435.7007715050366,420.1907712150475,431.1069641113281,55883462,0.03472570400140684,415.05945739746096,412.6784957885742,0.06011576294457915,0.3082159976612937
2020-04-20,450.381997919695,455.0942023120484,442.8045931176812,447.4694213867188,66232986,0.03795451857086052,418.9878631591797,411.9621948242187,0.06055874644287121,0.9551435432230376
2020-04-21,438.0687464512328,442.3310369572448,430.0177532732101,436.4822387695313,33178006,-0.02455404121948257,423.344873046875,413.02184906005857,0.0561118455947897,-1.248092352429343
2020-04-22,435.29826921581855,441.8574491550055,429.68623603919485,439.7736511230469,38289354,0.0075407704166710054,428.7792938232422,413.80445251464846,0.05597322568699473,-0.8107410800655451
2020-04-23,442.8046029436081,453.9339164935277,432.1725508137539,452.252685546875,40901222,0.02837603933741928,431.5663635253906,415.5117385864258,0.05608215083705195,-0.5926392190326032
2020-04-24,441.8574412172651,453.8865835478693,438.54232643857176,444.2490539550781,33284568,-0.01769725608620476,433.8940460205078,419.45435638427733,0.047246948077357305,-1.1528988713470283
2020-04-27,447.6115545430124,453.4130055312312,438.6844064953877,440.2946166992188,27421072,-0.00890139713445326,434.11427001953126,423.29041900634763,0.047324020565867854,-1.4812319814764674
2020-04-28,446.9721724701217,446.9721724701217,436.6479639199274,441.0997009277344,29441436,0.0018285125413322056,435.8215576171875,425.05808715820314,0.04031603873919352,-1.1881172136087426
2020-04-29,442.8046096941896,470.1306325655098,442.3783690959177,462.7426452636719,55877778,0.049065878508685046,441.210986328125,426.85772094726565,0.04015525520467604,0.9599456775579976
2020-04-30,474.25082880760095,482.5859624256656,469.84643919589695,474.4402465820313,43793134,0.025278848703676582,446.9911224365234,429.162907409668,0.040412811052779704,0.024549932427578035
2020-05-04,453.4603310664581,454.6443005992687,434.5168185414885,437.1215515136719,26722324,-0.07865836706984974,447.5925811767578,431.3260192871094,0.040208200632880185,-1.2853228953547202
2020-05-05,444.2253617895752,447.0668886240501,430.0414012263869,431.651611328125,29672858,-0.012513544954728228,446.01080017089845,432.49933166503905,0.03974697739054275,-1.0094349311921529
2020-05-06,435.2272039759528,449.9084263081122,428.9048181789834,448.2035217285156,33785846,0.03834553136373797,447.18292846679685,435.26390075683594,0.03924504117677903,-0.7186883876868577
2020-05-07,445.4093366633235,446.7353767542662,436.3401185119636,438.0687255859375,21831730,-0.022612040404084377,447.01243591308594,437.89586486816404,0.03937911637089767,-1.5252066229197763
2020-05-08,446.11975432207817,447.0432564098975,438.1634842299199,439.9867858886719,20807484,0.0043784460992253305,445.7858459472656,438.6761047363281,0.032593623382861286,-1.4439029799659342
2020-05-11,443.7517987809897,451.8027919285637,432.8592786401544,433.7117309570313,28550784,-0.014261916795901941,444.73211364746095,439.3130798339844,0.03272718855819453,-0.7824666358712471
2020-05-12,426.7025757235718,430.68072450672537,412.542290005838,426.9630432128906,49568418,-0.015560307140526253,443.3989562988281,438.75661315917966,0.03162778719646058,0.7916940781340134
2020-05-13,450.3819939418176,454.6442841053049,436.69529507686207,439.32373046875,44346966,0.028950250969838942,443.2213592529297,439.5214584350586,0.03139334508770844,0.3599346445882169
2020-05-14,425.2818747852552,431.4385166251308,421.4931721145625,423.2454528808594,39554890,-0.03659778990480533,439.2716400146484,440.2413131713867,0.03144495257386783,0.0721475689181853
2020-05-15,421.7299241312722,422.6297524883639,414.3893134361181,420.6170043945313,24349628,-0.00621022262244586,433.8893157958984,440.4402191162109,0.031239320176969457,-1.0347021761031026
2020-05-18,420.5460199885116,420.5460199885116,393.6935825257109,396.227294921875,46649964,-0.05798555269481975,429.7998901367188,438.6962356567383,0.03280220233741372,0.8406856964472038
2020-05-19,407.6880082616409,410.7426550694752,391.23083373776507,393.38568115234375,47460692,-0.007171675969702029,425.9732971191406,435.9920486450195,0.03130460765820426,1.1745097102985447
2020-05-20,396.1325084429772,409.1798461352874,394.1197603572423,405.9120788574219,40014306,0.031842535977376185,421.74415283203126,434.4635406494141,0.032071056766107685,0.39084667934311873
2020-05-21,407.9722466625215,418.65164657168174,403.63890640560027,407.0724182128906,48478908,0.002858597750367231,418.64452209472654,432.82847900390624,0.03200610138236184,1.1459378638769766
2020-05-22,402.54965032024086,412.1634773644346,394.52233092393,397.2691345214844,42047432,-0.024082407092192892,414.3727569580078,430.07930145263674,0.03141222457713716,0.5172148007209002
2020-05-26,405.8647410781913,412.8501610675768,401.9576417620944,403.6862487792969,38005152,0.016153065265294364,411.3702087402344,428.05116119384763,0.0316589283185652,0.10499907035236053
2020-05-27,407.2381456061135,430.8701586021425,405.93577920464736,427.9576110839844,56025754,0.06012432273351265,411.46966552734375,427.43431091308594,0.03474232157299846,1.6182838377731705
2020-05-28,435.7008120888158,449.908447265625,432.8356114425941,447.6589050292969,75488806,0.0460356199657499,412.3031829833984,427.76227111816405,0.03629278721825128,2.581222084557382
2020-05-29,447.0669218258737,452.2763880759633,437.334697476126,450.68988037109375,53025166,0.006770725004562328,415.04762573242186,427.15963287353514,0.03455803738807503,0.9381590980127344
2020-06-01,461.7480861664485,471.2198417801192,457.5331433561633,467.7389831542969,39190230,0.037828900815711775,419.75982360839845,426.82456970214844,0.03516408969470694,-0.08172191164874254
2020-06-02,467.2890713328586,475.9557219818755,461.84281182759344,474.0613708496094,41623594,0.013516914182940543,427.54323120117186,428.6715606689453,0.029987990670774296,0.04636263257847308
2020-06-03,483.05961043539065,495.49129158630143,480.9047914836679,484.1251831054688,50546088,0.02122892282453459,436.6171813964844,431.2952392578125,0.0299301146527528,0.6617814175170548
2020-06-04,486.8719699225512,492.03403078925146,469.3728657021748,474.3929138183594,54275882,-0.020102794952084113,443.46526489257815,432.6047088623047,0.029473892141943656,0.8647355097810225
2020-06-05,475.0558969523371,493.6679200813478,474.9138263975249,489.3819274902344,35195984,0.03159620060769752,451.6962158203125,435.17036895751954,0.029462437961735748,-0.7080872883430743
2020-06-08,502.0030693611453,505.1524398018868,476.6187747745198,481.1178588867188,49812664,-0.01688674660688294,460.0810882568359,437.2269226074219,0.029903150404707375,0.4231642619573028
2020-06-09,483.05956946011673,486.25628719919104,463.9029366352295,467.5732421875,61844146,-0.028152388129096595,466.46978759765625,438.9199981689453,0.03052649281907986,1.3939663829372968
2020-06-10,468.8519624355481,473.51679110565817,463.26363169469056,469.7280883789063,36497730,0.004608574650946773,470.64683532714844,441.0582504272461,0.030170141686896905,-0.8871220486315022
2020-06-11,466.4840151026413,468.09422529565535,457.012258450811,458.7171630859375,30897714,-0.02344106210673702,471.7526611328125,442.02792205810545,0.030275235725186454,-1.2759897821820996
2020-06-12,439.4894935687484,467.2654305596224,439.4894935687484,465.4184265136719,42644876,0.014608704376031678,473.2255157470703,444.1365707397461,0.028921112627289743,-0.2678937141531089
2020-06-15,458.4329710785176,461.2744977587564,446.5932765775228,449.83734130859375,32009936,-0.03347758558205782,471.4353515625,445.5975875854492,0.03010370408509957,-1.3064921750538019
2020-06-16,461.7480879061528,470.7225821650194,450.8555689093922,469.0413513183594,45399970,0.042691009052072904,470.933349609375,449.23829040527346,0.02753750977073743,-0.05793958150671144
2020-06-17,468.37834541840857,473.0668763129085,460.9193373897534,463.7608642578125,36957838,-0.011258041632586813,468.89691772460935,452.7570495605469,0.02767727040375831,-0.7796378104716221
2020-06-18,464.1160500347648,485.38015409345786,460.3273475855015,483.035888671875,40870126,0.041562421281299056,469.76121520996094,456.61324005126954,0.02818708782094484,-0.4272494249668353
2020-06-19,482.08869292333486,493.9520611909721,479.34188954345046,489.3819274902344,47877752,0.013137820537119982,469.76121520996094,460.72871551513674,0.028160820288799834,0.21652240129504732
2020-06-22,492.2707963129874,495.3491168924699,484.8591648764592,487.2034301757813,29694474,-0.004451527921403575,470.36977233886716,465.2254302978516,0.02725162401286426,-1.3253230627401666
2020-06-23,492.0577425460753,494.89926945202,481.4256902585646,493.62060546875,28830512,0.013171449327960216,472.97450866699216,469.7221481323242,0.027227818859235916,-1.3077314592742564
2020-06-24,496.5568363808547,500.819126821892,487.8191641011337,488.97943115234375,39429246,-0.009402310732144037,474.89964294433594,472.7732391357422,0.024890688742027788,-0.3582323767729066
2020-06-25,483.9593654349899,496.79358275032274,476.9028959290515,487.2034301757813,70646790,-0.0036320566130503273,477.74826965332034,474.7504653930664,0.023209839400105577,2.4819529724860914
2020-06-26,493.00489948047465,503.42383107372194,486.8482580844649,500.3218078613281,39969138,0.026925872998910805,481.2386077880859,477.2320617675781,0.02374519937271002,-0.2544594859597725
2020-06-29,491.1105598728169,512.706152486314,491.1105598728169,509.6041870117188,46005956,0.018552817415792955,487.2152923583984,479.32532196044923,0.022733738592293988,0.2744541237668443
2020-06-30,508.63331181340817,510.7881594897228,500.2508306369776,504.7735595703125,35746130,-0.009479175337496204,490.78851318359375,480.8609313964844,0.022837108611398482,-0.6441240504968188
2020-07-01,504.7735489934417,519.0522328366897,502.61875917329024,513.6533203125,34846718,0.017591572644467313,495.7777587890625,482.33733825683595,0.022701649702051865,-0.6561549634406961
2020-07-02,516.3528763862364,526.2745191114437,513.9375320069659,515.9266357421875,36954496,0.00442577773721875,499.06683349609375,484.41402435302734,0.02202861011539954,-0.39496938587122693
2020-07-03,517.6314592299118,518.9575281785096,506.738939959749,508.6095886230469,27597254,-0.014182340302346774,500.989599609375,485.37540740966796,0.021427951128013236,-1.2080095717581103
2020-07-06,524.7115459040901,530.3709544341806,520.9465462623243,522.3673095703125,35558216,0.027049668852118458,504.5059875488281,487.43787994384763,0.021625330237745755,-0.4161267511134161
2020-07-07,525.3984297346702,526.4876472220212,517.6552791036895,523.3856811523438,24349850,0.0019495316099871207,507.4824951171875,490.22850189208987,0.02024838904720323,-1.3873863012837664
2020-07-08,524.261758839365,532.7389930603082,523.3145831233048,525.8482666015625,30056350,0.004705106650600088,511.16937866210935,493.03451080322264,0.020248089670698,-0.7685352462203139
2020-07-09,529.471221809998,535.0121765882539,524.3801523695173,532.7626342773438,20114484,0.01314897873576193,515.7252990722657,496.73678436279295,0.019081418941973603,-1.596061130220435
2020-07-10,529.4238245358104,530.4183473749359,520.7334997816465,523.3618774414062,17562978,-0.017645300610634962,518.0293060302735,499.6339569091797,0.01981410962989648,-1.601205477619576
2020-07-13,525.6351526699472,527.1032634047384,507.3546736953821,511.59326171875,29922114,-0.02248657426137013,518.2282135009766,502.7217529296875,0.01878524629397815,-0.518044578668287
2020-07-14,503.2344199505109,506.21804642380647,497.26722481493465,501.4584655761719,26612674,-0.019810261199549872,517.8967041015625,504.3426086425781,0.01763188876993118,-0.7257529593423229
2020-07-15,506.8336709933505,511.0012670090253,497.3145672016317,498.759033203125,20974394,-0.00538316243189807,516.407275390625,506.09251708984374,0.017420867645347914,-1.106820694345156
2020-07-16,498.9958415538396,504.60784592235433,489.7371761133544,503.2107849121094,23662456,0.008925656304196394,515.1356903076172,507.1012619018555,0.015065538386996593,-0.8018947120713638
2020-07-17,501.553210316007,522.8409599731156,501.1980194464601,520.2125244140625,28405738,0.03378651652889886,516.2959838867188,508.6427917480469,0.016497251308445576,-0.3402420411306778
2020-07-20,537.5221669572308,545.9994003595516,532.3837507560095,536.5986938476562,65124096,0.031498990632819135,517.7191223144531,511.1125549316406,0.017546260162089523,2.267036983981331
2020-07-21,545.5968656816383,548.3909875427954,537.0485824919947,539.2034301757812,47512422,0.004854160768539728,519.3008972167969,513.3916961669922,0.017440278422138838,0.8943244660713012
2020-07-22,539.1796396880089,542.0211661158772,529.2579997017701,533.425537109375,24718012,-0.01071560888350176,520.0586242675781,515.6140014648438,0.017498030255869396,-0.6819167838625424
2020-07-23,532.7862424039471,541.7370628385348,528.6423494074719,535.3436279296875,20149122,0.003595798638937664,520.3167236328125,518.0210113525391,0.017395488507725793,-1.011342370396256
2020-07-24,531.7917220922633,531.7917220922633,521.5385352402088,529.9920654296875,19598440,-0.009996499856915975,520.9797424316406,519.504524230957,0.01688273176229549,-0.9591419258533814
2020-07-27,520.8755063164347,522.3673193800389,509.2726057499696,511.2380065917969,37970094,-0.03538554642829583,520.9442169189454,519.586215209961,0.018501321213600146,0.6766560242149385
2020-07-28,511.001308830975,518.2945735498025,501.766345418367,514.624267578125,35596450,0.006623648755895273,522.2607971191406,520.0787506103516,0.018402445203032303,0.4660951764338727
2020-07-29,511.9483693935344,515.5002775993174,499.8955840063128,504.1815185546875,33592086,-0.02029198714740399,522.8030456542969,519.6051605224609,0.018567544926690115,0.29372712732742434
2020-07-30,508.6333376902901,513.2034718863025,495.7043665966615,497.5750732421875,26956266,-0.013103307180791446,522.2394744873047,518.6875823974609,0.018722612769675892,-0.2560481489619878
2020-07-31,500.9138114020133,500.9138114020133,483.08324741798464,489.12152099609375,37726696,-0.016989501083747194,519.1303741455079,517.7131790161133,0.01883176721423403,0.6601798289582704
2020-08-03,485.87737777143593,486.3509655689854,470.27268296658633,474.5349731445313,31783542,-0.029821930185891188,512.9240020751953,515.3215621948242,0.018540366243007488,0.14890363839363407
2020-08-04,477.3765030855376,502.50035903602105,475.0085640821371,493.312744140625,60306168,0.03957088952087506,508.3349334716797,513.8179153442383,0.02098946806725609,2.1921732050436633
2020-08-05,496.29630713217466,500.01401757537576,483.0595513733578,486.6351623535156,33221360,-0.013536203689085813,503.65589599609376,511.8572601318359,0.021044901849281268,0.08851548795416361
2020-08-06,491.1105716684257,499.635152468842,486.0195025792882,492.8628234863281,33646888,0.012797392409322983,499.40781555175784,509.86226959228514,0.02103026536339349,0.07080447993569153
2020-08-07,490.0923543054588,495.9411524436624,483.3437277280668,494.3546447753906,24836784,0.003026848887708544,495.8440734863281,508.4119079589844,0.020814436129112213,-0.6743596098135356
2020-08-10,494.4257025592764,503.8974593132856,494.3310081161424,497.5750732421875,22172854,0.006514409242093899,494.4777801513672,507.71099853515625,0.020364515188319634,-0.8442257798112619
2020-08-11,496.5567752254893,507.2125000157358,496.5567752254893,505.15240478515625,20136148,0.01522851917318735,493.5305938720703,507.8956954956055,0.02018488625287367,-0.9621273958378093
2020-08-12,504.3710889758005,504.8446768527731,496.3200950672666,503.7554016113281,20666432,-0.0027655083111447487,493.48798217773435,508.1455139160156,0.020152782866147887,-0.9182739995120192
2020-08-13,505.768046615024,507.3782566295072,500.3454896574793,501.55316162109375,19892740,-0.004371645412019842,493.885791015625,508.06263275146483,0.02008604392786772,-0.9520025738879307
2020-08-14,504.7972645640739,504.7972645640739,486.5167864313029,489.9028930664063,20924512,-0.023228382245726542,493.96392822265625,506.54715118408205,0.019062210788161876,-0.8290333130322952
2020-08-17,495.84646604229073,495.84646604229073,483.1543177737902,489.0978393554688,19561012,-0.0016432924204601296,495.4202148437501,504.17210845947267,0.01727843851789205,-0.9232100704027391
2020-08-18,486.8482377737888,502.7844781308231,484.0067110941752,500.3454895019531,24040824,0.022996728346431627,496.1234893798829,502.2292114257813,0.01824367114501925,-0.4329805618209101
2020-08-19,504.37099424589417,506.6442387528146,500.2271011006814,505.1287231445313,17715624,0.00955986162149558,497.97284545898447,500.8143707275391,0.018388742240250253,-1.004434249712905
2020-08-20,499.6114870686369,506.2417170726207,498.2144260136332,501.529541015625,19216734,-0.007125277110556438,498.83951721191414,499.12366638183596,0.018356055474283865,-0.8503469857418584
2020-08-21,504.56048129086855,515.6424479794565,504.1815879057319,514.150634765625,28924302,0.025165205073347297,500.8191162109376,498.3315948486328,0.019319046090571525,0.04745473797914277
2020-08-24,514.3163762281067,531.8154231788657,514.1506320521144,529.0213012695312,36779740,0.028922781570978717,503.96373901367195,499.2207595825195,0.01869577691514384,0.8346733065551379
2020-08-25,529.9448177732289,533.7335206706247,523.8828700129884,530.2763061523438,27601738,0.002372314460307612,506.4761291503907,500.0033615112305,0.018663101528121652,-0.038671706528959675
2020-08-26,530.8918760072479,535.9829443989321,525.4456167975393,529.6842041015625,25190062,-0.0011165915654001157,509.06900939941414,501.2784957885742,0.01795491625895519,-0.24132141681291633
2020-08-27,533.1651279730452,535.1068262437444,523.9064640600558,526.6769409179688,20645996,-0.005677464346316663,511.58138732910163,502.7335891723633,0.017687387894763717,-0.6628414662920669
2020-08-28,526.6059875241332,532.7863321009106,518.5786965782196,527.8136596679688,38696610,0.0021582846365340025,515.3724639892578,504.668196105957,0.01705572594080378,1.1377762638301172
2020-08-31,534.917488792034,544.0577576301962,521.2781352761166,528.4530029296875,38501166,0.0012113048800610482,519.3079803466796,507.36409759521484,0.01512366297886568,1.0565465115494996
2020-09-01,534.2070376515376,541.5949957589843,524.7352816648081,533.8755493164062,28877884,0.010261170542426257,522.660986328125,509.3922378540039,0.012906230803164748,0.4102604477000123
2020-09-02,532.3601692566277,539.4166408261281,530.7499587665834,537.1197509765625,19761682,0.00607670020533857,525.8600891113281,511.9164672851563,0.012227953651731443,-0.8296904827334334
2020-09-03,538.5877152462028,542.7079059029746,534.2070281800104,535.5804443359375,19833362,-0.0028658537278256624,529.2651794433593,514.0523483276368,0.012205065301616864,-0.7373307000816616
2020-09-04,525.682402790353,532.9756657065822,523.030322951089,530.0867919921875,23661370,-0.010257380383933756,530.8587951660156,515.8389556884765,0.01262840331368755,-0.14822325423167654
2020-09-07,528.6661441992501,530.1816022066531,520.4730512059954,525.9193115234375,17615466,-0.007861883245737222,530.5485961914062,517.2561676025391,0.012859078689098953,-1.004114909385126
2020-09-08,527.576796599215,529.8500411093245,522.3673309236393,526.8427124023438,14624918,0.0017557843164788256,530.2052368164062,518.3406829833984,0.012525152321028524,-1.34762903475108
2020-09-09,521.4201464776954,525.6824365033987,516.8026656165168,519.2890014648438,15728872,-0.014337696545247636,529.1657165527344,519.1173629760742,0.013022958448904536,-1.1226840221020522
2020-09-10,522.3673363118392,523.2434621677486,513.369168233938,516.47119140625,15188088,-0.005426284883071064,528.1451416015625,519.863264465332,0.013050516108611167,-1.1321264534888735
2020-09-11,519.2653076868147,523.2434566732622,507.21252159133104,510.8354797363281,20794730,-0.010911957459963872,526.4473236083984,520.9098937988281,0.01207394922305039,-0.3814098004392966
2020-09-14,515.2634699654749,518.104996454255,498.3800551824383,501.0321350097656,21650590,-0.019190806268238436,523.7052368164062,521.506608581543,0.012969437642730182,-0.2826938830844206
2020-09-15,505.7917994749095,509.6515518289854,501.1032684231921,506.9757690429688,16505110,0.01186278008512831,521.0152587890625,521.8381225585938,0.0122048781016156,-0.9029825236200731
2020-09-16,506.8336619858744,519.0522508698061,505.9575360808241,517.9393310546875,18710112,0.021625416205620418,519.097216796875,522.4786529541016,0.012940400212479653,-0.6226476967803529
2020-09-17,513.3691952247481,518.1050734094782,510.52766831390994,513.1797485351562,18318686,-0.009189459525769661,516.8571472167969,523.0611633300781,0.013019394116985222,-0.6658665422915956
2020-09-18,517.1578690147392,517.2525634487629,495.9411128025511,500.7243957519531,23481778,-0.02427093590258822,513.9209075927735,522.3898513793945,0.012928300416301872,0.04985334099510455
2020-09-21,499.6350961031733,507.3782445611491,493.241661224128,496.9356689453125,19842878,-0.00756649134490639,511.0225433349609,520.7855697631836,0.010855795707513896,-0.356371074015181
2020-09-22,499.185268712797,501.1269672278319,487.5586645161511,490.3528442382813,18620678,-0.013246834788499862,507.37355651855466,518.7893966674804,0.011004660679290155,-0.4755588857061832
2020-09-23,495.3728589758893,499.6351493494868,489.8555493189743,495.96484375,16079828,0.011444818925107736,505.0411407470703,517.1034286499023,0.011515388200760394,-0.7784290269305546
2020-09-24,491.5841803560392,495.8464709371609,485.42753840553,487.9849243164063,19809510,-0.016089687674750053,502.19251403808596,515.1688278198242,0.011862459770885765,-0.22186239646320058
2020-09-25,497.2672473425153,498.1907205346016,485.7353946449185,494.42572021484375,20321544,0.013198759997473442,500.5515380859375,513.499430847168,0.012396305261078969,-0.013827044139276087
2020-09-28,496.7699200515837,501.5295007611157,493.78635147587335,499.2562561035156,16152422,0.009769993127729748,500.3739501953125,512.0395935058593,0.012700203704391455,-0.9140434303855228
2020-09-29,501.0559371054442,506.6916439904781,497.74082220966153,503.2107849121094,12644446,0.007920839769654853,499.99745178222656,510.50635528564453,0.012584157253513997,-2.0002731890998597
2020-09-30,502.0030764299831,514.7426000261162,498.2143739663606,510.8117980957031,18813842,0.015105028372794704,499.2846984863281,509.1909576416016,0.013074657169240167,0.13600089530546922
2020-10-01,516.2580935562258,525.6825031478362,516.2580935562258,524.238037109375,21203080,0.026284120812644973,500.39052734375,508.62383728027345,0.014563134065256498,0.9210266835588212
2020-10-05,526.6296948488595,536.1014519504577,526.1561069937795,527.7426147460938,16940126,0.006685088430520736,503.09234924316405,508.5066284179687,0.014486971421575056,-0.44907853970206707
2020-10-06,537.5458522321513,543.6787910802993,533.3545539789349,541.831787109375,19371990,0.026697052634379048,507.5819610595703,509.3022521972656,0.0155380893972543,0.4177268078486112
2020-10-07,542.2106321782777,551.658684764672,538.7534184429076,550.4273681640625,21248778,0.015863929099737994,513.5894134521484,510.4814849853516,0.015862114754374147,1.010930622946151
2020-10-08,558.8335771393595,569.7260960158046,550.948329086166,564.4219360351562,35060674,0.025424912859570048,520.4351226806641,512.7381317138672,0.01615470782075971,3.478291149428581
2020-10-09,568.7789683314858,585.8281297469175,564.350933803847,584.1942749023438,44972388,0.03503113115354872,530.0560577392578,516.1242858886719,0.017360751414803033,3.3651090423364582
2020-10-12,583.2470075456893,588.5511671386101,570.957370938148,574.769775390625,19220546,-0.016132474960139254,538.090463256836,519.3210006713867,0.017670006685312108,-0.24244007811150842
2020-10-13,574.6514615247294,578.9373965283816,565.9374342386844,567.5712890625,18353952,-0.012524121198322913,544.9219665527344,522.6479583740235,0.01722586729498553,-0.33990206106056486
2020-10-14,566.1980055233097,575.0777781551355,556.7025455312693,573.751708984375,22582918,0.010889239891051616,551.9760589599609,525.9867553710938,0.017210971354245066,0.21104935069688874
2020-10-15,575.0303662916343,576.3564354466505,551.2562784387027,553.7426147460938,28246896,-0.034874134446937544,556.269140625,527.7769195556641,0.019103821563750872,0.9234541145774945
2020-10-16,558.8335854942584,569.9628984257118,555.5184710040381,567.9974975585938,25822848,0.025742795358157933,560.6450866699219,530.5178070068359,0.019473869869799258,0.5353422144264118
2020-10-19,584.8808842087241,584.8808842087241,564.8007516016243,569.986572265625,42359556,0.0035019075182212145,564.869482421875,533.9809158325195,0.0182055857688814,2.2717171375899587
2020-10-20,571.8572699084973,581.281678713912,571.0995409888332,579.6477661132812,27411978,0.016949862185795306,568.6510803222657,538.1165206909179,0.01802197645263151,0.48262117347918543
2020-10-21,582.7971231389221,592.4583256225468,578.5821802433544,590.421875,35640752,0.01858733789135858,572.6505310058594,543.1199722290039,0.017454512088307946,1.2879477098992507
2020-10-22,587.2251793734391,591.9847599679864,579.1978891526778,584.0758666992188,21913060,-0.01074826081059621,574.6159240722657,547.5255233764649,0.018018938762132963,-0.284152519437963
2020-10-23,588.9064295975948,591.250666084375,583.0812765302468,585.2598266601562,15866230,0.0020270653667449068,574.7224792480469,552.3892684936524,0.017159803053689013,-0.9351107784134799
2020-10-26,582.4183510706442,588.1960996171958,570.4839027686133,573.467529296875,19571976,-0.02014882420783115,574.5922546386719,556.3413589477539,0.018337690857384317,-0.5143851965956788
2020-10-27,580.6185567469563,585.3544340450554,567.2870505906068,583.9810180664062,24317780,0.018333189295689944,576.2332275390625,560.5775970458984,0.018490293801230767,-0.02980393082965238
2020-10-28,581.5657719923105,583.4601230411454,569.0156962937793,572.8517456054688,16571186,-0.019057592826881797,576.1432312011718,564.0596450805664,0.019457517321355842,-0.9655565242444024
2020-10-29,568.5894962307826,570.4127976829093,558.1232175029422,562.243408203125,23060024,-0.018518469191590614,576.993310546875,566.6312255859375,0.020132305341185867,-0.22961230174577194
2020-10-30,560.0413047538221,567.973900810896,557.1050255565358,560.514892578125,11522716,-0.003074319057868813,576.2450500488281,568.445068359375,0.01956098420819556,-1.4607464918445119
2020-11-02,565.6295910686702,580.1450690524712,557.6496480075795,575.527587890625,21926080,0.026783758132541635,576.7991516113282,570.8343170166015,0.020236085073588247,-0.3236713502730409
2020-11-03,580.8318375389686,592.3400462511466,580.3819521733202,591.0139770507812,28164230,0.026908161287134247,577.9357727050781,573.2934265136719,0.020248303429916042,0.3429616419935365
2020-11-04,592.9319331329635,598.9938801743824,582.5130014005952,595.4893188476562,23404822,0.007572311266152099,578.4425170898437,575.5465240478516,0.02008867830938451,-0.2195782213084527
2020-11-05,599.562178822435,604.2980570121856,593.0976935312227,601.07763671875,21433928,0.009384413278659354,580.1426940917969,577.3793090820312,0.019505644864997663,-0.38130069309681225
2020-11-06,599.6806216428098,620.400090307665,599.3254307514122,619.2871704101562,35705724,0.030294811483606576,583.5454284667969,579.1339538574218,0.019125577768461768,1.569267326727401
2020-11-09,622.8626069068144,637.4254307157104,622.8626069068144,634.8681030273438,26288440,0.02515946294651661,589.6854858398438,582.1388702392578,0.019169430305504765,0.24451296229039554
2020-11-10,642.6586806298552,660.6550180387974,640.0776500995573,660.0156860351562,41517356,0.03961072053848236,597.2889526367187,586.7610900878906,0.020157479332274002,1.9686784061340679
2020-11-11,662.9755387185547,670.0320081381958,649.0520465517408,658.2633056640625,36116194,-0.002655058672348609,605.8301086425781,590.986669921875,0.020274214342010828,1.1715247868517396
2020-11-12,652.3198464713761,657.6003619970146,644.0794071994167,649.620361328125,27053948,-0.01312991968649746,614.5678039550781,595.7805572509766,0.018402077927902476,0.09247404038568857
2020-11-13,648.2469862706338,648.2469862706338,637.9227493848422,643.5111083984375,22472480,-0.009404343357091505,622.8674255371094,599.5562377929688,0.018314237855441524,-0.4350143760245105
2020-11-14,647.7734471589163,651.1595538431708,646.542072570809,648.6732177734375,1835066,0.008021787514822298,630.1819885253906,603.4905700683594,0.01830423390956599,-2.443221023467117
2020-11-17,656.2980017294028,668.9901201865498,653.8353104626648,667.0247192382812,31059900,0.02829082650866188,637.7830627441406,607.8594177246093,0.01880898410583801,0.736630966642033
2020-11-18,664.4437000382147,672.0211050279592,662.5730513057764,667.1431274414062,18862776,0.00017751696407919404,644.9484436035157,611.6954803466797,0.018672966564653656,-0.5145159798610872
2020-11-19,658.14492720945,662.7624081519232,647.8680953131696,650.8753662109375,20266882,-0.024384214662988457,649.9282165527344,615.0354553222656,0.019555937606845566,-0.3463082433040263
2020-11-20,650.070363791555,667.0011291667048,646.4711077495306,664.7515869140625,20405362,0.021319320753995008,654.474658203125,619.010043334961,0.019843614666020595,-0.36210327919539304
2020-11-23,670.126779466313,674.2233257581156,651.349010444153,660.465576171875,25246636,-0.0064475374358776705,657.0344055175781,623.3599456787109,0.019094876427586782,0.15890131388689213
2020-11-24,666.8116839168157,684.3344341333797,663.9938593712611,681.114013671875,40154400,0.031263457544116635,659.14423828125,628.2165954589843,0.019698894295093736,1.640547430284265
2020-11-25,687.3180708165835,693.5220600982908,661.6022274002418,664.3490600585938,24152602,-0.024614019498588324,659.7528137207031,632.7914611816407,0.02013357003190981,-0.09504469931773155
2020-11-26,670.1267941015735,678.1777873875996,656.8663345716484,675.6441040039062,27943126,0.017001670694493543,662.3551879882813,638.4614959716797,0.019253162108912227,0.28773664899289336
2020-11-27,678.0829620431563,684.8078849535682,670.387161123035,682.368896484375,17994580,0.009953157943090485,666.240966796875,644.5541961669921,0.019027832381332523,-0.8578543847982548
2020-12-01,682.3688877329034,686.2286393993865,675.0993274422535,678.7933349609375,17147574,-0.0052399245362136915,669.252978515625,649.7174835205078,0.0188929635677248,-0.9093089283524673
2020-12-02,677.7040786729938,678.0829720021048,660.5602250343195,666.3142700195312,17892150,-0.018384188969864268,669.18193359375,653.4824981689453,0.019275170316412044,-0.7596410105568705
2020-12-03,676.7569689192239,678.1777323249325,650.7333423290647,652.22509765625,37933222,-0.021144935651563168,667.6901306152344,656.319287109375,0.02021351493611165,1.2872246907265301
2020-12-04,654.0246939101837,663.7095404385426,650.3780912973605,656.2031860351562,26912322,0.00609925682590462,668.2229125976562,659.0755645751954,0.020187234910277876,0.11138443766621023
2020-12-07,651.1832869841245,653.5275236928608,643.17964084008,649.8809204101562,24316318,-0.00963461586219927,666.7358459472656,660.6052520751953,0.019473058976976668,-0.1037819371775021
2020-12-08,651.1832628950788,657.7187980398132,646.5184343558151,651.7989501953125,19457896,0.0029513557405957958,665.8691833496093,661.4517944335937,0.018737831350999216,-0.5854989393837071
2020-12-09,652.1304106028376,667.7825107573249,651.206937503077,666.4327392578125,22069074,0.02245138482980824,664.4010559082031,661.7726470947266,0.0172325143674631,-0.222556229958888
2020-12-10,662.075820300447,663.9701717176157,651.5384905424463,656.3217163085938,19727966,-0.01517185809400523,663.5983215332031,661.6755676269531,0.01758164205627771,-0.42382920448626976
2020-12-11,658.3107086284568,660.6549449862631,650.2360139542217,654.877197265625,21356384,-0.0022009313528329466,661.521630859375,661.9384094238281,0.017320012763399284,-0.18757308592940147
2020-12-14,654.9719120410531,657.3398509855255,647.8680952076361,649.83349609375,17222050,-0.0077017510961360225,658.2680908203125,662.2545288085937,0.017272655588839246,-0.6623119786250761
2020-12-15,653.9300382066189,660.6312591314887,646.9209158475564,658.9027099609375,21561436,0.01395621173993633,656.2790283203125,662.7660034179687,0.017456311029954458,-0.31128096961115226
2020-12-16,664.9173774239054,670.9793253567364,660.4182926051539,668.0903930664062,16832092,0.013943914581886263,656.456640625,662.819287109375,0.016543567254096135,-0.9416809400159413
2020-12-17,671.831637116775,684.3343665170745,665.1540607427205,682.8189086914062,21924478,0.022045692885058532,659.5160217285156,663.603076171875,0.01724895575988708,-0.17343462070155924
2020-12-18,679.5985574538313,681.824397200528,666.0066094291611,668.398193359375,22995918,-0.021119384874194402,660.7355224609375,664.4792175292969,0.017006809688339945,-0.026335246315304265
2020-12-21,671.3107140052659,674.3179850066851,647.2524303718895,650.0703125,23761824,-0.027420602032538266,660.7544616699219,663.7451538085937,0.017497267392800036,0.06869665939461692
2020-12-22,655.8245211990293,655.8245211990293,636.9757003974331,650.2835083007812,22851558,0.00032795806343055567,660.6029174804687,663.236050415039,0.0174511771826706,-0.057234133365413775
2020-12-23,647.6313366151035,654.0010695985399,644.5767183346328,651.4910888671875,15467394,0.0018570062918583652,659.1087524414063,661.7549041748047,0.01578135396210649,-1.2828936186271414
2020-12-24,658.0029330191164,664.9173036746126,652.1304324501009,661.6495361328125,14952188,0.015592611225563324,659.6415344238281,661.6199279785156,0.015316777206823047,-1.2434724852207357
2020-12-28,665.3909284869355,672.9683340782458,664.9173406374786,669.1085815429688,11699194,0.01127340835716839,661.0646728515625,661.2931518554688,0.015031211489154392,-1.6421684015099165
2020-12-29,672.9919612810602,679.4800909681309,672.4946709703752,675.9044799804688,14495346,0.010156645161878863,663.6717712402344,660.9699310302734,0.015038639773570107,-1.0719965927882988
2020-12-30,681.9191122043819,681.9191122043819,669.1795883098822,678.41455078125,16216726,0.003713647231416095,665.6229553222656,660.9509918212891,0.015019235685485766,-0.7534390196449169
2020-12-31,679.5984851060285,683.8607752565193,674.8863096751678,680.2141723632812,22145750,0.0026526871806609176,666.8353332519531,661.6459869384765,0.01438119314533407,0.2572844005130926
2021-01-01,681.9664673920958,683.3872308658292,672.7788520330828,674.8863525390625,8810938,-0.007832562214498129,666.0420776367188,662.7790496826171,0.013581745743572885,-2.2563898042444555
2021-01-04,681.0192736609507,681.0192736609507,662.5493489928165,670.600341796875,15740192,-0.006350714792294543,666.2622924804688,663.4989074707031,0.013659271725128057,-0.6821656193815898
2021-01-05,672.1157552191057,677.5857172103831,667.2851829805555,675.6676635742188,14386824,0.00755639605516123,668.8220275878906,664.7882446289062,0.013483036646759337,-0.9047043042524093
2021-01-06,679.5985087322957,681.9664477871121,669.2269241099976,672.7551879882812,22134050,-0.004310514980886859,671.0691955566406,665.8360565185546,0.013554623734756311,0.8913986549649159
2021-01-07,678.4145520741395,678.4618992939315,668.9664981906012,670.71875,19894842,-0.0030270119422947106,672.9919616699219,666.0503570556641,0.012667023554581264,0.40064654643851944
2021-01-08,678.1778291530658,682.9137078482687,673.9628855521313,678.0120849609375,13768764,0.010873909460466846,674.6282165527343,667.1348754882813,0.012316166549289444,-0.9622129162347037
2021-01-11,686.7023588514919,693.758829135686,680.2142286543354,687.3890380859375,17331392,0.013830067830634896,676.4562622070313,668.7604675292969,0.012568055374255356,-0.08945060282967673
2021-01-12,687.8625898545131,704.5565601168332,686.276082257034,701.383544921875,20388156,0.02035893222112728,679.0041687011719,671.3379699707032,0.012930198257725319,0.5904165231633985
2021-01-13,707.019262506273,708.9136137714456,692.4327346400382,696.48193359375,16934650,-0.006988489199117098,680.8109069824219,673.2169311523437,0.0129213659901437,-0.16784097934144387
2021-01-14,696.7187145853906,704.6986575797872,689.5438477393617,695.5820922851562,12297166,-0.0012919808327988003,682.3476989746093,674.5915161132813,0.01268017571527445,-1.1759061192499478
2021-01-15,695.7478524799448,696.9555245413233,684.3343976182036,694.5875854492188,14165236,-0.0014297476127803632,684.317822265625,675.1799499511719,0.011791575391973062,-0.6691173251846566
2021-01-18,696.1267159476713,711.731410769727,694.7532997710615,702.3780517578125,42825632,0.011215959616605264,687.4955932617188,676.8789428710937,0.010784260820589909,3.496497034010517
2021-01-19,706.4983186612751,715.8990251352752,694.7533178392471,712.2050170898438,17360254,0.013990991471669378,691.1493286132812,679.9856781005859,0.00845303570282361,-0.047808117197567605
2021-01-20,710.8553078986365,710.8553078986365,703.751490697784,706.593017578125,13346052,-0.007879752847922972,694.5331115722656,682.8011535644531,0.00886117158554814,-0.559516775567233
2021-01-21,706.5930756304524,707.7059955211522,695.2980169153192,698.4473876953125,26333054,-0.011528036196468472,697.3059753417969,685.1489685058593,0.009527685038213406,1.1910882883240113
2021-01-22,695.1796187343615,695.1796187343615,682.0375558560813,683.6477661132812,15392364,-0.02118931481849473,697.8695434570312,686.2488800048828,0.010569481025415923,-0.3326244910890801
2021-01-25,693.853475383822,701.3835329786784,689.1412998903074,692.7879028320312,20344718,0.013369657844000793,698.4094299316406,687.4328460693359,0.010679342531571753,0.3014932839057724
2021-01-27,695.2268743824932,697.0738783221417,665.9354811895471,667.5693359375,23556276,-0.036401569356856345,695.0280090332031,687.0160888671875,0.013470344104355601,0.6882816600285163
2021-01-28,658.2396825593556,663.6385949413054,635.5548157983885,649.501953125,42704446,-0.02706442887633098,690.3300109863281,685.570458984375,0.014664759989741708,2.56057756171044
2021-01-29,658.9264028315245,667.1668424746923,646.2105814067206,658.5238647460938,28704502,0.013890507299763932,686.6241882324218,684.4859436035156,0.01506515545953608,0.9240738010343859
2021-02-01,667.877141365812,702.0938571705842,663.4964545672772,699.3707275390625,26370544,0.06202791573653599,687.1025024414063,685.7101623535157,0.020603194311907998,0.5914744748431219
2021-02-02,710.8553173311757,747.5583733559366,709.1504127425507,739.0574951171875,42420206,0.05674639503110801,690.7704467773438,689.1330200195313,0.023837059439552263,2.0222657620939364
2021-02-03,747.7951369461741,749.0738008830458,730.2723883286894,745.8060913085938,20237254,0.00913135478091065,694.1305541992188,692.63994140625,0.02384807005639078,-0.26780373755461906
2021-02-04,741.638600827289,752.0575339168167,730.9591712861155,747.8425903320312,24484684,0.0027306012208405672,698.2555114746094,696.3943115234375,0.02375180758246957,0.15942742929980175
2021-02-05,733.1139969095794,766.383543603958,733.1139969095794,756.6039428710938,27054716,0.011715503572981234,704.0711669921875,700.6885711669922,0.023699723071000864,0.3876277685640814
2021-02-08,767.2122882010688,772.7295980086683,755.7040807536468,760.2268676757812,17447580,0.004788403283942033,711.7290771484375,704.7993103027344,0.023677036643523112,-0.6337186771306144
2021-02-09,762.4763521662492,771.0009325010271,751.4417333862714,763.3524780273438,18421366,0.004111417899657077,718.7855346679687,708.5974822998047,0.023607531934079197,-0.5391486419156953
2021-02-10,761.6949586277138,764.7732794572811,742.1121138356696,749.0975341796875,19788006,-0.018674130572673198,726.9383544921875,710.9831817626953,0.023927088034154654,-0.39155160601143324
2021-02-11,749.2159471102909,756.698657949199,740.7860606113193,744.6458129882812,13648618,-0.0059427791285966425,736.4527404785156,713.3913757324219,0.023903947432140547,-1.0046930575059996
2021-02-12,745.3798525902982,754.1885741389179,744.9536120066047,749.1921997070312,9910106,0.006105435147087279,745.5195739746093,716.0718811035156,0.023881230816077834,-1.357562488011694
2021-02-15,757.7878518274786,769.5801999926454,756.1776416929837,765.60205078125,10355244,0.021903392855178838,752.1427062988281,719.6226043701172,0.024170931321376824,-1.2644269335388074
2021-02-16,767.7804841834933,777.1575453320123,761.7422400012975,770.361572265625,13897358,0.006216704199679457,755.2731140136718,723.0217803955078,0.024130741062624975,-0.848632160897487
2021-02-17,767.2122372237433,768.0647183895073,749.6894885957936,751.3470458984375,12794426,-0.02468259977099585,755.8272094726562,724.9788818359375,0.0249013305948563,-0.9279280210127158
2021-02-18,760.5582975853896,760.5582975853896,733.1139079415677,736.0975341796875,14720560,-0.020296229022255807,754.6527038574219,726.4541076660156,0.025337001684297603,-0.7313087437913396
2021-02-19,731.6931664576377,740.7860292853279,726.0101127375784,728.8989868164062,17139508,-0.009779339053626046,751.8822082519531,727.9766876220704,0.025289570163597584,-0.41880927217872654
2021-02-22,731.7168916782571,745.3798888586701,729.064753611122,733.1139526367188,29451838,0.00578264738536971,749.1709167480469,730.4499969482422,0.024675142372815186,0.8424646974950453
2021-02-23,735.8370774568311,737.7077262268455,721.1085077743629,724.1868286132812,18239906,-0.0121769937556504,745.2543518066407,732.0199432373047,0.02481364689792194,-0.359266556143611
2021-02-24,722.931841154258,764.3470748323017,718.0775657714667,760.795166015625,14314332,0.05055095723356873,746.4241149902343,736.6812347412109,0.025251367950596782,-0.7234365346112064
2021-02-25,762.3579920072215,774.908069216845,758.6876864081806,760.771484375,20109570,-3.11274856661381e-05,748.0366821289062,742.2447113037109,0.02403439692615349,0.01698772647254199
2021-02-26,751.6075668233725,752.4836927211386,720.3270684390092,726.6731567382812,27912846,-0.04482072256524139,745.7847778320313,745.6521759033203,0.02673707283094502,1.0165574062501372
2021-03-01,740.6913483244873,744.7405472981088,729.6567290261943,738.2760620117188,13536018,0.0159671582276657,743.0521789550781,747.5974426269531,0.02336154069312802,-0.7365468301591116
2021-03-02,746.2322673582679,751.8206264779094,734.53467191637,742.6803588867188,16110038,0.00596565038692809,740.2840576171875,747.7785858154297,0.019678113918237643,-0.33198793060578413
2021-03-03,750.1631036638017,755.8461574794367,741.1649351223799,751.5128173828125,11222410,0.011892678176293359,740.300634765625,748.0639221191407,0.01975193918696389,-1.0877707963165557
2021-03-04,733.3744250896104,744.0064482821596,728.8989856058892,735.031982421875,16291438,-0.021930211407881206,740.1940795898438,747.4233917236328,0.02036979900983073,-0.1486058581311322
2021-03-05,725.0630043578303,731.9773754629191,720.3744730417781,724.5894165039062,17445822,-0.014206954483206635,739.7631225585938,745.8226654052735,0.020365173935300022,0.15992305497156903
2021-03-08,730.2724872073204,736.4291294470709,716.301645201733,719.6167602539062,15117050,-0.006862722718188108,738.4134033203125,743.7921600341797,0.020328497226625625,-0.2775533890525657
2021-03-09,731.6931703125,741.4964149068451,728.496452578125,739.98095703125,15066696,0.028298669378070906,739.9928161621094,742.623583984375,0.021434723261766805,-0.25489298938573984
2021-03-10,744.4800426906737,745.9008061309231,735.0793361565595,736.7842407226562,11055016,-0.0043199980732190335,737.5917236328125,742.0079193115234,0.021060679280903973,-0.9508339513025901
2021-03-12,757.7404748656829,757.7404748656829,726.9809705885083,734.9845581054688,15631204,-0.0024426182289435383,735.0130310058594,741.5248565673828,0.02102862417722768,-0.07566879543381545
2021-03-15,733.303371388489,733.303371388489,717.6276265503748,723.9500122070312,12230386,-0.015013303037115011,734.7407165527344,740.2627471923828,0.021211908510058247,-0.7859058368428874
2021-03-16,725.0155744712979,729.5146585706096,715.1175778906098,716.1358032226562,13722366,-0.010793851581758607,732.5266906738282,737.7894348144531,0.020563389480294503,-0.5356303927233316
2021-03-17,721.8661411470307,728.8515605873579,705.7404548400427,708.179443359375,21064428,-0.0111101271958155,729.0765991210938,734.6803283691406,0.020513634632030098,0.9007637606175377
2021-03-18,715.9463312672258,720.8243085586888,701.4545566632114,706.119384765625,18065540,-0.0029089500028096626,724.537255859375,732.4189453125,0.01992764603607845,0.23751144024969909
2021-03-19,703.2779667365531,715.6859454495183,698.0922028335087,709.1978149414062,21235020,0.004359645468171136,721.9538391113281,731.0739593505859,0.019554739477053208,0.8176051964579264
2021-03-22,707.9664315664949,707.9664315664949,691.6276520560606,695.7715454101562,14015632,-0.018931628451730687,719.0720520019531,729.4175872802734,0.01985900141305826,-0.6240138532732308
2021-03-23,696.1741346833069,713.9099764186892,695.7478940590526,710.4528198242188,19761428,0.021100711161460284,718.1556579589844,728.2845306396484,0.020466589590877514,0.7790760519761659
2021-03-24,706.0721372637486,713.4363936460627,696.6477274847226,700.3417358398438,16368900,-0.014231886625316936,714.1917358398438,727.0922760009765,0.02052875718702319,-0.035954012728089756
2021-03-25,705.7406026954393,708.2743439839369,686.8207908973509,693.0247802734375,23964356,-0.01044769316458316,709.8157897949219,723.7037567138672,0.016535649099833828,1.612835631187003
2021-03-26,707.5401996278873,709.9081387163341,698.0684432741003,706.2615356445312,12021258,0.019099974124837438,706.9434875488281,720.9782592773438,0.01734284032309437,-1.0407713713282176
2021-03-30,713.5311419893512,740.0047142264807,711.1158555293341,735.8134155273438,25607644,0.041842686301532206,708.1298278808594,721.4352722167969,0.017319471338644928,2.2274308706037633
2021-03-31,733.1139368392285,733.1139368392285,704.698667969491,707.3744506835938,30774506,-0.03864969602839918,707.2536926269531,719.8901916503906,0.019019005706901106,2.6185937509224813
2021-04-01,710.0975869218903,710.0975869218903,693.8061543963869,704.106689453125,35763762,-0.004619563552671235,706.8464172363281,717.9615081787109,0.018933803130895842,2.656908246812207
2021-04-05,700.9099594168414,703.2778984689253,677.704156706419,686.5128784179688,16006586,-0.02498742207494331,704.8857666015625,714.7115112304688,0.01925217497939206,-0.4004702142841563
2021-04-06,691.4382599253059,692.6932792880586,678.4856438101414,682.0848999023438,15075734,-0.006449956956130265,702.1744750976562,712.0641571044922,0.01881385729590816,-0.5345164219156258
2021-04-07,681.6349234429235,689.8753046696546,673.2287402423026,685.376220703125,25088180,0.004825382883058227,701.1349426269531,710.1034973144531,0.018728322146633312,0.945312519903168
2021-04-08,688.123091309579,691.8644465891563,677.4673655322455,678.556640625,17613592,-0.00995012647379101,697.9453247070312,708.0504913330078,0.018777860825585822,-0.21386239154032094
2021-04-09,675.3362957904267,678.5567163982668,670.1741764974265,673.3235473632812,28157816,-0.007712094979865913,695.243505859375,704.7176208496094,0.01731158629790937,1.258701311032087
2021-04-12,659.7079173316889,662.5494446138067,640.7644021175701,647.4183349609375,22549128,-0.038473646887574264,690.682861328125,700.2493255615234,0.018897791190471126,0.35796702106153844
2021-04-13,647.8681060041231,666.0775336661652,644.5529914266166,663.1886596679688,18600682,0.02435878605134456,686.3755737304688,696.6595306396484,0.020096103343311446,-0.27937507035337533
2021-04-15,665.3908509916752,680.4035609465851,658.7606218714734,677.2778930664062,34444984,0.02124468383625766,680.522021484375,694.3259246826171,0.02076340321473091,1.9017475228206184
2021-04-16,679.5748774288545,684.3344585521887,674.1523195495091,676.59130859375,15606526,-0.0010137411536462748,677.4437072753906,692.3486999511719,0.02068823611547546,-0.8918084766564516
2021-04-19,658.2870680749406,671.4054275301584,649.9045868073125,668.8954467773438,24069242,-0.011374461537795422,673.9225830078125,690.3845001220703,0.020694020582577008,0.34617861296311186
2021-04-20,674.8626741907973,675.5257087311528,655.4218701712806,658.9501342773438,23186270,-0.014868261621327039,671.16630859375,688.0260375976562,0.020874022823060306,0.17825232100583388
2021-04-22,653.551168270815,675.7151005800558,649.3125805575211,673.6786499023438,38485312,0.02235148740223325,670.32568359375,686.2500793457032,0.02159422064311045,2.0498602396099
2021-04-23,667.285193457898,679.4090292715103,663.1175977980581,669.7241821289062,22713528,-0.005869961552159575,668.7604797363281,684.9477111816407,0.021261106096571898,-0.07899469458293104
2021-04-26,669.1796620682331,676.7570680081424,664.3253863879788,665.2962646484375,30170952,-0.00661155382861256,667.4344421386719,682.6898834228516,0.020589977100620088,0.8545020476275643
2021-04-27,666.4564553260143,682.9136319631285,665.2961882990259,681.3507690429688,20592906,0.02413136109070879,668.2371643066406,681.7403350830078,0.02127175196992446,-0.47167189282401806
2021-04-28,680.1905215976332,700.4364013527586,677.7041854873546,699.39453125,24103940,0.02648233923970711,673.4347839355469,682.0588226318359,0.022012927810986297,0.009938914545357756
2021-04-29,703.8462235347221,712.110366015842,691.9118331106085,697.3580932617188,24078552,-0.0029117156301488034,676.8517272949218,681.6136505126954,0.02159012192448645,-0.0829102623196012
2021-04-30,684.3343816732215,688.5019775026257,666.5748388962347,668.8480834960938,35232902,-0.04088288361618708,676.0087463378907,678.2653839111329,0.020984535431406538,1.4225589599979487
2021-05-03,659.7078363110799,673.394535934582,652.2725306270976,669.8662719726562,22473700,0.001522301553501304,675.3362426757812,676.3899749755859,0.019412396719017153,-0.31788443633696434
2021-05-04,667.7351002247756,673.9154441830442,655.1140315140075,657.505615234375,21486328,-0.018452424394918343,674.1972595214844,674.0599212646484,0.01973413090514561,-0.38290397611989
2021-05-05,663.4964825368345,667.5693258995556,654.3562152204534,664.2542114257812,14421612,0.010263936968813114,674.7276672363281,672.946987915039,0.019257258736142993,-1.428392900139744
2021-05-06,666.622172836726,668.1376884767826,660.6549781447178,663.4491577148438,11477044,-0.0012119662880413218,673.7047180175781,672.0152008056641,0.01922154506533684,-1.766454195061235
2021-05-07,669.1558806243075,674.8389344089317,667.8772166471722,670.0083618164062,12048334,0.009886521107592916,673.7331359863281,671.2468078613281,0.01933811380727526,-1.4905798081691415
2021-05-10,675.8098094461626,677.2305728857831,669.0848856230303,672.4236450195312,11060050,0.0036048553134129246,674.4458740234375,670.9401580810547,0.019243552223331975,-1.500847659426456
2021-05-11,661.1285516758652,674.4837041655442,660.6786664019221,664.7041625976562,14519034,-0.011480087708175102,672.7812133789063,670.5091888427735,0.0193383879634282,-0.9570821222802244
2021-05-12,662.9044687176398,667.0957088419191,657.7423505585303,662.7860717773438,13774926,-0.0028856308238188744,669.1203674316406,671.2775756835938,0.017173088453850082,-0.9696306596718604
2021-05-14,660.3471969061856,662.5020447148758,654.6641427937886,656.7952880859375,10604142,-0.009038789356784815,665.0640869140625,670.9579071044922,0.016421655352875986,-1.2578577149357537
2021-05-17,660.7260994627449,683.1978197859106,654.166919312643,682.0848999023438,15120692,0.03850455731816593,666.3877685546875,671.1982574462891,0.017994724908090298,-0.6470727396051325
2021-05-18,690.9409231735007,702.2123363536926,689.0702744188992,699.3471069335938,22165280,0.025308003495930542,669.3358520507812,672.3360473632813,0.018821197862765034,0.2000756849773832
2021-05-19,696.2688699233435,700.3654165997244,687.9100901877404,690.5858154296875,10130916,-0.01252781546823234,672.6438720703125,673.4205657958985,0.018865478878201086,-1.1955935810707317
2021-05-20,690.6567745433202,694.2323856507859,676.5201899075936,678.556640625,10684184,-0.017418797976907263,674.0741149902344,674.4008911132812,0.018992035261455997,-1.0248512713396234
2021-05-21,683.3872458173004,711.2815808574237,683.3872458173004,709.1030883789062,19341646,0.045016798783032774,678.6395080566406,676.1721130371094,0.020875858634587456,0.14627841469502514
2021-05-24,711.9209177142021,720.06660540615,709.6713754829415,715.0939331054688,22146102,0.008448482068042162,683.1480651855469,678.4406005859375,0.020809324504000942,0.5493269268552515
2021-05-25,715.354314675395,716.8934749022702,696.4108041907768,700.41259765625,19236974,-0.020530639080465263,685.9469604492188,680.1964172363281,0.021389521929116525,0.2323664175060902
2021-05-26,700.9099392941847,704.2250538719275,696.1740613259808,699.5128784179688,12283990,-0.0012845560478094153,689.42783203125,681.1045227050781,0.020801876671813133,-0.7702856151697829
2021-05-27,697.6422519596574,705.172310355068,692.5985297827585,702.1650390625,20439496,0.0037914393377995737,693.3657287597656,681.2430480957031,0.019970990721343153,0.5172013959010365
2021-05-28,706.0720111591569,716.5382892146984,700.3179082460247,712.0155029296875,17750020,0.014028701685773859,698.8877502441406,681.9759185791015,0.020181890969046525,0.1505589060101452
2021-05-31,710.3816459911758,719.6166073890611,704.4617989412493,717.8880004882812,15661054,0.00824771024567661,702.4680603027343,684.4279144287109,0.017612232028017396,-0.040932125036152
2021-06-01,719.9955698673149,723.168585066384,713.8152258292779,715.9226684570312,11030162,-0.0027376582836226016,704.1256164550781,686.7307342529297,0.017665501590854074,-1.0006734011032266
2021-06-02,715.1175888548506,715.2122832918838,707.0665961326437,712.2760620117188,10624016,-0.005093575893010516,706.2946411132813,689.4692565917969,0.01703397686478366,-1.0027157834698532
2021-06-03,714.1704026204795,722.1976927085534,704.5802496675188,720.1139526367188,10287260,0.011004006793184917,710.4503723144531,692.2622436523437,0.01704876723125865,-1.0052803614576022
2021-06-04,717.959185353156,720.1613804324387,710.0028862960756,710.8316650390625,9424476,-0.012890026035003,710.6232299804688,694.6313690185547,0.0174387338197209,-1.157835596410818
2021-06-07,715.1176582521152,717.0120096647036,708.4874283080559,710.3107299804688,8091668,-0.0007328529161192421,710.1449096679687,696.6464874267579,0.017398797052100214,-1.3579256243988502
2021-06-08,708.7479282364206,710.9974705499297,701.6204078871059,702.3544921875,9872540,-0.011201066599666243,710.3390991210938,698.1430297851563,0.01768728893941622,-0.9394056395841619
2021-06-09,702.7570287371487,711.3289573399608,697.1450242244664,701.0521240234375,10223442,-0.001854288936070203,710.4930236816406,699.9604278564453,0.017420782615243866,-0.8009605359222098
2021-06-10,701.9045201388227,705.1722877692647,697.9027260492259,701.4072875976562,11483540,0.0005066150747541354,710.4172485351562,701.891488647461,0.01737889718533789,-0.5015608138796855
2021-06-11,706.1194924532565,708.7479281753265,701.4073164160874,703.9172973632812,7205974,0.0035785339131872984,709.6074279785156,704.2475891113281,0.017147211225586385,-1.3280288415206178
2021-06-14,700.0811928397461,703.7514984338662,692.645887212192,700.6494750976562,8881964,-0.004642338351203423,707.8835754394531,705.1758178710937,0.015120117747484984,-0.9003703389162111
2021-06-15,703.7515338961059,708.4874123207096,698.4473731849562,705.7642822265625,7569602,0.007300094142214775,706.8677368164062,705.4966766357422,0.014128314820360107,-1.0835418123700697
2021-06-16,704.6985888569685,707.5401154249402,700.010058457614,703.08837890625,7702098,-0.003791497228891383,705.9489685058594,706.1218048095703,0.01383468530617075,-1.0076678006371405
2021-06-17,694.279801213809,700.3180464153616,691.4382740601372,694.3271484375,9283802,-0.012461065680504202,703.3702880859375,706.9103302001953,0.013528561264663735,-0.655287813631031
2021-06-18,695.9372691383855,705.6458189970701,689.0702460676088,700.8152465820312,11938060,0.009344439662386739,702.3686462402344,706.4959381103515,0.00906908781902416,-0.02631808671997232
2021-06-21,692.0775962076742,706.4983809928871,690.9646763172761,705.0302124023438,7260472,0.006014375173584607,701.8405944824219,705.9927520751953,0.008957643708492427,-1.0249382598339192
2021-06-22,708.960992086573,714.17045829429,700.909998856465,702.7096557617188,14366824,-0.0032914286505791868,701.8761108398437,706.1076049804688,0.007684988479461915,0.9234471297619538
2021-06-23,705.645854671328,709.3398628067645,700.2469419391567,703.5147094726562,7844868,0.0011456420220450347,702.1223693847656,706.3076965332032,0.007679627566137406,-0.8272394201286699
2021-06-24,705.6458725038901,716.7514840843272,704.6986968360997,713.3416748046875,14785024,0.013968386445533554,703.3158081054687,706.8665283203125,0.008239004079688032,1.4022197073069909
2021-06-25,715.6385466601647,720.8006654850395,713.6968481510871,717.5328979492188,10383176,0.005875477758507275,704.6773681640625,707.1423980712891,0.007737610463572606,0.07516257115355825
2021-06-28,719.8534913437187,721.2742548134761,712.749673994932,714.336181640625,9356786,-0.004455149468031716,706.0460388183594,706.9648071289063,0.007580540224474654,-0.24533320402761497
2021-06-29,716.7857178673613,717.3564596471477,709.722512551715,714.4313354492188,10971692,0.00013320592046062174,706.912744140625,706.8902404785156,0.007557516684520901,0.5125089180653581
2021-06-30,712.5049495969985,717.7369619104611,710.6499518008912,712.4573974609375,9679022,-0.0027629499020225268,707.8496459960937,706.8993072509766,0.007493795322102967,-0.07125978230779083
2021-07-01,714.4075246053683,714.4075246053683,705.3704121103602,707.154052734375,16911442,-0.007443735927878059,709.1323364257812,706.2513122558594,0.007202855309514898,2.544237838741659
2021-07-02,706.3217712448228,708.3432308594965,702.5166707936722,704.1338500976562,14827036,-0.0042709260097434365,709.4641967773438,705.9164215087891,0.006685947448903378,1.546380610204317
2021-07-05,708.6760470569808,715.5965956833905,706.1076510887453,711.2920532226562,7373882,0.010165969330983238,710.090380859375,705.9654876708985,0.007093583934539778,-1.0502457984288844
2021-07-06,712.029365240718,732.4817785375456,711.5537277221872,729.9608764648438,17669032,0.026246354303558705,712.8155029296875,707.3458068847656,0.008712944560838267,2.085786062109361
2021-07-07,729.6278903585783,735.0263641150248,726.6313510263612,732.243896484375,9629190,0.0031275923041078624,715.6884216308594,708.9053955078125,0.008669102742664461,-0.34068235988509654
2021-07-08,725.3472183752016,731.3877916578379,719.8535817918715,723.1830444335938,8420922,-0.012374090237260993,716.67255859375,709.9941833496093,0.009260910699207531,-0.6526895994264273
2021-07-09,719.4255920989655,721.0665184051472,712.2672238203879,714.4075927734375,10695842,-0.012134482034253602,716.3600280761718,710.5186981201172,0.00973590580206842,-0.025165439765526248
2021-07-12,714.4075732356201,714.4075732356201,705.8460976575634,707.2730102539062,14458978,-0.009986711495931555,715.6537109375,710.8498748779297,0.00996338494191473,1.026812687541511
2021-07-13,711.6013267639684,716.3577022627734,705.8936761654023,714.3362426757812,18178142,0.00998657140803294,715.6442016601562,711.2784729003906,0.010077099511557795,1.8485323330350127
2021-07-14,712.2671884304233,716.95220640485,709.2230966806467,713.052001953125,9788494,-0.0017978098351074667,715.703662109375,711.7766540527343,0.010040627260251492,-0.5474511983897475
2021-07-15,715.8344552077314,726.1795710886405,713.2898061320276,723.3019409179688,10438802,0.014374742566836796,717.3184509277344,713.2253936767578,0.009974924968796716,-0.38052952144098284
2021-07-16,726.7503505840253,727.7016256569119,722.3983135745475,724.0867919921875,5170628,0.001085094660775665,719.3137451171875,714.3889709472656,0.009828823381282792,-1.6672071356547096
2021-07-19,707.2729809603507,708.1528987460736,697.2845931996463,699.6627807617188,25111600,-0.033730778548343276,718.1508178710938,714.1205993652344,0.012548194536393172,2.7219639736817447
2021-07-20,685.8692650363275,691.5769149534121,683.0867973139923,686.416259765625,24174250,-0.01893272210602992,713.7963562011719,713.3059295654297,0.013213761302265236,2.1103567600968147
2021-07-22,692.5758207696305,698.4737379663374,687.2962556086874,689.0560913085938,13207114,0.003845817323543832,709.4775756835937,712.5829986572265,0.013251535369081071,0.027643509736850768
2021-07-23,690.3877799642745,693.2177996545581,682.6824762611533,686.2259521484375,13126684,-0.004107269634292754,705.7818664550781,711.2272125244141,0.012788542093528322,0.028199001934501304
2021-07-26,680.161631792961,686.8205568594655,679.2579089216915,682.3258056640625,13167166,-0.005683472728136296,702.5736877441407,709.4668579101562,0.01268140229754571,0.009460358812839985
2021-07-27,683.0629838249257,689.6268043734378,683.0629838249257,684.799072265625,22401430,0.003624758994942967,700.3262939453125,707.9900024414062,0.012742239470049568,1.562010319239218
2021-07-28,682.5636598981887,684.2996904317964,667.7950913834882,674.12109375,20670342,-0.015592863583032357,696.3047790527344,705.9744903564454,0.013082290602851362,1.1273946821963465
2021-07-29,679.3292509173456,680.1378114327916,672.2184936053619,674.5728759765625,13702230,0.0006701796320440767,692.4568664550782,704.0802642822266,0.013105554430034184,-0.13486238053684688
2021-07-30,674.9296680888878,680.994046713365,669.6738500565182,678.47314453125,11655488,0.005781834244433792,687.9739868164063,702.6462188720703,0.013184181526163552,-0.4538068955969604
2021-08-02,682.5398220441142,682.5398220441142,673.6216187944088,676.6657104492188,13258786,-0.002663972917129942,683.2318786621094,701.2728118896484,0.01317441099200382,-0.15304899304525055
2021-08-03,670.6489317422132,684.8705058077147,670.6489317422132,682.3971557617188,12033120,0.008470128194755233,681.5053161621094,699.8280670166016,0.013097868427337327,-0.42930817469861104
2021-08-04,685.393645546079,701.3275019831323,684.9180080404954,696.95166015625,22053948,0.021328495102364453,682.5588562011719,698.1776062011719,0.012575633517851613,1.3325357180346775
2021-08-05,697.8077398506728,716.8094921374355,693.1940794890436,706.2503051757812,18822408,0.01334187943170484,684.2782775878907,696.8779266357421,0.013004976685718017,0.6815510287507702
2021-08-06,705.632098166656,713.4563125026119,701.0897364192333,709.9603881835938,13339270,0.005253212608367086,686.6517211914063,696.2167938232421,0.012841556305847079,-0.36025652803834063
2021-08-09,709.6511811858961,716.9522055194989,702.0409808514629,715.311279296875,10998048,0.007536886849379476,689.9502685546875,696.2619781494141,0.012683592993829583,-0.8012683605609128
2021-08-10,708.224258418714,722.8501119757157,708.224258418714,717.0949096679688,14838346,0.0024935023712291393,693.1798522949218,696.7530731201172,0.012464249933971572,-0.08754233298757076
2021-08-11,720.5432632537157,722.4220081617676,709.1993204454371,711.0542602539062,12585786,-0.008423779520146724,696.8731689453125,696.5889739990234,0.012427078197845774,-0.4572355482765773
2021-08-12,712.0293756584126,717.0711218163615,708.3669899366287,714.1221923828125,8597674,0.004314624495479036,700.8281005859375,696.6424835205078,0.012459703004992101,-1.178054316705064
2021-08-13,714.027030603386,728.2010520986385,713.9319263227017,725.91796875,16658428,0.01651786836063529,705.5725830078125,696.7732849121094,0.01259694382584987,0.2597972335066203
2021-08-16,725.8941785477451,730.1035587891065,723.6586474723767,728.0107421875,6252778,0.002882933785347319,710.7070861816406,696.969482421875,0.012609576475660937,-1.7437573914132416
2021-08-17,721.6372182742111,724.8715766174648,715.9771782653477,720.4243774414062,8282666,-0.01042067693025861,714.5098083496093,698.0075622558594,0.010126922129189057,-1.2686033535532721
2021-08-18,740.4248615711514,744.5391374947473,717.4278004141593,719.6395263671875,22985932,-0.0010894288127869522,716.7785949707031,699.6687255859375,0.00894839827489479,1.7910043664633322
2021-08-20,706.8211504103504,722.8739164966347,706.8211504103504,720.471923828125,13150406,0.0011566866888754745,718.2007568359375,701.2395172119141,0.008945796898714217,-0.26767161204750506
2021-08-23,727.6540795087693,729.2237066164494,717.5705868776091,725.156982421875,10843054,0.006502763589810057,719.7204162597657,703.186068725586,0.008861939405610383,-0.7178222199140807
2021-08-24,727.725379419533,744.1348732691891,726.5124805626797,741.447509765625,18381314,0.022464828635232914,722.3340393066406,706.1421539306641,0.009644362607659577,0.7748760676248995
2021-08-25,738.2369106671249,744.277541414522,736.286808638916,740.7578125,7727974,-0.0009302037656624407,724.7003295898437,708.9400909423828,0.009712389909845269,-1.2804226414016882
2021-08-26,737.2380960643395,747.226483172308,734.1226473371297,739.5211791992188,11119002,-0.0016694164812217638,727.547021484375,712.2100952148437,0.008679718462982723,-0.4959590534222724
2021-08-27,738.189390820678,741.35239176859,734.9788377356009,736.5008544921875,6382138,-0.004084162552723369,729.7848876953125,715.306494140625,0.008858464924072135,-1.3821326749170768
2021-08-30,739.9017525518813,746.75094480437,737.9992023740358,745.9185791015625,9049166,0.012787119732357244,731.7849487304687,718.6787658691406,0.009050795311141125,-0.7857163264109143
2021-08-31,743.6592338463132,753.100626642032,743.040881869667,752.1731567382812,12062576,0.008385067501941235,734.2011901855469,722.4541381835937,0.008908049836083877,-0.15333779440492987
2021-09-01,749.1291213418814,760.0687847011596,748.8913025732014,751.0792236328125,12422558,-0.0014543633944774648,737.2666748046875,725.8882415771484,0.009000505165353263,-0.08335460086467013
2021-09-02,748.701014189379,757.2149374729586,747.3454588595391,755.7880249023438,9618524,0.00626938027490076,740.8815246582031,728.8300598144531,0.008137463373424867,-0.5893220028412897
2021-09-03,754.4086623001291,760.0687604261853,745.9423492422521,749.6285400390625,10735334,-0.008149751862074228,743.7971862792969,730.9989715576172,0.008269609103831762,-0.2592554989464065
2021-09-06,751.4834003797047,751.9590378515261,742.9219258869199,744.70556640625,7876896,-0.00656721745486899,745.7520446777344,732.73623046875,0.008519996180180246,-0.8723552713955952
2021-09-07,743.1836726085498,752.4586048427045,739.7114952656328,746.3942260742188,7245496,0.0022675534387608387,746.2467163085937,734.2903778076172,0.008434682201389486,-0.9538219547630037
2021-09-08,747.6783002895594,751.7450238964017,744.6580139570113,749.794921875,6724080,0.00455616573920703,747.1504272460937,735.9253784179688,0.008451533870587424,-0.972763662571029
2021-09-09,748.6534762607636,751.2456775887658,742.47018833739,746.0850219726562,8250948,-0.0049478861407415975,747.8068115234375,737.6769165039062,0.008253567455776156,-0.5671685073317487
2021-09-13,742.9457683103893,753.4097932161694,738.9742068333936,739.8779296875,8959164,-0.008319550858620128,748.1445190429688,738.9647033691406,0.008579561038656123,-0.40933196529475807
2021-09-14,741.9944879763249,744.1348566916412,735.6209339673617,736.5484619140625,9758506,-0.004500023098193751,747.2075073242188,739.4962280273437,0.00794681998860466,-0.15381846747553862
2021-09-15,730.1035796320939,739.521225577569,730.1035796320939,735.7161254882812,14822998,-0.0011300497778764518,745.5618041992187,739.8814971923828,0.007940976667436601,0.9746259924930667
2021-09-16,731.411573732443,744.0397727219095,730.7219225742858,741.970703125,10260550,0.00850134640255118,744.6509521484375,740.9588134765625,0.00768747823512366,-0.161875688949282
2021-09-17,746.2752017537572,755.7879512981008,741.6139312525427,752.5298461914062,20498102,0.01423121293325158,744.3251342773438,742.6033294677734,0.008164160431269172,2.622950536592038
2021-09-20,743.8970640127071,752.3158246968031,741.04323895895,741.9231567382812,8781610,-0.014094709341836764,743.5545959472656,743.6758911132813,0.008948108501179572,-0.487337201451397
2021-09-21,742.9458298665662,746.1088310873976,727.2259861061681,738.1656494140625,14774996,-0.005064550540163637,742.9006042480469,744.3263244628906,0.008981901175286829,1.0532311401661265
2021-09-22,736.7625066558845,737.3095014073501,727.7253939209189,729.4852294921875,10582202,-0.011759447122424715,741.2097045898438,743.7282104492188,0.00785177210084097,0.05953535282478156
2021-09-23,733.4330648045631,747.702190578971,733.4330648045631,746.7509155273438,13664304,0.02366831477475606,740.9053039550781,744.027865600586,0.009566884003964386,0.8864140361425938
2021-09-24,751.031614308282,764.8012967419484,749.1290643037012,761.7572631835938,20806702,0.02009551959591871,742.4725280761719,745.1396697998047,0.010505417600379404,2.3753694895035897
2021-09-27,768.487431262051,777.9050763215514,764.825045995142,772.9584350585938,16415462,0.01470438473823954,745.7805786132812,746.962548828125,0.010812123457477759,1.1706733125696598
2021-09-28,776.2404385627441,776.2404385627441,752.4585623812875,768.1784057617188,12773790,-0.00618407029417134,748.9435729980469,748.0755401611328,0.010691220902641995,0.22957606251669457
2021-09-29,759.5930572752828,764.1591654813507,753.9567647367983,758.0947875976562,16263036,-0.01312666183848743,751.1814392089843,748.3716217041016,0.011041144547311041,1.0157901168326722
2021-09-30,754.361109397566,764.0403213516778,752.9817489724259,758.6180419921875,15975348,0.0006902229155134609,752.8461730957031,748.7485626220703,0.011032088780617594,0.8837121689064669
2021-10-01,752.9341573446038,755.7879823250635,744.4915917774107,752.7914428710938,11128596,-0.007680543829135189,752.8723327636719,748.5987335205078,0.011092740038741474,-0.2830195037431245
2021-10-04,755.7880094198329,761.6621211029538,753.2195552330974,754.2421875,7051028,0.0019271534535159063,754.1042358398438,748.8294158935547,0.010937570123167486,-1.1696417610251189
2021-10-05,757.2149696945492,759.830976185328,749.7236783800458,758.8558959960938,10257178,0.00611701197911807,756.1732604980468,749.5369323730469,0.010882157132463583,-0.468623063056029
2021-10-06,759.1175550924576,773.7909623866047,754.8368169998308,768.1071166992188,18600830,0.012191011168176447,760.03544921875,750.6225769042969,0.011165647638747032,1.3430037317795886
2021-10-07,773.6719736034911,774.19516325999,764.3494898817696,766.0142211914062,11265724,-0.0027247443257736315,761.9617797851563,751.4335418701172,0.011179230436088297,-0.4357786395212352
2021-10-08,766.7276555881376,771.4840306228035,761.0913627843023,762.2804565429688,7245562,-0.004874275888286039,762.0140991210938,752.2433135986328,0.011177136137296291,-1.385325958350155
2021-10-11,760.9724350269096,782.4236743028476,760.5443496718865,777.0965576171875,13080848,0.019436548513143803,762.4279113769531,754.1042449951171,0.011654606569404159,-0.029586707031271513
2021-10-12,772.9109560129631,780.7827800509983,772.9109560129631,775.098876953125,8176946,-0.0025706981255817496,763.1199584960938,756.0317657470703,0.011601295383421016,-1.1985798648854042
2021-10-13,778.6186511655094,783.8506640933167,775.2891883932683,779.7601928710938,6225644,0.006013833920508471,765.2864990234375,758.2339691162109,0.01158980521237961,-1.476654591869939
2021-10-14,779.094254281992,803.827405211579,779.094254281992,802.5907592773438,14757288,0.029278958601602012,769.6837707519531,761.2649719238282,0.012961333007996971,0.42199311883799095
2021-10-18,810.9618720848159,820.4746213174824,792.9114536403167,794.457275390625,28856456,-0.010134036297704374,773.8503540039062,763.3613433837891,0.013094807458539486,2.87267711090457
2021-10-19,796.9067878032625,804.9926249141711,794.7902242545991,803.208984375,8987540,0.01101595926611898,778.7470336914063,766.425634765625,0.012583985465355305,-0.807665811076982
2021-10-20,803.3993464110135,807.9892602226093,791.6748695952446,796.1458740234375,10908568,-0.008793614724141197,782.4760314941407,769.3246459960938,0.012752652237369391,-0.4145433305780555
2021-10-21,795.1707884960194,799.998462628159,789.962523081634,797.3111572265625,9738190,0.0014636553942508623,785.396435546875,772.7159423828125,0.012232152108539502,-0.6202977558982982
2021-10-22,799.1185583853392,812.3888563513312,794.6713593378141,799.427734375,12175554,0.0026546438354129176,788.7377868652344,775.3497833251953,0.011373717723351991,-0.15800486072945977
2021-10-25,803.8274476092195,803.8274476092195,767.5838900598493,788.1314086914062,16426766,-0.014130515114571751,791.3228820800781,776.668490600586,0.011316057393208219,0.6958990478969252
2021-10-26,784.8019211145486,796.1458645438692,783.0658325252933,786.1099243164062,12090656,-0.0025649077713529866,792.22421875,777.3260650634766,0.010928895619704775,-0.09931914457425749
2021-10-27,786.1098893037489,791.9602538614304,778.761313048737,781.3773193359375,13249642,-0.006020283975659235,792.8520629882812,777.9860107421875,0.010923367723839995,0.12230473363272544
2021-10-28,784.8018571141539,784.8018571141539,754.9080525326855,757.9758911132812,17797750,-0.029948947382481217,790.6736328125,777.9800659179688,0.012582619497006578,0.9819852072752673
2021-10-29,756.2636126504593,761.9712625572553,741.9944878834696,752.86279296875,12406874,-0.006745726618060832,785.7008361816406,777.6923034667968,0.012672782494975096,-0.02230398734053024
2021-11-01,753.885429186674,766.252004050304,753.1957780437663,763.5408935546875,8122320,0.014183328869036949,782.6091979980469,778.2297760009766,0.012943150127879015,-0.813908372384467
2021-11-02,763.873862677717,771.4840630530865,761.043842637615,764.2305908203125,13237722,0.0009032879200667754,778.7113586425781,778.7291961669922,0.01294043488417923,0.10993649811430692
2021-11-03,763.4456759274227,765.7287589613844,749.3906238120624,752.1968383789062,10207338,-0.015746232336092958,774.316455078125,778.3962432861329,0.013378139128882187,-0.4872223525623666
2021-11-04,758.6417765602017,759.9973317587402,756.3111413083693,758.142333984375,1096808,0.007904175213341968,770.3995727539062,777.8980041503906,0.013199690561445734,-1.9507661106039613
2021-11-08,757.2624587445608,763.2554796846038,746.9648951674751,761.138916015625,18943580,0.003952532258028052,766.5706909179687,777.6542388916016,0.013226738445373271,1.1828493840943264
2021-11-09,758.451469326388,758.451469326388,746.298967264845,747.8209838867188,12695476,-0.01749737380217309,762.5396484375,776.931265258789,0.01375051570109659,0.042262421159048415
2021-11-10,745.7995461441087,746.2751836097618,737.2380717623523,739.7351684570312,13714126,-0.010812501392595819,757.9021728515625,775.0631958007813,0.013045203296164393,0.21851287313868517
2021-11-11,737.2619310557671,739.5687613215156,730.3889343351215,736.4295654296875,7999404,-0.004468630353534064,753.4073974609375,773.1297302246094,0.01305356617213039,-0.7995970423107164
2021-11-12,737.2381265594817,741.5426691680743,734.8837441539887,738.6650390625,14914092,0.003035556606840073,751.4763122558594,771.0749725341797,0.012968343840868195,0.36795255512764075
2021-11-15,742.9933537829838,747.6308195742927,739.3309681261308,740.6865234375,9533594,0.002736672602734247,750.2586853027344,767.9797607421875,0.010689687732640847,-0.571521464665366
2021-11-16,739.6163278032643,740.6627071004274,733.2427735591466,736.286865234375,8245406,-0.005939973340822191,747.5332824707032,765.071240234375,0.010602786793429601,-0.8468648534328831
2021-11-17,731.007273085122,734.3842876661621,727.0119065399798,728.1058959960938,7598878,-0.01111111663750386,743.9208129882812,761.3160858154297,0.010125620218564047,-0.9768207107831572
2021-11-18,725.8466618423676,734.1465133558511,725.4661286012387,732.1964111328125,9152874,0.005618022267382727,741.9207702636719,758.1186126708984,0.010340518859692881,-0.5667494311344918
2021-11-22,735.3355639518028,738.5223119294355,713.0044068868091,720.7572631835938,15261272,-0.015623059298420672,738.1822631835937,754.29091796875,0.010557900802911292,0.8482784953872534
2021-11-23,714.4075058157676,726.6789762107248,711.7201424006887,720.8524169921875,11235214,0.00013201921569749864,734.15361328125,750.3621520996094,0.010476634605293193,-0.11122791649526399
2021-11-24,724.8715849784808,730.7456967746908,720.1390148495992,722.0415649414062,30802286,0.0016496413429263335,731.5756713867188,747.0576599121093,0.010354813492662651,3.12186105160306
2021-11-25,720.4956996177941,729.294993262682,716.7857039376246,725.7990112304688,10251652,0.005203919651588729,730.1820556640625,744.0421142578125,0.010567576295336029,-0.3505697018065685
2021-11-26,713.4562710293536,716.6430191487968,706.3217083190601,708.65234375,18624936,-0.023624539597263294,727.4043334960937,740.4058654785156,0.01144740643513711,0.9932721579852033
2021-11-29,710.983003439544,717.0949340909893,695.3820692229132,714.0508422851562,12990996,0.007617978805501302,724.9429138183593,738.2096130371094,0.010109244045462689,0.10742412088803871
2021-11-30,711.0780178063845,727.2496917899412,707.0589044084865,710.3883666992188,25221542,-0.005129152392309488,721.9130981445312,736.0858917236328,0.010083573145680029,1.8499919783953533
2021-12-01,711.0780553091722,716.8095103506997,708.2717824753072,715.66796875,8677634,0.007431993960307359,719.8512084960937,733.6922454833984,0.009583939840768158,-0.6589756208421629
2021-12-02,715.5966817276724,727.1546972193483,713.4563127893044,725.7039794921875,11203110,0.014023277805371936,719.6110168457031,731.7659149169922,0.010300939632970865,-0.2598267241649069
2021-12-03,725.7277436410184,730.5554179694886,716.8095402344054,719.9011840820312,8124694,-0.007996091483771117,718.381494140625,730.1511322021485,0.009916281604582449,-0.7038134395811668
2021-12-06,719.6395135046063,722.3982341371078,712.1957752655638,715.263671875,7029532,-0.00644187328701884,717.8321350097656,728.0071990966796,0.009666849828540115,-0.9758057143850464
2021-12-07,720.0913740885894,728.6766542380091,718.165077039117,725.6801147460938,12427534,0.014563081113553533,718.3149047851563,726.2342590332031,0.010329011270889516,-0.05883098066039702
2021-12-08,730.5792826149977,739.6402012391072,729.6280075074261,739.045654296875,15295534,0.0184179492853509,720.0153137207031,725.7954925537109,0.010670000034689394,0.3898652565088682
2021-12-09,734.9551101766141,739.4736668471489,723.9203423741131,726.2271728515625,11747744,-0.01734464084970222,720.0581298828125,725.1200927734375,0.011092723247780252,-0.17504762233592183
2021-12-10,725.2996212566436,726.7740858657247,717.4753496970789,724.181884765625,7779384,-0.0028163199648763015,721.611083984375,724.5077087402344,0.011070582713588009,-0.8217141079764243
2021-12-13,725.8227874165515,731.3639756168698,716.8807796550856,718.7595825195312,10322142,-0.007487486721445169,722.0819580078125,723.5124359130859,0.011129611842215028,-0.3683268744097937
2021-12-14,714.6452650578035,721.0663706007522,712.0530641927276,714.6214599609375,9191100,-0.005757311149978683,722.5052673339844,722.2091827392578,0.011129289884932265,-0.5494928294279745
2021-12-15,714.8832114257813,724.5624236009718,711.387287173768,713.456298828125,10115148,-0.0016304591984631633,722.2841003417968,721.0676544189453,0.011085134917662505,-0.4177542882132997
2021-12-16,719.5444766662719,721.5421310623909,710.6024679019197,713.5038452148438,13210432,6.664232525088742e-05,721.0640869140625,720.3375518798828,0.010855262579642408,0.04653313751960689
2021-12-17,712.0293118733335,716.3100492192655,698.0931104004245,700.6378173828125,14994768,-0.018032177287225615,719.1377502441406,718.7596221923828,0.011377017686547102,0.29966096515811524
2021-12-20,690.6256264168148,693.4794513193636,672.5989541701382,678.0925903320312,21156668,-0.03217814752705972,715.4206420898438,716.6263885498047,0.012908843755506801,1.2409754012762446
2021-12-21,684.6801804486681,690.0311023174055,680.1616242039565,685.774169921875,9118750,0.01132821638130932,711.4300476074219,714.8724761962891,0.01328750688932666,-0.6913828386121822
2021-12-22,690.7683691083477,692.5282046456658,682.872740106407,687.3912963867188,8577484,0.002358103492040131,706.2646118164063,713.1399627685547,0.013299828659015455,-0.7833392744652796
2021-12-23,691.220197770224,693.3843716225142,683.4197311478777,686.8681030273438,9779166,-0.0007611288681209638,702.3287048339844,711.1934173583984,0.013187419033577551,-0.5243946354407721
2021-12-24,687.5340324330864,690.6256763008242,679.2103758660999,684.3948364257812,5561024,-0.0036007882600191943,698.35,709.9805419921875,0.012238770690472323,-1.277523141021073
2021-12-27,679.6383381972671,691.5768261282291,676.427785531266,690.0548095703125,4705098,0.008270040688924896,695.4795227050781,708.7807403564453,0.012265649910486134,-1.30706739323009
2021-12-28,694.7636080671955,697.7125951282051,691.2914894785592,694.8112182617188,5450678,0.006892798405923717,693.4984985351563,708.0018829345703,0.012379492015151636,-1.2253550540194862
2021-12-29,692.5520526429435,694.9064352050838,688.4377763732563,691.505615234375,7668702,-0.004757555635923283,691.3034301757813,706.7937652587891,0.01223998995647284,-0.6384332564768651
2021-12-30,693.7173135335258,697.6888751595437,687.2962071004079,695.1442260742188,7215918,0.00526186737993517,689.4674682617188,705.2657775878906,0.01179856287424425,-0.694902776944464
2021-12-31,695.1442190705774,706.2265962494574,695.1442190705774,703.6581420898438,6325736,0.012247697235013844,689.7695007324219,704.4536254882812,0.012128260861154429,-0.88232789254043
2022-01-03,706.3216403473604,724.3958641407609,704.1812717402472,722.802490234375,9069184,0.027206887832880167,694.2404907226562,704.83056640625,0.013589698008628132,-0.23014868449045334
2022-01-04,722.9690425129386,729.1047782359835,717.166287896205,727.0357666015625,8857352,0.005856753987959928,698.366650390625,704.8983489990235,0.013254610020773884,-0.24065466137208036
2022-01-05,730.9597335226943,747.7021503050373,726.8216524342752,744.3013305664062,14332638,0.023747888010447582,704.0576538085937,705.1611328125,0.013687186989146794,1.1783657633279874
2022-01-06,733.9086147431605,739.4973550044904,727.749132743457,732.36279296875,9628930,-0.016039925104757158,708.6071228027344,705.4679138183594,0.013600779360654583,-0.006250918299126878
2022-01-07,734.3843677575986,745.20512188097,730.5317152643793,737.4998168945312,11179384,0.007014315821476158,713.9176208496094,706.1338104248047,0.01365182930789795,0.35312731584893264
2022-01-10,741.0432152309048,747.7021401431209,735.0977465592833,741.5902099609375,8856496,0.005546297060289529,719.0711608886719,707.275341796875,0.013535928240512673,-0.2323127776624632
2022-01-11,742.7317088483387,746.132470283976,736.1916936856298,744.8007202148438,8389198,0.004329224160167122,724.0701110839843,708.7843048095704,0.013432851375300805,-0.34250215166683595
2022-01-12,745.7995355580115,749.9138111897546,738.1893362155828,740.4010620117188,21085530,-0.00590716158525717,728.9596557617188,710.13154296875,0.013529994008042322,2.3433415264467152
2022-01-13,739.6163836574055,739.6163836574055,723.1593361863409,726.774169921875,41963896,-0.0184047441164098,732.1226501464844,710.7950592041016,0.01427472118769389,3.576512662745979
2022-01-14,727.7253548760855,736.6197526556398,722.4933425207672,734.9312744140625,11208968,0.011223712715415335,735.2499633789063,712.509732055664,0.013707438596521031,-0.03530920136849327
2022-01-17,727.7254140843227,740.0919897485006,722.5647585444003,723.6824951171875,22989372,-0.015305892793640141,735.3379638671875,714.7892272949218,0.0118562503357284,1.3327447004983632
2022-01-18,729.1522317973348,737.666154009168,724.395857160692,727.3685913085938,12341152,0.005093526810827864,735.3712463378906,716.8689483642578,0.011715890096962016,0.06822638617488783
2022-01-19,729.6279986191973,732.3629145201494,719.8060716409249,722.2318115234375,14317626,-0.007062141322207505,733.1642944335938,718.6109741210937,0.011931015074509367,0.26683213975788606
2022-01-20,726.9881876389107,727.0119927408207,713.5038747538036,717.737060546875,15197846,-0.006223418720758822,731.7017211914062,720.1544219970704,0.012072303542842578,0.3380024335493785
2022-01-21,713.4561623085923,727.6301812909408,706.6069715381875,723.7299194335938,11537694,0.008349657856809856,730.3247314453125,722.1211761474609,0.012062202510811146,-0.12873642785638303
2022-01-24,718.1888253449379,723.5635523601698,698.0218416410312,707.1065063476562,11868508,-0.02296908368655992,726.8763610839844,722.9737609863281,0.013286228625403844,-0.13532096055481893
2022-01-25,693.7887057220415,711.0781185988046,686.8206041850661,707.7724609375,13594248,0.000941802378942258,723.17353515625,723.6218231201171,0.0132209794875221,0.026679868640906306
2022-01-27,689.6744315675436,706.3217454329671,682.5398684823622,701.5415649414062,28617838,-0.008803529863030346,719.2875854492188,724.1236206054688,0.013344215187958898,1.6609133130779858
2022-01-28,702.7544584132536,707.1303005135713,694.4308015454147,695.9766235351562,24925208,-0.007932447176832391,716.2078308105469,724.1652404785157,0.013438110078186993,1.108175751121322
2022-01-31,700.4951802272873,709.4371891168743,697.6651601162798,706.6546630859375,12842546,0.015342526156328473,713.3801696777343,724.3150665283204,0.013601627136464746,-0.3316143043831581
2022-02-01,717.4991893169476,721.542108182837,700.8280712395866,712.0293579101562,14739484,0.007605829417084209,712.2148559570312,723.7764099121093,0.012194204270138016,-0.14270863795247415
2022-02-02,719.1401203787386,730.1035883666477,716.1198337589774,728.296142578125,13969290,0.022845665683943972,712.3076110839844,723.8394287109375,0.013221921501260819,-0.2712879013697991
2022-02-03,727.1308172000766,732.457933895551,717.7369767162163,720.7572631835938,10564762,-0.010351392728573439,712.16015625,722.6622253417969,0.012178892174723241,-0.6589609401843737
2022-02-04,726.9643375245986,729.0809010904223,720.1626983222618,724.8715209960938,11579958,0.0057082432916837345,712.8736022949219,722.2876617431641,0.011780047963031377,-0.5520835340973511
2022-02-07,719.2114343241577,722.4933446051142,694.4307328001756,698.3071899414062,12268042,-0.03664695092198367,710.3313293457031,720.3280303955078,0.014134668036679393,-0.4762910142884056
2022-02-08,702.23121780657,703.2062398464973,687.0821750180488,695.3106689453125,13981130,-0.0042911214996156355,709.1517456054687,718.0140533447266,0.014005707056216515,-0.3032731770079272
2022-02-09,701.0897241264689,713.313585508527,697.7602613931682,712.3147583007812,11308342,0.024455383923939422,709.6059753417969,716.3897552490234,0.01523812848563017,-0.667584977595062
2022-02-10,720.1151499017218,730.3413557953064,714.2410385936968,725.3947143554688,14314530,0.0183626071231342,711.9912902832032,715.639437866211,0.015873493286258353,-0.24306488205825952
2022-02-11,713.5752718583099,725.3473018389752,713.2185436770776,722.422119140625,10711104,-0.004097900296233803,714.63583984375,715.4218353271484,0.015357241688917368,-0.7914760907074491
2022-02-14,708.6999366331057,713.1946881745109,698.8542627513499,700.947021484375,14656620,-0.02972652288359645,714.0650756835937,713.722622680664,0.016446923274225384,-0.032561715055229846
2022-02-15,702.0409964179948,725.2996833180713,700.6378889247106,721.9226684570312,13135066,0.029924725164302446,715.0544067382813,713.6346313476563,0.01762273800096542,-0.2630359793220539
2022-02-16,729.7944170588287,729.9846836790362,716.7857425015849,720.9475708007812,10032264,-0.001350695439906402,714.3195495605469,713.3135803222656,0.0175840830813285,-0.9077128821416216
2022-02-17,719.687047265433,723.9202323784434,714.4074829385164,716.5478515625,7351208,-0.006102689594188249,713.8986083984375,713.0293823242188,0.01756595152717831,-1.342333900405173
2022-02-18,712.6477110600987,721.5421093550166,708.9139101230298,719.3303833007812,7796128,0.0038832462231428444,713.3444946289062,713.1090484619141,0.01753034068359677,-1.1340366325918299
2022-02-21,715.3588072476773,728.0583054018553,711.3396935564448,723.9678344726562,7468066,0.0064469001720672825,715.9105590820312,713.1209442138672,0.017489227019287068,-1.1223891500291705
2022-02-22,708.6048153348694,723.9678727153232,707.7248394554956,718.5455932617188,9536196,-0.007489616185623937,718.2340515136718,713.6928985595703,0.01673807597796777,-0.6929767245115726
2022-02-23,725.3948047223228,725.6801756356834,711.3873023150155,713.8843994140625,9029562,-0.006486984112584304,718.391015625,713.9984954833984,0.016820170998170993,-0.7349593923309643
2022-02-24,689.6268166665427,701.5415010977686,669.2933137242217,675.119873046875,23630766,-0.05430084534555513,713.3635314941406,712.6774108886718,0.020767402027874405,2.367779880710516
2022-02-25,684.8941874749454,697.2370153028564,681.5171728738023,692.5757446289062,18318654,0.025855958739966267,710.3788940429688,712.5073669433593,0.02159252070312066,1.537164988057536
2022-02-28,678.2590813465437,684.2283552518861,672.5752363928466,678.3779907226562,24880832,-0.0204999294537197,708.1219909667968,711.0935333251953,0.021737233895195888,2.491788992823892
2022-03-02,659.4714573982826,665.1315558068055,644.2035037869538,653.6448974609375,38505560,-0.03645916229589241,701.2942138671875,708.1743103027344,0.02293263898490583,3.2673344452536557
2022-03-03,656.8553739251402,662.0873863170132,648.2463469653018,652.0989990234375,17527922,-0.0023650432268422783,694.4093566894531,704.364453125,0.02205448700537651,0.4268971695724362
2022-03-04,646.8670352805982,659.2336109550803,635.8798200435912,649.9586791992188,21219364,-0.0032822007508430673,687.750439453125,700.8245239257812,0.02202550295594794,0.8377602896404399
2022-03-07,627.1280940741168,633.715662365495,616.9256921049088,630.1246337890625,27054458,-0.03051585592270689,678.8298645019531,696.0871795654297,0.022587473347449212,1.4250301160252898
2022-03-08,619.3750870184799,634.50038171104,614.5236080739608,631.5514526367188,39212492,0.002264343863334739,669.5882263183594,692.7493927001954,0.021526229124160988,2.330891338791279
2022-03-09,632.5977957991574,653.8587661628102,627.2944267258922,652.1702880859375,23134694,0.032647910733377916,662.9506958007812,690.5923736572265,0.023098445012185952,0.5928002922710522
2022-03-10,678.7347392382749,678.7347392382749,656.4986852373013,662.4203491210938,22273206,0.01571684761236103,657.8042907714844,688.0976531982421,0.022630843063592417,0.4486232733606825
2022-03-11,660.18491082348,670.1494941420394,652.90763317853,664.3705444335938,15150780,0.002944044993617112,656.7293579101563,685.0464447021484,0.022107810916416254,-0.30213891233334883
2022-03-14,673.0270237794027,689.6743353216494,673.0270237794027,686.130859375,25018126,0.03275328071619721,656.0848693847656,683.2318817138672,0.02359780947881654,0.6607114338407426
2022-03-15,686.5826696760199,689.4364944200837,671.4811804053488,677.3077392578125,18867928,-0.012859238141867735,655.9778442382812,682.049917602539,0.02285604114454208,-0.00944975747943837
2022-03-16,688.2474998619687,692.052600068531,683.1105913586209,688.7944946289062,13364108,0.016959433216695352,659.4928039550781,680.3935089111328,0.022089943035869954,-0.5939579112476053
2022-03-17,700.1383801652347,708.6047506498716,699.4487290342597,703.96728515625,14823954,0.02202803687552435,664.6796325683594,679.5444946289062,0.02274131449067989,-0.47365794610286904
2022-03-21,707.2729139485184,710.4359147186346,700.518885136643,707.0350952148438,12257876,0.004357887253116921,670.3872741699219,679.0688568115235,0.022736693933976763,-0.8007247531097298
2022-03-22,704.5617764471157,712.5048986211442,693.098867476938,710.6737060546875,10461814,0.0051462945255045245,678.4421813964843,678.6360229492187,0.022751025235951544,-1.0342633538451562
2022-03-23,716.7856708144304,722.398216212513,700.8993676260746,703.5867309570312,31188256,-0.009972192635351096,685.6457092285157,677.6169677734375,0.022788797762311918,1.1969883121872884
2022-03-24,697.2845910655177,699.0206795927611,682.3258145703531,686.178466796875,20160044,-0.024742172349494496,689.0465270996094,675.9986114501953,0.023359674064183374,-0.1379274658396171
2022-03-25,690.1500239764209,690.6256614843303,674.9296237233227,680.5897216796875,16366462,-0.00814473987106612,690.8634643554688,674.3338775634766,0.023379215082638346,-0.6736437382961163
2022-03-28,680.58974632828,683.966761144496,666.6535436173285,681.4934692382812,15754886,0.0013278889319152665,692.5757568359375,674.6525573730469,0.0198942736868362,-0.6930967243178039
2022-03-29,685.3936095630206,694.5496310648167,680.16159727628,690.530517578125,12377448,0.013260652886291968,693.01572265625,674.5502960205079,0.019243344424192177,-1.0502286360600193
2022-03-30,700.1383545686673,705.2514573618828,691.6006852221561,702.4927368164062,20109742,0.017323230376893317,695.5342224121093,675.7560333251953,0.01897643455541264,-0.07759785423895989
2022-03-31,699.6627526430442,706.1789630767555,697.237013039462,699.3535766601562,14295714,-0.004468601583663689,696.5901306152343,678.0414672851563,0.01679397610254909,-0.7380955351105206
2022-04-01,702.2312005284535,718.2126085501743,699.3298234571498,716.31005859375,14568556,0.024245935817718056,697.8244079589844,681.2520202636719,0.017348277995829626,-0.6717154680146068
2022-04-04,751.5072706543655,819.0953496497071,743.2074192757403,788.0362548828125,97450970,0.10013288998045677,705.9245239257813,688.1558990478516,0.027334525983799193,3.931883209281261
2022-04-05,792.7449569360995,792.7449569360995,761.9712355056448,764.9439697265625,30922582,-0.02930358218059903,711.3515502929688,694.8968658447266,0.027241091457073652,0.397666699453123
2022-04-06,755.1696875243184,756.1685727920734,735.9777246900588,737.6424560546875,27027860,-0.03569086724304038,714.7571228027343,700.201416015625,0.029074668852791835,0.22839509181488685
2022-04-07,733.1001422646726,733.1238893042467,719.9725000942207,721.4232177734375,40781732,-0.02198794029291551,718.2815979003906,703.6640625,0.02922139360636337,0.8994073314144645
2022-04-08,719.211478547381,725.7039422730295,712.1720781256234,720.4243774414062,41256322,-0.0013845414278653712,722.2650634765625,706.5642639160156,0.02915533109028849,0.8566421786221854
2022-04-11,716.3100788229164,718.2126288330701,710.245700665551,711.6250610351562,20799066,-0.012214073651284352,725.27822265625,708.9269897460938,0.029396565428970997,-0.2117987754592653
2022-04-12,705.8460676603825,716.7143731950656,704.0148748518094,710.3646240234375,27435402,-0.0017712094201478568,727.2616333007812,710.1386779785156,0.028612476157638258,0.12525041169375417
2022-04-13,708.6998992573039,714.5502639320367,695.691224799288,696.78515625,28892520,-0.01911619373234652,726.6908752441407,711.112548828125,0.028818255126877457,0.17502775735315984
2022-04-18,674.8582617385757,680.9464450214841,661.15993644386,663.7283325195312,45620376,-0.04744191725951219,723.1283508300781,709.8592407226563,0.030579350407868272,0.9446973455879656
2022-04-19,656.8078410106541,660.9221170332797,631.1709679279387,638.400634765625,74096022,-0.038159735712594345,715.3374084472656,706.580908203125,0.031107296934406062,2.0041793817982896
2022-04-20,644.2271829644586,646.8194421533099,635.142518406885,644.1558837890625,49325736,0.009015105421300795,700.9493713378906,703.4369476318359,0.03119385510800828,0.792341878137837
2022-04-21,649.2451838249173,656.2846420095574,643.6802483309051,653.6923828125,52446270,0.014804644750493923,689.8242126464844,700.5878814697265,0.03142005902200292,0.8448963123882496
2022-04-22,646.8669864904109,654.168010350688,641.706331335433,644.774169921875,20659148,-0.013642828224882386,680.5373840332031,697.6472534179687,0.03146921831286905,-0.5850022034555423
2022-04-25,642.1106379350289,651.9325641201308,628.9116970441421,649.6019287109375,20935488,0.007487518908593227,673.3552551269531,695.8184265136719,0.03116942574468918,-0.5748248153248136
2022-04-26,652.5746446077407,657.3072144691479,645.5114394033479,652.5984497070312,17016842,0.004612857295605677,666.5726623535156,694.4188629150391,0.03117376695616212,-0.7556927706778853
2022-04-27,646.8670295884091,655.9041425017765,645.0120316413157,652.8363037109375,18054334,0.0003644722172004844,660.6937866210938,692.9860046386718,0.031169669689212403,-0.7166506252560824
2022-04-28,652.5746178665507,655.9040802026046,647.8657952361744,652.2654418945312,20773722,-0.0008744333199015575,654.8838684082032,691.0727508544921,0.030972297713487987,-0.6214089847341489
2022-04-29,656.5462285607915,668.1517954743881,652.3606532888389,658.5676879882812,28401476,0.009662087992037272,651.0621215820313,688.876498413086,0.030762144982291777,-0.2884074201562281
2022-05-02,647.8421473040924,668.9604080458433,647.8421473040924,667.6524047851562,19494316,0.013794659171065593,651.4545288085938,687.2914398193359,0.030979883545364937,-0.7270988547906246
2022-05-04,665.8925284326605,667.6048118935288,642.1106524172083,644.9644775390625,29055916,-0.03398164536439363,652.1109130859375,683.7241607666016,0.031131734194810717,-0.31453958091480255
2022-05-05,654.001625047842,654.001625047842,640.4459550013958,643.5137939453125,17862912,-0.002249245724796012,652.0467041015625,676.4980377197265,0.019041682623744477,-0.921182935081558
2022-05-06,632.5978677162095,634.9760551888268,624.5120303093106,626.699951171875,26731268,-0.026128177719942358,649.3474609375,669.5858367919922,0.01888399888705003,-0.3090877480787509
2022-05-09,618.32874885627,630.9331425829555,616.1883801102291,627.7701416015625,32762434,0.001707659985749732,647.6470581054688,664.0922210693359,0.018011036440900838,0.07689042202048448
2022-05-10,625.4871236116026,643.537543685614,625.4871236116026,637.8536987304688,20113812,0.016062498772530187,646.4722351074219,659.9137451171875,0.01844622252012222,-0.702639311838177
2022-05-11,643.5375799338344,644.4888549965599,631.9558176573953,641.4447631835938,17102924,0.005629918679271428,645.3568664550781,655.9647644042968,0.01860405693494678,-0.8198603182831751
2022-05-12,635.6706993369925,638.4133907389254,622.1498973824371,626.9856567382812,22382290,-0.022541467754058186,642.7718017578125,651.7327941894531,0.01893700079387698,-0.473944402109418
2022-05-13,630.353891041967,634.1791515037851,619.2629499130284,621.3560180664062,16768238,-0.008978895468138237,639.680859375,647.2823638916016,0.018918092646070358,-0.8000890466981332
2022-05-16,625.0368734940553,631.292053906236,618.4448991695826,627.9719848632812,9804356,0.01064762648869677,636.6212890625,643.8417053222656,0.01904356341643128,-1.1509004711447353
2022-05-17,631.5807479648557,633.6978977151113,624.6519209350625,632.25439453125,16641444,0.006819427890403462,633.0814880371094,642.2680084228516,0.016355897654142866,-0.6413828967594964
2022-05-18,637.0902245927911,641.5410265716883,630.3297937681616,632.2063598632812,15732384,-7.597364033251619e-05,631.8056762695312,641.9582946777343,0.014009585356064615,-0.7329146655322709
2022-05-19,618.8778867259274,623.7858326225379,615.076708796021,619.2869262695312,20537506,-0.02043546919797501,629.3829895019531,640.7148468017579,0.014507548167928763,-0.1831876667480823
2022-05-20,626.9615731938593,637.1623059170763,621.837124950426,635.5985107421875,13919350,0.02633930054185729,630.2728454589844,639.8101531982422,0.015406560891994717,-1.1492016865877006
2022-05-23,632.2544265466233,639.9290287015857,625.0850152898169,627.4427490234375,19486320,-0.012831624965934152,630.2401062011719,638.9435821533203,0.015373357811167063,-0.12593158604064025
2022-05-24,625.5180642227122,637.5472577654566,624.0264559706711,634.6361694335938,12870796,0.011464664180679707,629.9183532714844,638.1952941894531,0.015517354757764817,-1.204665253305939
2022-05-25,639.9531102298189,642.8160348600121,636.6811460213428,639.375732421875,12887112,0.007468157688697907,629.7114501953125,637.5341583251953,0.015585179773284014,-1.131007049827467
2022-05-26,645.7993054909392,659.6809832899339,644.7647830842534,657.6119384765625,26992428,0.028521892730603016,632.7740783691406,637.7729400634765,0.016920634931156878,1.1396300538920978
2022-05-27,660.0659236596756,671.0846178237094,659.5606740424182,669.8095703125,24031718,0.018548373474172042,637.61943359375,638.650146484375,0.017388443799866305,0.622835561044529
2022-05-30,678.5668121550864,683.4987815396562,672.8890092715018,674.3806762695312,12624674,0.006824485883202058,642.260302734375,639.4407958984375,0.01732957862564778,-1.1114073734638812
2022-05-31,671.662083279525,675.944488061126,664.0115042012508,668.3179321289062,13485388,-0.00899009173003329,645.8666564941407,639.474072265625,0.01721560641605063,-0.8997783602746373
2022-06-01,664.0115306279351,673.8513881488794,663.6025497657505,671.1568603515625,12091896,0.004247870790497821,649.7617065429688,640.78369140625,0.015229426651943205,-1.0337728595118365
2022-06-02,667.4999765351084,667.860852355906,663.3378636546508,666.4654541015625,11475020,-0.006990029495552719,654.4795593261719,641.9312744140625,0.015337237757119123,-1.0502614527954162
2022-06-03,672.8169034842749,673.995741003826,662.231212745682,664.1558837890625,6957244,-0.0034654013922048588,657.3352966308594,643.8040710449219,0.013933070260362161,-1.5995953432221002
2022-06-06,662.2312223234171,667.3796939444019,654.7009350100217,663.2656860351562,6173266,-0.0013403446022756116,660.9175903320313,645.5788482666015,0.01396456826501696,-1.7234671193992088
2022-06-07,655.3504712553794,661.2688580365657,651.5492343077399,655.63916015625,10253966,-0.011498447815830537,663.0178894042969,646.4681213378906,0.013951598250483857,-0.884959017189946
2022-06-08,660.7877542678001,664.4927227830032,652.9446957397068,657.9488525390625,5986588,0.0035228102944036,664.8752014160157,647.293325805664,0.013926450224179961,-1.4701466955113969
2022-06-09,655.4708272698372,664.9979730840081,653.0168832680971,662.9048461914062,7311816,0.007532490760061794,665.4044921875,649.0892852783203,0.012786507323561605,-1.1312883066323771
2022-06-10,654.4362839332251,658.2134392480132,646.4970155862447,650.1057739257812,9155430,-0.019307555736180926,663.4341125488281,650.5267730712891,0.013479892947152116,-0.7377480991843585
2022-06-13,636.873696288998,639.9531819947298,629.5118640988112,638.3171997070312,10892572,-0.018133317210155764,659.8277648925781,651.0440338134765,0.014070775104722778,-0.4490997091931698
2022-06-14,630.9312384303023,638.0284630380025,627.9239398677174,631.2921142578125,11870356,-0.011005633958231176,656.1251831054688,650.9959197998047,0.014240342441292603,-0.23923956746577688
2022-06-15,626.3120453531265,633.1205811087782,624.7482500861813,629.102783203125,11810470,-0.0034680158443947118,651.919775390625,650.8407409667968,0.014261726747225522,-0.2162590612178251
2022-06-16,630.3297546494468,635.4060979237764,614.9323865969412,616.520263671875,12169192,-0.020000737347218744,646.9252563476563,650.7024078369141,0.014229476505201087,-0.08376368747316247
2022-06-17,613.4889564580709,625.0369838737522,611.852974160255,620.586181640625,14723922,0.006594946197768348,642.5682861328125,649.951791381836,0.01292135682911029,0.38017650179480883
2022-06-20,627.7795517185277,637.547280721459,622.703267102487,636.1759643554688,15936840,0.025121060017207375,639.8593139648438,650.3884521484375,0.013862710144146704,0.6584586214684907
2022-06-21,643.2731943331319,651.5011513361289,637.0902003236198,643.1047973632812,13220684,0.010891378165838628,638.6058776855468,650.8118835449219,0.013840033673850007,0.1369429733824004
2022-06-22,641.0356997049206,643.2971645111071,636.6811083122385,640.0733642578125,8159698,-0.004713746683118525,636.8183288574219,650.8467651367188,0.01379697348258763,-0.7701898362528352
2022-06-23,640.193710492177,648.6141463686242,634.419697319756,642.43115234375,15372244,0.003683621624642086,634.7709594726563,650.0877258300782,0.012124746292591984,0.8899132552361141
2022-06-24,644.067099221751,655.1820622227635,644.067099221751,651.4049072265625,8013432,0.013968430469279092,634.9008728027344,649.1674926757812,0.01177230202549264,-0.947637669923567
2022-06-27,659.1998582409274,662.0868649193548,650.5388382056451,652.5838012695312,9804164,0.0018097715106077938,636.3275329589844,648.0776489257812,0.011642248282738861,-0.312002994811071
2022-06-28,646.6894072919121,650.0575812882241,643.994879842121,647.6036376953125,9770574,-0.00763145448068181,637.9586853027344,647.0419342041016,0.011600606335662744,-0.2671480029125803
2022-06-29,640.5545980485462,649.9373696255954,640.5545980485462,646.6654052734375,9994046,-0.001448775712894368,639.7149475097656,645.8173614501953,0.011521479810419155,-0.15674617291058296
2022-06-30,642.8401226643639,651.5011422810993,642.8401226643639,648.6141357421875,12475822,0.0030135066030414492,642.9243347167969,644.9247955322265,0.011501153843213312,0.668395928217365
2022-07-01,646.6653918015329,654.3881578947369,639.9772068826776,651.380859375,11472452,0.0042655925616648105,646.0038024902344,644.2860443115235,0.01155412066457045,0.26226042166609026
2022-07-04,651.3567925787985,654.4843831117648,645.8474450575549,652.2951049804688,8487480,0.0014035500004496715,647.6157165527344,643.737515258789,0.0115649925508095,-0.87779038635346
2022-07-05,656.3128389795442,663.6987525096566,648.7585284770123,650.8275146484375,14325718,-0.0022498870845814034,648.38798828125,643.4969329833984,0.011295192661122439,1.174958655292836
2022-07-06,648.6141194735643,660.835791929005,648.18105675633,659.80126953125,15049078,0.013788222963591057,650.3607788085938,643.5895538330078,0.011704244349056,1.3352140700221464
2022-07-07,664.0114788767993,672.6724981664967,661.3409744346241,671.6139526367188,17743142,0.017903395538873434,653.2790588378906,644.0250091552734,0.012262365906376199,2.0349646715437983
2022-07-08,678.4464549412353,678.4464549412353,671.108647538502,672.2393798828125,12474030,0.0009312302754258539,655.3625061035157,645.131689453125,0.01132123580740012,0.10466920933661834
2022-07-11,670.7478551643559,678.3984342696596,670.3869793455802,676.5940551757812,7462880,0.006477864021783297,657.7635314941406,647.0455322265625,0.010343163258959766,-1.5612365582127674
2022-07-12,676.1610141176355,676.1610141176355,668.5345166503326,669.6893310546875,9876974,-0.010205120881973895,659.9721008300781,648.9653930664062,0.010287647627263655,-0.6901932491062417
2022-07-13,668.823193081103,670.8440741987707,651.6214454892688,653.3536376953125,15945610,-0.0243929425210464,660.6409240722656,650.1779357910157,0.011915946322212463,1.236928966312521
2022-07-14,655.350489555198,660.4749379498609,649.215600611124,650.0817260742188,10372410,-0.005007872356286747,660.7876831054688,651.8560089111328,0.010888982524215397,-0.5335523093451416
2022-07-15,651.0199810197498,656.7458891263111,648.0367643942972,655.3745727539062,13595646,0.00814181735525854,661.1870544433593,653.5954284667969,0.010923467329861098,0.5265263833255348
2022-07-18,648.6140849867697,657.3232089503867,645.7511605542314,648.3975830078125,20332220,-0.010645804759827904,660.7973022460938,654.206509399414,0.009959976991908544,2.3250918512696006
2022-07-19,643.3213172038678,653.6905062823398,643.3213172038678,648.6382446289062,15792538,0.0003711636616183789,660.5783752441406,654.4831817626953,0.009684023467851358,0.9670880621285866
2022-07-20,654.3400285637287,659.7290838164299,652.1025868008825,656.8180541992188,20347862,0.01261074202461221,660.2800537109375,655.3204162597656,0.009966356580032172,1.9183024256860541
2022-07-21,654.6528133808986,658.9592412990309,653.473917137891,654.7490234375,12640278,-0.003150082048583913,658.5935607910156,655.9363098144531,0.009998845870834073,-0.0414869158133117
2022-07-22,657.275177078658,672.19137802261,655.5429848453301,670.026123046875,12729592,0.02333275661744194,658.3722351074218,656.8673706054688,0.010823445415469965,-0.08351646914993716
2022-07-25,671.2290446761094,675.8482435588785,665.5994052152816,671.9989013671875,10143126,0.002944330455865618,657.9127197265625,657.8381256103515,0.010828314801666619,-0.7996051095311604
2022-07-26,671.710190933296,674.5971974845852,667.0428871698978,670.6275634765625,8527964,-0.002040684721113406,658.00654296875,658.9893218994141,0.01065026055239104,-1.203753140106652
2022-07-27,668.2939138771885,676.5218708292028,666.0564720450384,675.7520141601562,9212778,0.007641276563445043,660.2463806152343,660.44365234375,0.010698077479879081,-0.9984322924403003
2022-07-28,680.8764259957169,685.1828537236895,678.9276731770548,681.7424926757812,17420406,0.008864906637489067,663.4124572753906,662.1000701904297,0.010799397209153244,1.0907207573055981
2022-07-29,691.9191590136528,692.2078478890704,680.9966756169249,690.0906982421875,20019736,0.012245394201027882,666.8840698242187,664.0355621337891,0.011011473862492455,1.5468832530468404
2022-08-01,692.4003980885738,696.9474098698968,688.0939701842794,695.8407592773438,13193036,0.008332326533023737,671.6283874511719,666.2128448486328,0.011069162656050147,-0.16864752507611117
2022-08-02,693.8439067006424,695.094931123578,684.7258011854689,688.190185546875,15036510,-0.010994719163065603,675.5835815429688,668.0809783935547,0.011465328695468622,0.2877801072012438
2022-08-03,685.6399502739025,690.8365853805471,681.8146902206062,689.8020629882812,10975498,0.002342197658813383,678.881982421875,669.5810180664063,0.01117293175776607,-0.6781509914964777
2022-08-04,692.8815779882993,696.1053785024752,679.8659665183745,688.984130859375,12012206,-0.00118574903264701,682.3054931640625,670.4495269775391,0.010567452207234712,-0.35685288081456057
2022-08-05,689.5133762386452,691.4139653304088,683.8115502270574,686.6504516601562,9268982,-0.003387130551625206,683.9679260253906,671.1700805664062,0.010620029228022696,-0.9918040768566383
2022-08-08,687.1075476112192,704.6701705018421,686.6744848885744,703.4913330078125,15357736,0.02452613452294261,687.1171691894531,672.5149444580078,0.011800889621434156,0.4528904919107535
2022-08-10,703.1545610732601,708.0384260481038,697.2362323052624,705.536376953125,17353102,0.002906992381226381,690.6080505371094,674.3072967529297,0.011444995546076288,0.8855859836682882
2022-08-11,715.2558683433389,717.421123242461,709.5059371613006,714.8709106445312,18301766,0.013230407384120513,694.5199401855468,677.3831604003906,0.00972491897329982,1.0776296889644095
2022-08-12,714.5341363296417,716.6031812290219,710.1795445295438,714.6063232421875,8850370,-0.0003701191339638976,697.8063232421875,680.6093902587891,0.00953842583484016,-1.313981165667874
2022-08-16,719.2495009321705,725.8414749228665,716.0016189595292,722.7860717773438,12563756,0.011446510154072609,701.0758605957031,683.9799652099609,0.009627826684105596,-0.36237361915838856
2022-08-17,721.7516252798,727.8865140946783,714.8949848396419,726.5151977539062,12384350,0.0051593771963431845,704.1433044433594,687.8858459472656,0.00890150033942379,-0.33069547693732954
2022-08-18,721.7515867041628,728.4398298215469,721.5831897478574,727.3812255859375,8342138,0.0011920298910590432,708.0624084472656,691.8229949951171,0.008877295872507573,-1.2750006615080198
2022-08-19,726.563301596116,727.5256370949188,716.939946608088,718.4075317382812,8063702,-0.012336988544662475,710.9229553222656,694.9024688720704,0.009591347611919519,-1.260384625475852
2022-08-22,714.4378945404134,716.1460048012029,706.2098790742172,707.4849853515625,8234066,-0.015203830561589804,712.7730407714844,697.5392669677734,0.010440761038882685,-1.1121315267760299
2022-08-23,699.2811184238794,710.1795210324121,697.8857201939286,705.2957153320312,14966884,-0.003094440256485975,714.6375671386719,699.3027465820312,0.009484769837435769,0.6480508699089248
2022-08-24,703.4191637412739,709.9630335639699,702.1199755407531,708.6879272460938,13455520,0.004809630684436517,715.1572265625,701.1371978759765,0.00949738343656717,0.20747304841583653
2022-08-25,712.0801600941289,715.4002292936442,701.0614069473538,704.8385620117188,11823040,-0.005431678862279132,715.0874450683593,702.8477478027344,0.00961607491958229,-0.2805762823215441
2022-08-26,708.3030747503891,712.9944607425392,703.0823571957231,704.9589233398438,7706176,0.00017076439146790356,714.0962463378906,704.3080932617188,0.009552152086520929,-1.3586247726477036
2022-08-29,691.438142053239,695.7686523374972,687.3963207073368,692.5929565429688,8653178,-0.017541400480881153,711.8949096679687,704.8506164550781,0.010366980655172012,-1.0031400147138934
2022-08-30,695.9850421787525,716.9158385123882,694.3731420244557,715.0633544921875,10135400,0.0324438730381813,711.1226379394532,706.0992492675781,0.012333741883983848,-0.5291538909885298
2022-09-01,704.7904213260312,716.6752405737923,702.0237069224642,708.35107421875,22403136,-0.009386972820337514,709.3062255859375,706.7247650146485,0.012479199640264267,2.5381825250618855
2022-09-02,708.351080797229,717.1804968372654,705.0069298539969,714.774658203125,12038086,0.009068362028616495,708.0455688476562,708.053988647461,0.012271901020301802,-0.027065049621602923
2022-09-05,715.0633864131738,721.2704621778411,714.101050906599,719.369873046875,12131932,0.006428900061037357,708.1418029785157,709.5323791503906,0.012312417602190482,-0.017942681247533124
2022-09-06,721.2223114778902,724.9513613297232,715.2317380870402,716.6271362304688,12238696,-0.003812693468506656,709.0560180664063,710.9145294189453,0.01236402927781438,0.006401428160136933
2022-09-07,707.9421400567993,716.9399535633776,707.9421400567993,713.2349853515625,9776206,-0.004733494878172317,709.8499450683594,712.2437561035156,0.01239875506987618,-0.6311853467765829
2022-09-08,716.9880436773584,721.7516160908172,713.1627836065959,720.5968017578125,11164690,0.010321726440019274,711.0408325195312,713.0990295410156,0.011405997162998891,-0.2253070067837152
2022-09-09,719.9232494805556,726.0822209058895,718.8887856843456,721.0780639648438,15128888,0.000667866143531759,712.6647827148438,713.8761138916016,0.011400002309877704,0.8665961980372328
2022-09-12,721.751579586768,723.676250465666,716.9399023895229,718.6480712890625,11080492,-0.0033699439730837666,714.0336975097656,714.0649719238281,0.011073919727438397,-0.14063291349312143
2022-09-13,721.2223728893526,729.4022248737516,721.0539759192867,728.054931640625,13001966,0.013089662001999347,717.5798950195312,714.73740234375,0.0114328589203819,0.37036977288927375
2022-09-14,718.8887165967504,740.4690789237419,718.0706961615213,735.537109375,20219760,0.01027694121584255,719.6272705078125,715.3749542236328,0.011379449348876435,2.1028547943624294
2022-09-15,736.1866756721654,741.4554391702014,727.5256559583752,731.7117919921875,13539372,-0.005200712967511567,721.9633422851563,715.6347839355469,0.011412824840412259,0.3464411427533281
2022-09-16,723.2432582308112,728.8247925761237,713.5717978693896,718.26318359375,20560046,-0.018379652406341318,722.3121948242188,715.1788818359375,0.012157722742185965,1.8603744485030513
2022-09-19,716.4587550842659,728.4879484201334,712.1282454833537,723.0026245117188,12076038,0.006598473966402452,722.6754699707031,715.4086364746094,0.011927499393332593,-0.23424712689568147
2022-09-20,728.4879914821296,733.299669100902,726.5152154056927,731.7117919921875,10781668,0.012045831073366431,724.183935546875,716.6199768066406,0.011604938776238307,-0.6066005398174562
2022-09-21,725.6010407512331,732.0968060364729,724.1575373545131,730.5811157226562,9072304,-0.0015452481180504574,725.9185485839844,717.8842468261719,0.011576046096340654,-0.9510205551879901
2022-09-22,722.7139425983661,726.6354714109892,713.4514636402978,715.0152587890625,12048144,-0.02130613096698608,725.3603942871093,718.2006134033203,0.012645332841195704,-0.18395919300068633
2022-09-23,708.4473309391279,709.7224372346395,691.438062580459,695.8407592773438,15806252,-0.02681690953587812,722.8366638183594,717.7507232666015,0.014006035747799234,0.7031988619686074
2022-09-26,685.8324052401812,691.1733552416581,682.2958342078718,686.4579467773438,8923486,-0.013484137534203078,719.6176513671875,716.8256744384765,0.014298854533010798,-1.042868875535824
2022-09-27,689.2246964827675,692.881559633574,677.0030238919713,680.2990112304688,12639700,-0.00897205076551133,714.8420593261719,716.2109771728516,0.013907445968866353,-0.15705368965289968
2022-09-28,676.5218139126857,678.7351736760943,666.8503544937673,668.6066284179688,11816132,-0.017187123043662544,708.1490112304688,713.8881408691407,0.01195345319456519,-0.40084004492920783
2022-09-29,671.8545371114053,674.6933797809945,663.434101683277,665.1422119140625,14410388,-0.005181546752091926,701.4920532226563,711.7276977539062,0.011877207776572231,0.47830263542328494
2022-09-30,663.4341823816585,688.7676199193113,656.7940432846984,683.9078369140625,15781756,0.028212951552117893,698.0565185546875,710.1843566894531,0.01355966656511159,0.8438092955179711
2022-10-03,678.4224718418965,682.22370896109,674.1641488370536,679.9862670898438,11541112,-0.005734061831947579,693.7548828125,708.2151763916015,0.013428311738827609,-0.4842270317620761
2022-10-04,687.8292769808156,701.5425574242946,686.2173768162974,699.13671875,11538526,0.02816299767657804,690.4973754882812,707.3406555175782,0.01509246489671679,-0.4720102664707333
2022-10-06,702.4808875755999,703.7559939592081,690.0908170525987,691.4381103515625,12549198,-0.011011592142094906,686.5830749511719,706.2508117675782,0.015236034988677741,-0.2046531446316563
2022-10-07,688.1901682297433,690.4516331398249,683.4265958004532,688.454833984375,13297994,-0.004314596378945157,683.9270324707031,704.6437133789062,0.014990863796641808,0.0023923130035407615
2022-10-10,677.4841817579505,686.1452011270152,672.7687143847188,680.8523559570312,13109302,-0.011042813053319778,682.4281921386719,702.6324279785156,0.01510237505671138,-0.02648812005208053
2022-10-11,674.1641338324686,681.8147129301799,673.3701952846903,673.9476318359375,14521620,-0.0101412943065875,681.1771606445312,700.3974060058594,0.015192448165082166,0.38584296532736445
2022-10-12,675.1745267944143,680.7801425260418,672.3356842119671,678.3502807617188,9225050,0.006532627637236166,680.9822875976563,697.9121734619141,0.01489255731399523,-1.2551558829190885
2022-10-13,674.6212615810351,676.6421426191388,665.9361602736982,670.5553588867188,14714234,-0.011490998229184868,681.1771606445312,694.6630859375,0.0146316671686338,0.6712308166472368
2022-10-14,681.8147001498437,696.249732615966,680.9726565893199,692.400390625,12849920,0.032577521674793886,683.902978515625,692.6975158691406,0.01681397747674772,-0.004893639033475467
2022-10-17,690.475692350587,701.3500712981873,686.6263505116987,696.033203125,18410500,0.005246693313851081,685.1155151367187,691.5860168457032,0.016475306307589158,2.349815380967432
2022-10-18,701.5666873690876,703.90033929577,692.8815856653596,694.7340698242188,10561108,-0.001866481792748509,686.5902954101563,690.1725891113281,0.01636623156172449,-0.8639667679958868
2022-10-19,704.4295823817055,710.8772419458467,699.329216005163,701.8553466796875,12967040,0.010250363649605632,686.862158203125,688.6797668457032,0.01629065580970706,0.07374409562851394
2022-10-20,694.8062769145736,699.0886819198254,694.0845252418784,697.1159057617188,7898078,-0.006752731799208989,687.4299377441406,687.0065063476562,0.016325330893865113,-1.9184564449064714
2022-10-21,698.6556066854753,701.3742163513118,689.9945867678867,692.2079467773438,10492606,-0.007040377279890375,687.8052490234375,685.8661407470703,0.015748812980985093,-0.8422481809194393
2022-10-24,699.7623104281301,703.9484465267632,699.7623104281301,703.0101928710938,2167794,0.015605492748300698,690.0210327148437,686.2246124267579,0.014998900431139746,-2.9097020058851277
2022-10-25,703.0342306280569,706.2580899913314,695.2874411281454,698.1263427734375,13773394,-0.006947054462625335,692.4389038085938,686.8080322265625,0.014744473685506843,0.4710154861692563
2022-10-27,704.6702075925484,706.0415240061888,698.2947345638005,699.8104248046875,15937276,0.002412288332452439,694.5849182128907,687.7836029052735,0.014560054790397207,1.0421810985706477
2022-10-28,697.6931978037887,705.8730490883848,696.442173472227,701.8793334960938,10474278,0.002956384497964093,697.7173156738281,689.4472381591797,0.01387908017065647,-0.5339808950268701
2022-10-31,708.2789372387135,720.7892989018973,705.9933903964011,720.1637573242188,12830528,0.026050665628021052,700.49365234375,692.1983154296875,0.014699532446165568,0.1756554300201655
2022-11-01,723.4357504196331,735.7055286941263,721.2223903997298,728.1271362304688,19073756,0.011057733501944167,703.7030456542968,694.4092803955078,0.013682752044901596,1.8254226808129665
2022-11-02,729.931460645262,735.34459771333,727.33314310533,728.5841674804688,12720406,0.0006276805618947723,707.0880554199218,696.8391754150391,0.013536669900741325,0.07248532387378087
2022-11-03,720.6449111524606,731.4952673413037,720.3081172240958,725.3844604492188,10332352,-0.004391677961264162,709.440966796875,698.1515625,0.012323389008982966,-0.5607997233386393
2022-11-04,723.2913397099678,729.4984154442802,716.7474700445205,720.3803100585938,10818060,-0.006898618130757872,711.7674072265625,699.5986724853516,0.012129091461436762,-0.403423157891295
2022-11-07,726.5633397491442,727.5256752984809,717.9504248353214,725.9859619140625,9835834,0.00778151731411536,715.1452087402344,701.475228881836,0.012092794760870116,-0.6170187877085506
2022-11-09,728.9932072410344,730.38854669658,723.6762802249166,725.7693481445312,9269790,-0.00029837184311409803,717.4211242675781,703.721078491211,0.011680539464851182,-0.7086679649675482
2022-11-10,720.3562824334263,734.743211017239,719.3699237114974,733.6605834960938,12774182,0.010872924534133244,720.9745483398438,706.7067260742188,0.01135178432280989,0.2460603993389276
2022-11-11,743.404141412297,787.6715724866862,740.0359673088109,775.2333984375,56722338,0.05666491546172536,728.516845703125,711.5508819580078,0.01631660904297265,3.987381774151375
2022-11-14,775.6424611635699,783.3411456416203,768.906112245276,777.1100463867188,19195390,0.002420752192825004,736.0399169921875,716.8786163330078,0.015782671890039377,0.4424244356501721
2022-11-15,781.0074169195871,781.0074169195871,772.3945027587589,779.0105590820312,11030202,0.0024456159126358124,741.9245971679687,721.2091247558594,0.014662919997124981,-0.31054494911113595
2022-11-16,778.8422119111716,790.0774674383857,775.6424345375626,785.6988525390625,13578150,0.008585626188318374,747.6817687988281,725.6924072265625,0.014672777849654118,-0.0509117446893754
2022-11-17,778.5775416526076,785.0492832742325,776.5566605526772,778.6016235351562,12100930,-0.009033014342544665,752.6835144042968,729.8857849121093,0.014964157812015844,-0.19663388678853652
2022-11-18,779.9729198902146,780.9352553866862,772.3945278555009,776.556640625,10459232,-0.0026264816927444867,757.800732421875,733.620849609375,0.015040262022182475,-0.337755089706866
2022-11-21,773.5493742606727,775.6424423049926,765.1529614641645,768.5933227539062,8344816,-0.010254651695058015,762.6220336914063,737.1947204589844,0.015205899112577526,-0.5380544661225236
2022-11-22,769.8683630485893,771.9614309133688,765.537853506441,767.4625244140625,8546314,-0.001471257043701657,766.7696899414062,740.9574493408203,0.015023715522423287,-0.5080435189090827
2022-11-23,772.2742311837565,772.2742311837565,766.9813859856123,769.4594116210938,10185738,0.002601934483453583,771.1386962890625,744.2799102783204,0.014833423742312559,-0.4047260566139976
2022-11-24,772.7312711598448,785.2657136747216,769.4593659279763,781.9697265625,17197960,0.01625857680400533,775.9696105957031,748.4720794677735,0.014787884924957409,0.25182270909586935
2022-11-25,784.1590590980275,785.1213945985398,776.6528539412901,778.3610229492188,8410496,-0.004614889158362834,776.282373046875,752.399609375,0.01495485604943954,-0.550182268711538
2022-11-28,771.2637536720435,773.4530315663065,767.0054310777749,769.9886474609375,16105980,-0.010756416677389913,775.5702331542968,755.8050750732422,0.015382785249742147,0.1554086312407827
2022-11-29,768.5451734076865,775.8107945409757,766.4280236025191,768.8338623046875,12638236,-0.0014997430936909417,774.5525634765625,758.2385803222656,0.014588069034777083,-0.17440098360828266
2022-11-30,768.4730227722782,776.0754969244954,768.4730227722782,773.9342651367188,15184806,0.006633946658829659,773.3761047363281,760.5289367675781,0.014498691287532176,0.0874466988911839
2022-12-01,780.454140154658,787.6716568638566,777.0859656903655,779.251220703125,20446366,0.00687003509977302,773.441064453125,763.062289428711,0.014508667019447837,0.5504448140452884
2022-12-02,774.6800661706023,778.8180970128258,772.3464143644907,773.28466796875,7811078,-0.0076567768851120155,773.1138671875,765.4572998046875,0.014619664865588812,-0.6350992525490086
2022-12-05,774.6559840761946,776.893425827618,768.0399276122688,776.0994873046875,11592622,0.0036400816575496986,773.8644836425781,768.2432586669922,0.014421258147353348,-0.2818039543882207
2022-12-06,770.349534240186,776.46034090485,769.8683665111166,775.2333984375,12353092,-0.0011159508302155396,774.6415710449219,770.7056304931641,0.01443012017191762,-0.22270685214629135
2022-12-07,776.6769012486282,778.8180741474324,772.0095390371375,774.8965454101562,11674720,-0.0004345182083520527,775.1852844238281,773.1619903564454,0.014431980402663075,-0.3000476449461513
2022-12-08,774.6801267872993,782.378811277111,772.2742878842332,779.251220703125,14803634,0.005619686032622306,774.9134338378906,775.4415222167969,0.014335849722772475,-0.011035391344567672
2022-12-09,782.3787950839879,786.637118107019,779.4917884600618,784.8087158203125,11963384,0.007131840117199806,775.558203125,775.9202880859375,0.006998378930276398,-0.20139190848846836
2022-12-12,781.897599252911,795.6589852525027,780.1654070879796,790.9194946289062,14434808,0.007786328930109443,777.6512878417968,776.6107604980468,0.007171060805738193,0.6125687259458035
2022-12-13,793.9267873639345,797.2949616133573,791.5209486143468,793.1088256835938,17031702,0.0027680833125940385,780.0787841796875,777.315673828125,0.0071750672460362585,1.2657309700976922
2022-12-14,795.3702434987874,801.3848400164733,793.9267403345427,799.821044921875,14227640,0.008463175570510018,782.6674621582031,778.0217834472656,0.007168232293522686,0.42708834276537017
2022-12-15,797.3190413162754,803.2614512642567,782.8840088582007,785.1695556640625,18182648,-0.018318459298909295,783.2592956542969,778.3501800537109,0.008088161583362997,1.416637060614429
2022-12-16,779.5158401167187,791.5690570624564,774.1989129626363,788.9467163085938,14647958,0.004810630541242311,784.8255004882812,778.9696838378907,0.008110147547672971,0.3813212119865687
2022-12-19,791.0397589631783,792.3148652124158,782.4749497572581,791.400634765625,9604542,0.0031103728633448124,786.355615234375,780.1100494384766,0.007689020440828987,-1.0764496756171729
2022-12-20,779.5879427299554,787.3828952985053,779.5879427299554,785.9393920898438,7174698,-0.006900730724582527,787.4262145996094,781.0338928222657,0.007892286431941588,-1.700288239858924
2022-12-21,789.5962507751079,791.4247116571615,773.0200458484181,778.3369140625,9269198,-0.009673109789201995,787.7702514648438,781.4777679443359,0.008248407666234973,-1.090270888620039
2022-12-22,780.5503710559809,783.1005838558391,774.1989796768327,775.6665649414062,9747096,-0.0034308396182264334,787.4117858886718,781.1626098632812,0.0074147856119498425,-0.8675111909671783
2022-12-23,763.6132225912555,771.8652612871225,762.867389080973,768.7376708984375,10693152,-0.008932825464111782,785.8046813964844,780.6814422607422,0.007605054814921703,-0.6569830906403245
2022-12-26,769.6278068793584,788.6339327760353,765.0567133092716,784.0387573242188,9907322,0.019904171481408772,785.1166076660156,781.3839477539062,0.008487802289217215,-0.7976664536431848
2022-12-27,785.7469942121562,787.1664156857469,776.3642223890472,784.832763671875,7926772,0.0010127131347001939,784.2890014648438,782.1838928222656,0.00846838226766241,-1.2445041588653565
2022-12-28,780.9833552219441,785.7469276450677,780.9833552219441,784.2072143554688,8691870,-0.0007970479130861019,782.7276184082032,782.6975402832031,0.008373644470552678,-0.9355155521282487
2022-12-29,779.5398699494827,790.7992071900476,775.1612551160126,789.7406616210938,11012896,0.007056103494499144,783.1847290039062,783.2220123291015,0.008380968928646862,-0.20250800630855556
2022-12-30,791.520872062532,791.520872062532,779.4916794779951,783.4132080078125,7122640,-0.008012065125648893,782.6313781738281,783.7284393310547,0.008399974110332793,-1.4301117252611406
2023-01-02,782.8598948008254,788.994783343364,778.7940509867589,783.6778564453125,4381378,0.0003378146229791046,781.8591003417969,784.1073577880859,0.008371224007174917,-1.946600733553874
2023-01-03,780.5503292014555,790.5586422632767,780.5503292014555,788.8023681640625,8378030,0.006539053868376943,782.1453979492187,784.7858062744141,0.008466977191820048,-0.7465991618903329
2023-01-04,786.709274515468,791.8818278494382,773.2365774595456,774.7041625976562,10351600,-0.017872925000491313,781.7821228027344,784.7761871337891,0.009452406092242321,-0.17533870237152588
2023-01-05,777.085950452134,778.5535356487463,764.7680672572426,769.7240600585938,10941436,-0.0064283926426362825,781.1878723144531,784.2998291015625,0.009461340864231362,0.04540811990071507
2023-01-06,770.8307523930382,774.2470317456477,759.3789361975485,767.1738891601562,9092462,-0.00331309755114495,781.031494140625,783.4180877685546,0.009300610324430636,-0.44711950255648647
2023-01-09,767.9437756748827,775.4259581366615,765.0567689994132,768.66552734375,10729340,0.0019443286648177516,779.4941711425781,782.3053894042969,0.009096511748656163,0.08175433336813166
2023-01-10,769.8684118966518,769.8684118966518,753.0275403864125,754.6154174804688,16371766,-0.01827857418275758,776.4724365234375,780.3807189941406,0.009782129522943321,1.8130512447615885
2023-01-11,754.4469115539331,768.9060251968651,750.6216516314828,765.48974609375,15195798,0.014410424649934583,774.6006896972656,778.6641540527344,0.010211933462375743,1.4116938714863327
2023-01-12,763.9981171629116,771.7449055844786,762.2418432655777,769.5796508789062,9250070,0.005342860313971354,772.5845886230469,777.8846588134766,0.009590902095441146,-0.27483968107258555
2023-01-13,769.2669828560861,774.6320153125537,763.1320937043018,770.1812133789062,9244546,0.0007816767235373501,771.2613891601562,776.9463836669922,0.009505278102831794,-0.19592813442575002
2023-01-16,777.0858851595061,780.1172653577423,760.3893883970367,762.7952270507812,14748094,-0.009589933122000627,769.1731262207031,775.51611328125,0.009628408109845837,1.6734264297740764
2023-01-17,764.9605254372576,775.1612584159965,759.0421385172157,774.1508178710938,10786354,0.014886814203356913,767.7079711914063,774.9266845703125,0.010233842345426623,0.2157707706264774
2023-01-18,772.274237215273,789.884965083016,769.724024650822,787.8159790039062,19090642,0.017651807396382502,769.0191528320313,775.4006378173829,0.010782898238415776,2.48418114240918
2023-01-19,787.6716113274065,793.9267921137573,785.7469403162216,791.087890625,11172162,0.00415314198784178,771.1555358886719,776.1717041015625,0.010764779497575079,0.12364242605986724
2023-01-20,791.0878917418223,803.068980550622,790.7510978089086,799.195556640625,18843404,0.010248755052007619,774.3577026367187,777.6945983886719,0.010683691267581771,2.004568604808848
2023-01-23,801.7457607178152,809.6128416563689,799.4121088854909,805.041748046875,15444400,0.0073150949822895495,777.9953247070313,778.7447479248046,0.009916552873871578,1.0178936047180822
2023-01-24,805.9800286815163,819.139954334254,805.9559468005266,815.8198852539062,24983940,0.013388295989841925,784.115771484375,780.2941040039062,0.010272832322995128,2.6056459207174316
2023-01-25,813.8471429635326,814.5929177332151,791.6653214666925,793.2772216796875,14704142,-0.027631912364091016,786.8945190429688,780.7476043701172,0.01222309917171469,0.4379231896889627
2023-01-27,785.2657804091282,787.6716191971464,765.032652707376,777.4708862304688,35179948,-0.019925361547316833,787.683642578125,780.1341156005859,0.0129460326117173,3.0717586437764828
2023-01-30,767.462506381816,782.0419116590099,761.2073260790175,776.6768798828125,18512822,-0.0010212682709007659,788.3332092285157,779.7972991943359,0.012832166181491201,0.6047822258551296
2023-01-31,779.3473843212695,780.7908875770869,767.4625643428925,771.552490234375,18596244,-0.006597839823957008,789.208935546875,779.191030883789,0.012906016457772927,0.5419308969006503
2023-02-01,781.4164037954262,801.1442809848427,772.7553845415359,783.1245727539062,17302790,0.014998438429012051,790.1063110351563,778.9071411132812,0.013288690223470028,0.28159398669824715
2023-02-02,773.7658324138648,781.6569951120864,764.4552483744704,771.4802856445312,17497106,-0.014869010007471872,788.4727416992188,778.745947265625,0.013094906145726977,0.26017240816440834
2023-02-03,775.1612895534513,798.9790945397306,773.236618443449,798.1611328125,14411100,0.0345839649624724,789.1800659179687,780.1678009033203,0.015111988983624121,-0.2699216129632754
2023-02-06,798.7384939446326,803.2614827057959,792.0983552594887,794.7688598632812,11167672,-0.004250110422271858,788.7373962402344,781.5475494384766,0.015130520616322862,-0.833315602388882
2023-02-07,798.449739262286,801.0961617651983,785.5544206626682,795.9476318359375,10264588,0.001483163259389686,787.8279846191406,782.911654663086,0.015130764134081681,-0.9763793178820391
2023-02-08,795.9717934088378,802.6840603891873,793.9268303609384,795.8515014648438,8444826,-0.00012077474352434336,785.8311462402344,784.9734588623047,0.014385580450116831,-1.1664260307614838
2023-02-09,798.7385404930559,799.5324791028548,786.9740113881463,794.1915283203125,11777336,-0.0020857825127877927,785.9225769042969,786.4085479736328,0.014153592820923518,-0.6004574726822313
2023-02-10,793.3494214707791,798.0167252205403,790.173667284601,797.3430786132812,8172116,0.003968249698701909,787.9097961425781,787.7967193603515,0.014139514426171985,-1.1514130257609354
2023-02-13,796.3326188427218,799.5805011250109,791.3044393965116,797.9445190429688,5736944,0.0007543057007950438,790.0365600585938,789.1848846435547,0.014139626466265156,-1.4541951506579467
2023-02-14,801.1443083812574,807.1589052910266,797.7520522296284,805.3304443359375,10908592,0.009256189016533689,793.41435546875,791.3116455078125,0.013962791916693366,-0.6350619535002462
2023-02-15,807.3994872360046,807.3994872360046,797.1746725138561,803.6945190429688,11438712,-0.0020313714754912615,795.4713500976562,792.7888305664062,0.013702643573406285,-0.5623263807423826
2023-02-16,805.0898752375481,809.2760700053668,799.2196520403804,800.783447265625,8062500,-0.003622112268241162,798.4016662597656,793.4372039794922,0.013238558441029821,-0.969872417250996
2023-02-17,799.2196298038508,802.6599909509282,790.5345284538475,796.7656860351562,8956270,-0.0050172880623193805,798.2621215820312,793.72109375,0.013278693334887404,-0.8122800761262745
2023-02-20,798.7384663515395,803.2854781022144,786.6130625255412,789.2835083007812,8086706,-0.009390687708462409,797.7135864257813,793.2254913330078,0.013241366593208676,-0.8526571417713732
2023-02-21,789.115146297544,799.8692342574486,786.2281396647481,792.2427368164062,12389296,0.0037492592769305944,797.3430969238282,792.5855407714844,0.013153738360887545,-0.20832026627717792
2023-02-22,788.6339729282492,790.0533943514464,774.2230217496752,776.7009887695312,10359102,-0.019617406792934222,795.4280456542969,790.6295959472657,0.013359513715149235,-0.4261004764764933
2023-02-23,776.1235754720026,778.9383950431011,766.0671578181314,771.4321899414062,27882010,-0.006783561376008995,793.1521118164062,789.5373443603515,0.012032000723531772,1.9542292204706593
2023-02-24,778.4813560195853,778.4813560195853,762.7471345130758,764.551513671875,17061740,-0.008919353326510615,789.8729553222656,788.8913757324219,0.011370087388658693,0.7985746042890344
2023-02-27,763.0839740657053,769.3872600713753,758.9459430133319,766.4521484375,14312972,0.002485947292808266,786.7237182617188,788.3801391601562,0.011393138588385327,0.32671141459953046
2023-02-28,766.0190402522969,772.4185946735463,764.431163219567,769.6759033203125,18993992,0.004206074559754969,783.1582641601562,788.2863098144531,0.011349900129989838,1.2317170463249099
2023-03-01,775.6425042238213,776.1236720304117,767.8235273667264,768.9302368164062,14137256,-0.0009688058320255211,779.6818359375,787.5765930175781,0.01078222520519536,0.32433708022520213
2023-03-02,766.981406050965,772.7313372630384,761.2073929564784,762.38623046875,17391814,-0.008510533250389973,775.8421142578125,787.1218902587891,0.010435569460996285,0.9723532015905013
2023-03-03,767.943731924865,779.4917579688479,764.094389910204,777.5189819335938,14986234,0.019849193046862057,773.9174438476563,786.0897827148438,0.00807936472968959,0.48742440744846627
2023-03-06,779.4917245287281,788.8504134058667,778.5534709474247,783.0042724609375,27004710,0.00705486381014464,773.2895202636719,785.5015533447265,0.008254076257557355,2.2893153677580997
2023-03-08,779.4917718675084,788.8745431955432,779.4917718675084,784.568115234375,20099774,0.0019972340234140074,772.5220581054688,784.9325775146484,0.008262071763247177,1.0282492399229535
2023-03-09,784.27938296168,791.9780672791738,782.859961535162,784.6402587890625,20700166,9.195320748656144e-05,773.3159851074219,784.3720153808594,0.00826297638586475,1.0182533276305503
2023-03-10,774.8966492145099,776.4845264268987,762.6509523697192,764.4072265625,27387000,-0.025786380446229162,772.6134887695313,782.8828002929688,0.009993904162186753,1.7995080842504068
2023-03-13,764.0462404475056,771.6968190039678,753.0034059433883,754.7356567382812,26443550,-0.012652378847478052,771.6319030761719,780.7524291992188,0.010173034727351486,1.4750925083345152
2023-03-14,755.5536842804477,761.9772622068983,750.2849207392273,752.7147827148438,33185612,-0.0026775918235678597,770.2581665039063,778.4909423828125,0.010140723696493789,2.0847090361908296
2023-03-15,759.2826799733518,761.6404136039248,739.3623241507462,741.9125366210938,37264754,-0.014351048155038404,767.4818298339844,775.3200469970703,0.010028967319737936,2.157869598509319
2023-03-16,740.5171674402086,750.1886274704333,737.1730750713688,746.7242431640625,21753342,0.006485544192153414,765.26123046875,772.471533203125,0.010296215906562984,0.2894910763404849
2023-03-17,749.4187927190782,759.8601097073861,740.9983568458301,756.70849609375,22950876,0.013370736280613693,764.69345703125,770.2677856445313,0.010974701764344315,0.3606676897923505
2023-03-20,754.446900441081,754.5190873460873,743.5966036348024,751.4636840820312,26503114,-0.006931086460365221,762.0879272460937,768.002685546875,0.011003639879276392,0.7249282528574783
2023-03-21,756.3716494546454,761.4479929018443,748.793257108229,759.9804077148438,33050494,0.01133351326646781,759.7855407714844,766.5375305175781,0.011327786490562234,1.4488036825329111
2023-03-22,762.1697342790129,763.156151684689,753.1719206327385,758.2241821289062,14177324,-0.002310882712382334,757.1511474609375,764.8366027832031,0.01125152363434906,-1.0981020623894873
2023-03-23,754.3508112835871,765.2251917130186,749.9240910601629,752.137451171875,28364178,-0.00802761386472961,753.9008666992188,763.6084259033203,0.010582096487905108,0.7472121127878569
2023-03-24,750.6216774626521,757.3099208232004,748.1917568712191,750.9344482421875,31477748,-0.001599445590447779,752.5535888671875,762.5835388183593,0.010510460915423965,1.1418371130253997
2023-03-27,751.6802291971494,759.9803728144399,750.092410877359,754.2063598632812,31872006,0.004357120157095995,752.5006591796875,762.0662811279296,0.010422332853954528,1.0809397880070453
2023-03-28,753.3643757274799,761.6404968520089,752.5945190205312,760.34130859375,39276302,0.008134310524218868,753.2633117675781,761.7607391357421,0.010586423681079926,1.8429588666725307
2023-03-29,762.1697080199377,770.8307274292553,761.1592675027767,763.9981689453125,39763612,0.004809498458430372,755.471875,761.4768524169922,0.01060093207157272,1.6618889248827562
2023-03-31,767.7512367744048,776.0994853441741,766.2115234957539,774.4635620117188,34711228,0.01369819129390537,758.2458068847657,761.7535186767578,0.011051192181338959,0.946326819113197
2023-04-03,773.5011989750112,777.4226689404504,771.1915704030113,774.9447021484375,40025398,0.0006212560026310765,760.0694274902344,762.3814422607422,0.010849748727811628,1.4678575244300192
2023-04-05,778.8180228007624,796.813706420068,777.5669985355254,795.7310791015625,43365392,0.026823045432141646,764.4961669921875,763.2920471191406,0.011579237894233142,1.717090092230183
2023-04-06,793.2291334002176,803.1652006446278,792.5314049071793,801.7938842773438,44637344,0.0076191634774736006,768.6775146484375,764.2315277099609,0.011594875649697932,1.6371995178460805
2023-04-10,800.3023046039525,804.0313548734133,795.8515026694348,797.99267578125,31813286,-0.00474087988276406,772.6543640136719,764.9027557373047,0.01166968028643283,0.04695399882840797
2023-04-11,798.2572492502067,803.2614052965625,794.4560125065183,800.3262939453125,42361542,0.002924360379345403,777.4732482910156,765.6870574951172,0.01167637213475691,1.2351320111015012
2023-04-12,802.5878572606912,812.3074229248433,802.4916471991853,810.7196044921875,26955504,0.012986341477848828,783.4517639160156,768.0026763916015,0.010097286943621015,-0.6941673126289027
2023-04-13,812.3555567321653,816.5657746530499,807.4716921966794,814.3523559570312,35330086,0.004480897519579807,789.4663635253906,770.983511352539,0.009402929407763948,0.3032261236454623
2023-04-17,827.6085828103118,827.6085828103118,795.5147153318975,801.9382934570312,32405148,-0.015244092325871539,793.6260620117188,773.4446868896484,0.010244311466590616,-0.06319968281442946
2023-04-18,803.550177070361,807.0386434079419,797.00630713609,798.5460205078125,29637226,-0.004230092236392924,797.0808471679687,776.2763610839844,0.009557508716213144,-0.36796252741367697
2023-04-19,801.1442851788886,803.6944976892919,797.3671301762054,801.4810791015625,24741168,0.0036755033753514965,799.7825988769531,779.0142028808593,0.009535466598020856,-1.0367348857516745
2023-04-20,804.3681477069183,807.1348624191324,801.8179937357015,804.4644165039062,32922716,0.003722280513082099,802.7345703125,781.4019989013672,0.009254384481118792,-0.03381694031090107
2023-04-21,803.0690219934318,806.8942823364474,800.3023072681698,805.7635498046875,20128618,0.0016149046174436243,803.7378173828125,784.1169921875,0.008959186635209978,-1.6454742500402408
2023-04-24,811.729970551708,813.8711434821779,805.5228950106629,812.2833251953125,35675852,0.008091425074024938,804.7867614746094,786.7321380615234,0.008839132672727032,0.34724952484283267
2023-04-25,812.066755339811,812.066755339811,799.6526631336261,800.7352905273438,50353068,-0.014216757022793791,805.0610229492188,788.8576934814453,0.009609248461678387,2.117666125183145
2023-04-26,798.738456878835,805.955973055451,796.3326181532963,804.416259765625,27392750,0.004596986397161329,805.47001953125,791.4716339111328,0.009270980022670816,-0.9936501012255993
2023-04-27,803.7906953628967,810.8879194015693,801.5532536644629,808.8429565429688,47790392,0.0055029926653067385,805.2823547363281,794.3670593261719,0.009204941889950658,1.5484380948144232
2023-04-28,810.6232176162707,813.6545976840637,803.5500757731439,812.0186157226562,27916272,0.003926175228452733,805.0489807128906,797.2576721191406,0.00920397815850195,-0.9252572154242481
2023-05-02,812.5478894124298,817.5039403262289,809.3240892458605,811.8502197265625,32221184,-0.00020737947730897766,806.0401733398437,799.8331176757813,0.00918333722863295,-0.34744722778658393
2023-05-03,810.7435980893194,816.0605253605099,808.1934441893474,814.689208984375,29407270,0.0034969372290971634,807.6544921875,802.3676696777344,0.009176840400672619,-0.6329025845448221
2023-05-04,811.7781309061464,834.5614130090665,811.7781309061464,831.3616943359375,56854638,0.02046484127652448,810.6425537109375,805.2125762939453,0.009692304844542447,2.2468224917103092
2023-05-05,788.6339045566583,799.1955126698393,780.5021582230617,782.2103271484375,62770416,-0.05912152017872363,808.4171447753906,805.5758575439453,0.017061777426890138,2.3196339148119955
2023-05-08,786.7093355416769,794.095249360511,784.3034965950662,791.25634765625,37244524,0.011564690715334836,806.9664245605469,805.3521209716797,0.01614436215469163,0.07345290386048038
2023-05-09,793.878651970084,796.8137633850524,789.0909977997552,791.2803344726562,43688938,3.0314848629364732e-05,804.8661254882812,804.8264434814453,0.01604088607482298,0.6594799300303205
2023-05-10,791.2803925786036,796.1642571593527,785.7950682892969,794.937255859375,46340550,0.004621524417330436,804.2863220214844,804.6736724853515,0.016048268140758496,0.8213607334893598
2023-05-11,801.216542964019,812.2112150220032,793.5659634923215,795.466552734375,35734618,0.0006658347826808964,803.3913513183594,804.4306854248047,0.01603405857220225,-0.09313679418295624
2023-05-12,792.4833249747595,804.8974770572269,791.1601135942614,802.4916381835938,22478760,0.008831402684462919,802.7562194824219,804.019287109375,0.01588068732390639,-1.2317223855170976
2023-05-15,804.5125423272495,808.7227604763904,801.1924728395238,806.3410034179688,18512260,0.004796766783873085,802.1884582519531,803.6187194824219,0.01588593912179695,-1.4192621217187482
2023-05-16,813.641207320555,813.641207320555,800.1113205928083,801.7174072265625,32722086,-0.005734045734754223,801.1751770019531,803.6076751708985,0.015556225532609514,-0.2480332753283872
2023-05-17,803.0314612780545,803.0314612780545,791.0346460503185,797.4102172851562,30466868,-0.005372454062468779,799.4472778320312,803.5508850097656,0.015575064937405625,-0.43837345772000236
2023-05-18,802.0580796447568,804.953835962047,798.1645938212387,800.5980224609375,49646942,0.003997697930977484,796.3709106445312,803.5067321777344,0.015579181046231752,1.0372485385757229
2023-05-19,802.0581085513332,803.0314800422937,794.0521518021368,801.5227661132812,30460332,0.0011550661210744106,798.3021545410156,803.3596496582031,0.01555801154913027,-0.5255114741505655
2023-05-22,800.5981052751066,804.4429348055172,794.6118464382748,798.6757202148438,28334032,-0.003552046203557424,799.044091796875,803.005258178711,0.015571546383895858,-0.7616285716555512
2023-05-23,802.5447954516952,802.8367950174272,794.9768083346355,796.8018798828125,22470074,-0.002346184170375465,799.5962463378906,802.2311859130859,0.015449118532600555,-1.1586224056665044
2023-05-24,792.1053982534182,795.6095118101778,785.3160965486113,786.3868408203125,33588112,-0.01307105232235617,798.7412048339844,801.5137634277344,0.015398969114637936,-0.18749239534703577
2023-05-25,786.3380947431477,788.455225154943,777.407423655138,783.3693237304688,29776930,-0.0038371917397499455,797.5314819335938,800.4614166259765,0.015359182052798508,-0.5237878944755128
2023-05-26,787.944211421121,787.944211421121,779.7922252930767,786.3868408203125,26635066,0.003851972496796474,795.9210021972656,799.3386108398438,0.015325606431525472,-0.7120176684493473
2023-05-29,792.5676872978805,798.6512587386072,790.7912725552128,795.9744873046875,21816292,0.012192023043485545,794.8843505859375,798.5364044189453,0.015583024221208733,-1.0773981355439397
2023-05-30,795.0498137776772,799.4543434930372,792.5920864341458,796.5828857421875,37125928,0.0007643441431899323,794.3708984375,797.7730377197265,0.015586741713652184,0.19635261111748697
2023-05-31,793.249109394473,795.706836766176,780.9602943063138,783.9777221679688,43334270,-0.015824045180777846,793.0276489257812,796.2374633789062,0.015900042588598017,0.6582263479250736
2023-06-01,788.3822359863269,788.3822359863269,778.6971779535536,780.6439208984375,50366938,-0.004252418372695743,791.0322387695312,793.7015747070312,0.015014646235739096,1.3365925629253972
2023-06-02,784.7564131844704,785.9001722239442,779.1838851154611,781.8606567382812,17859710,0.001558631031730151,789.0660278320313,793.6840911865235,0.007160872799209284,-1.51026479911506
2023-06-05,785.7541372012771,786.7275086936293,779.889550195903,780.838623046875,18697242,-0.0013071813789299336,787.2823181152344,793.1632049560546,0.00662538515405973,-1.2782519366161167
2023-06-06,782.4203085516023,783.4909933701617,774.9253365920524,778.4051513671875,32182852,-0.003116484774013828,785.4426452636719,792.5194458007812,0.0066459232056638486,0.07522932451346574
2023-06-07,780.3761658426776,784.805053262948,776.7503811233141,782.444580078125,24949026,0.005189365337373131,785.0484191894532,791.8948120117187,0.006671462395987702,-0.5697793799030101
2023-06-08,780.278861070367,791.350960923385,780.278861070367,782.9312744140625,37395522,0.0006220176461428917,785.0046142578125,791.2680480957031,0.006670973066053098,0.7282594114378577
2023-06-09,786.4354761770152,787.7008471820789,782.1039613355581,783.8560180664062,18212578,0.0011811300462301055,784.7515319824219,790.3362670898438,0.0063003267310001625,-1.2283337379930455
2023-06-12,784.8050437509804,786.3867722647989,778.4294135981509,779.0864868164062,13408292,-0.006084703236399647,783.0627319335938,788.9735412597656,0.006228719131087245,-1.629928973747529
2023-06-13,773.8789730190645,783.0773452649356,773.8789730190645,780.4005737304688,27926108,0.0016867022292124112,781.4445007324218,787.9076995849609,0.006196663084301993,-0.1779712011607823
2023-06-14,783.7830313619872,784.5374180278894,778.7945024942541,779.5488891601562,20113968,-0.0010913428295437066,781.0016174316406,787.0146331787109,0.006123114516797346,-0.8773848391514849
2023-06-15,780.6439096325554,781.5929230405386,768.4767664026215,769.961181640625,35377476,-0.012299045836445921,779.9333435058594,785.4827911376954,0.006480938317352208,0.7368029649611886
2023-06-16,772.4432977006162,783.1746828103192,770.9102257106925,780.0355834960938,15779272,0.013084298398007954,779.7508361816406,784.4084320068359,0.007279464748265557,-1.2310134398829622
2023-06-19,784.0507655809437,785.6324943134937,777.8941787861185,780.7169799804688,24829146,0.0008735453853541131,779.738671875,783.5104949951171,0.007275709505960452,-0.28312503018794627
2023-06-20,780.7169047691681,784.0506900484788,774.146647589991,782.3472900390625,20005626,0.002088221596812989,780.1328857421875,782.7877655029297,0.007303609997175131,-0.7582781091358723
2023-06-21,786.4841043269806,796.8261756245972,784.050675786365,796.0231323242188,24308946,0.017480526179714184,781.4907409667969,783.269580078125,0.007799841658876608,-0.27631869871632947
2023-06-22,798.1645692917998,806.7059273185989,797.702241628417,799.9166259765625,56596140,0.00489118154264645,783.1892761230469,784.0969451904297,0.007780426647116467,2.3962057774151253
2023-06-23,796.9722246864862,807.8496386483743,795.2688246661945,799.8679809570312,21339218,-6.08126121542929e-05,784.7904724121094,784.7710021972656,0.007756064962343543,-0.5670784349180337
2023-06-26,800.598057936059,803.396500995714,792.6650564551716,795.9989013671875,16130314,-0.004837147731822533,786.4817138671875,784.7722229003906,0.007374057153467638,-0.9631798460454599
2023-06-27,799.6003360457688,814.1766100290189,797.4589662553369,807.2169799804688,33831864,0.01409308303568424,789.1633544921875,785.3039276123047,0.008018323987204628,0.5165954548801501
2023-06-28,812.7652324615918,817.5834334461853,808.1417176661517,815.7583618164062,59562950,0.010581271266300929,792.7843017578125,786.8929595947266,0.007296859381023096,2.294051434569463
2023-06-30,829.3124901661796,831.6486054517263,819.2137611926184,828.047119140625,40699016,0.015064212516137765,798.5928955078125,789.2631195068359,0.007691488115197755,0.9875964242699007
2023-07-03,833.449367439012,855.3502267293802,832.2326530339916,837.002197265625,44104116,0.01081469631135712,804.2895568847656,792.0201965332031,0.007877688621177109,1.127913262770996
2023-07-04,838.778513734139,850.2399866599931,834.0820438772298,841.0902709960938,38795188,0.004884185183532397,810.3268859863281,795.0327789306641,0.007802502050581386,0.6518759722963867
2023-07-05,835.2744057361592,837.0994772709068,812.0595195781218,814.3712768554688,37165754,-0.03176709452242499,813.5292846679688,796.8310852050781,0.011074158837485602,0.5048045218441979
2023-07-06,814.2252369257229,821.4525082286525,808.0930085295972,815.1986083984375,52156544,0.0010159144440400336,815.4468322753906,798.4687866210937,0.01105654604676279,1.455215831996041
2023-07-07,810.3317601084606,815.1986175265295,806.0976179186929,808.093017578125,19926336,-0.008716392235104897,816.2644714355469,799.7268737792969,0.011316854784163138,-0.7856580873885636
2023-07-10,808.3850372058562,816.0503378295722,802.8854644229833,806.1705932617188,38398442,-0.00237896414718175,816.8947326660157,800.8426025390625,0.011352463180683137,0.459745480320706
2023-07-11,809.3583461576029,815.6852604691176,800.8413461228718,802.2527465820312,50670426,-0.004859823358026594,817.5201171875,802.0009155273438,0.011312819008265505,1.221771468244522
2023-07-12,805.6352938593309,810.9645387950601,791.9107786303803,794.7335205078125,70958358,-0.009372639864748566,816.2717712402343,802.717562866211,0.011571941509019645,2.1897406529522385
2023-07-13,806.2922367876993,806.6572510904781,797.2155953198356,798.699951171875,41913546,0.004990893880414182,814.5659301757812,803.6751159667969,0.011594695026452651,0.30795287221444617
2023-07-14,804.7835035114284,804.7835035114284,795.7311609024043,800.3546752929688,24727214,0.0020717719071672303,811.7966857910156,805.194790649414,0.011145580796078844,-0.7518170156306412
2023-07-17,803.0314502823962,818.6053935606003,794.7577929158504,817.0966796875,49252928,0.02091823151829897,809.8061340332031,807.0478454589844,0.011680552931687698,0.7213782161435175
2023-07-18,826.3923403152943,829.3124545920268,812.7651403572094,816.415283203125,81076818,-0.0008339239423119649,807.3386352539062,808.8327606201171,0.011698436703688997,2.269872837884046
2023-07-19,818.1673927652148,821.8905505906512,815.1986216073076,820.1141357421875,32935134,0.0045306017846094004,807.9129211425782,810.7211029052735,0.011708815883854152,-0.5161699732254605
2023-07-20,818.1917641303833,823.4722926593728,817.6320636334198,821.8905639648438,56210948,0.0021660743855471676,808.5821166992188,812.0144744873047,0.011160356377223013,0.7667536219513827
2023-07-21,817.6320129512904,822.4015567907909,814.3468843278255,815.5635986328125,42154248,-0.007698062989687671,809.3291748046875,812.7968231201172,0.011322357940117787,-0.027016691277364526
2023-07-24,816.9019892100436,819.8951183000274,812.813817239081,816.8533325195312,32179444,0.001581401976352037,810.3974487304688,813.6460906982422,0.011319983094855308,-0.687329856594599
2023-07-25,819.8951278192749,826.879056170404,816.8533420034627,825.7109985351562,55992596,0.010843643115593382,812.7432739257813,815.1316955566406,0.011428734535416462,0.7311245541730774
2023-07-26,827.1710534459679,827.1710534459679,821.5255108693627,822.8395385742188,24794358,-0.003477560509708044,815.5538757324218,815.9128234863281,0.011112793446229056,-1.2964689049206635
2023-07-27,827.3170606790924,828.8257745170246,811.5240735457453,814.2982177734375,59741302,-0.010380299439160745,817.1137023925781,815.8398162841797,0.011151780148153575,0.9803479704357146
2023-07-28,808.628323918532,812.2298101291246,798.6999233468555,799.8679809570312,41015684,-0.017721071348852147,817.0650329589844,814.430859375,0.011225597033014728,-0.2406325542159003
2023-07-31,803.0557764440342,806.3409049738307,797.531846128994,803.6154174804688,34565006,0.004685068802171344,815.7169067382813,812.7615203857422,0.010947035855606484,-0.6231127219906387
2023-08-01,805.1971747453257,811.5240891764785,803.0314470309211,808.9933471679688,35394188,0.006692168381190466,814.9747131347656,811.1566741943359,0.01101392777405329,-0.5557936877501902
2023-08-02,799.1380486876382,803.7615635856482,794.8308914277848,798.4080200195312,28116322,-0.013084566375599294,812.8041015625,810.358511352539,0.008943928151921077,-0.9723857497153648
2023-08-03,798.1646183703506,803.6884896703888,789.8909607409018,792.6407470703125,57673946,-0.007223465702508425,809.8791198730469,809.2306182861328,0.00903780848402813,0.8546118275102603
2023-08-04,795.8042164551875,806.1949453417267,792.9327586465489,804.1021728515625,37388304,0.014459798873086793,808.7329772949219,809.0310760498047,0.009518418381386095,-0.4843188212461096
2023-08-07,809.4069842309956,809.4069842309956,801.8390571629793,803.6397705078125,28300918,-0.0005750542149515203,807.41162109375,808.9045349121094,0.00950526702512055,-1.0224894881712303
2023-08-08,803.8588478451442,805.7569341954113,799.1623777784342,802.9828491210938,43773828,-0.0008174326493369799,805.1388061523437,808.9410400390625,0.009441815194855468,-0.008657016503023309
2023-08-09,804.4915557001548,805.2215843350914,793.8331257481036,803.2748413085938,33361236,0.0003636344011825887,803.1823364257813,809.3681060791016,0.009175615369949682,-0.6057192873290895
2023-08-10,801.5957522263969,805.099865704745,793.7844225264857,796.1448364257812,50781118,-0.008876171039039593,801.3669982910156,809.2403503417969,0.009346670875412244,0.5753634870501046
2023-08-11,797.385890968424,797.385890968424,786.5814324003055,787.8468627929688,28225822,-0.010422693526551674,800.1648864746094,808.6149597167969,0.009606499688524082,-1.0130324750809254
2023-08-14,784.0507318876311,785.9974748594191,778.8188601509507,784.0020751953125,31304410,-0.004880120464053395,798.2035522460938,806.9602294921875,0.008169313527518362,-0.7272490904696665
2023-08-16,770.4721710730195,783.3937010320665,769.5961724006356,781.714599609375,34137542,-0.002917690728519662,795.4756774902344,805.2251953125,0.008166498004310904,-0.4764158827978877
2023-08-17,777.529087744607,783.5153458133944,775.7770310495571,777.3831176757812,52884040,-0.005541001710545279,793.3731872558594,803.0886444091797,0.008043266801401928,1.1015826088892275
2023-08-18,772.6379419530916,776.8964420218484,771.6402124587459,774.1953125,25633366,-0.004100687425927285,791.5286437988282,800.7038818359375,0.007967848725074902,-1.1873487632483075
2023-08-21,778.9405796354617,778.9405796354617,772.3703217003922,773.5870361328125,21837270,-0.0007856885173113115,788.4771301269532,798.6050537109375,0.007900896260131044,-1.3639532206257698
2023-08-22,776.9207377849476,777.7237811054864,768.963438139342,770.2774658203125,32273570,-0.004278213255802021,785.1408996582031,796.2762603759766,0.00784578471563258,-0.47577286470302005
2023-08-23,768.9634840803492,774.0980425006611,765.6783552717781,772.1755981445312,36498588,0.0024642189450490015,782.0601745605469,793.5994903564454,0.007276188482290478,-0.03532982653717589
2023-08-24,775.4364030038525,776.8477441031978,767.0897307917666,768.622802734375,43145792,-0.004601020051259508,778.594970703125,790.8886535644531,0.007281796504242702,0.5023504599565186
2023-08-25,766.3111120049593,767.7468112795314,758.4511248442728,759.9598388671875,30069756,-0.01127076094590096,774.9764709472656,788.1717346191406,0.0073294368041198635,-0.6638013429641721
2023-08-28,759.9597651143588,770.2531801549441,759.9597651143588,767.868408203125,28867238,0.010406562204295033,772.9786254882813,786.5717559814453,0.0071372769171511655,-0.7214451455738652
2023-08-29,773.6842594017068,775.1200179106506,769.669102242421,773.976318359375,35538932,0.00795437094559337,771.9760498046875,785.0898010253907,0.007333548544044786,-0.023343815958197022
2023-08-30,780.6195643753474,780.6195643753474,765.8973208258516,768.3307495117188,28084204,-0.007294239776771683,770.6376647949219,783.0566711425781,0.007140251300692991,-0.7585346293616385
2023-08-31,768.4768083488655,770.4965661172561,760.7384929502665,764.8023071289062,100075772,-0.004592348262847601,769.3795837402344,781.3763854980468,0.006721082171291938,3.546406367861006
2023-09-01,764.5832587851945,768.4767445078436,758.9133583196115,766.3839721679688,43226776,0.002068070433783209,768.5984497070312,780.0635467529297,0.006671158817761004,0.2968941758298795
2023-09-04,773.8303310146484,774.5360015777221,766.4813881806992,771.1779174804688,25073638,0.006255278667870234,768.3575378417969,778.417333984375,0.005826396075410832,-0.7420987936622186
2023-09-05,773.0516417713671,773.0516417713671,764.38861183011,766.4813842773438,38712082,-0.0060900773954590814,767.9779296875,776.5594146728515,0.005882058869071901,0.03193486566523427
2023-09-06,767.4060807161218,778.6971658570981,766.4813659496907,776.507080078125,56320910,0.01308015563904874,768.4110778808594,775.2356262207031,0.006818690919718342,1.0150634544124228
2023-09-07,776.5071078478363,785.510794150052,772.4432937501639,783.9777221679688,34208342,0.009620829328551794,769.9465698242187,774.2707702636719,0.0072625301554856345,-0.26886238921088973
2023-09-08,782.7367500914759,794.7092081887672,782.3960344054848,790.085693359375,34502210,0.007791000966858697,772.9591552734375,773.9678131103516,0.00729035414587789,-0.20714789656620164
2023-09-11,792.762427572447,796.4612273788786,790.3776555229446,794.173828125,31573022,0.005174292864667196,775.589697265625,774.2841613769531,0.006984721863566056,-0.3908758059879337
2023-09-12,798.164658821722,799.576059429664,790.888730360441,796.6559448242188,39033340,0.0031254073243371927,777.8576599121094,774.9168548583984,0.006893603438041237,0.02658293746333725
2023-09-13,793.9304547919241,803.8101394610018,792.6163676755281,800.0626831054688,46420094,0.004276298072440454,781.0308532714844,775.8342590332031,0.006875786423886012,0.4266417580846442
2023-09-14,800.2330026157181,803.0314455319658,795.7798163539742,799.5759887695312,23538848,-0.0006083202556684819,784.5082214355468,776.9439025878906,0.006708326304651018,-0.8373998067262725
2023-09-15,803.0314427561306,812.7651572137806,803.0314427561306,808.75,173411202,0.011473595204611664,788.74482421875,778.6716369628906,0.006932745211133869,3.7174340522522846
2023-09-18,804.8565015861909,805.464858730247,791.399629677695,792.8353881835938,37056288,-0.01967803624903397,790.9105712890625,779.6340545654297,0.008477227452778869,-0.2585327886371025
2023-09-20,778.2104866731253,778.2104866731253,759.4244292708094,761.0304565429688,115474648,-0.04011542889563857,790.365478515625,779.1717041015625,0.012529374972429333,1.7536641573050182
2023-09-21,755.8229580049356,763.5855718328563,748.0603441770149,755.9932861328125,72841442,-0.006618881500535356,788.3140991210937,778.3625885009766,0.01257972407232234,0.5595031329879445
2023-09-22,758.7430770496563,761.3711919566923,741.5874045249608,744.4588623046875,61704250,-0.015257309872588776,784.3622131347656,777.1543914794922,0.012960964819681045,0.23777050299574834
2023-09-25,742.195730377536,749.8366724935371,742.195730377536,745.1158447265625,40208754,0.0008824966094715947,779.8652282714844,776.4121917724609,0.012762884201666313,-0.35127568888106775
2023-09-26,742.1957693327212,749.4960555884529,742.1957693327212,748.3523559570312,27575308,0.00434363495740242,775.2830810546875,775.4363891601563,0.012550243787130523,-0.6878554008457438
2023-09-27,741.2224021033014,745.8459167585748,737.3289160778081,743.0961303710938,39338538,-0.007023730925809102,769.927099609375,773.8923797607422,0.012420794453482256,-0.3784057833996323
2023-09-28,746.5759362770035,748.3279930851168,738.9592924506106,741.5630493164062,55354188,-0.0020630992304075946,764.0771362304688,772.5539947509766,0.012357457155026582,0.015565408879886238
2023-09-29,741.5629997895483,747.2815569377753,740.8816873168103,742.8284301757812,32053782,0.0017063698906538693,758.4023803710937,771.4553009033203,0.0123600685115042,-0.5453433029495781
2023-10-03,743.1691434056778,743.1691434056778,732.9487426122795,733.9464721679688,38971694,-0.011956944089647537,750.9220275878906,769.8334259033203,0.012550364858780158,-0.343523325729655
2023-10-04,727.5952007546005,747.0626308751249,724.7967576747751,744.4102172851562,54649430,0.014256823234369165,746.0795104980468,768.4950408935547,0.012951328277089922,0.057244030224251896
2023-10-05,747.0869560565192,755.1172706279191,745.8945403681716,747.4276123046875,48512674,0.004053403552863211,744.7192260742188,767.5423522949219,0.012968305265021402,-0.13275794829243695
2023-10-06,751.4428415259151,751.9295273041055,744.5562258825445,746.600341796875,17759356,-0.0011068235829040374,743.779931640625,766.0470153808594,0.012527948614807789,-0.9367936034321659
2023-10-09,743.6558133244023,744.6291848078113,735.8688414571311,737.937255859375,16454972,-0.011603377942006055,743.1277709960938,763.7449920654296,0.01240018677906608,-0.9312645371192027
2023-10-10,740.0300286548502,744.1424994102023,737.426212407623,742.1227416992188,33266292,0.005671872244706666,742.8284606933594,761.3468444824218,0.012312342846142629,-0.46691236475812237
2023-10-11,744.6778161774354,750.5424029295025,743.8991308991633,749.3013305664062,31333360,0.009673047952621472,742.9233581542969,759.1032196044922,0.012510074761023667,-0.5195988705684533
2023-10-12,747.5979272653602,755.3362421435227,745.4078415117224,754.2898559570312,22025336,0.006657569107549888,744.0427307128906,756.9849151611328,0.012622973572367859,-0.7423242313500316
2023-10-13,749.4960266639874,753.7788848660191,744.6048112974557,747.4276123046875,39745300,-0.009097621555094415,744.6291870117187,754.3531616210937,0.012590839683899567,-0.25231355751113443
2023-10-16,745.3591629708128,746.7948620477135,740.0056201744178,744.4344482421875,17856084,-0.00400462066590046,744.7897888183594,751.5960845947266,0.012575227811451166,-0.8321728099866756
2023-10-17,757.1613181665532,757.1613181665532,747.0625893528261,750.0800170898438,32902558,0.007583701776545881,746.4031433105469,748.6625854492188,0.012359843966790528,-0.3864457112998152
2023-10-18,750.0800099587005,750.0800099587005,738.8375816778204,739.640625,31216200,-0.013917704580834522,745.9261840820312,746.0028472900391,0.012030267364572208,-0.4453750354115476
2023-10-19,732.6566914356105,742.8040767694536,731.5859472105568,737.3045043945312,30252364,-0.003158453614508727,744.9138732910156,744.8165496826172,0.008377067156198086,-0.45974783992426055
2023-10-20,732.46203118805,743.1691173582408,732.46203118805,741.1250610351562,21094010,0.005181789366338396,744.3663452148437,744.0731384277344,0.008416670328521638,-1.0424697830026812
2023-10-23,741.4656641644435,744.0207640901824,730.0772068991747,732.9730224609375,22376136,-0.010999545154811607,743.869921875,743.4988464355469,0.008083220004956216,-0.8893592631402114
2023-10-25,740.2489957035165,741.1250537819102,725.8674086108082,728.3251953125,28311996,-0.0063410616844158385,742.4901672363281,742.6593139648437,0.008167565235612389,-0.326824764136389
2023-10-26,725.7700665168079,726.1350808000519,710.6828094760561,712.2158813476562,55561798,-0.02211829834876411,738.7816223144531,740.852490234375,0.009302558312495785,1.7648010026537269
2023-10-27,715.1846713831347,719.3215000369331,713.9193003827721,715.0143432617188,31940532,0.003929232676989969,734.8540710449219,739.4484008789062,0.009340237461670542,-0.09164428075161496
2023-10-30,712.1429060469561,725.1373914861161,711.4858921827074,722.7769775390625,23310982,0.010856613367967505,732.3890075683594,738.5090972900391,0.009764252628348844,-0.7128221692135512
2023-10-31,731.9753494856925,731.9753494856925,717.3747773549939,718.5914916992188,32634824,-0.005790840010005072,729.8047119140625,737.297250366211,0.009789199366273855,0.09824007481237734
2023-11-01,711.6562634115908,719.0538633124389,711.6562634115908,717.6181640625,33877466,-0.001354493683771829,726.5585266113281,736.4808349609375,0.00948172373306669,0.23126884676664586
2023-11-02,722.7282919430866,725.4050633947277,714.0409637501907,718.713134765625,45225154,0.0015258402838165264,724.4657775878907,735.1959808349609,0.008800688743980033,1.3776100199596428
2023-11-03,724.188409593513,725.84315305655,721.0979669049797,722.1199951171875,18095340,0.00474022274919661,722.9473266601562,733.9305999755859,0.008825698914667196,-1.120040309393104
2023-11-06,729.0552066561768,729.0552066561768,721.7549208752405,727.351806640625,25593730,0.007245072230119387,721.5700012207031,732.9681732177735,0.009049186844545422,-0.42104363507880577
2023-11-07,727.1084316790375,727.1084316790375,718.9320882014275,723.8233032226562,41952848,-0.004851164712528333,720.655029296875,732.2624755859375,0.008764704892540462,1.1616482678265965
2023-11-08,722.2172785513859,726.8407930714139,720.7815793854345,725.9161376953125,31399546,0.002891361003905857,720.4141235351562,731.4521453857421,0.008676105023835796,0.05955251020298174
2023-11-09,723.2150058605088,726.4271198457463,721.9982915168673,723.044677734375,22116740,-0.0039556359362032945,721.4970031738281,730.1393127441406,0.008315859793648364,-0.8537992035076778
2023-11-10,720.3435553235623,728.0818705084018,720.3192566823748,725.8917846679688,14015186,0.003937663911053324,722.5847473144531,728.7194091796875,0.008192471961376728,-1.566466483817893
2023-11-13,726.1837860969108,728.0575143276742,723.1663582507371,724.5777587890625,20605914,-0.001810222827507646,722.7648254394531,727.5769165039062,0.008014927564814936,-0.8311102710472904
2023-11-15,732.0240144584016,735.3577999173147,730.2963157159859,732.1700439453125,41245460,0.010478219989719983,724.1226806640625,726.9636962890625,0.008422569283605673,1.0934295543857069
2023-11-16,734.7494210785321,739.2756221207742,731.8536647558356,734.0924072265625,29713838,0.002625569424953955,725.7701049804688,726.1643157958985,0.008233783282445766,-0.031024543074974962
2023-11-17,725.16173850318,733.6787387876133,724.6750527726409,732.5106811523438,23701874,-0.002154668892700551,727.1498596191407,725.8078186035157,0.007666393804697696,-0.5840236543866681
2023-11-20,736.3554985735485,736.3554985735485,730.7829708116128,732.559326171875,19331452,6.640861462203773e-05,728.1937927246094,725.5705596923829,0.0076404355646172775,-0.9359615536257854
2023-11-21,739.2756922652317,740.7357495903111,735.917548535572,738.7646484375,24959972,0.008470743657106983,729.3350769042969,725.4525390625,0.007798280368818965,-0.42034301719057315
2023-11-22,739.7623206231069,739.7623206231069,731.7563640092628,736.1365356445312,29123650,-0.0035574425475383142,730.5664001464844,725.6107147216796,0.007420767973384967,-0.050257605132899376
2023-11-23,734.1654184677379,741.6360324879696,734.1654184677379,740.39501953125,13046220,0.005784910380776331,732.0142883300781,726.2142059326172,0.0073496569449569135,-1.4589644863445497
2023-11-24,740.3462978210936,746.1622278549652,739.6892839772345,745.6511840820312,16469192,0.007099135477854679,734.2749389648437,727.8859710693359,0.005105607107603146,-1.1383118290385263
2023-11-28,747.1599239182611,748.1576534487249,742.5851254924052,743.97216796875,28489338,-0.002251744715390358,736.0829772949219,729.3338623046875,0.005188753634798082,0.19138483309148613
2023-11-29,746.5272258063289,760.6897681490088,746.0891967833849,758.8160400390625,34042488,0.019952187338997396,739.5068054199219,731.1358154296875,0.006288038467240884,0.7336762368686682
2023-11-30,763.6829374580863,765.2889647471237,750.542422535641,758.645751953125,69491440,-0.0002244128707779014,742.1543762207032,733.1385284423828,0.006021410002176428,3.063752022815144
2023-12-01,758.207681074416,762.0281520239192,755.3848801865702,756.990966796875,22153536,-0.002181235645213553,744.4442321777344,735.1071685791015,0.00605369795412357,-0.4832183722917215
2023-12-04,772.8569470817542,784.5374047202694,765.873018667368,783.2720336914062,50662456,0.034717807803885226,749.5203674316406,738.3351135253906,0.009362679370078113,1.6038542206643855
2023-12-05,796.4612297811876,797.6779441560443,786.7275147823341,790.2316284179688,52230820,0.008885284329332332,755.28759765625,741.7406951904297,0.009417462916770784,1.5150960937980245
2023-12-06,797.4102062498663,797.4102062498663,786.8004930390686,792.22705078125,38613060,0.0025251107289594454,760.633837890625,744.9844573974609,0.009405725094029803,0.5173021607775236
2023-12-07,790.86431017188,795.2444817359088,786.5814519897668,793.5167236328125,20450386,0.0016279081234233939,766.3718566894531,748.4691284179687,0.009182055684711846,-0.6721255251713255
2023-12-08,793.5167662504412,805.4649253113081,793.5167662504412,804.5888671875,33728038,0.01395325797797664,772.7912414550781,752.4027648925781,0.009401324417023734,0.2448965098398596
2023-12-11,803.0558607692541,809.6990738547369,801.5714454396721,803.5181884765625,23187620,-0.0013307152939863176,778.5779418945312,756.4264404296875,0.009284384472982228,-0.4934962304266642
2023-12-12,805.0755276490755,806.0732571804058,794.1981132379304,795.5364990234375,36581476,-0.00993342722988999,783.734375,759.9086761474609,0.009892124597124371,0.37414284539610587
2023-12-13,794.4901060535459,796.2178641804811,786.0461204150259,793.7357788085938,29346914,-0.0022635293503870946,787.2263488769531,763.3665771484375,0.009908180888457976,-0.18179688597312352
2023-12-14,801.0847344683164,807.3872910879392,800.5980487244109,803.1044921875,35172366,0.011803314943127363,791.6722229003906,766.9132995605469,0.009953780186508132,0.2702640278051323
2023-12-15,803.0314839042278,811.7918273650013,801.3767404796611,806.2192993164062,138837130,0.0038784581075148594,796.5950561523438,770.519644165039,0.009944103108403698,3.702655462046817
2023-12-18,808.2389706500245,810.1857135762941,803.4937847672423,805.8055419921875,18014754,-0.0005132069209575763,798.8484069824219,774.1843872070312,0.00989080512534804,-0.6748670414604949
2023-12-19,803.0314096384661,807.2412528497581,800.1356534706899,804.4428100585938,24008446,-0.001691142419081304,800.2695251464844,777.7785614013671,0.009942983546224608,-0.4690848659243691
2023-12-20,806.9249792104754,812.2541644467366,800.3303634873538,806.4382934570312,34232520,0.002480578325129379,801.6906494140625,781.1622436523437,0.009914791590297772,-0.11533144555332513
2023-12-21,806.438219443738,822.3771764061897,803.1530909094922,820.8927612304688,36589240,0.01792383607116954,804.4282531738281,785.4000549316406,0.010163466058797642,-0.043083800388948594
2023-12-22,819.3840760112807,820.5034769444852,811.3537615362043,813.1788330078125,48578850,-0.00939699871526889,805.2872497558594,789.0392456054688,0.010695074258776882,0.3370788048659972
2023-12-26,814.3469167985355,820.5278019503709,812.059517577905,818.8244018554688,18045856,0.0069425919840711,806.81787109375,792.6979064941406,0.010693324031457641,-0.8070941361542421
2023-12-27,818.3620896655261,830.5292334309963,816.9506891067552,828.9718627929688,27009078,0.012392719262525276,810.1614074707031,796.9478912353516,0.010690381339862462,-0.4684493218688201
2023-12-28,831.8919383640549,837.7808237889657,828.3391087868577,829.9208374023438,44076470,0.0011447609405916825,813.7799133300781,800.5031311035157,0.010164354293746744,0.15048007783668932
2023-12-29,825.9057143332578,834.6174011041943,825.4190285852712,831.8676147460938,25011426,0.002345738600615821,816.6562255859375,804.1642242431641,0.010117124381486313,-0.49257664464301415
2024-01-01,830.285869252277,831.8189412093673,823.4722689184366,826.4410400390625,14239686,-0.006523363346327082,818.6783996582031,807.6367279052735,0.010316411458597801,-0.8809311488341258
2024-01-02,826.781764297971,828.7285072707376,821.8661907638304,826.927734375,29242092,0.0005889038810493741,820.7906188964844,809.8195129394531,0.007478254361616321,-0.27172596432344315
2024-01-03,828.3391176569097,829.6531453722021,812.2541304155426,814.1765747070312,28389762,-0.01541992019121985,821.7639953613282,811.0167602539062,0.00835129969849067,-0.2609353194325745
2024-01-04,816.6586370098769,824.907936188308,813.1058074949292,822.9125366210938,26734056,0.010729812408574846,823.4114196777343,812.5510345458985,0.0086007154098407,-0.3011975732517645
2024-01-05,821.1118277236433,829.7504992888211,811.8404409559379,818.7026977539062,31889470,-0.005115779235145945,823.1924133300781,813.8103332519531,0.008744459333596096,-0.12608182070612192
2024-01-08,816.9020369293803,818.7757651976441,807.8983504931613,809.577392578125,17998470,-0.011146054850944442,822.8322692871094,814.0597595214844,0.008679060256401418,-0.6266060292746382
2024-01-09,811.3781710383666,816.5613862283932,801.4497697212522,803.2748413085938,25326888,-0.007784989214509319,821.2773132324219,814.0475921630859,0.008862693135668813,-0.35061868498270493
2024-01-10,799.6246288205809,807.8739279163432,798.8459435594566,805.9271850585938,16115824,0.0033019131355827014,818.9728454589844,814.5671264648438,0.008569483192903089,-0.6568583957007024
2024-01-11,807.8983430417109,809.309743595266,799.6246853117656,802.5447998046875,18314010,-0.004196886910646125,816.2352416992187,815.0075775146485,0.008615263628107127,-0.5483584472157297
2024-01-12,804.0048258385641,805.95156875827,795.0497965259408,798.7485961914062,19773552,-0.004730207726976854,812.92333984375,814.7897827148438,0.00826864328843955,-0.46183310751638684
2024-01-15,801.9120700848223,818.0700722997735,799.916670432672,814.1279296875,28320356,0.019254285477840583,811.6920288085937,815.1852142333985,0.009319664810019385,0.18810303004511109
2024-01-16,814.2251937520415,819.4084084513863,806.9735647828543,817.2183227539062,25322500,0.0037959550995780855,810.7210876464844,815.7558532714844,0.009344073291226324,-0.18301060391609233
2024-01-17,764.0965828252033,777.1397839265529,743.8504686909188,748.279296875,170145236,-0.08435815003093883,804.1313598632812,812.9476776123047,0.021217925568916683,4.092156009517322
2024-01-18,727.1084347245617,737.3288344094451,720.3191929835535,723.2879638671875,161070930,-0.03339840232408209,794.1689025878907,808.7901611328125,0.022190070722911247,2.7588851709028486
2024-01-19,732.924355486129,735.0171279009493,714.6493418669147,715.744384765625,109600538,-0.01042956537148687,783.8730712890625,803.5327423095703,0.021532127802710667,1.4117633817499935
2024-01-23,712.9946289403671,717.7154569857805,693.5271987986505,694.6708984375,115469402,-0.029442754671453852,772.382421875,797.6073455810547,0.02212748631074395,1.386373697200569
2024-01-24,671.7480069982282,709.8068089160445,671.7480069982282,708.5657958984375,86004404,0.02000212977424387,762.9115173339844,792.0944152832031,0.022762867816490354,0.7121458301349977
2024-01-25,706.9110553088505,709.27146932584,690.8017687875753,698.3453979492188,98941852,-0.01442406338039448,752.1533386230469,785.5630920410156,0.02234962135745263,0.8881433739304767
2024-01-29,704.7452835773879,711.9238979776146,703.6502407027771,707.9573974609375,65645498,0.01376396198778651,742.6945983886719,779.4649200439453,0.022803525364285523,0.1996699610895422
2024-01-30,707.90875580775,712.1185398649957,701.2654836786888,702.9202270507812,41728768,-0.007115075607969978,733.1117614746094,773.0175506591797,0.022682863094199087,-0.29857186808155123
2024-01-31,700.5841161285045,717.8371016849802,699.2700884068386,711.80224609375,65761040,0.012635884843198664,722.8791931152343,767.285610961914,0.02315407498834617,0.13745600895297083
2024-02-01,713.0189555223712,717.1800828855794,708.6387839338071,713.651611328125,32690740,0.002598144701739802,712.5225219726562,761.6218048095703,0.0231938565761505,-0.548673120412794
2024-02-02,717.8614898495053,720.7085896391353,701.8252179588541,703.8206176757812,44867754,-0.013775620339521177,708.0766540527344,756.1040069580079,0.023165612878555147,-0.31695540097290964
2024-02-05,703.7475666832909,706.6190243767684,697.9316959646247,703.1878662109375,38605046,-0.0008990237696264725,706.0666442871094,750.1177734375,0.0228410667674081,-0.4632448139838038
2024-02-06,703.5286059562596,705.5483042801744,697.2259898811583,702.8228759765625,41075740,-0.0005190508140331396,704.7744934082032,744.3237823486328,0.022890170305725065,-0.42324211727922784
2024-02-07,707.154409837675,707.5437822099352,694.3302519335382,695.936279296875,54837086,-0.009798481118188818,704.9010314941406,738.6417266845704,0.022880368992657857,-0.17572856786106203
2024-02-08,695.8876252029665,700.3164537570308,681.6034099643059,682.844482421875,69106124,-0.01881177525078448,702.3289001464843,732.6202087402344,0.023025672130071197,0.08651795296911728
2024-02-09,677.5395933880455,688.2709787615526,675.0331498393979,683.1121215820312,56642124,0.0003919474595548422,700.8055725097656,726.4794555664063,0.02296074795329046,-0.23944178164844623
2024-02-12,681.18969323455,688.0032934481292,673.2566920790741,676.4931640625,34447812,-0.00968941599836104,697.6591491699219,720.1768737792969,0.022946050492782012,-0.7753685275250942
2024-02-13,677.4422211445823,683.4771364619307,673.7434212435891,678.658935546875,57580994,0.003201468395288787,695.2330200195313,714.1723907470703,0.023078202082431158,-0.2941195977334234
2024-02-14,669.6796288773342,677.2232584177402,663.6204147201233,673.5974731445312,91320810,-0.007458035453795531,691.4125427246094,707.1458679199219,0.022182558036803694,0.44657681289422957
2024-02-15,674.0597534612269,688.903668609651,673.7433958465795,688.197998046875,41584944,0.021675444882809147,688.8671813964844,700.6948516845703,0.0230756003447762,-0.8051131179832625
2024-02-16,692.9918479710976,694.8412181662663,685.4725175238648,691.0451049804688,32175742,0.004137046230407337,687.5896301269531,697.8331420898437,0.014679250724310807,-1.0212308164979937
2024-02-19,695.4739454261017,695.4739454261017,688.7576582283627,689.682373046875,34451756,-0.0019719869568169957,686.2390808105469,696.1528625488281,0.012929529416106086,-0.9842317069144979
2024-02-20,688.660276266856,709.22274741334,687.1029057664576,707.7870483398438,56133508,0.026250743821371048,686.735498046875,695.754995727539,0.014249291181363028,-0.0759293752062377
2024-02-21,712.5079475266035,712.5079475266035,698.3940605878935,700.413818359375,45893136,-0.010417299946026248,687.183251953125,696.0421417236328,0.012771154455986993,-0.43157884623617393
2024-02-22,689.9986977762575,695.3765988884213,687.2975681948778,690.874755859375,50560882,-0.013619180904146044,687.986279296875,695.1575897216796,0.012270405064305847,-0.11605362198272824
2024-02-23,692.3348761341468,697.8587478235042,690.1204320838871,691.3858032226562,29833452,0.0007397105755377886,688.8136474609375,694.8096099853516,0.01187178786066973,-1.2454196962274364
2024-02-26,687.9546953048787,698.3210665804025,687.9546953048787,692.2131958007812,23506870,0.0011967161811370364,690.3856506347656,694.0223999023438,0.011404124772938649,-1.4684082454219551
2024-02-27,687.9546948776648,694.3545652339111,687.7113519923358,691.1668090820312,32087150,-0.0015116538157575743,691.6364379882813,693.4347290039062,0.011316090348907314,-0.8881211761214441
2024-02-28,691.1667470533215,693.1377886016653,683.3067606806109,685.9348754882812,25321986,-0.007569711862609241,692.8701782226562,692.1413604736329,0.010951172206641538,-1.1762441247276505
2024-02-29,682.3821162687117,686.4216319830621,680.046060184293,683.0148315429688,53295700,-0.004257027962361382,692.3518615722656,690.609521484375,0.010913732873079236,0.4687125845881797
2024-03-01,681.360095775817,697.299055159144,681.360095775817,696.32568359375,34738898,0.019488379221152874,692.8799194335937,690.2347747802735,0.011561826471641678,-0.6331245051593253
2024-03-04,696.4228971703204,699.3673694975699,693.1864847071581,697.2745971679688,35616474,0.0013627438949563864,693.6391418457031,689.939111328125,0.01156848991771605,-0.5681055309190379
2024-03-05,692.067075174591,702.2874750189414,691.8967470591605,701.2410888671875,37991672,0.005688564756738401,692.9845458984375,689.8600219726562,0.0116469773779757,-0.41381610121393886
2024-03-06,697.688303532932,707.0813018234176,697.688303532932,702.0927734375,42409530,0.0012145388851763084,693.15244140625,690.1678466796875,0.011419881901736748,-0.11112374623926125
2024-03-07,703.504204064998,706.2053335588424,701.5088045068723,703.7962036132812,49348046,0.0024262180729208715,694.4445861816406,691.2154327392578,0.010478011689172307,0.3957634374682638
2024-03-11,695.9606385239804,703.7232526512562,692.5538381955413,694.8899536132812,50531094,-0.012654586589520456,694.7950012207032,691.8043243408204,0.010950291305337733,0.49947113260104187
2024-03-12,697.9073792005341,712.5079519871562,695.5956218426523,710.3422241210938,65418454,0.02223700375500326,696.6079040527344,693.49677734375,0.011629574478720962,1.3205587576830666
2024-03-13,713.2379447418698,716.2067158438075,705.7429725398497,710.755859375,63067454,0.0005823041906569681,698.5668090820312,695.1016235351562,0.011636099039892881,1.1346092849497145
2024-03-14,711.5832127948388,713.4812990740788,702.9202422173576,708.3467407226562,52432158,-0.0033895164149082557,700.8079956054687,696.8390869140625,0.011489753768071688,0.7975236825325059
2024-03-15,705.6943406988961,710.2205419583659,701.9225261192986,706.9840698242188,143613804,-0.001923734267552768,703.2049194335938,697.7783905029297,0.010603117408927927,3.746181947435834
2024-03-18,704.2343003680048,708.6144722431341,698.7834435762417,703.77197265625,21437856,-0.004543379837069539,703.9495483398438,698.4147338867188,0.010662696352121808,-0.9979050678561492
2024-03-19,698.6374048635253,706.8624060469253,698.6374048635253,705.3779907226562,36183594,0.0022820148127591366,704.7598876953125,699.1995147705078,0.010643407435569276,-0.434826335315906
2024-03-20,705.2320233558721,706.4973944482159,693.3568789456579,696.4716796875,43606094,-0.012626295620638439,704.2829467773438,698.6337463378907,0.009287212546242544,-0.12509328841285516
2024-03-21,702.0928435492851,706.3026871236781,700.0001304926251,703.6259155273438,28922860,0.010272113064315525,704.4362609863281,698.7943511962891,0.009307694570429728,-0.6516859456081033
2024-03-22,701.3141208411934,706.0593065998343,699.7323922549797,702.2144775390625,45980326,-0.0020059494073969564,704.2780883789062,699.3613372802735,0.008740598496025596,0.008142818841338063
2024-03-26,694.5978614753975,699.8297331586394,692.1401341445468,693.7218627929688,56844290,-0.012094046787324064,704.161279296875,699.478140258789,0.009207762580387076,0.3739891728983765
2024-03-27,692.8215385852401,704.6966236214441,691.7021375713913,701.1681518554688,62168668,0.010733824983576001,703.2438720703125,699.9258880615234,0.009503817899295542,0.512539421618223
2024-03-28,701.1681292352769,710.8045307526719,701.1681292352769,704.6723022460938,55592142,0.004997589210736564,702.6355163574219,700.6011627197265,0.009536013403948242,0.2119975896945069
2024-04-01,709.5877544010062,717.2774122661472,708.4196968327743,715.6713256835938,25199570,0.01560870691588323,703.3679748535156,702.0879852294922,0.009841842822608039,-0.9882295818855334
2024-04-02,713.0676337207477,727.5221766350272,712.1429189199621,720.367919921875,41225446,0.006562501625722028,704.7063598632812,703.9556396484375,0.009767050901154005,-0.3305489913507819
2024-04-03,716.450076374618,727.9115494819865,716.109420115624,721.414306640625,45584386,0.0014525726227001545,706.4705932617187,705.2100708007813,0.008933518312031133,-0.1817704051952654
2024-04-04,731.9754091764817,744.6292393883092,731.9754091764817,743.461181640625,88935066,0.030560629026979758,710.2789123535156,707.519400024414,0.011002796615034503,1.3709125350130689
2024-04-05,749.0093625181328,756.5529915753328,744.7022055513205,754.1439208984375,59055902,0.014368926746435529,716.0461364746094,710.1645416259765,0.011271190214630564,0.198116473837196
2024-04-08,756.7719438017782,757.891344732456,750.2504026191882,752.7081298828125,20482940,-0.0019038687123732467,720.9543579101562,712.6953094482421,0.011328849085553682,-1.1924678966804931
2024-04-09,756.7233110790663,756.7233110790663,749.6420692068525,753.6572265625,21884494,0.001260909298050672,726.0986328125,715.1883605957031,0.011337910613672007,-1.0562691222851694
2024-04-10,754.3142814277871,754.3142814277871,746.0649220391629,747.7196655273438,27807400,-0.00787833092537038,731.4984130859375,717.8298461914062,0.011025991798619083,-0.789731462889554
2024-04-12,740.24907238775,744.5562296646365,736.5745709797934,739.2513427734375,41084208,-0.011325531672266242,735.3067321777344,719.2753021240235,0.010606752046313346,-0.2818273672551018
2024-04-15,728.8361984614614,734.8954117012732,726.1594270943376,727.4490966796875,23415248,-0.01596513311625747,737.5844116210938,720.1099639892578,0.011346797438506393,-0.8260986698160003
2024-04-16,723.7016987771374,736.3068713842836,721.3899415012858,734.5304565429688,20744886,0.009734509116311907,739.4703247070313,721.4191497802734,0.01144512284996112,-0.8474787815409448
2024-04-18,734.7980983246009,739.2025682918519,725.6727413912242,727.4490966796875,34234884,-0.009640662004145262,740.1784423828125,722.4424011230469,0.011707129947714704,-0.32293649465935337
2024-04-19,723.4827148610226,747.0382572891224,720.4165709168466,745.2619018554688,34576434,0.024486668905198572,742.5632019042969,724.5168975830078,0.012678702658569695,-0.3499783880749091
2024-04-22,757.9643557818745,757.9643557818745,734.0680986992392,735.9661254882812,42298438,-0.012473167277226915,741.8136962890625,726.0463043212891,0.013140149938144942,0.07564539299929415
2024-04-23,742.8284760660457,742.9257894510552,731.6103458842442,733.7274169921875,26827060,-0.003041863502356801,739.7720458984375,727.9090911865235,0.012739395095294245,-0.7536220256068681
2024-04-24,737.3288649584306,740.613993564681,734.4331086916868,735.7227783203125,22441580,0.0027194858498060803,738.0735107421875,729.5139343261719,0.01261399433695715,-0.9684620330798398
2024-04-25,733.070473021552,739.6163731494744,733.070473021552,735.2605590820312,35445204,-0.0006282519066984626,736.2338439941407,731.1662384033203,0.01259294085855831,-0.21483540258770037
2024-04-26,739.6650141563123,743.6558134751455,732.729742335618,734.7981567382812,24854694,-0.0006288958900872998,734.9416931152343,733.2200531005859,0.012152794688666826,-0.7259505826014484
2024-04-29,737.3288603349619,746.7948737548492,733.2163897953944,744.3858032226562,36093350,0.013048000184069375,735.4551391601562,735.3809356689453,0.01224149913170006,-0.017692157680423152
2024-04-30,744.2398024289921,749.2526892649995,737.2802320622603,739.8109741210938,52307382,-0.00614577693684748,736.6913269042968,737.1378692626953,0.012401491814235395,0.9725260718539888
2024-05-02,740.7357142083232,748.0360004850149,739.9326708359107,745.7242431640625,33475006,0.007992945833216192,737.8107055664062,738.6405151367187,0.01209111854771459,-0.1935116340597618
2024-05-03,746.2109606646968,749.7880892104946,733.5327725274736,739.5676879882812,31865242,-0.008255806663411303,739.0225646972656,739.6005035400391,0.012257931717247513,-0.26341684038102786
2024-05-06,740.7357053714223,746.819277196089,738.3752913854279,741.0520629882812,28793396,0.0020070847119317836,738.6015808105469,740.5823913574219,0.012258715239748513,-0.4019100933436481
2024-05-07,740.7113274497933,741.7334150168236,732.0483570497901,733.021728515625,28480602,-0.01083639716253415,738.3071411132812,740.0604187011719,0.01043817787101245,-0.3713933603908994
2024-05-08,728.0574791574124,728.5441648774708,720.465193806477,721.5845947265625,41687862,-0.015602721371197004,737.0928588867188,738.4324523925782,0.010318458555009147,1.2043045488939779
2024-05-09,717.8371619271286,723.5800778509216,703.4069761889998,704.4776611328125,46281278,-0.023707454009924467,733.9683471679688,736.0209289550781,0.011387128281901296,1.5551467187464612
2024-05-10,709.9042250216206,716.2928456267198,703.8856031439476,709.361572265625,27276608,0.00693266997985309,731.3784484863281,733.8061462402344,0.01157431207610218,-0.678091829505442
2024-05-13,706.4509373389452,720.1655815796556,705.6122976051453,717.9208984375,27047202,0.012066238863965184,729.69072265625,732.3162078857422,0.011980367911620559,-0.6985940002343473
2024-05-14,716.4408878596623,722.9775322143812,715.4789152317669,720.7328491210938,25665142,0.003916797365439262,727.3254272460938,731.390283203125,0.011837406953159359,-0.777842972342304
2024-05-15,720.116199874965,720.116199874965,708.3256213801538,709.6575927734375,38931996,-0.01536665958983563,724.3100891113281,730.5007080078125,0.011798814266941286,0.7229920796332603
2024-05-16,713.3822271543565,721.5221990437014,708.1775543730138,720.3875122070312,34945236,0.015119854339414207,721.776416015625,729.7935607910156,0.01211793322241389,0.16394281673094105
2024-05-17,713.4562165510583,724.210870736283,713.4562165510583,722.286865234375,20920190,0.0026365712830374033,720.0483337402344,729.53544921875,0.011961913222085781,-1.4664214374468696
2024-05-21,715.3801590157026,725.0494465734148,715.3801590157026,719.6721801757812,43769978,-0.003620009146567127,717.9103454589844,728.2559631347656,0.010454102407921885,1.1995785155914014
2024-05-22,719.203521164468,723.0268413842214,714.4182283327197,719.8695068359375,39996278,0.0002741896457745252,716.5951232910156,727.4511322021484,0.010146348409369463,0.7834924997495115
2024-05-23,719.5982164877166,737.8514873644924,718.808897899437,736.3468017578125,40861920,0.022889280300673054,718.0713439941406,727.5821014404297,0.011452030189712654,0.801689369588161
2024-05-24,733.8308615274302,749.814819731989,733.0908640200075,748.4827880859375,31060206,0.01648134588098138,722.4718566894531,728.220101928711,0.012008724025511824,-0.424420515383026
2024-05-27,751.5168000055969,762.1974428837648,749.3955099218479,753.6627807617188,29385440,0.006920657038791633,726.9019775390625,729.1402130126953,0.012075661692403625,-0.5887685372077851
2024-05-28,754.846722684579,757.7820820455768,752.2321011517142,755.0440673828125,27908904,0.0018327648072227198,730.6142944335937,730.1525085449218,0.012067443587346462,-0.8041082995557135
2024-05-29,748.8774560751649,751.763434227272,740.6141508121484,744.0921630859375,35147706,-0.014504986887503457,732.9502258300781,730.137826538086,0.012242684107867953,0.10734367627556474
2024-05-30,739.6027730570852,751.6400771573121,738.8381451452329,747.3234252929688,33755350,0.004342556429610012,736.7168090820312,730.5134490966797,0.012187761374547551,0.057999932476551386
2024-05-31,749.370736784836,757.7573743920395,746.9040786650703,755.5620727539062,74079588,0.011024206096186262,740.2342651367187,731.0053405761719,0.012303152878339446,3.40974750922812
2024-06-03,788.8372786068238,788.8372786068238,764.6640286682782,775.615966796875,72637256,0.026541689645531497,745.5671752929687,732.8077545166016,0.01337930946250923,2.51016989711137
2024-06-04,768.1174071283333,769.1040704644005,717.3042453208712,731.6848754882812,89531240,-0.056640261661991764,746.7684448242187,732.3393951416016,0.01881018598662602,2.7176146481682752
2024-06-05,737.062160780223,769.4000136473305,731.2901444599279,765.5520629882812,81631650,0.04628657586696616,751.3367004394531,733.9659118652344,0.021321633700027345,1.9250058958393959
2024-06-06,772.0147015010076,772.2859977724349,762.9867083301413,769.4493408203125,46422870,0.005090807040371015,754.6469543457031,736.3591491699219,0.020900423331817214,0.15290441615991254
2024-06-07,770.115345809898,781.6099363682906,765.675361251112,776.1832885742188,36712216,0.008751645360729254,757.4170043945312,739.9444305419922,0.01991983276166066,-0.30777801102798225
2024-06-10,776.5040577255814,779.784725413951,768.4134061980604,770.23876953125,22454058,-0.007658653736140497,759.0746032714844,742.9882904052735,0.02011346758492144,-0.9955641448340417
2024-06-11,767.6240504407497,775.0240252200629,765.7493660748642,771.9653930664062,29545326,0.0022416731063887863,760.7667358398437,745.6905151367188,0.020034120878327587,-0.6550650495914018
2024-06-12,776.9973227739393,783.5586575880445,772.7546827700062,776.5780029296875,39280436,0.00597515109447988,764.0153198242188,748.4827728271484,0.020039887213333066,-0.21048231330289088
2024-06-13,780.3273770852536,782.2760131134276,776.5040566032491,779.8340454101562,24120192,0.0041928080220983155,767.2663818359375,751.9915954589844,0.01951907014289504,-0.9177523454266971
2024-06-14,781.4373401835603,788.8373149959045,778.329326673916,787.8013305664062,25540554,0.010216641865205434,770.4903076171875,755.3622863769531,0.01941458252767452,-0.8125045749213734
2024-06-18,787.8012622589033,794.5105601294592,784.1259056214269,793.1785888671875,32415714,0.0068256527275920575,772.2465698242188,758.9068725585937,0.01941415839182937,-0.5178269701272938
2024-06-19,795.941305047812,823.8145435842582,791.3039754417663,817.869873046875,90131196,0.031129539458385258,780.8650695800782,763.8167572021484,0.020154882528506387,1.9824096183162878
2024-06-20,823.7651872236406,829.5124525875813,814.983860042712,823.5431518554688,41408742,0.006936652144256872,786.6641784667969,769.000439453125,0.020099623516140513,-0.16719230890805092
2024-06-21,825.2698546527171,825.2698546527171,810.6179284522095,821.7672119140625,51630776,-0.002156462521004543,791.8959655761719,773.2714599609375,0.01983231517513255,0.25945492227150396
2024-06-24,812.5172157896385,826.3798229097616,811.9005512360641,825.0478515625,28544994,0.003992176374129297,796.782421875,777.0997131347656,0.019670659074437692,-0.7487513124262706
2024-06-25,824.4065232844747,847.025767804676,824.4065232844747,844.2631225585938,74521548,0.023289886713483643,804.1848571777343,781.6297302246094,0.020087964908865264,1.1421526115409872
2024-06-26,842.5857736709851,844.041138181783,834.2731473521208,839.40380859375,47596666,-0.0057556866277864716,810.9286987304688,785.8477172851562,0.02023963507345344,-0.05506878661814987
2024-06-27,836.7397746618053,845.0770913433391,832.0531241260426,836.7644653320312,55074650,-0.0031443069887190367,816.9473449707032,790.481332397461,0.019803172078408232,0.23046880895500557
2024-06-28,837.4798157900913,841.9198007397313,828.3038589383985,830.671875,26476046,-0.00728112937923775,822.0311279296875,794.6487548828125,0.020025977347309154,-1.0009340671269573
2024-07-01,828.7971320491276,842.2651095333842,828.7971320491276,841.2290649414062,21187024,0.012709217994657962,827.3739013671875,798.9321044921875,0.02005399742107253,-1.1128416225917004
2024-07-02,846.0637432263002,855.8810546817267,840.0204307746837,853.7597045898438,45921690,0.014895633271195141,833.4320129394531,802.8392913818359,0.019576617138518694,0.018628199459923476
2024-07-03,883.5569558267186,885.0369507276009,870.5576793248654,872.531005859375,123217802,0.021986632970162567,838.8981262207031,809.8815979003906,0.013499229412762508,2.8582251833104584
2024-07-04,868.1404005851939,868.1404005851939,850.9231133709549,852.0578002929688,45848658,-0.023464158212053166,841.7495910644532,814.206884765625,0.01229556455532779,0.017608794217542766
2024-07-05,831.2638253093144,831.2638253093144,810.1492067263514,813.0598754882812,82242548,-0.045769107202913495,840.878857421875,816.3874114990234,0.01680416266020167,1.3155436915067824
2024-07-08,811.678583484828,816.4391857049037,802.7246020410699,806.7698974609375,39087800,-0.007736180590102726,839.0510620117187,817.9167419433594,0.01690588471343969,-0.30921237035350024
2024-07-09,801.6639054458949,812.3691778178521,799.369901303005,807.3372192382812,48550878,0.0007032014693770794,835.3584716796875,819.7716644287109,0.016755318872737648,-0.0025546147107341857
2024-07-10,804.1058576798249,809.063864597064,799.5672308205436,802.20654296875,45507182,-0.006355059753558767,831.6387451171875,821.2837219238281,0.01687187205737348,-0.15282597701511608
2024-07-11,801.1459373403621,802.0832795528332,789.8239996598078,800.1346435546875,44177074,-0.0025827505799129735,827.9757629394531,822.4615539550781,0.016875860203225762,-0.2150772515219856
2024-07-12,800.1839277769812,808.2745787950348,794.8312914757237,800.5292358398438,56049960,0.0004931573558710767,824.9614990234375,823.4963134765625,0.016866583020766785,0.19328169585540433
2024-07-15,800.9239527377698,804.031966294815,796.8292758573642,800.2332763671875,33375694,-0.0003697047645558893,820.8619201660156,824.1179107666015,0.016742530567807494,-0.7479120317205151
2024-07-16,799.5672452078501,802.6505679180453,797.6186093434653,799.0739135742188,28950324,-0.0014487810332405315,815.3933410644531,824.4126770019532,0.01669100239396233,-0.9161274296875259
2024-07-18,793.2773395385489,801.1459557272271,788.9113662252444,796.6320190429688,33717064,-0.0030559057050524308,807.8034423828125,823.3507843017578,0.01506039415523579,-0.646344908904209
2024-07-19,797.2239068544229,800.677228233124,791.0572615353138,792.9319458007812,26002152,-0.004644645399305647,801.8908569335938,821.8202239990235,0.01495311555097515,-0.9265748583253305
2024-07-22,797.7172520784763,814.4905276323838,795.5712715150735,810.3218994140625,53744822,0.02193120570482132,801.6170593261719,821.2479583740235,0.015863915941459205,0.2434653170088374
2024-07-23,812.7885887086006,812.9119216218081,791.7973027922226,798.407958984375,52002152,-0.014702725470337574,800.7808654785156,819.9159637451172,0.016128876645615266,0.12239208049888069
2024-07-24,793.3513220807449,799.6906218755655,783.4353677463822,791.3286743164062,61728206,-0.008866751124292471,799.1800109863282,817.2692413330078,0.015095715788527784,0.5834260725295353
2024-07-25,785.8772830890329,801.6638951787058,785.8772830890329,797.5198974609375,25535732,0.007823832682266385,798.7113464355468,815.1750457763671,0.015275386256111875,-0.9428049519274712
2024-07-26,791.7972838101718,800.0605887969758,787.5792741911353,798.2846069335938,43810540,0.0009588594279477114,798.5263427734375,813.2510528564453,0.015293028367767813,-0.13156621824128945
2024-07-29,796.7306475152811,805.0432741154053,788.4920327099303,791.822021484375,51001148,-0.008095590711742706,797.6556213378906,811.308560180664,0.015308238974571295,0.12877853664134742
2024-07-30,790.317345854264,806.4739582617092,788.8373508245744,797.0020141601562,54595834,0.00654186488280617,797.3324951171875,809.0972076416016,0.015050362232331582,0.22224997118205794
2024-07-31,796.2373165488889,803.0946388161857,793.8693004409521,797.1006469726562,37820484,0.00012375478448944932,797.1351684570312,806.2642547607422,0.014499591458637452,-0.5254685716964198
2024-08-01,800.627938629233,814.0219048337823,798.1859108540549,808.471923828125,26215174,0.0142657980502916,798.3191589355469,803.0613006591797,0.013879707772459553,-1.300986446894017
2024-08-02,804.6239322848401,824.1105327295066,804.6239322848401,818.51123046875,44119238,0.012417631762756454,800.8770874023437,801.3839721679688,0.013506248746973962,-0.020816187077432553
2024-08-05,809.1132611105608,812.0239300120638,789.824004829474,797.1006469726562,41333634,-0.026157959352411386,799.5549621582031,800.5860107421875,0.01054164175008307,-0.09499392384647802
2024-08-06,804.1305829139676,805.5858871810888,786.0253355957136,789.922607421875,45116050,-0.009005185954926831,798.7064270019531,799.7436462402344,0.010588429953576397,0.22548564012360625
2024-08-07,797.7172944045706,804.1306059860544,790.4159617464212,800.9239501953125,42346264,0.013927114719938682,799.6659545898438,799.422982788086,0.011100949342512439,-0.001037401234317393
2024-08-08,801.1705962949537,815.6252376687839,798.8272709671206,810.3958740234375,33976950,0.011826246207040203,800.9535522460938,799.8324493408203,0.011324641053065947,-0.7159646084081281
2024-08-09,814.9839073123685,820.1885804457108,811.9252750900921,814.0958862304688,26644618,0.0045656849024433566,802.5346801757812,800.5305114746094,0.011332737251758577,-1.251832345964134
2024-08-12,814.9838233487179,826.7990913723679,812.6898193077751,818.9797973632812,39316196,0.005999184144544145,805.2504577636719,801.4530395507812,0.011388399953457126,-0.06944526400718284
2024-08-13,803.1439511462899,805.3146225179424,789.8980079765901,790.9093017578125,54055042,-0.034274954883920405,804.6411865234375,800.9868408203125,0.013884604501465872,1.163754402094378
2024-08-14,792.5372336839343,796.0891971974215,790.9092152779186,793.1785888671875,32334428,0.0028692128216616375,804.2489807128907,800.6920745849609,0.013902529482453197,-0.8153065543666725
2024-08-16,803.3905830654421,806.177918901087,794.7572792867222,805.1665649414062,27849246,0.015113842257567622,803.9184448242188,801.1188018798828,0.014299427911258242,-1.1671198735321742
2024-08-19,807.9045746403995,807.9045746403995,801.0225621096914,804.895263671875,19502164,-0.00033695049117077325,802.5568481445313,801.7169677734375,0.014248134425601524,-1.7946907433927393
2024-08-20,802.8725499307859,812.0238759013653,802.8725499307859,807.92919921875,31134494,0.0037693544536892,803.6397033691406,801.5973327636718,0.01338627004696091,-0.7265018485129995
2024-08-21,803.1932203742449,806.3752455426795,798.1119406824072,802.05859375,47630904,-0.007266237529757191,804.8533020019531,801.7798645019532,0.0130574353392152,0.7346357320263313
2024-08-22,805.1172807347715,808.2252943260683,803.1439540663039,804.77197265625,21300638,0.003383018307382857,805.2381042480469,802.4520294189454,0.012890561832551198,-1.4916465770175202
2024-08-23,806.1038926835937,806.1038926835937,800.6772446912317,801.6885986328125,20333422,-0.00383136357651781,804.3673767089844,802.6604644775391,0.012825431201390507,-1.5073644133884951
2024-08-26,805.2159251748899,812.9858989531632,805.2159251748899,809.0392456054688,22364266,0.009168955358966002,803.8617126464844,803.1981964111328,0.012976790389378257,-1.1903877894885033
2024-08-27,810.7412543536698,812.714580974844,805.2159036816922,807.9539184570312,35773244,-0.001341501236599818,802.7591247558594,804.0047912597656,0.012821428185363894,0.05393146343837104
2024-08-28,807.9539173658313,808.9405806750858,804.2292392849356,807.6332397460938,26921188,-0.0003969022287185764,804.4315185546875,804.5363525390625,0.012759810742580608,-0.6901543609739892
2024-08-29,810.0505418236547,811.2345497877237,804.6979056469421,808.3485717773438,49052604,0.0008857139553528626,805.9485168457031,805.0987487792969,0.012759008480578534,1.3969820043298222
2024-08-30,816.9572296027775,819.9172195651064,799.7646332824804,807.5346069335938,445342100,-0.001006947834348626,806.1853210449219,805.0518829345704,0.012360139183525886,4.221850758732244
2024-09-02,812.4185353190471,812.4185353190471,800.7758609185206,802.6258544921875,34049680,-0.0060786898781292065,805.9583801269531,804.2576141357422,0.012071943491051553,-0.22459745352505994
2024-09-03,806.1038818486695,809.0391809529892,801.4665524914798,807.7565307617188,37282860,0.006392363566181558,805.94111328125,804.7904083251954,0.010592339808820298,-0.18737168992030953
2024-09-04,808.5706125582972,811.4319603519671,805.1172908451134,809.9519653320312,24682744,0.0027179409719437775,806.7304504394531,805.7918762207031,0.010347491760921281,-0.31178114230653275
2024-09-05,812.0238589250097,813.947864316631,810.0505324148638,811.7525024414062,22876318,0.0022230171497106266,807.4285034179687,806.3333038330078,0.00991808383384518,-0.3199826905652819
2024-09-06,808.2252499925564,812.8872099026286,806.1532209716318,807.5592041015625,26029602,-0.005165735032823582,808.0155639648438,806.1914703369141,0.009640440710336696,-0.2814809437411198
2024-09-09,808.0772497858858,813.2572321563082,804.1799176724811,812.2705688476562,23792914,0.0058340796837741404,808.3386962890625,806.1002044677734,0.00967706346220998,-0.3038422283026471
2024-09-10,815.9705945420105,815.9705945420105,808.0772877024264,814.169921875,26606646,0.0023383255533169223,808.9602966308594,805.8597106933594,0.009590514893731483,-0.2664082713458168
2024-09-11,814.1945707781381,815.2305552034559,808.6692201411954,810.9879150390625,22226684,-0.003908283455877903,809.2957641601563,806.8636413574219,0.005415235775473396,-0.2956047256933183
2024-09-12,815.970556634334,823.8638631072175,812.541925723635,822.1865234375,32424046,0.013808600832107443,810.6795593261719,808.3140380859375,0.006095237801067015,-0.18654665906803583
2024-09-13,825.8371886289187,825.8371886289187,817.4752411837702,821.8658447265625,23860532,-0.0003900315826106393,812.1126831054687,809.1490020751953,0.005240907108876133,-0.27588140770046055
2024-09-16,822.383822656841,827.7118283198007,820.9285184448568,824.3324584960938,15172820,0.003001236497852,814.2833435058594,810.1208618164062,0.00524790055985352,-0.3661620125535439
2024-09-17,827.8104775064535,827.8104775064535,820.9778464556504,823.2718505859375,20127122,-0.001286626408101399,815.8348754882812,810.8879943847656,0.0052397345771508785,-0.30686947481932625
2024-09-18,824.7765131575844,838.1211584780381,824.4065144173259,836.0985107421875,40917342,0.015580102911475713,818.4495300292969,812.589990234375,0.00581238349638747,-0.08148363275130037
2024-09-19,838.2691083056365,848.0370989791965,838.2444778560398,842.8571166992188,30651776,0.008083504360068439,821.5599914550781,814.4942474365234,0.005960297949238009,-0.19621500011851886
2024-09-20,846.8037464482039,860.8390072921377,842.3884524296358,858.989013671875,60623386,0.019139539375109926,826.7029724121094,817.3592681884766,0.006856150556701143,0.10259732173455872
2024-09-23,862.8370332933276,871.3963251528371,858.5203814686755,868.1650390625,26965350,0.010682354773550173,832.2924194335938,820.3155578613281,0.0069301955368235805,-0.2603496142820577
2024-09-24,870.7303607683197,878.9443447710721,865.4270455398441,872.2350463867188,33039036,0.004688057156291059,838.0989318847656,823.5296142578125,0.006836464290826302,-0.1937676946431519
2024-09-25,868.3377295053485,882.0770041306025,868.3377295053485,877.6863403320312,31965312,0.006249799257544986,844.7687744140625,827.0322692871093,0.006780108022230462,-0.2081059150486779
2024-09-26,874.7016745924757,882.0769584056752,872.2350164313859,879.832275390625,31899644,0.0024449908355437255,850.533349609375,830.6064544677735,0.006749013321708795,-0.19940209367315112
2024-09-27,876.6503703689774,877.2423442796407,863.3304153886946,864.6377563476562,35613502,-0.01726979046798749,854.8105407714844,833.4616119384766,0.008234208518481742,0.5806446196849189
2024-09-30,862.738402689165,864.0456833682003,850.701098537286,854.47509765625,26383534,-0.011753660555299694,857.8248046875,836.0540740966796,0.008666434968818386,-0.34160737745860215
2024-10-01,850.5037447767241,859.3837142697525,848.5797393423385,851.5890502929688,24572284,-0.0033775675513509906,860.6565246582031,838.2457000732422,0.00875021444182596,-0.46976667398569666
2024-10-03,846.3844351066934,851.5644172954591,825.5164827720641,829.7838134765625,48473398,-0.02560535132398034,860.0250549316406,839.2372924804688,0.010796736590215081,1.7643531876847955
2024-10-04,826.083866681385,834.0511850540141,815.4772359655595,817.771240234375,48683232,-0.014476750506686953,857.5164672851563,839.5382293701172,0.011350375271577506,1.5651407394606363
2024-10-07,815.0824984433904,818.4371776300311,795.7439225540929,798.1119384765625,94458296,-0.02404009922405448,851.428759765625,839.0658660888672,0.012560343776461287,3.3532550945087563
2024-10-08,804.1305430330278,817.351854577489,800.1838900610866,814.5151977539062,29734406,0.02055257976550795,846.0637756347656,839.1780975341796,0.013357671600511038,-0.3115423634356492
2024-10-09,813.750592132383,817.3272467507278,803.4892692768091,805.6846313476562,41125642,-0.010841499864706061,839.4087341308593,838.7538330078125,0.013571225000665807,0.2954312173123977
2024-10-10,808.5705299330368,821.6191272702827,805.363874384187,820.114501953125,21754766,0.017910073053438058,833.6515502929688,839.2101623535157,0.014142325446864747,-0.8071424007855539
2024-10-11,821.1258875682706,821.1258875682706,810.6672800804614,814.4906005859375,23672594,-0.0068574587497161055,827.1173828125,838.8253662109375,0.013883284950518465,-0.6653801440267669
2024-10-14,816.9819085005773,834.741848018609,815.9705545228965,832.7931518554688,18527508,0.022471163272313355,823.9329223632812,839.3717315673828,0.014793551065970837,-0.9285488001271852
2024-10-15,835.7038196244212,837.6771462351046,826.5771840500105,830.81982421875,19651130,-0.002369529134962467,821.5673950195312,839.6960998535156,0.01479956128564179,-0.8902084750083455
2024-10-16,828.8465156450762,842.585790426718,828.8465156450762,838.565185546875,20470682,0.009322552378198568,820.2650085449219,840.4607666015625,0.0149219226618551,-0.8457113323508284
2024-10-17,836.1724403142362,837.5044718768119,821.4958240034423,825.4178466796875,14695732,-0.01567837431578245,819.8284118652343,839.9267333984375,0.014954337513571638,-1.0653184814971202
2024-10-18,820.4598702584595,834.2238355924767,816.0198853262701,829.7098388671875,24809724,0.005199781183269581,821.0222717285156,839.2693695068359,0.014880573630110173,-0.49258184457176696
2024-10-21,846.063768270474,862.4177242903107,844.1151323678729,852.8223876953125,46548354,0.027856182662219453,826.4933166503906,838.9610382080078,0.015601799081816584,0.7639142780750476
2024-10-22,853.4884373802005,858.3970631644344,843.9424218629189,845.841796875,38875280,-0.008185280922534233,829.6259765625,837.8448760986328,0.015476233414867516,0.29271587870819643
2024-10-23,841.1551854708522,861.603759041874,841.1551854708522,856.3251342773438,38036090,0.012393969464591148,834.6900268554688,837.0493804931641,0.015724160336020178,0.23021786052187077
2024-10-24,857.4597103207274,872.5310159915173,857.4597103207274,863.15771484375,30832258,0.007978955998030335,838.9943481445313,836.32294921875,0.01576966680410762,-0.1771210156687653
2024-10-25,865.7970368926951,867.2030200365818,852.8223905419693,860.0744018554688,26130478,-0.0035721316455352703,843.5527282714844,835.3350555419922,0.015763578425476325,-0.42657262695263115
2024-10-28,859.383716444917,863.8237012026692,852.9210840084185,855.5357055664062,22012142,-0.005277097282829213,845.8269836425782,834.8799530029297,0.015335072236141334,-0.6152172133561828
2024-10-29,851.5644426318723,870.2370336046123,851.0464203091243,864.2430419921875,35794926,0.010177642346343108,849.1693054199219,835.3683502197266,0.015265755916806007,0.1324594294171339
2024-10-30,859.3837596235229,865.6737383463702,850.6024319063034,855.7330932617188,32715724,-0.009846707832153578,850.8860961914063,835.575552368164,0.015423949601871,-0.0643260571200052
2024-10-31,852.4770662952162,857.8543931673494,848.234426273393,856.2756958007812,22895912,0.0006340791811547675,853.9718811035157,836.900146484375,0.014163975340321898,-0.5546131845538083
2024-11-01,854.9437742666823,860.419743696405,851.5397737386437,857.0651245117188,1759692,0.0009219328713974129,856.7074096679687,838.8648406982422,0.013649379527739171,-1.5555934693657374
2024-11-04,860.8637106769045,860.8637106769045,844.0411138190809,845.6197509765625,28089248,-0.013354146852815663,855.9871459960938,841.2402313232421,0.012737033149556057,0.1146844929217182
2024-11-05,840.1437747820238,869.5956493162819,837.6277954866241,867.2030029296875,44232406,0.025523590157632503,858.1232666015625,843.8746215820313,0.013140279156169752,1.5081519361345124
2024-11-06,873.9370497603172,873.9370497603172,861.0364145993881,865.92041015625,27787910,-0.0014789994604544887,859.0827941894531,846.8864105224609,0.012774638899382318,0.07810270454942679
2024-11-07,860.5184217555121,868.7323455565536,857.4104082699865,861.62841796875,18895456,-0.004956566604921053,858.9298645019531,848.9621063232422,0.012454077553038685,-0.7453381506731912
2024-11-08,864.3170573375987,869.1517316326272,861.2830556229201,865.5256958007812,19902986,0.004523153775752853,859.4749938964844,851.5138610839844,0.01226034215036185,-0.6274575939517909
2024-11-11,865.5750573030832,879.5116762015548,863.9223481240455,871.3717041015625,24565362,0.006754286243775276,861.05859375,853.4427886962891,0.011429903666733831,-0.22419609106962657
2024-11-12,874.1836611915717,875.6636561032956,842.9311140165652,847.6423950195312,31395406,-0.0272321317875448,859.3985290527344,854.2839172363281,0.013185032482862376,0.36993890481113123
2024-11-13,846.9270867373347,853.1677439816382,825.3438276461692,829.463134765625,35728500,-0.0214468511258068,856.771533203125,853.8288146972657,0.013946439303674627,0.709927147947909
2024-11-14,825.39317914741,841.05645917869,824.8998474928816,835.087158203125,27146470,0.006780317535256319,854.6526794433594,854.3122802734375,0.013554684605242237,-0.1762409384790918
2024-11-18,838.6637692715708,847.987749103584,836.1971111266544,841.1797485351562,27081968,0.0072957538290263635,853.0641418457031,854.885775756836,0.013599580728031885,-0.19476946304351708
2024-11-19,845.5704607570133,865.1803941380466,839.9957889401087,859.507080078125,50981272,0.021787651895904814,854.4528747558594,855.2200103759766,0.0130188465757157,2.0888012310188944
2024-11-21,863.0343691875372,867.7703408111802,855.5356922473849,858.989013671875,35716512,-0.0006027482707913201,853.6314758300781,855.8773712158203,0.012862967809284026,0.6453148418607763
2024-11-22,860.1484352390544,865.4517505554312,853.2417920363309,861.1597290039062,24773612,0.0025270583179546335,853.1554077148437,856.1191009521484,0.012583088636503542,-0.3614096278993879
2024-11-25,880.6216480727867,889.7482832055338,870.6810037082952,880.8929443359375,427737274,0.022914698246347953,855.0818603515625,857.0058624267579,0.013471127818244008,4.221736549860718
2024-11-26,892.9302818593218,892.9302818593218,873.0983737208503,880.8683471679688,30935566,-2.7922993511175775e-05,856.6161254882812,858.0455596923828,0.01342962933733723,-0.19561454555204658
2024-11-27,883.0143007972586,896.5562300169572,880.6709755435701,894.06494140625,32714976,0.014981346850194921,858.88544921875,859.972021484375,0.013670792276530386,-0.1820353125515017
2024-11-28,897.3702251985009,905.8061839354122,882.07694483503,884.6176147460938,35722392,-0.010566711904950399,862.5829711914063,860.9907501220703,0.013827205987950295,-0.14846442944551005
2024-11-29,888.6383310231244,890.2662893460416,879.561016559754,886.04833984375,27669536,0.0016173373374064326,868.2414916992187,862.5065124511718,0.013578073279288717,-0.2352863813784571
2024-12-02,889.7236388960249,892.0176431336934,875.6636867426915,890.3156127929688,15110876,0.0048160723939409955,873.7643371582031,864.2085083007812,0.013590885861946666,-0.37032087194405416
2024-12-03,899.1955156163089,906.4475265301776,895.9395389832724,900.9715576171876,43410242,0.011968727349159547,879.7435180664063,866.4038299560547,0.013766444015028627,-0.07923115745310924
2024-12-04,906.7435619082082,920.063516299678,903.3642521901576,917.6461791992188,44669084,0.01850737844170225,885.5574279785156,870.0051513671875,0.013667282710002088,-0.07453240291034921
2024-12-05,917.596875706611,927.4388181075852,905.3622266087298,920.4335327148438,39682714,0.0030375035376459802,891.7018798828125,872.6666778564453,0.012710884459754167,-0.1279156576677348
2024-12-06,916.1168429341786,919.6688066050772,909.7035317020062,915.5494995117188,17783156,-0.005306231280730711,897.1408569335938,875.1481323242188,0.01281122815184853,-0.3673753688385173
2024-12-09,914.4641912323508,927.4634676846592,912.1701871004972,922.5301513671876,26947912,0.007624548819252119,901.3045776367187,878.1932189941406,0.012715293751819684,-0.26962916704256334
2024-12-10,926.3288062229568,926.3288062229568,916.881553393078,921.5928344726562,13325480,-0.0010160284659989083,905.3770263671875,880.9965759277344,0.012752054217192523,-0.4181307540790466
2024-12-11,918.435483332828,923.4675021564424,915.9935158212784,919.1261596679688,14045426,-0.0026765342702549377,907.8831481933594,883.3842987060547,0.012788825347819062,-0.40330482567443343
2024-12-12,913.1568815747592,921.864197216933,912.0221946944998,917.2268676757812,17293790,-0.002066410548986708,911.1440734863281,886.8635223388671,0.010760975110498039,-0.358273402918128
2024-12-13,918.8301759997275,924.996821476236,902.4268990322158,923.3934936523438,19009002,0.006723119648891718,914.8785888671875,891.5600402832031,0.008944122737206477,-0.32904773962198636
2024-12-16,920.1128492893369,922.5054957499956,915.2535445762154,920.1621704101562,13107082,-0.0034994000546900716,917.8632446289063,895.8137908935547,0.00915448570453632,-0.38590350543433394
2024-12-17,915.7962178924912,918.7562078618506,901.0702798391582,904.4002685546876,21079532,-0.017129482565494847,918.2061157226562,898.9748168945313,0.010367236315062275,-0.2938413354378616
2024-12-18,902.7228866518356,905.7568882727958,891.5242825465077,893.2755737304688,23422312,-0.012300631933687023,915.7690551757812,900.6632415771485,0.010030356036934108,-0.25215890689974835
2024-12-19,887.7995941182149,888.5395915672278,877.6369745293333,884.790283203125,25380770,-0.009499073720226958,912.2047302246094,901.9533050537109,0.010343134023292866,-0.22453601300423448
2024-12-20,879.2156362475025,886.7883251977108,871.7417099804251,873.93701171875,25692348,-0.012266490365472671,908.0434814453125,902.5921691894531,0.010787609882671774,-0.2216260981597956
2024-12-23,879.1169941259847,890.956953642833,878.7716860618692,888.4902954101562,11044592,0.016652554470470093,904.6394958496094,902.972036743164,0.01018579526855263,-1.3446573207418568
2024-12-24,889.0083275055933,892.2889348142179,882.8416818560752,887.0596313476562,14485834,-0.0016102191210085604,901.1861755371094,903.2816009521484,0.01019607706009206,-0.9177118382583488
2024-12-26,887.2816657547127,893.916952377888,878.5003382709294,883.4336547851562,10481678,-0.004087635638419518,897.6169250488281,902.7500366210937,0.009637004355918676,-1.1705021054180307
2024-12-27,885.4316968356189,890.9322967259654,882.6196702111419,887.1336669921875,7259330,0.004188217402619765,894.6076049804688,902.8758392333984,0.00939179514776415,-1.325862513718099
2024-12-30,884.1489668763874,895.3969526845203,873.6903598921683,877.0943603515625,22222218,-0.011316565940579282,889.9776916503906,902.4281402587891,0.009727203605720604,0.08890809793037328
2024-12-31,873.3450677348718,879.0183818635131,871.0263727843891,874.60302734375,14117236,-0.0028404389771858884,885.42177734375,901.6425109863281,0.009658937582699898,-0.6633106622232118
2025-01-01,874.8989303590305,885.0369191568942,868.8062969452952,879.4869384765625,7313806,0.005584146155594105,882.9304443359375,900.5682800292968,0.009312420222747635,-1.2379571384919998
2025-01-02,876.699651347947,889.6989281059142,874.6770036544534,884.9136352539062,18558576,0.0061702983181806115,882.0942504882812,898.9316528320312,0.008293621700672483,0.05743168729895493
2025-01-03,883.5569553072743,885.6536147489581,861.5050553855514,862.9356689453125,24426194,-0.024836283941186754,879.9087890625,896.0567596435546,0.00966910073308823,1.1588602832988095
2025-01-06,858.4464162412277,866.8823756490298,841.5251763034672,843.8438110351562,18816348,-0.022124311924074824,876.8994689941406,892.4714752197266,0.010554909529951301,0.23139468950433154
2025-01-07,846.063732614296,849.0237223493897,838.6637582765616,845.2744140625,13527906,0.001695341020026886,872.577880859375,888.6086883544922,0.010290699751136733,-0.5582829312000772
2025-01-08,842.7338203435289,844.4111600559388,830.4498497882179,835.8518676757812,19738190,-0.01114732237242666,867.4571044921875,884.3216400146484,0.010368935222877417,0.4701557974790249
2025-01-09,830.844525028491,833.237171528912,817.9932112311335,822.778564453125,40420222,-0.015640693917462478,861.3915954589844,879.5042602539063,0.010629867869182257,2.8682482676936933
2025-01-10,824.3571854708366,826.2811909461473,815.9705474379197,817.3272094726562,17453280,-0.006625543270068146,854.4109497070312,874.50927734375,0.010601940021617077,-0.12027891921535262
2025-01-13,809.0639234971638,812.3939122066796,801.3186405131205,804.5499267578125,21669066,-0.01563300789054567,847.1565063476562,868.5670989990234,0.010400310490663199,0.4090407028435138
2025-01-14,809.0145872775671,817.0558570637163,807.5839134440961,812.3198852539062,26661432,0.009657521848774886,840.9281921386719,863.1749847412109,0.011018678480451398,0.9560898741442795
2025-01-15,817.2038286822469,820.2624606383587,807.2385540448483,810.5685424804688,14022892,-0.0021559767343256597,834.0363525390625,858.4833984375,0.010738938660095435,-0.61036051407214
2025-01-16,815.4031740939097,819.201863784551,810.469857784879,815.008544921875,21212454,0.005477639716709337,827.0458435058594,854.5700469970703,0.01087322698578953,0.3175384431739014
2025-01-17,810.7905598983193,814.2438814190301,803.3905852110819,807.4605712890625,23112076,-0.00926122024099274,821.4983337402343,850.7035614013672,0.01086762066507567,0.5808802100598028
2025-01-20,802.1572072678132,819.3991231510713,802.1572072678132,814.6138305664062,17557618,0.008858957987167182,818.5753356933594,847.73740234375,0.011097844845772104,-0.08555368710695187
2025-01-21,818.0671578930118,819.4485105158285,805.6352251722408,810.2478637695312,31158144,-0.005359553978894871,815.0726806640625,843.8252807617188,0.010040444816988549,1.5132421929893085
2025-01-22,810.2479165643738,824.8012002853578,801.8859089377631,821.9152221679688,30619306,0.014399739783524046,813.6790161132812,840.5680603027344,0.010889505199716792,1.2920966379349472
2025-01-23,832.2505181334424,832.2505181334424,814.6139111249832,821.347900390625,34909158,-0.0006902436675249035,813.5359497070312,837.4637725830078,0.01091043686742318,1.6039462115115504
2025-01-24,818.9305795964561,824.0119199318104,811.2839386423929,813.8986206054688,24236200,-0.009069579141327888,813.1930908203125,833.8020202636719,0.010815967159755418,0.27271670648680446
2025-01-27,809.6065327196525,810.839861804967,802.157237088582,804.0319213867188,22804166,-0.012122761937365167,813.1412902832031,830.1488983154297,0.010845180389456234,0.08723967808505133
2025-01-28,812.5171851743912,830.918478848159,812.5171851743912,824.0611572265625,30179312,0.024910995828746785,814.3154174804688,827.6218048095703,0.012662525021273092,0.9259263405913092
2025-01-29,826.3304621132276,829.3644636153648,823.2964606110903,827.4651489257812,12619890,0.004130751303307534,816.005078125,825.0207153320313,0.012615381544814279,-1.4356106547688745
2025-01-30,829.2904768269195,837.627793486482,825.1218486077116,834.470458984375,25744846,0.008465988045161854,817.95126953125,822.4985565185547,0.01271297402319928,0.30155881278068475
2025-01-31,832.3738053097981,840.9824182950722,830.7457868177106,838.047119140625,15821686,0.004286143527001629,821.0099243164062,821.2541290283203,0.011689174301886752,-0.9732334455095583
2025-02-01,837.4304429485957,845.0770832229423,826.8485035606199,834.1990966796875,5587528,-0.004591654064610928,822.9684509277344,820.7718933105468,0.010665552723560482,-2.003211717564239
2025-02-03,823.8638327488314,832.1518283284162,820.6324864421063,827.8104858398438,20276540,-0.007658376597711403,824.7247131347656,819.8986968994141,0.010767853775246153,-0.3075095358996306
2025-02-04,833.0891713164636,851.391824544325,828.8219005259823,848.9744873046875,28616502,0.025566239890489006,827.4306396484375,820.5548278808594,0.012003373331937297,0.6531554204966957
2025-02-05,854.9437515638108,860.4690419690123,847.9877873258422,857.311767578125,23675506,0.00982041321395477,831.0270263671875,822.2814880371094,0.011502378442987038,0.17794024154050694
2025-02-06,856.1770794811201,862.8370567631686,850.5037655001158,860.29638671875,26760716,0.003481369617795549,835.6668029785156,824.4299468994141,0.011318462467595098,0.5452404491769806
2025-02-07,863.3303440695562,871.7169816976605,850.9970534399911,854.8203735351562,23509600,-0.006365263493061657,840.7456481933593,826.9434692382813,0.010704665202696799,0.07771441024463248
2025-02-10,847.1984649999539,850.2324064646851,842.857122399865,846.4337768554688,17195950,-0.009810946181598723,842.98291015625,828.6491638183594,0.010958105763302807,-0.7339882016860544
2025-02-11,840.1438107934578,844.090464044396,833.0891440189461,839.3544921875,22724704,-0.008363660408577389,844.1718444824219,830.0884613037109,0.011171306600420016,-0.02765799895560204
2025-02-12,835.2104927183359,844.5837941723514,829.389155095277,842.0184936523438,22809570,0.0031738693122389527,844.9266479492187,831.4389587402344,0.01114328929976396,-0.02697876509692287
2025-02-13,838.1704689996619,845.6937766231139,835.4818356095761,837.5291137695312,12602434,-0.005331687981506628,844.8748474121094,832.9423858642579,0.010973382564185582,-1.3539397600899126
2025-02-14,839.601120018604,839.601120018604,828.7971451888767,836.1231079101562,19959892,-0.0016787546083585347,845.0672485351563,834.0178497314453,0.010873511645778112,-0.3642274694056844
2025-02-17,831.3624591587258,848.5304243918573,829.413823260936,847.2230834960938,12938946,0.013275527827093958,847.0085083007813,835.8666107177735,0.01106418815308969,-1.2082536074097792
2025-02-18,845.1017788797033,854.2284140997132,841.697778564227,850.0350952148438,16350910,0.0033190924250390275,847.1145690917969,837.2726043701172,0.010697304811934264,-0.6587543275874509
2025-02-19,847.0504387449713,857.3610822217985,844.8057556604201,852.0823974609375,11884112,0.0024084914347874964,846.5916320800782,838.8093292236329,0.01068272398475585,-1.2266855382597803
2025-02-20,844.0904430253034,845.9157460199498,831.4118438608401,832.2998046875,26390510,-0.02321676029499764,843.7919738769531,839.7293884277344,0.011851241331706328,0.985944748453221
2025-02-21,829.2411711352042,836.1724445897772,827.4404985932164,834.9638061523438,15680940,0.0032007714646093977,841.8063171386718,841.2759826660156,0.011433593809208876,-0.5897337834525355
2025-02-24,829.3398427560753,830.8691588600108,819.4732095421047,827.3665161132812,20693646,-0.00909894534719069,839.8995910644531,841.4412506103515,0.010313325648439634,0.2621669139044164
2025-02-25,824.406500920576,832.7438177754724,824.406500920576,829.9564819335938,24138708,0.0031303730207494773,838.9597900390625,841.5658172607422,0.010295928102371822,0.7440669338377632
2025-02-27,830.0551731686357,843.9671012979777,830.0551731686357,839.0090942382812,35786800,0.01090733369971053,838.6588500976562,841.7927490234375,0.01041288679447775,2.264347859861915
2025-02-28,831.2638337603047,857.0404125816553,831.2638337603047,854.6477661132812,54516728,0.018639454545123835,840.3707153320313,842.6227813720703,0.011167693914612746,3.16732461509307
2025-03-03,858.2984642242569,859.9017921530082,835.7531707549724,839.4285278320312,21205364,-0.01780761488497562,840.7012573242188,842.8842529296875,0.011886355381445505,-0.1773823190334751
2025-03-04,837.6771272358142,845.7184570804238,835.3338019387764,843.5971069335938,19920958,0.004965972638943494,840.3386596679687,843.673583984375,0.01177169180787393,-0.3108957514844684
2025-03-05,839.6257577393887,843.991790915382,832.8671383829512,833.73046875,21583872,-0.011695912779333906,838.7081970214844,842.9113830566406,0.010567942224992051,-0.09937244453958632
2025-03-06,832.2504799228543,838.6144701478811,824.973838204501,834.3224487304688,32966088,0.00071003759926902,836.9322021484375,841.7619171142578,0.010276006801743906,1.0324680683842888
2025-03-07,829.7838192395386,839.2311321984157,827.6131479773222,833.3604736328125,13372914,-0.001153001575254331,837.0382690429688,840.4151214599609,0.010214394813463302,-0.9068200211552195
2025-03-10,833.2371287977431,838.6144556459366,830.3018296675241,832.4971313476562,15604050,-0.0010359770021162173,836.7916015625,839.298959350586,0.010151198294187263,-0.6334749497046679
2025-03-11,829.9811819724781,835.7038170818192,823.8885481247595,831.510498046875,19898430,-0.001185149189864565,837.2059997558594,838.5527954101562,0.009950622036520326,-0.21714209301997753
2025-03-12,834.4952011662076,847.7904654359072,834.4952011662076,844.1644897460938,18784106,0.015218078098763188,838.6268005371094,838.7932952880859,0.010399444200761136,-0.30887425990126616
2025-03-13,846.5817587561914,848.9250839737969,838.688452760047,841.9197387695312,15736264,-0.002659139307361391,838.9178649902344,838.7883575439453,0.01039749770002762,-0.5747229661574076
2025-03-17,841.1304915849349,850.5037932506908,841.1304915849349,843.7944946289062,18950652,0.002226763161670142,837.8325378417969,839.1016265869141,0.010328898662670071,-0.2916492429067116
2025-03-18,843.7944946289062,843.7944946289062,843.7944946289062,843.7944946289062,0,0.0,838.2691345214844,839.4851959228515,0.010317730430402258,-1.8967025736211756
2025-03-19,855.930432694155,863.823739278078,854.5490799535085,860.4197387695312,15221406,0.019702954032589037,839.9513977050781,840.1450286865235,0.010824031213516959,-0.5240048860320741
2025-03-20,865.3036807089222,875.1703133281802,862.9850461318551,872.580322265625,17833978,0.014133315343839437,843.8363830566407,841.2722900390625,0.01121792197467927,-0.2919185054519645
2025-03-21,866.0684175252852,875.2196836615442,866.0684175252852,873.3696899414062,33508264,0.0009046361184625873,847.7411071777344,842.3366546630859,0.011215631405032832,1.0386189767631264
2025-03-24,877.6369838460287,890.1676194932312,874.997671627427,887.9969482421875,17393736,0.016748071829424838,853.2047546386718,845.1215118408203,0.010125996278220029,-0.3862618909260783
2025-03-25,890.4143157035983,909.5555477752322,888.7369760332164,898.5789184570312,39101416,0.011916674078431333,859.8129333496094,848.3022674560547,0.010307759127818,1.4095124507846883
2025-03-26,900.3302775382388,901.5636066855512,888.9836493829623,891.2283325195312,24478442,-0.008180234130266362,865.784716796875,851.4953582763671,0.010249468921177306,0.1279712954713317
2025-03-27,887.9969842041877,908.2235821777276,887.0596420099644,900.5029296875,41658100,0.010406533129113216,871.4185607910156,855.0226806640625,0.010354009995960959,1.4475766329525486
2025-03-28,902.3035639097062,905.7568853680812,890.8829244709937,901.9088745117188,28773648,0.0015612884510065594,877.4174743652344,858.1676696777344,0.01024272703488244,0.43649996143466335
2025-04-01,888.9836405685396,892.8809726796349,870.9030234039785,872.1363525390625,28511006,-0.03301056549507253,880.25166015625,859.0420989990234,0.012526677399727713,0.6499275727331969
2025-04-02,873.5423260418547,887.602278026219,873.5423260418547,886.4676513671875,11573564,0.01643240622455666,884.5189758300781,861.3940551757812,0.01214214025863784,-1.0210222430055522
2025-04-03,878.6729886492828,889.9702954640933,876.6503409310941,885.456298828125,11250038,-0.0011408792385178002,887.0226318359375,863.4870147705078,0.012161583959617554,-0.9834574998480606
2025-04-04,894.4103269547068,908.6922548603656,893.4729847277881,896.5316772460938,33540454,0.012508102808265864,889.4177673339843,866.6270751953125,0.011876042028862211,1.098548641409419
2025-04-07,869.6450067324856,878.0562747489253,857.5090006629878,867.1289672851562,37995450,-0.032796063660856634,888.7936950683594,868.2674011230469,0.014413088233472685,1.4501888424086153
2025-04-08,870.730371547347,879.1170096868965,863.4784203033727,872.7777099609375,35563872,0.006514305125184139,887.2717712402343,870.2382629394531,0.014425935938328322,1.1070507687621565
2025-04-09,870.7303466796875,875.6636630914704,865.0570328061372,870.7303466796875,22454608,-0.002345801522980695,884.4869140625,872.1499237060547,0.0144453790908302,-0.105525059329881
2025-04-11,875.540352413462,897.567622795633,875.540352413462,891.3269653320312,32775766,0.0236544169281383,884.49677734375,875.1407470703125,0.015175035430875155,0.76695122342893
2025-04-15,920.063542312984,925.8848799667484,915.1302257322174,920.0142211914062,49298344,0.032184884980663186,886.4479064941406,878.9332336425781,0.01629243066713541,1.9049706093710752
2025-04-16,929.33821542373,929.33821542373,917.8435635307726,926.4768676757812,19136820,0.00702450716034142,888.9047058105468,883.1610900878907,0.016214115050035997,-0.5575111041765332
2025-04-17,928.450169292776,947.048748489299,925.835487448072,940.6354370117188,35703084,0.015282161735410194,895.7546142578125,888.0031372070313,0.016362010796621085,0.7252672208725564
2025-04-21,949.170085798879,962.3420166432836,942.2634427629204,950.6994018554688,34247298,0.010699113012073935,902.1777893066406,893.3483825683594,0.01634503649632407,0.540216297138097
2025-04-22,954.5967457498784,972.1593405008402,954.5967457498784,967.7686767578124,45961750,0.017954439509512365,910.4090270996094,898.7158294677735,0.016273021903885854,1.4694804885278558
2025-04-23,976.2539669757358,976.2539669757358,947.4433879660209,949.1207275390624,30570642,-0.01926901507209733,915.6679321289063,902.5428497314454,0.017090329066955474,-0.009969966592840919
2025-04-24,942.2634238174406,949.1207455952106,939.8460867592294,945.6181030273438,25931754,-0.0036903888094409476,923.516845703125,906.1552703857421,0.017169820094210746,-0.4165197186324559
2025-04-25,949.5647662059754,953.6100615716746,933.2848220611924,942.8554077148438,18500878,-0.002921576166589168,930.5246154785157,908.898193359375,0.016970762311219353,-1.1385043152714025
2025-04-28,942.8554253066496,951.982060830828,941.4741328194632,947.29541015625,13920492,0.004709102164633272,938.1811218261719,911.334017944336,0.016850662964884196,-1.4035100682824488
2025-04-29,946.6047640975014,951.5380804410966,937.4287475214968,941.6714477539062,18918308,-0.005936862294536049,943.2155700683594,913.8561737060547,0.016781196469018697,-0.8992629729743169
2025-04-30,943.7434115323152,955.5340495753018,942.4114402150566,949.6633911132812,31936870,0.008486976406088864,946.1804870605469,916.3141967773438,0.01674139220055543,0.3399501999740301
2025-05-02,952.0314875380284,958.0007887427043,947.1968130496268,948.1341552734376,17840404,-0.0016102925038006255,948.3462158203125,918.6254608154297,0.016768692366812377,-0.9145907808832292
2025-05-05,956.57004672681,962.9833580251332,953.2647488384408,955.4847412109376,15068024,0.007752685520943103,949.8311462402344,922.7928802490235,0.014536661398576546,-1.0720947596836379
2025-05-06,952.1300492793256,957.112686715781,949.318083066804,952.9686889648438,17490156,-0.002633273078652354,950.0580749511719,926.1179321289062,0.01434895996032768,-0.9118909061098759
2025-05-07,954.1034146874002,961.355365881208,948.3807795701132,959.8260498046876,21420778,0.007195788192466912,949.2638122558594,929.8364196777344,0.01432134258314792,-0.6303566426434914
2025-05-08,964.364722012384,964.364722012384,946.752746184645,951.3900756835938,34803430,-0.00878906560497128,949.4907470703125,932.5793395996094,0.014457369249341006,0.6601617915490454
2025-05-09,942.3127568324844,946.7034204881496,930.8181657127636,932.248779296875,17188796,-0.020119293732347665,948.1538146972656,935.8353302001954,0.013007174261602573,-0.943979362744066
2025-05-12,946.0127842578852,966.880737676539,943.398162578518,965.5487060546876,18618972,0.035720000387587714,950.42314453125,940.4738800048829,0.01484807173486178,-0.7269590159236545
2025-05-13,961.9966686855104,967.7686246091652,947.1967199365026,948.4793701171876,24242102,-0.017678378967796227,950.5415405273437,944.3613311767579,0.015631559256973574,-0.18892712073185214
2025-05-14,948.2327622761528,952.2287366384548,938.8101397074493,942.5594482421876,15445308,-0.006241487228413334,950.6303405761719,946.9229553222656,0.015114362809636071,-0.9491839975602657
2025-05-15,943.9901042439284,959.4314088460198,935.85013208818,954.0047607421876,32241458,0.012142801731333419,951.0644775390625,948.6224822998047,0.01366597098535596,0.8725784369871319
2025-05-16,954.0047801554118,958.9380967138302,951.340777169636,954.44873046875,15868010,0.00046537474951069413,951.6959350585937,950.0210754394532,0.013615227707433723,-0.9312453229563493
2025-05-19,955.5834183781088,959.5300716290252,952.6234284399216,956.4220581054688,10202964,0.0020675051196825667,951.7896667480469,950.8104064941406,0.013230276009896907,-1.4002317743254147
2025-05-20,951.1927398071444,954.3993955236706,943.7434439560598,944.6807861328124,23879090,-0.012276245485088544,950.9608764648438,950.5094757080078,0.01333310115190304,0.1569560568971031
2025-05-21,950.6500948788124,960.4674068130724,947.739426083267,950.5514526367188,15132040,0.006214444699292221,950.0334167480469,949.6486145019531,0.012735243676893791,-0.8386006271632344
2025-05-22,944.828766015395,949.2687509312964,939.895449442171,947.1474609375,21306670,-0.003581070429987232,949.6091552734375,949.549951171875,0.012001121749271608,0.12301277578819697
2025-05-23,947.246089616049,955.583406549638,944.4834444188342,953.9060668945312,9566072,0.007135748376859485,951.7748840332031,949.9643493652344,0.01207157213136575,-1.4710569459876743
2025-05-26,954.596686963064,961.9473401627192,950.6007128758196,957.1619873046876,10802860,0.0034132505528097212,950.9362121582031,950.6796783447265,0.012060030528679226,-1.186956561106206
2025-05-27,952.9193700568148,961.0100208805312,945.3714322062008,950.3047485351562,26162148,-0.007164136123751552,951.11875,950.8301452636719,0.012150503103324793,0.8695553462803588
2025-05-28,947.2953823933068,954.3500488693757,946.0620533045636,948.9234008789062,18157594,-0.0014535838723096495,951.7551452636719,951.1927429199219,0.012071879004744076,-0.23760800125618947
2025-05-29,951.1433943336576,957.4580633637506,940.9314535555671,950.896728515625,28917794,0.0020795436543044055,951.4443420410156,951.2544097900391,0.01193163695724134,1.3213291130291849
2025-05-30,953.0674016093236,961.4047183192448,949.8607459686727,959.480712890625,28748078,0.009027251979717876,951.9475402832031,951.8217376708984,0.012085979197290193,1.1735757576497579
2025-06-02,952.1793523801688,955.09002099665,941.2767355690124,953.166015625,14668822,-0.006581369672977289,951.6219360351563,951.7058013916015,0.012068481275188732,-0.7693366681979668
2025-06-03,956.0767204883472,962.9833634640112,947.1967509482078,949.466064453125,24377584,-0.0038817489411315798,952.1004638671875,951.5306701660156,0.012085747620262243,0.5212181820199826
2025-06-04,947.690059651711,958.6913790708478,947.6407385330224,957.6553344726562,12961542,0.008625131877934011,952.8108520507812,951.4221343994141,0.01213537979572703,-0.9650365520004482
2025-06-05,961.0099978567569,966.3873245707182,957.1619871239031,961.79931640625,22255418,0.004327216467577832,954.2760375976562,951.9425964355469,0.011991454856237224,0.4086411676177769
2025-06-06,959.036689943126,984.8379583134906,958.3953347348496,976.1552734375,30127008,0.014926146012341546,956.5009582519531,954.1379211425781,0.011345763290820307,1.4143738785107722
2025-06-09,984.1966559557252,984.1966559557252,974.7740333489504,976.2540283203124,13202588,0.00010116718671682179,958.4101623535156,954.6731872558594,0.008191413709915493,-0.9325868656485873
2025-06-10,978.1780428487654,978.1780428487654,967.472709657825,969.5447387695312,15533126,-0.006872483345676694,960.3341613769531,955.7264556884766,0.007222572958934786,-0.5491300895002389
2025-06-11,970.6793107759778,970.6793107759778,960.516691162301,962.1940307617188,11096394,-0.007581607855601802,961.6612243652344,956.7081848144531,0.007300296229947969,-1.1069394156498629
2025-06-12,961.9966994408974,967.4233474890254,954.7447484104944,958.74072265625,16349130,-0.0035889934826710546,962.4456237792969,956.9449829101562,0.006878255132320433,-0.31445563471524324
2025-06-13,947.19676434732,953.6100757725884,943.7434428106372,946.0127563476562,12117762,-0.01327571261741145,961.098828125,956.5231842041015,0.007514571398304374,-0.8982557400891216
2025-06-16,949.1700746468088,956.520728121515,947.2460692080248,954.7940673828124,16513746,0.009282444635375642,961.2616333007812,956.4417846679687,0.0078075882387364,-0.3147848034984226
2025-06-17,955.5834055099792,957.852719054467,946.75275693574,951.9327392578124,16978736,-0.0029968013237066105,961.50830078125,956.8043823242188,0.0073025699549359585,-0.19549307534723667
2025-06-18,945.7167603313338,955.2380851367438,945.7167603313338,954.0540771484376,18433816,0.00222845354838741,961.1481750488281,956.9795135498047,0.007189267652234486,0.0030940009569974214
2025-06-19,954.0540746334422,960.4180648603084,949.9593979158448,954.7447509765624,16876220,0.0007239357230033328,960.4427185058594,957.3593780517579,0.007134071291690618,-0.20479611299950476
2025-06-20,952.9193918485256,971.8140179089728,952.9193918485256,969.2486572265624,32900408,0.015191396690230174,959.7520568847656,958.1265075683593,0.007735064412799138,1.968209851611437
2025-06-23,961.2073974609376,965.8940481289004,957.9514206200562,961.2073974609376,11739518,-0.008296384736435236,958.2473937988282,958.3287780761718,0.007968598216858318,-1.123822597940525
2025-06-24,969.3966711141704,976.3033140635844,964.7593416610488,967.3740234375,22625322,0.006415499914848466,958.030322265625,959.182241821289,0.007882495123159935,0.5082960623081381
2025-06-25,969.8900392545884,977.7833457795492,968.854054817417,976.8953247070312,18405932,0.009842419828163251,959.5004516601563,960.5808380126953,0.00810502479263749,-0.12507985804513225
2025-06-26,977.4872979366618,1000.03252920567,976.7966216145232,997.4179077148438,50084830,0.02100796522285253,963.3681701660156,962.9068969726562,0.009208188718331674,3.1646369973860247
2025-06-27,1004.0015037809444,1007.393088107433,994.2258430942326,1004.9491577148438,28213384,0.0075507467248654425,969.2618103027344,965.1803192138672,0.009158306246458067,0.8458578071997181
2025-06-30,1003.2533964547342,1004.400566128524,995.2732550959096,998.2658081054688,13649020,-0.006650435554941159,973.608984375,967.4353088378906,0.009161866473810912,-0.6976248400456909
2025-07-01,1000.0114368496796,1005.4977838847652,999.5126780283082,1003.5526123046876,14389386,0.005295988459478762,978.7709716796875,970.1396362304688,0.009062405993087021,-0.5640787870786571
2025-07-02,1007.4429706558584,1007.4429706558584,986.4950998423908,990.5350341796876,18878250,-0.012971495430722624,982.4190673828125,971.7836212158203,0.009603883840942755,-0.12229428513246013
2025-07-03,994.9739612315548,1001.507689459166,989.6871300276722,991.0836181640624,16860506,0.0005538259278523583,986.0529541015625,973.247836303711,0.009587287303358708,-0.3094419786575518
2025-07-04,991.0836632772651,999.2633203019868,987.5424877454124,992.1809692382812,7863944,0.001107223501737975,988.3461853027344,974.04912109375,0.00905531157148122,-1.15101582089818
2025-07-07,992.031278290642,996.7196233059492,989.4377568185034,991.2332763671876,11349426,-0.0009551613067333431,991.3487731933594,974.7980834960938,0.0090630070654707,-0.7633220869953508
2025-07-08,986.0462146584524,1000.0114620081928,986.0462146584524,998.2159423828124,15224316,0.007044422521019333,994.4329650878906,976.2316436767578,0.008976725983887589,-0.35030707047478993
2025-07-09,1001.0089360727128,1004.4005203490876,996.5699704674604,1003.1036987304688,13861428,0.0048964919714555855,997.0538024902344,978.2771270751953,0.008743166248267686,-0.5146844707236724
2025-07-10,1005.4977851253348,1005.9965439473216,997.5176439735465,1000.6099243164062,17030310,-0.0024860584376457107,997.3730041503907,980.3705871582031,0.008708670411169551,-0.17899967408865752
2025-07-11,996.5201541247732,999.91173856234,987.9913902076418,989.3878784179688,12516922,-0.011215205471906686,995.8168762207031,982.5393432617187,0.008526543255585368,-0.6660820744640932
2025-07-14,989.0387573242188,991.8816582943851,982.8541356715338,989.0387573242188,13088850,-0.00035286574796955517,994.8941711425781,984.251577758789,0.008380940286949159,-0.5816620421658973
2025-07-15,984.0511806165924,999.31318877786,984.0511806165924,995.2732543945312,14498168,0.006303592274967684,994.0662353515625,986.418603515625,0.008358961891216375,-0.41660956143008454
2025-07-16,1006.4952830829004,1008.8394251469304,993.826797075495,995.6722412109376,17994612,0.00040088168213570086,994.5799560546875,988.49951171875,0.008369327576615236,-0.043281359345025465
2025-07-17,999.5126501495852,999.9116815490104,988.8890631972324,990.98388671875,22529158,-0.004708732751739331,994.5699829101562,990.3114685058594,0.008505790878905755,0.4062760199702593
2025-07-18,990.9838927216936,996.021344530824,974.0759568696542,976.2705078125,16129446,-0.014847243334064175,992.9789367675781,990.6625610351563,0.008685245430134018,-0.19382830720785768
2025-07-21,986.6446826643672,998.5151670456409,985.7968170158388,997.7670288085938,22309078,0.02201902118733501,993.6323120117188,992.4905426025391,0.009676982083455224,0.44750688953084766
2025-07-22,1004.051390877723,1006.4953213272488,999.0139388595042,1001.058837890625,14836814,0.0032991760470997278,993.9166015625,994.1747833251953,0.009625613379595006,-0.35925026166267265
2025-07-23,1003.0039954915454,1012.3806857402004,999.0139248978444,1009.6375122070312,13634916,0.008569600498690821,994.5699829101562,995.8118927001954,0.009573406260888796,-0.46635174926699163
2025-07-24,1016.320807677376,1016.320807677376,1001.7072110041944,1004.5999755859376,19107176,-0.004989450728788536,994.9689880371094,996.17099609375,0.008519792881000274,0.6458148422140356
2025-07-25,1007.5,1007.5,999.5,1002.2999877929688,9306598,-0.0022894563496553832,996.2601989746094,996.0385375976563,0.008367466921602703,-1.5752537211648519
2025-07-28,1001.5,1010.7000122070312,1000.25,1004.25,12059580,0.0019455374945429593,997.7813232421875,996.3377471923828,0.008232913081860763,-0.8137097391225817
2025-07-29,999.9500122070312,1013.25,998.1500244140624,1010.7999877929688,19895696,0.0065222681533172455,999.3339965820312,996.7001159667968,0.008276287592693617,1.1221074055191729
2025-07-30,1014.0,1016.2999877929688,1008.5,1012.9000244140624,15154036,0.0020775985817718112,1001.0567749023437,997.8183654785156,0.007658386088437763,-0.027967087680114532
2025-07-31,1007.2999877929688,1015.7000122070312,1004.0,1009.0999755859376,22183032,-0.0037516524203097257,1002.8683837890625,998.7191833496094,0.0077359910086627825,1.5968051998735995
2025-08-01,1007.0,1014.1500244140624,1004.6500244140624,1006.0999755859376,11317258,-0.0029729462616011615,1005.8513305664062,999.4151336669922,0.007784703920941307,-1.1253665585802726
2025-08-04,1005.0499877929688,1009.25,994.0499877929688,996.0,13933946,-0.010038739519952267,1005.6746276855469,999.6534698486328,0.008144579024603155,-0.5010847554508971
2025-08-05,993.25,997.2000122070312,982.75,988.7999877929688,23978058,-0.007228927918706107,1004.4487426757812,999.1826721191406,0.008145199837518225,1.8377927710849344
2025-08-06,985.5499877929688,994.0,985.0,992.6500244140624,14080204,0.0038936454982032576,1002.7499938964844,998.6599884033203,0.00811362938661704,-0.5249664957926833
2025-08-07,990.0499877929688,1000.7999877929688,988.4000244140624,997.7000122070312,13081186,0.005087379911111967,1002.0599975585938,998.5144927978515,0.008192042218976608,-0.7069669136087732
2025-08-08,993.5499877929688,996.4000244140624,985.0,986.9500122070312,13895264,-0.010774781866765504,1000.525,998.3925994873047,0.008161163532120794,-0.5377371351180295
2025-08-11,987.9500122070312,998.7999877929688,986.5499877929688,997.7999877929688,9105854,0.010993439841674002,999.8799987792969,998.8306610107422,0.008528172435477148,-1.543582688655326
2025-08-12,995.9500122070312,998.0,983.75,984.9500122070312,12937802,-0.012878308020789153,997.2950012207032,998.3144989013672,0.008908379980596078,-0.655965540316041
2025-08-13,997.0,997.0,984.5499877929688,990.1500244140624,13577396,0.005279468138062349,995.0200012207031,998.0383880615234,0.009000192713788326,-0.4638242890003135
2025-08-14,989.0,998.0,985.5999755859376,995.5499877929688,17511716,0.0054536820135937525,993.6650024414063,998.2666931152344,0.009021446988062412,0.5022998174239489
2025-08-18,1005.0,1013.2999877929688,997.7999877929688,1001.7999877929688,19284796,0.0062779368958214565,993.2350036621094,999.5431671142578,0.008371816876086713,0.868823203935679
2025-08-19,999.1500244140624,1003.0499877929688,993.3499755859376,995.5499877929688,12352438,-0.006238770289635487,993.1900024414062,999.4323150634766,0.006961119241294143,-0.6717240777924005
2025-08-20,993.5,996.0,989.5,994.0999755859376,9950228,-0.0014564936214259694,993.7200012207031,999.0843719482422,0.006920426913900253,-1.1609175442837265
2025-08-21,998.75,998.75,991.5999755859376,995.5999755859376,12439850,0.0015089025619539065,994.0149963378906,998.3824951171875,0.006616156772892781,-0.5494055696125861
2025-08-22,994.9500122070312,998.0,978.5499877929688,982.2999877929688,19833502,-0.013358766692557866,992.4749938964844,997.2674957275391,0.0071465544947137884,1.1827255313339016
2025-08-25,980.0999755859376,988.7000122070312,978.5,982.0499877929688,17518044,-0.0002545047369507669,991.9849914550781,996.254995727539,0.007143175634149504,0.5647109535665468
2025-08-26,979.5,985.7000122070312,968.0,973.4000244140624,16917731,-0.008808068312638584,989.5449951171875,994.7124969482422,0.007312837985842239,0.36355771841782264
2025-08-28,967.0,972.2000122070312,955.0,957.7999877929688,25438255,-0.016026336788397044,986.8299926757812,992.0624969482421,0.007731700476686431,2.146059816876361
2025-08-29,954.0,963.2999877929688,950.0999755859376,951.5999755859376,14823813,-0.006473180503288267,982.9749877929687,988.9974945068359,0.0076922054807596054,-0.19522772171622174
2025-09-01,949.5999755859376,957.4500122070312,946.3499755859376,950.5999755859376,20178344,-0.00105086173356006,978.4799865722658,986.0724945068359,0.007703646295890265,1.039103943386954
2025-09-02,951.0,954.7999877929688,944.0,944.5,14196320,-0.006416974271620024,972.7499877929689,982.9924957275391,0.007742502880145846,-0.3620042039994148
2025-09-03,945.0,956.2999877929688,940.0,954.4500122070312,16083481,0.01053468735524743,968.6399902343752,980.9149963378907,0.008132539394602198,0.05245208686663299
2025-09-04,960.2000122070312,965.7000122070312,956.25,961.25,17597657,0.007124509095290055,965.3549926757814,979.5374969482422,0.008287656277239118,0.5336613276321518
2025-09-05,967.5,967.5,954.0499877929688,963.4000244140624,11602111,0.002236696399544824,962.1349975585938,978.0749969482422,0.00824031909860628,-0.9671880566611871
2025-09-08,969.0,973.1500244140624,960.4500122070312,966.0,11711307,0.002698749761314234,960.5049987792969,976.4899963378906,0.008157290634533082,-0.9096246201727332
2025-09-09,974.0,974.4000244140624,962.7000122070312,965.1500244140624,13985539,-0.0008798919109085368,958.815002441406,975.3999969482422,0.007865199114308967,-0.3420247789523988
2025-09-10,973.9000244140624,973.9000244140624,961.7000122070312,965.9000244140624,18091100,0.0007770812630454316,958.0650024414062,973.8049987792969,0.007354522064918615,0.6097788757413658
2025-09-11,960.2999877929688,969.25,959.9000244140624,967.7999877929688,15113633,0.001967039373520052,959.0650024414062,972.9474975585938,0.006890579587127756,-0.2154231064724805
2025-09-12,969.9000244140624,970.75,962.25,967.2999877929688,14363519,-0.000516635675043009,960.6350036621094,971.8049957275391,0.006739208724037015,-0.43143460136959044
2025-09-15,969.5999755859376,972.3499755859376,965.0,967.0499877929688,14486377,-0.0002584513627157392,962.2800048828124,970.379995727539,0.006563587777434262,-0.35739903660336025
2025-09-16,961.2000122070312,969.3499755859376,961.2000122070312,966.8499755859376,18661794,-0.00020682716463049644,964.5150024414061,968.6324951171875,0.006318334273398986,0.794673549450948
2025-09-17,965.1500244140624,974.4000244140624,964.3499755859376,966.5,17361476,-0.00036197506828861137,965.7200012207029,967.1799957275391,0.006234935444561121,0.37675581878829484
2025-09-18,973.2999877929688,979.6500244140624,969.25,976.9000244140624,17791598,0.010760501204410078,967.2850036621091,966.3199981689453,0.006807572772111277,0.4207195142723175
2025-09-19,974.9000244140624,976.7000122070312,962.0999755859376,966.9000244140624,31243267,-0.010236462022813364,967.6350036621094,964.8850006103515,0.007093942573480312,3.0604532586014614
2025-09-22,964.0,971.2000122070312,961.9500122070312,964.2000122070312,10854415,-0.0027924419679969947,967.4550048828125,963.9800018310547,0.006530466913092635,-1.2806613367262658
2025-09-23,967.0,968.2000122070312,955.5,957.2000122070312,21022298,-0.007259904492198821,966.6600036621094,962.7375030517578,0.006679672469657953,0.8204375005420236
2025-09-24,952.2000122070312,956.4500122070312,943.0,951.0499877929688,15117220,-0.006425014976631949,965.175,961.6200012207031,0.006558080099911623,-0.3869732794667441
2025-09-25,952.5,958.0,947.4000244140624,949.8499755859376,31413279,-0.001261776165746964,963.3799987792969,961.2225006103515,0.005547310763641073,2.5613185675314134
2025-09-26,945.0999755859376,951.4500122070312,941.2999877929688,945.0499877929688,14874656,-0.005053416767219376,961.1549987792969,960.8950012207031,0.005474131976780926,-0.4375109896565205
2025-09-29,946.0499877929688,956.7999877929688,939.0999755859376,950.2999877929688,32398179,0.005555261698125147,959.4799987792969,960.8800018310546,0.005625622931920885,2.2481271614047325
2025-09-30,958.0499877929688,960.0,946.2999877929688,951.0,28296687,0.0007366223466518385,957.8950012207031,961.2050018310547,0.005419857721362692,1.42849332172139
2025-10-01,952.7000122070312,969.5999755859376,946.0,965.25,25350832,0.014984227129337446,957.7700012207031,961.7450012207031,0.0059272056246548995,0.9081463240215338
2025-10-03,952.0,966.75,952.0,965.1500244140624,26658296,-0.00010357481060618845,956.5950012207031,961.9400024414062,0.005723999459762746,1.00368004348141
2025-10-06,971.9000244140624,977.4000244140624,962.0,973.4500122070312,18542683,0.008599686663229189,957.25,962.4425018310546,0.0060117100787272955,-0.19273209379110032
2025-10-07,974.0,989.8499755859376,971.0,982.5,25535736,0.009296818202765733,959.0799987792968,963.2675018310547,0.006310260573153337,0.7428795860277929
2025-10-08,976.0,985.9000244140624,974.5499877929688,978.7000122070312,15939710,-0.0038676720539122522,961.2299987792969,963.9450012207031,0.006388648696391968,-0.7131370249449295
2025-10-09,974.5,979.0,970.1500244140624,977.0999755859376,15370950,-0.0016348590999661905,963.8349975585937,964.5049987792969,0.006410176539292164,-0.7689271453318232
2025-10-10,979.0,986.2000122070312,978.0999755859376,980.9000244140624,13757080,0.0038891095313413615,966.9400024414062,965.1600006103515,0.006446119949628078,-0.9903155709974215
2025-10-13,974.2999877929688,981.0,972.0,977.0,18634254,-0.003975965253331548,970.1350036621094,965.6450012207031,0.006526176640331331,-0.3066539497546231
2025-10-14,970.0,980.4500122070312,967.0,977.1500244140624,22934382,0.00015355620681933857,972.8200073242188,966.1500030517578,0.00652424272766225,0.2850774882285627
2025-10-15,975.0,984.9000244140624,973.3499755859376,978.25,23310447,0.001125697752089927,975.5450073242188,966.720004272461,0.006523020681359078,0.30764474889500637
2025-10-16,982.6500244140624,996.5999755859376,981.5,994.3499755859376,22936566,0.01645793568713283,978.4550048828125,968.1125030517578,0.0074148976558551394,0.20868104571299614
2025-10-17,993.9500122070312,1009.0,986.0,1002.5499877929688,25210511,0.008246605730742873,982.1950012207031,969.3950012207031,0.007268580116725324,0.5069749605595181
2025-10-20,997.0,1020.0,997.0,1002.9500122070312,22195202,0.00039900695120764773,985.1450012207031,971.1975006103515,0.006748945389655808,0.11274170554006406
2025-10-21,1006.0,1010.0,1004.0,1007.7000122070312,3471600,0.004736028657646996,987.6650024414063,973.3725006103516,0.006685834941036563,-2.5749562234756285
2025-10-23,1016.0,1020.5,1006.0,1008.7999877929688,43526526,0.0010915704799172588,990.675,975.9524993896484,0.0063123067972299905,2.502052338271946
2025-10-24,1011.0,1011.9500122070312,991.2999877929688,994.75,17707768,-0.013927426608823623,992.4400024414062,978.1375,0.007058635494768149,-0.5590891224624639
2025-10-27,996.5,1009.0499877929688,996.2000122070312,1002.9500122070312,15700796,0.008243289476784321,994.6450012207031,980.7925018310547,0.007127805848499035,-0.7176470362908425
2025-10-28,997.6500244140624,1008.0,995.0,1003.5499877929688,33904289,0.0005982108566080502,997.3,983.7175018310547,0.006910988164338697,1.3305516609295394
2025-10-29,1004.9000244140624,1012.5,1000.0,1007.8499755859376,17769445,0.004284776887323316,1000.3699951171875,986.5950012207031,0.0068923707906772685,-0.49283836027786954
2025-10-30,1000.0,1009.5,997.0999755859376,998.1500244140624,19962917,-0.009624399867882993,1002.3599975585937,988.9525024414063,0.007436699075286616,-0.1795497723667815
2025-10-31,994.0,1004.4500122070312,981.1500244140624,987.2999877929688,23221330,-0.010870146126042424,1001.6549987792969,990.0550018310547,0.007389934830195297,0.23597931782719958
2025-11-03,985.0,994.5499877929688,983.2999877929688,992.6500244140624,16607180,0.005418856160479768,1000.6650024414063,991.4300018310547,0.007443376135791168,-0.5227870865894173
2025-11-04,987.0,997.0,983.7000122070312,985.25,20024544,-0.007454817138024539,998.8950012207031,992.0200012207031,0.007495214760758024,-0.1073163911317813
2025-11-05,985.25,985.25,985.25,985.25,0,0.0,996.65,992.1575012207031,0.007212326477614237,-2.1325576674264064
2025-11-06,981.0,991.0499877929688,974.0,984.6500244140624,22279516,-0.0006089577121924927,994.2350036621094,992.4550018310547,0.0071530063047160345,0.256589233226805
2025-11-07,980.0,984.9000244140624,974.75,982.2999877929688,15004568,-0.0023866719776827194,992.9900024414062,992.7150024414062,0.0071658251626121015,-0.5340663526015901
2025-11-10,982.2999877929688,990.9500122070312,980.2000122070312,984.5,15988262,0.0022396541121558755,991.1450012207031,992.8950012207031,0.007131630302259634,-0.4422227144468358
2025-11-11,983.5,993.5,978.0,991.7000122070312,10200530,0.007313369433246564,989.9600036621093,993.6300018310546,0.007229202537909684,-1.002408567643201
2025-11-12,998.7999877929688,999.0,987.7000122070312,989.5,13137263,-0.0022184251083501305,988.1250061035156,994.2475006103516,0.007259273402644559,-0.6320291511608711
2025-11-13,984.0,990.0999755859376,982.5999755859376,986.6500244140624,14124839,-0.00288021787361048,986.9750061035156,994.6675018310547,0.007300697296358652,-0.4784557103264064
2025-11-14,976.0499877929688,991.6500244140624,976.0499877929688,989.5999755859376,21386965,0.002989865807409453,987.2050048828125,994.4300018310547,0.006299161799087195,0.2987734484052845
2025-11-17,991.25,997.9500122070312,985.5999755859376,996.5499877929688,18396408,0.007023052120546103,987.5950012207031,994.1300018310546,0.0062180200047438966,0.01785132515608518
2025-11-18,997.6500244140624,999.0,990.0,992.4500122070312,20002640,-0.004114169521006739,988.3150024414062,993.6050018310547,0.006273662510195818,0.20326646754992242
2025-11-19,990.0,996.5499877929688,984.0,994.5999755859376,19813847,0.0021663190613754324,989.25,992.95,0.00618633219398734,0.10191551760744226
2025-11-20,995.2999877929688,1011.5999755859376,992.4500122070312,1008.8499755859376,19850865,0.014327368137732943,991.6699951171875,992.9524993896484,0.007031122704922078,0.3290318656990999
2025-11-21,1003.0999755859376,1008.2999877929688,996.5499877929688,998.0499877929688,17499897,-0.010705246621725117,993.2449951171875,993.1174987792969,0.006724815053142706,-0.038275226758620315
2025-11-24,1000.0,1011.4500122070312,993.5999755859376,999.1500244140624,32204053,0.0011021858970472476,994.7099975585937,992.9274993896485,0.006458877329370737,1.9153636950208033
2025-11-25,1004.0,1006.0999755859376,988.4000244140624,989.7999877929688,24989383,-0.009357990684709105,994.5199951171875,992.2399993896485,0.006772615766443727,1.0821212523142183
2025-11-26,981.2999877929688,1006.9500122070312,981.2999877929688,1003.9000244140624,19494356,0.014245339255391842,995.9599975585937,992.0425018310547,0.0074847593329810495,0.20228876270831517
2025-11-27,1002.0999755859376,1016.7999877929688,1001.0,1009.5,25536848,0.005578220390228594,998.2449951171875,992.6100006103516,0.007242068798484213,1.0758280127198296
2025-11-28,1007.0,1012.0499877929688,1004.2000122070312,1007.5999755859376,15988807,-0.0018821440456289196,1000.0449951171875,993.625,0.006756027201077661,-0.3300989378687991
2025-12-01,1017.5,1017.5,999.2999877929688,1002.0999755859376,16746566,-0.005458515416102205,1000.5999938964844,994.0974975585938,0.00682244681665477,-0.2142198121837026
2025-12-02,988.0,994.4000244140624,985.0,989.7999877929688,27316662,-0.012274212246913718,1000.3349914550781,994.3249969482422,0.007193090512149251,1.2998288569327172
2025-12-03,986.0,1002.2999877929688,986.0,1000.5,15448777,0.010810277166086735,1000.9249938964844,995.0874969482422,0.007569250432186021,-0.7238027720502778
2025-12-04,1000.0,1004.7000122070312,993.0,997.2000122070312,14528169,-0.0032983386236569157,999.7599975585938,995.7149963378906,0.007619236813304247,-0.8167515874726748
2025-12-05,992.0,1008.0,990.2000122070312,1003.2999877929688,12843366,0.006117103400788082,1000.2849975585938,996.7649963378906,0.007677266205844359,-1.0912614302170478
2025-12-08,1000.0,1006.5,997.5,1003.0999755859376,12901022,-0.00019935434014217712,1000.6799926757812,997.6949951171875,0.007677350638544491,-1.0284735967088496
2025-12-09,994.9000244140624,1002.7999877929688,994.0,997.0999755859376,15294322,-0.005981457627386777,1001.4099914550782,997.9649932861328,0.007674241866038742,-0.6802705526743577
2025-12-10,997.5,998.5,985.2999877929688,989.7999877929688,15322830,-0.007321219508283572,999.9999877929688,997.9799926757812,0.00784527714330078,-0.7095967770431562
2025-12-11,990.0,1002.7000122070312,988.5,1000.2999877929688,11844809,0.010608203808339711,999.0799865722656,998.6624908447266,0.008154315332106778,-1.3264458350422796
2025-12-12,1003.0,1004.7000122070312,998.2000122070312,1001.5,11988618,0.0011996523259776293,998.4699890136719,999.2574920654297,0.0081378822418677,-1.1710267493225628
2025-12-15,992.0,1001.7999877929688,992.0,996.0999755859376,9790060,-0.005391936509298478,997.8699890136719,999.2349914550781,0.008097903871394859,-1.4093651349300604
2025-12-16,990.0999755859376,998.7000122070312,990.0999755859376,994.2999877929688,20049088,-0.0018070352746570872,998.3199890136718,999.327490234375,0.00805238930406612,0.35769991330322237
2025-12-17,996.0,996.0,980.7999877929688,984.0,19080922,-0.010359034415590718,996.6699890136719,998.7974914550781,0.008366140190745728,0.19757111924271656
2025-12-18,973.2999877929688,987.4000244140624,973.2999877929688,979.7000122070312,14912404,-0.004369906293667403,994.9199890136719,997.3399932861328,0.007634442930080575,-0.47754389852247403
2025-12-19,987.0,988.0,978.7000122070312,985.5,25952384,0.0059201671130970634,993.139990234375,996.7124938964844,0.007475665592222323,1.285336851874561
2025-12-22,988.0,992.9000244140624,983.9000244140624,987.7000122070312,13540411,0.0022323817422944536,991.5999938964844,996.1399932861328,0.007493508029297188,-0.7008985008551973
2025-12-23,990.5,998.9000244140624,987.7000122070312,996.5999755859376,17927849,0.009010796060454851,991.5499938964846,996.4799926757812,0.007482749838062124,0.22679088318345073
2025-12-24,993.0,999.4000244140624,993.0,997.2000122070312,13699996,0.0006020837204423479,992.2899963378908,996.1449920654297,0.00673573577170079,-0.5827278426504205
2025-12-25,997.2000122070312,997.2000122070312,997.2000122070312,997.2000122070312,0,0.0,991.979998779297,995.5299926757813,0.00659292233906714,-2.693581557672992
2025-12-26,996.0,997.2000122070312,987.7000122070312,992.0999755859376,9360853,-0.00511435675758376,991.0399963378908,994.7549926757813,0.006665425121507361,-0.957793146367165
2025-12-29,993.0999755859376,997.4000244140624,987.2000122070312,991.7000122070312,13545749,-0.0004031482600028724,990.6,994.234994506836,0.006572831102146571,-0.21051441665599924
2025-12-30,990.2000122070312,995.0,982.2000122070312,990.9000244140624,33155849,-0.0008066832541309132,990.2600036621094,994.2899963378907,0.005963701635239741,2.756617443634935
2025-12-31,991.0,997.5999755859376,987.5999755859376,991.2000122070312,10963454,0.00030274274455321937,990.9800048828125,993.8249969482422,0.005404578219082002,-0.584219355523356
2026-01-01,993.5,997.5499877929688,989.5,991.1500244140624,7132074,-5.0431590348343214e-05,992.1250061035156,993.5224975585937,0.005363219275059647,-1.0708932701998992
2026-01-02,991.1500244140624,1003.2000122070312,988.7999877929688,1001.5999755859376,11751459,0.010543258754448281,993.7350036621094,993.4374969482421,0.005720932652767913,-0.3873232174331024
2026-01-05,1005.75,1006.4000244140624,976.2999877929688,977.5,27647379,-0.024061477808881793,992.7150024414062,992.1574981689453,0.00784384336810544,1.6752800983606388
2026-01-06,962.7000122070312,966.7000122070312,956.0,962.2000122070312,31988783,-0.015652161425032007,989.2750061035156,990.4125,0.008426499177911882,1.915007775928313
2026-01-07,956.0,956.4500122070312,946.0,949.0499877929688,52884712,-0.013666622580787324,984.4600036621093,988.375,0.008760311353560661,2.983644961978262
2026-01-08,944.7000122070312,953.0,941.4000244140624,946.7000122070312,21928849,-0.002476134678008224,979.4100036621094,985.6950012207031,0.008237158215856492,0.30504057045493
2026-01-09,945.0,950.5999755859376,933.2999877929688,939.0,38183839,-0.008133529214899182,974.1000061035156,982.5700012207031,0.008267885302791954,1.4952878926487623
