Date,Open,High,Low,Close,Volume
2010-01-04,180.95561892875548,182.05712569583667,179.89963149578602,180.62789916992188,4371510
2010-01-05,181.7021252443078,185.7075772363211,181.28336675242195,184.39669799804688,7629380
2010-01-06,185.70759024375295,187.2915717493725,180.70986627041734,181.3015899658203,5953585
2010-01-07,181.4198921114219,183.1586279736626,180.08171807559432,182.5851287841797,4964525
2010-01-08,182.61244510005662,185.68935512436255,181.40170293172827,184.97019958496094,7931425
2010-01-11,185.52551740962264,191.715772883976,184.81546012335667,191.06033325195312,10096505
2010-01-12,190.80544837629805,195.7212319003649,187.7103135840067,191.04212951660156,14351905
2010-01-13,189.62200317853822,190.96019123451902,186.90010772572,189.4035186767578,10503700
2010-01-14,190.22282395688302,196.44948636807803,189.69483016544683,194.100830078125,10746410
2010-01-15,196.63153549176255,199.07121639428823,193.9369490787365,196.23098754882812,16362695
2010-01-18,194.81087201641526,202.63972570039832,193.11765547037015,201.66566467285156,10033600
2010-01-19,214.41939764517983,214.41939764517983,199.0165959174259,201.31973266601562,8069485
2010-01-20,201.54733533843182,203.7048298694653,196.66795923088858,197.31430053710938,6584845
2010-01-21,197.54184610571258,198.6342406332563,191.16952848939928,193.2177734375,7313095
2010-01-22,190.25921105264936,192.60786709518933,186.61788643920153,187.82862854003906,7275735
2010-01-25,186.79999275824036,187.4645307633371,183.0039126444705,185.47091674804688,5243060
2010-01-27,182.63063775826868,183.8231693872721,175.72122740282435,177.1049346923828,12127575
2010-01-28,178.06076824856967,187.52820610748475,178.06076824856967,185.4890594482422,14347760
2010-01-29,183.8777932557044,190.25920959115388,179.9178472127782,186.74533081054688,15392485
2010-02-01,186.79996402032614,195.1750084865901,182.97657566513524,193.45448303222656,10680450
2010-02-02,193.93696655656706,196.99568016216034,187.57375990506293,188.85733032226562,8883385
2010-02-03,190.35935282714075,196.08532981408754,186.44492599103452,194.99293518066406,13260715
2010-02-04,192.9720120434144,194.61970936257293,190.25922884210178,190.88735961914062,6585835
2010-02-05,188.2018662009579,188.98475154245742,181.17410863974393,186.74533081054688,12212410
2010-02-08,186.6179009309622,189.6584038855683,182.24830827739513,186.1991424560547,7426465
2010-02-09,186.61791129509584,192.4440258963801,184.4695289313936,189.0849151611328,9225825
2010-02-10,190.07715993895246,190.3502620807997,185.7257778546563,186.55416870117188,8286355
2010-02-11,187.5282284275583,190.24101153196165,187.2369157741865,188.11083984375,4078795
2010-02-15,188.07442418984368,190.1681747562862,183.88689527585615,187.31884765625,4549330
2010-02-16,187.8923256660528,189.65837014906018,185.4071257558098,186.82723999023438,6636255
2010-02-17,188.25646668645714,195.51180637289224,187.89232592677268,194.31927490234375,11366410
2010-02-18,194.2646518721537,203.24051710558155,194.00066196406036,199.99974060058594,24856930
2010-02-19,195.17497923029984,200.68248507724587,194.99291579125824,199.27146911621094,13856280
2010-02-22,200.91010299865926,203.00386764032467,196.8591317364135,201.6292724609375,8715490
2010-02-23,200.27285323717254,205.6984330094402,198.21550983633452,199.93603515625,11249705
2010-02-24,199.36254272701686,202.26650162210427,193.9096535668982,199.14405822753906,8601590
2010-02-25,199.5628400964656,200.80998960372693,196.91377252841554,199.59014892578125,7738815
2010-02-26,201.00114024657347,207.00931808657114,197.54187876203113,204.73348999023438,8116780
2010-03-02,205.91693653867608,213.92785472787304,205.73487305744385,210.28652954101562,14963530
2010-03-03,211.9250765320231,213.91870380400022,207.70114090973206,209.17587280273438,11365680
2010-03-04,209.37617584262927,209.82224313089264,202.54869184776092,204.214599609375,11118615
2010-03-05,204.82451770104598,207.46447259519437,200.34568991418263,200.88278198242188,13164750
2010-03-08,208.32928646028432,208.32928646028432,201.56551888274217,205.60739135742188,15896925
2010-03-09,190.25923142066816,206.35388126764033,190.25923142066816,203.48634338378906,4524955
2010-03-10,203.48634363071403,206.645194186125,203.36799612298748,206.00796508789062,6196885
2010-03-11,205.2614544537947,210.26827555050977,205.2614544537947,209.6219482421875,9045940
2010-03-12,209.5582400929413,211.48815168832814,207.8377146753823,209.56735229492188,9742385
2010-03-15,205.47999197493226,210.15909452510203,205.47999197493226,208.047119140625,4507825
2010-03-16,207.3734628801881,209.1759148775854,206.19002946936158,208.44764709472656,6725940
2010-03-17,210.28653269771863,210.73260004040395,207.38257359511874,209.2305450439453,12125165
2010-03-18,208.5204944722161,213.38166049301788,208.30202384061846,211.8887176513672,7689270
2010-03-19,213.38163937426077,213.38163937426077,209.65838789670636,210.4685821533203,6133220
2010-03-22,200.2728694674829,209.8040385029296,200.2728694674829,208.73895263671875,5492690
2010-03-23,210.01340269090392,213.3634286921701,209.74030055587681,211.55186462402344,6263015
2010-03-25,209.7585201690377,212.14358354460637,208.7935712885573,210.25010681152344,7565780
2010-03-26,210.30471648767343,218.10624760311828,209.64927691624928,217.2505340576172,9027285
2010-03-29,217.93330143689116,221.2104995794749,215.74851193553727,218.288330078125,6028530
2010-03-30,218.2883355766884,220.66430081727268,212.953793621113,213.58192443847656,5330135
2010-03-31,213.38163146862283,215.69388053591175,211.54277241354816,212.69888305664062,3538230
2010-04-01,212.65336547048366,215.60282955194447,212.65336547048366,213.66383361816406,3816315
2010-04-05,214.32839117837096,215.38437875942273,210.83272252097805,214.3101806640625,4195040
2010-04-06,214.83814381520517,215.54820097589274,212.28921390708416,213.84588623046875,4302480
2010-04-07,215.20230285492593,217.2323515522188,209.06667909390188,211.979736328125,18454375
2010-04-08,210.64154019355507,212.1982126897754,209.37618035485866,210.60513305664062,6740765
2010-04-09,211.1968677095429,218.45220949167106,210.7417020463758,215.46632385253906,12797095
2010-04-12,215.0748399286709,216.36750853946307,212.13447410194328,214.2737579345703,7172525
2010-04-13,214.83815211269834,214.83815211269834,209.93146775354307,210.75987243652344,4825870
2010-04-15,212.1071685080285,213.55459177484445,207.91963945336607,209.06666564941406,7152780
2010-04-16,208.6752231110496,211.14222684611417,205.98974877163096,209.08486938476562,5622710
2010-04-19,207.55553291679325,211.9251258615732,205.4071505292254,211.0694122314453,6129665
2010-04-20,211.1968421118936,217.56916062389038,211.1968421118936,216.1126251220703,8998350
2010-04-21,217.56915278020037,227.94692271224037,217.56915278020037,225.28875732421875,26047175
2010-04-22,222.33927011605726,226.1262368884249,222.3210596049283,223.0220184326172,13803410
2010-04-23,222.94010152815918,225.76213375633398,222.41212166483373,225.01565551757812,5720055
2010-04-26,225.76213305375583,234.3192406052179,225.38889393553944,232.97195434570312,16826845
2010-04-27,231.7703443370814,233.95513380471763,228.8936942219367,232.4166717529297,7134950
2010-04-28,230.31381546368297,231.2150484378356,226.90007313961652,228.3292999267578,6100705
2010-04-29,229.19406837986196,233.93689959396235,229.19406837986196,231.9705810546875,13210430
2010-04-30,234.13719199949833,234.13719199949833,229.96785961290982,231.22412109375,5560430
2010-05-03,230.8600190197871,233.58190066712046,227.94694780054888,229.49452209472656,2338320
2010-05-04,229.785818284063,235.02932141640648,226.53594286225382,227.48268127441406,8337075
2010-05-05,221.501785531552,227.87410368069146,221.4653645062768,225.99880981445312,6726505
2010-05-06,222.84907908621656,228.09258176345574,222.12081135285098,224.66062927246094,4212245
2010-05-07,219.4262384293591,222.12082504170817,215.23872301290433,216.8682098388672,9055115
2010-05-10,218.84363249228298,229.2032068249137,218.84363249228298,227.48268127441406,7993775
2010-05-11,227.40076241585936,232.84453972199574,226.53595045555585,229.28514099121094,9079200
2010-05-12,224.1781771239651,236.3220070162101,224.1781771239651,234.84727478027344,9068370
2010-05-13,235.77579201323874,240.32744822971054,235.41166507214197,238.7889862060547,9973175
2010-05-14,238.14267633837463,239.01658661758086,233.044815444309,235.912353515625,18998125
2010-05-17,231.2241152453217,232.51678382903967,224.03250461871525,229.8040008544922,16886290
2010-05-18,229.80401919139993,231.1695160439327,226.90915864094333,228.4385223388672,16597995
2010-05-19,226.3083818851612,226.49044537923777,217.26878424796854,219.39895629882812,11986965
2010-05-20,221.7803927287471,225.82614633908412,217.41282689628315,222.1389923095703,11543770
2010-05-21,217.13697486545536,224.90665572776027,215.70257656172717,223.5550079345703,8823435
2010-05-24,223.55501405070117,228.0329139601527,218.89320540577813,220.3735809326172,5085955
2010-05-25,218.43347984125478,218.65416192406173,212.40164321387672,214.038330078125,7723085
2010-05-26,215.16010596344432,219.2058459335558,211.49134525958146,212.7510528564453,14306915
2010-05-27,212.76941326750068,224.72275140680446,210.95802167320025,223.5825958251953,13507560
2010-05-28,225.2744352934467,227.66510838213645,221.74360669529477,225.33880615234375,7747100
2010-05-31,223.58258201902498,227.6651087301194,222.53436683890064,226.62608337402344,4662770
2010-06-01,227.11343225398414,227.66513041407634,216.44737071415986,217.3116912841797,8930410
2010-06-02,219.757538199534,221.95511302031863,214.88425107357452,220.8885040283203,6537050
2010-06-03,222.69988569780725,229.5041021049375,222.69988569780725,228.4558868408203,7414595
2010-06-04,228.0329181624372,231.34307903819226,228.0329181624372,229.03515625,7272295
2010-06-07,224.0975023726861,225.27444529096863,219.9414148004761,223.39869689941406,7122970
2010-06-08,223.32515637293338,228.51106595920916,223.32515637293338,225.49514770507812,8407510
2010-06-09,225.25605097190297,230.58908144724427,225.25605097190297,227.96853637695312,7812710
2010-06-10,227.96854801548508,229.8718940326032,224.40094576068063,229.5041046142578,6817990
2010-06-11,230.2396580527345,231.73842712618017,227.71106749730993,229.09950256347656,7028035
2010-06-14,230.05580347278323,232.07867346374582,228.07891066962458,231.06724548339844,3069890
2010-06-15,228.78690435531502,231.0672296049592,226.23071599780388,228.99838256835938,3309380
2010-06-16,229.87187729863174,229.87187729863174,223.4538584129284,224.4652862548828,6787285
2010-06-17,224.35495811431008,224.9066562463698,219.1966324915368,223.4354705810547,11126405
2010-06-18,223.43549339133227,225.7801896465541,221.100000991753,222.79185485839844,12770945
2010-06-21,224.3549581062269,230.2580663858817,224.3549581062269,229.3753662109375,7028360
2010-06-22,228.05131458019974,231.32468813537372,226.42381762755937,227.23297119140625,4845490
2010-06-23,225.32961422756577,231.06722152602484,225.32961422756577,229.7615509033203,5381525
2010-06-24,228.08809202818895,233.27400153591276,228.08809202818895,232.29934692382812,9207320
2010-06-25,231.89477665064024,234.95667213122238,227.55479393013954,229.70640563964844,6537805
2010-06-28,230.05579319108838,232.86942298362075,228.40071271599075,232.06947326660156,3983065
2010-06-29,230.8097535866844,231.54534638447748,226.9295152578348,228.15243530273438,5399395
2010-06-30,225.27446077945223,229.12711604742114,224.74115629070963,228.47427368164062,7153910
2010-07-01,228.40070059778714,228.40070059778714,223.44466329075576,226.8651580810547,5839670
2010-07-02,227.11341336591963,229.5040864871409,226.5801089302544,227.5179901123047,2428120
2010-07-05,227.3157152181867,228.9524019490558,225.35720222990102,227.2881317138672,2097975
2010-07-06,228.03291943985283,231.50858136373245,227.29732657109022,230.478759765625,4386780
2010-07-07,232.07868249592988,232.07868249592988,226.12040631766936,227.49044799804688,4321410
2010-07-08,231.71085863396382,231.77522949589,227.81222643779807,228.3179473876953,4591380
2010-07-09,229.78912528152694,234.9934279166661,229.67877724056717,234.11990356445312,5484015
2010-07-12,234.8830875114558,238.11048370156388,232.73149005138376,236.9151611328125,4312175
2010-07-13,236.95195354113073,239.7839628566463,234.129120019979,239.0115966796875,3804700
2010-07-14,240.53795898774158,243.83891606626693,239.82075979046493,241.72410583496094,8475475
2010-07-15,248.2616664817185,249.27310851282533,241.93558693501703,248.31683349609375,15944265
2010-07-16,250.10062222446086,251.73730899747898,245.9445484569349,249.57650756835938,11515560
2010-07-19,249.18108716403725,251.38785132755396,247.0386938535031,250.24769592285156,7309745
2010-07-20,251.06606586490986,255.43363175457597,249.8247801131156,251.7465057373047,8051265
2010-07-21,252.1234762555726,252.85905500956994,245.83415724861294,247.7375030517578,5821275
2010-07-22,246.46864423213037,251.5350299754056,245.50319345959323,249.51214599609375,7460620
2010-07-23,251.02011844979174,256.53704413000696,251.02011844979174,255.6083526611328,12190455
2010-07-26,255.6175630266627,256.8588769484317,252.85910011630304,254.85440063476562,5565950
2010-07-27,255.0657829401343,256.7116731384968,251.57174226636914,252.7578887939453,8134080
2010-07-28,254.51416519110788,254.51416519110788,246.60659400813546,248.25245666503906,7000240
2010-07-29,248.26165058176926,252.85908855550574,246.89162304496685,251.1304473876953,7545020
2010-07-30,250.10061521274395,251.3878921789382,245.87096684336294,247.05711364746094,4661185
2010-08-02,248.27999827119774,250.41321595093416,246.45022717256506,248.3995361328125,4723770
2010-08-03,248.39958764159522,252.23386355983212,247.39734945177455,249.3650665283203,4953580
2010-08-04,250.1005638325439,250.7166327150871,243.68253190887472,244.84109497070312,5902855
2010-08-05,245.4112449746133,247.16746973048998,241.28275445928873,242.11949157714844,6734645
2010-08-06,242.33092079145217,244.7307977717008,240.12415639089454,241.69647216796875,3310475
2010-08-09,241.6964907257129,243.0757220895269,237.96337341249898,240.86895751953125,7863250
2010-08-10,240.90574867105724,241.82523626140477,236.95196325677654,238.12890625,6740840
2010-08-11,238.12889529997386,239.34259753741608,234.77275733137233,237.06228637695312,6623320
2010-08-12,235.388844892481,242.71716278753166,234.44177370928037,241.9355926513672,5976525
2010-08-13,242.74472766475057,245.68709922429483,242.74472766475057,244.25270080566406,4534835
2010-08-16,244.6756939243506,247.65482523107983,243.40679634984326,245.79747009277344,4977590
2010-08-17,245.87099348056378,247.07552006448452,243.35160628374274,244.7216339111328,4577160
2010-08-18,244.72161975425342,249.91671909544323,242.74472702130052,248.85931396484375,6307095
2010-08-19,249.7328155514081,251.20400119261203,246.7904442690002,250.75343322753906,4684215
2010-08-20,249.73287276542595,252.8591254313789,248.73063450825347,251.387939453125,4624730
2010-08-23,251.38786275301348,254.82676489081453,250.17413258673076,254.00840759277344,3651835
2010-08-24,252.85906028364457,254.69803526752563,249.71440071457417,252.33494567871094,5415270
2010-08-25,250.8361796611456,253.9624596206055,249.71440378476487,250.41322326660156,6578005
2010-08-26,250.65233391056805,252.85909861363447,248.26166045702294,251.5350341796875,7188305
2010-08-27,251.3878722899901,254.3762066103332,242.48724018731093,244.02279663085938,4726265
2010-08-30,244.951491943571,248.07774418315063,241.2735415298221,243.47113037109375,3479155
2010-08-31,234.80955120796085,246.4226844459775,211.48215456184636,244.7032470703125,4318510
2010-09-01,244.70324114064007,249.91672015417043,244.70324114064007,249.01564025878906,4534980
2010-09-02,249.93512859817952,256.6841642805776,249.93512859817952,255.25894165039062,7979275
2010-09-03,257.4565240905611,257.4565240905611,251.1120653590077,253.71420288085938,3513110
2010-09-06,254.51411298921613,258.4679258302947,254.3670196916076,256.4726257324219,5057435
2010-09-07,256.7209605862168,258.6334825328223,253.22689071416602,256.9967956542969,4221330
2010-09-08,255.6175106272978,256.114041706328,252.50963856236024,254.00840759277344,5155280
2010-09-09,254.69798842615228,255.96688542135306,251.44299544635808,253.6681671142578,3865715
2010-09-13,254.88199742176135,263.49759253767064,254.88199742176135,262.274658203125,6447070
2010-09-14,263.0654265740861,264.26074931439626,258.4863679004975,262.2930603027344,6029480
2010-09-15,262.7895364014774,271.24883327354377,262.2378663076531,270.329345703125,8460645
2010-09-16,270.32931978252526,280.07589270651846,268.88571770085986,273.0509948730469,10070090
2010-09-17,273.09698387797715,278.2369154950009,272.3522012682091,277.04156494140625,6433195
2010-09-20,276.7657765730901,288.16741757063846,273.67631160598245,284.4618835449219,7145005
2010-09-21,285.133116472308,291.027035481668,280.47130750604396,281.5011291503906,10457885
2010-09-22,282.46654652650767,285.4088894329224,278.60468813995993,281.3079833984375,7649460
2010-09-23,281.7309245490187,283.1469429557319,273.9520692559563,274.9726867675781,8305375
2010-09-24,275.14744407011904,278.22773295891255,271.32237251449163,277.10595703125,8634710
2010-09-27,279.5149879813251,280.77468132984586,274.5957524484355,277.1611022949219,4490365
2010-09-28,276.58181661512583,279.50580806256875,274.4486270349213,276.8208923339844,6985740
2010-09-29,266.68814977096685,279.95634703526486,266.68814977096685,277.7587585449219,6439615
2010-09-30,277.7680045842668,283.7446739598997,273.53835602940427,282.5769348144531,10918285
2010-10-01,282.83440353547405,291.2936729829463,282.83440353547405,289.61102294921875,5313840
2010-10-04,290.92586012893815,293.53720144784535,288.92138397056016,290.0247802734375,3687630
2010-10-05,290.02478622538575,292.4705985066812,288.73748115876595,289.6937561035156,4334955
2010-10-06,292.3970908627767,293.9969904937858,285.48255340706066,287.2939453125,6782255
2010-10-07,287.29389226674044,291.10975993460346,287.0640203824049,288.4800109863281,4859325
2010-10-08,289.08689634511074,291.2384939656961,286.1629325064076,288.7834777832031,5830295
2010-10-11,289.8592600215028,295.24747191137277,282.8619729033983,285.1974792480469,10020915
2010-10-12,287.95592687131614,287.9651026656055,280.46208092965554,283.7906494140625,4249265
2010-10-13,285.22505536545316,293.2521638907639,284.498652328389,292.16717529296875,5136290
2010-10-14,293.31656547966054,295.7991934022924,286.3744448249679,287.59735107421875,9509550
2010-10-15,287.79967543137406,289.6386509932359,275.12913493256775,276.22332763671875,12532945
2010-10-18,262.42175907584743,275.66237508779983,262.42175907584743,272.5269470214844,11204405
2010-10-19,273.8233737184957,275.3497263772468,268.867350550264,270.0534973144531,8202805
2010-10-20,269.4098230443989,271.6165873138852,266.8352694067532,267.6076354980469,5254270
2010-10-21,270.329303559837,278.2828641919236,268.49032870568846,277.0047912597656,9674255
2010-10-22,278.3932128849919,278.3932128849919,268.6742515939253,269.2259216308594,4631140
2010-10-25,269.77765786728867,274.0073064650985,268.490380831573,269.3271179199219,4696400
2010-10-26,270.32936716327345,270.3753303212297,267.6168673909922,268.3984375,4419695
2010-10-27,268.58234119537497,268.986917995701,264.4538226730302,266.1089172363281,3512190
2010-10-28,267.66284633022053,270.55002280660534,264.8124291543,265.69512939453125,9676480
2010-10-29,266.4306975091021,272.7199884182857,263.1665001638089,270.52239990234375,6046415
2010-11-01,273.8050190070626,280.32418278573846,272.554529328238,278.3472900390625,5140055
2010-11-02,280.25979407180387,282.7424216815133,278.2461140920587,280.7379455566406,5065500
2010-11-03,281.0230034153818,283.8642167699067,280.99541990943635,282.4849853515625,2664580
2010-11-04,285.169885326451,286.05258552709853,282.85275871651777,284.0113220214844,2665910
2010-11-08,286.6962069418566,291.29364469307643,282.94471008349575,286.1261291503906,6482605
2010-11-09,285.9605957364268,288.1213968468627,283.38604211156485,287.30303955078125,3860055
2010-11-10,288.16734368287973,288.16734368287973,282.52170567489304,283.8273620605469,3503475
2010-11-11,284.30555848140483,286.84332500965337,279.0644682812344,279.965576171875,3167795
2010-11-12,280.99538217847163,280.99538217847163,272.4349559029186,274.37506103515625,4544795
2010-11-15,275.89221327602615,282.2826626281397,273.09699147834004,279.8368225097656,3234555
2010-11-16,282.05279518926704,282.0895825468112,265.73189180015703,270.1730041503906,7237705
2010-11-18,275.66234945373947,275.66234945373947,255.4336238536229,262.23785400390625,25503185
2010-11-19,263.18489892101144,263.18489892101144,251.94876133011778,254.64285278320312,13416300
2010-11-22,257.4565114904891,267.35020641142273,251.93958624426435,263.0837707519531,13820860
2010-11-23,261.3183383534633,262.4217064311326,253.83369721786408,261.4470520019531,7074135
2010-11-24,262.6056562345294,263.1481505348677,251.93959478481725,254.66127014160156,4932325
2010-11-25,254.73484830436652,256.66577784420787,245.70547348871776,246.95596313476562,11465340
2010-11-26,246.6065894833798,251.43389946048876,238.51508163780943,244.74920654296875,7351030
2010-11-29,248.0685954557837,248.07777125165563,242.92866255900037,244.41822814941406,5470435
2010-11-30,244.3998080057114,255.58078128206495,241.86204115356315,251.36033630371094,6530490
2010-12-01,251.94879085791382,262.7711491467298,251.9395870031052,261.95281982421875,5507435
2010-12-02,264.9963290683412,268.6742793507025,261.7137517068057,267.63525390625,6647870
2010-12-03,267.635248025006,267.635248025006,255.4060467685694,258.5874938964844,8015840
2010-12-06,261.9988391287189,261.9988391287189,253.04303751200464,254.22915649414062,4688830
2010-12-07,254.69808742681514,254.70729128298942,240.44602838307637,243.57228088378906,12159570
2010-12-08,242.56080343783083,242.56080343783083,228.6397765813044,230.14773559570312,21467880
2010-12-09,232.15221198826475,238.88285353802098,226.13876960290222,229.09031677246094,15667605
2010-12-10,230.42361048860218,244.58371467337452,229.50412283945414,243.39756774902344,10515220
2010-12-13,246.42267024008746,249.1811329666556,237.79787229199897,242.8642578125,8870460
2010-12-14,245.28247536431797,245.48476372097477,236.34505643839665,239.68280029296875,12568445
2010-12-15,239.06674556332698,242.92860421587008,235.3979994857828,238.62538146972656,9978370
2010-12-16,239.92184292068632,242.68950900143213,236.32664378386056,240.78616333007812,9694435
2010-12-20,240.90574692909206,240.90574692909206,232.97056459208574,233.71534729003906,7356300
2010-12-21,235.5543184719346,243.46191717005735,235.38881744419723,242.44129943847656,9313990
2010-12-22,244.21592531177322,244.49176038240023,239.83915512091667,241.2091827392578,5855595
2010-12-23,243.25964375033186,243.25964375033186,240.84138680764002,241.6597442626953,2830535
2010-12-24,239.0667484316169,243.6273985447482,239.0667484316169,243.11248779296875,2594170
2010-12-27,244.47337768562895,244.58371171250525,240.92414081140492,242.11949157714844,2077245
2010-12-28,243.0941208253739,243.0941208253739,236.59333716939463,237.02549743652344,3570910
2010-12-29,237.32893769561153,241.82524565614594,237.32893769561153,241.3471221923828,3942910
2010-12-30,242.74470667158437,246.18358103672813,240.0046237444847,245.28250122070312,7050460
2010-12-31,245.8250282499531,249.73285075307953,244.93312410917105,248.28004455566406,4513055
2011-01-03,251.0200885169314,252.3073654100401,246.8456073930709,251.50741577148438,5266100
2011-01-04,252.47290850111852,253.1533484484328,247.06634464905122,247.88467407226562,6919075
2011-01-05,248.44556724872973,248.44556724872973,239.61848044552218,241.07125854492188,8749390
2011-01-06,242.07344878746855,243.1308817943406,239.066734953498,240.14254760742188,3967170
2011-01-07,239.13114517969387,239.13114517969387,232.42807276602773,235.50836181640625,12047915
2011-01-10,236.30828969053275,239.98623972462664,229.19145132366532,230.71780395507812,8070285
2011-01-11,231.72926698132866,243.7561663743938,231.71087330100454,239.1035614013672,12543110
2011-01-12,240.1609379738991,243.26881015669719,237.22777065774574,241.52178955078125,12960200
2011-01-13,240.6298909891252,244.14231192793562,231.91313935056888,232.7130889892578,5724240
2011-01-14,233.51306193113524,234.83711220387517,219.7575221535616,220.97125244140625,13463850
2011-01-17,222.88378927475856,228.0329254618096,220.69541832098915,226.0100555419922,10319355
2011-01-18,226.22153504463995,238.68978476266898,226.22153504463995,235.06700134277344,14701270
2011-01-19,235.38881639543305,238.5150685010782,233.18205185383258,235.40719604492188,7958925
2011-01-20,234.28542600147964,245.21813219770078,230.7913705732026,236.32667541503906,12914185
2011-01-21,234.46933428620986,237.89903308167888,232.8142538263714,236.685302734375,10185635
2011-01-24,237.04385508773015,247.29616267726436,237.04385508773015,243.80209350585938,16310795
2011-01-25,244.2158959727913,247.15823926129914,237.9174007184758,238.55184936523438,13241745
2011-01-27,241.64132629591333,243.848118950004,236.67609894527786,238.87368774414062,14377695
2011-01-28,239.06677074536478,239.8759243052653,228.66736846278414,230.51553344726562,13023670
2011-01-31,226.57092617329403,232.22576888413334,225.94566735566886,228.43748474121094,9721405
2011-02-01,230.54311829434639,231.27871116851395,226.9295388192639,228.52024841308594,8100325
2011-02-02,230.79138125331824,231.15917067109723,223.6285792196104,225.2836456298828,8549595
2011-02-03,223.98717445670476,232.3361091261167,223.98717445670476,231.03964233398438,4917935
2011-02-04,229.01677051840554,233.2372150002121,222.9205635800628,224.83309936523438,9051770
2011-02-07,228.4742622794161,228.4742622794161,223.48145162216667,225.9272918701172,4912680
2011-02-08,225.29284524200176,226.92953197174793,217.3852466362769,218.96676635742188,6334730
2011-02-09,217.9185742179386,219.76673935344738,211.48216063344253,213.440673828125,8796985
2011-02-10,212.60390499237775,219.7207434311875,211.48212909821808,214.34173583984375,9417625
2011-02-11,214.2590099376927,226.13878834864082,213.90041032576977,224.6676025390625,7206395
2011-02-14,221.98269093493084,234.63483504496347,221.98269093493084,233.5590362548828,6552065
2011-02-15,234.91066429527172,236.91515435571864,229.9270436923344,234.4325408935547,6995755
2011-02-16,232.65791289992194,239.9862291421237,232.65791289992194,238.47825622558594,8241520
2011-02-17,248.05015006974565,248.05015006974565,237.6047848104455,242.28497314453125,7378890
2011-02-18,242.3769021709713,246.66171713901005,237.23697059224082,238.47825622558594,10497290
2011-02-21,237.22777257067762,241.4574206394704,235.02100820538223,240.3448486328125,5389735
2011-02-22,233.78889912754977,237.96336642615157,231.3430729105293,232.56597900390625,5128665
2011-02-23,231.70169490707235,235.20494056235262,230.1109711918377,230.79139709472656,4696050
2011-02-24,228.58462336621736,230.05579511059344,216.99907397413537,218.9024200439453,10047650
2011-02-25,221.7620059053204,228.76851074532823,219.52765783963775,226.6536865234375,8398290
2011-02-28,226.7456672193711,237.83468638159866,222.88380774393764,224.08834838867188,9199505
2011-03-01,227.11344520901508,238.8828756798429,226.82840628780613,237.00714111328125,7055055
2011-03-03,235.02103000601608,242.74472003126783,231.91315750986973,240.86895751953125,11345475
2011-03-04,243.55390363004514,246.60660949303224,241.48505632913225,244.27110290527344,8147410
2011-03-07,239.9862772548446,240.90576490716202,232.81427076071515,236.0140838623047,5579705
2011-03-08,236.49218548366346,242.37689960429645,235.958867043987,241.18154907226562,4933980
2011-03-09,242.1930175457841,244.5009402993625,237.59557974855764,239.24147033691406,6666290
2011-03-10,238.54264904629738,238.54264904629738,234.46932592263988,236.3175048828125,3470595
2011-03-11,234.6531903309519,238.51503474737316,231.398210988183,232.75904846191406,6341595
2011-03-14,232.81424610111065,238.49668648628958,232.81424610111065,237.2921600341797,4843775
2011-03-15,230.48791055552405,239.0299425387551,229.08109592126948,235.9312744140625,7451930
2011-03-16,237.2278039066249,243.66421719091318,237.2278039066249,242.48727416992188,7462555
2011-03-17,239.06677099986254,244.28027792945608,236.5473840079272,237.43008422851562,8448360
2011-03-18,238.69899829397167,239.06678773992587,231.9131749830526,233.40274047851562,7745895
2011-03-21,236.85998003110691,237.2277694103346,231.91313290798166,235.26925659179688,2942770
2011-03-22,236.85999668690988,239.98624872097693,235.02102160092537,238.31277465820312,3878430
2011-03-23,238.1472763222535,242.2849703124085,237.47604030650305,241.89877319335938,4621175
2011-03-24,242.41369807119221,245.3928285930773,240.45518520568197,242.64356994628906,6041580
2011-03-25,246.93755669313367,251.9211912077888,244.022797079978,251.01087951660156,9739995
2011-03-28,251.93957464548737,256.040481032768,251.02929100113838,254.56011962890625,7284900
2011-03-29,253.3372084692215,263.29527469533053,253.3372084692215,261.52984619140625,12467980
2011-03-30,262.4033376629192,263.36878827847113,259.9482937808855,262.3205871582031,5872165
2011-03-31,262.7895106496542,265.4652225846329,254.89111656101684,258.16448974609375,13092835
2011-04-01,259.350630933961,260.5827407641007,253.52108380007732,258.8816833496094,5346590
2011-04-04,259.49782059990633,265.16186821627196,258.7438339491008,263.35968017578125,5457340
2011-04-05,266.2836072152354,266.2836072152354,259.1299950072965,262.00799560546875,5036870
2011-04-06,261.13447435478105,265.12504710969915,260.2149867690248,262.7803649902344,8471455
2011-04-07,262.97343192258,268.12256767023354,260.5275917409313,265.86981201171875,6285310
2011-04-08,265.91581011764845,268.5731145400095,263.93888944093396,266.5962219238281,7826220
2011-04-11,264.297480889194,264.79401198044525,258.1828948196103,259.26788330078125,7885465
2011-04-13,256.5370505948254,265.89742800028006,256.41751271238945,264.49981689453125,5860385
2011-04-15,262.2470851384234,268.1042174334942,261.4287556579357,262.9551086425781,6912525
2011-04-18,262.9735000125711,266.65145106169797,254.58777611024817,255.580810546875,7108325
2011-04-19,254.51412553767395,260.54596121609,254.18312351094036,259.1759338378906,4305525
2011-04-20,261.5022533735865,267.16630004377544,260.2149764168465,266.2835998535156,3784850
2011-04-21,266.46743680599184,268.08574360638636,264.564119217492,266.2008056640625,4924225
2011-04-25,257.08873554526974,259.01966509464285,252.12350817583484,253.28204345703125,20508745
2011-04-26,255.21295136791935,255.21295136791935,246.17440147931254,249.4293670654297,14093040
2011-04-27,252.1602590784534,252.30738045508602,245.1353887225789,247.1306610107422,9635485
2011-04-28,249.1627453985746,249.1627453985746,243.49869874609337,245.26409912109375,10635175
2011-04-29,246.0549015295215,246.93760181936025,233.60503085223579,236.60256958007812,15491240
2011-05-02,238.68057270173577,238.6989804120029,231.7292629002383,234.73597717285156,9367700
2011-05-03,234.23028331234937,238.23924993000955,222.61715008574703,226.26751708984375,22116145
2011-05-04,226.10199415251552,229.6880041936203,223.43548573730482,227.22377014160156,14179185
2011-05-05,228.01453407585433,229.68800826408014,221.1643541730916,222.48841857910156,8260385
2011-05-06,222.88376737150534,232.61194693536254,222.88376737150534,231.3798370361328,11581670
2011-05-09,231.72925100232212,233.2831871712771,226.423804031168,227.619140625,5076885
2011-05-10,228.02372678644886,228.49266039471297,223.9871769286141,225.9548797607422,7412830
2011-05-11,225.2744547801287,228.90642787767334,225.09056007207587,225.8721160888672,8275310
2011-05-12,224.90668776305168,228.00535669466052,220.8609336316276,221.716064453125,6511545
2011-05-13,222.6079109262148,231.67405748658734,222.26769103881028,228.89720153808594,10011215
2011-05-16,228.32716306159168,228.32716306159168,224.02395388275576,225.16412353515625,3966445
2011-05-17,225.47670817469947,228.3087311360452,221.88150896462375,224.24459838867188,5716775
2011-05-18,224.90667302462245,226.56173948373862,221.08160123366218,223.9779815673828,6481770
2011-05-19,226.1939425878073,226.1939425878073,221.99187765154633,223.37110900878906,3538375
2011-05-20,225.09053855716323,226.46976978112838,222.1481814187574,224.52044677734375,6269095
2011-05-23,223.43548807637407,223.99637607678883,217.5507730148646,218.4702606201172,7595615
2011-05-24,219.75750961431265,223.43545956601662,218.19438369089158,221.11834716796875,6296630
2011-05-25,221.39422249395872,221.39422249395872,216.07958530546279,217.30250549316406,6637750
2011-05-26,219.66556649779614,222.88377287027274,217.82659142780952,222.22174072265625,6305810
2011-05-27,223.42627491007383,225.8261378702822,221.82636159317963,224.4652862548828,8170820
2011-05-30,225.09056038811525,229.50410353891493,225.09056038811525,228.99838256835938,5998095
2011-05-31,230.22131209830675,237.0438944451787,230.05579703289936,235.84857177734375,10911405
2011-06-01,235.80260826539953,237.5496291082672,232.6671381249923,235.06700134277344,3961410
2011-06-02,230.8097715025267,236.30830318911387,230.8097715025267,234.2394561767578,4338985
2011-06-03,233.91762904785625,236.86000045647162,225.09055691281011,228.53863525390625,7067540
2011-06-06,228.40070873315594,228.40070873315594,222.1757879327041,227.19618225097656,9434745
2011-06-07,225.64224104956955,230.40519389423847,225.22847445465405,228.88803100585938,5219080
2011-06-08,228.93455399030543,229.88310476669443,226.3771974129881,228.53468322753906,6911705
2011-06-09,228.7485522826625,232.8868170897738,228.5811684924292,231.8173828125,5245275
2011-06-10,230.9989993741574,231.74296036044203,227.83718291979213,229.7249755859375,4060225
2011-06-13,228.80432792306405,230.2550582676123,226.34926654057028,229.3809051513672,5555375
2011-06-14,229.6971067637531,235.1279985140543,229.6971067637531,234.35614013671875,5273515
2011-06-15,234.29104549846406,234.34684009477297,227.09324458719746,227.72561645507812,6280325
2011-06-16,226.897992184901,228.7671823469404,224.17323747170659,226.50741577148438,13606230
2011-06-17,231.50120688162883,231.50120688162883,225.69832751933956,227.38153076171875,6305405
2011-06-20,227.83721096607272,230.16208046572652,223.37345868876196,228.09759521484375,7130700
2011-06-21,228.95314534940053,234.3468454233093,228.09759507683086,230.97113037109375,6476290
2011-06-22,233.0449058604935,235.76035151819863,231.5569838226305,233.35177612304688,7148560
2011-06-23,231.99407052745784,232.85891513947328,229.29722767958776,231.43609619140625,4770705
2011-06-24,232.67293549390817,237.69466210132842,232.4776544032702,236.62521362304688,5449420
2011-06-27,235.64876763490378,244.0927095799049,232.48695078024343,242.9767608642578,8757805
2011-06-28,243.84159453812654,244.0369040014172,239.97300844564356,242.32577514648438,6884085
2011-06-29,244.01830171018545,244.7622769922646,239.29417928294245,240.5867919921875,6687300
2011-06-30,240.9866804546056,242.90237060405465,238.27122045979453,239.84283447265625,7557495
2011-07-01,244.39027071687838,244.57627162895434,240.48450698107487,243.48822021484375,4277470
2011-07-04,246.23160269599867,248.7982679697338,244.12063118940603,248.1472930908203,4394180
2011-07-05,249.1330253025106,249.1330253025106,245.51554289497378,246.98484802246094,3904440
2011-07-06,246.6686579533039,247.4777080116736,242.902380654081,243.67422485351562,2691170
2011-07-07,244.19502254708928,248.29609630740052,243.5719733291699,247.6823272705078,2870420
2011-07-08,248.12866143567712,248.8354024159651,242.30717953371703,242.89305114746094,4272440
2011-07-11,242.9023599885908,242.9023599885908,234.3561238347233,235.08148193359375,6432280
2011-07-12,233.30530143469815,236.62520759993282,231.59418675097828,235.53717041015625,7215995
2011-07-13,236.02073545061333,238.79197569803767,234.84899223555465,236.54150390625,4801380
2011-07-14,235.57435748452497,240.7076585567655,235.276767410257,237.9271240234375,4072410
2011-07-15,238.25263496641506,239.3406579872147,234.82111116370027,235.816162109375,2789800
2011-07-18,235.32328746908132,236.1137345644673,232.87752027833133,234.8118133544922,3974445
2011-07-19,235.77893595638233,237.69464015690613,234.9047970291954,236.77398681640625,3553920
2011-07-20,237.9178312324912,238.35490781436633,234.34683524386932,234.83970642089844,4681000
2011-07-21,234.21663920134506,234.70021600103928,229.13911827924673,230.55264282226562,12203725
2011-07-22,231.97543615663687,244.01825526686883,230.81300160565164,241.20982360839844,21087915
2011-07-25,240.80070363948954,249.2260290682058,240.54962793139444,248.71456909179688,12150640
2011-07-26,248.29605103168979,249.22599878836277,242.82795368169204,245.42251586914062,10951515
2011-07-27,245.8781581585031,246.40823514129846,240.62395950137963,241.87939453125,7148625
2011-07-28,238.99656773953018,243.26502443483318,238.99656773953018,242.0653839111328,6765025
2011-07-29,241.7864533896758,249.59801005400612,240.3729428019566,248.7610626220703,9254860
2011-08-01,250.8998694423372,254.34999572359536,250.4348956083968,251.6438446044922,6133050
2011-08-02,250.15592913276487,250.7045948654413,246.640727992409,249.7467498779297,4850430
2011-08-03,247.4963152069607,247.4963152069607,240.43798659924707,242.0003204345703,9169615
2011-08-04,242.45597796466072,244.16707841520505,238.25262436091612,239.1732635498047,7848375
2011-08-05,231.5569817881033,232.95190336514005,223.18745232588267,231.00831604003906,15628460
2011-08-08,224.1546202468087,235.42559767331986,223.2897755700807,229.7808074951172,8300890
2011-08-09,221.42059769849882,230.31089723297146,219.63508526733466,224.15463256835938,18090930
2011-08-10,230.99899878603406,233.17508714860452,227.89297693031986,232.50552368164062,9516980
2011-08-11,230.06908267109628,232.951926559965,224.34061494199244,225.20545959472656,9349310
2011-08-12,228.674175469372,228.90666243678285,221.9227590441168,224.90789794921875,7980730
2011-08-16,228.19986387465752,228.90661901315875,224.42427851051485,225.50302124023438,7184500
2011-08-17,224.53588689464559,228.1440887937105,217.0777017839542,217.57058715820312,10824105
2011-08-18,218.1099183849496,218.53770055298136,204.77447231847813,206.1322021484375,1961760
2011-08-19,204.24444119991622,204.58851734742157,193.61513039717528,198.93443298339844,15966050
2011-08-22,199.9666527325885,200.49672973256128,190.8624709960122,195.4936065673828,12491505
2011-08-23,196.7769430284524,205.12786957242068,195.4750077078467,201.5289764404297,12693050
2011-08-24,200.59903301787224,207.2667566035388,192.68516867767295,195.2332305908203,12395595
2011-08-25,196.2189912746826,197.83710560018525,186.95670468471064,189.5698699951172,19345960
2011-08-26,190.8159857354236,191.91331729598087,184.46444074560563,186.04534912109375,10980215
2011-08-29,189.5233452915465,195.65169726757114,188.87238473542206,193.3268280029297,11080275
2011-08-30,197.14893964752517,200.86873096162944,196.20969744906984,199.5203094482422,9426925
2011-09-02,205.33248542273873,206.39262539022798,194.935661217473,200.94313049316406,11090720
2011-09-05,199.6783902824389,209.19175218565348,196.7769577230719,207.27606201171875,13737055
2011-09-06,206.26240575376937,213.70198746398736,201.81725681710418,212.1117706298828,15091680
2011-09-07,212.30707497203326,215.5618921094367,211.8327925362049,212.6697540283203,10098150
2011-09-08,212.31637134124463,215.90597027133313,209.49863075665368,213.9902801513672,12449725
2011-09-09,213.36722634776166,214.61335299912835,203.90035032751678,205.20228576660156,11559455
2011-09-12,202.72858538377622,203.10055876357632,193.8940828097126,195.57728576660156,7030250
2011-09-13,196.27476326517737,200.59902867164703,193.2431388101578,195.26112365722656,7750235
2011-09-14,196.2189638277569,203.5841478762317,194.03358106652115,202.48681640625,10823220
2011-09-15,203.97475555527527,208.86629026884805,198.38577415248568,207.50856018066406,9527160
2011-09-16,210.3541831776173,212.20478435215793,205.64864972191938,210.791259765625,16317510
2011-09-19,209.20105644719433,209.20105644719433,204.40252255153308,205.45335388183594,6504100
2011-09-20,204.83028955741764,213.86938296606334,204.4025215319596,212.75344848632812,7609115
2011-09-21,212.60465396897584,215.933868677906,210.21469558631722,215.1155242919922,12873220
2011-09-22,210.3541667078324,211.26551147982585,205.89041491397802,206.89476013183594,9979475
2011-09-23,204.60711612179296,207.5550489045597,198.1532762079644,202.1427459716797,13703975
2011-09-26,201.50107812201117,201.6870790298784,193.11295936467317,196.40496826171875,13580105
2011-09-27,199.7527870409779,203.65856489970923,198.07887819012817,202.3566436767578,9597470
2011-09-28,202.91459853770547,203.84454629836395,198.16256491314556,199.510986328125,10083715
2011-09-29,197.89287659469053,200.96170689223888,196.2375707971412,198.96231079101562,10926140
2011-09-30,197.55809615423996,197.7068911951963,187.96102886069767,189.50474548339844,14635020
2011-10-03,186.54753462809506,186.9195080726868,182.26976906590352,183.85067749023438,9969910
2011-10-04,183.08809777716948,185.31996646005422,176.8760400996778,178.50344848632812,16141740
2011-10-05,180.78184873820686,181.33982310062132,175.7973279048716,177.0620574951172,10903735
2011-10-07,181.73968142408543,193.15014425539047,181.73968142408543,191.62503051757812,12722505
2011-10-10,191.56925742137454,196.2189966791749,189.12349003101056,195.07516479492188,7355710
2011-10-11,197.19541288486033,201.02679287318833,194.35906955811836,195.8004913330078,9235720
2011-10-12,196.40497334018454,204.56991392300688,193.094361428774,203.3516845703125,12414410
2011-10-13,204.58850631402532,206.07642839953255,200.86871529013396,202.08694458007812,15379755
2011-10-14,200.04105602123096,206.44839528942018,200.04105602123096,205.21156311035156,10864180
2011-10-17,206.8018024310668,210.68897753907953,206.12293030024418,208.6523895263672,9049145
2011-10-18,204.5885378554015,205.5277801253813,200.3572720754163,204.1328582763672,10259885
2011-10-19,205.51845922805146,211.09814590392614,205.46266463167302,210.67967224121094,5811550
2011-10-20,207.56432430960567,211.2841151187021,204.6070974275144,210.27976989746094,7378920
2011-10-21,211.43291388077049,212.00947692557563,208.7360711726243,209.7404022216797,7096310
2011-10-24,215.39450258260803,221.1601902326053,214.46455479259262,217.33810424804688,14777600
2011-10-25,218.02624078744475,222.07151905785275,206.44839447576555,207.8898162841797,30541475
2011-10-28,215.9338539538171,219.98842650940617,213.06031895505208,213.98097229003906,20464180
2011-10-31,213.88798586349202,216.50113681170484,212.30707750160678,215.62698364257812,10248145
2011-11-01,213.88799233588222,215.05972144640995,210.1868040938443,211.27484130859375,5702165
2011-11-02,209.05226843508814,212.00020126051837,207.78753885854255,209.41494750976562,8370240
2011-11-03,208.28970871074637,210.16820727995417,205.01630260168199,207.5364532470703,8604835
2011-11-04,211.24693590148445,212.95803636892197,208.9871554730696,209.8892059326172,9257910
2011-11-08,211.84209556473755,214.61333582478446,210.0379946995816,212.0931854248047,7846160
2011-11-09,213.70200351167776,213.90659315926223,205.239473004871,206.87619018554688,9010940
2011-11-11,205.1464886837658,206.941281111995,195.66100984918174,196.59095764160156,14576455
2011-11-14,199.56679549851984,201.05470340451976,194.60086366271062,195.19602966308594,6361660
2011-11-15,194.17310257846708,195.475023816485,185.65477736435773,187.55186462402344,10666425
2011-11-16,187.5704689363731,189.91394137196494,181.87919292552743,187.13339233398438,13430830
2011-11-17,186.73354251705894,187.75647670057674,182.4650850305632,183.30203247070312,11050500
2011-11-18,181.9163537818873,182.41853345653865,174.8301572674455,179.3311004638672,17458585
2011-11-21,178.54994965566212,180.6330375099999,175.4160306009035,176.132080078125,9976120
2011-11-22,176.96904148106097,178.34536003649168,173.02605831781005,176.132080078125,16670885
2011-11-23,174.27219907417197,175.35094184745913,171.31497210139906,174.29080200195312,13105390
2011-11-24,174.83018095274304,179.42412521198796,174.02113093271169,178.0384979248047,15189375
2011-11-25,177.61072817540935,181.86989062821868,175.84381891365672,179.8983917236328,9059265
2011-11-28,182.4929579333942,185.43158214158214,181.26542004943903,184.39004516601562,7765115
2011-11-29,184.68765518917292,186.3057554236275,179.52644160196064,181.48863220214844,9850415
2011-11-30,178.7359803866147,181.30264562682518,174.0862409687013,176.25302124023438,13014390
2011-12-01,183.2183018934062,185.74776080112215,179.12652345333575,180.8934326171875,13175810
2011-12-02,182.01868525674888,188.22143559587602,179.58222647669857,187.09620666503906,13119630
2011-12-05,186.91949164569627,192.6944732281461,184.61322527417838,191.96910095214844,12542560
2011-12-07,192.1272295833196,195.7447261164005,191.46696037281188,193.345458984375,9369965
2011-12-08,192.49917889341688,193.79180566235252,185.0595971004346,186.6219024658203,11616210
2011-12-09,182.52082688399233,188.3887942094106,181.93495533129055,184.48301696777344,10877715
2011-12-12,186.9195051711869,187.47747951929054,179.89839654195544,180.48426818847656,7581910
2011-12-13,178.921948437838,181.15383163925438,174.89528700958317,178.5313720703125,12728320
2011-12-14,178.3639941801659,182.45575889996897,176.79238009868902,178.3918914794922,12109370
2011-12-15,176.31808493676306,177.08992902027646,173.71422860759455,176.52267456054688,11343050
2011-12-16,177.62003023908727,179.29393912120074,166.46065661150064,168.14385986328125,20547090
2011-12-19,167.00930063782482,167.00930063782482,153.99934166117322,157.91441345214844,18571490
2011-12-20,159.52325158702308,159.52325158702308,150.43767110183123,152.56724548339844,19478995
2011-12-21,157.19835746700687,159.76502227404305,154.80839918828795,158.890869140625,11989230
2011-12-22,156.64970550894824,163.35463545199755,156.3056293605528,162.48977661132812,15454380
2011-12-23,164.6007564280649,166.64663869823497,161.00186307404243,163.66151428222656,14661785
2011-12-26,163.67081401267845,165.71669634986142,161.2529440388129,162.18289184570312,8533050
2011-12-27,162.25728165935575,162.33167918315542,156.19403246338914,157.20767211914062,8711185
2011-12-28,156.4171941797253,156.4171941797253,152.53001975701295,154.85488891601562,9735825
2011-12-29,153.33906727671726,155.84062872291872,150.27954575503824,151.6837615966797,13925110
2011-12-30,151.7675067598989,153.89709557007444,149.4054451457341,150.29818725585938,10162725
2012-01-02,150.65151263683208,151.58146024570144,145.81578790868645,147.82447814941406,9727265
2012-01-03,149.74016203385642,156.58457673215995,149.470469291616,155.7755126953125,10710050
2012-01-04,157.12396131292064,159.2070349690628,154.72469467122116,157.7470245361328,16936750
2012-01-05,157.9051329561059,163.44761367587654,157.17046627718761,161.9318084716797,16901170
2012-01-06,160.47175324931064,161.06691913705066,155.54302820309314,158.74205017089844,12345325
2012-01-09,158.27711433901695,160.5833809334126,155.31988711594641,159.61624145507812,8763275
2012-01-10,161.62495825323458,166.83265831425177,161.08558673375828,166.4141845703125,9827090
2012-01-11,167.01863627130703,176.21581976043836,166.10727717940878,173.64915466308594,15532065
2012-01-12,173.15626281323432,180.12157635192034,172.4030074296001,174.9231719970703,17759615
2012-01-13,176.47620504866927,177.79672927478322,172.70061909980254,174.77439880371094,12004280
2012-01-16,173.71427510387701,174.64422302821268,170.57104657886114,173.94676208496094,9907110
2012-01-17,175.38815443713446,182.2511593047602,175.38815443713446,178.96844482421875,13262725
2012-01-18,179.2939403447097,180.21457959374658,172.98889533728757,173.5747528076172,9206400
2012-01-19,175.7601132318653,178.77314885276678,175.43462586474493,177.62930297851562,8891125
2012-01-20,178.94055088601453,189.70934792700942,177.7037186305679,187.67276000976562,24622520
2012-01-23,189.15138803639297,193.01997451887303,184.2784703575773,185.42230224609375,17972105
2012-01-24,185.43157313064697,194.5450637936205,183.02301189675345,192.0528106689453,35059620
2012-01-25,193.20596255947922,200.10617398768795,189.81165854161267,197.8278045654297,22249770
2012-01-27,199.75278793135936,200.75713324634597,196.47007337111356,199.5760955810547,13897305
2012-01-30,198.9716011697758,198.9716011697758,189.20715105421485,190.35098266601562,10052175
2012-01-31,192.49919746048778,202.35664996291788,191.74594200167496,199.9480743408203,11015795
2012-02-01,199.84575474773385,203.15638047415513,195.902785587298,202.37521362304688,11137960
2012-02-02,203.4725604743335,206.20660899448922,197.80918236251148,200.10614013671875,14033335
2012-02-03,200.2549434527305,206.32750107571212,197.37211396507405,204.4676055908203,10598495
2012-02-06,207.19235402010355,208.0106983612943,204.20721560737212,206.4576873779297,14412175
2012-02-07,209.21962710834123,209.21962710834123,204.4025048902247,207.11795043945312,8583245
2012-02-08,207.9363147709304,212.24196304269913,205.08136847445186,209.6474151611328,14835090
2012-02-09,207.32254201619787,212.3628568354471,205.75092813654874,211.005126953125,11535310
2012-02-10,209.4242158306186,212.7534302458085,204.94187536751278,207.9456024169922,8307250
2012-02-13,208.3082981991185,209.74972006481093,206.1694155135629,207.6294403076172,7383195
2012-02-14,207.9363075067348,210.72615055455393,206.680872459266,210.1030731201172,6966125
2012-02-15,212.4000400629268,228.76712456989364,212.0466696009177,227.0932159423828,17640965
2012-02-16,224.14528421930763,229.6970729061151,222.257491597415,227.7069854736328,12640000
2012-02-17,232.11499367586038,240.8564979646492,230.62707141016602,237.73187255859375,14647050
2012-02-21,236.02074050020215,243.3580276400735,235.8626510863499,239.48013305664062,10165915
2012-02-22,239.23837666154247,240.55888662584826,223.931429850605,226.172607421875,15713830
2012-02-23,225.04733326119754,231.5569668679264,222.44347698053096,226.4794464111328,15500985
2012-02-24,226.4981126564269,231.84531318536904,218.75164479606093,220.109375,15228050
2012-02-27,220.3976239963187,220.92770104238755,205.51845950711578,207.2853546142578,15257535
2012-02-28,210.07519049800467,220.95559049636572,208.3361927508267,217.71006774902344,15690705
2012-02-29,221.3275634749098,224.9636625661394,215.79437722601236,219.0491943359375,12705420
2012-03-01,218.5377357897482,218.5377357897482,210.6145764594393,214.4273681640625,7889280
2012-03-02,216.66856233633536,224.8427979831443,212.8557703406504,216.9847412109375,15092035
2012-03-05,216.67779759946077,217.4217585407815,212.53953348757477,213.88795471191406,6837555
2012-03-06,213.68340365714667,223.18747127757354,205.6579496283632,213.4230194091797,19573025
2012-03-07,212.02810624785744,217.59849888439183,210.30769707822853,216.6499481201172,11241830
2012-03-09,221.14156759703747,226.72125383990698,220.39760659334632,225.67970275878906,11864430
2012-03-12,232.48695840640943,233.90977745666643,225.63324741334938,227.83721923828125,9704070
2012-03-13,230.62705826382873,232.20796671233913,229.94820033162108,230.7386474609375,9112190
2012-03-14,235.27680339474375,238.75479923297027,234.02136813546093,236.9600067138672,13528020
2012-03-15,237.13668892009125,237.3226756420531,229.43672227387611,231.07342529296875,9495920
2012-03-16,229.60409853924259,237.97362846203214,223.82913083884884,226.20050048828125,14114215
2012-03-19,228.38587221089153,230.2550763328831,221.05789334313948,222.99217224121094,9065365
2012-03-20,223.18746560630936,227.13974364308774,219.4862774415036,220.64871215820312,10887380
2012-03-21,220.3976395724385,231.17573170545242,220.0535634100695,228.53468322753906,11350050
2012-03-22,229.7435816179737,231.2407979792777,217.44037754718272,218.8166961669922,10643525
2012-03-23,221.10434115793512,223.6524027466468,214.29713195411085,219.34674072265625,13980440
2012-03-26,218.51910526153836,218.51910526153836,208.308283549977,209.26612854003906,11354425
2012-03-27,214.63195260307495,215.93387383211171,207.75963900791405,212.3070831298828,14738350
2012-03-28,210.1681831536181,211.62820787427708,206.1229049258171,207.48992919921875,9845400
2012-03-29,204.24445601242746,211.5817441672812,203.6957759827149,208.68960571289062,13693150
2012-03-30,210.63319683138513,214.25998792206678,210.168222886945,213.18125915527344,12982690
2012-04-02,209.42422326376303,216.02685773777003,209.42422326376303,214.78073120117188,8658330
2012-04-03,215.93390189750457,220.39765470417248,215.5619284093985,218.68655395507812,9639870
2012-04-04,215.9338955625425,218.3145598722882,214.88306410402606,216.9847412109375,7480375
2012-04-09,215.2921911765666,215.3758972555277,212.25127235413566,213.1347198486328,5116705
2012-04-10,214.72492644125649,215.6548741767143,211.99089201850666,214.54824829101562,5640610
2012-04-11,211.65610992667823,217.53337222660952,210.92144327051415,215.26429748535156,8573780
2012-04-12,216.38026495343556,223.67106708480478,216.38026495343556,222.53652954101562,9649565
2012-04-13,224.3033966756446,226.33998453862364,215.02252201221833,216.1477508544922,11418680
2012-04-16,215.71069083072152,223.18746465305298,215.3944978048233,222.60159301757812,6362420
2012-04-17,224.86136163146233,227.83719149877726,216.01754972890745,225.35423278808594,15690000
2012-04-18,226.90725562898248,228.11619056662045,221.1601852278811,222.49929809570312,7589085
2012-04-19,222.68530490860775,224.93577686643155,220.17443451387766,222.3598175048828,5992735
2012-04-20,221.31828513238835,224.08952564206484,216.3337642869294,218.93760681152344,6775160
2012-04-23,219.09571679880744,221.02999581908136,209.61023747808875,210.99586486816406,7525865
2012-04-24,212.3814647366082,212.40936203300527,202.54261616075155,207.1737518310547,12742675
2012-04-25,207.1923495951636,209.2382316892612,201.10118934578995,203.61204528808594,14089155
2012-04-26,203.84454278564914,204.39320854941246,200.15264910426473,202.1055450439453,10928690
2012-04-27,202.67282252233142,207.55504839331766,202.54263040003352,205.3324737548828,12637520
2012-04-30,208.3734014089133,210.11239917947438,204.26301982233434,205.88113403320312,8864860
2012-05-02,205.9276293055943,209.73111214719717,203.65855455523794,205.19296264648438,9652495
2012-05-03,203.4725906971241,203.4725906971241,196.03300796004373,196.832763671875,11584715
2012-05-04,195.10305946927767,195.32623786912623,185.7477864788817,187.80296325683594,18512390
2012-05-07,184.1296542721365,191.5134416683792,180.1773763395275,190.18360900878906,15244255
2012-05-08,190.73228660616493,191.55063096591584,180.78183446463294,182.9114227294922,12006490
2012-05-09,180.46564568998818,182.62313113283025,177.62000804096846,178.7638397216797,12258880
2012-05-10,179.06142428845024,185.0037892522421,179.06142428845024,182.50222778320312,12281805
2012-05-11,180.99572707884835,187.66345044721407,179.86118973908307,186.0267333984375,12398320
2012-05-14,186.73351260113793,188.5190105932993,181.33981276801148,185.55247497558594,9917940
2012-05-15,183.75765753015537,187.1891523684643,182.82770989931424,184.7991943359375,8632690
2012-05-16,180.42847624855523,182.63244799525285,178.56858064732452,180.67025756835938,9992800
2012-05-17,182.1581859747134,183.73909445202128,175.64855114707572,176.93186950683594,10432440
2012-05-18,173.70494175056783,177.69442572288946,171.48236709622418,176.5784912109375,15232940
2012-05-21,176.87604991553738,180.1866614611536,176.71796050913164,179.1544189453125,11548055
2012-05-22,182.08379159742128,182.82775271429148,178.2988970424037,179.5822296142578,9519610
2012-05-23,178.5499841148319,180.33548225319484,176.96907563512403,179.191650390625,6635220
2012-05-24,180.50286134658336,185.95235565055094,179.06143951690547,185.5803680419922,10528230
2012-05-25,185.61757863317916,188.2214210101367,184.57602749251944,186.06394958496094,9048690
2012-05-28,186.73350546964934,191.9412042004317,186.73350546964934,191.4576416015625,8687640
2012-05-29,192.12723233967148,193.0571801938037,189.59777304124154,190.4533233642578,6617815
2012-05-30,189.11415049922167,189.11415049922167,185.3013595423922,186.13832092285156,4990380
2012-05-31,183.31130331636444,184.27845696161717,179.30323062294502,180.58656311035156,12291025
2012-06-01,180.37270364082818,183.19973905580756,177.99202506151826,179.39625549316406,7956805
2012-06-04,177.71301499014356,185.133993823505,175.59273532346887,183.75767517089844,7844875
2012-06-05,185.13402376030518,188.202854570904,183.0230381211227,184.0645751953125,9648500
2012-06-06,185.80354876597892,191.19724813239455,185.6175620684905,189.77442932128906,9709670
2012-06-07,191.77383248349278,197.52090295744787,189.4396686621412,196.60955810546875,13992220
2012-06-08,196.73973453514432,196.73973453514432,189.95111343908476,195.17742919921875,9826365
2012-06-11,197.16751169932078,199.38077753548157,191.76451793211496,192.84324645996094,9668225
2012-06-12,191.21583028602583,197.4092850093003,191.03913796303866,196.70252990722656,9496080
2012-06-13,197.14893770546016,197.70691207303042,193.42914642799863,194.2939910888672,12025830
2012-06-14,194.91729011152776,195.9655885350546,189.9685635554082,191.347412109375,8652655
2012-06-15,192.84903377333475,196.1261463717963,190.77132911068324,195.03062438964844,8676880
2012-06-18,198.30771293345225,198.47771466000162,186.99365634701704,188.9108123779297,11568040
2012-06-19,187.9380844022586,189.8080170864714,185.6431689821689,189.17526245117188,9605275
2012-06-20,189.37359708461162,191.7157360317084,187.8058688880765,189.02415466308594,7306450
2012-06-21,187.19199686233935,194.34119156977644,187.04088741276055,193.68954467773438,8771305
2012-06-22,190.01579835135686,193.0379155683793,188.4197388683035,191.58352661132812,10058440
2012-06-25,192.66015370783813,195.35173514887538,190.13857401358004,191.2057647705078,10837585
2012-06-26,190.29912076507742,192.09349876984163,188.25918628493469,189.4019317626953,7324135
2012-06-27,190.62021024224845,191.88571949852565,188.5236133976862,189.0619354248047,7444060
2012-06-28,185.293722272259,187.18254719738007,182.83825851595594,184.8404083251953,28294940
2012-06-29,187.88142284905018,192.30126638005592,186.44591183094457,191.85739135742188,16596540
2012-07-02,192.8962585613881,196.20170240454527,191.8573990178735,194.41676330566406,10256415
2012-07-03,195.10617712131108,198.32662724124657,195.10617712131108,197.20277404785156,8699560
2012-07-04,198.60995732992933,198.6666197758603,195.5311632688252,196.70223999023438,8217360
2012-07-05,196.437795990724,198.23217393986445,194.8322976556103,197.19332885742188,16200755
2012-07-06,197.8921711583992,197.8921711583992,194.17119834706727,195.965576171875,7393060
2012-07-09,194.32230561612747,196.9100009847469,193.6045573231324,195.6539306640625,10751920
2012-07-10,195.871128872123,203.80420179497358,195.73891171060498,203.10533142089844,15596340
2012-07-11,201.74540665425178,204.2575475248649,200.70656148358518,201.48097229003906,9514675
2012-07-12,200.1965636243233,200.1965636243233,197.0044590793025,197.9110870361328,10646670
2012-07-13,198.89325942408894,200.59319023459022,194.66228144924236,195.43670654296875,10086840
2012-07-16,194.7850852989373,199.83769812426155,194.7850852989373,197.6277618408203,9258130
2012-07-17,200.13991195081195,200.40434632000319,191.21521596412717,193.37791442871094,21296165
2012-07-18,194.56787141980823,196.74002309808776,193.14179929172386,196.1072540283203,11002950
2012-07-19,198.47773328335703,201.45262687650626,197.419981490418,199.6582489013672,9572900
2012-07-20,199.6299224209379,199.96991150342382,196.06004426013163,196.5889129638672,8901345
2012-07-23,194.54897948167635,195.87115124789776,193.32124032127564,194.08621215820312,5149235
2012-07-24,195.0306044523397,197.38219657542874,194.5678515874524,196.69277954101562,7008590
2012-07-25,196.4189265178177,196.53226582786942,191.92352777529516,194.30345153808594,5959570
2012-07-26,195.4839548839009,195.4839548839009,188.31585282506686,189.2980499267578,11539130
2012-07-27,193.94455084343525,195.98448529426744,187.31477108352613,188.34417724609375,12318195
2012-07-30,190.20467726921083,197.75997748901014,190.20467726921083,196.50392150878906,10874280
2012-07-31,197.42943633190004,199.61102690479427,193.03790955332107,197.22166442871094,11655040
2012-08-01,196.48502209528255,198.32662357493157,195.68226571181427,197.5710906982422,7583340
2012-08-02,197.40111025322136,200.42322745481954,196.81556468779905,199.93212890625,7235835
2012-08-03,198.35493774897438,198.52493947664917,194.9267160818621,196.6455535888672,6171495
2012-08-06,199.27104083849312,202.68037059703508,199.19548610795638,200.8954315185547,8000505
2012-08-07,201.72653545508257,206.82635768864785,201.34876177185282,206.1274871826172,12126120
2012-08-08,207.7707461168141,209.60290863826603,206.00469938621026,207.14743041992188,11818400
2012-08-09,208.1484953460682,209.6217908526521,204.01197867129883,205.35304260253906,8039130
2012-08-10,205.50413835769362,206.0518848533246,196.59832217688805,202.104248046875,10717570
2012-08-13,201.91541800031257,204.9375354567264,198.77996123200072,204.15367126464844,7664460
2012-08-14,203.6153560893268,209.6595907800091,203.14314980378626,209.13072204589844,8331825
2012-08-16,210.6040031464105,211.9261749804022,209.22515445331155,210.40567016601562,10236065
2012-08-17,210.6039842455953,211.8506156434152,208.2240607474061,209.6973419189453,8020800
2012-08-21,210.41512484081008,211.11398092435704,207.27966817101998,209.79180908203125,6542515
2012-08-22,208.9890345969622,211.52006757608945,207.7896411044022,209.2818145751953,5329760
2012-08-23,210.41510959258446,211.26507508525737,205.69304705419876,206.76022338867188,8007630
2012-08-24,205.52302929761518,205.53248264473388,201.26373440763325,203.1336669921875,7820030
2012-08-27,203.99310997634896,203.99310997634896,195.49339706066775,196.267822265625,11436240
2012-08-28,196.8155710858736,196.8155710858736,190.22357547394026,192.14073181152344,15059105
2012-08-29,192.47127181645564,194.36009683053157,190.2046731532098,192.3673858642578,8429060
2012-08-30,192.66015554703873,194.01065854383842,189.6474772796036,191.38519287109375,13225880
2012-08-31,191.3191014237953,191.70631403859548,186.71981678890023,187.33367919921875,13678850
2012-09-03,188.53308654410802,190.45024291429536,184.05656576063743,184.65155029296875,13863565
2012-09-04,185.29372884862897,186.0303694427235,182.62103975545378,184.78375244140625,14720245
2012-09-05,182.64938579924808,182.93271245318164,175.14130872826567,175.7079620361328,26524400
2012-09-06,176.0384767494767,180.66610644903486,175.311289531027,179.1928253173828,17139790
2012-09-07,182.95159751729256,185.06708678447967,181.38386924992864,184.50987243652344,14688120
2012-09-10,185.1048343437808,185.86036716199584,179.46669104280926,179.9955596923828,8453870
2012-09-11,178.49395013097723,181.47829688271403,177.73841730121484,179.9766845703125,12816035
2012-09-12,181.3272034286308,182.55494258396376,177.93676594806448,180.57167053222656,10010140
2012-09-13,181.11942647799418,181.3083060941874,178.4089672386141,179.07005310058594,8826270
2012-09-14,184.16044589086573,191.33798698213107,183.4049129743233,190.75244140625,23582675
2012-09-17,194.82284497438067,200.40432621309552,193.0379059561297,199.7432403564453,29419030
2012-09-18,199.21438157688345,205.02251287777347,197.77887049492716,202.74647521972656,12796780
2012-09-20,198.27938893958614,199.9887731506685,196.1827921694768,197.2688751220703,8981695
2012-09-21,198.1283063308168,213.38057795273986,198.1283063308168,212.4267120361328,27714890
2012-09-24,211.59562046801918,221.84248729949113,211.59562046801918,213.93775939941406,21446715
2012-09-25,216.0815811223746,219.25480767295585,205.5136030277444,208.13906860351562,28696185
2012-09-26,207.28909761825213,214.57050967059888,204.98472889253725,212.83279418945312,18623900
2012-09-27,214.19276840725735,215.9588152576493,211.56730268109285,213.2105712890625,11615645
2012-09-28,215.70381828849102,217.3848714561947,213.56001219914467,214.57052612304688,8744000
2012-10-01,214.57053302633855,215.00496914920814,211.7656265405329,213.5694580078125,6400770
2012-10-03,213.56943123580913,214.54217490814364,209.3856909921594,210.3017578125,12445650
2012-10-04,212.11505142757974,217.5643011297703,212.11505142757974,215.47715759277344,12199740
2012-10-05,218.30093332650046,219.46257102240077,190.4879893939,215.88323974609375,13287830
2012-10-08,216.83711883024995,216.83711883024995,211.73728261178508,213.61666870117188,11953470
2012-10-09,216.45933036124558,217.59262241757443,211.94504000927918,213.13499450683594,8426490
2012-10-10,211.5295013275656,212.30392647126436,208.16739523478432,209.05514526367188,8194840
2012-10-11,209.6595876896825,215.3260630326469,204.72031405069765,214.1361083984375,12209350
2012-10-12,214.3816141064962,216.0154435182458,210.6417346739349,211.49171447753906,9692445
2012-10-15,212.49281782961697,212.6816974522361,209.39514590477032,211.37841796875,9170700
2012-10-16,214.0983060341336,220.9358575675734,214.0983060341336,216.44044494628906,22505645
2012-10-17,218.15930099550727,219.00926653385037,212.530595806651,217.96096801757812,13223790
2012-10-18,218.58429935396308,228.35897579499203,216.84658358107578,227.1029052734375,20695375
2012-10-19,226.65900162906377,228.69893610226723,224.01464372793978,227.083984375,13450145
2012-10-22,225.5256921367385,231.94769957049564,224.68516564684464,231.1449432373047,11375225
2012-10-23,230.24777093853422,232.11770365808758,229.20891142178726,230.86163330078125,6904275
2012-10-25,230.4177558249354,234.7809513383464,230.05888887708113,233.84597778320312,9288430
2012-10-29,232.70323072257165,234.1576340205451,229.06725129881983,230.76719665527344,5747140
2012-10-30,231.0033230921779,234.00654818287302,221.32309413628502,223.7691192626953,13696330
2012-10-31,223.72186451825837,224.18463180618653,220.15198661307065,223.3724365234375,8902660
2012-11-01,223.44800646653397,228.50060476758952,222.31469992181934,228.00950622558594,6772515
2012-11-02,231.89103958245641,231.9477164375175,229.02003191478278,229.58668518066406,7623680
2012-11-05,229.37891716021454,230.20055144011926,226.7534515109961,229.3505859375,4700380
2012-11-06,228.92556893680035,231.27716109245762,227.66951307706202,230.4649658203125,5593160
2012-11-07,229.49224211247375,234.91317515923976,229.49224211247375,232.7126922607422,9230880
2012-11-08,229.68113528250322,232.3066010872942,228.82171638099314,230.90887451171875,6287305
2012-11-09,230.90886543665837,232.88268418164444,228.13229027049834,229.51113891601562,4906055
2012-11-12,230.24775716391332,233.2509818244186,229.5111166090501,231.65492248535156,4857270
2012-11-15,229.30332783699623,234.2142693114079,228.7366746470071,232.75042724609375,9869410
2012-11-16,234.06318180760886,234.90370832482176,230.79552274946954,231.61715698242188,9909415
2012-11-19,231.66436921795975,232.32545502901377,227.1878491649542,229.36000061035156,6435810
2012-11-20,231.30550247955503,232.82600714619673,229.24669019373462,230.23831176757812,12283860
2012-11-21,230.4366541197835,234.36541364856436,230.14388854524395,233.52488708496094,5702200
2012-11-22,234.78094147315227,239.6918833443985,234.67705552694596,237.4347381591797,8264615
2012-11-23,238.53970558917683,238.53970558917683,235.15870718630364,237.37808227539062,4880425
2012-11-26,238.36973110784632,240.1924548936013,235.55538563457606,239.08749389648438,6760640
2012-11-27,240.25851805605691,244.41392701198316,239.58799329614305,243.66786193847656,8189415
2012-11-29,243.866229068977,248.19162620817977,243.65845713872443,247.47389221191406,13236165
2012-11-30,248.19160158291726,250.1937803581455,245.57558924804644,249.3060302734375,8969560
2012-12-03,248.19158034326708,250.2504213884618,246.39720245241836,249.62710571289062,6817330
2012-12-04,249.62711060609556,250.91149772916617,247.29441065591226,249.7215576171875,4634285
2012-12-05,250.30706269038086,253.1025152364958,250.30706269038086,252.1014404296875,6240190
2012-12-06,253.57473349973588,260.468932602728,251.40259647308898,257.65460205078125,7402840
2012-12-07,258.39124334361037,258.7690025465957,249.55152812361828,250.97760009765625,10243690
2012-12-10,250.28815797454408,252.3092142970856,248.42766443753789,249.86318969726562,8133650
2012-12-11,250.85483944421628,253.08366789396413,247.45494873682736,250.3448486328125,8021425
2012-12-12,251.20427014094395,251.28926380689074,247.82328609260458,250.5242919921875,6807245
2012-12-13,250.8359714434464,254.33028047985215,248.39937099841694,250.33543395996094,8675145
2012-12-14,250.83594313856696,256.2946457433389,250.16541839398002,255.5013427734375,5829215
2012-12-17,255.1802847619043,258.0040690882296,254.05643151191725,256.7007751464844,8335590
2012-12-18,256.52126101662833,257.50345786592993,249.36262855598127,255.73741149902344,8858360
2012-12-19,256.8801919345032,257.3335202958953,250.88316698356073,252.13925170898438,8422430
2012-12-20,252.72482673152138,253.09313267192317,246.8883635679715,249.0605010986328,7300910
2012-12-21,247.43609162964907,253.40478594787595,246.86943832732908,249.56101989746094,8412495
2012-12-24,249.7120984517064,254.0469481228445,249.7120984517064,253.6030731201172,4552520
2012-12-26,254.03746459197114,256.7668300723856,253.42360233888405,255.3596649169922,5017515
2012-12-27,255.74683477951325,259.68504668204287,255.54851626995693,257.69232177734375,9467615
2012-12-28,257.63573925657573,257.81517995174687,254.63251418137096,256.79522705078125,6092510
2012-12-31,255.558082231069,258.6746326107257,255.5108443033843,256.2286071777344,3290620
2013-01-01,258.7123695252885,259.0523442002798,256.97465393701714,257.39019775390625,3343610
2013-01-02,258.98625040902914,263.37776277247866,258.13625610156345,261.9516906738281,7168225
2013-01-03,263.30220329315273,263.7744095607668,261.2717221066487,262.5372314453125,4750195
2013-01-04,261.1206051543987,261.9705994686757,258.7690272318945,260.45953369140625,6262900
2013-01-07,261.60222715961015,262.1122179106454,257.9190246714181,259.30731201171875,5715850
2013-01-08,258.54237188862766,258.58012763688953,253.6786245194045,256.9368591308594,6090610
2013-01-09,255.41636011479156,257.24852258412983,253.87696320095966,254.9252471923828,7885125
2013-01-10,256.6913363925437,260.0534429852992,254.14143963305952,258.39129638671875,6859365
2013-01-11,259.1656676794476,259.53397353438913,256.1718676417257,257.65460205078125,6571215
2013-01-14,258.2213323898856,262.71671723084836,257.17301930881274,261.8100891113281,6571910
2013-01-15,263.3021921737469,270.29086769624644,262.54667370594365,269.02532958984375,16987060
2013-01-16,270.1019806057656,270.1019806057656,265.03048998689974,266.220458984375,11828785
2013-01-17,266.5603988040338,268.0242264895436,263.32107120243535,265.6443176269531,7200690
2013-01-18,266.32436050604593,267.3632201587819,260.69566932556654,262.1783752441406,7017900
2013-01-21,261.63059341513605,262.8677714829897,258.9106808069387,261.687255859375,3664365
2013-01-22,261.60223684611094,265.53099591938104,260.73336474999627,263.1888427734375,5190575
2013-01-23,264.81324838866635,265.757660849982,260.7428329860905,264.1332702636719,6408855
2013-01-24,264.6621084431039,266.1353894073168,261.8949871673481,263.7366027832031,9840850
2013-01-25,263.1133416101565,264.77548809606174,260.6389853460387,261.83837890625,8283305
2013-01-28,260.846719914051,270.8385905590152,259.87397628182526,266.8815002441406,18608065
2013-01-29,267.5142890378132,283.9942695660897,267.45762659455306,278.6866760253906,45463865
2013-01-30,279.07388572470535,286.3552978203836,278.9416541443404,283.5598449707031,24852050
2013-01-31,282.360444280175,285.21255949954536,281.42545635758484,284.2964782714844,13102855
2013-02-01,283.5314862379149,286.1569515048149,280.79269609665903,285.14642333984375,7404405
2013-02-04,284.8348009653125,286.15697263238116,278.6016730249255,279.1116638183594,5841720
2013-02-05,277.7138990807887,281.1515739400743,274.4651182238821,275.60784912109375,8722175
2013-02-06,277.25121031943604,277.65730081510844,275.04128832251104,275.787353515625,6597650
2013-02-07,275.22072680584876,279.92388300973175,275.0129548853554,275.8723449707031,8690950
2013-02-08,275.57955269574643,277.81783450393334,273.03908079525013,274.0307312011719,11111940
2013-02-11,274.4934877681655,283.1348563917545,274.4934877681655,282.2093505859375,26647505
2013-02-12,282.5682644184557,284.1548706860475,278.03506659809756,280.10333251953125,10861285
2013-02-13,280.50932541707164,281.93539718461574,278.2144104905869,279.0832824707031,4442120
2013-02-14,279.78221428441304,280.3488675712511,269.15757323563787,270.5364074707031,13542895
2013-02-15,270.4797466755062,274.79571891608754,268.23204021074184,273.7474060058594,8538210
2013-02-18,273.69067851657206,273.69067851657206,269.1575109138619,270.4891357421875,5429680
2013-02-19,271.055868095202,273.0768960613476,269.15758955660255,271.87750244140625,3680465
2013-02-20,273.2941213338094,274.7674026762139,271.15028629774747,271.87750244140625,3343455
2013-02-21,268.60982062673116,270.97085191800295,264.24661059066733,265.3421325683594,8804450
2013-02-22,265.4177181471086,268.59093056493015,265.2099462277618,266.6832275390625,5496945
2013-02-25,265.82380282311925,267.53318724078116,263.05668095598514,264.6527404785156,6046380
2013-02-26,264.6243907626405,264.6243907626405,256.9746438428125,258.3440246582031,5333690
2013-02-27,258.5046364765082,266.32437220982143,258.5046364765082,264.435546875,7968095
2013-02-28,266.46599567905645,267.6465113685979,251.9598327201395,253.88641357421875,13401880
2013-03-01,254.04697731176762,260.2801059394158,249.1076892731654,257.5790710449219,13593630
2013-03-04,256.587460430412,261.29064553260605,254.43420086507197,258.561279296875,7328045
2013-03-05,259.7134469811479,266.088231588867,259.656784534774,265.0399475097656,7799155
2013-03-06,266.41879546467646,267.2593076766444,262.5466981096143,264.84161376953125,8063055
2013-03-07,262.5561200909871,265.70100093576764,261.31894206058814,265.0588073730469,5472035
2013-03-08,266.324282568487,267.8353480919763,264.8887861728198,265.75762939453125,5903450
2013-03-11,266.51314761265405,269.6674810588657,262.8771546977313,264.6620788574219,8740050
2013-03-12,264.24666794539894,264.794443463731,260.28015180783973,261.55511474609375,5098545
2013-03-13,259.7134354166391,260.28008867632997,252.35645403072402,254.36805725097656,8087885
2013-03-14,253.66920794883316,257.8246172613361,245.35836050264453,255.52024841308594,18084215
2013-03-15,254.2736122492424,257.6357184431779,248.75824670839117,253.07421875,16501410
2013-03-18,248.00273061720182,252.42257424205206,245.35835829940356,250.28819274902344,11670100
2013-03-19,250.45820964956928,252.46978408984353,242.0340373632709,249.60821533203125,11476595
2013-03-20,247.81378799284423,249.5137474683352,243.83782017970475,245.40554809570312,7643165
2013-03-21,245.783383240133,252.91368696031577,242.1473889053886,247.7572021484375,8629120
2013-03-22,248.00272655980373,250.7226391524999,244.1306295721788,245.55670166015625,6679940
2013-03-25,248.94712207621802,252.0542470379027,245.556684914274,247.3132781982422,7280340
2013-03-26,246.47279310388382,246.49167097890756,243.11068679392747,244.4517364501953,6651170
2013-03-28,245.1694983001353,247.66273238975634,241.21240749780964,245.6794891357422,6827560
2013-04-01,245.78334635360912,249.04158091731685,244.79172478440142,248.36160278320312,4906715
2013-04-02,249.3060374351642,249.32491531069786,244.24397113729495,245.80224609375,5734520
2013-04-03,245.90612527967897,248.56937538089565,240.10743324951494,241.420166015625,8463625
2013-04-04,239.1252537224739,239.88078664125763,234.23320365214963,234.94151306152344,6417705
2013-04-05,234.29930621761866,235.9803594048236,229.90779362160654,232.24049377441406,6484050
2013-04-08,231.6643779721195,233.83652949959838,226.28122986356084,227.26341247558594,4864420
2013-04-09,228.61392977903466,234.17651855964368,226.43232490423284,227.26341247558594,7490495
2013-04-10,229.45447661240112,234.75263152791132,226.65900915878245,234.08209228515625,10046765
2013-04-11,235.45147891617844,237.02864606758027,232.51435545419054,236.50921630859375,9714180
2013-04-12,234.21429299445617,241.2029395211835,233.17543351129288,238.80413818359375,7911225
2013-04-15,237.23642527842415,247.6910645195391,236.8586660296663,244.4517364501953,7689700
2013-04-16,242.99734768141332,258.58015540377295,242.28903823948787,257.5035400390625,11987860
2013-04-17,259.10898570026956,273.87961023832383,258.041823842581,260.12896728515625,9186545
2013-04-18,258.7123307729536,271.4052355193282,255.93575605836043,269.9886169433594,11300880
2013-04-22,271.140847542411,280.3016319398725,270.89529105783384,272.2080383300781,13252895
2013-04-23,272.93524551200113,274.8429486171156,266.9193417707561,272.8974609375,7340650
2013-04-25,277.84619771412383,287.101429641188,274.4463065988727,283.9659729003906,19391755
2013-04-26,281.4349148742581,283.3048619326049,277.1095184612016,280.7454833984375,10489965
2013-04-29,280.6794249348418,280.6794249348418,275.8156771839416,278.67724609375,6561785
2013-04-30,280.8683020885446,283.5126746670251,275.39072052506805,281.9449462890625,9010945
2013-05-02,280.5094248760797,288.75415739077937,280.2922284199219,286.3459167480469,10775590
2013-05-03,285.7792604735571,285.7792604735571,277.09065296581736,278.5639343261719,9326475
2013-05-06,277.0906333310005,278.0067146471825,272.93522392134815,275.72125244140625,6739100
2013-05-07,276.1462197261534,284.64593254904497,275.59847313666546,284.0698547363281,7357170
2013-05-08,284.4570593845502,285.9775496906491,277.79893389999023,281.3782653808594,4865505
2013-05-09,281.05714269417984,281.05714269417984,273.42627418068355,274.6634521484375,15607600
2013-05-10,273.87959498551714,278.5449945299303,273.12407659678735,277.63836669921875,7711835
2013-05-13,276.7128943180661,282.94602329902415,273.14301581042787,274.2574157714844,10233900
2013-05-14,274.82402743025983,278.01614617468755,272.95408037315036,277.18505859375,6341930
2013-05-15,277.27953764597424,286.14755673378636,277.27953764597424,284.967041015625,8367595
2013-05-16,283.75814659233805,290.87902428269535,283.5976126213933,289.1601867675781,5787370
2013-05-17,288.9902508732868,291.05851673915316,286.15701311962715,289.98187255859375,6127865
2013-05-20,290.6334942079305,292.74899781128926,287.96081950799083,288.9335632324219,7109685
2013-05-21,288.0930112542941,291.8234520238481,286.1569772272685,287.20526123046875,4457135
2013-05-22,288.42360301531295,289.1791503899614,282.9648993261636,285.7698059082031,4430345
2013-05-23,280.50938459432206,283.8620661929475,273.38853524230234,274.86181640625,17628985
2013-05-24,277.0905779377231,279.8766059008253,271.1502161817493,275.99505615234375,11354170
2013-05-27,275.76843349226465,281.05714893991404,272.93519616186467,279.1966552734375,5079820
2013-05-28,278.6961034732667,280.2449248137453,275.40008461697096,277.3739318847656,6338635
2013-05-29,277.46840356367636,277.46840356367636,272.6519224784526,275.69293212890625,4984010
2013-05-30,273.74736575565186,276.5995096630201,267.86369492071066,270.6119384765625,19729175
2013-05-31,269.1575570448666,271.7358134932376,266.5132136269336,270.2058410644531,6939990
2013-06-03,268.9686733662702,271.61304570710234,266.32432984662086,270.2625427246094,5639100
2013-06-04,270.1019428617417,272.74628601862986,261.9799905639011,263.5760498046875,6481315
2013-06-05,262.5467138050721,264.32221417888474,257.27690395750096,261.0828857421875,10525180
2013-06-06,260.4689359475493,269.6864104617191,258.43845499288227,267.854248046875,7218255
2013-06-07,267.07984466636304,268.5814859107213,258.5990388239791,260.3273010253906,16958990
2013-06-10,261.79111494191386,262.42385507653853,254.6513598817869,255.9829559326172,7101745
2013-06-11,254.04692518740669,254.04692518740669,247.97436062138522,249.83485412597656,10709250
2013-06-12,247.81384651519193,248.19160576967383,239.22913992335285,240.7213134765625,16756695
2013-06-13,239.88079231139096,244.07398641969428,237.50086860467437,240.00357055664062,9278645
2013-06-14,242.5628917684786,247.51160381571157,242.1095634139212,245.1694793701172,9145290
2013-06-17,245.94392146250138,249.52322416674727,239.70133971009344,248.5788116455078,9148855
2013-06-18,247.76664470768733,248.3238446681528,242.52513762600714,243.01625061035156,7215030
2013-06-19,243.08234632590543,243.56397710075146,239.31412086619372,242.7234649658203,7633795
2013-06-20,238.74748195435973,239.12524118865534,232.70323333149264,234.17652893066406,9339930
2013-06-21,232.1460342411459,239.7768889678477,231.18272945650475,237.93528747558594,11567800
2013-06-24,235.97090562865344,237.7652835977046,233.14710709214074,234.79039001464844,8864770
2013-06-25,236.292021837009,236.85867514253874,228.15119010515758,232.599365234375,17111600
2013-06-26,233.47767177591297,238.78526569579785,233.47767177591297,235.80091857910156,13302520
2013-06-27,238.74746657285903,242.71399591978022,238.69080413242432,240.83460998535156,11566105
2013-06-28,244.03621527449116,251.5915162354425,243.1862496806213,250.30712890625,7250955
2013-07-01,250.08041798922812,255.72801510396192,249.33435286691818,254.7647247314453,5323995
2013-07-02,253.49922435995526,255.91691813464695,246.4255549013578,247.15277099609375,5683025
2013-07-03,243.9323132909599,245.93446318446283,240.08854748948423,241.36351013183594,6367035
2013-07-04,242.1662371247776,244.2250492127908,237.82193437731155,238.92689514160156,9497150
2013-07-05,243.6883848387583,249.36001083568001,243.15188184992397,246.80201721191406,5785940
2013-07-08,245.06799154775905,245.06799154775905,238.74488669750517,239.9999237060547,10780235
2013-07-09,242.3854606009816,244.74225846826303,241.4274153021635,242.2609100341797,4614270
2013-07-10,243.1519109249127,245.54700966328664,239.48259550777718,240.80470275878906,5341890
2013-07-11,245.45123004008428,249.07264028880311,244.73268140992323,246.74456787109375,4593290
2013-07-12,248.32534583348618,248.8043684687844,243.53510486189327,247.47267150878906,5287195
2013-07-15,247.55889094524898,251.95631520875787,245.72902097829154,250.79708862304688,5449990
2013-07-16,243.34352271930626,243.34352271930626,234.92231039282356,235.84202575683594,9493130
2013-07-17,236.81921946545654,236.82879465573305,225.64840778637318,228.72373962402344,17944220
2013-07-18,231.22426697706015,239.05149627080237,221.90247455486517,237.2503662109375,28548405
2013-07-19,239.51134301920976,240.08617608990076,227.05675318221085,228.3788604736328,18642230
2013-07-22,228.7812414412487,232.00027452774734,225.80171970160677,229.95005798339844,6446280
2013-07-23,233.7247321317259,233.7247321317259,229.36562319909697,230.47695922851562,5451370
2013-07-24,224.728720193061,224.728720193061,214.60217313148488,215.58895874023438,14788645
2013-07-25,213.46207865057409,219.35406622918126,213.0692765549446,215.99131774902344,21479325
2013-07-26,218.79841897357466,219.74687458899368,209.68739762032746,212.20706176757812,12108980
2013-07-29,211.1723455887505,214.76501550316928,209.32332515639638,210.4346466064453,8592030
2013-07-30,210.78911816766345,217.016412238584,208.27902969380665,209.42869567871094,14577145
2013-07-31,208.66225316254847,208.66225316254847,194.58856645254994,198.22914123535156,24999165
2013-08-01,200.03987352896849,209.40955595392066,196.41846324784524,208.04913330078125,25717725
2013-08-02,209.24668071695757,213.16508254607945,206.9377879997895,211.38311767578125,15682345
2013-08-05,212.68605313942788,216.32662814391506,205.72105982854276,215.43563842773438,14983120
2013-08-06,212.1687176221028,212.68605564960214,206.98568906379674,208.82513427734375,13055665
2013-08-07,208.4898113813578,209.3137309156979,202.30084699291018,204.7821807861328,16176110
2013-08-08,205.78814559621446,208.81557243263794,202.5499476117734,208.01080322265625,10922345
2013-08-12,209.42870371799899,210.75079626161337,201.40985479666412,205.10791015625,9866865
2013-08-13,204.4276981292543,222.0748897079151,201.01705941149456,218.96124267578125,14227315
2013-08-14,219.88097111265665,222.74553181678542,214.88956329578662,220.27377319335938,12402745
2013-08-16,213.45249014860443,213.45249014860443,199.27341715787932,200.98831176757812,16207615
2013-08-19,199.27343455717158,199.27343455717158,187.40325315074608,189.3097686767578,11262170
2013-08-20,182.67050059394552,192.99822804098446,180.68735437037188,188.02597045898438,17173380
2013-08-21,198.890244918715,204.60018771911584,183.6956432180247,187.3841094970703,17473350
2013-08-22,185.50631453799923,193.52514895279052,182.02860545064453,185.79371643066406,15688855
2013-08-23,187.48946749369924,189.8558406199129,182.65133567060042,188.06430053710938,15303680
2013-08-26,189.6929804672479,190.5264752489209,178.0718856222834,178.98204040527344,19895135
2013-08-27,176.27074910020215,176.27074910020215,166.89147800726838,168.16567993164062,16500450
2013-08-28,163.12637636360495,163.634139200126,150.22150507910928,160.55880737304688,51153445
2013-08-29,164.7837879283828,166.22085584636287,156.3529865525108,163.0113983154297,34666870
2013-08-30,162.50364524205446,170.74284098050308,156.86075879679737,159.60076904296875,85220080
2013-09-02,162.04379702294642,167.37052706364656,159.92651027437407,165.60772705078125,22843345
2013-09-03,166.3166699607468,167.51422658598656,147.7976525538053,150.00115966796875,29590015
2013-09-04,149.99155174343386,156.54457729682053,146.27433174969093,153.57464599609375,29505260
2013-09-05,168.93214788276205,179.14491540036036,163.56708777160821,177.71742248535156,73632590
2013-09-06,178.6946281015964,184.50995594775682,174.46964447369467,182.4884796142578,48465115
2013-09-10,187.9684970699344,196.5334249437915,187.20205785673733,191.28334045410156,40783530
2013-09-11,188.54331704908998,199.81951426859976,185.89910267800605,197.2998504638672,31007555
2013-09-12,199.24468744351327,199.36923801374007,192.3946692160467,195.43167114257812,33403740
2013-09-13,191.65696798280868,205.59653022474993,191.65696798280868,203.02896118164062,29836370
2013-09-16,208.66228653685172,212.2453668995491,201.5631667677177,208.3844451904297,21660575
2013-09-17,205.40489514133202,206.7365774501249,199.88655978045267,201.86972045898438,18527690
2013-09-18,203.20141947617506,208.01079648691913,200.7488111621729,206.86114501953125,13218535
2013-09-19,220.3504161874318,224.7191003606918,217.1409586259531,218.47264099121094,27187920
2013-09-20,222.64973469016124,222.97548122105843,201.59190187710504,211.2202606201172,30107545
2013-09-23,205.59651742789583,207.8766551925598,195.94899469980183,197.3668975830078,23254975
2013-09-24,195.44123833728523,201.76434307211235,194.11913116469515,196.50466918945312,17824475
2013-09-25,196.9741199286781,199.65663507925345,191.83899652547348,198.1333465576172,17426325
2013-09-26,198.31539687756668,201.09372267719866,195.33587511268095,197.61602783203125,18419130
2013-09-27,198.42079026966067,200.9021244333674,194.89517547354168,197.52980041503906,13399860
2013-09-30,195.25923257626704,195.41252335025808,190.67977668822763,193.11322021484375,18720980
2013-10-01,195.03885850108472,201.13202702428075,194.09038841777684,200.05902099609375,13985425
2013-10-03,201.20869374488782,215.176997066217,201.20869374488782,211.67054748535156,28307155
2013-10-04,209.62030957853338,214.736267850399,206.9569448773624,209.34246826171875,14738720
2013-10-07,208.27906661290635,208.64312854723292,200.03988484516412,205.37619018554688,19601900
2013-10-08,213.64412650691804,214.41056575891656,202.72241467643104,204.4085693359375,16814600
2013-10-09,202.1954843895531,207.8575362063028,200.43268436380015,206.80368041992188,17121925
2013-10-10,206.36295318272477,209.40954485922126,202.33916581895068,204.30316162109375,22450835
2013-10-11,208.32696295064997,211.5172557895542,204.25527012486896,210.70291137695312,21485650
2013-10-14,209.81191613568393,216.8918701639199,209.27541311833298,212.51361083984375,16030130
2013-10-15,213.8165223234501,215.75177773518206,206.21923084737605,207.21559143066406,13563985
2013-10-17,207.1293812084041,212.36988992277145,204.48518156728952,210.07058715820312,33121345
2013-10-18,211.3064892462197,222.45813702043287,208.92096557689078,221.53842163085938,22848835
2013-10-21,222.28570581940724,227.22920915158159,222.10367484786306,225.3035430908203,14205925
2013-10-22,223.03297472649868,231.83741439738188,222.26653547355696,230.1512451171875,22853540
2013-10-23,230.6973181725559,234.3378933468827,226.71184609500625,231.8661346435547,19709625
2013-10-24,231.91405912534435,234.66364477064656,229.54768579611735,231.31048583984375,15138355
2013-10-25,230.35239425722045,231.04218798277785,226.25196189896812,228.15846252441406,8360810
2013-10-28,229.93085905316494,233.55226891376344,227.45910056411017,228.30218505859375,14810540
2013-10-29,227.24835342806276,241.71484401796937,225.39933292493345,239.58798217773438,21811705
2013-10-30,240.4693763389996,241.42742166305936,233.07326526776936,234.1271209716797,13582310
2013-10-31,233.95464837075724,235.64081737563717,230.5056942235774,234.28038024902344,15711585
2013-11-01,234.71151782945003,237.52815866605127,230.9559820953709,233.55227661132812,14258565
2013-11-05,230.88894561018805,240.92925749205847,229.1644609350201,235.10433959960938,17738400
2013-11-06,234.52949547025057,237.55692216681788,230.89849554873285,232.4217987060547,11912900
2013-11-07,233.01579455195795,235.6025141104848,223.41617591351041,224.43170166015625,12944240
2013-11-08,222.45812751465832,222.95631519024673,213.17466572715367,214.44886779785156,13636750
2013-11-11,211.72801248298322,212.41780627232617,205.55819837753296,206.39169311523438,16116270
2013-11-12,206.93779726496572,209.31374565887063,198.89022210766188,200.77757263183594,16885065
2013-11-13,197.93216230259634,201.74517845474588,193.63053369776844,197.4722900390625,39012215
2013-11-14,202.14756957085055,211.23942523747206,202.14756957085055,210.2143096923828,22185795
2013-11-18,214.50635736942925,218.86546682569653,213.90279871327186,218.40560913085938,14869295
2013-11-19,219.7755981706695,220.31211584808096,216.15418790516074,217.48587036132812,15186525
2013-11-20,215.36860328969337,221.4809228434093,214.60216406573613,216.79608154296875,11536220
2013-11-21,214.19976591933923,214.21893091819166,206.68869441638068,208.14491271972656,16170540
2013-11-22,210.76999114644792,211.98671291582312,206.43962178059112,207.36892700195312,11465075
2013-11-25,209.23709643671583,215.56020152901152,208.87304914812282,213.73033142089844,10727185
2013-11-26,214.41052638863877,216.09668073853186,212.5423411052268,213.8548583984375,7324655
2013-11-27,212.6860731982162,216.66195565605327,211.440611287297,214.76502990722656,8549025
2013-11-28,217.59123096793755,219.3540453256529,213.35667274702618,214.65003967285156,10909630
2013-11-29,214.98535804421138,222.24734312419673,214.96620766373866,221.49049377441406,9210385
2013-12-02,222.22817491228992,229.2027429208281,221.8832780495112,228.15846252441406,8985375
2013-12-03,227.2100335409191,229.9308787644989,225.3418480746799,228.7141571044922,8899090
2013-12-04,227.2579428137828,229.7392767498939,226.32863765925887,228.2159881591797,8248745
2013-12-05,236.25400091854283,239.50177423197763,235.26721532840804,237.88267517089844,10405365
2013-12-06,237.32700619794414,246.9840909061746,236.11028445421536,245.2117156982422,11096255
2013-12-09,256.7561553144481,257.25432837398597,248.5456995995859,249.76243591308594,10508465
2013-12-10,249.66662598436557,249.66662598436557,239.42511877484395,242.3567352294922,7427500
2013-12-11,239.8945475306627,245.9877311025683,237.62398475052694,243.9566650390625,9152360
2013-12-12,242.57708246404522,243.20939591072667,238.4000041056409,239.0706329345703,6403500
2013-12-13,235.67914009255333,239.319715099006,233.77262471284453,237.55691528320312,7975630
2013-12-16,236.07197211182094,243.70759517071676,235.62168960130037,241.69569396972656,8426820
2013-12-17,243.5638409582269,245.31706552819446,239.19515693668632,240.6801300048828,6818380
2013-12-18,239.53049481518735,250.0498283274769,239.12811753533052,245.80569458007812,10330635
2013-12-19,248.28702579273298,248.9001595871467,238.17006966851488,240.8525848388672,11220600
2013-12-20,239.51132172621755,246.02601798228193,239.4634165381501,244.84764099121094,7252380
2013-12-23,245.45121053643777,249.9540057753511,245.45121053643777,247.41519165039062,5821480
2013-12-24,248.32534242687143,248.70855468240867,244.9721694071732,245.8248291015625,5070345
2013-12-26,246.75419082984183,252.7323852531394,245.09677624708672,248.52658081054688,13471165
2013-12-27,251.00787975908912,251.83178471985087,247.23317877029896,248.03793334960938,6232180
2013-12-30,249.0917778941934,250.24144394859397,245.84399029470626,246.4571533203125,7064845
2013-12-31,247.54932071796782,249.61867268354305,244.56978485287118,249.0055389404297,6365405
2014-01-01,249.37916385463254,250.04980721638455,246.8307892493038,247.5972137451172,2849425
2014-01-02,247.55891185194056,253.88201699046866,242.06931610607495,243.7842254638672,12972060
2014-01-03,241.04420011341176,243.24769257914195,238.66823727569232,241.599853515625,12018740
2014-01-06,240.95797141125914,241.8106311550894,237.9018191424058,240.7184600830078,9181445
2014-01-07,240.94838922576838,242.5387479076536,232.9008146776006,236.4934844970703,15100310
2014-01-08,237.59524714074794,238.55329249212193,231.30088216528713,232.1822967529297,13901845
2014-01-09,230.88893685319817,231.95236781100095,225.3706007205691,227.02801513671875,25553735
2014-01-10,228.77164875548434,229.26983644389486,222.0557559367509,223.04254150390625,19877740
2014-01-13,223.22455100442536,229.9308679873909,223.22455100442536,227.03756713867188,8470360
2014-01-14,227.0567511438744,228.69501514760816,224.03891409636904,225.53346252441406,12100565
2014-01-15,227.0567263571976,227.63155935997645,223.49279682463373,225.77294921875,14202760
2014-01-16,227.0567520840154,229.45186550262315,223.93352944885126,225.3610076904297,18979890
2014-01-17,225.71549662540298,227.6315873790359,219.3923912909694,220.91567993164062,18932820
2014-01-20,218.9516774149356,223.79939915578623,216.95895595533568,222.87966918945312,9875240
2014-01-21,223.2054188703826,228.43635331948894,221.97912189671172,227.7369842529297,10979910
2014-01-22,227.24835598157486,230.39074358615576,224.77659720383522,227.79444885253906,11839660
2014-01-23,226.72142779799728,233.8013823987158,226.35738050313574,232.9966278076172,15027160
2014-01-24,230.5057194634314,235.44922241088594,228.97284103998666,230.81228637695312,14064340
2014-01-27,225.33228145931227,226.78851460125782,221.30849359048068,222.47731018066406,10879550
2014-01-28,221.6916771707582,225.90708527329954,213.70158285566478,214.93746948242188,12651355
2014-01-29,216.57572331462256,220.34084903458174,214.83208842895402,218.48223876953125,10925525
2014-01-30,215.1769599698595,216.26913092429388,211.72799136711419,212.4561004638672,11477500
2014-01-31,213.29921864408843,215.94341857843975,212.75314038985388,215.1674041748047,5722790
2014-02-03,213.0884236267036,217.2655015186186,212.82017212508973,215.3494110107422,6931690
2014-02-04,212.06334080554387,216.01048290882767,210.9615798988367,214.94705200195312,8545405
2014-02-05,215.56018269537668,216.51822795180058,212.97346342675425,215.31109619140625,7306550
2014-02-06,215.57935327565286,217.6678849718017,210.49213517129772,211.335205078125,10324800
2014-02-07,214.61174779790377,216.4033026616592,212.82020755276125,215.6464385986328,6262595
2014-02-10,216.89187887347748,218.31937165944606,213.07886260252187,214.4009552001953,4396885
2014-02-11,215.24405263304777,216.86315165567066,213.9123701466287,214.78419494628906,4572215
2014-02-12,216.51824877455064,217.09308183113137,213.51956215560216,214.5255126953125,7384095
2014-02-13,214.6404684700816,215.5218830346476,210.0993429793729,211.05738830566406,5899360
2014-02-14,212.49444634104628,212.87765860616702,207.43596842467642,211.3543701171875,8778435
2014-02-17,212.8776722128662,214.6021567533566,211.72802072540986,213.6920166015625,3941195
2014-02-18,213.6441097624629,225.42807030985472,212.40823771216964,223.30120849609375,10684885
2014-02-19,223.12875904767006,225.7154932209488,221.8833117714835,223.44491577148438,7007375
2014-02-20,221.116854261464,224.54665812916835,219.6701965280834,221.85455322265625,9773920
2014-02-21,222.26651664673355,229.54766700501946,222.26651664673355,228.65667724609375,9309810
2014-02-24,227.05676357041122,238.53414355978833,226.66396144142146,237.2503662109375,12811810
2014-02-25,237.78686399385413,239.70295478287568,234.74986184748843,236.9725341796875,9506545
2014-02-26,236.06236067894096,238.9364966350252,235.33425149943307,237.4515380859375,9380195
2014-02-28,237.69105608999212,243.6500993090927,237.23118379870516,242.7782745361328,9366255
2014-03-03,241.4274051734039,246.35177183660053,239.0514570252258,240.56517028808594,9655975
2014-03-04,240.46937478184665,250.0306775794494,240.46937478184665,247.85589599609375,11947275
2014-03-05,249.09180886635244,251.81265434704085,247.95173247910142,250.5576171875,13213960
2014-03-06,250.60551461515632,255.79813379094782,250.43307345200694,254.74427795410156,9941880
2014-03-07,255.60643730227144,272.7842092621338,254.70587251180476,269.5555725097656,23583950
2014-03-10,266.7198379696406,276.2619621266735,266.7198379696406,273.3399353027344,16911865
2014-03-11,273.2345236203185,278.40796224832064,270.17835685973444,271.6058349609375,19830435
2014-03-12,271.60583104298667,273.0237485523144,266.7293841810518,267.85028076171875,10747045
2014-03-13,270.14962972795274,273.042916067549,263.47205268130307,264.640869140625,10533955
2014-03-14,262.6960831621956,262.6960831621956,255.0317192973581,259.6111755371094,13711595
2014-03-18,261.5463942501817,264.99536353828853,257.3118207169901,258.49981689453125,9473510
2014-03-19,260.2051075506846,268.0515008430848,258.9308909375409,265.4839172363281,20189155
2014-03-20,260.8757311642482,265.07197437956347,257.8578942279753,260.08056640625,12914880
2014-03-21,255.79806797523617,270.5423976126178,253.32632422771707,267.1509094238281,64854420
2014-03-24,268.6168090353483,273.04297468384556,267.1510005512715,270.302978515625,15594445
2014-03-25,270.43704147255914,272.26691160794365,267.51501483650696,268.4251403808594,8412610
2014-03-26,270.46583138726805,275.457240414948,269.3736746858137,274.0201721191406,13856980
2014-03-27,274.00095333421547,281.45454453165036,271.3184382132448,273.9913635253906,21452140
2014-03-28,274.9206858095084,281.64618288713683,274.0105602681512,280.1228942871094,10456480
2014-03-31,281.8569634078496,282.6233880194531,277.8523114861306,279.8450622558594,10543390
2014-04-01,281.66530104753116,283.37062040819404,278.5133240160537,281.3778991699219,11106200
2014-04-02,279.366022100606,282.5563001625758,275.4188800468641,281.1192321777344,6919030
2014-04-03,281.45452239865915,281.45452239865915,273.6368699273087,274.93023681640625,5572305
2014-04-04,274.00095645889684,277.928948045787,271.7016535808121,273.646484375,8209800
2014-04-07,273.59858837879307,275.8308505002789,270.1879491447418,272.4776916503906,5393885
2014-04-09,273.7135679401756,285.49751403953536,272.3052401074715,284.3382873535156,8360910
2014-04-10,284.4341072658129,290.78592358406706,282.7670884211682,288.12255859375,10369990
2014-04-11,284.5394516343559,288.68777488303124,283.5814063426577,286.5992431640625,5411945
2014-04-15,286.26395542332835,286.52264639459685,274.82489094448573,276.9134521484375,4690300
2014-04-16,277.2583305370421,280.64981941040736,273.4261489698757,274.3746337890625,4174880
2014-04-17,275.3422085079964,282.17307605426885,275.3422085079964,280.64019775390625,6318240
2014-04-21,281.66532782753325,289.32969048950696,281.4737070660946,288.1417236328125,5660175
2014-04-22,288.56325492768536,289.6745617425887,285.13343639423863,287.4327392578125,4972865
2014-04-23,285.88072865072246,293.89956360999736,285.88072865072246,291.20745849609375,8169030
2014-04-24,291.20745849609375,291.20745849609375,291.20745849609375,291.20745849609375,0
2014-04-25,291.6289986537336,296.61084616795995,287.6339659176108,293.6792297363281,12287160
2014-04-28,296.9940550030681,297.9137703418163,292.2038283094702,293.0756530761719,8868885
2014-04-29,294.31153323899395,296.02641330656576,288.8889932333279,292.85528564453125,5984595
2014-04-30,294.67555124717626,296.7066317786007,286.86748814504915,290.7092590332031,6673185
2014-05-02,292.2708974575014,294.8288621299126,290.9583800260935,293.19061279296875,4528060
2014-05-05,294.30194936952535,299.8490400563772,291.5331843121278,297.2910461425781,7227275
2014-05-06,297.9520903135212,299.5328592217594,292.87446188409615,294.4935607910156,5337910
2014-05-07,293.8708142624349,298.1437174718644,290.6134659979203,294.63726806640625,6034730
2014-05-08,295.4611427958962,298.79515071843815,293.73667307846904,297.7125549316406,6485510
2014-05-09,298.1245461571849,316.1549667313425,296.56292755264695,312.13116455078125,11327365
2014-05-12,316.7297831120293,324.15463421245437,314.06641833839797,315.493896484375,9777475
2014-05-13,320.9452045894736,322.2864622835965,314.23888688163385,315.91546630859375,9343160
2014-05-14,316.5381221801882,319.9870906816861,312.3897994078827,313.56817626953125,6712060
2014-05-15,314.2388805373573,320.9260477278518,314.0568495785559,318.8470764160156,7888990
2014-05-16,335.31584997802037,354.2947247477986,322.669640512532,336.2738952636719,19275385
2014-05-19,340.48935429844676,363.9423179368803,340.48935429844676,356.3162841796875,11546880
2014-05-20,358.30895597495027,362.67764037192364,352.7618652882738,355.8084716796875,6207320
2014-05-21,356.0096810537601,357.77248110390343,346.82202905838284,347.7992248535156,5343765
2014-05-22,350.4529471796638,356.00962727386207,345.8734919702014,352.8768005371094,4446910
2014-05-23,353.7582368409617,358.9700057565538,352.56068018273226,357.2550964355469,5853140
2014-05-26,359.65022094266953,369.57558603826254,354.0935695704769,358.87420654296875,8715260
2014-05-27,356.22044990926213,358.7496745779821,350.6542084388582,354.2947692871094,4665425
2014-05-28,354.29474699692145,359.26700468068,349.73444179492975,356.37371826171875,5950100
2014-05-29,356.2012399232441,362.79259643318676,354.5725804140695,357.48504638671875,10555410
2014-05-30,358.1173336623179,358.1173336623179,349.49492566816366,351.822998046875,3890590
2014-06-02,351.07573956884374,365.39850039113065,349.2171292012794,364.2201232910156,5954760
2014-06-03,365.9541839065025,368.8283200396595,361.75794047413734,363.99017333984375,6000185
2014-06-04,362.52435327469806,370.38033681102934,360.43582143622405,368.78997802734375,4109700
2014-06-05,368.8474806239989,373.6377076450898,367.3146021298047,372.9383239746094,5422885
2014-06-06,374.6723688032718,380.0566083184884,372.698797688646,378.15966796875,4047810
2014-06-09,380.3439812232937,381.225395757005,375.7261958952867,376.94293212890625,3942460
2014-06-10,377.0866740638099,377.3453357955694,368.9049581879362,370.2845458984375,4218745
2014-06-11,370.9647536163185,377.18248818501024,369.42231454592184,371.8749084472656,4870360
2014-06-12,372.49442938886284,373.26886383153783,366.38621989147043,368.3803405761719,4192650
2014-06-13,367.65423764271617,369.3773132489326,350.5590186539712,351.9723205566406,6276850
2014-06-16,350.81074186958864,352.7467835239922,338.807289520617,343.279541015625,6851985
2014-06-17,342.67934356021647,357.7804730830642,340.84977017308154,356.1542053222656,7990990
2014-06-18,357.19972338544517,363.1820856464564,352.9500973201879,357.8773498535156,9690125
2014-06-19,358.57425856227434,361.45894148538144,353.57926795634575,356.5801086425781,5141745
2014-06-20,354.295688826815,364.6922249964357,353.90848633205695,361.33319091796875,5838570
2014-06-23,360.49098702600577,365.9022204587273,359.1454533001828,364.5469970703125,5348310
2014-06-24,364.16944732865824,373.65603962687703,364.16944732865824,372.6880187988281,5401370
2014-06-25,374.4304503642077,374.4304503642077,368.8159412898419,370.30670166015625,4149915
2014-06-26,370.8003631263744,375.3984620194156,369.33867177711977,373.1913757324219,5944135
2014-06-27,373.35594482733876,374.95317323948785,367.88663321402805,369.6290588378906,4505300
2014-06-30,374.0432752184746,377.52815641680667,369.97760510513206,371.49737548828125,4887415
2014-07-01,373.2688248134769,374.70147668477614,371.0230094769561,371.72967529296875,4136855
2014-07-02,375.5921032667279,375.8824977154792,372.34922739462536,373.04620361328125,3797820
2014-07-03,375.0112542962868,377.0828330008993,370.3453869218656,372.82354736328125,4618140
2014-07-04,372.6880612880124,377.14096351303124,371.1779509874245,374.79833984375,4327275
2014-07-07,375.10806622584136,376.00831849478715,370.7616622150302,372.3008117675781,3179705
2014-07-08,372.4557025175188,373.07522048458736,358.5549080925433,365.57305908203125,4531395
2014-07-09,363.956471032467,370.15179824436626,360.93622132136886,362.73675537109375,5950625
2014-07-10,363.02713032415863,375.3210056419147,353.33726272382023,360.5006103515625,8857260
2014-07-11,360.1231019917809,363.04654383304586,349.95888317940216,351.71099853515625,5105850
2014-07-14,351.9336510084834,360.26832572631804,349.9008013547444,357.50946044921875,3296985
2014-07-15,359.10668760250087,368.51585122859774,358.55490864076324,367.63494873046875,3557585
2014-07-16,374.1206901646897,382.36821676213447,369.01920163186514,380.1998596191406,6120160
2014-07-17,381.40019684478347,381.5938128222786,376.79240836358434,378.34124755859375,3613160
2014-07-18,376.5601370829168,389.1153695704067,374.1400847880394,386.3952331542969,6500310
2014-07-21,389.91878013162204,394.5652978599688,387.71169381169403,391.72900390625,5750940
2014-07-22,393.8683052534377,394.11031045185416,387.6342489788974,390.36407470703125,5523135
2014-07-23,390.8480956523431,395.5429729950111,384.11064947660554,387.218017578125,8698735
2014-07-24,387.20835533912043,389.3186337857219,383.8202822299031,386.5694580078125,4828895
2014-07-25,387.01474287740945,388.95078467177694,381.66158849764935,384.4494934082031,4277980
2014-07-28,390.54800568056993,394.32328091257756,381.0129948408741,382.70703125,5838272
2014-07-30,387.1114878150168,390.7899843500802,379.60932708394415,388.85394287109375,3945078
2014-07-31,389.1443567570002,390.4511907290664,377.576496524305,379.1253356933594,5899359
2014-08-01,375.59210536276646,384.30429337375847,372.59123469509416,374.62408447265625,4556225
2014-08-04,379.1738063567285,381.6422478872131,374.81771221470575,378.3509826660156,3189855
2014-08-05,379.94816788138974,382.8522303110564,374.4788562138476,380.3837890625,4565734
2014-08-06,379.46418970974696,379.5125789376915,369.9775967836646,370.94561767578125,3328178
2014-08-07,367.8962801975605,374.1884151747804,367.8962801975605,368.9127197265625,3629281
2014-08-08,363.00782566121967,365.2342618419475,357.2480896774007,359.1357421875,4082447
2014-08-11,362.0397860116332,365.8150612943334,360.68456277446535,364.70184326171875,2245416
2014-08-12,364.94388657834776,370.8972093237486,362.57222350938656,369.6387939453125,2849902
2014-08-13,366.05711267804975,368.4771650288787,360.10378980334156,361.9430236816406,2422893
2014-08-14,361.5558140915608,367.3155503897346,359.13576178840447,365.7182922363281,2695108
2014-08-18,365.71827395682845,383.82027609631706,363.830650979707,382.0778503417969,5628495
2014-08-19,384.59470698938406,389.04760921412026,382.6102758824305,385.12713623046875,4398164
2014-08-20,385.6595423541103,386.1435528313472,379.8030273962046,381.5938720703125,2593423
2014-08-21,382.1746032381324,389.28956208631246,380.52898558928,385.9014892578125,4041960
2014-08-22,387.2083461184412,392.04845044492174,387.2083461184412,389.9187927246094,3805460
2014-08-25,389.62836898755876,394.3232757395898,384.9818810001436,385.998291015625,3188868
2014-08-26,378.49615770956063,387.4503506988533,377.52813684585334,384.8851013183594,2960035
2014-08-27,386.2886854367196,389.6767582105245,383.965441443012,385.998291015625,2117053
2014-08-28,386.7243728397626,389.04761723134504,379.6094128879466,384.54632568359375,3524112
2014-09-01,386.19192180154704,393.8876696721944,384.7882797819085,392.4356384277344,3827810
2014-09-02,393.9844593381328,398.6309472876228,393.30683297224266,396.1625061035156,3827990
2014-09-03,397.856546879705,401.63182207315316,395.04929248158453,400.47021484375,3913893
2014-09-04,398.2437280683841,404.00346331032665,395.92048419172573,403.0838317871094,3577070
2014-09-05,402.69664361676763,405.8427111450236,400.4702076442002,402.64825439453125,3236260
2014-09-08,404.29386847573363,409.90840666385645,401.48661415249694,407.29473876953125,2644489
2014-09-09,407.2464055748948,408.5048209317198,402.45469028995853,405.31036376953125,2014481
2014-09-10,405.6007467684339,405.6007467684339,401.2930420564995,403.1806945800781,1554785
2014-09-11,405.01989123175366,410.2471975714075,402.8418444617604,405.11669921875,2920679
2014-09-12,404.6327125591889,406.3267490352142,400.9058264036029,403.6163024902344,2314502
2014-09-15,401.6318465854187,401.6318465854187,396.59815586749,398.48577880859375,1665845
2014-09-16,397.8565504837512,400.7606128960414,384.64307241616115,386.385498046875,3811175
2014-09-17,388.17632848278066,389.8219756072228,382.9974114587827,385.223876953125,2328500
2014-09-18,382.94902241101386,393.4036349073697,381.20656730052156,392.33880615234375,3458236
2014-09-19,394.6620967440907,397.7597456165194,385.4658990330027,394.6136779785156,4701389
2014-09-22,390.88680284056835,398.82458553436936,389.19276637288596,395.1461181640625,2407552
2014-09-23,393.9844865029494,396.5497358507193,385.3691068341883,386.3371276855469,2235528
2014-09-24,386.24033253859517,388.07956630901975,380.5774044614656,384.3042907714844,3007551
2014-09-25,381.8842028951679,382.70702647767,363.24980262715275,365.76666259765625,6647739
2014-09-26,363.00780765879597,379.2705456252496,358.40970876178454,377.0924987792969,6000406
2014-09-29,379.1737477264394,379.1737477264394,372.20398636025084,373.70440673828125,3209235
2014-09-30,372.68803093675956,373.3172385871535,364.41146440404566,365.6214904785156,4660370
2014-10-01,363.58863346634104,369.2999505148591,362.0397942137806,367.7995300292969,3024329
2014-10-07,365.4278940543411,372.6396616609492,360.394173498388,361.6526184082031,3348273
2014-10-08,360.82975281889014,368.08990881122196,360.4425504076292,366.8798828125,3182969
2014-10-09,368.8159336263935,377.33450505359724,368.8159336263935,375.0112609863281,3069354
2014-10-10,371.7200050927012,371.9620103043501,365.47625881549897,367.0735168457031,2560762
2014-10-13,363.9274715165385,376.5601325262726,361.0717980264773,374.52728271484375,2666892
2014-10-14,376.7537036712027,387.88594276762416,375.15644573274386,384.40106201171875,4935617
2014-10-15,384.40106201171875,384.40106201171875,384.40106201171875,384.40106201171875,0
2014-10-16,382.36823542189654,389.580002564869,377.77013638834205,381.0614013671875,4382823
2014-10-17,383.2394410775992,392.04843654786924,381.93260704744273,388.7571716308594,4816107
2014-10-20,400.6154046829088,405.9879081814571,396.88851878114616,404.48748779296875,6484171
2014-10-21,405.60076730737353,411.2152768520072,404.63274638301226,409.521240234375,3970498
2014-10-22,413.3448755131619,414.2160883120025,406.32672481650985,410.8764343261719,2526798
2014-10-27,411.0216779084233,415.23257470983077,406.90758910484254,413.15130615234375,2876993
2014-10-28,413.5385230279497,416.829788042181,409.0856211655651,410.63446044921875,1995946
2014-10-29,413.2965370795945,415.28096811757416,408.9888322370049,411.9412841796875,1931522
2014-10-30,411.4088760181925,417.507395775448,408.5048133639464,416.4425964355469,4258888
2014-10-31,418.18494972204627,426.3163178360898,417.94294454280896,425.3482971191406,3941516
2014-11-03,427.8652236827098,432.705328023012,423.4123217813014,431.01129150390625,3817449
2014-11-05,431.0112690627402,446.01559173645717,429.4624298461554,443.3051452636719,4713467
2014-11-07,447.12882768319275,457.29304667585563,445.62840717236526,454.0501708984375,6220448
2014-11-10,455.9378087543898,460.19709447773533,443.9827456526058,445.7735900878906,4280640
2014-11-11,446.2575990860028,453.7113712344685,446.2575990860028,451.77532958984375,3472821
2014-11-12,454.00179674106636,467.26369473118734,451.4365472946767,465.76324462890625,5416022
2014-11-13,468.47367193809237,470.3612947487709,455.01815935821196,458.45465087890625,5237971
2014-11-14,459.80984489787875,464.40794334685756,455.50214085007093,461.6490783691406,2753729
2014-11-17,462.61716354810716,462.61716354810716,455.9378255157609,460.6811218261719,2141989
2014-11-18,460.6327022934521,464.55317470577114,456.13141149443567,458.84185791015625,2773087
2014-11-19,460.68115371287735,460.68115371287735,452.06577336226985,455.1634521484375,2667750
2014-11-20,455.9377945610109,456.6154209343434,448.09682021118573,451.7268981933594,2510781
2014-11-21,452.5497616628078,467.0700748712401,451.1945383383513,461.69757080078125,4741296
2014-11-24,463.6819850039753,467.1184471889098,460.1002960588914,462.8591613769531,3562884
2014-11-25,463.6819414897479,464.5531542606264,451.72687926117095,455.6957702636719,3474162
2014-11-26,455.84098073155025,458.5998458709774,449.16164323827655,455.2601623535156,3726653
2014-11-27,455.21186181999326,457.3899090057348,447.85489652871274,454.3890380859375,7283496
2014-11-28,456.7122258713803,470.2645177909068,455.98621023283425,465.8116455078125,5227699
2014-12-01,468.90928629035596,477.4278873583453,465.7632185784531,473.50738525390625,4634567
2014-12-02,473.362200011588,478.9767091766597,469.0061061464507,477.2342834472656,4191689
2014-12-03,478.20226614655405,484.6880172004244,474.95939061961894,483.09075927734375,3424250
2014-12-04,485.3656180352747,486.6240627868437,475.4918237055683,483.9620056152344,2709507
2014-12-05,485.9464647415607,490.20575055606474,480.6223500880177,482.6067810058594,2798293
2014-12-08,483.9620531181406,486.9145049997883,479.6543483646026,480.71917724609375,2150646
2014-12-09,480.0899208401861,480.138310062847,471.4261229850937,473.1685485839844,2722580
2014-12-10,472.9265910937895,480.2835557210218,470.9421600981153,473.6042175292969,3317262
2014-12-11,473.16856178489417,478.8799082174153,464.7467984330976,474.814208984375,3583840
2014-12-12,475.491833705365,477.7666589756244,466.1504092552163,467.9412536621094,2915819
2014-12-15,464.6500045064237,471.8133528342341,460.100294728971,461.5039367675781,2929634
2014-12-16,459.80988518666413,461.2619164030431,450.371682280201,456.90582275390625,5702983
2014-12-17,453.37253778758225,465.13398434499993,449.3552574627556,459.6646728515625,5852857
2014-12-18,467.55407956122235,474.33022564181977,464.650016955252,472.3457946777344,3782348
2014-12-19,481.00953710175315,481.00953710175315,472.68455218378983,474.57220458984375,3189647
2014-12-22,475.68540857526517,484.7364088373225,470.9421126297701,482.36474609375,2813921
2014-12-23,484.9783977195742,489.81850148923064,476.79861053219526,478.0086364746094,3753789
2014-12-24,478.2023118532301,481.78400090441943,475.4918652221401,478.4927062988281,3181539
2014-12-26,479.89632419190605,484.0104126998548,472.39416279505826,478.6379089355469,2133879
2014-12-29,479.17031563056474,483.6232174013205,475.4918482565261,478.2991027832031,2230958
2014-12-30,479.2186769455169,483.96200241690303,474.3301838066189,482.8487548828125,1996949
2014-12-31,484.0587938714665,488.8505086941386,483.0423838383667,486.3336486816406,2356002
2015-01-01,486.57562719569347,487.88246112489355,483.090746565043,486.96282958984375,1351985
2015-01-02,487.1080810727541,500.3699779228175,485.6560498647172,497.85308837890625,3852825
2015-01-05,500.36993696822975,503.75800950967334,498.6274523945646,500.9991149902344,2561430
2015-01-06,497.1270606116049,497.1270606116049,480.86432329615536,483.09075927734375,5284530
2015-01-07,482.8487799803808,489.189334165417,478.6863022125841,482.7035827636719,4245189
2015-01-08,489.8185438649972,490.78656470267504,478.83150144902316,485.8980712890625,5637844
2015-01-09,488.75370717970577,489.7217280018251,471.42614037210046,479.1219177246094,5078463
2015-01-12,479.17030914298266,487.6888805999752,476.4114438789807,485.5108337402344,2290147
2015-01-13,487.8825361783015,495.3363089643537,484.3008470127121,488.3665466308594,4069260
2015-01-14,488.36652630983536,489.5765523908806,478.39592321868406,483.62322998046875,2973231
2015-01-15,506.71050320281313,507.1945136062768,494.75544032892947,497.611083984375,6670800
2015-01-16,500.07958404387523,504.8229101890418,496.2075003607378,498.337158203125,6920742
2015-01-19,502.83834952112977,514.7933811783126,500.3214603257856,512.0345458984375,6113156
2015-01-20,515.5194360985705,536.9611192405222,514.1157942012104,533.7666625976562,6934581
2015-01-21,535.3155093203947,538.9939765912885,528.103742450503,529.7493896484375,4459351
2015-01-22,532.1211161795919,549.0130931975145,530.2818527822343,546.6898193359375,5546866
2015-01-23,552.7399249067274,558.9352821992495,542.3820896285916,547.0770263671875,4975114
2015-01-27,552.6431061160342,578.6828305518213,548.867801309684,573.1651000976562,5376830
2015-01-28,571.1322848707007,580.6188771078248,564.7917603044746,571.7130737304688,6370073
2015-01-29,570.1158832072889,582.7485433010581,563.4849050303765,580.3284912109375,5424486
2015-01-30,583.4746212156593,584.7330366202009,565.0338341369942,569.2930908203125,4497194
2015-02-02,567.2602240315575,601.1409541358315,565.711414288684,597.5592651367188,6307718
2015-02-03,603.0769857704632,605.5938163313685,565.8081832790301,567.8410034179688,9290016
2015-02-04,572.1002217851155,573.068242464955,535.5574411211763,540.736328125,10773056
2015-02-05,544.4149664712422,560.0000790037993,540.7364398610982,547.8030395507812,6865785
2015-02-06,549.8358689231736,553.2239420591438,528.2974039873627,545.1409912109375,7706020
2015-02-09,537.2516152377096,551.3846971583872,532.4115105959285,535.8963623046875,4334546
2015-02-10,529.4106074559303,551.5782486735992,523.2152506054498,536.3803100585938,9809275
2015-02-11,541.4624678748294,554.3371931374675,537.735611035628,551.0458984375,6200994
2015-02-12,554.6758851284085,562.9040614348509,545.9636984509989,560.2420043945312,5849894
2015-02-13,563.5333147780644,569.9222282254892,558.0639737953197,562.516845703125,4633409
2015-02-16,564.3561319570903,565.3241527666221,547.9965566426808,552.062255859375,4284303
2015-02-18,553.7080163863586,555.6440584016956,545.963848325011,551.2879638671875,4695905
2015-02-19,555.6440112229102,557.1928210703476,535.5575770192946,547.173828125,5349212
2015-02-20,548.335477715456,552.5463452051963,536.2836050982997,543.5437622070312,6025707
2015-02-23,545.4796713628332,548.8677438557701,528.5876981171033,531.4917602539062,6089272
2015-02-24,532.3146655450947,537.9291744105371,524.6672775344274,534.1538696289062,6155111
2015-02-25,536.4771886415793,540.736445104316,532.5082675456516,535.3155517578125,4185156
2015-02-26,534.9766600756278,539.8167635447521,526.4096414853011,534.6378173828125,5579001
2015-02-27,537.8323133861935,552.1106196695589,532.7502043700804,549.0130004882812,5791546
2015-03-02,609.8531046682023,629.213520689415,608.5946894434836,626.8418579101562,13205219
2015-03-03,628.2455169515135,628.2455169515135,608.4494792155026,611.2083740234375,6817671
2015-03-04,630.0847399620342,633.9568230244322,588.7018522326555,593.1547241210938,10097232
2015-03-05,593.3967888857431,602.1089766507868,584.2005906893083,597.0752563476562,6914112
2015-03-09,590.4926350289402,590.4926350289402,570.3094267928266,572.6810302734375,6043383
2015-03-10,572.9715291139736,575.7787539544039,561.4520580820731,566.727783203125,5791801
2015-03-11,566.5342690960023,573.7460370933824,561.4521590357647,565.1790161132812,5816344
2015-03-12,568.7121926324367,574.5203171529382,564.0657048326951,565.4208984375,4512080
2015-03-13,570.6482560007196,572.051897963607,546.0605042886577,551.7718505859375,6749149
2015-03-16,551.287807234094,555.4502845677536,541.2203679813994,550.4165649414062,6445254
2015-03-17,556.5151673600186,567.0665583609366,548.9161688238421,561.548828125,5627580
2015-03-18,565.5661105248236,567.0665308370706,557.3379343340474,562.6620483398438,5847672
2015-03-19,569.1963224462844,576.5048688515091,540.639704228316,545.5281982421875,7705218
2015-03-20,544.995687982795,545.9637087429776,534.0570652093915,538.4615478515625,8160665
2015-03-23,541.9949618159916,544.027782208714,534.9768098213062,537.4452514648438,4191424
2015-03-24,536.2351785507558,547.899818343709,533.6215103568367,540.2040405273438,6309451
2015-03-25,541.9464291135598,549.0130283227791,536.1867525365932,544.2213134765625,5578540
2015-03-26,542.0916769821653,543.4953190338691,520.3112078177032,526.8937377929688,9233047
2015-03-27,530.4755067403407,533.6215749828701,509.275823257356,528.9266967773438,10655577
2015-03-30,534.8315784890682,547.3674616929401,531.782288842639,545.5281982421875,6631597
2015-03-31,549.7391123682191,555.1600059684145,539.429665781864,542.2853393554688,5970862
2015-04-01,539.8651846426284,553.7078695650963,537.4935219860484,551.4330444335938,3753262
2015-04-06,553.659640580681,553.659640580681,544.1245979739028,550.8523559570312,4305263
2015-04-07,552.7399979912063,554.676040015694,537.2516617953057,540.010498046875,6754389
2015-04-08,543.8340284953085,545.9636858952471,533.4761949781545,538.1227416992188,5750765
2015-04-09,542.0916127895289,558.5479653206396,537.3482875443018,553.8530883789062,9653162
2015-04-10,555.0631631580471,556.4183568593295,547.3189965793973,549.8842163085938,4938698
2015-04-13,551.7719249927535,553.3691831457926,544.0277576244341,547.8998413085938,4596222
2015-04-15,548.7710631290136,555.1599773342369,524.03808226012,532.6051025390625,8869483
2015-04-16,534.3474888431876,538.6068040542439,525.683690749088,533.1858520507812,7288785
2015-04-17,532.4114169705177,532.7502006025434,514.7934273559246,516.6326904296875,6618167
2015-04-20,517.0199575455895,521.0372680575733,490.7866138507937,501.6768493652344,7836613
2015-04-21,501.6768212029269,515.6647347395731,500.0311738897969,506.4685363769531,7204472
2015-04-22,510.0986245918027,527.5713900037044,503.66126197953565,522.8280639648438,6947536
2015-04-23,525.8772624088655,531.1529872124154,518.4234909593515,520.98876953125,5464184
2015-04-24,520.7952319995777,521.0372372189083,503.2740777533602,510.3890075683594,6533254
2015-04-27,512.4702126757974,523.4572246405743,505.64561906849116,507.4364929199219,7839080
2015-04-28,507.14616610877147,522.198879078316,502.4996185865776,517.8911743164062,6322607
2015-04-29,518.7623508270879,541.9948491526159,518.1331136974521,534.299072265625,9301407
2015-04-30,545.2860576557114,563.7752887863603,541.1235803924288,549.6421508789062,15658642
2015-05-04,553.127071052273,557.5799427954457,544.8020572897241,550.174560546875,4309985
2015-05-05,550.8039283408295,555.8860384002132,544.5117920768306,547.754638671875,5385676
2015-05-06,546.0121530137646,547.803027050639,523.8929000468289,525.9257202148438,7698992
2015-05-07,522.3923890099069,527.3776601136032,506.56521527788243,510.4856872558594,5848608
2015-05-08,518.6171222126328,530.4753765236076,516.4390755024538,523.505615234375,10010992
2015-05-11,528.055364293845,534.3474997070622,525.7320906617975,533.4762573242188,6700085
2015-05-12,535.3155205295286,536.1867629123552,512.9542629255403,515.3258666992188,4943428
2015-05-13,520.7951032865656,546.1572558208967,518.0846573166023,540.6395263671875,7971625
2015-05-14,539.5748815400472,540.9300753707755,529.9914508502537,538.0744018554688,4929250
2015-05-15,540.6396486142831,549.1582203389037,539.1876173288374,544.0761108398438,5825462
2015-05-18,545.2862286113038,551.6267544740359,540.7849663194318,549.3519287109375,3944770
2015-05-19,547.8997216701271,552.6430467808015,540.7363447852914,543.4952392578125,6047850
2015-05-20,544.7537379044884,548.7225997894402,538.7036075412667,540.3976440429688,4763209
2015-05-21,542.0916895787007,553.7079400696729,542.0916895787007,552.20751953125,6157883
2015-05-22,553.0303077299799,558.209254801833,545.7217620241883,550.465087890625,4265332
2015-05-25,549.9326369849169,551.5298950664351,542.2853075011137,544.12451171875,3426379
2015-05-26,544.9956625827288,548.6741294833242,540.3491749670661,546.2056884765625,2475418
2015-05-27,544.0276120179471,560.9679736021359,543.301596521482,559.3223266601562,4120709
2015-05-28,560.4357326018375,567.0666523787884,552.1591654173536,556.2732543945312,8272414
2015-05-29,557.0960130719908,568.5186475702724,556.3216081893337,566.679443359375,3421723
2015-06-01,568.1314479751053,570.0674896324294,558.6447965875747,559.95166015625,3142413
2015-06-02,563.3881178416661,563.7753498034004,530.8626418882516,535.4122924804688,6978299
2015-06-03,535.5576015245382,536.2836172518648,521.327681452276,533.2827758789062,5114150
2015-06-04,542.0917242957427,542.0917242957427,528.5394311883491,538.6068725585938,7432416
2015-06-05,538.2196059070097,539.4296319994266,528.5877863947106,530.8626708984375,7028734
2015-06-08,529.5074478108598,539.6716675586002,526.6033850257911,535.8963623046875,6286247
2015-06-09,534.3958294628789,545.963688944225,532.8470199360719,540.8331909179688,5252618
2015-06-10,541.0268609374893,549.5454323526712,540.9784126297576,546.44775390625,7919473
2015-06-11,549.7390447399308,551.9654807988563,527.6197336564121,529.265380859375,7608358
2015-06-12,529.5073592491917,534.8314734646773,523.5056186805302,533.8150634765625,5518696
2015-06-15,536.1868773894046,537.2516768994828,527.9102502353819,532.4599609375,5896234
2015-06-16,532.4114107110465,536.235104477358,522.7795924642508,533.524658203125,6283177
2015-06-17,535.4124041801699,539.5749418456608,530.0882885537476,531.685546875,4522392
2015-06-18,534.0572192859328,537.0580608749281,529.8947406329241,532.4599609375,5579425
2015-06-19,536.283528032406,537.6387807979384,530.7174083822501,533.911865234375,6783585
2015-06-22,538.7519294297912,557.4831661431218,538.7519294297912,553.8530883789062,7325101
2015-06-23,557.1926895829572,560.9679939347313,548.1901089171433,553.0302124023438,6608481
2015-06-24,553.7079484327155,558.9352848659272,549.0614599828084,553.2239379882812,5427984
2015-06-25,549.9326598932016,559.419312156433,548.9162497459433,551.8203125,5953158
2015-06-26,549.9326019728215,551.4814707285054,542.0916569960212,547.415771484375,4432487
2015-06-29,536.28358948321,549.158255897824,528.5394221260517,544.7053833007812,5390158
2015-06-30,543.1080151988904,547.8997295977206,535.315460189999,541.0751953125,5479844
2015-07-01,540.9300152006115,561.9360785317219,539.0423628100721,560.145263671875,7663185
2015-07-02,561.548852891304,567.8894365158774,557.6767696192845,565.3241577148438,9886455
2015-07-03,563.2429319233556,569.6802944832949,562.4201377991408,567.2118530273438,4422432
2015-07-06,557.0960286090012,567.0666320741343,555.1599868067111,565.517822265625,4973984
2015-07-07,566.5826149877257,571.8583406538384,562.7589206563244,567.453857421875,4969526
2015-07-08,559.5161553431188,566.2923025531567,556.515313783428,558.2093505859375,6414143
2015-07-09,561.917230399642,563.4297756482512,552.6959216993877,557.86767578125,3602432
2015-07-10,560.3071895661192,568.8942608368817,556.9894290586312,564.11279296875,6853759
2015-07-13,564.112744601008,569.3333361413937,556.3551439014665,567.86962890625,5161182
2015-07-14,568.5040497165187,573.4319133113769,564.8936183517579,569.7726440429688,4566647
2015-07-15,570.4067980231692,575.1882663229353,567.4306046995398,569.8701171875,3307716
2015-07-16,573.1878508876529,598.6075578983832,572.7975050846751,593.9237060546875,14142842
2015-07-17,589.8739987892311,595.1433685074818,584.0191700171296,587.5320434570312,5847889
2015-07-20,585.4829326419747,588.8006930836407,576.0176133192487,585.3853759765625,4688323
2015-07-21,582.165278456456,586.4588445695156,568.6504021179454,570.5044555664062,4375934
2015-07-22,568.7479172838385,579.1402642997766,564.9910918779624,575.5785522460938,5900119
2015-07-23,575.7248791320932,584.0679989434284,567.3329809884443,569.6260986328125,5569255
2015-07-24,573.431751751784,579.3841375946587,561.1853530704298,566.4059448242188,13673495
2015-07-27,563.5272709542602,565.4301022224088,540.3519069972668,542.352294921875,9829067
2015-07-28,545.0846252666284,550.3539958588531,537.1318506005214,547.6705322265625,8129213
2015-07-29,549.6709601043661,554.4036502230064,548.4024254802403,553.4766235351562,4635380
2015-07-30,557.5749786080415,561.8197063655556,549.4757497840086,552.0128784179688,6484751
2015-07-31,553.9645490597969,565.2838640261406,553.2814736004591,559.6242065429688,6283549
2015-08-03,562.0637506743025,568.6016569080656,559.5266811786538,562.746826171875,4355574
2015-08-04,564.8934738701716,570.3091790905686,557.8188884273674,566.0643920898438,5903968
2015-08-05,567.9185029267219,575.2370403355714,562.5515754935656,566.3572387695312,3419273
2015-08-06,565.9669158661554,572.3096485439657,564.9423324991146,570.6019897460938,3125993
2015-08-07,570.7483208814635,570.7483208814635,562.0636332799903,566.2595825195312,2298504
2015-08-10,568.6503659406674,570.55319760968,556.940705895557,561.9661254882812,2402572
2015-08-11,563.7226045569067,566.7963548125663,552.6471812045418,557.4286499023438,3168648
2015-08-12,555.6235029444978,556.0137892882086,542.5476894825212,544.3529052734375,4787034
2015-08-13,549.8660563007522,557.6237170990186,546.4507391808718,553.8180541992188,5982710
2015-08-14,551.4762317733545,560.356033646433,541.4253924042771,556.2088623046875,7528941
2015-08-17,555.9648416206257,557.9164514200838,546.4995221815731,547.81689453125,4466163
2015-08-18,553.2814496608626,553.5254009173268,542.0596918635083,547.7681274414062,2952439
2015-08-19,547.3289635104903,548.1583738086025,539.4249085002386,540.5958862304688,4135059
2015-08-20,536.692660196681,539.6200747068447,516.6886610438956,520.4943237304688,8909772
2015-08-21,514.249151137249,516.1032041582579,501.85641774654965,512.5902709960938,10454764
2015-08-24,494.4403964211475,494.4403964211475,463.6049530259951,470.38677978515625,17627734
2015-08-25,477.1686365101993,494.00127246071247,471.80170910568785,490.7811279296875,14248966
2015-08-26,487.4146119282965,489.7565380417804,476.82712140904783,483.6089782714844,6910566
2015-08-27,493.4645846919557,499.6121440844379,484.43838872949266,496.9286804199219,11302689
2015-08-28,503.5153605545449,516.1032683917718,490.0980423227135,495.85528564453125,10015309
2015-08-31,494.44038252941147,505.3694099353077,489.8540873299791,495.4649658203125,6111825
2015-09-01,487.9024914764043,488.8782964593571,465.60534166009165,468.4839782714844,8843551
2015-09-02,471.36258190321746,476.1928284477194,453.3589979575017,455.31060791015625,11537443
2015-09-03,459.6041523462089,477.65654474197294,457.40859110888624,475.11944580078125,8651466
2015-09-04,471.411388340834,471.70411792100793,451.3097999442337,456.6767272949219,8969600
2015-09-07,458.28677640535903,460.77509682801985,435.9408496111273,438.9658508300781,9743637
2015-09-08,441.3077596207809,464.09280966096674,439.11219862764267,462.4339294433594,12602488
2015-09-09,472.4847497837287,483.02343091008595,463.6049191384301,474.4851379394531,11672474
2015-09-10,466.2396106290082,475.2170284163167,460.67754007358866,470.9234924316406,8384392
2015-09-11,476.1927927150974,481.7548925744752,463.1170129693348,469.6061096191406,7212180
2015-09-14,468.3863754085155,485.9508644863348,467.6545216969397,484.1944274902344,5537347
2015-09-15,485.0726652008909,486.4387862274339,469.21583415536276,470.24041748046875,9567400
2015-09-16,475.65613372550433,484.97505906548355,474.2412046394869,482.2915954589844,7293528
2015-09-18,487.9024890712925,507.808934448765,487.9024890712925,504.9302978515625,18814281
2015-09-21,498.19710953510366,517.1765240755948,496.4406728744507,515.2249145507812,7516002
2015-09-22,518.1524314971097,521.7629217450234,492.97667555073957,497.3677978515625,7358434
2015-09-23,486.682711157243,502.3931467817632,485.0726389709093,499.31939697265625,7602683
2015-09-24,497.6605425270561,505.66215531858484,493.9524954944188,501.5149841308594,6911468
2015-09-28,502.0516351747994,509.37017213070027,492.7814883639916,494.44036865234375,6526803
2015-09-29,487.80493102006693,501.07588545134803,473.26544195502197,492.29364013671875,19935063
2015-09-30,496.48954390962746,497.66052175484975,479.60813027942874,483.65771484375,12199436
2015-10-01,487.9024323047859,491.2689709993694,479.0226020809986,484.2431640625,8137042
2015-10-05,492.29361555022376,502.4420112303217,489.41497892917977,500.8319091796875,9558125
2015-10-06,504.83269088217344,506.00366878911336,492.7815230043423,494.14764404296875,8226452
2015-10-07,491.07386132512386,497.46537209934263,483.02347015585957,484.7799072265625,11251639
2015-10-08,487.9024656961311,488.3415898269389,472.48475969181465,479.6081237792969,9941551
2015-10-09,483.02348860990304,487.17065997675576,474.97309713307135,478.5835876464844,10368020
2015-10-12,485.7556805488195,485.7556805488195,473.3629758485463,475.2657775878906,5566595
2015-10-13,475.2170106934615,480.19362189475737,473.265400793283,479.02264404296875,7268043
2015-10-14,477.85169574292047,484.77988706189313,476.24159375267664,483.5113525390625,5645540
2015-10-15,484.97506131970806,489.85408608147577,483.5601322271139,486.6339416503906,5251039
2015-10-16,482.5355422822556,495.22100648785585,479.5105410158487,492.781494140625,5875167
2015-10-19,489.85411422916656,496.48957637477184,489.0246740161645,494.3916015625,4242869
2015-10-20,492.39119080891345,500.88067612851285,492.39119080891345,497.0750427246094,5729459
2015-10-21,496.97743011476007,502.2955788005313,492.7814809019297,499.3681640625,6245542
2015-10-23,502.7834298528259,514.737038810996,502.7834298528259,512.9318237304688,11628906
2015-10-26,516.0544122776125,519.8112969849334,506.63793045876685,508.4431457519531,8015119
2015-10-27,504.7351478874384,515.7129543905485,503.1738836748053,509.175048828125,13011580
2015-10-28,483.70653860363007,483.70653860363007,465.01984948643786,471.2162170410156,33157058
2015-10-29,473.26541786792274,474.6315388914943,455.7497064702012,457.603759765625,22054683
2015-10-30,460.5799436342764,466.82508945652745,453.7493088769884,463.8976745605469,16103533
2015-11-02,466.2395868043406,468.24000479192927,461.6533214697586,466.6787109375,10316509
2015-11-03,469.3621383097936,471.80165046317086,461.89723707629923,463.165771484375,9337442
2015-11-04,468.38637772817464,468.48396417937545,459.213817120172,461.0678405761719,6319148
2015-11-05,460.5799513850625,460.5799513850625,450.82190156758236,452.5783386230469,8078032
2015-11-06,450.8219111161994,456.18883862948746,448.3823986101593,453.89569091796875,9185858
2015-11-09,442.0396794797828,455.7009499272816,435.1114577969957,453.7005615234375,9643857
2015-11-10,451.7976871279418,462.0436389958541,451.0658334230909,457.01824951171875,7040567
2015-11-13,463.89765879974624,475.41217486692307,460.87265755416576,473.21661376953125,10014779
2015-11-16,472.2895907329505,473.26539567248136,465.45895615623425,469.8013000488281,6488927
2015-11-17,473.0214436995928,473.2653949340949,461.6045140132127,464.09283447265625,5944197
2015-11-18,463.2146303224555,465.16624025888177,451.0170682197913,452.3343811035156,6081331
2015-11-19,456.6767741222003,456.6767741222003,448.96792000204744,451.8465270996094,8717250
2015-11-20,451.74890873957213,454.0908346389792,447.16261361136395,448.7239074707031,11446890
2015-11-23,449.846063588685,453.0174295467398,447.6017242069735,451.50494384765625,7774882
2015-11-24,451.6513008195909,455.65210683796,451.5049360414364,452.6271057128906,5388027
2015-11-26,453.8469405952283,457.21345019385296,453.2614516017958,454.0420837402344,26648537
2015-11-27,455.70090622304605,463.89766174958993,454.82268773434555,459.6041259765625,10288912
2015-11-30,457.8964935911132,462.921883356091,456.7743238034704,457.3110046386719,8926273
2015-12-01,459.6041403414544,459.9456780364025,447.0650405355335,450.43157958984375,11177827
2015-12-02,451.06581823039755,452.1879879175316,446.1867936957259,448.3823547363281,7152991
2015-12-03,448.8702715899493,454.09083396536874,447.55292896748597,451.3097839355469,8154164
2015-12-04,448.77269588165535,451.60252431443973,445.06464893927637,449.3581848144531,7000002
2015-12-07,451.7489210749165,454.28599016401535,449.1630140907742,451.1146240234375,6335649
2015-12-08,448.8702881835908,451.74892476949344,446.4307757478104,447.6993103027344,7003729
2015-12-09,445.991647548317,449.9436755259216,437.1606245226549,439.6977233886719,8745990
2015-12-10,441.06380360991164,443.6009022413842,434.3307559265741,439.06341552734375,10192522
2015-12-11,439.06343749931165,439.89284786141314,425.9876276933417,429.9884338378906,15589823
2015-12-14,421.5477499450457,430.7691188867754,419.1082375032341,420.9134826660156,10389129
2015-12-15,421.5477471330727,426.32918553128746,419.2545994972255,425.5485534667969,11058615
2015-12-16,426.426780413224,431.2082189059523,423.4993654447121,427.5489501953125,8881531
2015-12-17,431.305763790085,432.9158359117415,421.0110340547401,425.0118103027344,11529678
2015-12-18,423.79203961184203,430.1347712141973,420.6694819212801,422.0843811035156,10297545
2015-12-21,422.0844620369579,432.47680963226424,421.6941459731959,431.6473693847656,5061836
2015-12-22,432.1839828506921,439.7464708011338,430.9154483964924,435.8920593261719,8722574
2015-12-23,439.1122328496612,441.74691815844085,437.3557958299442,441.0638427734375,4493436
2015-12-24,441.84450460592706,444.23523883533954,437.5997765590367,439.8441162109375,3633255
2015-12-28,439.1122618601856,445.5525809899762,437.55096786217484,444.33282470703125,5914945
2015-12-29,444.3815564336135,448.7726785916121,440.28319362033665,447.26019287109375,5987050
2015-12-30,446.91869576818226,448.87030579337085,442.62515966860855,444.0888671875,3766369
2015-12-31,444.96708797141963,444.96708797141963,437.35582074674875,438.2340393066406,6329611
2016-01-01,438.86828364837754,441.9420633367666,434.7698908777226,439.0146484375,3345654
2016-01-04,438.03879775786504,438.03879775786504,425.5972857343637,427.7928466796875,5862854
2016-01-05,429.2565540821527,429.2565540821527,423.10899534541454,425.8900451660156,5579449
2016-01-06,428.67110409776717,428.67110409776717,419.5961299432346,420.2792053222656,5756267
2016-01-07,414.71713467494845,414.86349947252194,397.1526442651859,399.34820556640625,13787371
2016-01-08,403.49531783499737,408.61829345442595,400.08000075537825,403.69049072265625,11307470
2016-01-11,400.0800574362455,413.1558387234426,397.5429584332477,407.1058654785156,10352347
2016-01-12,409.6429246142363,410.47236481506786,391.29780263671574,396.2744140625,13070476
2016-01-13,400.08003829291863,401.4949674131973,382.9546729557206,396.8598937988281,15873927
2016-01-14,385.24777692730765,392.2735843801256,379.34416897456174,381.1494140625,11776737
2016-01-15,382.9546375570143,386.2723681974133,360.07200118009456,365.1949768066406,13178892
2016-01-18,363.2433531253286,374.07479284796835,357.8764264841216,364.1703796386719,14117119
2016-01-19,366.90267858917775,386.41877851413403,366.90267858917775,383.4913635253906,14215698
2016-01-20,376.27040542510593,383.8816723408625,365.58532900567394,378.2220153808594,15605644
2016-01-21,390.32200054493813,402.47078472358146,388.0776609534869,399.2506103515625,28200956
2016-01-22,409.2525610930749,417.3029513604892,404.5687095764418,413.88763427734375,15009103
2016-01-25,419.3521377496091,419.3521377496091,405.1541889765732,410.66748046875,10252421
2016-01-27,413.83891126223386,416.1808373335923,401.6413486205694,405.3493957519531,8648945
2016-01-28,405.93488444734976,406.8131030011303,392.66393034611446,395.8352966308594,9370465
2016-01-29,386.4187623029593,399.88485877456264,383.7352986758554,398.51873779296875,13667701
2016-02-01,400.08004119758533,400.421578895912,384.95506403035955,389.638916015625,10700914
2016-02-02,389.3461645087197,394.66431325391596,379.1977992593205,381.442138671875,12131028
2016-02-03,377.6365136197979,380.56392845405986,369.97643884763824,371.3425598144531,10077279
2016-02-04,376.416733495711,377.24617360183356,364.31675890625826,373.48931884765625,11472602
2016-02-05,375.39219319412155,395.2010226654224,374.9530690350335,389.88287353515625,11677917
2016-02-08,391.2977546890105,407.83765922407946,391.2977546890105,398.6650695800781,11996680
2016-02-09,391.2977871588531,396.0792254850033,386.4187623813113,390.2243957519531,6550274
2016-02-10,388.27279273320585,388.3703791863297,376.0264522358715,384.07684326171875,10922352
2016-02-11,383.3937587578466,387.15061376980265,364.2679757890553,368.0736389160156,8076824
2016-02-12,379.9784487435813,386.36998915419895,369.927669480625,381.6373291015625,28434501
2016-02-15,386.0772423873938,409.838100098973,386.0772423873938,407.5449523925781,13964589
2016-02-16,410.61873400382785,412.27761442324856,395.2010268435874,395.9816589355469,12445006
2016-02-17,397.0550317951826,397.0550317951826,385.1990075011464,393.34698486328125,10197761
2016-02-18,400.2752132219022,402.1292367211793,382.1252347054321,388.4191589355469,12069460
2016-02-19,386.02844983148776,387.29698437339135,380.5639360755872,383.0034484863281,12915275
2016-02-22,385.44297976972314,389.1022485650053,381.5885380603436,387.54095458984375,10284642
2016-02-23,388.2727813493537,388.2727813493537,373.97724487236934,375.8312683105469,9955791
2016-02-24,375.6849106773797,381.53974045417004,368.1224222156922,377.29498291015625,11983475
2016-02-25,376.7582915103108,378.41714203295356,368.3175847750192,369.0494384765625,9491615
2016-02-26,375.684885216862,380.85663925751714,372.90383530552015,377.0022277832031,9588881
2016-02-29,377.6365279694517,382.1740151791352,364.95106320562,366.6587219238281,82022905
2016-03-01,370.90351989147564,383.6865724996635,370.90351989147564,382.5155944824219,12822550
2016-03-02,390.3219898614948,401.83647665072704,390.3219898614948,397.3965759277344,15332044
2016-03-03,401.39741053143706,408.8623131571037,397.25023909726593,407.05706787109375,14677533
2016-03-04,408.03280828280157,408.03280828280157,399.34815072860033,405.9836120605469,8992492
2016-03-08,405.544513429182,412.8142419059257,398.9090223883725,401.78765869140625,6921273
2016-03-09,399.10420773593694,408.0816248094043,397.64050037260216,406.7642822265625,8437253
2016-03-10,407.3985685851903,409.838080971928,400.66552035363515,403.0074462890625,5631550
2016-03-11,403.8368994799486,411.74092582372066,398.3723856015874,402.8122863769531,8348484
2016-03-14,407.4961374479969,412.0336243356394,403.10501534140036,405.3981628417969,6963673
2016-03-15,407.39856921850736,411.54574028240836,406.0324482356514,408.7159118652344,8188560
2016-03-16,408.8622385081663,416.03441022303997,401.0557995867693,414.3267517089844,8290044
2016-03-17,419.5961387119636,424.4751635807074,415.2050163300942,417.7908935546875,11080947
2016-03-18,419.5473588558128,427.01226092212005,418.71791867528873,425.5485534667969,6675930
2016-03-21,428.37840320771676,434.7211358292433,427.30501173130955,433.7453308105469,8910574
2016-03-22,436.1848226833614,436.77031162266985,423.7920876216154,430.5739440917969,8004834
2016-03-23,428.62236218261717,430.57397225516183,424.57277723792834,426.9147033691406,5018310
2016-03-28,427.25617204377465,427.98802570271255,409.6428761178154,412.6678771972656,9200929
2016-03-29,413.64371289501844,422.4259574566078,412.1800054680869,419.0594482421875,6674980
2016-03-30,422.8162965790259,434.91630245935954,421.64534844103605,433.5013732910156,9551121
2016-03-31,432.96468370050127,438.1364382086542,427.59775628369147,433.4037780761719,12671936
2016-04-01,430.2324037397003,441.06384482282743,429.4029635624006,439.0146484375,8827751
2016-04-04,440.5759413206155,440.6247196571421,431.40338061330294,433.9892578125,5347581
2016-04-05,432.671890325029,438.624306220683,420.5719154196093,422.1332092285156,12100258
2016-04-06,422.8162869761818,425.74370192347834,412.8630940228964,414.3755798339844,7457831
2016-04-07,417.4006009598964,421.352599413819,414.61955067270344,416.32720947265625,5374072
2016-04-08,416.3759639880814,417.01023121913965,409.88683756029474,411.39935302734375,6881318
2016-04-11,413.64369690717416,421.45013621574725,407.3985514161563,419.40093994140625,6221772
2016-04-12,420.0840305632798,425.89008192177084,419.010639163491,423.5481262207031,5586212
2016-04-13,429.40294740315653,434.5259232840857,427.50014565776183,429.8420715332031,9091282
2016-04-18,434.18441276851746,435.2577743613648,426.8170677261016,434.4771423339844,6674315
2016-04-20,435.3065712300543,449.50452059328893,433.59891265746995,447.9920349121094,10775664
2016-04-21,452.5783758915642,461.3118431090665,451.7977437535649,456.62799072265625,11717618
2016-04-22,454.33479124221896,466.92266915707035,450.91947391296134,464.3367919921875,7323373
2016-04-25,462.5315681586639,465.8005208514913,453.74932319362597,458.53076171875,7474910
2016-04-26,458.7259071426961,473.16780830815884,452.43195338320527,468.58154296875,12685893
2016-04-27,450.138820352695,462.0436528878873,446.96745420298936,454.2372131347656,29544825
2016-04-28,451.7977214932039,460.43360182315917,450.38279231118645,456.72552490234375,16457436
2016-04-29,455.4569232815596,465.89804730703275,453.79804309011763,460.97021484375,10883473
2016-05-02,462.87308612651674,467.41057320913626,457.1158428507627,460.384765625,9439328
2016-05-03,462.4339610920486,463.50735249577434,455.0178374962755,459.1650085449219,8097969
2016-05-04,454.72508179924955,458.6283013855092,449.1142036440013,451.260986328125,8777977
2016-05-05,451.79769853569894,455.99364797110906,447.35779785917885,449.8948669433594,8736141
2016-05-06,449.84609313505626,452.8222863948754,447.8944831865311,450.28521728515625,4804806
2016-05-09,454.52993523489295,466.4347675742005,450.4803506354347,465.5565490722656,10228014
2016-05-10,467.4105766499349,477.1686262668438,466.5811364766568,476.14404296875,12131886
2016-05-11,470.9234342301613,487.2681657336733,468.6302868395,486.14599609375,21878712
2016-05-12,486.53638971289314,494.6355594802792,478.72994954029707,480.63275146484375,13528266
2016-05-13,481.75490944968124,484.19442179289575,474.72910198954213,478.7786865234375,7426191
2016-05-16,480.09603391318717,481.7061061198601,465.7029109452613,474.6803283691406,5809867
2016-05-17,478.8275205841974,493.2694225269137,478.43717476476854,491.17144775390625,8982435
2016-05-18,486.43873144074814,490.8298533895613,483.26736558882754,488.975830078125,8241793
2016-05-19,489.61016103762006,489.61016103762006,477.16864722948924,478.6323547363281,5989236
2016-05-20,481.9989027320933,483.7065615213143,476.29043739514185,478.7299499511719,5012902
2016-05-23,483.41378440138215,483.41378440138215,473.26541849667586,474.7291259765625,4700955
2016-05-24,471.55777256075646,479.071483072993,470.3380162944327,477.119873046875,4838908
2016-05-25,482.04765324592114,490.8298979406849,481.41338597380684,490.0004577636719,7144175
2016-05-26,490.3419679851201,510.3459686690902,488.1464069344405,506.4427490234375,11207975
2016-05-27,507.66254781623036,512.2976215348792,496.6847416404829,500.00250244140625,7699491
2016-05-30,501.514947322182,509.4189433000166,500.10001828559535,501.27099609375,4892196
2016-05-31,502.5395377961262,506.1500279405175,498.3435885184417,502.7347106933594,5706744
2016-06-01,512.1511712859814,516.6399095026907,497.6604925326567,499.5633239746094,9559476
2016-06-02,498.1483951716632,512.2975660433362,494.4891268427822,511.66326904296875,7013241
2016-06-03,514.3956517312942,531.7649695678068,514.2492571516239,529.5206298828125,13581215
2016-06-06,528.9838373511741,531.8136955176585,517.4693509011888,519.9576416015625,9416306
2016-06-07,526.056450688406,526.056450688406,514.0052827844091,521.47021484375,11455340
2016-06-08,523.4217932857642,528.3495963177538,517.9572498904116,525.9588623046875,6988719
2016-06-09,529.8133692638773,532.6920061026971,524.1048739275573,529.4718017578125,7019405
2016-06-10,526.9347062004072,535.8633458788341,525.2758257692051,527.9592895507812,6382258
2016-06-13,516.9814556944694,521.665307588959,511.32179884036077,518.298828125,6788154
2016-06-14,522.8363708246503,522.8363708246503,512.7855900110927,516.835205078125,8234417
2016-06-15,519.0306461361208,520.4943534748484,510.0044508806348,516.005615234375,7836638
2016-06-16,515.225088019701,515.5178176353018,503.5154269283442,510.7851867675781,5375177
2016-06-17,514.1516723632812,520.9823072841001,512.0048894764848,514.1516723632812,7201452
2016-06-20,502.5395069593161,511.2241941068284,501.5637020914339,509.80926513671875,11335041
2016-06-21,511.8096915011557,511.8096915011557,502.9786686977075,504.8815002441406,5301794
2016-06-22,505.36939052510263,508.39436194556237,501.17338173372184,503.71051025390625,5374493
2016-06-23,505.46697179605445,515.2250214446269,502.34438399682955,513.6637573242188,5874012
2016-06-24,489.8540952497551,499.22182892351964,480.87667760839656,498.1484375,9745784
2016-06-27,495.1234258844003,505.0766185111044,494.8794746467967,502.00286865234375,4612787
2016-06-28,502.5395561841675,507.90648348322173,500.3439950163726,501.5637512207031,4479273
2016-06-29,505.95482310941867,506.3939472108759,501.80765242819393,505.3205261230469,4721178
2016-06-30,509.370102772449,522.2995163006769,508.3942979778658,520.5918579101562,10912401
2016-07-01,522.836335787003,532.4968296406355,522.543606182617,529.7645874023438,6701034
2016-07-04,532.301569182121,533.7164981887864,526.4467398235643,530.6914672851562,5173772
2016-07-05,528.1055528565198,533.0333550279363,522.2995025697078,526.641845703125,5219466
2016-07-07,531.0741621570592,537.6732038646566,527.2329118766437,534.0781860351562,4650991
2016-07-08,532.8470253166607,540.2339988654129,531.8620955101604,538.2149047851562,6016471
2016-07-11,543.3365417462198,544.6661729142493,533.3887148154696,536.19580078125,6082359
2016-07-12,541.7113061044731,553.6289307926374,540.8741399502637,552.5455322265625,6541827
2016-07-13,555.2049350180388,555.2049350180388,542.7947835865182,548.4581298828125,6365885
2016-07-14,547.3747009522465,553.2350449063373,545.2570779730518,551.806884765625,4020476
2016-07-15,547.7687071503672,561.8531906202243,547.620943641018,556.5345458984375,6247207
2016-07-18,561.4099676930549,568.1074780915878,560.4250379251723,562.3948974609375,6641864
2016-07-19,562.0994089143499,565.2019014945371,555.3526041948826,556.9285278320312,5547223
2016-07-20,554.8109193761494,559.2923377416244,547.4731806729387,549.8370361328125,5258296
2016-07-21,549.4923598997922,549.4923598997922,527.479142783213,529.9414672851562,9416152
2016-07-22,529.8429731611441,537.0821828065492,524.8690899267585,529.5967407226562,8134377
2016-07-25,510.6860630337457,531.8620521470061,510.6860630337457,529.9906616210938,15701682
2016-07-26,531.5665561932674,550.7726848041974,527.380605085757,545.4540405273438,11437473
2016-07-27,545.5033847038236,549.6893366532456,535.2601501203296,540.5787353515625,7787071
2016-07-28,539.839942911718,545.0108238212761,529.941411479346,535.6539916992188,12174235
2016-07-29,534.3244157824402,543.4842508870703,534.3244157824402,537.91943359375,4861274
2016-08-01,538.0179264930721,549.2953852133418,538.0179264930721,542.2531127929688,7026398
2016-08-02,543.6812602479428,547.2269835512477,538.8550800872848,541.36669921875,5749264
2016-08-03,541.3666329589239,544.6168889417004,532.6992035177359,541.0711059570312,6489800
2016-08-04,543.5827382655993,547.620926084475,536.4419977725913,539.2490234375,5769753
2016-08-05,544.0752328729882,560.4250431254133,542.2530767162922,558.701416015625,8030392
2016-08-08,559.8833411655671,563.7738257897665,556.7315538706963,562.5426635742188,7360104
2016-08-09,561.9023972220444,567.3195106045532,558.1596763626516,565.4481201171875,7958291
2016-08-10,565.3988954971207,566.6300576509406,554.515434080422,559.3416137695312,6611328
2016-08-11,555.746703833747,566.2362314613308,555.746703833747,561.163818359375,5098948
2016-08-12,561.2621579049328,584.2603021579686,561.2129234436666,582.0934448242188,13209690
2016-08-16,584.9989854071135,584.9989854071135,571.2592045841349,574.5094604492188,11126973
2016-08-17,579.3356922125164,588.9879917600986,576.3809029561949,580.6160888671875,9879769
2016-08-18,582.191966472654,588.2985431061379,581.8964995629606,584.2111206054688,12089285
2016-08-19,586.4271633540728,588.5939605867565,577.2672691154073,579.6803588867188,9209878
2016-08-22,581.0100893929363,581.0593238578614,570.6683269143105,571.5054931640625,9499230
2016-08-23,572.490395476378,576.1838818988064,571.3577022606978,573.7215576171875,6963978
2016-08-24,576.0361322519824,576.0361322519824,569.9296159789502,574.6080322265625,5835501
2016-08-25,577.9568037429506,585.0483104379953,576.1839420980257,577.7105712890625,17177795
2016-08-26,577.661274100507,580.1235983720351,571.5546978840493,577.5628051757812,7531289
2016-08-29,577.5628056039983,588.0030364768829,577.1688096741262,580.2713623046875,12461059
2016-08-30,583.0784382517112,590.219179260706,579.6804184381552,582.2412719726562,11834475
2016-08-31,582.5859961201744,594.749855509512,571.9487659486572,587.8553466796875,120541914
2016-09-01,588.0523220792608,593.9126663825555,583.0784386376,587.6583862304688,10204784
2016-09-02,588.6925881232227,592.9277744893628,585.2945680902058,590.1699829101562,7279782
2016-09-06,593.4202146049378,628.188225113909,593.4202146049378,626.31689453125,15252302
2016-09-07,628.1388885986793,628.6805878868302,613.1187113330894,615.6795043945312,11869960
2016-09-08,616.5659880887612,624.4454256362213,610.4101775048078,619.865478515625,8039571
2016-09-09,605.8302721202261,615.2856338977666,602.4815470010625,603.8604125976562,9795054
2016-09-12,588.7909298480828,592.7798828878766,579.5326272528661,583.1768188476562,8471237
2016-09-14,584.0632829510996,595.5377374295782,581.5517243645118,592.7306518554688,5915220
2016-09-15,591.9920040653326,593.9126290679737,574.5095013025523,579.8773803710938,7145326
2016-09-16,583.3246319976445,603.1709900830418,583.3246319976445,593.1246948242188,19309804
2016-09-19,593.9127341512432,596.8675238733886,583.9156715451772,585.39306640625,5311980
2016-09-20,589.7759140319075,589.9729120022217,580.271378146485,584.0140991210938,4538973
2016-09-21,587.5105952400122,591.3025507272773,585.5407357421412,589.8744506835938,5480087
2016-09-22,600.8071420003876,602.777001482356,581.1085471807028,582.8814086914062,10205715
2016-09-23,586.6241041814496,587.1165690305326,547.3254452938347,549.049072265625,30222177
2016-09-26,550.6742661498131,551.5607270787576,537.0822459698705,539.150634765625,14880674
2016-09-27,542.69634434388,545.8973663386488,530.5817192790552,532.8470458984375,9085199
2016-09-28,534.9646667153504,542.3516405163613,532.3545785928545,540.824951171875,10240083
2016-09-29,546.0943173285548,546.4882531632585,515.5614947756284,531.172607421875,16581655
2016-09-30,526.9373710606194,538.9042905429902,522.603656486136,533.191650390625,5781645
2016-10-03,534.7676355885098,543.976704977011,534.7184011226232,542.5978393554688,5276340
2016-10-04,544.6661846906492,545.0108860778597,532.847026975843,538.3626098632812,5690321
2016-10-05,541.7113131741482,542.3515414994883,525.2137413638446,527.6268310546875,8222912
2016-10-06,523.6871810714825,526.9374373535854,516.1524441360835,522.8007202148438,10646794
2016-10-07,522.0127928595781,531.2711570054894,522.0127928595781,525.8047485351562,7702773
2016-10-10,529.8921762355012,530.630873507205,522.308205556275,523.5393676757812,3261598
2016-10-13,521.027801114327,521.9142618731325,505.4659241816167,510.98150634765625,10008090
2016-10-14,513.1484123123021,517.0881314087497,509.0116952379636,512.8037109375,4314775
2016-10-17,516.2509399674445,525.7554757548478,509.3071373063561,511.17852783203125,7930102
2016-10-18,516.0047051886057,526.0017057935689,510.58759171984525,524.4258422851562,13532992
2016-10-19,527.5775939761503,533.831873241984,521.1262566408285,527.4790649414062,10754624
2016-10-20,529.0057610425234,536.6389668411402,527.9223623301473,531.9113159179688,6969699
2016-10-21,530.5817219982864,531.0741869230825,516.3002391792023,518.1715698242188,6526349
2016-10-24,521.4710939679318,522.012793334172,509.75040531674387,513.6901245117188,10660533
2016-10-25,513.0499663563195,523.4901983833008,512.2619744094682,521.1263427734375,7356952
2016-10-26,491.4799104759265,494.43469951686393,477.19843011139557,480.20245361328125,38780250
2016-10-27,477.6909174118856,482.2216001658829,470.10694649382486,478.33111572265625,17198496
2016-10-28,479.5622863769531,486.5552935713959,477.24769546685064,479.5622863769531,12688495
2016-11-01,480.69496745036395,480.69496745036395,467.2999464789032,468.62957763671875,10425548
2016-11-02,462.7199634988642,473.258723368004,461.0456010345571,469.6144714355469,9885845
2016-11-03,468.33407108463194,472.5692567601215,466.51194513302124,468.6788024902344,6631504
2016-11-04,467.25065451838174,478.38037842142387,467.05368660840946,471.4858703613281,10868004
2016-11-07,477.4446710926167,482.0738526961594,474.7853488850208,478.0848693847656,6990315
2016-11-08,479.71000782066295,485.02865235166917,475.96728690993314,483.4527587890625,7460548
2016-11-09,452.0827232634274,486.5060276134159,452.03348880247916,480.20245361328125,12824970
2016-11-10,486.5552978261516,505.8598969326316,486.5552978261516,499.3101501464844,11433458
2016-11-11,497.38951443550286,504.9734853915478,487.54021711994835,491.23370361328125,7085764
2016-11-15,490.49501092023775,495.41965962425616,469.56525392815934,472.0768127441406,11822835
2016-11-16,479.51304356991085,480.0055084333784,463.0154706437471,465.5762939453125,10704594
2016-11-17,467.2014326326589,477.09996459091735,464.2466433845017,466.9552001953125,10250008
2016-11-18,470.796420783537,471.6828515475367,464.88684227997794,466.31500244140625,4572569
2016-11-21,468.72808974013304,469.31905363662446,456.07173569243776,458.68182373046875,6217176
2016-11-22,460.99634787327534,468.3340863811799,451.1470505781927,463.6556701660156,7313923
2016-11-23,467.84161459518896,475.2778219198973,462.0797697512722,473.25872802734375,6477616
2016-11-24,472.4708269792626,472.4708269792626,459.0265114506321,461.1441345214844,8199524
2016-11-25,465.13304109342045,465.87173835296534,458.2877677985706,464.098876953125,4674455
2016-11-28,457.0074159200056,470.40246688091935,454.20036004775574,465.7732849121094,8268812
2016-11-29,465.87178315068434,468.4326065748862,456.0224854096551,457.6476135253906,7612624
2016-11-30,457.99231101234113,463.90188921895196,455.08675637102317,462.76922607421875,13575386
2016-12-01,466.85669264486074,467.299923047022,457.30286222800555,459.0264892578125,7451748
2016-12-02,459.86367607433306,459.86367607433306,451.0978076575864,453.0184326171875,6381901
2016-12-05,450.8023423605674,457.6968503622333,448.93095185683677,453.8063659667969,4995436
2016-12-06,454.84051948275857,456.2194450969061,447.50281131615066,449.0787048339844,5465618
2016-12-07,450.9500544772148,450.9500544772148,434.60021597790063,440.362060546875,7558363
2016-12-08,443.11988537074615,446.02544013570747,440.6575610132096,442.57818603515625,7629221
2016-12-09,444.89276003940836,451.09780516157633,438.8354183038763,449.52191162109375,7780448
2016-12-12,438.293773954773,445.1882827585559,437.4073431201069,438.39227294921875,6849079
2016-12-13,439.0816602903106,447.6013264753221,435.63440624567886,446.1239318847656,8404874
2016-12-14,447.7983232980773,462.72000361457685,447.15812494570264,460.1592102050781,12775149
2016-12-15,452.1812916958289,472.1753552540953,452.1812916958289,470.89495849609375,18021627
2016-12-16,472.27378457351875,473.4557122201279,461.6365559847114,465.67474365234375,20477361
2016-12-19,462.4244915113034,465.6255130180377,459.42046796651266,460.5531311035156,3735250
2016-12-20,461.9320186811342,462.6214814783525,453.5108819627864,454.6927795410156,4836019
2016-12-21,456.5641523700606,458.78024420456507,448.24151440396764,450.8023376464844,4454408
2016-12-22,448.9309372137647,448.9309372137647,438.34294312799034,440.8052673339844,6540181
2016-12-23,441.24850928146043,442.578170399088,429.4293527828499,431.4977111816406,9018273
2016-12-26,428.5429735323543,429.28167090224775,420.56503592597113,425.48968505859375,4494204
2016-12-27,424.60316635381275,432.2856053877393,424.60316635381275,431.054443359375,4694669
2016-12-28,433.0736030929188,441.49474004334945,431.39921057219647,433.4183044433594,5072550
2016-12-29,435.33896171127606,439.1801818324883,431.10377569054714,437.5550537109375,6082573
2016-12-30,438.78617925086894,445.3852202323671,438.3429488649217,443.16912841796875,4616817
2017-01-02,444.5973071057011,445.1882709990927,434.60027561581785,441.0023193359375,3054394
2017-01-03,442.8244349825667,450.9008411418305,436.8163573146194,448.3892822265625,4621782
2017-01-04,448.14302795931434,453.0676766182079,445.13900430045726,446.27166748046875,3703873
2017-01-05,447.74907457411723,456.908909312228,446.41941338757323,451.1470642089844,5829373
2017-01-06,452.7721798383667,454.84050809245446,447.2073031749679,448.3399963378906,4431212
2017-01-09,450.01439333781974,452.42748323001877,444.7450132038977,445.92694091796875,2690456
2017-01-10,448.63550899410694,449.17720834304015,418.0041872202967,440.60833740234375,9436151
2017-01-11,445.040533018346,450.6546148043445,441.44554528510923,446.76416015625,5678047
2017-01-12,447.3550666711182,454.44654223727906,445.77917319274866,448.3399963378906,5106342
2017-01-13,450.1128666321128,468.03859894556194,448.34000521986775,465.67474365234375,12693510
2017-01-16,465.37932278536704,473.2587610547489,461.2426056708729,470.0577392578125,7430300
2017-01-17,470.1069295794936,480.8426872595443,469.762228233714,479.8577575683594,11331156
2017-01-18,479.80855285097005,484.29000153901586,475.9673325881255,481.1382141113281,8789347
2017-01-19,479.365292316117,480.547189909935,472.0767885613965,476.50897216796875,7688347
2017-01-20,451.09783309284876,454.44658828768064,441.24853542706603,443.95709228515625,30189779
2017-01-23,438.53999465770937,442.1842469508142,434.4525419879872,438.29376220703125,16502895
2017-01-24,441.05153474643043,445.7299511089921,438.58921034508217,444.4495544433594,7103963
2017-01-25,445.1882517558388,458.09083763020817,445.1882517558388,456.5641784667969,14328065
2017-01-27,458.23852754317073,471.6335770250689,458.23852754317073,465.7239990234375,8821164
2017-01-30,464.8868290619178,469.4175117973603,463.75416589247465,464.788330078125,4525720
2017-01-31,464.8868429159402,464.8868429159402,457.30287180292964,458.9772644042969,10629001
2017-02-01,460.70090282051973,472.6677935898926,453.06769705492053,468.4818420410156,8340303
2017-02-02,469.07281683735556,478.6758823789077,466.21652643140266,475.2778625488281,7557596
2017-02-03,476.41051518807706,485.07788465736417,472.91399666508215,483.3050231933594,7134563
2017-02-06,487.29394753364926,492.66182618442406,484.5853909783839,490.7904357910156,8575116
2017-02-07,490.88894279643455,492.1693694053741,483.20650337347024,485.96429443359375,5242366
2017-02-08,484.9793901547548,485.2748871065985,474.588393588151,480.2517395019531,9694192
2017-02-09,483.6005104061011,487.0969990183518,475.6718378899248,477.9371643066406,7938519
2017-02-10,482.36933128488744,485.0778880200246,478.87284279532366,481.5321350097656,10345868
2017-02-13,485.27489669052113,486.4075598841171,479.41455269308454,482.9110412597656,6626404
2017-02-14,482.9110414952627,484.0437347470814,474.8346356284774,479.5622863769531,4089031
2017-02-15,480.6457144307384,486.0135935514449,476.5089974883893,480.84271240234375,6242589
2017-02-16,480.35025992927416,486.90003687565724,479.2175666498132,485.7181091308594,5218900
2017-02-17,493.4498147450129,496.4046040548632,480.0547638621569,481.7291564941406,12983330
2017-02-20,482.02461500397266,483.25577719496033,472.4215499142685,473.8004455566406,5840632
2017-02-21,474.63767271990724,501.37851123536717,473.9482398827283,496.7493591308594,16440027
2017-02-22,500.83673844755975,520.092101521149,500.1472756537682,517.383544921875,20167381
2017-02-23,517.0881817267812,522.01283107656,510.2429071075188,520.1907348632812,10360480
2017-02-27,519.944429210913,519.944429210913,499.65484067647986,501.2799987792969,7372140
2017-02-28,501.7232359148298,504.77652431735703,496.9955848808776,499.0146789550781,5799421
2017-03-01,503.2991083922028,514.1333357744224,502.46191208295164,505.6629638671875,7624002
2017-03-02,507.3372606295317,511.9664422079781,496.1090982027091,498.6698913574219,7112655
2017-03-03,499.6055942960394,507.23879953171075,498.62066458821084,505.17047119140625,3965255
2017-03-06,506.9433473055879,512.9513946509874,504.5794918922902,510.8338317871094,6994407
2017-03-07,511.17854238550626,512.065003210346,501.5754772828884,504.0870361328125,6043543
2017-03-08,496.99553569924836,505.0719412544987,492.71108546626874,502.4618835449219,8850848
2017-03-09,501.9201966151934,511.7202293979117,498.86690843946917,508.61773681640625,8560015
2017-03-10,511.3755307627176,512.1634625281544,505.2689543787369,508.1252746582031,5494130
2017-03-14,516.9896696450026,517.7283669858278,501.87096133357403,503.20062255859375,7975713
2017-03-15,506.9433451043247,508.0267437634333,501.3784680721597,503.9885559082031,6248549
2017-03-16,505.2689513170831,509.01167226673425,503.5945587535881,505.9091796875,5362177
2017-03-17,507.5342892020252,511.17854130763345,503.9885661408256,509.3564453125,20296836
2017-03-20,510.1936221812812,510.43985462441896,493.7452829566154,495.2719421386719,4932998
2017-03-21,491.2336895321642,492.4648516613175,478.72507027689903,480.941162109375,11017752
2017-03-22,477.6908943771843,494.82866478248155,476.7059646980561,478.1341247558594,12685275
2017-03-23,480.20250490051444,484.585454469086,475.72108639952955,480.8919677734375,6942275
2017-03-24,483.6005003672898,488.2296821494745,477.5431885025329,481.9753723144531,5501203
2017-03-27,481.0396643347202,485.8165794395779,476.2627492298626,479.8085021972656,5384510
2017-03-28,484.88092396467084,497.38954433030364,482.6648319354764,495.2226867675781,11194711
2017-03-29,498.37445454823876,505.2689628127401,492.56337502255036,496.6015930175781,12677454
2017-03-30,491.43069887671265,496.4045819706122,487.5402144354227,491.7261657714844,8454772
2017-03-31,492.1694332038355,496.1091524048022,481.43367433506353,483.4035339355469,6985211
2017-04-03,488.2296671043328,496.10910474938044,483.9452168733043,493.0558166503906,5755303
2017-04-05,496.2568512371569,502.85586240372925,491.3322025795642,500.6397705078125,6595144
2017-04-06,500.04882273741896,509.84888531516026,497.53723395764985,501.03375244140625,9928098
2017-04-07,499.3593843003104,507.1403533878127,494.9272004159881,496.6015930175781,5019268
2017-04-10,497.0447791184258,505.2689483239262,495.76438250051694,503.0528564453125,5986936
2017-04-11,501.9202365147981,508.8147151178848,500.4428418017783,507.2880859375,7406691
2017-04-12,507.5343163622352,512.5574944356434,495.665924238122,498.3744812011719,6161411
2017-04-13,498.9654577432531,503.64387443438153,495.3212053502523,499.901123046875,6216374
2017-04-17,497.93123723540623,501.37849145834093,493.69605121315493,494.77947998046875,4070932
2017-04-18,497.38952792332475,501.28001249153596,490.4950196154767,492.1201477050781,5450454
2017-04-19,490.7412499169091,493.8930371526901,480.8919523771819,491.972412109375,7447021
2017-04-20,488.67289294388917,496.7985634394696,479.6607916785068,480.6457214355469,8153829
2017-04-21,484.5854037797236,489.5100521921192,476.0165035190879,478.92205810546875,10301245
2017-04-24,480.59646303034367,496.0106069486466,473.7511895368372,491.13519287109375,14182302
2017-04-25,493.44979492235746,512.3112233053461,487.6387155246262,508.61773681640625,13778124
2017-04-26,511.67100618365237,517.0881198198605,500.393548499751,509.3564453125,11516903
2017-04-27,516.1031954361704,516.1031954361704,495.6659028688029,498.9654235839844,22108735
2017-04-28,500.6397907015797,507.53429910030593,496.89706959391117,501.9694519042969,9287281
2017-05-02,501.8217285946243,505.367451796653,494.0407892560163,497.9312438964844,7539462
2017-05-03,499.26090673853713,499.70413716905813,492.46489716913743,493.3020935058594,7220815
2017-05-04,497.3403340654374,513.9363778010868,494.4347790182568,511.03082275390625,15719994
2017-05-05,514.1333665951746,514.5273625697383,494.9272350844354,496.8970947265625,9440005
2017-05-08,501.32923630478945,505.95841809334377,495.7151247788976,503.49609375,6834456
2017-05-09,505.26891768840477,513.3945874173119,502.85582798826823,510.39056396484375,7872272
2017-05-10,511.17845516284274,519.5995911005516,507.92819955192556,518.4176635742188,8812464
2017-05-11,517.285041655049,526.5433438922863,505.7121187720029,509.1101379394531,8962710
2017-05-12,508.9132590484852,509.06096245489914,491.6769868926021,495.4197082519531,9934430
2017-05-15,497.38953488123747,500.83678908338464,490.8889923742256,492.5633850097656,8806756
2017-05-16,494.533194039004,496.89701923891414,486.0627928531301,493.9422302246094,8610492
2017-05-17,493.79455660558926,499.11317146412154,490.98750069040864,495.2226867675781,6443135
2017-05-18,490.4950587575028,491.5784875895862,482.86185252181883,484.5854797363281,9227022
2017-05-19,488.27890786185594,496.2568445918589,486.752278821513,494.1392517089844,7611430
2017-05-22,496.40455604426074,499.802575445012,491.9723725081513,494.73016357421875,4970982
2017-05-23,494.68094465314783,498.4729300313609,487.7372022515173,493.0558166503906,7549551
2017-05-24,495.4196733072706,497.38953284328363,487.5402351632186,491.7754211425781,7271148
2017-05-25,494.43470296886204,502.21564148612117,488.37739140418364,499.8025817871094,9157557
2017-05-26,500.3442900655008,505.2689385897675,497.3895009509407,503.7423095703125,5995136
2017-05-29,504.18553871565405,507.2388269867199,494.63173806720573,499.6056213378906,5441466
2017-05-30,497.3895544338883,509.15947769554134,496.0598931778276,506.6479187011719,4725430
2017-05-31,506.2538661239736,508.2237255252342,501.82168247113725,506.3031005859375,7263061
2017-06-01,504.43181128630187,508.1745324302988,497.8820041977999,501.6247253417969,8105813
2017-06-02,505.7614030806026,505.7614030806026,498.71916170746977,500.3935241699219,4474040
2017-06-05,499.70410435602156,508.96243780331906,499.3593729391055,505.9091796875,3858825
2017-06-06,506.2538597079093,506.64785562930336,497.93119181999396,502.5111389160156,3866339
2017-06-07,502.3141499121685,507.68202883135643,500.4427894828531,506.45086669921875,3389166
2017-06-08,506.2539119304411,513.9363522674063,503.6438539991434,507.9775390625,5980728
2017-06-09,507.23881077640897,508.56844186531794,501.72319827876254,505.9091796875,3242063
2017-06-12,504.72728215204233,505.3674504453766,498.3744729929957,499.85186767578125,2360518
2017-06-13,501.32927751947926,504.5795338968312,497.8820231553964,498.8177185058594,2181945
2017-06-14,501.3292209374425,503.20058136948654,493.9914825961352,501.8216857910156,4648343
2017-06-15,501.181540682563,501.62474106321343,496.4046250844028,499.95037841796875,3425367
2017-06-16,499.99956401615765,506.54934061209764,499.85183057038006,502.75738525390625,4999502
2017-06-19,503.2991472327719,517.432866362348,501.6247544850534,512.311279296875,6844723
2017-06-20,512.3604608130105,513.8378554173644,502.80663034845367,504.13629150390625,4388846
2017-06-21,503.34833966709164,504.77649983603754,499.11315374031614,500.09808349609375,4346995
2017-06-22,501.23076062727404,506.6971389582916,499.014668615214,500.3443298339844,3463745
2017-06-23,501.92024498053206,502.7574413435652,496.0599004969732,497.0448303222656,3548884
2017-06-27,498.37448959606644,499.0639524940708,477.1492639693426,485.42266845703125,9842829
2017-06-28,486.35834141961124,492.80964988566427,482.66485453137705,484.5854797363281,12691859
2017-06-29,490.4949920419496,506.64786321557085,490.19952515414866,504.3824768066406,11855524
2017-06-30,502.9051596983836,512.163493766474,500.4428352091217,509.55340576171875,7600005
2017-07-03,509.3071925336177,513.9363747712003,507.2388639307183,509.4549560546875,3701949
2017-07-04,509.0117161992862,509.75041356029004,498.9161855989009,500.7383117675781,4086213
2017-07-05,500.09805382305245,507.63279005381855,500.09805382305245,506.1553955078125,3154406
2017-07-06,508.2440769543708,510.08407525977776,505.4094414917571,506.7521667480469,3514758
2017-07-07,505.5089329043303,506.2051698424442,498.546684935161,500.4364318847656,3509920
2017-07-10,506.35431571865274,510.382491373139,503.9672655269146,507.1997375488281,1238680
2017-07-11,509.238678899551,509.6365458998337,503.07210463105554,504.06671142578125,3928279
2017-07-12,506.1553968505619,507.1500036552802,501.4807630801802,504.0169982910156,5504892
2017-07-13,505.2602606936868,514.0625067009379,505.2602606936868,509.13922119140625,22231839
2017-07-14,511.2278882169608,511.725191610168,504.9618776037467,510.1835632324219,3160157
2017-07-17,510.33271850242727,511.2278888937775,505.75755156125655,507.74676513671875,3169635
2017-07-18,506.2548303794507,519.8809548510951,505.6083420694068,513.7640991210938,7864083
2017-07-19,515.2062623336009,519.1349708767605,513.2667671585248,517.3944091796875,8119092
2017-07-20,517.9911846904015,541.2650069871158,517.891748297518,537.087646484375,16391849
2017-07-21,537.0876275482997,539.4747079531271,529.3794254862638,537.88330078125,5567645
2017-07-24,538.0822848193991,543.4531858818747,528.5340837149781,531.9157104492188,4779353
2017-07-25,530.6227263578796,544.5472215200358,527.0918843686719,542.010986328125,8181916
2017-07-26,535.9935878400902,541.0163396550395,522.566397066238,525.9977416992188,12085057
2017-07-27,529.5286985078872,532.0649337732928,519.1847632338615,521.8204956054688,12290852
2017-07-28,520.9750521228657,526.7935385768966,509.2387035189003,512.3219604492188,8268116
2017-07-31,514.6095622293394,518.3890557785154,506.6526777913565,516.99658203125,7245884
2017-08-01,515.4052245235754,518.9360663074232,511.97381913128146,513.7640991210938,4562630
2017-08-02,515.9521805691182,521.2235834775943,509.8353256158867,514.1121826171875,4079631
2017-08-03,513.2170943309196,513.5651824187134,502.0774863437812,503.2710266113281,4140945
2017-08-04,503.2710303859816,508.04513078599643,501.8785869653931,505.3597106933594,4972811
2017-08-07,506.25480555330637,509.03969214599994,501.38123883959895,503.0720520019531,5293884
2017-08-08,504.96185324839973,508.19432514833755,493.3746604631548,496.75634765625,8898560
2017-08-09,491.78331148707457,495.9606415556994,482.8318508861788,484.3237609863281,7169705
2017-08-10,482.48372466294967,491.4849033138814,480.9420660392455,482.8815612792969,10095387
2017-08-11,480.2955854450546,490.68923794934506,477.4112319890518,487.0589294433594,9261420
2017-08-14,488.35191480969195,494.76714049574,487.1086563707671,489.0978698730469,3983656
2017-08-16,490.2914289791767,498.8450230856811,485.3681132304179,496.80609130859375,5958229
2017-08-17,497.50234956733743,500.7348217717256,492.3303818991197,494.4687805175781,3948664
2017-08-18,492.6287246084093,493.2752432959845,487.20813588443644,487.7551574707031,4166976
2017-08-21,489.44601902416326,500.6850638762107,489.14761876830016,492.1314392089844,17884400
2017-08-22,493.32496708295366,504.2656417561643,493.32496708295366,496.5077209472656,6654272
2017-08-23,502.2764188943669,503.0720921692413,497.45256998884287,499.9390869140625,3288488
2017-08-24,500.287212885047,507.746763772995,499.3423242980441,504.116455078125,7157375
2017-08-28,504.7629045394508,510.1338050474826,503.46992795965826,507.84619140625,3724389
2017-08-29,506.65271012410943,506.7024586771091,498.298018872298,500.8840026855469,3266295
2017-08-30,503.46998695616975,506.75217733747303,499.59099605627677,501.182373046875,3972126
2017-08-31,501.2817977942565,502.67424116197606,495.86117891103964,497.6514892578125,4491876
2017-09-01,499.2926273545976,507.05054846711784,495.811503458699,504.81268310546875,4569367
2017-09-04,503.86779420276036,506.2548443728201,497.00501358146744,499.0439453125,3744616
2017-09-05,499.54126684082013,503.91753070372044,498.7953117385193,500.68505859375,3216819
2017-09-06,499.2926325793239,499.2926325793239,488.849260782346,490.1919860839844,4947660
2017-09-07,491.3357691268427,496.3088032273168,491.3357691268427,493.9217529296875,4564617
2017-09-08,495.31415079093654,495.8114541551845,489.19732548128474,491.3357238769531,3662579
2017-09-11,492.67845901658836,494.7173907101344,489.99300865402563,491.23626708984375,3590293
2017-09-12,492.2308887084805,499.4915364047912,490.58979359422204,493.822265625,3324949
2017-09-13,493.424454092371,502.8732189708367,492.38009870979823,496.607177734375,4430874
2017-09-14,502.27644868514005,518.9858312724788,499.3920949514079,516.9468994140625,15168429
2017-09-15,515.1566131376724,517.1955449718457,508.2440836165637,513.3663330078125,8942804
2017-09-18,515.8528039913746,523.1631391630684,515.5046552128318,521.720947265625,7337260
2017-09-19,519.1847869096556,521.2734370573576,514.7090559880206,517.9415283203125,2386279
2017-09-20,513.9630481164289,519.6820370408013,513.9630481164289,516.6484985351562,8297561
2017-09-21,515.2062631086264,519.6819931935469,502.922864471636,509.78564453125,3103034
2017-09-22,506.6526924914581,507.7467660304862,500.4861486084648,502.5747985839844,4546160
2017-09-25,501.2817849662275,502.27639168243036,485.66644738064775,498.99420166015625,11921527
2017-09-26,497.30337160364905,515.4052264712175,497.30337160364905,509.1889343261719,5292394
2017-09-27,510.63111053822047,511.1284138945272,497.80065966311435,503.5693664550781,5300694
2017-09-28,505.1110856302484,514.4603837791257,502.92293845896165,509.0397644042969,10408979
2017-09-29,508.34357879524987,514.162035072147,502.37593755802055,506.4040832519531,11578743
2017-10-03,511.2279129886443,514.2117334924691,501.3813113966209,506.9013671875,10712537
2017-10-04,504.76291123634337,508.24403476211126,501.7790910713995,503.2212829589844,4792373
2017-10-05,503.91750632732015,505.11104657446185,494.7671423935284,498.4969177246094,9349884
2017-10-06,500.2872270037911,504.2656542563063,498.54666508081567,500.6353454589844,11343137
2017-10-09,500.68501760698905,506.0558878332904,498.5466192260436,503.2212829589844,3942277
2017-10-10,504.76290664355025,512.9186938280501,501.38124989131427,511.7748718261719,4932758
2017-10-11,517.0960872278332,520.4777138433191,506.6526857247622,512.9684448242188,6188165
2017-10-12,513.5154776894931,523.1134575730209,510.0343538963352,522.2680053710938,4800917
2017-10-13,521.4225763383265,531.766510575736,519.6820145670492,526.5945434570312,6447797
2017-10-16,527.4897084449558,528.8821822905022,511.426844550743,517.5436401367188,7148294
2017-10-17,518.140428278075,523.2626169108347,508.2440784066513,510.38250732421875,9443230
2017-10-18,485.3681015162473,486.3627082816494,458.4142521032512,461.9948425292969,49308621
2017-10-19,461.39806473177646,462.49213822613507,455.5298909840212,457.8174743652344,3302209
2017-10-23,456.1763758679883,458.5634259767269,445.0865167720861,447.5233154296875,21127981
2017-10-24,449.21414248123006,455.3309680581329,447.6725141259014,449.5125427246094,19327721
2017-10-25,465.6251259872859,473.93009810014206,454.18714880333704,470.448974609375,37624005
2017-10-26,469.4543981168455,485.2189215818333,468.95709472900984,481.68804931640625,24936306
2017-10-27,482.3843045013034,488.7497820364956,479.0523656057993,483.3291931152344,7576778
2017-10-30,484.572432775316,486.36271282858104,479.00262876639476,481.3896789550781,4815226
2017-10-31,492.330405341553,526.147039243801,490.6395615052433,520.32861328125,39655956
2017-11-01,522.1188880312029,541.0661367447626,521.6713027989485,532.214111328125,22542766
2017-11-02,531.1199663346082,535.0983930487251,523.4614827687384,529.2799682617188,7800191
2017-11-03,532.4627512657531,542.7569685559231,531.2194927069875,537.1871337890625,9303981
2017-11-06,536.1428197107729,538.6293368791801,527.8875948528579,531.6173706054688,8013536
2017-11-07,532.6118874572674,536.4908778667972,520.1793037164348,524.3069458007812,9642624
2017-11-08,534.7999762493613,548.9234019861212,530.7220528017081,541.911376953125,19642327
2017-11-09,545.9894725990245,552.454417481028,530.1254803242949,537.485595703125,11290503
2017-11-10,532.0648430515135,545.989336242923,529.5783264101905,541.8616943359375,9869691
2017-11-13,553.9959509047197,561.5052196061287,531.1697142154752,534.451904296875,21701958
2017-11-14,534.4518694013419,546.9839498565907,529.7274877227381,542.7071533203125,10644657
2017-11-15,543.5525735102017,548.4261707298292,534.2032460420911,539.0768432617188,7814066
2017-11-16,541.0661188725526,545.5418496352852,538.2812318724935,539.6736450195312,5176117
2017-11-17,547.0337185464722,554.3938328602163,537.6346725138869,539.4747314453125,4373503
2017-11-20,539.3255160137926,544.5472015077021,533.855178829697,542.2098999023438,3458524
2017-11-21,544.0499466946973,545.9397239912043,536.2423072082549,543.8510131835938,5770768
2017-11-22,543.6022580560782,544.0498431944163,536.0929899118654,537.5848999023438,4536211
2017-11-23,539.4747092360111,544.8455491006803,532.6616167801016,541.2152709960938,10724159
2017-11-24,542.0109618258492,544.746130394769,538.1319712093535,542.5579833984375,3947490
2017-11-27,541.1655243520637,558.8197946852039,538.0325494207565,556.383056640625,9301318
2017-11-28,556.4824528939974,562.8479601049339,554.9905428326194,559.5159912109375,10113136
2017-11-29,557.5267687524796,559.1678940757662,543.8509267450083,546.536376953125,6387037
2017-11-30,544.1991422651457,544.5472303674626,531.2692536902106,532.5125122070312,19370807
2017-12-01,536.4909415967591,536.9882450054673,529.0313904661367,530.9708251953125,7138045
2017-12-04,533.3081387789588,537.9330236326304,526.7934768629416,532.0648803710938,4181453
2017-12-05,532.1145953179861,534.949200188224,527.8875167570488,530.2745971679688,6167602
2017-12-06,529.3297597444305,531.6173432805873,526.3459392957087,527.638916015625,4234770
2017-12-07,530.025977396008,535.0984476921099,526.2464230668558,531.1697387695312,3528298
2017-12-08,533.8055111331324,541.5634324596774,533.7060140240577,539.57421875,6007380
2017-12-11,547.0336923931001,549.2715574983445,539.7730755261687,542.1600952148438,5326031
2017-12-12,541.0661530012957,541.0661530012957,532.2141273186957,535.6952514648438,5232189
2017-12-13,535.0984610140574,540.0714950383516,530.1751451888098,532.860595703125,4163419
2017-12-14,534.1038339365832,540.4693415284612,531.8659687105919,538.5298461914062,3558224
2017-12-15,549.2218909412738,549.4208244438611,540.1212143752507,544.9948120117188,6059220
2017-12-18,535.0487352366134,550.8132285879461,527.1415991087855,545.6910400390625,5889302
2017-12-19,546.2877078794603,553.0013028329174,542.4584965217294,550.6640014648438,4325512
2017-12-20,550.5148536675249,554.7916506876122,545.6412561548332,551.5094604492188,3534649
2017-12-21,548.8239847980963,553.9462337710225,542.110389329919,545.9893798828125,5781370
2017-12-22,546.9342615005634,551.8077980218201,544.1493141101575,550.6142578125,3075576
2017-12-26,552.0067138671875,554.2445789234058,547.3320502752254,552.0067138671875,3272086
2017-12-27,551.0121469430806,557.6263062023161,548.0283266527751,551.60888671875,4163259
2017-12-28,543.2044586594089,551.2110302346566,541.066030030392,543.900634765625,8433564
2017-12-29,545.2434514437665,564.7874383370252,544.0499111610835,560.9085083007812,8363189
2018-01-01,560.7592906095845,566.7269312915722,557.4771003756873,562.4501342773438,6943234
2018-01-02,563.9420336194077,565.5333801549897,553.349447329879,556.4824829101562,6292268
2018-01-03,558.2727596236988,562.4004019406962,552.7527042728311,557.4273681640625,3990149
2018-01-04,561.8036877592225,561.9529030778331,554.9906547211166,556.8804321289062,2766664
2018-01-05,558.0241331715638,562.9474489742843,553.6976178726169,560.2122802734375,3249056
2018-01-08,562.7485397729022,564.9366869692616,559.4166311303891,562.4004516601562,3770339
2018-01-09,560.9582439840746,569.9097053242459,559.9636371684999,562.251220703125,4607504
2018-01-10,563.0965559660657,563.6435774598201,557.4272861535886,559.7645874023438,2411625
2018-01-11,558.9689831078718,560.1128051314978,550.5645440854282,555.7365112304688,2825921
2018-01-12,557.1787321907016,560.3614860387138,549.520247817479,552.106201171875,6013121
2018-01-15,553.6976433934624,561.4058464511327,553.3992734808139,557.52685546875,3943472
2018-01-16,559.9139459403785,563.8426551923435,552.8024825840629,560.16259765625,5993564
2018-01-17,561.0079271588629,586.1217476842179,557.9743887019464,582.0438842773438,8453944
2018-01-18,592.7856656719925,593.9294877992226,575.4794826938064,581.6460571289062,9466991
2018-01-19,581.7455888955915,590.7964872289946,578.0655312952236,587.0667114257812,3897048
2018-01-22,592.7359283846521,618.396771414328,580.0049736193691,608.2517700195312,21790443
2018-01-23,613.0757402028574,624.2152893316237,608.1524237238816,616.7557373046875,14286343
2018-01-24,618.5459803256355,618.5459803256355,603.0300781450533,604.6712036132812,6158610
2018-01-25,606.7101445169109,615.9102573640935,595.3716027796122,612.7772216796875,6749846
2018-01-29,611.2355796004766,617.5513690263582,600.3944022091035,602.2841186523438,7017160
2018-01-30,602.3338568853704,604.1739158983921,589.2548138219119,590.5477905273438,6447963
2018-01-31,586.121701969957,592.7855788397192,583.9833340403444,590.3984985351562,7108060
2018-02-01,590.3985174633202,606.7100917535098,582.9389671548754,589.6028442382812,7839731
2018-02-02,584.6298523627078,584.6298523627078,558.2727727278772,561.8533935546875,6185174
2018-02-05,548.1277885086357,565.5831865825533,544.5472282763349,563.1961059570312,9318595
2018-02-06,540.071478695461,573.937827234892,531.120017722608,560.6598510742188,13938327
2018-02-07,564.9366864570364,571.5508462410837,553.0014043487892,556.3333129882812,7679830
2018-02-08,559.7646639172293,573.7886554446254,556.6814072902724,565.3842163085938,5816886
2018-02-09,556.8803309830998,558.9192626331823,547.4315670723001,554.54296875,5865587
2018-02-12,560.6599231112227,564.93672065101,557.3279535640722,561.1572265625,4765319
2018-02-14,561.9528544679101,562.7982459842741,537.1871203160463,540.9666748046875,6478108
2018-02-15,531.8660777341129,551.8079353611594,528.4843897503678,540.767822265625,11593643
2018-02-16,544.0995509555538,545.6411791082996,532.114553069665,534.9491577148438,3910503
2018-02-19,534.9491933034584,542.0109373497259,524.6550381640517,537.6346435546875,4251723
2018-02-20,539.0768966040141,545.0942557256484,526.5448749505944,528.8324584960938,3395183
2018-02-21,531.1199983322981,535.595728655323,521.5717979255692,532.9102783203125,4638382
2018-02-22,530.125427505083,530.8713826094523,524.655090073042,527.3902587890625,7808359
2018-02-23,524.1577578733812,535.993602494849,522.7155659429704,533.7557373046875,3888629
2018-02-26,538.1816814596326,551.4099996351501,536.0930315929602,549.3212890625,5297794
2018-02-27,548.6250993920138,548.6250993920138,533.2584725384361,535.496337890625,4136383
2018-02-28,531.1200624722961,533.606579618702,517.1955664524231,525.8983764648438,6626661
2018-03-01,521.173988795768,532.6616857587526,519.1847750980742,522.91455078125,9827510
2018-03-05,521.1739257061746,526.0972411531822,518.4884753981726,521.720947265625,6766199
2018-03-06,523.1631877353484,527.7881337344133,508.44301892885835,514.559814453125,12240160
2018-03-07,508.14457023007077,515.1068476648848,504.81263162745654,509.8851623535156,10428057
2018-03-08,515.6538429400829,521.1241796541226,504.7131695120035,517.7424926757812,8483978
2018-03-09,519.6323242412964,519.731760636883,500.28721023322896,502.6245422363281,4955525
2018-03-12,507.8462171123417,519.1350098952855,502.574783078924,516.3998413085938,5283334
2018-03-13,514.3111225056093,532.0648892911489,511.87438455012364,528.6334838867188,7846232
2018-03-14,526.0973024661204,535.0984822663935,519.682076178793,533.2584838867188,4976540
2018-03-15,532.3135736878858,536.2920009042288,525.4010442582936,526.7935180664062,3932830
2018-03-16,528.0367792207398,530.0259928388914,517.6928441239586,519.781494140625,12146623
2018-03-19,519.7814734353551,523.1631607338976,514.2614180060698,516.6484985351562,4656613
2018-03-20,506.2548334434723,522.1685413709685,506.2548334434723,518.28955078125,5398111
2018-03-21,520.1794181979865,529.6281839205121,519.6821147389062,523.4616088867188,5518826
2018-03-22,519.7814455294123,523.063696257184,513.9630205228647,515.4052124023438,7194256
2018-03-23,506.7521592026597,507.49811429471464,493.3249675456707,496.80609130859375,29385110
2018-03-26,496.3088014429948,506.5532395119443,492.529307681419,504.56402587890625,9498614
2018-03-27,509.53702794574536,519.7317471745004,506.30455599516455,509.4375915527344,6423140
2018-03-28,510.1338457096656,510.1338457096656,498.89477079651016,507.74676513671875,10980960
2018-04-02,504.01697416111057,505.7575359860379,489.5454579864816,496.3584899902344,7120498
2018-04-03,491.33573243101984,503.2710133807612,491.0373625484719,498.8450012207031,6053789
2018-04-04,501.779148580339,501.779148580339,487.60600117247014,489.59521484375,6047813
2018-04-05,495.7120241211191,501.92831663455854,492.52930056603253,500.3866882324219,6682587
2018-04-06,500.2374879580597,500.2374879580597,492.52928547753345,497.5023193359375,3812133
2018-04-09,499.49157564379465,519.1847792679331,498.49696878695954,516.4993286132812,8708770
2018-04-10,520.1793570762669,546.7353708119878,518.5880104765906,543.2045288085938,21689156
2018-04-11,547.1332329020977,548.0284033969378,531.1200860507528,536.8887939453125,9261807
2018-04-12,534.4022066243757,547.0337247739892,531.9654078910047,545.7904663085938,8021652
2018-04-13,547.033734088307,552.5537896274566,532.8605873414737,539.6239013671875,8788919
2018-04-16,538.5795610780267,540.8671444871161,527.4896714105565,539.4747314453125,6418203
2018-04-17,542.0109897675251,542.0109897675251,527.3902576132871,529.5286865234375,5541004
2018-04-18,532.6119858207647,532.6119858207647,513.7144550446778,515.4550170898438,7131174
2018-04-19,518.190109865656,518.6376950384054,506.35429576849697,510.1338195800781,10559623
2018-04-20,510.7306079111071,511.07869601969503,500.2872361816687,502.9726867675781,4437940
2018-04-23,505.6580567854834,508.4429738485689,497.30336630220404,503.4699401855469,4766412
2018-04-24,503.271050071254,511.9738597315771,500.6353480732973,502.12725830078125,4564259
2018-04-25,503.27105408291703,503.27105408291703,493.6233557270874,495.7120361328125,4608455
2018-04-26,494.07091750519186,498.3477145140156,480.69344418544557,491.08709716796875,14919977
2018-04-27,478.65451668635706,540.1709222367984,478.65451668635706,536.2919921875,58859461
2018-04-30,532.9102960751416,533.2086659654217,510.6311408151796,514.5100708007812,18357008
2018-05-02,515.7036074545048,525.1026535213421,512.6203507665803,520.92529296875,25195767
2018-05-03,519.1847133830845,535.8940943162871,519.1847133830845,530.5232543945312,12001916
2018-05-04,531.0205225113374,531.0205225113374,516.250577118471,517.4938354492188,5929870
2018-05-07,520.9253095476477,534.999019997294,520.1793544504434,533.2086791992188,6792091
2018-05-08,533.7557874756675,544.5472474579659,530.57303343152,539.3255615234375,12028184
2018-05-09,540.1709082836086,546.685631140985,534.1535495133254,545.5418090820312,7556830
2018-05-10,545.5418025882516,551.0121397153899,540.0217472647895,544.6964111328125,11415139
2018-05-11,545.6412539722915,553.4986717986354,542.5579972437657,550.31591796875,4960854
2018-05-14,548.2273469984746,555.8858324314014,544.5970074544153,548.923583984375,4999526
2018-05-15,545.0445079186369,560.4609127958976,544.3979892381664,546.7353515625,6752759
2018-05-16,542.0606578480114,549.7688598632812,538.1319491958077,547.03369140625,9929095
2018-05-17,547.0336767647442,550.0174968198246,533.6064865168822,536.5405883789062,8551787
2018-05-18,533.9049311679236,537.7839220652675,525.6497066670454,530.0260009765625,7343619
2018-05-21,532.1146142626603,534.8995010372317,519.0355111437193,524.008544921875,4258800
2018-05-22,525.5503148612985,530.6227858134839,517.8421113185534,520.477783203125,4711540
2018-05-23,519.1847146147435,525.3512885004053,516.5987613913906,517.4441528320312,4426060
2018-05-24,518.886390001395,534.1038622022744,518.2895894859593,531.567626953125,5188026
2018-05-25,532.7113194385943,540.5687365801996,529.6280629787605,535.595703125,4588810
2018-05-28,538.7785164016434,545.0445271085933,538.0325613006736,543.2045288085938,5611936
2018-05-29,544.0499433049977,546.9343274330669,540.2704494415163,544.7958984375,8015443
2018-05-30,540.8174708887165,541.7623595307763,532.1643792133002,538.7288208007812,5919369
2018-05-31,540.0714876052463,548.8240152263451,529.37946460017,542.9558715820312,15652651
2018-06-01,540.0714658923074,541.3644425276495,529.9761830854097,533.7557373046875,4061137
2018-06-04,536.640020108962,539.027100414705,528.3847968360593,534.1535034179688,4291186
2018-06-05,531.766579909688,533.1092748830629,521.4226443235927,528.0368041992188,5088506
2018-06-06,527.1417056166813,530.9212000440551,523.7600175624035,528.5341796875,5281259
2018-06-07,530.9210768771802,547.0337185464722,529.2800121451282,539.4747314453125,6932191
2018-06-08,538.1319873154616,538.9774395038371,532.5622136180788,534.501708984375,4627913
2018-06-11,536.8887485619981,539.6736355130004,527.4897019846304,537.0379638671875,4095873
2018-06-12,540.5687804763867,541.5633872481924,532.910296192287,534.2530517578125,3320721
2018-06-13,536.8886787498742,548.8239590216283,533.9545768752064,537.734130859375,5924906
2018-06-14,536.8887808862934,536.8887808862934,528.1362524964755,529.130859375,3736633
2018-06-15,524.9534878080125,531.7665812127556,513.316575421636,525.8983764648438,7854953
2018-06-18,527.3902346842985,528.1361897545734,518.6377073342697,519.7317504882812,3711213
2018-06-19,519.3338986693975,521.5717636839925,511.62569695245924,514.4105834960938,6483110
2018-06-20,517.941540698611,524.5557008343823,514.3609801581254,516.3004150390625,4555002
2018-06-21,518.4387771298926,519.1847322048997,508.34352451872866,510.2829895019531,4856050
2018-06-22,510.2332637812418,524.9534315697973,507.7964650976211,522.8150634765625,5932446
2018-06-25,517.543636472796,520.5274569441433,510.3327370003734,512.4214477539062,4882240
2018-06-26,513.7143716483041,515.902518576772,509.28835959648933,511.4267883300781,4505122
2018-06-27,513.2170925596902,513.2170925596902,498.8947611635061,505.1110534667969,5659070
2018-06-28,505.26022742550487,510.73056453345816,498.0990467066249,501.8785705566406,4854274
2018-06-29,503.07210155482795,511.725192757225,496.06013583608546,508.0451354980469,7747444
2018-07-02,507.99539457128475,511.0289329997268,500.2871923041728,509.4873046875,6799910
2018-07-03,510.13386280977,517.0961105572678,506.5035236304673,508.7911071777344,6658467
2018-07-04,509.1889595577639,513.4657566242857,504.9121321382516,511.9738464355469,3893493
2018-07-05,511.22790001796415,515.0571119516592,506.2548659710968,508.24407958984375,2692462
2018-07-06,510.2332675218242,514.1122581654928,506.7521438642679,510.92950439453125,2706424
2018-07-09,512.3219527430559,526.4453818397202,512.3219527430559,522.417236328125,6295104
2018-07-10,525.1026287907795,532.0151576205145,519.1847066788198,529.6777954101562,5281760
2018-07-11,529.5287288935037,539.4250188164691,527.9373214568056,533.6563110351562,6432494
2018-07-12,536.7892887733749,542.7569294252056,532.4129946796403,535.446533203125,4128221
2018-07-13,536.7893288532063,538.0823056164481,516.6485401494482,520.1793823242188,4169212
2018-07-16,520.1793500790149,527.0421611980137,515.5544042328225,519.2841796875,5032325
2018-07-17,518.8863810930824,536.9384581379173,516.2009305846825,534.9990234375,4511522
2018-07-18,538.281156433037,539.474696610356,512.222448836472,523.7101440429688,4954888
2018-07-19,525.2021208336498,534.5017310538777,515.6042014136503,523.9588623046875,5276418
2018-07-20,523.9587839029222,533.5567625927257,522.1685040302987,530.8215942382812,2532288
2018-07-23,532.0151717890144,541.8617421336376,527.6885960278806,537.4357299804688,6009401
2018-07-24,538.1320326249235,545.9397329454079,535.1482120273847,543.15478515625,6171893
2018-07-25,544.0499054858135,544.5472088729119,526.6442869373642,529.3794555664062,3341114
2018-07-26,532.5125280319454,541.0661225994698,523.5610664448218,538.7288208007812,7920089
2018-07-27,540.2703888039553,552.0067360968919,534.3524666091084,550.2661743164062,7678597
2018-07-30,553.0510705805361,568.1193871086504,547.82938514885,566.5777587890625,12949737
2018-07-31,578.8611286136215,581.2979272927955,545.0444991069838,547.4315795898438,21735293
2018-08-01,547.5310217899361,552.5040555936594,535.347088970814,542.2098999023438,6871812
2018-08-02,542.3093095259233,548.3266679901968,536.093017578125,544.2985229492188,6495837
2018-08-03,543.552567915483,575.4297008825974,542.8066128817471,571.6502075195312,15953749
2018-08-06,572.0978760436365,600.7425413718245,572.0978760436365,593.5813598632812,22629303
2018-08-07,593.7802101387831,603.6268409209625,580.5519529418782,589.8515014648438,16424825
2018-08-08,593.5315695472743,595.6699983114862,583.8341538739003,593.083984375,7138029
2018-08-09,591.7910071886944,621.0324694733503,591.7910071886944,617.7005004882812,18227195
2018-08-10,617.9491882139679,620.5352022987885,607.9534020877097,612.1804809570312,16074351
2018-08-13,608.6993177664261,612.6777446799322,599.3499902372961,601.6376342773438,8445677
2018-08-14,605.3176892056113,617.9492080199884,605.3176892056113,614.7167358398438,10225641
2018-08-16,611.5837701443236,631.5753433441627,607.953430896251,620.087646484375,18777302
2018-08-17,626.602320775996,629.0391197202107,616.9546221085653,623.9168701171875,13411536
2018-08-20,626.6023057290348,627.1990455473357,618.7448874541662,621.0325317382812,6463139
2018-08-21,622.027132705024,634.8078061252704,613.9707809980582,632.3212890625,15522297
2018-08-23,641.1732862417081,641.1732862417081,625.160080629343,628.3428344726562,12699837
2018-08-24,634.6088545764936,639.9300373631254,630.5807091905264,636.4489135742188,15035968
2018-08-27,639.5321782087599,647.9863360855476,638.5375713997261,646.693359375,9819034
2018-08-28,648.4836614325586,659.2254031923919,638.5375930056789,656.490234375,9886447
2018-08-29,653.9539174831477,664.0491999593846,649.7268389290741,653.357177734375,13329261
2018-08-30,658.280506949383,658.280506949383,639.5819106639613,646.2457885742188,14868623
2018-08-31,645.9971868833028,649.9756145161484,637.7916798905588,645.74853515625,10207700
2018-09-03,651.915053752432,651.915053752432,626.2044309749626,628.392578125,6494484
2018-09-04,627.5968218923163,640.9245758313734,619.3913166932488,638.3385620117188,9305124
2018-09-05,637.5429067607979,643.1624590044967,627.9449276418368,634.2109985351562,8837398
2018-09-06,635.4542935250827,639.8305269162823,621.2313680622389,634.758056640625,10026621
2018-09-07,636.5484252116281,644.5052805267735,628.6910063055267,642.0684814453125,6999943
2018-09-10,641.4716108183969,674.2936323027719,639.8304854617877,648.2349243164062,32430222
2018-09-11,648.1354647015086,662.109676358194,643.9581045210898,646.6435546875,19162102
2018-09-12,661.413506284042,661.413506284042,626.7017055064424,632.0228881835938,14448365
2018-09-14,638.3386135780819,640.5267606157913,628.5914793620809,632.9677734375,12083354
2018-09-17,630.2822988606498,630.5806687393625,618.6453879430339,622.5740966796875,6644742
2018-09-18,620.6346573396332,629.6358369435067,602.8809498375513,605.3176879882812,10724450
2018-09-19,608.3014884330817,619.1427267256092,598.0570506380951,605.5166015625,9373364
2018-09-21,615.6119303807769,630.580751537109,560.3615312477052,595.9684448242188,24788799
2018-09-24,596.3662222683823,602.4830784658642,584.6795921867085,594.1283569335938,11998797
2018-09-25,595.5704985631802,616.4572399205481,586.3703862986252,611.03662109375,17515392
2018-09-26,615.6616235519288,620.9827457735789,608.7490939895918,614.1199951171875,8725133
2018-09-27,614.0204566856038,616.4075371829838,593.7802334784047,596.9132690429688,9683836
2018-09-28,595.2721169211648,616.4572277380662,590.8461049131372,609.9425659179688,16754620
2018-10-01,611.7825894250892,614.1696699144355,569.4123660340314,590.2493896484375,20117451
2018-10-03,589.4039187860208,589.4039187860208,566.0306608344384,569.1636962890625,18385327
2018-10-04,561.952861598814,587.3650540839,550.8132529091098,583.0882568359375,16877024
2018-10-05,582.839578781195,587.3153093349755,561.952836196886,565.4339599609375,9860010
2018-10-08,566.9258744433715,571.4016050310823,543.1547477062481,553.5484008789062,12918017
2018-10-09,558.8695873066454,560.8588009141351,546.188350558898,549.8683471679688,8053297
2018-10-10,550.9624491572567,587.6136854652457,549.8683452533579,586.0223388671875,13695001
2018-10-11,552.0067842178852,582.6406620837353,547.1331865252802,577.7173461914062,11223315
2018-10-12,586.4699267565861,599.0019482151835,577.617901911113,581.7455444335938,10689006
2018-10-15,581.8449296251031,581.8449296251031,566.3788073121609,573.4404907226562,5065325
2018-10-16,574.6340231700387,591.1444701721533,567.174472890895,585.6741333007812,13083651
2018-10-17,591.5423966807385,595.570542095754,563.5441908656636,572.9432373046875,9609195
2018-10-19,567.3236902890679,573.4404851171323,551.5591375502548,559.5159912109375,12664549
2018-10-22,564.8869421743054,568.9150875586556,555.189525909101,559.0187377929688,10235243
2018-10-23,553.9959768314776,568.3183387554735,550.5148530991434,559.7149658203125,9513054
2018-10-24,571.4016133471915,573.8384121771619,554.2446458445996,561.0576782226562,9759225
2018-10-25,554.9905704189935,561.6544478322453,549.47051505871,558.0241088867188,13041860
2018-10-26,558.9689801340049,560.958193586439,531.6670133581504,534.800048828125,9229395
2018-10-29,538.4303000493983,573.8880523495734,535.6454134963491,563.6436157226562,15917739
2018-10-30,561.8036514939173,568.6664629992135,555.9852257395022,559.665283203125,8522604
2018-10-31,565.2350406913105,582.8395934538959,554.9906026403992,579.259033203125,12135088
2018-11-01,578.9108931525982,604.7706707277871,578.9108931525982,598.9025268554688,16048865
2018-11-02,609.14696961899,614.5675890232352,601.836572941564,607.356689453125,12488669
2018-11-05,625.5082624934887,629.5861262325064,613.8713503887527,621.0325317382812,24201213
2018-11-06,622.623895336038,624.7125454629181,596.8138351373806,604.1739501953125,15354794
2018-11-07,609.5945685025853,609.5945685025853,601.3890619112709,603.5771484375,1528117
2018-11-09,605.7155833440914,620.4357528670857,597.7587283904745,609.8929443359375,13927467
2018-11-12,609.2463267707177,615.1642488237991,601.5381247846475,603.2786865234375,7073703
2018-11-13,603.1793263707791,617.4021919498941,600.792245687774,614.9653930664062,8938939
2018-11-14,618.8940511842583,619.9383761322446,605.5165782340176,609.3955688476562,9840254
2018-11-15,609.9426538322884,629.0888357911496,607.456136694774,622.7233276367188,11005288
2018-11-16,623.2206511162319,633.2662170985953,613.2248640430083,616.4573364257812,12204545
2018-11-19,616.4572589207614,616.9545623017408,605.317651045629,612.9761352539062,9046876
2018-11-20,611.3848180491084,616.2583549929321,606.2625686968836,609.3458862304688,6658508
2018-11-21,607.6053086408974,625.2595790572724,606.9090717508866,623.46923828125,7842430
2018-11-22,622.4249221830673,626.0055430802378,608.7987969062968,611.235595703125,6946666
2018-11-26,615.313458763245,631.3266023385156,613.1750300775027,627.6465454101562,9528169
2018-11-27,626.5028757980374,635.2554038907471,619.6400642867853,621.8779296875,11251342
2018-11-28,626.6023475328802,628.3926278132052,619.1427957765363,624.5634155273438,9035388
2018-11-29,628.5914907676838,632.7688514234753,618.1481194811954,627.9947509765625,19643832
2018-11-30,629.586082150638,631.8239473715525,620.6346212669796,622.3751831054688,8984998
2018-12-03,628.5914787378734,629.5860855080283,618.247544045871,621.4302978515625,5914250
2018-12-04,621.57951553194,624.1654688618627,615.263726093661,619.888671875,8382005
2018-12-05,617.5514066822545,620.5849453806771,610.0918554372893,611.6334838867188,9728083
2018-12-06,606.9587829596717,610.5393430585249,595.0235016888547,596.8137817382812,7519849
2018-12-07,599.151181605748,606.2128658509041,589.1553343505566,600.6928100585938,12262327
2018-12-10,591.7910582408578,598.2560025745814,582.1433599401043,587.1163940429688,11643401
2018-12-11,577.8664834618717,613.3242360324124,577.3691801198219,600.9910888671875,16429956
2018-12-12,601.4885301756054,618.6454994117016,599.7479680791898,616.6065673828125,7232578
2018-12-13,621.430318280734,622.5244221874601,612.8270058596531,615.7610473632812,7419355
2018-12-14,615.7610850508825,619.6400761018112,608.0031636550103,616.9049072265625,4165047
2018-12-17,619.1924343888841,621.1319297374267,612.826987465283,613.8215942382812,4843342
2018-12-18,614.3188864211838,618.4464680302624,610.5393321879359,616.0594482421875,8492688
2018-12-19,620.8832118036366,648.1354587587045,615.8107420849069,638.1893920898438,16759139
2018-12-20,633.5148040946807,643.4111537504967,625.6076680096426,629.536376953125,11004125
2018-12-21,629.8843910433885,634.4098392440379,613.3242264358289,617.5015258789062,10715457
2018-12-24,622.6239031535823,623.767725341131,610.1913172279916,611.6832275390625,6191605
2018-12-26,607.7047774320268,620.2865782029885,600.1955079535643,616.158935546875,6519211
2018-12-27,620.1870005992454,622.623799174911,612.2798651298705,614.2193603515625,12304812
2018-12-28,620.5351327829891,624.612995894176,616.6561424432948,621.6788940429688,6372911
2018-12-31,627.0001338089368,628.5417621654663,615.4626588217259,616.5567626953125,6030093
2019-01-01,618.5460295055557,626.8012542888679,618.5460295055557,623.9168701171875,12179223
2019-01-02,619.6399734853156,625.1103103298891,614.1696366407423,616.7058715820312,12386281
2019-01-03,618.0486769359882,618.6454167211728,600.394406603511,604.6712036132812,13228602
2019-01-04,608.6993742615642,621.3806112253468,606.2128572098421,616.2583618164062,8381367
2019-01-07,622.6237655928329,637.2444955522617,620.8334857562844,634.0120239257812,11735286
2019-01-08,632.5699218686266,650.2241924868154,627.199020891123,647.3895874023438,11879875
2019-01-09,648.8316920215285,668.4254572265507,648.8316920215285,666.4859619140625,18003387
2019-01-10,665.2924648953908,665.2924648953908,651.0695401147834,659.6729125976562,12751327
2019-01-11,661.4134853903906,664.8946089977085,654.6501716659401,662.9053955078125,8330315
2019-01-14,659.4242688628211,659.4242688628211,649.0306162847983,655.644775390625,6856244
2019-01-15,657.7334683503741,660.6675705678598,651.5171758158629,657.0372314453125,5467484
2019-01-16,657.1366941322214,666.7843917816855,657.1366941322214,660.4188842773438,6598151
2019-01-17,666.2871363530927,676.3326410032478,662.0102784407858,673.000732421875,10448209
2019-01-18,671.2601231398787,672.4038844843847,657.8826501457667,661.015625,7037386
2019-01-21,657.9821501653645,660.9162525171341,652.9593977088014,656.7388916015625,6157956
2019-01-22,652.8101138963734,660.021012809752,650.3235970296912,658.0317993164062,7951640
2019-01-23,655.9431494307844,663.4027000308312,655.0479790763875,658.0317993164062,7596006
2019-01-24,661.4134344660038,661.9604559924126,651.4673677823044,660.0707397460938,7013582
2019-01-25,661.6124904155064,673.1996238233884,661.6124904155064,666.137939453125,6628922
2019-01-28,665.3918934188328,670.8125121656075,646.8424538714778,652.7603759765625,7792690
2019-01-29,654.948536209297,667.3811204197999,646.0467937733813,657.1864013671875,8302420
2019-01-30,683.3445810247568,699.5566595153998,680.0623907680961,687.2235717773438,46912230
2019-01-31,693.4895533142122,722.9298886992297,685.333765859748,718.8023071289062,35239544
2019-02-01,716.8628376016387,722.4823901982164,701.595647791509,713.3817138671875,13792059
2019-02-04,707.4638623654388,720.5926853367887,704.1816717990979,716.6142578125,8195956
2019-02-05,718.1061226921264,727.6543238638116,715.6196056467936,725.565673828125,8665426
2019-02-06,727.3558704957053,730.5386240897078,711.7405331016737,721.8358154296875,8077340
2019-02-07,722.333167513432,729.8424364940626,720.0953022784507,726.212158203125,7203465
2019-02-08,723.0790671649705,728.8477738539775,712.3870451951997,715.5200805664062,7341956
2019-02-11,716.0174138459757,716.0174138459757,701.4961190703565,707.0161743164062,7234953
2019-02-12,697.219327886649,709.5524758007014,696.2247211421602,701.7944946289062,15856819
2019-02-14,702.1924455162433,702.5903125439723,688.8646892651273,691.2517700195312,10383603
2019-02-15,696.2247274352593,700.203154449175,678.0234359877903,682.89697265625,10866440
2019-02-18,682.3002952629657,693.9372074837204,677.0288911288073,689.5609130859375,7135564
2019-02-19,689.5608465113139,701.5956245903104,685.9305683033105,689.3121948242188,6816325
2019-02-20,693.8375855761026,699.208485852236,691.5500023866284,696.57275390625,5772687
2019-02-21,696.7220707043074,702.689711566871,691.3511696456072,693.4398803710938,6674353
2019-02-22,693.6885050079374,700.6507524092812,687.472212685309,698.263671875,9822278
2019-02-25,699.1091728597593,701.9934962752276,692.3457977758,699.9048461914062,11428024
2019-02-26,690.2570840400314,711.740565543324,689.3121954869653,706.3200073242188,9166951
2019-02-27,711.0940663380673,723.8747380434105,709.2042893415378,714.3265380859375,13284424
2019-02-28,719.5482014085895,719.5482014085895,702.5901699710861,705.72314453125,26230891
2019-03-01,709.6518652217973,711.0940570470448,695.7770899133368,698.6117553710938,7713824
2019-03-05,701.8940037904557,729.9419266082976,696.9209699825398,728.1018676757812,11298428
2019-03-06,729.9419418163211,729.9419418163211,708.7070505905127,716.713623046875,10510670
2019-03-07,716.8628964269791,735.4620569041936,716.8628964269791,729.7927856445312,11263734
2019-03-08,728.0522282491733,733.2739143124357,724.4716678024731,729.4447021484375,7744794
2019-03-11,729.3450950496684,740.8825694159982,726.6596447666276,730.5386352539062,9421608
2019-03-12,734.7160153613335,744.9604527032398,734.5668000670523,738.5452270507812,8131901
2019-03-13,739.5895488618754,746.9496630330073,732.5278652780424,734.019775390625,12333789
2019-03-14,736.0090341264497,745.6567322555198,733.4230807213711,736.6057739257812,7100875
2019-03-15,738.9431368432233,744.9107776645601,727.7538103032168,731.1354370117188,14560368
2019-03-18,737.0036118595476,749.7842844899699,736.2576567868152,742.9712524414062,8067253
2019-03-19,750.9281213798229,758.8849756460991,745.0101988780838,756.7963256835938,8818172
2019-03-20,756.6471061542497,762.8633985150306,750.2815984944181,751.674072265625,9758274
2019-03-22,760.5758687195017,761.7694090781615,731.5830548212356,752.9671020507812,10355078
2019-03-25,748.640531111081,750.9281145506353,737.1528350098135,741.6782836914062,7130411
2019-03-26,743.3691472641652,756.8460572749666,737.6501581590741,753.0167846679688,7300104
2019-03-27,757.1941085244983,765.8471994123005,751.7734895822674,755.2048950195312,7456768
2019-03-28,756.9951732273555,783.4020310075946,753.0665251291985,776.489501953125,16643818
2019-04-01,776.7381981788459,778.7771299922908,756.4979132299143,761.470947265625,6021202
2019-04-02,765.0018534242055,770.7705607902866,756.8957836272762,763.2612915039062,6592678
2019-04-03,765.8471623581644,768.5823307951578,754.6081187400773,757.3930053710938,5591613
2019-04-04,758.8850033306463,767.7370283071975,755.9011828719413,758.0396118164062,7009879
2019-04-05,759.8298562861412,764.6039566547898,752.0221566954118,758.0892944335938,5343947
2019-04-08,760.1779098017447,763.8579668352454,744.5128538412563,750.5302124023438,4918795
2019-04-09,750.9281157151052,761.8687902487027,746.9496886119787,759.2828369140625,5483424
2019-04-10,757.1443879782438,763.7585471441232,753.9119160427045,756.7465209960938,5933250
2019-04-11,756.3984635983255,757.2438550872134,742.9712719368168,748.24267578125,5365803
2019-04-12,749.3367655551268,762.6147416656087,747.54642480254,760.2276611328125,4671869
2019-04-15,759.8796009195959,766.0461752672078,755.9011736896502,758.7357788085938,3707106
2019-04-16,760.9736433409215,771.8148818137391,760.9736433409215,766.9412841796875,7088601
2019-04-18,774.2019525406009,774.798692334461,764.8526243969197,767.040771484375,6098041
2019-04-22,764.7531079271331,764.7531079271331,746.5020387491186,751.4253540039062,4185156
2019-04-23,753.3649216746566,755.2049199450888,744.9604821975865,749.1875610351562,5098170
2019-04-24,750.6297317759106,751.6243385330787,734.367874872626,748.7896728515625,7825049
2019-04-25,749.9335612286643,754.4590102328128,734.5668733301958,736.9042358398438,10282068
2019-04-26,757.8903466787125,761.0233822367444,743.2198970546823,755.8016967773438,23294204
2019-04-30,755.8514826041917,765.5488993250473,751.7238399226646,762.7142333984375,12434805
2019-05-02,761.2719628583128,763.6589824219021,744.0155008607909,748.2922973632812,7033021
2019-05-03,750.082662544591,759.680580717877,749.3864257176126,753.2156372070312,5970814
2019-05-06,741.9766313216134,749.3367455125568,740.0868542248642,743.4188232421875,5909936
2019-05-07,747.7951284597664,751.4254677085879,736.0090616867705,737.8490600585938,5071941
2019-05-08,737.8988332047624,740.7334383945738,729.3948962233611,731.5333251953125,6739894
2019-05-09,729.9419400966261,736.5063205619844,725.4662095867964,727.0575561523438,4193451
2019-05-10,730.4391744019732,734.5170375317434,725.5655773587093,731.0856323242188,3913815
2019-05-13,730.0413273300281,738.8435724575434,726.0629004780934,728.1515502929688,5891071
2019-05-14,725.4662050045455,734.5171023626411,718.603393983762,727.4056396484375,7049134
2019-05-15,731.8316142734367,733.7213913285751,712.2378496990146,718.0563354492188,4849130
2019-05-16,717.0617765272209,731.0359897686777,714.8239112524188,727.9029541015625,5142617
2019-05-17,727.8532358915111,748.0935204668699,723.2780689454934,744.9107666015625,9072242
2019-05-20,756.1000765151854,786.3858647155604,756.1000765151854,778.1803588867188,15866697
2019-05-21,785.4409743464621,787.529624270264,766.8915338995419,768.7813110351562,9251548
2019-05-22,770.621360871293,779.7717558618893,766.0461937289865,774.9479370117188,5928186
2019-05-23,783.7501215750466,799.9621995121165,766.443939785795,772.2127075195312,14776218
2019-05-24,775.2462157806972,791.6075083758918,774.3013272606996,788.9220581054688,9323114
2019-05-27,789.7176793772869,811.996892599287,782.9543663046709,809.5103759765625,9128216
2019-05-28,811.8975184265893,817.6662257234589,796.6800465328877,804.0401611328125,13473187
2019-05-29,802.3990392291382,808.6153317549295,797.7740933075568,800.360107421875,5958128
2019-05-30,798.9178443770147,809.8088000550022,798.9178443770147,803.1946411132812,6414384
2019-05-31,806.6261243611526,814.284608953127,788.9221352524988,803.940673828125,11140585
2019-06-03,809.1623215790353,810.2564254441965,798.7686687428895,808.2672119140625,6427567
2019-06-04,803.1946737276595,823.2857423415825,801.1557420189002,818.3624267578125,9515354
2019-06-06,819.555949711022,821.4954449856356,801.4540949912578,803.3438720703125,14728937
2019-06-07,806.7255019256799,808.8639306974648,796.9783680221965,799.663818359375,6884094
2019-06-10,803.0454988047588,812.3450474562102,803.0454988047588,809.7590942382812,5923875
2019-06-11,812.7429409306746,817.0197378717619,802.6476580005682,810.4055786132812,5471529
2019-06-12,809.6596569177864,811.3505006263315,804.7363410951922,809.162353515625,4707478
2019-06-13,806.8747816717864,818.9592788014056,806.3774782624356,815.726806640625,9056584
2019-06-14,815.6769990745246,818.6608194257876,793.1491918460775,796.8789672851562,8919370
2019-06-17,795.7848936850868,796.6800641069259,770.9197231449206,773.5057373046875,10151212
2019-06-18,777.7327974300989,780.6171207192,765.946670456381,771.5662231445312,8347632
2019-06-19,776.5889612208828,784.7447489532277,759.2330607790102,766.54345703125,6411258
2019-06-20,767.8364859195839,771.2678916830898,754.757381598534,767.23974609375,9190732
2019-06-21,770.5715977303043,774.052721437379,758.6860346463822,766.8915405273438,12610688
2019-06-24,766.8418485720005,771.0689275038176,756.8957804971367,758.7357788085938,4866859
2019-06-25,757.1444447507113,778.7771431721601,752.4697805368337,777.4344482421875,10044436
2019-06-26,778.6776528536564,787.7285500427153,777.4841126063353,784.3468627929688,8715757
2019-06-27,784.6950779889373,802.4985039884087,777.3846812966597,796.133056640625,18439210
2019-06-28,796.8292770204828,808.5159071392777,789.0215770707197,804.1893310546875,9174348
2019-07-01,806.3774714643986,814.5829776495127,803.0952811315493,806.0791015625,5896530
2019-07-02,806.7255197753954,808.1677117204179,796.4313640787485,798.2713623046875,7549027
2019-07-03,798.3211478554149,807.1233934834713,797.1773257880496,801.8519897460938,5535230
2019-07-04,806.6320590742758,809.8187657849184,800.9557472430337,805.48681640625,5553273
2019-07-05,804.6402929566442,809.5697227492242,797.9681397572894,802.7481689453125,5871202
2019-07-08,798.665271956089,800.3084355438589,775.4123859192925,779.6447143554688,7485169
2019-07-09,775.2629739103824,785.5201340486195,773.1717300852147,782.9309692382812,6448920
2019-07-10,783.3791276166432,786.7151739785606,761.3709831162682,766.0514526367188,5814417
2019-07-11,770.2838332179367,770.2838332179367,759.8274915905439,763.21337890625,7111401
2019-07-12,762.9145087656726,765.4041136902198,747.877319333956,752.6573486328125,8552548
2019-07-15,754.1013220023536,756.4913670119046,740.906416070982,746.6325073242188,6350785
2019-07-16,746.8815168894678,760.0266437429971,744.4416917780208,757.8855590820312,6170479
2019-07-17,759.9269827717799,762.366807753839,746.9312572233619,749.4706420898438,5757193
2019-07-18,750.8648996258588,751.8607416678029,731.5455396995933,737.3214721679688,11283488
2019-07-19,740.4583017819541,743.6947882593925,720.2925014225309,726.2177734375,8091007
2019-07-22,726.9646779752655,735.4293351845666,717.006257729029,724.42529296875,7020071
2019-07-23,729.8526114402339,736.2259636432864,723.08083735127,724.9729614257812,7048354
2019-07-24,724.9729886653523,729.7530181925855,706.4005107283404,709.3382568359375,6618279
2019-07-25,708.2428040324327,723.2302131609399,703.4129341263232,720.1431274414062,9972204
2019-07-26,720.5414542488408,728.9563311568573,716.2095659377111,726.8152465820312,5450010
2019-07-29,733.1389421542685,736.9231298540003,707.0478678328922,717.2552490234375,10314136
2019-07-30,722.9315756914084,724.9730398148313,698.0853034480724,704.6578369140625,14100900
2019-07-31,691.1143379292448,692.0106200287332,655.0648458982752,671.2970581054688,55836793
2019-08-01,671.1477183542015,677.9194317000356,659.8947160731487,666.5170288085938,17001210
2019-08-02,664.6250239910031,678.815773534632,658.8490913411265,671.0481567382812,14426295
2019-08-05,662.7328013215177,666.5667684215746,647.4964320199111,659.6954956054688,13042504
2019-08-06,655.9611169681095,680.010664044461,651.2806475587375,676.1766967773438,12419831
2019-08-07,676.1767103461779,676.6746313405419,651.5296211251648,657.2059326171875,10486156
2019-08-08,657.8532066488921,661.5378342374362,640.525592165961,657.3552856445312,17563795
2019-08-09,661.4381938590818,673.1393360376546,657.2556457751488,658.0523071289062,9289628
2019-08-13,659.4466199709365,665.9195933185584,642.3181244948,646.7496337890625,7389394
2019-08-14,650.0856624639512,666.6664565106103,649.2890009993678,660.4424438476562,7148518
2019-08-16,661.2390541877261,675.1808414748167,654.1187599392715,672.8406372070312,7040117
2019-08-19,675.9775616561682,686.1351625762717,673.5377365125031,682.1517944335938,9082914
2019-08-20,682.3012092715481,682.3509892180942,666.7162567759602,669.5543823242188,7602499
2019-08-21,671.1974752179548,671.3468758232067,656.9071675284584,661.9361572265625,7892687
2019-08-22,662.234968587413,667.0647782562899,655.0151136667232,658.4010009765625,9262172
2019-08-23,657.0067577655489,668.7576811782528,642.5670488036687,661.1395263671875,7775604
2019-08-26,674.4339847707602,683.7949237482701,657.8034114543948,680.857177734375,8864341
2019-08-27,694.1017958607986,694.6494967428662,677.6704047105787,680.1102294921875,12015623
2019-08-28,682.2512776882668,686.4836058644505,670.6995356846418,675.3800048828125,5677087
2019-08-29,671.1975471096488,673.9361127692207,656.1603563460036,658.4010009765625,8753540
2019-08-30,662.1353683645585,665.819935129734,637.4384382046591,661.1395263671875,17115901
2019-09-03,656.0607037670951,656.0607037670951,638.7828692131134,643.0151977539062,8461431
2019-09-04,641.5213738484663,650.2847705448648,635.9446226552185,644.6084594726562,10786466
2019-09-05,649.2889708453764,657.0067461890139,641.3720149494999,646.89892578125,8108303
2019-09-06,650.3844135500937,669.9527339949371,650.3844135500937,668.3095703125,11101456
2019-09-09,664.8739430550368,672.9900189770635,659.9942928878659,668.7576904296875,5607331
2019-09-11,671.7451841657155,680.6579818932323,668.2099573523905,678.865478515625,5966906
2019-09-12,677.2721102899919,678.8157139932156,657.8034116221526,660.1436767578125,8087081
2019-09-13,660.7909505534855,672.5917147867738,654.317977518125,671.4464721679688,12105997
2019-09-16,663.8282434335431,671.5958595480182,662.1851406257665,668.1104125976562,7659588
2019-09-17,664.2265788492341,665.5211612244506,635.3969423186195,637.7869873046875,17297040
2019-09-18,642.8160133689955,651.7785914020257,638.8824252982245,645.7039794921875,9702162
2019-09-19,645.5048068779865,647.2973103503745,629.9696349607538,635.54638671875,9554331
2019-09-20,638.3845375381948,686.5833173381676,620.0610801853552,677.5211181640625,38862975
2019-09-23,700.9731755151801,728.956310101331,692.9565991628774,722.4833374023438,31417887
2019-09-24,725.2218746994383,730.2010842751296,699.3299849058435,701.4710693359375,15683656
2019-09-25,699.0810372436965,700.5250202033936,680.8073620784348,692.0603637695312,17058681
2019-09-26,683.7450605305896,716.6576856981634,683.6952805892198,696.9898071289062,15007372
2019-09-27,697.2885283119471,705.006303233693,689.6205333301971,697.6868286132812,10245068
2019-09-30,701.1225730568225,709.4378905234872,679.2638282176025,682.1517944335938,20073726
2019-10-01,684.2430677733786,698.3342574956454,653.521363966513,676.326171875,49442205
2019-10-03,672.1933828177092,673.0896649740162,644.0110649980714,665.620849609375,17615854
2019-10-04,667.1146446681283,674.5834603908734,648.6915658853576,653.6707763671875,15317105
2019-10-07,658.2017557705575,679.0646569936583,648.9902176384263,670.6497802734375,21554138
2019-10-09,669.1063215702198,686.6331179627366,661.5378852514779,683.4464111328125,11537721
2019-10-10,677.1725290920332,681.4546373403119,662.5834201453704,670.15185546875,8679981
2019-10-11,673.7368602679124,683.1475788677728,665.5211641663685,669.9028930664062,11042828
2019-10-14,674.9816478285244,691.0645193065399,670.5501390848617,680.657958984375,11099352
2019-10-15,679.7616904175917,691.9607542989926,678.4671080395128,687.1807250976562,9260732
2019-10-16,690.516845703125,692.508529641373,680.7077658384316,690.516845703125,10404705
2019-10-17,687.6289575860221,709.4379234932636,687.6289575860221,707.3466186523438,10617761
2019-10-18,706.8983497893129,712.7240613845619,702.3175013528721,706.599609375,9500635
2019-10-22,709.4378565698705,719.993757330213,700.3756580101696,709.786376953125,9704016
2019-10-23,715.0145511027824,726.9646550209347,707.0975951007322,711.8776245117188,16158781
2019-10-24,716.9564495755765,719.9937554749017,698.6329327308866,704.7573852539062,8986203
2019-10-25,705.0561445935477,708.0436706299611,692.1101984357566,705.6536254882812,8226456
2019-10-27,708.0436820402607,712.0768300981393,705.6038569149301,707.1473999023438,965647
2019-10-29,703.5623534302881,739.8110255345737,701.321708992612,735.3795166015625,10422117
2019-10-30,741.9023132111139,746.7819634763272,732.4418139151333,744.2923583984375,10188947
2019-10-31,744.889853235456,746.8815373350161,729.0061603851897,733.2882690429688,8775411
2019-11-01,732.9396334318014,746.8814199372977,725.0724581625823,745.1884765625,8484197
2019-11-04,751.810891570494,751.810891570494,732.4915334469181,739.51220703125,7851370
2019-11-05,738.7156088000581,742.4997963736755,727.562165860943,734.981201171875,7306253
2019-11-06,733.8857837566347,747.777791996531,725.7198670924248,744.1429443359375,7821243
2019-11-07,746.8814752506698,752.8565270526752,729.4542408281542,731.6948852539062,9871570
2019-11-08,732.840118033271,732.840118033271,719.794551971106,722.4833374023438,7427196
2019-11-11,720.3920713078695,732.4417342619018,718.2012069213089,730.6492309570312,6355142
2019-11-13,730.6493044033596,734.333932044593,704.9067516409725,708.2428588867188,9290616
2019-11-14,708.0435683065989,718.7986483271352,704.3091613007624,712.9232177734375,8000528
2019-11-15,713.769727810797,720.4916610688687,707.6452754186726,713.9191284179688,9315652
2019-11-18,714.8154198307051,722.4834158631293,709.2387285969653,719.9440307617188,7907958
2019-11-19,721.9854872140813,747.0807190638665,721.9854872140813,744.690673828125,14424251
2019-11-20,744.8898372287146,750.7154887821918,738.1679035371452,745.63671875,8798051
2019-11-21,745.8856663567178,745.8856663567178,731.246776636433,734.3339233398438,5529542
2019-11-22,734.3338579824449,736.9230226684629,724.474998636901,729.0558471679688,4889776
2019-11-25,728.9065697500102,753.6532193307659,726.964665678567,751.6117553710938,6888402
2019-11-26,753.6532616161575,758.8316525034272,740.9064953576769,749.1221923828125,14624880
2019-11-27,751.8607753191314,760.5743935761412,745.2882418606807,749.76953125,8436862
2019-11-28,749.171886341266,752.5079933404168,742.649133729284,747.4789428710938,9235443
2019-11-29,746.7819734321629,753.2051059936499,733.4376657242232,735.97705078125,12674173
2019-12-02,736.1762101718538,742.898143778428,734.2840860293059,741.2052001953125,8285491
2019-12-03,741.8525494926623,741.8525494926623,727.6120202919196,730.3505859375,5408215
2019-12-04,729.8027271616273,743.8939146499395,726.2675004999526,736.7736206054688,8016237
2019-12-05,739.9106008420466,741.9022848281625,722.2841854086467,726.2177734375,8151690
2019-12-06,729.7530218337423,732.1928469448144,712.027045991897,714.6162109375,7458610
2019-12-09,710.4835025175561,730.8484840170057,707.0478353865159,728.9563598632812,8977174
2019-12-10,727.9604913138113,731.7446787019865,711.0311775623273,712.72412109375,7625748
2019-12-11,708.5415062067955,719.3962071428892,706.1016814149544,713.5704956054688,8266375
2019-12-12,716.0103873031994,722.2841796531981,712.1764199730256,719.0974731445312,5519774
2019-12-13,722.5829163612798,751.7112942757085,721.9854354858398,748.8731689453125,14834140
2019-12-16,749.1221544017518,751.5619794902753,743.0973223783911,744.1429443359375,7286003
2019-12-17,744.4914648830048,753.3544831145487,738.2674522994411,742.5496215820312,9788065
2019-12-18,742.6989690086795,745.4375345734469,734.5330522592797,738.765380859375,6678420
2019-12-19,740.0101643214728,746.8814984194807,737.5704000517334,739.4624633789062,8400708
2019-12-20,741.6034903889507,743.8939146499395,734.2342358643428,736.7736206054688,7019925
2019-12-23,733.8359246128971,745.4872262843356,731.9438006795464,740.0599365234375,10250382
2019-12-24,741.4044021290815,741.6035826942561,734.7322482746671,737.5704345703125,3642916
2019-12-26,734.4334640554725,737.5703906212748,730.8484572214451,733.4376220703125,7919368
2019-12-27,735.9271769472675,758.8315410471148,733.2383916140556,756.9892578125,10736285
2019-12-30,757.7361906263535,762.5659999405916,747.9271106062218,750.9644165039062,10034206
2019-12-31,750.7154560076801,762.6655598265337,748.2756917697611,750.9644165039062,11660781
2020-01-01,751.7611465898424,756.7901365100024,744.0931510694996,745.5869140625,4917748
2020-01-02,746.8814982644955,755.8440762436694,744.4914531575002,753.8026123046875,5156046
2020-01-03,750.0184405893136,753.1055265342933,737.4210147420089,739.86083984375,8489729
2020-01-06,736.375389603757,736.5247294370728,718.6991938505718,720.2427368164062,6356198
2020-01-07,724.9729442064244,734.9313637696995,718.0518304536744,722.7322998046875,9103360
2020-01-08,712.2759498190765,722.7322902218732,706.1514975563196,721.4874877929688,8973215
2020-01-09,730.4998514399865,741.9022539420816,727.9604666196801,739.7611694335938,7559853
2020-01-10,739.9105853296735,748.6739825285827,731.7446690015242,736.9728393554688,8550490
2020-01-13,736.9230882563033,743.6450218316141,732.2923985918734,734.3339233398438,6423758
2020-01-14,736.9230464139746,748.275669009116,731.1471752334902,744.7902221679688,7237665
2020-01-15,743.9437809411666,745.8856850679119,734.9314226703858,743.1968994140625,7911661
2020-01-16,743.3960727647022,747.27988098051,732.0434493503207,734.2343139648438,6487613
2020-01-17,731.7944358336166,739.3628711554161,727.8110680162597,736.823486328125,7678864
2020-01-20,739.8607800560793,743.0972663548537,721.9854051111906,724.17626953125,10677371
2020-01-21,723.329828633205,726.5663152058954,713.0726679591069,714.6162109375,8242803
2020-01-22,714.0186918673521,719.7447831898587,703.6619110758354,709.636962890625,13321307
2020-01-23,722.0352383816453,734.4832635271166,716.4087674847159,719.9937744140625,20643257
2020-01-24,720.3921351836434,738.616031831545,717.404609150172,734.3339233398438,9541490
2020-01-27,729.404562868266,745.3380365680296,727.9605796579492,737.172119140625,9170435
2020-01-28,735.3297634482253,743.3960594051765,731.9438763065034,734.0849609375,7836737
2020-01-29,736.9231208560013,742.4002521596608,730.4999274436165,732.19287109375,7985274
2020-01-30,732.6907714329091,733.3380930630683,724.2758941477072,727.8609619140625,6041343
2020-01-31,731.6451493832767,734.1845343958176,722.1846501269047,726.267578125,8345819
2020-02-03,701.7698687703647,709.8361646487825,692.6578901680205,706.002197265625,11594991
2020-02-04,709.487653599914,717.6037295288244,707.0478285142592,712.0270385742188,9653925
2020-02-05,716.4585795644874,722.6328124698498,712.2262508251936,721.0394287109375,7975101
2020-02-06,724.4253038466733,741.9023194849774,719.9937946142801,733.8858032226562,9627252
2020-02-07,733.6367820044263,746.0848064690686,730.9479965637897,745.0391845703125,8438354
2020-02-10,743.1968228277515,743.6947437945103,735.9271888693482,738.0184326171875,4713339
2020-02-11,739.9106119621742,753.9519599627702,738.9147699541498,746.8317260742188,7845657
2020-02-12,748.8731936341443,757.5370313018777,747.8773516213329,752.1096801757812,6190440
2020-02-13,747.9769404412382,750.3172057306882,739.2135425458113,744.690673828125,5031706
2020-02-14,744.9893647856196,749.4208737758557,729.0558930230602,733.4376220703125,6155000
2020-02-17,734.3339309277715,740.0101818249223,727.1638562170764,735.3297729492188,4275465
2020-02-18,734.6824764548979,734.6824764548979,721.6867497867252,730.5995483398438,5215502
2020-02-19,737.570449642886,742.0018982063629,732.2924380740861,737.96875,4372673
2020-02-20,739.6616572271145,750.8648799047382,734.5330465332531,741.2052001953125,7529403
2020-02-24,734.8816187964147,735.3297598543601,719.9937686846282,722.43359375,6589087
2020-02-25,726.3672313270499,728.9563964006218,719.0477556320703,725.7199096679688,5419596
2020-02-26,722.284138091959,732.6906983939571,718.9978718864248,726.3671264648438,7136975
2020-02-27,725.6700496458042,736.3753507340606,713.5705454986223,732.790283203125,8867328
2020-02-28,715.9108590639531,721.6867306767118,688.1268421382945,694.400634765625,16428944
2020-03-02,706.3507754800112,710.2843638539142,672.4921447460005,681.3551635742188,13854352
2020-03-03,687.0314121479399,692.906843411004,672.1933422074056,684.2928466796875,11198145
2020-03-04,687.1310202542415,693.1060726042784,665.5212354319998,679.3634643554688,14802724
2020-03-05,683.6455154963026,691.114330305075,672.4422932831438,675.081298828125,10508008
2020-03-06,647.2973115947397,658.0523932311161,638.3845133788143,654.91552734375,12969235
2020-03-09,636.3429841087374,639.1811092558305,612.5423380118419,620.9572143554688,14336369
2020-03-11,611.0984684555486,631.7621899840539,609.5548647283216,616.7747192382812,11021433
2020-03-12,589.5384459129084,591.5301298518034,525.9539604762349,540.9911499023438,29369378
2020-03-13,514.8004959253533,583.2148484142234,449.2242990044002,566.4348754882812,25599305
2020-03-16,540.0948654212513,542.7338709411276,500.26121721075253,506.4852294921875,21542970
2020-03-17,513.0080424584942,529.0908546610416,475.4647860353029,486.3194580078125,20590414
2020-03-18,487.96258800916075,503.94584021522707,390.46966068710043,471.4814147949219,36240904
2020-03-19,439.21609507846904,463.01674281899705,421.9880409040301,426.4693298339844,33243997
2020-03-20,429.6062375126545,447.83016455029184,412.4777731560565,426.3697509765625,30764236
2020-03-23,383.7477344638757,390.37007792191355,300.74429472555585,307.36663818359375,37622635
2020-03-24,330.56979706548145,336.09670856109943,289.7900509371257,301.8895263671875,50681510
2020-03-25,292.27960737472057,362.2375031773581,284.81079287621833,325.4411315917969,51993973
2020-03-26,334.5531177981375,397.34094106594307,330.6195299095065,339.9804382324219,62971564
2020-03-27,368.4615306310806,407.74750868842534,352.5778389786829,358.254150390625,71042591
2020-03-30,343.5654955813547,380.4116501799348,338.9348362842651,366.6192321777344,61772544
2020-03-31,382.8016432882569,388.1791837933107,371.1005002600178,377.4241027832031,34637148
2020-04-01,374.68557895714036,378.2208061504939,352.52809289256527,357.15875244140625,27744593
2020-04-03,358.70231240047167,360.7935563569748,322.6528186538584,324.0968017578125,41317365
2020-04-07,345.9555199421687,404.0629092767393,340.9265297771928,387.2331848144531,48093237
2020-04-08,382.1543430096188,425.92160826106567,371.9469631637593,389.7227478027344,64930598
2020-04-09,403.3159853204745,421.24114022360675,396.9923829292883,418.4029846191406,44090546
2020-04-13,416.21216583695104,426.1207752592518,400.3284741706714,417.2080078125,33431643
2020-04-15,432.1954232260935,449.77202825381016,410.73504051941313,415.5648498535156,48315019
2020-04-16,406.90108146981066,425.2245697313861,399.03393508687594,420.7930603027344,42344330
2020-04-17,448.12890528447446,483.8796274279208,430.60207979965554,476.80914306640625,47831797
2020-04-20,479.9958081920569,481.43979114060943,449.37366897648485,454.05413818359375,42163627
2020-04-21,434.18708940652976,438.120677258115,411.23294465725195,418.9009094238281,33572119
2020-04-22,416.80965409473794,432.74312598582907,410.28690119559684,429.3572692871094,36619611
2020-04-23,432.792971004459,438.0211418877153,424.2785030458858,428.2618713378906,29418000
2020-04-24,414.2702381889535,417.90505511415734,399.5815698877826,402.2703552246094,35773252
2020-04-27,413.27441052792915,427.71411884757964,407.3989490828979,425.52325439453125,35986805
2020-04-28,436.1787891145286,456.4939595156983,433.4402236577593,453.5562438964844,43938246
2020-04-29,428.95894412795167,446.98369051651474,424.178914654942,437.27423095703125,61499689
2020-04-30,449.124752280467,459.97942425079333,438.5688207607045,443.05010986328125,40382553
2020-05-04,422.23701552017394,422.23701552017394,398.0380666454575,401.1251525878906,37853978
2020-05-05,412.2785878316296,417.0088373296978,384.89293284281365,387.3825378417969,50981056
2020-05-06,383.39918686763923,392.80990633793806,366.5196520687501,387.2331848144531,67511628
2020-05-07,385.3908444194921,400.5774345419656,381.1087360822163,395.69781494140625,41339309
2020-05-08,401.82221670971853,407.7474883193324,378.07138072197387,380.4613952636719,33505509
2020-05-11,389.3742042956337,391.8638091824344,375.28304671447853,377.9718017578125,30141935
2020-05-12,374.73533421172357,390.1708852845484,368.4615417383983,385.2414855957031,38411107
2020-05-13,409.29103862375456,414.7183893700513,397.93844655028363,412.278564453125,48206058
2020-05-14,403.3657722756694,409.2910440724076,395.9965478765903,400.2786865234375,31604212
2020-05-15,401.07538704034545,402.22059932371354,385.19169413101383,386.9344177246094,25435025
2020-05-18,387.3825467004866,387.3825467004866,350.8351323233691,357.30810546875,47864748
2020-05-19,367.26649815479374,370.95112551755057,348.64427196724955,353.0259704589844,42889678
2020-05-20,351.53223750673493,364.776924384,348.54471140894395,360.99273681640625,30720803
2020-05-21,361.4906232779398,367.4656749023685,354.22098929115845,355.7147521972656,24794914
2020-05-22,350.63594934433536,358.2541340244673,331.46599220751534,335.5489501953125,48367892
2020-05-26,340.5779609249804,346.2542724300044,334.9514597539183,339.880859375,30692834
2020-05-27,344.6609358186292,390.8182204101206,340.0800563605257,385.390869140625,72430787
2020-05-28,388.3783703403028,405.95497512500253,385.3908444146081,389.3244323730469,72693713
2020-05-29,380.41164965203063,387.63150425930087,373.78930633177526,383.3493957519531,51056390
2020-06-01,392.66049386274955,407.7973046279239,390.91777033869863,395.29949951171875,44252980
2020-06-02,396.3450821418443,413.27439469564166,389.9218896342772,408.394775390625,37508638
2020-06-03,420.24535284073914,430.203773524169,403.5649981959942,407.84710693359375,49055899
2020-06-04,405.9052030587117,412.1789954681332,389.9219208116942,392.7102966308594,45553578
2020-06-05,397.3409537176405,408.1956253225166,388.8762968088687,403.61474609375,39002875
2020-06-08,413.27443824958686,442.9007383409729,412.27859622970834,428.4610290527344,60387580
2020-06-09,433.1415069713015,440.660102208643,414.7682091975137,418.3034362792969,46273705
2020-06-10,420.4444980380841,430.9008388759784,413.57316403206215,425.67266845703125,36163051
2020-06-11,424.72662222199256,433.73898036140145,407.0006463933869,411.73089599609375,45562670
2020-06-12,388.3783721923828,410.78481674194336,387.53190043126233,406.30352783203125,47813512
2020-06-15,404.262063955789,404.262063955789,382.05476956636073,387.98004150390625,39577100
2020-06-16,403.21641763431376,403.31600791193534,358.9014488637431,379.9635009765625,96186227
2020-06-17,375.8805675244892,396.0961475631409,373.7394829548428,387.98004150390625,56949066
2020-06-18,384.3949969839991,406.35330006994576,382.4033130618022,403.7143249511719,43773580
2020-06-19,405.8056384748777,420.5440887711871,405.8056384748777,415.31591796875,52085319
2020-06-22,418.2536297046751,434.08751103678645,416.36153602938623,428.3614196777344,40454004
2020-06-23,428.7099519980123,443.14966002117416,428.6103617266123,441.8052673339844,30757220
2020-06-24,446.1372251145191,446.6351461246915,420.4445131458951,422.8843078613281,33577082
2020-06-25,417.2578086136133,426.91748841559695,408.6437811726391,419.94659423828125,49853200
2020-06-26,424.2286777595924,426.96724316766495,416.26194202701794,423.0834655761719,32610915
2020-06-29,413.2744529264082,414.0711144143285,400.67705700570457,403.1168518066406,36319455
2020-06-30,408.2952136894661,413.0752430593124,402.36994172477154,404.9591369628906,26951915
2020-07-01,408.29519193707625,435.5314748432107,404.95911538823407,431.4485168457031,53380512
2020-07-02,439.16631322427867,439.66423421432887,419.5482140600265,421.4403381347656,50362770
2020-07-03,428.2120610137861,429.8054142956956,421.8884582206779,426.66851806640625,31044457
2020-07-06,432.3447742663208,435.78044113223035,429.3074684908876,432.1954040527344,18424079
2020-07-07,431.6975112842043,447.1330624373881,424.4278767683343,445.48992919921875,37991679
2020-07-08,448.1289044927936,459.4814973284738,439.1663264029377,442.30322265625,45877067
2020-07-09,445.98784999022513,455.09979829814483,444.1953161388841,451.8633117675781,29162679
2020-07-10,448.02928512474097,449.57285837440935,435.18293010815205,437.7721252441406,25676354
2020-07-13,442.10405334463775,444.5438479290385,430.9506111595099,438.2202453613281,21326370
2020-07-14,433.0916909271071,433.98794267215834,413.67277142468754,415.9632263183594,25685579
2020-07-15,422.2370013819996,442.60198211908016,420.9921989015102,424.8759765625,43250557
2020-07-16,430.1539402221231,434.33645815596475,416.7100739670265,432.1954040527344,30183647
2020-07-17,432.1954460953249,438.0709080631838,422.83453698153596,431.2991943359375,33464985
2020-07-20,435.88003140484943,440.958801010894,427.5149347557974,432.1954040527344,30400586
2020-07-21,438.17046371807504,449.1247253110269,436.6767007735816,444.3446960449219,43147019
2020-07-22,476.0124645777551,482.58502769817915,458.186899283629,476.9585266113281,89611937
2020-07-23,470.98347074179867,472.77597412723935,457.290643687034,458.93377685546875,40249567
2020-07-24,454.7014541632242,454.7014541632242,439.7140141292497,443.7471923828125,30566635
2020-07-27,445.1413867306695,446.13722875914976,428.11248196552,429.755615234375,21924237
2020-07-28,432.1953908505498,438.17044233696294,422.6353023941521,435.2326965332031,33057573
2020-07-29,433.93813144098965,445.14135342311505,432.49414845146407,439.06671142578125,24404819
2020-07-30,440.0625985485666,444.0459667732935,422.9839133631876,424.079345703125,26861618
2020-07-31,427.21618853436934,432.6435392163126,419.5481935069661,429.85516357421875,27499638
2020-08-03,429.80543425104975,430.1041747093528,413.9715517565522,415.61468505859375,23824107
2020-08-04,420.0959359334311,429.40706431605304,415.6146471237859,427.3655700683594,24746211
2020-08-05,437.1746273375468,444.99199292502266,431.3489457014948,433.1414794921875,36932321
2020-08-06,434.18708022472214,436.47750450082674,425.3240931514827,431.1995544433594,33465135
2020-08-07,429.65603816671745,435.1829490475459,425.3738993810373,431.4983215332031,15569399
2020-08-10,432.1954308581485,435.18295687790527,427.51496127092173,429.3074951171875,14888044
2020-08-11,433.4900017292239,448.0293007150758,433.4900017292239,446.13720703125,30469633
2020-08-12,442.95051184832715,450.86746794757954,437.1248604292508,449.2243347167969,23184137
2020-08-13,452.2118376156596,454.85081271694224,443.4982205138025,446.2367858886719,21885850
2020-08-14,449.6226717699908,449.6226717699908,423.83036954504337,434.0377502441406,36725538
2020-08-17,437.2742481343905,439.1663419421717,423.5814200126108,436.32818603515625,30198343
2020-08-18,437.67255767295313,445.3903331495524,433.49000912936043,443.94635009765625,21768516
2020-08-19,444.1455307825622,450.070802822595,440.61030384852694,442.35302734375,18127671
2020-08-20,436.07919508612656,439.46505172541015,431.44853597720305,433.1414794921875,16688938
2020-08-21,438.17048076911084,443.00032055572575,434.4360732625559,438.6186218261719,25087973
2020-08-24,442.1538466593656,447.58119769918403,440.46090310822433,443.94635009765625,18196776
2020-08-25,449.0749453627637,454.50226582660173,445.24094772714807,449.92138671875,26273592
2020-08-26,450.1205880003185,462.86735355732736,447.1330619737677,461.42340087890625,25914508
2020-08-27,462.07071046575226,472.5270519741367,462.07071046575226,471.08306884765625,19544214
2020-08-28,474.46890928806505,510.8669204084561,474.0705481954719,507.0827331542969,59179945
2020-08-31,522.2693768174663,531.6302556462199,484.27797818548737,494.6845397949219,55830536
2020-09-01,492.9915484203946,501.3068348354979,477.65558836807867,483.6804504394531,33276725
2020-09-02,484.97502888428323,485.9210908915633,470.1369899308476,482.3858337402344,20750575
2020-09-03,486.36921503515595,487.9127883324779,471.132844957537,472.97515869140625,14045705
2020-09-04,467.049857220377,470.98344493319723,450.71805592449624,453.3072509765625,29405304
2020-09-07,455.09978110108375,465.207571036461,448.7761785021768,456.792724609375,25967554
2020-09-08,457.8881519753417,460.47734732434077,439.41529452604556,442.5024108886719,21052285
2020-09-09,438.0708750784527,441.50654201988294,423.23283585258156,429.45684814453125,31657672
2020-09-10,434.635283465634,446.8343488191445,428.9589715122151,444.9920349121094,34434841
2020-09-11,444.14552312190995,447.97952082340885,437.42358975627565,445.3405456542969,18620781
2020-09-14,450.1205729421745,453.10809886878184,436.1787852846735,438.7181701660156,17622727
2020-09-15,439.2160986781688,450.020990375972,434.08751849443684,447.6807556152344,17328721
2020-09-16,447.6807653241887,448.72641767350325,438.17048624492014,444.1455383300781,20016188
2020-09-17,439.1165066180805,444.5936371760575,436.6766817587083,441.0583801269531,14306232
2020-09-18,442.7015534570682,447.4318030052931,434.236896370771,441.5065612792969,20809690
2020-09-21,441.1579791949919,442.153821134484,418.80131549712104,421.5896911621094,19013877
2020-09-22,422.23699951171875,424.8759746805299,404.6105843097903,410.2868957519531,27558176
2020-09-23,416.36153600812,421.1415653339409,404.41143230288253,418.0046691894531,18612700
2020-09-24,412.2785738778639,412.5773143113565,399.4819985380589,400.776611328125,21177182
2020-09-25,405.80559368363686,414.9673517586578,398.48614928997915,413.3241882324219,20460096
2020-09-28,418.25365530067234,438.7680073292713,416.31175117335863,437.4236145019531,19387091
2020-09-29,440.56049577568854,441.45674749969515,423.033670455627,425.0751647949219,19996904
2020-09-30,425.22454268727597,426.3199749877927,417.0088460194305,422.8843078613281,18485278
2020-10-01,428.411235691716,443.4484254084217,425.62285988896605,441.8551025390625,21083211
2020-10-05,442.20363237711433,454.5520976134648,437.2244223271944,442.30322265625,24252318
2020-10-06,447.6309642557135,450.8176707070226,440.8592510350379,447.78033447265625,19387351
2020-10-07,445.1413613129657,454.05415911521527,441.6559144123049,451.21600341796875,19873734
2020-10-08,453.65578257070206,459.73042446891253,445.3903066439247,450.0209655761719,20909290
2020-10-09,451.41518133384733,467.8465748758438,448.2782850085127,466.1038513183594,28048230
2020-10-12,471.53117752075195,478.004150390625,460.37773518869653,466.0540466308594,21261504
2020-10-13,463.9627396756799,471.0332233130612,457.838318008837,459.4316711425781,15582492
2020-10-14,456.09564531696645,472.67640887753544,452.11227723559557,469.34033203125,13984621
2020-10-15,471.4315950781003,479.94606238282415,458.0873184027656,460.676513671875,28971494
2020-10-16,463.215875860179,473.5228460962468,461.07482175091957,470.43572998046875,16288157
2020-10-19,475.0664173633202,493.8380452765782,474.26975591386014,490.90032958984375,28131936
2020-10-20,483.82982272121706,496.5765876628775,483.082941250635,491.8961486816406,21376064
2020-10-21,494.83389083483127,505.38982226470426,484.5767302436646,499.364990234375,27029535
2020-10-22,493.9376331443751,510.86694718359763,493.5890823654304,508.17816162109375,30022336
2020-10-23,511.76324879664816,513.3565717484971,502.40230930575524,505.0910949707031,18810262
2020-10-26,506.13671582552445,507.73006916449975,488.85885038767657,491.2986755371094,17446937
2020-10-27,491.94595667921425,510.1200734998532,480.64314370166585,505.9873352050781,24239860
2020-10-28,508.6760828515288,515.348236426269,491.44802836012315,502.6014709472656,30343575
2020-10-29,503.89604385039445,514.2029840711496,487.31528089669547,491.79656982421875,50934336
2020-10-30,492.94178392439323,499.46453678772457,479.59750736700136,490.4521789550781,23140833
2020-11-02,494.7840667300176,529.4891639095291,493.04134336050817,520.476806640625,37597227
2020-11-03,522.8170377148457,534.7671414340422,521.8211957382459,531.9290161132812,25991938
2020-11-04,522.9165899408661,531.6302071084863,508.8752425890202,522.9664306640625,28905623
2020-11-05,532.6758880030347,540.2442625763491,525.3564131380173,537.0575561523438,23728389
2020-11-06,536.5098496433992,543.7297037685308,528.9912550900532,539.4973754882812,22256961
2020-11-09,547.7130907963995,565.6382464951907,545.9703673256836,562.7005004882812,26041462
2020-11-10,569.6215974938353,585.5550687524042,565.8871901676083,581.17333984375,34935409
2020-11-11,577.4389642297091,608.6088677161897,574.0033579259966,606.1192626953125,50289937
2020-11-12,599.4470652533981,607.9117217054715,586.3517194885255,597.2064208984375,34244439
2020-11-13,592.5259835675573,609.8038177674408,581.8704621269588,607.8121337890625,28813262
2020-11-14,611.3971863177436,615.4303341180687,603.03208950262,610.6005249023438,3211214
2020-11-17,610.600534288079,628.2767294312995,606.4677657589467,626.1854248046875,25960060
2020-11-18,622.4012936422239,637.3389246896372,619.4635473799573,633.654296875,24928180
2020-11-19,616.4262126382997,630.368000969376,606.5175723467245,608.9573974609375,26525371
2020-11-20,612.4428658298904,613.9366289172804,589.5384984899108,605.3225708007812,29556191
2020-11-23,608.4096227650774,610.0527254361293,590.2355080361951,593.1234130859375,23728765
2020-11-24,600.4926936099301,620.0111714445711,598.0528686852579,617.073486328125,30742369
2020-11-25,622.4012870649827,627.3804973615025,593.5218673451675,597.3558349609375,35115637
2020-11-26,599.745830518057,615.6295222040332,591.5799141521555,610.0029907226562,35476456
2020-11-27,609.4552916447777,611.0984552240154,596.2603854122724,599.0985107421875,29921076
2020-12-01,608.4594904128348,612.4428585988436,593.7210402808774,601.1400756835938,21285697
2020-12-02,604.4761312481745,610.9491046470429,598.7500393953294,605.571533203125,19070722
2020-12-03,607.6130045871648,608.4594459522917,597.8537046194622,600.1939697265625,17746316
2020-12-04,604.0777094466376,613.8867892348264,600.6918832468456,611.9448852539062,20019707
2020-12-07,614.3847464086623,621.8037816140986,609.9034573185646,616.6751708984375,24658169
2020-12-08,616.5257322765248,621.2559815800267,609.0569175867847,618.0693359375,16005349
2020-12-09,616.5755788186642,634.0525932013263,616.4261782109115,631.56298828125,22000284
2020-12-10,621.9033031501071,629.8202588773072,617.77053470934,624.4426879882812,16126862
2020-12-11,623.7455784191999,629.023589356865,605.820423395377,610.7000732421875,17950692
2020-12-14,613.4386712154488,621.2062266492402,609.8536643325828,613.339111328125,14567480
2020-12-15,613.1896797247657,613.1896797247657,599.7955933625673,604.5756225585938,22311290
2020-12-16,610.9988693122586,612.3432925303009,602.285251493255,603.579833984375,14860853
2020-12-17,604.7250960139226,608.4595037702869,600.6919477933244,602.8828125,14598759
2020-12-18,601.8869283610774,608.4594612403225,594.0197522583509,606.9656982421875,17301814
2020-12-21,602.7333464921288,604.7250304127967,571.0158043680401,580.0779418945312,18580262
2020-12-22,582.5675412606971,591.4803388772841,566.0365891887532,587.2977905273438,19896386
2020-12-23,586.5509054003003,592.0280360958888,581.8704361041599,589.986572265625,12247401
2020-12-24,592.5259706985245,611.4469680821749,591.679529338646,607.6627807617188,15488083
2020-12-28,611.4470004579242,618.2187140396201,611.4470004579242,615.0818481445312,8444506
2020-12-29,618.1191517232969,629.7705154712168,616.0278470200752,627.5796508789062,13765454
2020-12-30,629.6210878816455,631.3638113356477,615.6295203072164,622.5007934570312,10262221
2020-12-31,619.8120822700249,623.3473091975376,613.4386691867053,617.8701782226562,12306502
2021-01-01,617.6710107903466,622.8494014328926,614.9822251892772,621.2062377929688,6047062
2021-01-04,625.1895637583376,630.3679540521647,618.716591086396,622.1024780273438,14068156
2021-01-05,615.4303241610204,665.1228617027507,615.4303241610204,661.6871948242188,37973963
2021-01-06,659.2474389956295,664.3760498804266,646.4508929288838,651.5296630859375,20829645
2021-01-07,656.2599059125433,673.6871416537717,656.2599059125433,668.3095703125,17887570
2021-01-08,675.1808432541545,676.0272846005538,665.7203447129828,669.9028930664062,12272794
2021-01-11,673.1891765850129,673.836498182739,657.4051055589924,664.1768188476562,7928365
2021-01-12,658.5503527223061,682.1518220804903,656.5088886227201,672.8905029296875,13301893
2021-01-13,673.1892009124215,688.3260116690936,666.2680867645176,684.9401245117188,15645903
2021-01-14,675.6788140471871,684.9401327245731,671.844846563006,673.189208984375,9337503
2021-01-15,674.7825107958947,680.1103019324128,666.8157748442011,672.0439453125,12339771
2021-01-18,671.6456433861337,672.1933443252354,648.4425371382924,654.2681884765625,13460603
2021-01-19,660.7909090570367,669.1560056899697,657.0067218302789,665.9692993164062,9010539
2021-01-20,661.239042845912,678.1185757495322,661.239042845912,672.940185546875,9980614
2021-01-21,677.9195065377202,692.1102563991415,666.9652434867985,673.0398559570312,15849438
2021-01-22,667.2140988275189,671.0979067004055,636.1438181885309,641.8201293945312,21392223
2021-01-25,651.2806246944302,665.2224117673996,636.6915160519543,655.662353515625,21325345
2021-01-27,657.2059785144218,661.0399461262277,624.7913316738674,629.4717407226562,24462588
2021-01-28,619.4137363588885,671.8946229622909,613.438684239671,667.9112548828125,64303975
2021-01-29,668.2099725309582,673.0397818499673,650.2848167849712,660.1436767578125,31273252
2021-02-01,662.2348861941888,714.018666768772,651.6291452831933,706.4004516601562,30648270
2021-02-02,716.259397935453,741.8525509008225,701.271987166558,711.2304077148438,28703320
2021-02-03,717.0062330220496,733.7363663029565,712.574724008903,730.7488403320312,23541361
2021-02-04,726.9647166103082,742.4002688123079,717.6037767688028,740.8069458007812,20490289
2021-02-05,745.885690546319,763.1137457417814,714.018745155822,716.60791015625,31121503
2021-02-08,722.9812907332857,744.690634138975,722.9812907332857,733.089111328125,15662890
2021-02-09,732.6907254305753,746.8814734256629,723.1804468252292,739.4126586914062,22307807
2021-02-10,738.4665618501423,743.2964316193888,723.0807920667377,731.74462890625,15140744
2021-02-11,727.960506104423,741.0558527908066,727.960506104423,737.0226440429688,11897710
2021-02-12,732.4417763751333,751.5619545496297,731.4957143377491,747.2798461914062,15668442
2021-02-15,756.7403595031753,795.6777573592717,750.7653075079868,790.6985473632812,20648115
2021-02-16,795.6778225698806,795.6778225698806,763.8108759838528,771.827392578125,23968943
2021-02-17,770.781705791948,781.7359677605673,761.1220262633456,774.51611328125,16956357
2021-02-18,771.7775420946198,778.7484360232163,760.8232802068251,773.7692260742188,19685663
2021-02-19,769.686284844603,773.9683931700056,738.2674219876704,746.532958984375,15634787
2021-02-22,746.532998443807,746.7321182237321,712.0270479608472,716.4585571289062,18123202
2021-02-23,729.3048556311861,731.8940812689223,709.6369763673249,712.9730834960938,16804763
2021-02-24,718.9979610968085,751.7611888997809,714.0685307861993,746.2840576171875,11207286
2021-02-25,761.819086385355,780.2421623306218,758.9809611603885,767.4456176757812,26635119
2021-02-26,742.898117013188,755.5453223143247,715.6618631751858,721.7862548828125,31306177
2021-03-01,734.9314101555029,740.4085412609978,719.2468983534037,725.5206909179688,14301187
2021-03-02,727.4128112014135,737.4210112847222,718.9979340277778,728.20947265625,14503453
2021-03-03,737.4209768587752,757.6365566406959,732.043405922274,750.8150634765625,13603791
2021-03-04,728.0600169193191,748.3254368364625,728.0600169193191,733.736328125,16896947
2021-03-05,728.9563503624273,741.0060143550495,717.5041672624711,727.7115478515625,16358252
2021-03-08,731.9438740959583,749.3711091934812,728.9563480792401,740.2093505859375,13898556
2021-03-09,755.5453088303595,755.5453088303595,736.9230519821053,742.3504028320312,18951683
2021-03-10,747.3794116202914,762.516221986597,746.0350492497122,757.5867919921875,13377990
2021-03-12,769.3874657568387,773.3708335542468,741.9022522672699,747.4789428710938,16343307
2021-03-15,750.8648684636671,750.8648684636671,713.6701940532478,741.3048095703125,22466579
2021-03-16,747.8773405565645,748.8731825546424,732.8899306417652,734.6824340820312,11358574
2021-03-17,735.927234927235,738.9147609147609,721.6867065429688,724.8734130859375,12380976
2021-03-18,732.93975,740.010204254026,704.309291015625,715.761474609375,12261544
2021-03-19,706.0520103572774,726.3173716734589,700.5748791062688,723.2302856445312,20377672
2021-03-22,716.0103913161342,726.9646532138776,706.3507118500316,713.2220458984375,14802230
2021-03-23,715.0145247048478,736.4251267677366,711.1307167622875,727.5123291015625,15949688
2021-03-24,720.2427433703328,721.9854669111529,700.3756828487099,703.4628295898438,14379147
2021-03-25,706.5498613132876,707.9440643514708,677.1725238802474,691.7117919921875,21179280
2021-03-26,704.0602721720342,704.0602721720342,690.267885212188,695.296875,13143312
2021-03-30,702.0686402611376,710.3341170611286,688.1268516602072,692.458740234375,25965218
2021-03-31,693.1060657016383,700.6246610109486,689.2222574002428,694.550048828125,14924620
2021-04-01,703.3631858616326,714.0187073181922,692.6578844618131,710.0353393554688,13090326
2021-04-05,704.2594387455661,705.5042411822694,674.6331407520261,682.4006958007812,16239521
2021-04-06,687.230522291965,690.6164093178235,672.6912537767696,675.081298828125,12062011
2021-04-07,677.67046926258,689.0230921784986,665.6208055838321,685.3882446289062,14433515
2021-04-08,688.6247290535056,692.6080969728316,676.5252246860041,678.765869140625,9026398
2021-04-09,676.4754526521907,683.9442675882476,664.2266083133316,665.421630859375,12509114
2021-04-12,648.2931444918074,652.2765125071181,624.0444160111529,632.9571533203125,14649541
2021-04-13,632.9571161543705,662.0854930559711,627.3804255729364,658.2515258789062,12737650
2021-04-15,663.6789243196687,668.5585137336577,649.5877354679762,666.0689086914062,15195951
2021-04-16,665.8697185384586,672.4422508428132,659.5958658699595,666.4174194335938,12242522
2021-04-19,647.2973004786572,652.5752509262857,628.3763024646657,645.4550170898438,17292072
2021-04-20,653.2723062308208,659.2473578122003,640.326361137832,649.0399780273438,12296248
2021-04-22,638.3347055046817,658.2017650475678,631.7621727870724,655.9611206054688,19385102
2021-04-23,653.2723816339767,674.6829856052123,648.1936115161405,668.5585327148438,19167768
2021-04-26,691.1144040787813,700.8736443143964,681.6539043111322,697.53759765625,21646184
2021-04-27,688.2263585802627,700.9731843736818,681.2554648163361,696.6412353515625,46559967
2021-04-28,705.0561047651636,709.5373935666371,685.2886662534338,705.2055053710938,54060587
2021-04-29,709.0394369901542,723.8775057003879,704.0602274607289,716.40869140625,25939327
2021-04-30,702.0685696532428,726.8152176185437,702.0685696532428,711.9274291992188,23011654
2021-05-03,703.0644282853633,705.056112218183,689.2222006397182,699.8279418945312,13752878
2021-05-04,701.0727135411338,715.6618220204102,695.1972218849893,697.4378662109375,11980155
2021-05-05,706.0519789406587,716.0601788977181,697.0894009287181,714.2178955078125,11155033
2021-05-06,715.0145090991202,719.8443181697634,707.2967341053622,712.7738647460938,9484934
2021-05-07,718.0020426233596,723.8775344136849,711.0311490056571,713.7697143554688,7131970
2021-05-10,720.4916975974037,721.9854606193747,711.0311984582532,712.2760009765625,7980462
2021-05-11,701.8694285361206,710.7324466372085,700.076925094713,704.4088134765625,12736700
2021-05-12,701.0727422002269,702.815465636094,686.1848926918317,688.425537109375,10856584
2021-05-14,692.1102147902885,695.695221806149,678.5667874177333,682.1517944335938,9377968
2021-05-17,688.6247087007347,707.3465252119573,681.5542551654512,706.3009033203125,12099197
2021-05-18,717.006235337283,722.981287298427,705.554052411757,708.6909790039062,19519055
2021-05-19,701.0727538563992,720.6908530168937,699.2802504488361,713.8195190429688,20244016
2021-05-20,705.6535683399236,711.4295001676488,701.6204206736703,702.96484375,18840413
2021-05-21,704.0603131540151,730.3505669817924,704.0603131540151,727.8609619140625,15883692
2021-05-24,727.3629971919069,744.3918705193329,723.7281496988966,738.0682983398438,15716900
2021-05-25,741.3047844540998,741.9022653216767,722.8318673434775,728.5081787109375,11344261
2021-05-26,734.9314232508832,738.3173104889789,726.466765937018,732.04345703125,9081086
2021-05-27,734.1346953371527,750.7154272825496,727.9604631107197,747.22998046875,23040846
2021-05-28,749.4706050924657,756.5411191971824,735.4292583252749,736.7736206054688,17149692
2021-05-31,734.8318476376049,749.8690377608984,730.9480394641428,747.57861328125,9275086
2021-06-01,750.4167331780153,750.8648742380127,738.0683287442508,742.0516967773438,6660243
2021-06-02,741.7031022433187,742.2010232384849,731.1472014583435,733.935546875,9973043
2021-06-03,739.9105931138783,749.1221314534522,735.9272251832518,747.52880859375,8170508
2021-06-04,747.8773983370438,756.7404171172373,737.0226954068183,738.964599609375,10336011
2021-06-07,740.0101924252393,750.815114981542,738.4168694806494,747.9769287109375,6986728
2021-06-08,747.8773326208817,747.9768925070842,736.4251497645033,743.2466430664062,6426815
2021-06-09,742.8981846607778,748.1263555313799,727.1141121544633,733.6866455078125,8004726
2021-06-10,736.375366147879,742.2507973760617,729.852613318495,741.1553955078125,7795125
2021-06-11,743.1470718292321,743.1470718292321,733.9355335854527,735.3795166015625,4840759
2021-06-14,732.8401392866173,738.3172701907583,721.985437364044,733.1886596679688,5190670
2021-06-15,732.93976092817,748.8732339918258,728.956392662256,747.77783203125,9686490
2021-06-16,745.6864700216307,753.702985885565,743.1470851031806,746.6823120117188,8614096
2021-06-17,738.8650380767981,742.3007053842639,732.9397655873101,735.5289306640625,6674329
2021-06-18,739.064176618933,740.1097985796451,719.2468961844447,733.2384643554688,8143792
2021-06-21,721.9854859213091,737.8193988216506,717.5041966983491,736.4749755859375,6464497
2021-06-22,740.1097849966816,745.885656428236,733.9853323970384,736.2757568359375,6727233
2021-06-23,740.1097309269995,740.6574318295579,727.7612667426051,729.3048095703125,6154147
2021-06-24,732.8401735615236,739.8608477107323,728.0600831965208,736.07666015625,5313822
2021-06-25,734.4832973594375,762.7652361052415,734.4832973594375,758.184326171875,11170037
2021-06-28,761.3709431359562,766.3999327771132,754.5992300996496,759.2299194335938,7672743
2021-06-29,757.8357217225494,760.3751065313118,746.9312402458263,748.8233642578125,7500655
2021-06-30,749.3710246704219,757.3377598164197,743.4457532493129,745.1884765625,5459970
2021-07-01,746.881479287091,751.2632082781234,741.4043484389857,743.3462524414062,5695690
2021-07-02,744.4914419215504,749.7196123304977,740.906435096535,747.52880859375,3557647
2021-07-05,753.9519899078753,758.8316402535518,750.2674229569409,757.1884765625,4680089
2021-07-06,753.8524149189935,763.8108351953342,752.0599114255269,755.19677734375,5529485
2021-07-07,752.7570110976264,760.8233071885155,749.1221633934041,759.7279052734375,3573368
2021-07-08,756.8399356315366,763.9602303911458,748.5744590170984,751.2632446289062,4188267
2021-07-09,748.873120862762,749.7694028997456,737.1719783492813,744.242431640625,5782119
2021-07-12,749.3710898339368,754.6490401708452,745.1885413623104,750.4664916992188,4475466
2021-07-13,755.8440834661602,769.7858715669853,751.860715437353,767.5452270507812,9810976
2021-07-14,767.7444266725364,770.2340317523608,760.8233123943496,766.84814453125,5621924
2021-07-15,767.296243777631,775.0140191044015,763.3128758670398,770.9310913085938,4239868
2021-07-16,772.7734130345415,772.7734130345415,763.3626937221115,767.943603515625,2913553
2021-07-19,749.1719702343713,763.4623402766459,746.4831845137538,752.0599365234375,5554486
2021-07-20,751.8607701945136,752.0599507667346,741.1056878897284,742.6492309570312,5815740
2021-07-22,746.9810659457578,755.3461631261508,737.9189279848092,743.64501953125,7876163
2021-07-23,745.8856809298028,760.8233113890111,737.0226625447896,752.2590942382812,6604465
2021-07-26,750.8648490515743,756.8399009007911,741.9022712777492,753.1552734375,7890992
2021-07-27,747.3793473367459,752.8564777969086,726.0683063246574,728.6575317382812,15441543
2021-07-28,731.7446476941112,731.7446476941112,709.1390234275983,719.8941650390625,11102486
2021-07-29,717.0062657938306,725.4709230983411,713.0228976505315,714.2677001953125,6855673
2021-07-30,715.0643100797221,715.6618517269321,704.2096691411597,705.952392578125,10358450
2021-08-02,712.0270365885923,722.5331576295341,709.0395105609479,718.1514892578125,6823345
2021-08-03,720.9896607136039,737.7695753278824,716.3091908151271,735.5289306640625,9265839
2021-08-04,737.4209636413293,753.8523558088943,735.5786803472105,750.6656494140625,9744349
2021-08-05,749.8690147078194,751.8606986778268,740.4085158502837,746.1843872070312,7246991
2021-08-06,743.8939839444209,754.499725698748,735.728067278984,737.76953125,6522599
2021-08-09,737.9188734921771,754.2507055311369,736.6740710740054,752.3585815429688,6064688
2021-08-10,752.3587123268898,760.8233702418846,751.8607912730665,758.383544921875,8309248
2021-08-11,761.8190839479703,765.8024517071754,749.3710597004545,757.6365356445312,6429468
2021-08-12,755.8440302078701,760.2257590433616,750.2174989510877,754.2008666992188,3572081
2021-08-13,754.3503113443461,761.3212053105644,751.0640449165461,756.7403564453125,4239376
2021-08-16,752.8564914493111,762.6157301081213,752.8564914493111,758.83154296875,3967629
2021-08-17,755.8440991525489,756.8399411804179,746.1844193259451,753.6034545898438,5576110
2021-08-18,760.6241231534196,760.6241231534196,747.3794364361424,751.2632446289062,5370460
2021-08-20,742.6990306739548,745.8857375701832,733.1389707666481,737.172119140625,6092036
2021-08-23,746.3836143858234,746.3836143858234,731.3464237854636,733.039306640625,3614761
2021-08-24,732.9397028082143,746.5827501933915,728.4584138644141,743.2466430664062,4537435
2021-08-25,745.0890298003534,748.3255164447577,732.1430832227364,735.97705078125,6726509
2021-08-26,731.0475787193946,746.8814906333705,729.30485524125,743.2466430664062,6492155
2021-08-27,743.3960532952738,756.4415591879065,737.9189222930983,749.2715454101562,5841967
2021-08-30,752.8565607247463,786.2172681113586,750.8648767016649,780.7899169921875,12517507
2021-08-31,781.6364134339034,785.7193413387039,775.1634404063983,783.229736328125,12114870
2021-09-01,794.78140284812,815.5945230479714,792.0926783203078,795.578125,19972195
2021-09-02,792.1922913442843,802.7481919698246,789.1052055334293,799.3623657226562,6799617
2021-09-03,801.1549190435195,806.5324903577286,784.4247849724095,794.6819458007812,7509746
2021-09-06,797.520055823533,802.5491066396626,792.0429247243902,797.4702758789062,4539192
2021-09-07,794.6818554874004,796.076058493785,778.7981646406207,784.5740356445312,6926921
2021-09-08,786.7151604428908,794.0345746483872,779.7442666161817,791.3956298828125,5903035
2021-09-09,785.7193204013837,790.3997898528245,780.9392910647216,786.8645629882812,4909325
2021-09-13,782.7318170817305,787.1633261667756,780.2422120655672,785.072021484375,4814443
2021-09-14,787.7109758786672,797.669395295591,786.7151339369749,791.0968627929688,6301208
2021-09-15,792.6902238402973,794.1342068817079,783.7276459325553,788.109375,4075592
2021-09-16,789.2047765676705,804.0926264648743,785.8188894912985,799.2627563476562,15446511
2021-09-17,805.4868050434751,817.2875696174723,793.9350617594001,803.9930419921875,14641298
2021-09-20,796.6736011379834,805.1880380938711,788.2089441258923,792.5408325195312,6306484
2021-09-21,791.9433478277285,795.6777553151275,769.0887618485729,792.0429077148438,7833561
2021-09-22,789.204790123755,793.4868985952813,782.7318170817305,785.072021484375,4359142
2021-09-23,791.047095491759,811.1133367918543,789.2545919866154,808.7731323242188,9043492
2021-09-24,809.1713361910738,813.5530649313215,791.7938826113051,794.7316284179688,5184626
2021-09-27,799.5615635411248,805.4369948534058,789.5035229046485,793.6362915039062,7715259
2021-09-28,798.6652835021868,802.2502903874033,774.7650755170839,785.9185180664062,7369680
2021-09-29,779.7442685169102,786.2172413717759,775.2629796173877,778.8978271484375,14241004
2021-09-30,776.6571980316405,784.0761722866652,761.669727346699,763.3626708984375,9178187
2021-10-01,760.2258051994039,768.491281622329,750.8648661104123,764.9560546875,6089895
2021-10-04,767.8937491064602,777.902009925646,767.0970876552451,775.7609252929688,5845527
2021-10-05,771.1800912562479,780.7401504182071,767.9933846084703,779.345947265625,3945224
2021-10-06,778.9974482689938,790.8977729939036,772.7734354192894,775.711181640625,5092479
2021-10-07,786.7152222517018,786.8646228722744,770.8813092887693,773.8688354492188,6622698
2021-10-08,778.6488894895244,781.7359753982935,772.7733973364022,778.6986694335938,4295686
2021-10-11,778.7484644480985,789.7027267357315,775.7609383696531,783.8770751953125,4417455
2021-10-12,784.723470897682,796.3748340812439,782.1840860351881,793.83544921875,5098502
2021-10-13,796.6237501741101,801.1548187203571,789.9018172637777,791.2959594726562,4381414
2021-10-14,795.6777818558356,800.6569920051212,784.7235195274073,798.715087890625,7157116
2021-10-18,816.5904273789322,816.5904273789322,798.7150515989362,809.9182739257812,11014585
2021-10-19,816.5904490509306,823.5613431281946,795.1798458136195,798.3167724609375,10633732
2021-10-20,797.2710648093228,810.4161911005066,788.7068480945813,801.45361328125,9023067
2021-10-21,804.5905627231618,810.1174737126837,789.0056109814751,804.441162109375,7405639
2021-10-22,808.6236688308849,821.5696142678325,803.4452784998319,813.3041381835938,10646970
2021-10-25,826.6484893502678,863.2955266547958,822.0178601299818,841.5861206054688,29193770
2021-10-26,844.8723871393199,848.1088736777299,820.0758967324915,838.3994140625,16771909
2021-10-27,836.5072916666667,837.3039531215032,782.3833025243548,784.2255859375,39606414
2021-10-28,784.2255967618328,785.7193598032839,751.5122104666029,755.19677734375,19320926
2021-10-29,758.8315730750401,758.8315730750401,711.031159023069,738.9147338867188,21343427
2021-11-01,751.8606239629053,756.8398333931232,736.9229956722515,749.2216186523438,11694854
2021-11-02,749.3710461596503,758.1842228550939,744.9395374513363,752.7070922851562,11812106
2021-11-03,756.2921805916807,759.478886985881,745.3876990900021,747.4789428710938,10529505
2021-11-04,753.8524230012273,753.902202946868,748.275731899237,749.8192749023438,793433
2021-11-08,757.8358259510226,757.8358259510226,738.4169053123301,747.9271850585938,13872770
2021-11-09,746.8815175746108,750.8151057234452,740.2591438062333,741.9520874023438,12120207
2021-11-10,739.611818449977,750.217498605672,728.9562975723588,746.234130859375,10844883
2021-11-11,744.8898415682625,744.8898415682625,732.0434550147628,734.981201171875,6195359
2021-11-12,739.711435544917,739.711435544917,730.4501169747226,732.989501953125,9372897
2021-11-15,734.9314215393795,740.9064737470167,724.9730011933174,730.201171875,12849161
2021-11-16,730.2011299971876,730.2509099397881,718.3008062098648,723.1306762695312,8978763
2021-11-17,718.0020578106239,721.8858657923278,703.811309788708,709.3880004882812,18083445
2021-11-18,712.0270213753964,713.0228633633341,698.9815156459622,703.4129638671875,13458109
2021-11-22,710.0353318315224,710.0353318315224,674.583381651501,683.5459594726562,16741079
2021-11-23,678.1683827842854,689.7699660681067,674.533535274729,682.799072265625,16575348
2021-11-24,687.1310181517114,692.2097883211521,679.2140616558622,682.3012084960938,11463429
2021-11-25,683.1476099157932,684.143451912755,673.7368908882298,677.072998046875,9760486
2021-11-26,666.2183289565723,672.0938213421324,657.7038916172139,658.9984741210938,10252753
2021-11-29,662.2847082153323,662.6830693268415,646.6499766998605,648.3927001953125,12084376
2021-11-30,645.3055522301361,674.6331083882263,645.3055522301361,652.9237670898438,24699809
2021-12-01,662.1353417735068,678.5667340702519,657.2556918698043,676.774169921875,16184200
2021-12-02,672.1933554279223,675.977542902205,665.2722413157603,673.2887573242188,8612601
2021-12-03,676.2763335791044,684.4920307556707,668.2100370273902,670.2017211914062,9505985
2021-12-06,671.1974750166372,675.9277242841877,658.400930258022,660.3427734375,8022785
2021-12-07,669.2058030840611,688.6745014192952,667.214119146311,684.1434326171875,15123987
2021-12-08,692.1101721820118,698.6329249578127,684.7907579829948,694.201416015625,11670826
2021-12-09,695.2470623902337,696.9897857543187,685.1392425659938,691.0645141601562,7021395
2021-12-10,687.2304896734679,689.0728337076763,680.9069177480621,685.1890258789062,5549743
2021-12-13,696.0935440063477,708.939929860644,690.2180520119146,701.07275390625,13634563
2021-12-14,698.0852318279826,711.0311776393432,694.6993447647707,707.944091796875,8612512
2021-12-15,709.4378546647963,717.0062294407894,704.6079845671015,709.5374145507812,7692888
2021-12-16,716.0103779113722,718.9481238852242,702.1183702448566,706.6992797851562,7309187
2021-12-17,704.5581578458214,705.0560788054298,682.2512745428203,686.0355224609375,7844705
2021-12-20,678.1186757320387,679.0148971341549,657.355331919715,671.5460815429688,9934646
2021-12-21,680.1601367862205,680.1601367862205,659.7453742618902,663.0814208984375,10116104
2021-12-22,667.2142162177443,674.0357103844337,661.2391635351972,666.56689453125,7489534
2021-12-23,674.1849747411738,681.6537890846876,669.8032460137657,675.9774780273438,6884683
2021-12-24,678.3178785084785,679.1643199906367,659.6956188685886,664.724609375,6028893
2021-12-27,660.2929657317751,671.7949276266396,653.2225124890767,669.3551635742188,6996729
2021-12-28,674.483762847966,678.0189897309139,669.2058124949792,672.6414794921875,4645547
2021-12-29,671.6954653837358,676.7742355462889,664.4756104926579,667.7120971679688,3969894
2021-12-30,665.22246728959,670.3012372632337,661.7370202304379,666.0689086914062,5119705
2021-12-31,670.1519463064873,683.6455944633633,668.4092226498071,675.7286376953125,5586980
2022-01-03,677.4215570902896,695.5956745719475,676.1767545230528,693.45458984375,8550860
2022-01-04,698.0852186395155,708.0934182483302,697.1391566148998,706.2013549804688,9705906
2022-01-05,708.9399336960422,727.8609314180345,704.8071651442165,723.8775634765625,11312955
2022-01-06,716.9564267900023,730.4500731076322,716.0103647776244,727.2633666992188,7955578
2022-01-07,730.9480208685773,737.8193549140866,722.2344034535909,727.5621337890625,10454143
2022-01-10,730.5995079459155,740.9064483380697,730.1513668894366,739.71142578125,9595787
2022-01-11,739.8110865271036,743.9437945840427,734.2343345536324,740.1596069335938,7252279
2022-01-12,746.5329740755099,748.3254775059404,740.0600011235199,743.7445678710938,5294563
2022-01-13,745.8855929099349,745.8855929099349,733.9852698921479,737.6201171875,5196538
2022-01-14,731.7446631332328,732.8899057046035,713.0726263046016,718.6991577148438,16302342
2022-01-17,716.0103394484679,717.6036622056256,706.5498412220974,709.686767578125,19680557
2022-01-18,714.5165753958806,732.8400909799036,711.2800891658644,722.1845703125,24055886
2022-01-19,722.1846159372082,728.9065493011371,715.7116430682395,726.5662841796875,7746270
2022-01-20,728.0103477551921,734.0850209731602,719.147389622812,725.8693237304688,8505400
2022-01-21,718.9979134114583,722.2343998637953,705.1059055597688,709.5374145507812,10689060
2022-01-24,712.0270078410168,713.4212109101767,685.3384552278653,701.6702270507812,8812501
2022-01-25,711.0311520284127,751.8606719628174,705.6535811879191,749.0723266601562,38088158
2022-01-27,740.906522862886,773.7693121834174,735.0310301566641,770.6323852539062,34927774
2022-01-28,774.8646320065294,781.4372256424338,758.3336792018738,761.5203857421875,17765524
2022-01-31,772.2256773944843,774.5658817405338,759.1801109564559,769.8356323242188,12319200
2022-02-01,774.8646166151174,790.5989684488723,765.9020388380335,778.6488647460938,15457534
2022-02-02,786.715182823867,802.5490949932507,784.0761772018457,800.7565307617188,13478899
2022-02-03,798.8644082586037,808.5240871341401,789.7524302881953,796.2254028320312,10802708
2022-02-04,793.6362913757429,801.1548862940741,787.8604199515255,795.2296142578125,10776387
2022-02-07,799.163157814997,800.2585596377724,780.8396417843238,786.3167724609375,10939179
2022-02-08,790.6985453293908,797.6694393058464,772.9227900019778,795.2296142578125,12300670
2022-02-09,797.6694429684779,806.1340999787552,796.8230015799991,800.507568359375,9399830
2022-02-10,804.1922167673199,812.5573141068749,799.7607075907864,806.432861328125,12848281
2022-02-11,797.6196991874583,806.5324976586456,795.179874017604,800.4578247070312,9717894
2022-02-14,786.7151933070709,799.661139526048,766.7485730256154,770.1343994140625,8617389
2022-02-15,773.7692315115252,795.7773153281973,761.1220259959247,793.6362915039062,7426563
2022-02-16,791.6943759362891,804.9390621447352,786.018064480849,793.73583984375,7457765
2022-02-17,793.6860735283396,798.6652835253807,777.2546805381043,779.5451049804688,6516308
2022-02-18,777.9019643684916,787.2628422394588,775.760879861205,784.1259765625,5466662
2022-02-21,780.2919957855303,793.4869024350471,772.8729606451878,785.5699462890625,5635224
2022-02-22,762.9145522829463,783.7276749519059,762.9145522829463,775.9103393554688,6923558
2022-02-23,780.2422375132965,782.2339215911861,769.0390145751668,773.9684448242188,6303173
2022-02-24,749.2715103468796,765.9518630729231,722.2841569302506,727.2633666992188,13085009
2022-02-25,739.2135586391528,761.6697852292561,734.3339689502291,754.8980712890625,10066136
2022-02-28,746.7819868541975,746.7819868541975,733.1389384439944,739.3131713867188,14463418
2022-03-02,725.6701092821028,753.3047259902704,721.9854815647388,747.1304931640625,11691602
2022-03-03,752.8565623816262,756.2922294852773,729.3547151700928,734.5828857421875,8357181
2022-03-04,719.993774670154,729.4542737840773,707.0976084585842,712.0270385742188,11660648
2022-03-07,690.118482173446,702.068585760865,652.8739683467754,664.7742919921875,20147061
2022-03-08,662.2348562441858,670.9484727737146,634.3512833496937,667.6124267578125,24828458
2022-03-09,668.7079427993228,677.6705213327464,656.3594769518335,671.396728515625,20438651
2022-03-10,704.9565289632776,717.4045531307223,685.3882106595073,692.0603637695312,23224756
2022-03-11,689.0231608385305,703.7118315478211,684.5916514174182,687.9774780273438,14224356
2022-03-14,691.8114449296223,709.4378603680159,682.1517654379493,707.0975952148438,10720884
2022-03-15,710.03536104853,715.0145711540597,692.1102046686232,695.2471313476562,12157425
2022-03-16,708.0436645278012,722.9812945811303,706.1515404084972,720.8402099609375,10038170
2022-03-17,733.9355031162812,743.6449619431248,733.3878022105278,736.1761474609375,13657428
2022-03-21,741.9023339156855,746.2840632876035,720.6909102163846,722.8817749023438,7495685
2022-03-22,725.9688415287395,732.939735754667,703.4129951851529,728.35888671875,11117081
2022-03-23,733.0393093120388,739.8110838828626,721.6369664550012,723.7282104492188,5886245
2022-03-24,716.1098998137187,727.4127420659254,716.0103399343415,719.246826171875,7559843
2022-03-25,720.292501527448,723.628608673501,712.5249461367391,718.2510375976562,5430894
2022-03-28,722.9812172599461,734.8317601474143,712.0767363309506,732.9396362304688,7077669
2022-03-29,738.5662057064209,738.5662057064209,727.9604646382004,734.732177734375,6174137
2022-03-30,743.8939837774747,762.665581411653,738.2176721465928,747.3296508789062,16618114
2022-03-31,759.8274518586874,759.8274518586874,748.1760882125745,757.9851684570312,20449544
2022-04-01,756.8399178359851,772.5244292911387,752.0101084623437,771.3294067382812,9321859
2022-04-04,776.7567936155403,782.233924852573,763.8108470552813,780.8397216796875,10959783
2022-04-05,772.7733574636934,792.6901965735824,772.7733574636934,779.8438110351562,7334134
2022-04-06,773.7692376506365,776.7069837207712,766.0016821702636,770.4829711914062,9954921
2022-04-07,766.3003923787808,791.6943624965961,766.0016519454334,788.806396484375,9820244
2022-04-08,791.5948486328125,797.3707202116711,785.7193563827998,791.5948486328125,8104237
2022-04-11,786.167442129292,790.9474713484954,780.7898712693325,782.7815551757812,6340427
2022-04-12,776.8562689130436,797.6693896599131,774.5658446196071,795.1300048828125,7672215
2022-04-13,802.4494882066423,802.4494882066423,787.5616378393654,789.7525024414062,7640132
2022-04-18,776.7567833948308,798.3167876567369,772.7734152748573,795.5283813476562,11478317
2022-04-19,801.6528631172991,812.8063064125977,782.2837227776308,794.4827880859375,8711816
2022-04-20,797.5200215617418,799.1134051909548,785.3209573650008,791.3956298828125,6676491
2022-04-21,791.7939717477979,800.6569901050425,787.2629026789756,798.4661254882812,6851615
2022-04-22,792.6902393006682,794.6819233190115,774.9642636936865,777.354248046875,6255027
2022-04-25,768.7900199116738,785.5201532664306,758.0847184686031,777.453857421875,8023525
2022-04-26,787.711060672883,793.2877518341234,765.8025355972783,771.777587890625,11087204
2022-04-27,762.41659184877,769.7360668348151,745.8856393741215,762.7153930664062,11485697
2022-04-28,773.6696509077843,782.1840875961353,763.1634694977997,776.5575561523438,11037317
2022-04-29,761.8191706523256,763.6614541380851,721.9854885267139,725.5704956054688,34401710
2022-05-02,718.9978924052576,735.1305442526191,715.5124455584178,724.3256225585938,16136040
2022-05-04,729.9521713782924,732.093255947953,701.0727539567774,704.2594604492188,14548684
2022-05-05,713.0228322851003,718.7987034071137,695.9939593461461,699.4295654296875,12726146
2022-05-06,687.13098974294,689.6205947782404,665.3220253211583,670.6000366210938,15511195
2022-05-09,657.4549215410943,666.2183192645323,646.1022980661894,660.9403686523438,13999329
2022-05-10,660.9403016502521,669.3053374004301,654.8158494630809,657.0067138671875,9523698
2022-05-11,658.948700892127,673.1892301427171,652.7246880394762,669.5543823242188,9352398
2022-05-12,664.2266262089357,664.2266262089357,641.3222597879379,646.9487915039062,11166084
2022-05-13,653.6706429323234,656.6581686115729,630.7662793914111,633.3056640625,9618627
2022-05-16,637.1894341581858,646.5005926660801,627.4301954071948,636.293212890625,6159695
2022-05-17,640.2268613756639,654.7661306097336,638.4841378341171,652.2267456054688,8152237
2022-05-18,652.0275383363619,667.6124896820742,647.5960293559613,656.7080078125,13013873
2022-05-19,640.6251864543913,655.0151164093982,638.53394243633,647.4965209960938,9216948
2022-05-20,657.0066826289641,672.9401527647177,655.2639593328661,670.3011474609375,9708672
2022-05-23,670.2016657306767,681.9525891696802,665.7701566761832,672.5418701171875,7919353
2022-05-24,666.9153495500387,678.6164921726709,658.4506931847303,661.288818359375,8088546
2022-05-25,665.2223889802632,669.8530781262799,657.3054337216051,662.23486328125,5169619
2022-05-26,670.1518970058704,682.4007416497296,665.2224668690542,680.4090576171875,10114633
2022-05-27,686.1351508857724,690.9151804192679,681.4049012969372,685.4380493164062,5539060
2022-05-30,692.2097915023344,695.0977577885045,687.2305812029897,690.765869140625,3818060
2022-05-31,686.1351396009929,693.1060336172584,680.2098675308928,682.3509521484375,10410424
2022-06-01,680.1600817704741,689.5708007682287,677.6704767859555,683.1973876953125,6966674
2022-06-02,679.1642208915783,690.2678831263274,679.1642208915783,688.6744995117188,6347433
2022-06-03,694.4005415217281,695.0976430047969,670.3509962160979,674.4837036132812,8475726
2022-06-06,674.1850589172661,681.1559531749041,667.512905114395,669.405029296875,6756864
2022-06-07,669.405054539434,675.1809264144326,658.351171045239,663.0814208984375,8312778
2022-06-08,667.2141342450982,670.7493611583315,652.7246454263483,655.8615112304688,9282494
2022-06-09,654.2184046436244,659.994276004249,647.2972906869284,658.55029296875,5682743
2022-06-10,652.7744898363579,660.940407128649,649.4882230964321,657.952880859375,6758832
2022-06-13,644.2599640420058,649.2889537514448,637.4384101909797,646.2516479492188,6135431
2022-06-14,642.3180978828515,652.9736195698958,640.4259737470816,648.044189453125,5391833
2022-06-15,651.2806127197829,653.6208169085992,644.5088998508353,647.795166015625,4638336
2022-06-16,654.7661374966569,655.4632390768826,628.4261035353835,632.2601318359375,5960283
2022-06-17,627.3804474380369,638.1355286664148,623.9945603932832,632.558837890625,6849201
2022-06-20,632.6086138743802,634.5007379372021,619.612888272196,625.6875,5305222
2022-06-21,629.3721048335624,642.6665703936861,625.5381376847027,633.8533935546875,10333886
2022-06-22,629.9198168303818,631.0152794503146,618.6668148888781,624.1937255859375,5899024
2022-06-23,624.791250126632,638.1852754371442,615.6792721701594,626.7330932617188,8450777
2022-06-24,631.7123509552741,639.778707656886,629.0236261694425,631.3638305664062,6918584
2022-06-27,641.322261996891,644.2102281724699,632.0609433510367,634.450927734375,4552114
2022-06-28,631.363820855087,642.0193422907768,629.3721368776262,639.6790771484375,10711123
2022-06-29,633.7039943727677,635.1479773424204,620.9074497529566,622.9489135742188,13620084
2022-06-30,621.4053356497556,636.6417043195103,621.0568153028827,634.152099609375,10563138
2022-07-01,630.3679190049891,643.9113444530556,629.1728965757208,641.2723999023438,6549359
2022-07-04,638.8823856901697,652.4258725692654,637.8367638074149,651.629150390625,3933384
2022-07-05,653.3718408615937,657.1560886753184,643.3138620675115,645.803466796875,5044787
2022-07-06,649.2889615470638,656.6582164047778,648.2931195815007,655.2142333984375,6684686
2022-07-07,661.6970560340285,662.7442695673705,649.9282459651723,656.4110717773438,11171714
2022-07-08,665.2376145110337,675.0117082166286,659.6524355003754,667.3819580078125,12669533
2022-07-11,664.7888636884087,680.1481989498147,663.5920220919277,678.0537109375,14864123
2022-07-12,675.211265219412,683.4394674912882,671.221833814866,674.4133911132812,6446810
2022-07-13,678.2033491323923,683.1901384642482,675.1614198147389,678.1036376953125,9614674
2022-07-14,676.807004269972,678.6521527939327,663.841352380709,666.484375,8026311
2022-07-15,668.2297574493167,672.4186725812401,657.3585325681217,660.4503784179688,6015057
2022-07-18,666.2849180222244,686.1822198571037,661.6970961343652,682.6914672851562,12464664
2022-07-19,676.806969045998,701.9902531356498,676.806969045998,698.7488403320312,10171314
2022-07-20,704.4337784941002,712.6121243563827,700.843314883287,703.8353881835938,11620331
2022-07-21,706.0794678500154,716.5517247672976,702.4889432397564,713.6593627929688,8036515
2022-07-22,715.1055440886397,733.0579845260114,713.2105399151392,728.8192138671875,9713490
2022-07-25,731.5619363572848,736.8479204506648,720.5910007063917,725.4281616210938,6230411
2022-07-26,720.9900456179056,721.5385802845951,700.195097012444,704.58349609375,14135744
2022-07-27,706.0794790469809,718.6461631974456,701.7409360166871,717.0504150390625,6106880
2022-07-28,723.0844092891822,731.7614343754302,721.1395493928678,723.9820556640625,6964838
2022-07-29,731.9609314477744,733.0081449882887,721.0897068156585,722.8350830078125,6624854
2022-08-01,724.0817742489264,730.3651163134986,718.4965948301711,728.8690795898438,5493105
2022-08-02,725.0791229353895,732.4096784394446,719.1946875468807,728.52001953125,7275626
2022-08-03,728.0712063454505,736.5487477891988,725.5778118031716,728.5698852539062,9458761
2022-08-04,733.2575240751968,734.7535608921861,710.3182928813588,719.6934204101562,7466635
2022-08-05,722.0870849776938,729.2680736881621,719.2944951663708,726.5751953125,4583196
2022-08-08,728.0712366367144,745.3753711305094,726.176232356185,743.5801391601562,8191870
2022-08-10,743.0315711985421,745.8740166180007,734.2049788969476,737.0474243164062,9069541
2022-08-11,741.0867290440332,758.6402635098942,741.0867290440332,756.844970703125,12384073
2022-08-12,756.6954396058588,759.9867084519348,751.4094549895678,758.54052734375,4614341
2022-08-16,762.9787506028484,769.9602555103254,756.4460688999161,762.6296997070312,7051498
2022-08-17,769.3618347593822,771.7056012504579,764.2254177165278,770.0599365234375,7674390
2022-08-18,769.9602748524701,773.9497063283897,760.0864076000119,763.0286254882812,9449924
2022-08-19,769.9602232879538,770.6085302089307,748.2676910903981,755.49853515625,7553270
2022-08-22,751.4093623955575,752.4565758710966,737.246869997455,739.8898315429688,4994311
2022-08-23,736.0500954805387,748.8661195414492,731.8611803233507,745.076171875,6594634
2022-08-24,743.0316124102129,750.0629732119336,740.0395388031919,748.1680297851562,6875820
2022-08-25,751.9080991938424,756.5956323381675,738.0448008817768,741.3859252929688,6320890
2022-08-26,746.0236697425413,753.005174673287,739.3413599911919,742.931884765625,4613713
2022-08-29,728.0712111989751,732.9582888839766,720.1422043268931,726.774658203125,5904146
2022-08-30,731.0632845636851,751.558975660099,731.0632845636851,749.514404296875,9193270
2022-09-01,731.5619528755952,752.9054343369954,731.5619528755952,742.183837890625,9353805
2022-09-02,747.0210538742232,752.5563779464429,738.2941724037299,748.2178955078125,7767812
2022-09-05,748.2178591908524,756.7951122131144,747.3700685076752,754.1022338867188,5894055
2022-09-06,755.9972342122395,759.5378423296163,746.8215300127218,748.0183715820312,7606181
2022-09-07,741.1865406465258,755.9972809703313,737.0973367712941,753.4041748046875,10156460
2022-09-08,759.7373175833538,780.1332971287648,755.0995793817956,777.6897583007812,13410790
2022-09-09,785.8681520982968,785.8681520982968,777.9391447938881,782.7763061523438,8732302
2022-09-12,786.9153723556004,802.8730985377165,784.7211728307806,798.8836669921875,15521649
2022-09-13,802.8730352047573,806.812610719981,801.0279476100538,803.4215698242188,9887516
2022-09-14,792.3011136338723,809.2062807748498,792.3011136338723,800.92822265625,10494713
2022-09-15,803.3717667591723,804.3691246322438,785.5689530744016,787.9127197265625,5996899
2022-09-16,783.9731255627729,790.50580730337,774.0494027837217,787.2145385742188,11467351
2022-09-19,787.2144747467518,799.8809305854129,784.6213688974013,795.9912109375,11427799
2022-09-20,804.6682480720694,814.0434355925722,799.8809428829591,810.6025390625,8274079
2022-09-21,807.1118236272765,813.8439889772724,801.227388082909,804.4189453125,6567084
2022-09-22,802.8730485783998,806.6629961360414,782.2277294401771,787.1148071289062,7804275
2022-09-23,786.9153382162519,786.9153382162519,762.2307315992022,766.5692138671875,10278805
2022-09-26,756.9946330813846,761.4827435541991,739.0421911901265,740.637939453125,11090327
2022-09-27,744.3779839512251,752.1574236394794,728.5698868677172,735.5513916015625,11358306
2022-09-28,731.9609751144757,731.9609751144757,705.8301863897025,714.5570678710938,13170668
2022-09-29,720.3416937137015,728.8690909972163,709.1214181106843,717.1002807617188,12090981
2022-09-30,718.0976211190294,735.8007221952278,712.5124417487707,731.2627563476562,9536017
2022-10-03,729.0685954085686,740.0395318647851,719.1448725302124,720.8403930664062,6405645
2022-10-04,731.4622147705356,742.5328616967823,730.0658895393481,740.8373413085938,5438934
2022-10-06,748.018357914177,758.3909034934762,744.0289266719681,753.1048583984375,9376433
2022-10-07,751.8083648013422,755.4986011666381,740.3387490740599,753.703369140625,7500540
2022-10-10,746.0236745860083,776.6425728701322,743.0316010248345,774.7974243164062,14106654
2022-10-11,777.9391025225146,793.3981487905902,772.4536344919071,783.4744262695312,15953495
2022-10-12,787.4140108474573,808.6577205612805,781.3800081196047,806.5632934570312,21228018
2022-10-13,804.8677706064428,812.7967775474184,793.4978669695091,799.8809814453125,13024911
2022-10-14,813.3951720065256,818.5315892179959,792.350945989795,798.3849487304688,8220645
2022-10-17,801.3770763684986,814.8414080809749,794.993961429322,811.9989624023438,9463827
2022-10-18,817.8334346909977,820.7257967973885,809.4057487075133,814.1930541992188,8470882
2022-10-19,816.2875663974025,836.2347239323192,814.7416738632253,827.6574096679688,10868663
2022-10-20,822.7204665120825,829.7019710521936,814.7914598953214,823.6679077148438,11813817
2022-10-21,857.8274276686375,903.6061754778319,853.5886569779302,898.02099609375,58057724
2022-10-24,913.5798009574087,916.0233398923899,902.6088644830293,907.047119140625,3085307
2022-10-25,903.3069838317773,908.1940005934313,889.2442021375596,900.4644775390625,13187308
2022-10-27,906.5982805713661,917.5193611424662,898.8687572771659,912.7320556640625,11967044
2022-10-28,912.5824400423613,915.5246578981507,896.5250028786047,900.6640014648438,7320207
2022-10-31,905.6009168477511,915.5744952271316,899.71648125436,903.606201171875,9038777
2022-11-01,901.6114440690421,901.6114440690421,866.7039213451302,869.4466552734375,29191921
2022-11-02,872.6881313035825,874.6828470322764,859.3235115717761,861.2683715820312,11029140
2022-11-03,855.6333146216878,878.0738660042765,853.7383103776014,861.7670288085938,10185978
2022-11-04,866.7039207759291,870.5936405121658,860.021611398391,865.8062744140625,7323879
2022-11-07,873.9347621796405,874.4832967885419,859.0242510666767,870.6434936523438,9931261
2022-11-09,872.7380103658246,878.4229625194407,866.205328354396,871.3916015625,10190209
2022-11-10,841.4707641601562,854.4364151922885,838.7778860017821,841.4707641601562,18956575
2022-11-11,844.7621561086562,852.4418242480597,841.9197103933864,848.452392578125,19329819
2022-11-14,848.2528469565332,851.6438879782266,845.1111453960264,848.7515258789062,6985306
2022-11-15,849.0008146609761,857.5780672642366,844.9615278056486,856.3812866210938,7124767
2022-11-16,855.7329985271361,859.3234622832887,848.3525264047356,853.139892578125,6521854
2022-11-17,853.1399053900328,859.124052322746,850.4470270955337,855.9324951171875,4909607
2022-11-18,857.0296430824383,863.5124695216002,852.7410162282334,856.929931640625,7065304
2022-11-21,857.7277860755099,868.6488671543898,856.7304281847245,867.751220703125,7209207
2022-11-22,872.6382987175317,874.6828702188631,866.0557001140107,867.751220703125,5535233
2022-11-23,871.5910419173123,875.4807009742958,866.4546246847325,872.388916015625,5861417
2022-11-24,875.6802251023557,878.4728150121857,870.7931471047324,876.228759765625,4928778
2022-11-25,880.666908515537,889.4436446928963,878.5724815537865,885.4043579101562,7614047
2022-11-28,885.3545627983984,897.1233730831884,882.960879643506,889.343994140625,7928147
2022-11-29,892.0368599199336,899.5170435813578,887.6484611556751,890.1917114257812,5661158
2022-11-30,892.6352271557515,902.708516542814,883.110472381549,898.8687133789062,10452798
2022-12-01,907.0969491334744,907.0969491334744,897.1233708032547,901.4618530273438,7053100
2022-12-02,895.9265460777018,904.6035715629517,889.0448134247666,902.7584838867188,7988851
2022-12-05,904.6035364822504,904.9027316514026,895.2283486895487,896.8241577148438,5098164
2022-12-06,895.128632946124,904.5038206936671,893.3334010659682,902.259765625,5351099
2022-12-07,900.4146109313907,915.5744616874864,897.4723932424755,912.2333374023438,9103656
2022-12-08,913.2307104046129,941.4559244793386,911.3357062008498,936.8680419921875,17466047
2022-12-09,941.5058058572178,942.5031637024055,925.1491128465822,931.2330322265625,8018981
2022-12-12,927.4431016046588,938.6633775688698,919.5639501335667,936.1699829101562,7621788
2022-12-13,937.7159098109494,946.7918423519349,934.1253848463971,942.104248046875,8136559
2022-12-14,943.1514470955915,947.6395572868431,936.0203143310465,939.9100341796875,8573479
2022-12-15,937.2670128133814,942.4532856602846,930.1358800396531,935.6712646484375,7359261
2022-12-16,929.7868270255402,942.7026229600187,926.6451255452462,932.6292724609375,6926928
2022-12-19,932.6292432008416,945.5948944447248,929.9364258723766,943.699951171875,4842336
2022-12-20,941.2565142457564,950.2327353087624,937.9652453640999,947.2406616210938,9511818
2022-12-21,950.5817624990193,956.3664868499249,925.5481042865168,929.8367309570312,8368960
2022-12-22,933.5269094651918,933.5269094651918,910.5378241365802,917.120361328125,9202717
2022-12-23,909.5903465081575,914.8264751475959,901.6114838194894,904.20458984375,6371695
2022-12-26,905.6008968559764,930.4849865379754,902.7085348402504,926.2462158203125,4764440
2022-12-27,929.9863389741026,935.3221791195604,920.1623276318431,929.7369995117188,3346083
2022-12-28,928.490322634285,934.9731487989412,918.8657948248916,922.2568359375,5956496
2022-12-29,920.3617347205802,941.5057315444491,913.3802303553141,932.0806884765625,12204113
2022-12-30,938.7630818684896,941.0071370442708,927.8918568895923,931.2828979492188,3704449
2023-01-02,929.7868500899776,942.5031626012645,929.3380268853891,939.1121215820312,3498198
2023-01-03,942.2537682850973,963.0486537727944,940.1094246957293,959.7573852539062,6927819
2023-01-04,960.9542294981768,967.4370551253052,952.4766882934706,954.9202270507812,9059392
2023-01-05,957.4635394400373,959.3585437114026,935.7710061245989,947.0411376953125,6998980
2023-01-06,944.0490803274756,948.437479308072,931.831446411515,937.4166870117188,5787783
2023-01-09,944.2983589138793,957.4634941329857,938.8627466942838,956.216796875,7025747
2023-01-10,961.4529432194536,961.4529432194536,940.2590894399791,949.63427734375,7140150
2023-01-11,950.4820747827347,953.224808996431,940.3090120698824,947.2406616210938,7100355
2023-01-12,946.8416511641793,947.1907629362419,921.5586539997812,933.078125,8661375
2023-01-13,933.0282324261028,934.9730923328219,920.5612597854548,931.6818237304688,9083608
2023-01-16,937.9651606102153,939.2617135829371,909.2911236943571,910.7373046875,10008273
2023-01-17,912.5325954469959,917.2700453300967,904.3043930184525,915.2753295898438,6904960
2023-01-18,919.4641667501235,923.1543418571546,910.8369975564799,921.55859375,5730939
2023-01-19,921.159654434783,935.5216313335968,918.317209008965,926.2462158203125,7721730
2023-01-20,928.7894712435568,932.3799350512911,922.2069339714137,928.09130859375,4511360
2023-01-23,933.5269253901993,937.2171615221823,922.0074546715407,930.2356567382812,5236124
2023-01-24,932.5295668790604,932.5295668790604,901.3621348309634,907.7951049804688,18527897
2023-01-25,902.6088496225307,905.0523885172817,881.8638186236642,889.9922485351562,11921748
2023-01-27,889.9922375871389,890.1418656115881,848.7515155579399,871.44140625,17300736
2023-01-30,849.6492066457566,883.1604072347507,843.9143988065699,869.5464477539062,21233998
2023-01-31,870.6933834135348,876.9767255520502,858.8248009166462,869.2970581054688,16856151
2023-02-01,873.9846395179304,892.8347265366547,831.0982535510395,854.9849853515625,12409819
2023-02-02,848.7016339690617,869.6960035308955,834.8383361687268,866.1553955078125,9567053
2023-02-03,870.6933340838827,882.6616273358949,856.9796647326189,880.2679443359375,7365732
2023-02-06,869.5464186317218,896.774336681514,868.2997213171303,880.3179321289062,10129098
2023-02-07,884.5068062386171,886.0527596424866,869.1973872217333,876.7772827148438,5055187
2023-02-08,879.7692840722389,884.1078269922583,865.9559030010463,869.4466552734375,6572818
2023-02-09,873.8350955880709,873.8350955880709,860.2709924440431,865.4074096679688,5993312
2023-02-10,869.7458624222388,870.3941693456012,862.8641300861638,864.9585571289062,4603464
2023-02-13,864.9585687010346,868.150125897252,854.2369721446366,856.830078125,5707194
2023-02-14,860.2709943420871,869.5963266880356,851.99293642923,868.4493408203125,7527755
2023-02-15,869.6960345142812,869.8955182566087,859.323488652169,866.0057983398438,7322266
2023-02-16,870.4939285640548,871.9899653549671,859.971815309417,862.4652099609375,5843235
2023-02-17,858.725155250901,865.956000054117,847.7542183080905,852.6412963867188,8420479
2023-02-20,857.4286146005294,858.9246514780898,840.2740462297248,844.5128173828125,5992322
2023-02-21,846.7568802035445,846.7568802035445,835.1875525974365,841.8199462890625,9677064
2023-02-22,837.7805863154392,840.7726598379944,827.3581847037606,831.1481323242188,6984037
2023-02-23,830.8489480155665,846.0087995696058,828.006502481512,842.1190795898438,8437003
2023-02-24,847.8538987685147,852.3420091720334,842.2188633417659,849.1505126953125,7763814
2023-02-27,849.5992567522266,856.1818550600585,843.714881985254,852.0926513671875,8064267
2023-02-28,853.6884782219203,855.3340821777266,837.7806080724329,841.8697509765625,13012372
2023-03-01,843.814565001129,866.4545995172498,842.8172071887351,862.8641357421875,12345125
2023-03-02,863.7118776816358,864.5097517679955,841.2713265871361,843.2161865234375,13900508
2023-03-03,847.5047937811358,856.3313859952318,843.3657345457999,850.3971557617188,7977804
2023-03-06,854.6858146198489,861.4678357686325,853.3393450092184,857.2290649414062,10781567
2023-03-08,856.2316930866406,860.2211243881509,850.7960807635548,858.6752319335938,8785735
2023-03-09,860.2210959531328,871.9400500139436,859.7224170569281,865.507080078125,14746065
2023-03-10,857.3288381927395,859.3235540199668,843.2661159603454,849.6492309570312,11198583
2023-03-13,843.365747946297,854.7356514398607,826.2610978636376,830.1507568359375,8315798
2023-03-14,825.8122531130239,833.4919202986354,815.2402848502629,830.6494140625,12573734
2023-03-15,835.835689825817,841.2713019957064,817.1850868421243,821.8726806640625,6652641
2023-03-16,819.3294536392584,835.6861463268352,812.1484651209591,828.3555297851562,8791383
2023-03-17,832.7938167758774,839.276642894492,820.8255224030504,835.1875,7762461
2023-03-20,833.7911436751785,838.7779328119918,823.3687422044607,835.3370361328125,10744023
2023-03-21,837.8803087329111,855.0847317131189,836.5338999796693,853.33935546875,11489951
2023-03-22,853.3393206214389,857.5282356116426,844.8119234933862,847.4050903320312,8018924
2023-03-23,844.7620800965633,858.8747177086536,842.8670758742992,846.5573120117188,9857892
2023-03-24,844.0141063949059,850.2475931481916,835.0378854701742,837.680908203125,8078718
2023-03-27,838.8277998735553,839.9747857400914,827.0091338090191,831.1481323242188,10602508
2023-03-28,835.1874828184127,835.1874828184127,823.867434765989,830.2505493164062,11002402
2023-03-29,830.3004281081028,846.2082983349227,827.8070334290995,840.3737182617188,17121194
2023-03-31,852.641164867343,858.6253113676433,845.2606931674183,856.2316284179688,12946752
2023-04-03,861.7171614119438,864.5097511491489,854.1871220026246,862.3155517578125,13266882
2023-04-05,868.6986362029479,868.6986362029479,854.735627125059,858.2263793945312,11890015
2023-04-06,859.5229861540353,860.9691672166958,846.756817801303,849.6990356445312,19677316
2023-04-10,852.5414731343576,852.6911011605596,841.7201648732404,845.1111450195312,15656078
2023-04-11,846.0087653724299,853.439093258407,841.8198503806001,851.04541015625,23930907
2023-04-12,852.6412558734322,854.3866321223113,844.4130535572876,848.8013916015625,13480335
2023-04-13,851.3946032539266,865.4074696987296,842.7674329926681,862.0662841796875,23934570
2023-04-17,879.6695920665803,879.6695920665803,858.725077969757,862.2656860351562,22577380
2023-04-18,863.0636244684166,869.696078776534,854.8354218882487,861.0689086914062,17238709
2023-04-19,862.7145161360205,872.1894154461849,860.2709772970421,871.0923461914062,23494247
2023-04-20,872.488592366589,873.2864664328183,861.8667683075142,866.45458984375,19444753
2023-04-21,868.4991631302372,871.5410922561947,855.2343165182021,861.9166259765625,15520786
2023-04-24,865.7065460361632,882.0632378453877,858.2263627466803,879.96875,18201632
2023-04-25,882.6616898361922,893.4331423509402,872.089721064547,876.0292358398438,36394389
2023-04-26,875.08183024202,887.0999805484404,872.8876307262753,885.3047485351562,19468723
2023-04-27,885.6537654480087,887.6484811359546,875.1815080862924,879.0712280273438,15992383
2023-04-28,882.7613161953902,887.6982492104087,851.3944637984212,857.7276611328125,23004117
2023-05-02,867.7013024431587,874.0844168336761,861.9664949844827,868.349609375,12947953
2023-05-03,861.5674950903395,864.5595684344614,851.7934010076524,857.5780639648438,15103015
2023-05-04,857.7276963008517,864.8588288231408,855.2343018348607,863.6619873046875,9756391
2023-05-05,864.8588814516036,882.6616946725612,860.4704825748612,863.0137329101562,14343308
2023-05-08,863.01374805145,879.0712461956198,863.01374805145,876.1290283203125,7007882
2023-05-09,879.8690735863491,887.8479360793128,877.6748742260062,885.903076171875,12117151
2023-05-10,889.6431330272819,890.1418119135079,875.2313010405715,887.5487060546875,11893027
2023-05-11,888.6457695201626,897.6219894143057,886.6510539881308,893.5827026367188,13816121
2023-05-12,892.8347664423467,911.1861145008119,891.637924838255,908.2439575195312,10533272
2023-05-15,908.2439536374151,917.0705462913144,906.7479168571682,913.3803100585938,7339579
2023-05-16,913.779312757632,920.0626553019887,909.5903974367628,915.3750610351562,12567615
2023-05-17,915.275296639109,916.4721382149521,908.8423264336074,912.3829345703125,10248327
2023-05-18,917.5692487444488,927.0441485956143,910.1887760897728,912.2832641601562,13614127
2023-05-19,918.4668797658205,924.5507383764536,906.548441136243,921.6085205078125,8393002
2023-05-22,920.5612837744666,925.2987335013665,911.984030723741,915.1256713867188,9383158
2023-05-23,915.1256345087245,920.0625677789012,909.9892783782489,913.7293701171875,8273445
2023-05-24,908.742647715294,918.4169703564061,907.7951455638952,915.2753295898438,6248545
2023-05-25,914.2779726880373,921.109849756082,910.0392017355105,918.616455078125,8149350
2023-05-26,915.5744897215402,925.4483566073094,912.5824162257182,924.5008544921875,4908462
2023-05-29,928.5401643564267,935.2224741694308,925.597946505116,927.3433227539062,7133871
2023-05-30,928.3406903665873,937.2171997318495,925.5979562325213,934.97314453125,7804403
2023-05-31,934.8733518090171,937.4166630132827,907.7951228373205,912.4328002929688,34757004
2023-06-01,919.5639303932444,928.4902952545949,913.6296390581192,917.27001953125,11817533
2023-06-02,920.2122403047441,928.0414750407,917.8185571264956,923.653076171875,11616991
2023-06-05,925.1490774704517,951.3796364949906,925.1490774704517,948.337646484375,14520005
2023-06-06,948.5870505516481,968.1851571447222,948.5870505516481,965.6419067382812,14457988
2023-06-07,970.3793029478247,978.657360677375,965.5420809974672,974.1692504882812,15795824
2023-06-08,970.4790642613366,972.274296254468,957.3638447812176,959.5579833984375,10209982
2023-06-09,964.4449766892352,979.1061482821428,960.7547407153364,972.1744995117188,12947464
2023-06-12,970.4291959930815,975.3162738476396,966.040797067605,971.6260375976562,7465375
2023-06-13,971.7257076265167,987.0850423372962,971.7257076265167,983.2451782226562,15233785
2023-06-14,983.394818048502,985.589017444078,973.4212397721479,975.1167602539062,8644423
2023-06-15,985.7385346742471,986.3868415789351,969.6312430979734,974.5681762695312,15978311
2023-06-16,980.2033013399802,982.8463240420143,974.6181216239264,978.9566040039062,8860900
2023-06-19,981.2504348093838,983.3947784019048,958.4608337162581,963.0985717773438,11025846
2023-06-20,963.3978435029916,974.418635755126,956.0173709399359,972.2742919921875,7596593
2023-06-21,975.7151823757298,975.7151823757298,960.6052473193232,963.4476928710938,7805855
2023-06-22,959.6576827331883,970.8779579293866,956.1669304499264,964.0460205078125,10135883
2023-06-23,957.4635460788033,962.9490143115465,952.0279335643066,955.8677978515625,6188008
2023-06-26,956.9648104091265,960.954241614584,950.5816961308387,958.0120239257812,5799528
2023-06-27,964.4450412674793,973.4212619204341,958.2614104206652,970.6785278320312,6921886
2023-06-28,976.4133526351345,981.4001419744354,964.4450582208121,975.615478515625,10010996
2023-06-30,974.5183133320694,987.2346256905186,973.4212440663871,984.8410034179688,7096350
2023-07-03,987.3842783725233,987.3842783725233,975.41598408922,979.505126953125,5562743
2023-07-04,979.5050965987062,982.2478306203005,966.4397334272136,968.13525390625,7396806
2023-07-05,966.4396834987713,972.9225090330768,959.5578905051074,963.9462890625,8200047
2023-07-06,958.4608538450842,983.4945104856548,958.4608538450842,978.358154296875,10221727
2023-07-07,974.6641831465856,987.8427533030938,970.2213995227613,975.1134643554688,6236524
2023-07-10,975.1134848157154,984.3983659380708,958.8399743205745,962.4840087890625,7138850
2023-07-11,966.3278064604591,970.1715283005711,949.055859137324,951.6516723632812,10616390
2023-07-12,955.1459155846112,955.9945104407793,945.4616604132401,948.456787109375,10141257
2023-07-13,954.7465495086187,964.4308047664568,950.6033274369108,958.59033203125,13079930
2023-07-14,962.8833651853291,965.4292107928754,946.2104803815384,955.495361328125,5383514
2023-07-17,958.4406173492555,967.3261849470028,948.9061421451191,963.28271484375,8472444
2023-07-18,962.4340628416661,978.3581655914454,949.754680739434,962.0846557617188,14457717
2023-07-19,962.4340810493464,968.3245214799657,954.9462640287344,962.7335815429688,7574544
2023-07-20,962.3342650400326,978.3082746371382,956.0444500123637,976.3115234375,15329753
2023-07-21,970.0216684491554,983.3999253100096,966.4275408122734,969.72216796875,6230317
2023-07-24,971.868719566255,983.3500387247727,967.226248749494,969.921875,9167788
2023-07-25,976.061876288846,976.061876288846,952.2505829705703,960.9364624023438,13448045
2023-07-26,965.2794076024823,978.408070887261,961.7351864716742,975.2132568359375,8298226
2023-07-27,987.7428718400173,988.3918403520264,954.1974761782315,958.3407592773438,17858061
2023-07-28,958.3407708775003,968.1747462458351,940.6695104216192,948.4069213867188,8504392
2023-07-31,953.1492132082983,957.0428415508311,946.7595848886385,952.3505249023438,6601991
2023-08-01,954.4470700773103,962.4340748478318,950.4535676920495,958.3407592773438,8409096
2023-08-02,949.9543860919007,957.3423899272404,935.0785652353426,943.7145385742188,9324465
2023-08-03,942.5663725667334,945.0623115481472,925.6439550215555,934.0302734375,17076611
2023-08-04,945.4617140197354,953.2989382779123,933.1317994626262,950.7031860351562,12376086
2023-08-07,950.7031813527487,953.4487142996851,943.0156769141249,945.861083984375,10922609
2023-08-08,948.4568591177451,958.3408023397985,942.5165118655419,951.3521728515625,11512735
2023-08-09,950.4535382401315,951.7514142879215,942.766034199517,948.456787109375,7701831
2023-08-10,946.4601097989824,950.4037057770142,935.7774782290276,938.2235107421875,13590891
2023-08-11,935.9771127935795,944.163804794016,931.4844226521703,935.6776123046875,9558237
2023-08-14,933.4811853346018,941.7676906214929,927.3911185533472,938.4231567382812,7172522
2023-08-16,934.4296152490268,938.4730240697854,929.7871445321507,931.5343017578125,7394623
2023-08-17,934.4296245222275,941.4681600853991,930.1366217694853,935.0286254882812,9336994
2023-08-18,933.3314350729253,944.4134411482146,929.5376198590476,941.5181274414062,6648744
2023-08-21,942.6662329755741,952.6998953477062,942.4166390810633,951.0525512695312,6822155
2023-08-22,952.3005472024149,957.5420191327795,947.1090428011483,955.495361328125,10860061
2023-08-23,960.4373227378255,978.8573646594484,956.8431949689281,977.6593017578125,12677151
2023-08-24,983.2002673424388,992.6349288407245,977.5095143009324,979.755859375,11899556
2023-08-25,972.4177974819816,986.5947426509533,969.222983496071,981.5029907226562,6228241
2023-08-28,978.5079223942115,990.8878044769428,978.5079223942115,988.591552734375,8451441
2023-08-29,988.5915631342557,989.3902514527667,975.9121804188492,979.1069946289062,8114141
2023-08-30,981.4032174251885,996.3788514652473,978.4080906171766,981.7526245117188,9023083
2023-08-31,980.2052069299485,993.0842772674946,967.0266360827881,971.918701171875,21558300
2023-09-01,972.6674663874048,991.3870096204188,967.4259942821609,989.5400390625,10946742
2023-09-04,992.135738179592,992.9344264608617,978.408073877736,980.6544189453125,6727188
2023-09-05,983.8492151605458,984.5979968361559,976.3114918132721,979.855712890625,10548660
2023-09-06,979.8557450584462,981.5529957660837,960.2376401390118,963.4823608398438,16351052
2023-09-07,963.4823594503813,978.2083995329203,961.5355148454876,976.6110229492188,8686550
2023-09-08,976.6110161977904,985.6962097098066,970.9202631366767,978.7075805664062,6439351
2023-09-11,980.205140866197,1002.3690911240707,977.4097014048458,998.7749633789062,7130484
2023-09-12,1008.359363575727,1008.359363575727,996.4287628788912,999.274169921875,8958327
2023-09-13,1001.3208651433481,1015.3480307656412,992.0858904289113,1012.8021850585938,12254423
2023-09-14,1012.8021036052967,1020.7392015303601,1007.4108511825343,1019.2416381835938,7855558
2023-09-15,1019.3415327961677,1030.0740709720333,1012.9019977034457,1025.4815673828125,8986157
2023-09-18,1019.8906349456726,1028.22710820011,1017.344789220694,1023.08544921875,6397319
2023-09-20,1010.6556520627737,1045.7984869128225,1010.6556520627737,1025.63134765625,13619788
2023-09-21,1024.932412581354,1031.9210420949819,1010.4559657316963,1012.8021850585938,8156588
2023-09-22,1008.3593486258594,1025.5813275999149,1006.3625974404616,1016.595947265625,7108110
2023-09-25,1013.5509522256357,1024.3333968473526,1003.5172893267603,1017.2948608398438,7123890
2023-09-26,1017.3447217274799,1019.0419724102037,1009.3577170426714,1012.5026245117188,6387615
2023-09-27,1008.3095002372424,1026.2802010071555,1002.3691529305806,1023.53466796875,5158686
2023-09-28,1025.331774526227,1036.2639389527453,1023.5346496390068,1029.2254638671875,15818489
2023-09-29,1029.2253641566097,1039.3089326930617,1022.8357363535464,1035.015869140625,9528626
2023-10-03,1033.3187874181458,1043.0029823775053,1030.9226615076984,1039.3590087890625,11589322
2023-10-04,1033.6681363421294,1035.31548042985,987.2436716941178,993.9328002929688,22584212
2023-10-05,998.3755796590767,1007.5606471791422,987.2936350992647,1001.6203002929688,7950412
2023-10-06,1003.3674445023389,1006.3625712023459,997.776565703396,999.3240356445312,5289753
2023-10-09,993.1839960811092,998.0760607053262,986.6446483425394,994.6316528320312,6823214
2023-10-10,998.275738170682,1013.3012780313192,994.881236921684,1010.6056518554688,5728499
2023-10-11,1017.3447668895379,1023.9839892029179,1010.3561374800906,1017.444580078125,7396783
2023-10-12,1020.3398755325106,1029.325256041114,1013.3013396546403,1016.795654296875,4920222
2023-10-13,1007.3609689365711,1009.8070013159382,990.6381778268708,992.4352416992188,12173162
2023-10-16,988.3918390260908,1007.8102565355731,988.3918390260908,1003.1677856445312,4646960
2023-10-17,1007.211163850319,1013.0516974641268,1001.4705043545644,1006.4124755859375,6105067
2023-10-18,1008.359348402586,1012.4526639573409,987.7428680435152,991.2371826171875,7818946
2023-10-19,978.108604901474,997.3772421369372,978.108604901474,989.7896118164062,4836625
2023-10-20,987.3934807466093,991.2871700097013,976.1617551061651,978.7575073242188,5664400
2023-10-23,978.4080906933191,983.30015552119,959.5387674269721,962.7335815429688,5896695
2023-10-25,958.4405458687386,972.4178038293244,949.854540353068,953.89794921875,6957048
2023-10-26,954.4470918023892,973.4162285641521,951.2023710405086,970.4710083007812,17540495
2023-10-27,978.4080497382199,1003.1178448719147,971.7189212926039,1001.12109375,13443016
2023-10-30,1001.1211166212637,1001.1211166212637,977.6093838107785,987.5931396484375,5270567
2023-10-31,996.378856354625,996.378856354625,976.4113442032296,980.2550659179688,7816805
2023-11-01,976.2615345714077,977.7091913467073,966.4275595025264,970.2213745117188,5703984
2023-11-02,976.4113002621044,986.744462961027,972.4177980115437,981.353271484375,5193982
2023-11-03,984.3983672192595,989.7896199739728,979.9056769023359,987.2437133789062,4268048
2023-11-06,993.3836824986804,1014.5492565642459,991.4867445597067,1007.7603149414062,6552178
2023-11-07,1006.3625690269995,1020.5395142302563,1003.6170362245946,1019.2416381835938,6559859
2023-11-08,1022.336595889503,1025.2817551073692,1013.9502166269431,1020.0403442382812,7643314
2023-11-09,1023.0853973586273,1027.1787129492586,1014.998579363083,1020.2400512695312,4407935
2023-11-10,1016.2466262128621,1029.3253232099892,1014.9986566163417,1027.5281982421875,3294063
2023-11-13,1028.3768869198957,1030.1738899664845,1021.8374776642931,1023.6844482421875,5985481
2023-11-15,1043.302542722266,1043.302542722266,1029.8744391269477,1039.658447265625,7240388
2023-11-16,1041.1062144920775,1042.3042165669049,1020.4897321941974,1024.682861328125,6908825
2023-11-17,1013.251408286068,1018.3430994087075,990.2388022417986,992.7347412109375,13268353
2023-11-20,979.4064896291164,993.1341544939486,978.7575210974649,987.093994140625,8215656
2023-11-21,988.3419333306163,995.8796568923234,985.0473060514076,990.1889038085938,7061614
2023-11-22,989.3901954825055,998.2757624803141,986.395068755515,996.4786376953125,6103988
2023-11-23,997.3772174309884,1001.7700944146982,993.783089670506,997.4271240234375,3112891
2023-11-24,1000.3723748528136,1009.1081615593627,998.0761231057231,1006.86181640625,6956281
2023-11-28,1011.4043930220315,1020.28996026832,1007.6105779156203,1019.4912719726562,6173384
2023-11-29,1025.481463521349,1061.7723901404636,1019.4912102624464,1058.4278564453125,9422396
2023-11-30,1060.973597017865,1079.1441042738957,1053.7353746297888,1072.5048828125,24755589
2023-12-01,1073.6531055819628,1107.1985001480225,1068.4614795274906,1102.8555908203125,14428758
2023-12-04,1118.67979349121,1127.165985588198,1097.3145325432133,1123.771484375,14043213
2023-12-05,1134.953382736085,1149.9788617561794,1125.319034229928,1130.6103515625,15804808
2023-12-06,1133.2560683014217,1143.8388248118424,1116.1339031558173,1118.6798095703125,7342767
2023-12-07,1117.4319299515028,1127.7650934037656,1106.6993918706642,1116.0341796875,6439419
2023-12-08,1114.037385715821,1132.5073342632686,1109.6944762425824,1129.3624267578125,7300989
2023-12-11,1127.166096859431,1137.5492278833829,1112.0406815484266,1114.6864013671875,6924589
2023-12-12,1118.1807098253757,1132.0581555092208,1107.1985778538765,1129.162841796875,9044111
2023-12-13,1148.131864847023,1149.1302403816726,1109.6444392374763,1113.0389404296875,8184523
2023-12-14,1130.560544254832,1136.7504241736842,1116.084098177239,1118.6298828125,9421193
2023-12-15,1117.3818730335781,1126.0178459635727,1106.7991165190488,1118.530029296875,12048410
2023-12-18,1117.8810894625565,1118.1806508857087,1105.401394698207,1109.544677734375,7922468
2023-12-19,1121.974580081625,1125.0195526254015,1112.3900765501955,1118.4302978515625,6824641
2023-12-20,1120.1774467497467,1122.0244172741716,1100.908748515848,1108.446533203125,9848057
2023-12-21,1102.106920689418,1102.106920689418,1075.4502173174362,1093.6207275390625,10914682
2023-12-22,1093.6206690285596,1104.5029875664939,1084.0362875341675,1086.5322265625,10600025
2023-12-26,1089.4274397564448,1098.8621625922465,1084.9347494171177,1092.4725341796875,5687517
2023-12-27,1094.2696605556087,1108.7461072242813,1087.8800321343413,1104.5528564453125,6132936
2023-12-28,1105.4512920325003,1111.1919512595825,1096.2163184932808,1106.05029296875,14097667
2023-12-29,1099.6606827129087,1105.0519349686435,1092.1728662110586,1100.5093994140625,8786731
2024-01-01,1093.221182919986,1102.2065625056298,1091.2244319009542,1095.916748046875,4083732
2024-01-02,1093.3210915732434,1097.5641878592241,1080.5419570586787,1091.47412109375,7895577
2024-01-03,1089.2277993642253,1100.8089321599628,1079.5436046173127,1096.8154296875,10225290
2024-01-04,1101.2083083004443,1128.164450026747,1098.2631489717503,1121.5751953125,11411683
2024-01-05,1122.174233462395,1138.0484307122917,1117.182355199662,1135.1031494140625,8025466
2024-01-08,1143.1400058358747,1144.138381386823,1116.6830537357432,1120.1773681640625,4735538
2024-01-09,1126.7168353593506,1133.7054645793887,1110.543077469764,1114.736328125,6359362
2024-01-10,1113.4383808745924,1114.187162569868,1097.264745005451,1105.2017822265625,5934163
2024-01-11,1109.2451929528,1126.0677964347826,1109.2451929528,1123.9212646484375,4683035
2024-01-12,1124.520282630233,1127.6152224780649,1116.2338386422973,1118.530029296875,5616755
2024-01-15,1120.1774576314062,1128.6136829619059,1114.7862048512886,1117.6815185546875,6719079
2024-01-16,1114.8361330321468,1125.9680452958034,1113.288602110393,1117.2821044921875,5229753
2024-01-17,1080.2424307499423,1113.1888265121863,1077.4469302394873,1080.5419921875,24913719
2024-01-18,1064.2684519148634,1106.9490113138881,1064.2684519148634,1095.71728515625,11473135
2024-01-19,1105.3515730836875,1124.47049025291,1103.2050411631287,1114.736328125,12303696
2024-01-23,1124.0712060531346,1139.7456555300578,1077.0477357503332,1087.480712890625,18924087
2024-01-24,1033.1191433850806,1071.4566698090237,1019.2416978515686,1057.4295654296875,20884046
2024-01-25,1056.2812991912028,1061.9719909011787,1024.1336562254926,1040.556884765625,20835434
2024-01-29,1034.317019563457,1066.265035611749,1034.317019563457,1059.5260009765625,11188604
2024-01-30,1058.3281032541713,1068.7111119938597,1049.0931289565679,1052.3876953125,9426983
2024-01-31,1046.4972120059565,1082.3389189419856,1041.0061464324485,1066.0155029296875,12600390
2024-02-01,1070.907636675715,1085.8832710247752,1055.0834074212792,1082.48876953125,9756682
2024-02-02,1086.2826608428827,1094.419324788731,1063.2700536557943,1065.3167724609375,8667415
2024-02-05,1065.3167904650497,1077.7465186098864,1056.2814420465584,1059.7757568359375,12569454
2024-02-06,1059.8256798919954,1063.3698401921326,1046.4972679713526,1048.3443603515625,8011171
2024-02-07,1059.3265523083303,1071.9559070231637,1055.7822699346784,1067.3634033203125,7281793
2024-02-08,1070.2586191313246,1073.8527468360933,1029.9741889516715,1034.21728515625,9869141
2024-02-09,1038.2606648365577,1053.1864533000291,1032.869534050738,1049.692138671875,8233454
2024-02-12,1049.692071971914,1055.5325445334493,1033.6680957322008,1044.9996337890625,8694379
2024-02-13,1049.2927030055232,1073.8028715057906,1043.1028233445918,1069.0106201171875,8413609
2024-02-14,1059.5760583399278,1099.1117071774415,1058.827276650308,1095.0682373046875,16609115
2024-02-15,1095.7172029662108,1095.767170494197,1067.5130927304062,1070.458251953125,11780823
2024-02-16,1071.2570122898392,1074.2521390716374,1056.2813783808479,1067.013916015625,8660907
2024-02-19,1067.2636103322973,1068.2619860201664,1058.378042335854,1061.223388671875,7562645
2024-02-20,1057.2797713474754,1088.7286030731084,1055.9818343052273,1086.8316650390625,8722800
2024-02-21,1092.073192275301,1092.1730054669829,1071.3568973121146,1082.4388427734375,9177213
2024-02-22,1088.5289376206943,1108.8957018427773,1079.743183816331,1099.1116943359375,14633340
2024-02-23,1097.214810240105,1105.601189852014,1088.2294296284936,1095.0184326171875,6250943
2024-02-26,1091.673732347796,1093.021636882295,1077.8962224273082,1083.4371337890625,5354189
2024-02-27,1079.8929933996226,1086.7818094222255,1070.30861200262,1077.2972412109375,6546815
2024-02-28,1075.6499533390715,1083.2375839304461,1062.3216627406925,1072.455078125,7643191
2024-02-29,1069.26032190184,1080.5420155035836,1053.635718593948,1073.3536376953125,13648997
2024-03-01,1074.2522427400784,1099.9104492314327,1074.2522427400784,1097.4644775390625,4819390
2024-03-04,1097.4643317550683,1107.098680260867,1091.3242977010711,1104.9521484375,5895441
2024-03-05,1100.4095913012502,1109.0955325685745,1092.7221475547015,1099.011962890625,4851446
2024-03-06,1098.4127231478956,1130.111146623373,1093.570626141005,1123.1724853515625,13787638
2024-03-07,1124.1709452324976,1125.0695076625943,1105.75096383962,1109.64453125,6943879
2024-03-11,1110.4433420755754,1118.1807535398016,1100.1101782364663,1103.304931640625,6751641
2024-03-12,1103.2050222642006,1119.5784062450598,1082.488728859692,1095.218017578125,9817138
2024-03-13,1094.2196544723279,1097.7639365910056,1069.0106706443842,1078.64501953125,11503890
2024-03-14,1073.2536735868105,1079.4935205262686,1053.88516431233,1056.5308837890625,10253613
2024-03-15,1054.5341700624665,1054.5341700624665,1028.5764058763134,1044.7001953125,17798175
2024-03-18,1042.3041833307857,1065.1670101939606,1041.9048086945675,1059.6259765625,7612407
2024-03-19,1053.835423795538,1059.2265545914659,1044.9997021501642,1049.0931396484375,6728886
2024-03-20,1048.2944426775036,1055.7322925934038,1029.2753376115431,1033.0692138671875,12619644
2024-03-21,1037.6616330283487,1048.8435126295615,1026.4798752991549,1033.917724609375,9903738
2024-03-22,1038.4104631578375,1045.5488732507845,1028.2769261899778,1031.62158203125,9891194
2024-03-26,1027.3284547052351,1042.5037145196154,1025.8308913601838,1038.8597412109375,9656767
2024-03-27,1044.1011741006478,1055.8320865340806,1042.5536432861559,1051.1396484375,17027308
2024-03-28,1051.1397479991892,1056.6807814435142,1042.4039613170703,1045.4989013671875,10235318
2024-04-01,1050.6405005534539,1062.022006359109,1047.196153605961,1051.3892822265625,5484556
2024-04-02,1049.2927774750888,1054.13487486163,1038.5102720214923,1045.4989013671875,13617893
2024-04-03,1042.1044710178305,1068.5614236812999,1042.054503490413,1061.5228271484375,11573590
2024-04-04,1068.2619860201664,1078.9445571315553,1057.429634181191,1061.223388671875,17964844
2024-04-05,1059.376267693954,1061.273205606129,1046.3973855934087,1057.3795166015625,9210187
2024-04-08,1065.2667760030004,1077.696503600243,1061.8224288968793,1074.3021240234375,4967186
2024-04-09,1088.229361074942,1088.229361074942,1069.6096324949904,1078.24560546875,11385226
2024-04-10,1084.4355825167183,1091.224585687004,1078.245702234185,1086.0330810546875,9064074
2024-04-12,1077.746397535418,1094.618968568782,1069.3600186086321,1071.7061767578125,18045983
2024-04-15,1061.3731041634073,1069.2602959872042,1053.5358798697455,1056.2314453125,8889435
2024-04-16,1048.2443786991994,1056.1315700594967,1042.6534998937286,1050.1912841796875,7107881
2024-04-18,1042.453901492634,1049.6921245535996,1012.2030722269628,1022.3366088867188,17832438
2024-04-19,1013.3511522068916,1035.2654461092607,994.0825168693706,1027.42822265625,21598007
2024-04-22,1037.3121282267066,1056.7804501712887,1030.323499836344,1052.23779296875,9410832
2024-04-23,1056.2813792679226,1058.527724356158,1047.046405016289,1054.0350341796875,8300012
2024-04-24,1054.2846042499411,1067.2135191612067,1054.2846042499411,1061.5228271484375,5641163
2024-04-25,1098.2131700761147,1132.1079732582912,1084.3357247343847,1125.1693115234375,46136295
2024-04-26,1128.1644278290491,1139.495966512928,1121.1757986301081,1128.4639892578125,10133766
2024-04-29,1128.4640177624838,1162.1092275784451,1123.472139637147,1157.366943359375,15183242
2024-04-30,1158.2654439778757,1180.9784882359277,1153.2735661189631,1164.006103515625,18965164
2024-05-02,1154.1222121474534,1172.0929732362545,1146.1352072190973,1147.982177734375,12302236
2024-05-03,1149.0305070050233,1161.3604213398796,1132.257748109204,1139.645751953125,9993632
2024-05-06,1142.0418302187284,1154.1221501495231,1133.8052318288203,1141.792236328125,7490104
2024-05-07,1144.1884546124293,1146.9339876311676,1122.2241904625234,1125.8681640625,7115509
2024-05-08,1122.8231479726346,1133.6055313779955,1116.4335197294456,1126.816650390625,8175609
2024-05-09,1120.177429274663,1132.7070918714192,1110.3932995927955,1113.8377685546875,5226693
2024-05-10,1121.8746454678296,1138.1482169680246,1111.5414820829196,1118.280517578125,7242718
2024-05-13,1118.280560072801,1133.5557565245344,1103.255079409812,1130.1612548828125,5513160
2024-05-14,1128.114566096159,1134.2546009854527,1116.2838385028565,1121.026123046875,5471143
2024-05-15,1123.721712351589,1129.3624370292239,1116.7829287650115,1126.2176513671875,5436338
2024-05-16,1132.3076822370365,1142.091689744301,1109.4948247332395,1137.4493408203125,10750526
2024-05-17,1130.1611841531799,1144.1384426144384,1124.2707437129595,1139.4959716796875,9909986
2024-05-21,1134.1546578731836,1143.8888197695424,1127.3656551864028,1135.802001953125,8162017
2024-05-22,1140.1449076515319,1140.1449076515319,1116.1339263028826,1124.1708984375,9094033
2024-05-23,1124.1709351031163,1167.7500547859142,1123.9213412010063,1163.357177734375,12818081
2024-05-24,1163.6068245207025,1175.0881445395682,1158.7147594426062,1172.093017578125,8814997
2024-05-27,1176.985081003924,1194.0572802857782,1166.1027620182183,1185.0718994140625,10450046
2024-05-28,1186.0701643307336,1190.463041165621,1177.0847842979251,1181.4776611328125,4018776
2024-05-29,1170.0961898274143,1183.9736348832184,1154.122180409975,1157.8660888671875,9418064
2024-05-30,1153.3234454629503,1177.8835827438165,1153.1238190915699,1166.052734375,7232217
2024-05-31,1171.0946809318539,1176.0865593671986,1151.5265418397094,1160.2623291015625,10057642
2024-06-03,1195.1056253692,1240.182188649666,1191.4615298576955,1221.9119873046875,22197339
2024-06-04,1222.0118188881215,1222.0118188881215,1099.76076696467,1129.4124755859375,24135989
2024-06-05,1136.1513438967522,1191.0619976000223,1108.895643400688,1182.5758056640625,21039499
2024-06-06,1190.163519723218,1193.9573957244136,1161.3604082472602,1169.0478515625,12006879
2024-06-07,1176.0864384907798,1193.2584497946386,1164.8547131656344,1184.8721923828125,8583998
2024-06-10,1183.075146484375,1210.4306636973222,1183.075146484375,1198.05078125,9995057
2024-06-11,1202.4935218314042,1207.3855869678534,1188.5162625112805,1192.6595458984375,9390212
2024-06-12,1190.1635879654755,1204.1908145964906,1182.176582765644,1185.970458984375,7199718
2024-06-13,1199.8478657463297,1200.0474921210014,1171.5438194952746,1172.741943359375,5321148
2024-06-14,1179.0315346758443,1182.7255972640348,1168.0993713593632,1179.1314697265625,4451031
2024-06-18,1192.06055379712,1192.06055379712,1179.2314507709457,1189.9639892578125,6837181
2024-06-19,1191.0619882120275,1241.3301709679486,1183.5741718569645,1224.6573486328125,17987437
2024-06-20,1228.1018171293836,1239.4833234915477,1218.4176224324674,1237.486572265625,8206858
2024-06-21,1243.9759793394421,1243.9759793394421,1221.7621225655237,1235.4398193359375,29311314
2024-06-24,1229.0002939189978,1233.742577750123,1223.0600081846046,1226.10498046875,6676530
2024-06-25,1232.4447453162752,1276.6728343883735,1224.0085200079343,1269.3846435546875,17607952
2024-06-26,1279.0189479197,1290.8496743232877,1257.1544980568556,1283.31201171875,13956370
2024-06-27,1307.8720566322172,1307.8720566322172,1277.9207881597238,1286.856201171875,22311393
2024-06-28,1281.0156818707337,1287.8046845611411,1259.550606908322,1263.1947021484375,7167069
2024-07-01,1270.9321647383285,1270.9321647383285,1254.4089994723001,1259.8502197265625,5797015
2024-07-02,1262.9451463709113,1265.7904924843779,1236.2385988093129,1251.364013671875,9945447
2024-07-03,1257.9532642364502,1286.506782209,1241.579879914841,1277.9207763671875,15171347
2024-07-04,1285.90777835371,1290.8996563752694,1266.4394540696283,1278.8193359375,4817380
2024-07-05,1269.9337492225077,1293.2957623797786,1268.835560448999,1284.9593505859375,8593502
2024-07-08,1282.9125886119964,1295.2924698726165,1277.521336238757,1285.7579345703125,4216951
2024-07-09,1281.9141677392236,1292.896298459731,1277.1219164941974,1287.305419921875,6930340
2024-07-10,1282.1139084717208,1291.898038189819,1273.0786823324786,1289.5518798828125,9020489
2024-07-11,1298.9366185010135,1299.2860255853643,1274.8756691291196,1294.6435546875,7848846
2024-07-12,1292.7951283943742,1338.5060612393027,1292.7951283943742,1316.1751708984375,11278987
2024-07-15,1315.5755973520327,1323.2690953628965,1303.8856369793373,1306.33349609375,11537127
2024-07-16,1306.3334797626717,1317.3240865270145,1298.5900977241572,1302.886474609375,5433264
2024-07-18,1298.8899842960564,1317.4740781396913,1293.3946805163423,1308.281982421875,6787511
2024-07-19,1304.5351521039754,1307.882267202837,1287.0999791820136,1291.2464599609375,4496066
2024-07-22,1282.254157040865,1291.2464721792971,1277.108530096213,1281.4049072265625,6695557
2024-07-23,1287.3997027504545,1289.9974581222002,1249.9317253712213,1262.1712646484375,8789327
2024-07-24,1261.8216015091461,1266.2677527529374,1225.602556319145,1238.1917724609375,10344860
2024-07-25,1198.9752696285975,1198.9752696285975,1154.513270046537,1174.8958740234375,32979871
2024-07-26,1164.0051748855426,1182.139700501223,1154.263500675127,1176.3446044921875,18554648
2024-07-29,1181.3403267525803,1193.579866061191,1162.65634410464,1169.0509033203125,19598573
2024-07-30,1163.1059899797806,1178.992437900641,1159.2092956646895,1169.0009765625,18090045
2024-07-31,1156.0120428892758,1170.0000883520675,1153.0146045758206,1165.104248046875,17347076
2024-08-01,1167.0026950641445,1174.6461874515737,1164.454823612974,1171.299072265625,11190500
2024-08-02,1163.0060993620923,1166.8029034557203,1155.1128205144428,1159.8587646484375,10581445
2024-08-05,1141.0248463432538,1150.4667282030086,1123.3400091574642,1132.5321044921875,12013362
2024-08-06,1139.026583274535,1150.0171906570083,1122.1409893573368,1125.138427734375,8571122
2024-08-07,1137.8276379214865,1143.8225145765712,1126.0376650467224,1135.829345703125,8370312
2024-08-08,1132.1324857784152,1141.8242766781827,1125.038572458969,1137.17822265625,7903428
2024-08-09,1151.0162710566617,1154.713062724147,1138.9765121432943,1141.774169921875,6262086
2024-08-12,1145.0214849192898,1168.1017365309908,1134.880127129973,1163.305908203125,9078384
2024-08-13,1160.3582468075288,1178.592662314838,1154.413376565547,1158.6097412109375,6180463
2024-08-14,1158.0103428946786,1158.0103428946786,1147.6692050368504,1152.1153564453125,5021841
2024-08-16,1165.4040707231297,1169.000972398833,1148.6183669484067,1165.8536376953125,6107134
2024-08-19,1168.0018101230557,1170.2998949773084,1149.2178143474769,1152.2652587890625,6691823
2024-08-20,1157.0112241980148,1175.9950007608493,1153.6641090393628,1167.002685546875,6721749
2024-08-21,1165.603828347,1176.994118402172,1160.5082075756561,1173.397216796875,9480630
2024-08-22,1178.6926021829222,1179.9915408958257,1167.951781637088,1168.950927734375,5841326
2024-08-23,1169.0009361917578,1172.9475144975986,1162.506486546248,1164.954345703125,5121962
2024-08-26,1170.6994882789022,1174.2465058769608,1165.104294265047,1169.30078125,3392612
2024-08-27,1169.000939360119,1183.838234581859,1163.2558492735202,1180.2413330078125,8702113
2024-08-28,1175.994955914158,1180.69089378261,1168.351463880549,1169.9500732421875,5483503
2024-08-29,1168.0018028062877,1178.8925198005202,1162.4066089824673,1174.3963623046875,7290114
2024-08-30,1175.9949656447764,1181.9398361833976,1170.8493388105494,1174.2464599609375,10190506
2024-09-02,1174.9957934621327,1192.9804229539002,1173.0973915114537,1187.784912109375,6432362
2024-09-03,1186.985617809891,1192.5309276896276,1175.695217608263,1190.58251953125,7920246
2024-09-04,1181.6900665341032,1188.634205243029,1172.2981905853524,1176.6943359375,6527941
2024-09-05,1180.990705264549,1181.8399550671666,1172.4479572141481,1179.5419921875,4234766
2024-09-06,1174.9957675970875,1180.341174629591,1149.817335649293,1157.760498046875,9874576
2024-09-09,1157.0112163733215,1174.596163835175,1144.0223167076451,1169.8502197265625,7700940
2024-09-10,1177.8933180831702,1189.8330647497864,1172.3480086470006,1186.1861572265625,8723854
2024-09-11,1186.1861945137762,1193.8296865293353,1179.9915375147775,1185.087158203125,6000329
2024-09-12,1189.083702391641,1204.6703565446362,1175.7451268751188,1202.3223876953125,7592871
2024-09-13,1208.8669203308898,1218.5087048247742,1199.974495430322,1216.410400390625,6762566
2024-09-16,1220.9565800362964,1232.9463336864073,1213.9625570737317,1229.9989013671875,4039284
2024-09-17,1234.1451799941071,1239.5405931789464,1226.5516942361462,1231.0478515625,8030427
2024-09-18,1230.8481209839067,1249.3323240741963,1223.9539884110695,1239.3907470703125,8210034
2024-09-19,1247.3838839474913,1260.6225696046859,1237.9420022086015,1241.6387939453125,8449864
2024-09-20,1242.9377435523343,1248.9326201289532,1228.849807990495,1243.9368896484375,15009629
2024-09-23,1250.4312892398568,1251.3804292067466,1239.4906887117218,1245.7353515625,5462814
2024-09-24,1240.0401803989173,1246.035056902626,1234.2950904161967,1238.4915771484375,9225946
2024-09-25,1236.942817936568,1269.9146378007897,1230.0486857535618,1267.01708984375,6853324
2024-09-26,1266.4677489486294,1280.5556852451584,1261.1722255766892,1276.009521484375,7270078
2024-09-27,1271.9129699045366,1280.4557177425643,1256.1764190200147,1272.0628662109375,13372027
2024-09-30,1262.4211501734367,1273.9113308042197,1228.3002850375033,1231.1478271484375,8466919
2024-10-01,1227.0512520632726,1241.8885466631198,1223.6042469422223,1225.6025390625,11164280
2024-10-03,1206.4689403357831,1218.1090170312034,1172.0982894021524,1174.696044921875,17300892
2024-10-04,1174.4962507198202,1201.7729882724368,1172.997531556843,1177.393798828125,13064515
2024-10-07,1181.9398732684149,1183.8382753207918,1129.934390048423,1144.7216796875,20047013
2024-10-08,1152.0155149847044,1167.3523840477021,1141.5244803729618,1152.3153076171875,8464570
2024-10-09,1153.0146443687056,1183.988174676704,1153.0146443687056,1169.15087890625,9807734
2024-10-10,1175.9949603025386,1189.9830057097056,1174.046674192971,1183.23876953125,6806243
2024-10-11,1181.4903201137774,1187.1854043714447,1165.0044086703294,1171.4488525390625,4754158
2024-10-14,1170.5496378403072,1173.9966430270208,1155.6123307770424,1163.355712890625,9765296
2024-10-15,1165.104286275286,1170.999272878385,1148.5184847898495,1152.86474609375,8741516
2024-10-16,1150.017137372719,1161.956884234946,1147.1195893492861,1152.2152099609375,7739854
2024-10-17,1150.017218078076,1150.3668948371856,1123.040272041492,1130.883544921875,6595231
2024-10-18,1157.0112007686191,1202.8220257322612,1155.0629146314764,1195.8280029296875,20829666
2024-10-21,1195.8280254005576,1213.7627716752456,1184.5377472724651,1189.28369140625,7456038
2024-10-22,1193.2301736580623,1196.9769713563815,1172.347996759549,1174.7459716796875,7256246
2024-10-23,1174.0965788352514,1182.1397538713547,1157.6606739810497,1159.4091796875,6501834
2024-10-24,1164.005180524674,1174.196421730821,1153.6640430136567,1166.3531494140625,5046700
2024-10-25,1185.9863817213213,1200.7237862119612,1169.0008985795669,1188.3343505859375,12798716
2024-10-28,1192.9805076128803,1192.9805076128803,1166.0535675549525,1170.599609375,8572243
2024-10-29,1175.3955196864351,1190.1828090793306,1156.6115238483947,1185.8365478515625,9908946
2024-10-30,1177.7434804139418,1186.635905210707,1163.3058678710145,1169.400634765625,9686560
2024-10-31,1164.5048071730241,1176.9941337192813,1152.8647304386966,1158.5599365234375,8682294
2024-11-01,1163.0560879501725,1171.4988238645128,1163.0060818578193,1168.5513916015625,460781
2024-11-04,1170.9992572381775,1175.9449817651664,1134.480417622347,1138.2772216796875,9288653
2024-11-05,1137.9774273803207,1173.896803662119,1132.4821237068345,1170.699462890625,11701049
2024-11-06,1170.799429278286,1182.5393957578722,1160.4581697425565,1165.50390625,10353506
2024-11-07,1167.6020678828468,1171.8984447514144,1150.0671276109715,1158.9095458984375,6252889
2024-11-08,1155.0128937463028,1166.7528604431186,1150.1170534539897,1159.9586181640625,3786168
2024-11-11,1151.0163455380018,1175.795218429766,1141.9740242453897,1170.0001220703125,6620678
2024-11-12,1170.6496057768486,1185.9864747171694,1152.8148714727597,1157.1611328125,9606088
2024-11-13,1150.9164816548919,1164.5048449852266,1134.130777445248,1138.1773681640625,8079113
2024-11-14,1136.5787393829623,1149.7674196333846,1130.6337466753373,1139.7259521484375,5975873
2024-11-18,1130.2340117154433,1134.0308156556105,1120.5923494899985,1125.23828125,9474971
2024-11-19,1129.0351110813517,1138.0274261253624,1121.0919482455736,1132.981689453125,19225966
2024-11-21,1137.0283256912808,1151.0163718772894,1114.7973237170884,1138.1773681640625,8126248
2024-11-22,1135.6794703132584,1146.919864248595,1126.5872649454466,1141.424560546875,16687505
2024-11-25,1159.0094383509029,1163.5055956548504,1141.024809135113,1154.9129638671875,12385823
2024-11-26,1156.1119336772122,1158.609798939658,1141.674321246706,1143.822509765625,5127437
2024-11-27,1144.2220616490547,1154.463309144657,1132.5821071903288,1148.6683349609375,5989943
2024-11-28,1147.5192965947504,1153.464167107178,1128.43563046558,1131.532958984375,10731275
2024-11-29,1132.582060260801,1139.925759377213,1126.736958261915,1135.3297119140625,6406277
2024-12-02,1131.7327610004063,1140.4254054214641,1125.6379940634379,1136.1290283203125,4785858
2024-12-03,1143.422805606189,1163.9053003762572,1137.0282462603673,1159.509033203125,8382042
2024-12-04,1156.5116747211634,1167.0027093514634,1152.9147729554202,1158.4599609375,18379798
2024-12-05,1163.00607766556,1175.895086940121,1149.1179222761664,1165.404052734375,10640451
2024-12-06,1166.503084244846,1192.8305598686338,1159.0094884145792,1183.53857421875,7542210
2024-12-09,1183.2387822026365,1184.9872878972571,1160.008635116961,1162.2567138671875,6308112
2024-12-10,1156.0120320175192,1164.0552068694128,1150.2669419707597,1152.6649169921875,4714389
2024-12-11,1149.018037571162,1157.3608832768325,1143.572740005626,1146.2703857421875,7788242
2024-12-12,1144.022283571999,1153.5641776056896,1142.6234546399185,1144.6717529296875,4825283
2024-12-13,1140.0257583610694,1151.7157195420548,1112.6991355227563,1147.169677734375,8731618
2024-12-16,1145.5209692270178,1154.0137108218105,1140.7750253946338,1149.917236328125,3975202
2024-12-17,1144.2721002862004,1150.8664403216148,1129.035121871562,1135.27978515625,7292817
2024-12-18,1135.229787819368,1138.9267016920649,1114.997078620928,1121.291748046875,7222127
2024-12-19,1103.956540634929,1118.0944822195825,1100.1098525767634,1107.953125,11677610
2024-12-20,1103.0072568859084,1104.9056588150418,1064.0905661860045,1070.9346923828125,12623056
2024-12-23,1074.181925218324,1082.6247827661366,1071.4842795912562,1078.228515625,3886921
2024-12-24,1076.3801503868544,1083.8237401012339,1075.0812116606846,1077.978759765625,4343694
2024-12-26,1082.075186563399,1091.666964377949,1071.8339394144841,1075.780517578125,4775460
2024-12-27,1077.1793765790876,1085.3224416159574,1075.081194180686,1076.5299072265625,3801667
2024-12-30,1073.1828578787208,1095.5637560852615,1063.0415000388418,1069.036376953125,9452155
2024-12-31,1061.093125882966,1069.5358613844005,1057.5961146394723,1063.790771484375,5292136
2025-01-01,1063.2413952878649,1076.03039277255,1053.050031422574,1070.8848876953125,2985355
2025-01-02,1071.0846105910884,1087.7703015405455,1066.5884531772265,1085.672119140625,6557076
2025-01-03,1085.0726691338768,1092.5662649151882,1078.8780120744239,1083.9736328125,7357220
2025-01-06,1086.8211254988164,1089.0692041311972,1058.994932153449,1062.491943359375,5283413
2025-01-07,1063.6410686595937,1069.585939386801,1055.0983204039812,1066.5885009765625,4619462
2025-01-08,1062.8417164055375,1081.425810390834,1058.1956624176928,1074.0321044921875,8780098
2025-01-09,1078.6781174845069,1079.2276966322133,1053.3497879534912,1060.8433837890625,9054190
2025-01-10,1055.3480496665616,1063.940681583058,1036.114487577964,1039.811279296875,5612886
2025-01-13,1025.7233630583805,1062.0923055338462,1022.3762480127075,1048.404052734375,7180930
2025-01-14,1052.0508920133261,1060.094067323752,1044.607301966996,1050.7520751953125,6892897
2025-01-15,1042.1093350734811,1052.0009054084283,1013.7835688153692,1025.9232177734375,11418721
2025-01-16,1033.0171728612916,1045.5563831841841,1026.1730464981413,1037.1136474609375,10261727
2025-01-17,999.1461051896173,1010.8361268169435,973.7677697245856,990.2037353515625,33831617
2025-01-20,991.2028832561386,993.3510717794115,975.6661734888432,987.206298828125,33440507
2025-01-21,992.7515647509814,993.6008755464943,962.1777177393942,969.37158203125,11894500
2025-01-22,974.9168003898411,974.9168003898411,953.185372863857,958.4808349609375,17303146
2025-01-23,953.1854083200985,962.8771379807579,947.1905315382111,950.2379150390625,24649522
2025-01-24,947.1904904330852,960.978694236453,945.2920884746561,947.6900634765625,14421921
2025-01-27,942.2946747087996,948.9390207529837,932.7028964179103,947.2904052734375,12713296
2025-01-28,959.180235428942,993.0013057953831,957.3817846841201,982.9598999023438,21781371
2025-01-29,987.1563504180045,987.8058197786002,976.7652065467048,982.560302734375,11175206
2025-01-30,983.809246785376,990.5534830633907,973.9676209602275,983.8591918945312,10473118
2025-01-31,981.1614599961304,989.154628713003,977.2148207455668,985.2579345703125,9036312
2025-02-01,988.6550911139932,1004.0919109485104,981.1614951732605,997.2977294921875,4830391
2025-02-03,986.2570909647077,999.6456730985736,982.5102930895256,988.55517578125,7124605
2025-02-04,993.1512442533443,1016.2314952547484,986.9565261066653,1014.4330444335938,16058171
2025-02-05,1019.7285079133438,1021.1772819871264,1009.6371564724461,1012.4347534179688,7858373
2025-02-06,1011.135846962794,1020.9774115938708,1009.1874998832046,1019.8284301757812,5815563
2025-02-07,1018.6294771085081,1026.4727498171085,1006.7896198894281,1023.2255249023438,8638651
2025-02-10,1020.1281486117224,1025.8732385769695,1005.3407988108239,1010.8860473632812,3960565
2025-02-11,1008.1384042718065,1015.4821036361709,1001.743844906005,1006.539794921875,4808215
2025-02-12,999.1460897554412,1009.7870200045517,983.1597523193541,1006.0402221679688,7669283
2025-02-13,1002.1435394057845,1016.5812127633229,1000.195192312027,1007.339111328125,6348246
2025-02-14,1009.6870990599269,1015.1324576088659,986.8066895087635,996.6482543945312,5375755
2025-02-17,991.6025387766662,998.7964027455306,977.2148108389374,992.1021118164062,7166803
2025-02-18,992.1021599108303,996.4983662838368,985.7076002989517,993.3011474609375,3090004
2025-02-19,990.8032596729911,1012.5846325710227,987.3062483045857,1010.4863891601562,6401381
2025-02-20,1007.5389474515373,1018.7793410298854,1005.6405454762012,1016.3314208984375,5011212
2025-02-21,1011.1358844792248,1021.0274555684333,999.7956002866314,1008.0885009765625,5019937
2025-02-24,1000.4949167860066,1012.134993173767,997.6973199195476,1009.1875,4265454
2025-02-25,1003.1426606538377,1012.8343897910249,996.2485283338186,1008.23828125,5708975
2025-02-27,1006.7895881710506,1022.675974509891,1004.2917229306947,1015.8318481445312,9777690
2025-02-28,1013.9334407248853,1034.615777000597,1009.0876065778273,1014.6828002929688,15026849
2025-03-03,1016.1815119995523,1018.5295418855362,991.1529148051625,1006.389892578125,6763184
2025-03-04,1000.2451655910475,1010.2366268834685,997.7473002679423,1000.944580078125,5786420
2025-03-05,1002.1435659127035,1016.5312945423531,1001.6939379587069,1013.5838012695312,5133873
2025-03-06,1021.7267392253694,1038.612332076587,1014.2831498454004,1033.2169189453125,7861120
2025-03-07,1032.817337571361,1049.4531455409124,1029.8198990891383,1036.7640380859375,7597321
2025-03-10,1035.1153504084468,1049.6029687298005,1031.468442782615,1034.9654541015625,5995655
2025-03-11,1029.520113656347,1035.914672765481,1020.2280066108474,1024.774169921875,4771085
2025-03-12,1024.3245322593168,1028.9207018891527,998.3467946594548,1010.3365478515625,7504702
2025-03-13,1014.1332914267962,1015.132437526724,1004.2417206442948,1009.33740234375,4004140
2025-03-17,1010.2366012913976,1038.1128019842872,1010.2366012913976,1033.2669677734375,5938668
2025-03-18,1033.2669677734375,1033.2669677734375,1033.2669677734375,1033.2669677734375,0
2025-03-19,1046.9053623518132,1057.646183234451,1042.6089852123262,1051.1517333984375,4822365
2025-03-20,1055.3481090881514,1057.9958707491392,1046.0061170837591,1053.44970703125,3742644
2025-03-21,1053.4496491429936,1074.6316193008408,1049.6529672039042,1069.2362060546875,6848565
2025-03-24,1081.0760349569089,1104.0063882058416,1072.783073887539,1096.9124755859375,8284863
2025-03-25,1109.002216272288,1122.5406953407569,1095.413853076155,1117.594970703125,11720528
2025-03-26,1114.047955120439,1117.8946433973692,1088.1201613639344,1095.31396484375,7127060
2025-03-27,1091.067555947459,1107.053893763539,1087.1708617115737,1097.412109375,8508917
2025-03-28,1097.462058532138,1106.0546902692902,1085.5721960050441,1101.0589599609375,4921190
2025-04-01,1092.2664595426536,1100.3096343737684,1069.0863189829122,1084.6729736328125,6638140
2025-04-02,1090.76773491548,1094.664429049867,1079.8271340440042,1083.52392578125,4065344
2025-04-03,1077.9787109284953,1091.017493860897,1074.381809497697,1088.9193115234375,5345660
2025-04-04,1080.5764837084853,1100.9590880995302,1074.5316011481896,1090.3681640625,6059991
2025-04-07,1034.1161611572818,1068.087126837811,1031.4683997330853,1047.0550537109375,9720457
2025-04-08,1060.093978570394,1084.0234781220995,1059.3946251089444,1076.9295654296875,8723357
2025-04-09,1072.1837048584816,1080.926233635811,1057.096622447392,1060.7435302734375,6690201
2025-04-11,1062.392153253822,1071.7840295190008,1056.6470628741667,1068.0372314453125,8144072
2025-04-15,1089.0692731441595,1116.0462184422258,1082.0752502891053,1111.849853515625,9320299
2025-04-16,1121.7413327534418,1162.5065444211673,1111.6499810412404,1160.3084716796875,12836428
2025-04-17,1154.613187862119,1198.1759326401855,1152.6148956982988,1189.783203125,13446336
2025-04-21,1200.9736202361637,1237.6422335650964,1197.0769260268742,1221.9556884765625,15166580
2025-04-22,1229.3493484820563,1233.9453960091998,1211.0649266211587,1215.760986328125,8461710
2025-04-23,1224.2538202977976,1228.9497583930292,1193.8797530955178,1205.8695068359375,9433911
2025-04-24,1198.0760451934377,1218.9582227468238,1198.0760451934377,1206.0692138671875,9078137
2025-04-25,1175.9950141977513,1178.8925624152441,1145.0214836623813,1165.30419921875,17243807
2025-04-28,1165.3041229955159,1194.9787128132273,1163.3058308336208,1191.781494140625,5523502
2025-04-29,1192.9804852009415,1208.966823361088,1183.3887066980697,1186.2862548828125,6074520
2025-04-30,1184.0880493990605,1192.8805840933246,1173.996697920787,1183.9881591796875,6288257
2025-05-02,1181.0905876428099,1209.4663614496308,1179.092295430584,1182.3895263671875,5249372
2025-05-05,1188.9838228735969,1188.9838228735969,1163.305817670235,1172.1981201171875,7236056
2025-05-06,1176.9941263517048,1177.7934920320934,1156.711411381114,1160.4083251953125,5348267
2025-05-07,1158.0103867504365,1167.6021653881123,1151.9156196344402,1160.3084716796875,4263817
2025-05-08,1169.000902041538,1177.9932166726269,1164.6046349397911,1171.198974609375,9912347
2025-05-09,1159.0094902220203,1171.1990240051655,1147.5193099310263,1150.1170654296875,5379571
2025-05-12,1183.9881482207568,1207.9676550201646,1174.1964674912338,1201.9727783203125,7616208
2025-05-13,1204.17088139939,1213.7627819342401,1188.983908829347,1192.580810546875,5569926
2025-05-14,1194.8788087975402,1198.3758200404661,1184.887348103466,1194.4791259765625,4084921
2025-05-15,1195.9778616685178,1215.960783333823,1183.9881086693347,1208.0675048828125,6705748
2025-05-16,1204.9701644737838,1212.2639795957512,1202.1725066819429,1207.767822265625,4016269
2025-05-19,1206.9684600284695,1217.959066866477,1200.0743277095955,1201.77294921875,4550022
2025-05-20,1206.9684640476505,1209.666109675897,1191.8813826402697,1194.7789306640625,4724482
2025-05-21,1196.0777462450546,1203.8711344442138,1181.6900183206467,1196.7772216796875,3712472
2025-05-22,1195.6780564317094,1195.6780564317094,1176.4945006220091,1187.485107421875,4795583
2025-05-23,1187.485119395582,1212.0640886389942,1187.0854365692512,1209.066650390625,3676469
2025-05-26,1215.1614996663016,1223.1546688717133,1207.6679035362279,1214.162353515625,3607612
2025-05-27,1214.1623415292133,1215.6610607404325,1189.3835904167063,1194.5791015625,7249163
2025-05-28,1194.5790654630853,1201.1734053999564,1190.6823712384548,1193.6798095703125,3525421
2025-05-29,1198.9753285293477,1207.9676434933178,1187.984721351162,1200.673828125,7788068
2025-05-30,1200.3741017035964,1207.767806945901,1188.584129401051,1191.181884765625,9998488
2025-06-02,1188.7840792835677,1199.8745766070429,1178.1930330443174,1193.380126953125,3761853
2025-06-03,1193.9795608940237,1197.8762549838802,1173.8967491583935,1180.4910888671875,8155665
2025-06-04,1180.7909490961636,1190.282837362319,1167.6021469572256,1170.0001220703125,4306355
2025-06-05,1171.498848863261,1174.4962872825274,1156.0120836970516,1158.0103759765625,10481600
2025-06-06,1157.9104875951884,1200.1742961943326,1150.216989127201,1193.5799560546875,14715421
2025-06-09,1211.4646926212756,1223.4544462802078,1205.1700231639036,1218.8583984375,9138108
2025-06-10,1223.3544631361597,1234.8446428531997,1217.3595867620518,1231.747314453125,7747558
2025-06-11,1231.547437255107,1240.73965439643,1227.051279882547,1230.3485107421875,4135775
2025-06-12,1229.9489006576741,1236.0436677299426,1209.766197378075,1211.8643798828125,3461744
2025-06-13,1196.9769975725644,1210.6652500104622,1194.5790225999053,1204.7703857421875,3906868
2025-06-16,1205.070075190406,1216.9599380589093,1194.9787240709816,1214.3621826171875,5697424
2025-06-17,1214.3621705402443,1225.9522406799451,1210.2656960037218,1214.0623779296875,4492946
2025-06-18,1208.7670098415024,1222.2554822950017,1202.872023413054,1219.9573974609375,3135662
2025-06-19,1216.9599001780673,1226.751580345239,1212.763535515606,1216.4603271484375,4243763
2025-06-20,1216.4603740469724,1224.9531158781012,1213.1631431378685,1219.6575927734375,4652390
2025-06-23,1211.5645133005319,1221.855766720184,1204.5704907342642,1213.063232421875,2312469
2025-06-24,1221.85584819293,1237.3426134794584,1214.5620325296159,1220.1572265625,6745788
2025-06-25,1225.2529376663326,1225.2529376663326,1209.9659532198973,1212.2640380859375,4229259
2025-06-26,1214.162353992752,1237.9420811746302,1210.1657693884756,1232.44677734375,8678448
2025-06-27,1235.8438054880892,1245.935156459947,1219.3578952382181,1224.0538330078125,6068274
2025-06-30,1227.850614406535,1234.9445270212907,1192.0811367630172,1198.1759033203125,6559872
2025-07-01,1200.973663276553,1200.973663276553,1166.003548289299,1172.2982177734375,8702198
2025-07-02,1178.9924468672707,1180.8908489291716,1170.999277735967,1174.2965087890625,5471100
2025-07-03,1176.9941080825224,1179.9915463883353,1167.0026470631462,1170.0999755859375,6237185
2025-07-04,1174.0,1179.5,1162.0,1177.5999755859375,3926186
2025-07-07,1177.5999755859375,1177.5999755859375,1167.5999755859375,1175.0999755859375,5783402
2025-07-08,1180.0,1180.0,1161.9000244140625,1165.4000244140625,9973619
2025-07-09,1160.0,1171.0,1158.5999755859375,1164.699951171875,8674795
2025-07-10,1170.0999755859375,1176.5999755859375,1163.0,1164.300048828125,4339755
2025-07-11,1162.0,1175.9000244140625,1160.5999755859375,1173.800048828125,4468654
2025-07-14,1179.0,1179.9000244140625,1163.0,1172.699951171875,4772502
2025-07-15,1174.0,1179.0,1162.300048828125,1165.9000244140625,4776756
2025-07-16,1164.9000244140625,1174.0,1157.0999755859375,1168.4000244140625,4388279
2025-07-17,1170.0,1172.9000244140625,1154.800048828125,1159.800048828125,5694428
2025-07-18,1090.0,1115.9000244140625,1086.0,1099.300048828125,38053695
2025-07-21,1086.0,1101.5,1071.9000244140625,1099.5999755859375,15905500
2025-07-22,1102.0,1110.5999755859375,1095.0,1098.0,9999957
2025-07-23,1099.5,1110.5,1098.0999755859375,1104.800048828125,6633979
2025-07-24,1104.0,1105.0,1089.4000244140625,1095.0999755859375,9901209
2025-07-25,1086.0999755859375,1101.0,1076.199951171875,1086.0999755859375,11779887
2025-07-28,1080.9000244140625,1092.199951171875,1067.4000244140625,1073.5999755859375,9029557
2025-07-29,1070.9000244140625,1078.699951171875,1055.4000244140625,1064.199951171875,15599773
2025-07-30,1070.5,1080.5999755859375,1062.0,1073.300048828125,8247433
2025-07-31,1066.0,1081.300048828125,1063.9000244140625,1068.4000244140625,7634413
2025-08-01,1065.0,1070.9000244140625,1060.0,1062.4000244140625,5545447
2025-08-04,1064.4000244140625,1070.0,1059.0,1068.5999755859375,4465845
2025-08-05,1068.0,1079.9000244140625,1062.5,1070.800048828125,5318081
2025-08-06,1074.0,1077.699951171875,1065.5999755859375,1071.0,4216651
2025-08-07,1067.800048828125,1079.699951171875,1064.5,1076.199951171875,5321131
2025-08-08,1073.0,1080.4000244140625,1054.199951171875,1058.0999755859375,5084903
2025-08-11,1058.0999755859375,1075.4000244140625,1052.5999755859375,1073.300048828125,5452775
2025-08-12,1071.0999755859375,1076.5999755859375,1066.300048828125,1070.0,4573025
2025-08-13,1071.0999755859375,1072.800048828125,1063.199951171875,1066.0,4966778
2025-08-14,1067.0,1072.4000244140625,1062.0,1068.199951171875,6761305
2025-08-18,1080.0,1090.0,1079.4000244140625,1082.5999755859375,7964987
2025-08-19,1078.0,1095.0,1075.800048828125,1083.199951171875,5661531
2025-08-20,1081.0,1083.699951171875,1077.800048828125,1080.199951171875,3034728
2025-08-21,1090.0,1090.0,1076.4000244140625,1078.9000244140625,6459262
2025-08-22,1076.0,1078.5,1069.5,1070.9000244140625,3853718
2025-08-25,1073.0,1074.5,1068.199951171875,1070.0,2711278
2025-08-26,1068.0,1069.800048828125,1048.0,1050.0999755859375,7197666
2025-08-28,1057.0,1059.5,1047.0,1051.9000244140625,8564803
2025-08-29,1052.0999755859375,1063.0,1042.5,1045.199951171875,4718016
2025-09-01,1047.5999755859375,1064.0,1047.5999755859375,1061.5,3190426
2025-09-02,1061.5,1064.9000244140625,1049.0,1056.199951171875,4933541
2025-09-03,1056.199951171875,1064.9000244140625,1045.0,1054.699951171875,8303296
2025-09-04,1058.199951171875,1062.199951171875,1047.300048828125,1050.4000244140625,8088417
2025-09-05,1056.5999755859375,1058.0,1047.800048828125,1055.9000244140625,2849589
2025-09-08,1055.9000244140625,1063.0,1054.0,1055.5,2260147
2025-09-09,1057.5,1059.0,1048.699951171875,1052.199951171875,4310419
2025-09-10,1058.0,1074.0999755859375,1055.0999755859375,1070.0999755859375,5241075
2025-09-11,1069.0,1093.0,1069.0,1087.4000244140625,5227539
2025-09-12,1088.4000244140625,1108.699951171875,1088.4000244140625,1105.300048828125,6014850
2025-09-15,1105.0,1110.0,1100.0,1104.4000244140625,3881807
2025-09-16,1105.699951171875,1127.0999755859375,1104.0,1121.199951171875,7965606
2025-09-17,1121.300048828125,1128.5,1116.0999755859375,1126.0,5590739
2025-09-18,1129.0,1134.4000244140625,1121.199951171875,1133.0,5713032
2025-09-19,1133.0,1144.0999755859375,1126.5999755859375,1135.9000244140625,8910732
2025-09-22,1136.0,1147.5999755859375,1131.199951171875,1144.4000244140625,7689900
2025-09-23,1146.0,1172.800048828125,1141.9000244140625,1170.800048828125,16079093
2025-09-24,1168.0,1172.800048828125,1154.0,1158.9000244140625,12812055
2025-09-25,1154.699951171875,1171.800048828125,1153.4000244140625,1166.5999755859375,11188302
2025-09-26,1161.5999755859375,1169.699951171875,1148.0,1154.0,5618932
2025-09-29,1155.4000244140625,1158.300048828125,1126.699951171875,1132.199951171875,9693881
2025-09-30,1130.0,1137.0,1125.4000244140625,1131.5999755859375,8165203
2025-10-01,1132.5,1164.800048828125,1131.0,1159.5,9655009
2025-10-03,1171.0,1188.0,1169.5,1181.0,11095015
2025-10-06,1185.0,1215.199951171875,1182.0999755859375,1212.800048828125,20128505
2025-10-07,1212.0,1212.0,1184.0,1186.800048828125,8620156
2025-10-08,1180.0999755859375,1194.800048828125,1174.0999755859375,1180.5999755859375,5160430
2025-10-09,1178.0,1187.300048828125,1163.0999755859375,1167.4000244140625,7194651
2025-10-10,1168.0,1191.699951171875,1165.199951171875,1180.4000244140625,6933035
2025-10-13,1171.0,1193.5999755859375,1167.5,1189.5999755859375,4138448
2025-10-14,1191.800048828125,1191.800048828125,1166.5999755859375,1176.800048828125,5742538
2025-10-15,1180.0,1181.699951171875,1164.0,1169.5999755859375,6328142
2025-10-16,1216.4000244140625,1216.9000244140625,1185.300048828125,1196.300048828125,17747171
2025-10-17,1196.300048828125,1212.9000244140625,1191.5999755859375,1200.199951171875,6404414
2025-10-20,1207.9000244140625,1231.699951171875,1207.0,1226.0,7418616
2025-10-21,1225.800048828125,1238.800048828125,1222.0,1237.300048828125,1940248
2025-10-23,1246.0,1276.0999755859375,1241.300048828125,1258.800048828125,14611221
2025-10-24,1254.199951171875,1256.0,1240.0999755859375,1241.9000244140625,4882046
2025-10-27,1243.4000244140625,1258.5,1242.5999755859375,1254.0999755859375,6185072
2025-10-28,1249.0,1258.9000244140625,1236.5999755859375,1246.300048828125,8146777
2025-10-29,1246.9000244140625,1251.0,1239.199951171875,1248.800048828125,4578825
2025-10-30,1243.0,1248.0,1235.0,1238.5999755859375,4017532
2025-10-31,1243.0,1245.4000244140625,1231.0,1232.800048828125,4106607
2025-11-03,1226.0,1241.0,1222.300048828125,1233.699951171875,6118907
2025-11-04,1230.0999755859375,1235.9000244140625,1222.800048828125,1226.5999755859375,3299345
2025-11-05,1226.5999755859375,1226.5999755859375,1226.5999755859375,1226.5999755859375,0
2025-11-06,1225.0,1239.5999755859375,1225.0,1228.5,3733721
2025-11-07,1227.0,1228.800048828125,1217.0,1222.800048828125,3461466
2025-11-10,1222.0,1232.800048828125,1215.5,1217.0,4140568
2025-11-11,1218.0999755859375,1225.0,1209.4000244140625,1222.5,5615453
2025-11-12,1227.9000244140625,1232.699951171875,1216.5,1221.5999755859375,6782513
2025-11-13,1219.0,1234.800048828125,1213.199951171875,1225.199951171875,3345231
2025-11-14,1224.0,1246.0,1222.0,1241.5999755859375,5197740
2025-11-17,1243.9000244140625,1261.0,1240.4000244140625,1249.5999755859375,4088026
2025-11-18,1250.0,1273.5,1247.5999755859375,1265.4000244140625,10175969
2025-11-19,1268.0,1273.0,1257.800048828125,1270.4000244140625,4101288
2025-11-20,1275.0,1287.300048828125,1262.5999755859375,1285.199951171875,4617594
2025-11-21,1284.0,1284.5,1273.0,1275.800048828125,6363593
2025-11-24,1279.199951171875,1290.9000244140625,1266.5999755859375,1269.0,10491953
2025-11-25,1269.0999755859375,1276.699951171875,1263.699951171875,1266.300048828125,5290156
2025-11-26,1271.9000244140625,1292.800048828125,1269.300048828125,1290.199951171875,4842021
2025-11-27,1297.0,1304.0,1281.0,1287.300048828125,5924706
2025-11-28,1287.300048828125,1289.0,1275.0,1279.699951171875,3093636
2025-12-01,1288.0,1289.0,1268.5,1275.699951171875,4098016
2025-12-02,1270.699951171875,1281.0,1255.0999755859375,1258.0,8115347
2025-12-03,1255.0,1272.9000244140625,1255.0,1270.699951171875,3582794
2025-12-04,1270.699951171875,1282.800048828125,1269.4000244140625,1280.0,3216108
2025-12-05,1275.199951171875,1285.0,1267.300048828125,1282.5,2728214
2025-12-08,1284.0,1288.800048828125,1265.0999755859375,1273.800048828125,2969478
2025-12-09,1272.0,1281.4000244140625,1263.199951171875,1275.9000244140625,4239279
2025-12-10,1273.0,1284.0,1268.300048828125,1278.5999755859375,2928746
2025-12-11,1277.4000244140625,1282.0,1271.0,1272.699951171875,2017404
2025-12-12,1278.0,1291.0,1277.9000244140625,1286.0999755859375,2281078
2025-12-15,1285.0,1290.4000244140625,1280.0,1284.800048828125,1634472
2025-12-16,1277.0999755859375,1277.5999755859375,1216.9000244140625,1219.5999755859375,11542048
2025-12-17,1220.5999755859375,1236.0,1220.300048828125,1224.699951171875,5147181
2025-12-18,1226.0999755859375,1238.5,1220.199951171875,1229.800048828125,3441592
2025-12-19,1236.699951171875,1241.5,1229.0999755859375,1230.5999755859375,5055047
2025-12-22,1235.0,1236.9000244140625,1226.800048828125,1233.199951171875,2405809
2025-12-23,1239.0,1239.0,1223.5,1225.0,2920318
2025-12-24,1230.0,1235.4000244140625,1224.699951171875,1226.300048828125,3155506
2025-12-25,1226.300048828125,1226.300048828125,1226.300048828125,1226.300048828125,0
2025-12-26,1225.0,1229.9000244140625,1222.0,1228.199951171875,1665983
2025-12-29,1228.199951171875,1233.9000244140625,1219.0,1232.0,2209655
2025-12-30,1233.0,1252.0999755859375,1232.0,1246.0,5673233
2025-12-31,1246.0,1271.5,1245.0,1269.4000244140625,3711090
2026-01-01,1270.0,1279.199951171875,1263.800048828125,1274.4000244140625,2022412
2026-01-02,1273.9000244140625,1281.800048828125,1264.300048828125,1266.9000244140625,5860547
2026-01-05,1274.199951171875,1289.699951171875,1270.0,1285.800048828125,6177100
2026-01-06,1304.5999755859375,1304.5999755859375,1285.4000244140625,1293.800048828125,6751769
2026-01-07,1293.0,1299.0,1284.0,1295.5,5440002
2026-01-08,1291.0999755859375,1303.199951171875,1283.800048828125,1286.800048828125,3949654
2026-01-09,1286.800048828125,1295.300048828125,1270.0999755859375,1272.0,5531427
