Date,Open,High,Low,Close,Volume
2010-01-04,132.9438305142303,134.15654389973224,132.64065534832528,133.35311889648438,9162186
2010-01-05,134.61132950066414,136.39250767209538,133.62599418840784,134.61891174316406,14659997
2010-01-06,135.67242272190413,137.54456199595995,134.92964298260836,135.64968872070312,20410054
2010-01-07,135.93775685615927,135.93775685615927,132.86806775506258,134.36880493164062,10852286
2010-01-08,134.77810189403257,134.91453139849233,132.034334594951,132.4815216064453,20580934
2010-01-11,133.0954074622009,133.67144147605066,131.26874901469543,131.79173278808594,18184672
2010-01-12,131.7917983800151,132.18593514683806,127.3350670881452,127.75193786621094,22781935
2010-01-13,124.55339718937246,127.97172947845286,124.55339718937246,127.43359375,31684856
2010-01-14,128.3961698082744,130.5184217054419,126.00105895205277,126.62257385253906,33858143
2010-01-15,127.37290155173227,128.63867773831657,125.88732944193882,127.70640563964844,19521925
2010-01-18,126.42548666273365,131.7007927440779,125.86460437125355,130.8746337890625,22909535
2010-01-19,130.9731985436676,132.79226261779243,130.21525411929187,131.20057678222656,20804140
2010-01-20,131.85241494826622,134.09594481167676,131.72356769699252,133.08787536621094,27480893
2010-01-21,131.859978383119,132.33748154657428,127.68368945877178,129.26022338867188,33727122
2010-01-22,125.66755847205258,128.3961735866573,124.43211087733836,127.44115447998047,32621154
2010-01-25,126.06166413794783,127.2061627026268,125.09907574718864,125.94039916992188,15865157
2010-01-27,124.30327119822086,125.42502338426038,118.23969016705243,119.3462905883789,38013514
2010-01-28,121.27146291187205,122.45386014915294,118.12599009527179,119.45996856689453,56519067
2010-01-29,117.48174318666663,127.18346499431425,117.48174318666663,125.87220764160156,59256560
2010-02-01,124.31845020496696,128.60843606038566,123.54535382241963,126.69841003417969,28587542
2010-02-02,127.48663798340301,127.70644669916406,123.66658691751388,124.15167236328125,29159537
2010-02-03,125.07637618737928,128.0930021211983,124.79593496924548,127.25167846679688,18166148
2010-02-04,126.54679894040817,128.69936746156637,125.13702316546373,125.63726043701172,18276049
2010-02-05,122.75703379413508,122.75703379413508,119.75557272936192,120.99102020263672,27352501
2010-02-08,128.85092740488926,128.85092740488926,119.14920713540886,122.08246612548828,22972361
2010-02-09,122.18098292230991,124.00004651538796,119.96778273515582,123.15115356445312,20874557
2010-02-10,124.00006838174495,124.53821676320592,120.7939629857996,121.24114990234375,19253811
2010-02-11,119.77071775075551,125.78881674765994,119.77071775075551,125.22035217285156,19596379
2010-02-15,126.1223255778067,126.1223255778067,123.16633228001055,123.90154266357422,10649243
2010-02-16,123.84851112319916,127.00156687668121,123.84851112319916,126.19055938720703,11282936
2010-02-17,127.33506844305674,128.50231426719287,125.91014080435862,127.47908020019531,28238435
2010-02-18,127.33503860692886,129.30570927837434,126.4785632311237,127.34262084960938,25365791
2010-02-19,126.12231899476937,126.88027606690879,123.86363770675098,126.35729217529297,18276038
2010-02-22,128.11575945372343,128.85097000479738,125.62969925319626,126.06172180175781,12621301
2010-02-23,125.80400397941166,129.15412137883774,125.15216007217641,128.50987243652344,20701076
2010-02-24,127.35016730736385,128.22938916415245,126.27388352755784,127.50933074951172,17102217
2010-02-25,127.52453875585924,130.03334525879438,126.22844588901815,129.09349060058594,23944123
2010-02-26,128.13845775357314,134.45973247157025,127.63822058823737,132.20863342285156,35508192
2010-03-02,134.17172117651165,136.88517161089513,134.17172117651165,135.9983673095703,28273393
2010-03-03,136.4152538637475,138.32527944076747,135.7255241723076,137.69618225097656,25091231
2010-03-04,137.33993455019797,138.63602733422056,134.7932424380727,136.1878662109375,17625426
2010-03-05,136.14237857543205,137.7946967396795,135.16462553546128,136.6956787109375,14922803
2010-03-08,137.94630143401767,140.49300633713887,137.94630143401767,140.03065490722656,32294977
2010-03-09,139.76535576954439,141.67538096012382,137.80226760934448,140.24285888671875,34059690
2010-03-10,140.22015655051172,140.9023040148147,137.70376773217671,139.1287078857422,22191510
2010-03-11,138.7042255107518,141.99372257240896,138.41621482127175,141.10691833496094,21146158
2010-03-12,141.74361756148838,142.7820031703662,141.16000113690592,141.9861602783203,20491075
2010-03-15,140.9780917737444,141.7360361782051,129.7604815108278,140.03065490722656,16240301
2010-03-16,139.6137894430346,141.72087700187606,138.27979808145102,141.05389404296875,14485526
2010-03-17,141.73604745183331,144.55561154707664,141.28127822860796,143.7900848388672,23114982
2010-03-18,144.01742149231475,146.96583198727188,143.85825803500606,146.07904052734375,25947581
2010-03-19,145.980545510645,146.87491943212459,143.77491423573557,145.00279235839844,17969248
2010-03-22,143.85826364064482,143.85826364064482,139.61376043236456,141.77391052246094,20087584
2010-03-23,142.34238389682488,143.40351622032838,139.7653755152101,140.29592895507812,20200125
2010-03-25,139.4622186736134,142.49400963139902,138.34046632396084,141.56173706054688,26513751
2010-03-26,142.34236425979793,144.29787018484876,141.77391240666321,143.63087463378906,21544611
2010-03-29,143.2519107215383,145.37416247581646,142.41816941528197,144.40399169921875,21909514
2010-03-30,144.9345400664056,146.79908441395344,144.74504764642822,145.49542236328125,18572757
2010-03-31,146.25338429482125,147.1629225769966,143.8127928727567,144.3888397216797,28237176
2010-04-01,145.0709886709438,145.81378124467795,143.14579886172905,144.4115753173828,19839534
2010-04-05,144.7678608137762,150.17959888331364,144.7678608137762,149.36859130859375,28263136
2010-04-06,150.36145507875253,153.0597408986184,149.3685375987721,151.25582885742188,30864163
2010-04-07,151.99864926216964,152.9536557075198,148.57272202694125,149.6717529296875,19863459
2010-04-08,148.89102510377242,149.77024706519526,145.17708803349336,145.69248962402344,23439388
2010-04-09,145.87443834885593,148.85316594474554,145.8289576100081,148.29986572265625,12637042
2010-04-12,148.55754783669445,149.30032768831057,145.7152374940058,146.23065185546875,20644701
2010-04-13,146.23066441469248,146.51109290226486,142.54703019951913,142.82748413085938,21935727
2010-04-15,143.6763746365344,145.2074278961352,138.74972339840437,139.1590118408203,29869411
2010-04-16,139.00743097799426,142.02406976920926,138.74973647746353,139.83360290527344,24517465
2010-04-19,138.52231600274274,140.45508795448458,136.8169476951502,139.43185424804688,23085573
2010-04-20,139.76534838744894,143.2518944490929,139.4621605127902,141.43283081054688,24374751
2010-04-21,142.48637264263516,144.69200343815572,142.34236094182077,144.29786682128906,20722333
2010-04-22,143.3277006074719,146.23064327341655,141.7587490542894,143.07757568359375,23026162
2010-04-23,143.8583056449521,148.52725035981157,143.25194241448588,148.20892333984375,26901132
2010-04-26,148.57268469299996,151.3088688145014,145.28320049844405,145.54847717285156,31212868
2010-04-27,145.22258071769647,145.52575590381562,141.75875555508412,143.54751586914062,15461006
2010-04-28,141.17516005584037,142.6379986737862,138.4617092981684,139.3788299560547,21680010
2010-04-29,139.9169303287612,144.16143337719046,139.9169303287612,143.56265258789062,25572305
2010-04-30,144.44947741565818,146.19275706561513,143.5778375906797,144.3054656982422,18736987
2010-05-03,143.4187023638466,145.21503262047364,141.43287962016248,142.02407836914062,16415217
2010-05-04,142.7819999374899,143.49446358622785,137.79470350878978,138.73455810546875,19283099
2010-05-05,137.94630754506522,137.94630754506522,134.49764635792033,136.9837188720703,29067978
2010-05-06,136.19544386446745,138.33284746389717,135.06609684745314,136.8624267578125,17990027
2010-05-07,134.1413880443718,135.21767193627335,131.7311131081917,132.88319396972656,28132593
2010-05-10,134.89934739440855,140.67489138737804,134.70227270692968,139.780517578125,24365786
2010-05-11,139.76535155445453,141.58441523421953,137.64309999316072,138.94676208496094,22917191
2010-05-12,139.7653514265543,139.97757785467763,137.3550764687664,138.66632080078125,19398219
2010-05-13,139.76538624031704,141.58445037152293,139.6213745052275,140.52333068847656,16082291
2010-05-14,140.227705281135,140.227705281135,137.18834567205462,138.10545349121094,14222945
2010-05-17,136.12723426291683,137.173202194539,133.86098313295375,136.59716796875,18725272
2010-05-18,136.77145264213183,136.77145264213183,133.77756153234265,134.793212890625,20063351
2010-05-19,133.39858951371997,134.0049397995746,124.0000455860456,124.97779846191406,67251569
2010-05-20,125.97072866619625,128.39615550072006,123.62108608372205,126.06925964355469,35100450
2010-05-21,123.23455712369159,127.19103744084363,122.3780690405787,126.5467758178711,24783665
2010-05-24,127.25926952790124,143.9492506754525,125.06122036699743,126.13750457763672,23350662
2010-05-25,124.47002119340223,124.47002119340223,121.62772305377064,122.6888427734375,24955590
2010-05-26,125.06879356442606,128.96464163422706,124.48517712263644,128.50987243652344,23904468
2010-05-27,128.09296653995864,131.12474339585577,126.31178873180252,129.8817138671875,32111810
2010-05-28,130.68517731857017,132.9438588661114,128.6463044921749,131.08688354492188,22395593
2010-05-31,131.08686688908313,132.5572875615815,129.97269710419678,131.62501525878906,20342899
2010-06-01,129.10106314282834,131.0944550689874,126.28908162263834,127.0242919921875,21329060
2010-06-02,128.0475210084761,128.83578168102787,124.75803610924864,127.68370056152344,18265478
2010-06-03,129.06315422394871,130.2228046991279,128.57806884515477,129.47244262695312,13719871
2010-06-04,129.47245340006532,131.6705022714436,129.47245340006532,131.25363159179688,16301560
2010-06-07,107.9316101087086,128.85094157150255,107.9316101087086,127.63064575195312,19093156
2010-06-08,127.18343864579931,128.04749613712605,123.25727508794654,123.92427062988281,25602786
2010-06-09,123.84850490231743,127.3199002265122,123.84850490231743,124.99300384521484,19901849
2010-06-10,126.56973481746816,128.32337144147093,125.21604270539582,127.5311508178711,19786860
2010-06-11,129.98471470063538,130.75385265624445,127.95417655528166,130.13853454589844,20875123
2010-06-14,131.522958781569,132.138276743,129.73855864001368,131.31529235839844,15172569
2010-06-15,131.3153024128951,133.03817476315197,129.107875038139,132.3074951171875,14494936
2010-06-16,133.6765637021953,135.35328366648983,132.29980207151934,134.8687286376953,20689289
2010-06-17,135.06101907497762,137.1992243147887,130.13851370963744,135.96090698242188,64208595
2010-06-18,134.76875909560806,136.1378266761042,132.91513642674386,133.7227325439453,17517863
2010-06-21,135.19948079853998,139.98352957743103,134.69184305059204,138.41448974609375,28587960
2010-06-22,137.98375486814518,139.3374338805751,136.6608269110345,137.153076171875,18128176
2010-06-23,136.30702864809294,139.16823245853146,135.6071129062214,138.50677490234375,17704599
2010-06-24,138.16835627332415,138.752897449316,135.08409761445276,136.24549865722656,19182339
2010-06-25,135.36871696782922,135.66867540086102,130.99230600171,131.76144409179688,20190291
2010-06-28,131.06148832800017,134.13035844410663,131.06148832800017,133.8534698486328,13951817
2010-06-29,133.8534876847688,133.8534876847688,129.46939615597623,130.49234008789062,18167385
2010-06-30,128.61564025730536,132.96127334910219,128.3310574214462,132.5536346435547,22055880
2010-07-01,131.43838799287175,131.83063826589887,128.68486440368156,129.43861389160156,18383568
2010-07-02,129.60013899106175,130.4077350934791,128.16953059095496,129.22325134277344,17940307
2010-07-05,128.90790393356565,130.09238767870673,128.29259876783541,129.307861328125,8028047
2010-07-06,129.13867219747425,132.5536538118535,128.97714520794534,132.1075439453125,12755105
2010-07-07,131.83064093312112,131.99986212463196,129.86933788924756,130.16929626464844,11463655
2010-07-08,131.98447744215903,133.18433679744282,131.53068630147362,132.64593505859375,9200433
2010-07-09,133.2919923232733,135.21483687570813,133.21507595922344,134.73797607421875,17697773
2010-07-12,136.12247715878874,137.67612884428107,134.7610906278249,137.4376983642578,22222106
2010-07-13,132.33058106060415,138.59907191171112,132.33058106060415,138.3606414794922,13894930
2010-07-14,138.90674163253627,140.66807243434278,136.3147320377439,137.09925842285156,14287663
2010-07-15,136.76082904790366,138.57600647852124,135.10717859009566,135.6532745361328,15469250
2010-07-16,136.29166331904605,139.21439528139555,136.29166331904605,138.81443786621094,16519811
2010-07-19,137.69149814458734,139.11441242553434,136.44548637127795,138.45294189453125,17190327
2010-07-20,138.4529497039649,139.38361470395918,135.83018882084878,136.42242431640625,8007180
2010-07-21,137.5222843950247,139.1990045861846,137.00695242250606,138.84519958496094,16133474
2010-07-22,138.29144793769893,139.9835568812189,136.32245031756904,139.78358459472656,15511622
2010-07-23,140.75264305824066,141.64484961701015,139.2758953877158,140.4219207763672,26262956
2010-07-26,141.3372164327801,142.50629881637093,140.16812113942555,141.01417541503906,11298100
2010-07-27,140.79883993632586,142.67554553497294,138.1760660486018,142.16790771484375,22837809
2010-07-28,142.2909855991399,142.36788908033566,138.8298512839579,139.80665588378906,11353760
2010-07-29,138.75293435752283,143.3677757900337,138.4914212112126,142.86013793945312,27850388
2010-07-30,142.59861083972342,143.29083240577873,138.44525562386275,139.19900512695312,13123495
2010-08-02,140.2911786405227,144.89064349520172,140.1373588039246,144.52914428710938,35178759
2010-08-03,145.27521847783962,148.59790782288917,145.05985778790452,147.9825897216797,36030291
2010-08-04,148.1440872715431,149.67466863634579,147.22111675791956,149.09780883789062,24579956
2010-08-05,149.674717786591,149.674717786591,146.54431897622845,146.96734619140625,16833531
2010-08-06,146.90579554002386,148.1364188021717,144.99063203685438,146.1058807373047,19349913
2010-08-09,145.98282739922513,151.05915328483644,145.98282739922513,150.76687622070312,26036059
2010-08-10,150.31306152478632,153.05889050582246,148.69786952532533,152.12054443359375,32136478
2010-08-11,150.76686888524247,153.6742251265257,148.0902617601315,149.49778747558594,24126129
2010-08-12,148.29023649308198,151.9821191358059,147.21344599546345,148.18255615234375,27957517
2010-08-13,149.1978339897668,151.48987223922282,148.18255850106706,150.1977081298828,18807717
2010-08-16,150.29001222047455,150.9053173945461,146.6135179757347,147.2288360595703,17307295
2010-08-17,147.29037660239936,149.1824576028042,146.52123861409325,147.5057373046875,17407340
2010-08-18,147.98255467593484,150.2899808718122,146.30583487108098,148.89013671875,18024050
2010-08-19,149.52855223785159,156.27391671085562,149.52855223785159,155.82781982421875,31322681
2010-08-20,154.6818096555615,155.35865572689517,152.5359097811543,152.90509033203125,13829926
2010-08-23,152.82819226122234,156.39699365477017,151.52065248238011,155.5970916748047,21478556
2010-08-24,154.75104202563136,157.5199544338343,153.5204185919076,154.08958435058594,20445177
2010-08-25,152.78971033597463,154.42029092356182,151.00529700661988,151.41294860839844,21110166
2010-08-26,151.5206776459664,153.05895391900532,150.15160969739898,151.29762268066406,23825681
2010-08-27,152.28975689097004,152.28975689097004,146.63657182707337,147.28265380859375,15228587
2010-08-30,148.73631691219907,150.8975916997707,147.39031937375074,148.89013671875,9860900
2010-08-31,147.98261287180156,150.98226165120786,147.6749602279504,150.39772033691406,16651382
2010-09-01,150.80536415935876,154.243428721657,150.80536415935876,153.05894470214844,23069332
2010-09-02,154.32026767766087,155.10479388193588,153.13579706317626,154.42794799804688,13626541
2010-09-03,154.44338847479045,155.3586650516014,152.93587639117817,153.98190307617188,10505940
2010-09-06,153.98186038295106,161.211779077044,153.98186038295106,159.89654541015625,26211993
2010-09-07,159.9811840556648,161.3887098596884,158.92746325755778,159.7658233642578,20394539
2010-09-08,158.45058996622916,160.1734625931526,157.48916107150907,158.07371520996094,14453131
2010-09-09,159.21972027210745,162.1347707851853,158.76592916049105,161.5502166748047,19452207
2010-09-13,162.90391681019005,169.77233758075496,162.30398714111138,168.90321350097656,27495979
2010-09-14,169.518515339537,171.78748387536757,167.98023946357586,169.2339324951172,21616595
2010-09-15,169.287762526671,170.733746355839,168.46477804243673,169.81077575683594,18293869
2010-09-16,169.2108597285068,172.90272951082946,168.74937439199593,169.75694274902344,24753080
2010-09-17,169.97998278318858,172.59506182473234,169.97998278318858,171.39520263671875,17280802
2010-09-20,171.51828298298793,174.4025697230678,169.98000704942385,173.47959899902344,17251201
2010-09-21,173.51806159488405,174.2564356109178,169.98770558613046,173.38729858398438,26808430
2010-09-22,172.97191970075056,174.8870828478618,171.36442199429962,173.22573852539062,24402427
2010-09-23,172.90274043933215,176.59461045500342,166.1881522517602,169.24932861328125,11279944
2010-09-24,169.21088253971124,172.05669840703388,167.43416310913796,171.37985229492188,16652922
2010-09-27,171.9105203367888,173.95643373387202,170.74911934143427,171.5336456298828,16681098
2010-09-28,171.05681195028015,171.53367284612702,168.90321787955952,170.85682678222656,19714788
2010-09-29,171.53366232924444,171.8259393886427,168.54170830940873,169.5108184814453,13729534
2010-09-30,169.2108445895327,172.44122874632816,168.79551169676122,171.20291137695312,21504956
2010-10-01,171.83364136153972,175.03326199118533,171.6721143857358,174.6256103515625,17485077
2010-10-04,175.51780079422716,179.9788082978158,175.51780079422716,177.84829711914062,17268410
2010-10-05,176.6022956309152,178.2559460608465,175.63318544945267,176.5484619140625,13780156
2010-10-06,178.59435579304812,178.9327723152591,175.1332225650856,176.771484375,13735144
2010-10-07,176.74841788657912,177.05607044969253,174.1179632979214,174.99478149414062,12894359
2010-10-08,175.51778412877908,175.65622841931074,172.01819286417546,173.2411346435547,15274957
2010-10-11,173.8257048198651,176.27925718746022,172.8489004045846,174.2256622314453,12662463
2010-10-12,174.74866854041883,176.08697212563064,173.73340597745886,175.16400146484375,13894050
2010-10-13,175.16402042804557,179.17893161833396,174.77945142937838,178.24058532714844,23386759
2010-10-14,179.20201698080902,179.8557804154715,172.9412067357912,175.31785583496094,15209738
2010-10-15,175.517778256997,175.82543079124594,171.9951173650728,173.002685546875,12092877
2010-10-18,172.28742350490484,172.90272867744417,168.29558246369683,171.69517517089844,31960313
2010-10-19,173.0565607555594,177.5791092682019,171.2875357992697,172.21820068359375,21956495
2010-10-20,171.36443323675195,173.52572113232682,170.40300449113687,171.3490447998047,12450344
2010-10-21,172.44124731699438,174.1102861962889,169.68772368652884,173.76417541503906,20931966
2010-10-22,174.59486093440182,175.21017910011682,171.84133699412635,174.1103057861328,11809754
2010-10-25,175.05633332764594,178.11750966850457,174.59484796508139,175.68702697753906,13466711
2010-10-26,175.671601949389,175.82542175372615,173.36417578672012,174.0025634765625,12090254
2010-10-27,173.41806068984155,173.7180190568482,167.45722243908418,170.2491912841797,19789264
2010-10-28,171.44136812383414,171.9951453575628,165.83433490303986,167.5264434814453,50115582
2010-10-29,168.94934412529034,181.05561721720161,165.21132199197183,178.9020233154297,53175655
2010-11-01,182.47853041044854,191.36210036627435,182.44007222403786,189.5161590576172,52388754
2010-11-02,188.90083627369805,191.7774285049398,186.01656273317676,189.41616821289062,25181574
2010-11-03,191.51589727006092,193.0234089397476,189.66996909219884,190.53909301757812,17747581
2010-11-04,192.1158940072614,195.44627818388662,190.90065893047748,194.75404357910156,16242809
2010-11-08,195.82313220863767,196.59227021247693,191.35442982032393,193.10037231445312,29505399
2010-11-09,192.43888386896677,196.5614747868132,192.00046830566237,195.23086547851562,19700472
2010-11-10,193.82333483327795,194.5770842568096,192.077379753521,193.0849609375,12210517
2010-11-11,193.5156701951251,194.5770850954613,189.53153657411315,190.30067443847656,12496528
2010-11-12,189.67000676239473,189.9622709284972,183.6476272863375,184.66290283203125,15188365
2010-11-15,184.66285172657248,190.26988378684263,184.18597805530254,188.1624298095703,23387001
2010-11-16,189.51615176980312,190.82369132819338,183.6091604648748,184.9474639892578,21744272
2010-11-18,185.6704753569646,185.73969751754242,175.17940637059266,179.11740112304688,39112364
2010-11-19,179.50197735115927,179.97883827441217,175.44860786444698,176.70230102539062,17577142
2010-11-22,177.3483727534355,183.53994763079808,176.15620760546986,181.52481079101562,17846708
2010-11-23,180.2864955883459,180.8095088999172,173.51806068850877,177.97137451171875,20635851
2010-11-24,178.44054827062087,180.73258661241798,171.40291917993704,173.0719451904297,27031867
2010-11-25,174.74864677238975,178.03287739152822,169.61079375305414,171.71054077148438,41819998
2010-11-26,173.67188235655763,177.30222451519276,167.8648763287048,172.9258270263672,30729622
2010-11-29,174.7486692137136,178.94048248032115,174.34101759724285,177.563720703125,20550194
2010-11-30,176.91765030778964,177.93292585129058,173.4642107632629,175.68702697753906,32235126
2010-12-01,176.90226173147633,181.20944952458342,176.10234694348304,179.58656311035156,23061665
2010-12-02,181.82472849747515,184.90129260790826,181.51707595936045,183.2322540283203,21933323
2010-12-03,182.44007384236266,183.16305935181617,179.51734201757213,181.7401580810547,14783175
2010-12-06,182.97845595815656,183.85528709237457,175.85621691573502,177.08685302734375,21383741
2010-12-07,176.70229319843452,176.70229319843452,169.21087271659363,170.82606506347656,34666654
2010-12-08,169.9800024773051,171.28754214957033,166.94189597144666,169.88771057128906,23239832
2010-12-09,169.83386308471262,172.3951086985525,160.7657089306617,162.79623413085938,46268178
2010-12-10,162.59623803543047,173.05654091684355,160.15036734454412,171.84129333496094,37551387
2010-12-13,173.2103830796092,173.29499367385827,167.08033648942688,172.3489532470703,20001096
2010-12-14,173.04117612482753,174.2871878409737,169.72618104110708,172.21051025390625,15565874
2010-12-15,169.51854685996756,170.5491980851886,164.7652611260437,165.93435668945312,26295830
2010-12-16,166.74962347698548,171.07988135968387,164.3037523338144,170.0953826904297,22559251
2010-12-20,169.1647202644405,172.11821631626574,167.3726254072579,169.21856689453125,17667639
2010-12-21,169.62619109540466,175.82545974873247,169.51851075421888,175.11016845703125,22757977
2010-12-22,176.13312668911936,176.13312668911936,172.30279969091117,174.0948944091797,14806913
2010-12-23,175.21015556531023,175.36397540375307,172.71813217513198,173.77186584472656,10596553
2010-12-24,171.82593564105616,173.50265576679394,171.056797731823,172.00283813476562,11189920
2010-12-27,172.01821614476714,174.7486699626707,172.01821614476714,173.1411590576172,8825591
2010-12-28,173.2103856506698,173.2103856506698,170.54916682897223,171.03372192382812,8497280
2010-12-29,171.5182426605107,174.13332146059875,170.6106605894633,173.74105834960938,12598855
2010-12-30,172.76428925261646,175.91777030777038,172.76428925261646,174.87942504882812,20579317
2010-12-31,174.84866829407002,176.625387600096,174.59484940609988,176.1485137939453,10779400
2011-01-03,177.51757216207054,178.19441819130998,175.2024641412517,176.11004638671875,7588053
2011-01-04,176.2408105098816,176.7791993210925,168.91858583391183,169.8338623046875,22965195
2011-01-05,168.78013791292048,169.05702653214107,163.82688091513933,164.49603271484375,29191800
2011-01-06,165.24977598896206,165.8958580160425,161.09642103719028,162.05015563964844,26233795
2011-01-07,160.75031079310753,165.81124795888843,160.1349927306098,161.39639282226562,33983851
2011-01-10,160.63494232343186,162.8808410723866,154.61257610478867,155.9816436767578,35807255
2011-01-11,156.2893044370456,160.38882605768075,154.25108495642786,157.35841369628906,34005752
2011-01-12,158.5659341437422,165.24975689810296,157.57374147026673,164.51138305664062,37752814
2011-01-13,164.28837299177374,164.28837299177374,156.2893021250433,157.8275909423828,28324004
2011-01-14,158.4428913786755,162.1040101334448,154.59718881557635,155.24327087402344,24588250
2011-01-17,155.38172095921075,156.8892329085096,152.75126604023728,154.0049591064453,18208866
2011-01-18,155.36632874735974,157.51992254787677,153.84342852209767,155.58937072753906,19144675
2011-01-19,156.27394944528666,159.21207028451207,156.27394944528666,157.4045867919922,18071174
2011-01-20,156.7046416563799,164.0576172387252,154.8202421268633,161.60406494140625,19835882
2011-01-21,160.46576841104792,164.45761032994574,159.12746452029222,163.91151428222656,23706760
2011-01-24,163.82687903391428,167.96484565549406,163.05772821075544,166.73422241210938,47351716
2011-01-25,167.3649228885168,167.82640823745243,158.9043796743038,159.65814208984375,38448415
2011-01-27,161.05795541657946,161.51944071322413,154.8279232765207,156.0354766845703,33297764
2011-01-28,156.59697656887377,158.4736820618289,152.78973186161866,156.66619873046875,26788206
2011-01-31,153.6588588998332,158.44290818008824,152.52822163253924,157.1507568359375,21694667
2011-02-01,156.76615913932616,156.90460343979908,152.28976330125468,153.02813720703125,25132965
2011-02-02,156.1354880972262,157.4968615515643,154.15879651107468,155.5817108154297,17083781
2011-02-03,155.36634826765894,159.6273840003274,154.32800296687012,157.98141479492188,16068459
2011-02-04,156.9046076654185,159.1735760661287,152.32053136910667,153.21273803710938,19283671
2011-02-07,151.5206482996766,153.05892427478452,149.8823732837886,150.55921936035156,18498540
2011-02-08,151.65909975158849,151.674475282594,145.64441407020362,146.37510681152344,38561842
2011-02-09,146.29048071568198,151.65908369196023,144.56760811026277,147.2211456298828,36993066
2011-02-10,147.2596075269533,149.94389617293638,146.90580251542613,147.65187072753906,18715125
2011-02-11,147.85183435025698,155.05867134719307,147.85183435025698,153.91265869140625,22211942
2011-02-14,155.3817418376421,159.7273886740089,155.3817418376421,159.09669494628906,19183411
2011-02-15,159.0581839823766,164.00375893236676,159.0581839823766,162.16551208496094,26982532
2011-02-16,160.98103366383657,162.9961830461645,160.63492293037163,161.6117401123047,9236227
2011-02-17,161.1887267323468,164.59601355699522,159.38893785538764,162.59625244140625,21857841
2011-02-18,163.36539995459168,165.05750859270935,157.3045754078621,157.8583526611328,35232444
2011-02-21,157.85834398464996,160.25806249661136,154.7664039441473,159.6196746826172,15063350
2011-02-22,157.93525246488164,158.90436255641453,156.15853341738728,157.9967803955078,14653699
2011-02-23,156.7507758737513,158.41212044400714,154.30491787818426,154.7664031982422,14496949
2011-02-24,154.3203051482244,154.44337393415998,145.16754024183524,146.34432983398438,43431096
2011-02-25,149.1209244059802,153.2973494737668,148.62867507803352,151.71292114257812,26761487
2011-02-28,153.48965565053123,154.82026523002975,147.99799612007902,149.343994140625,36869228
2011-03-01,151.351431205909,158.4428938829447,150.48998844769736,157.8583526611328,26361698
2011-03-03,155.21251688226334,159.31973280246768,153.22044977199087,156.8354034423828,34432750
2011-03-04,158.44288691458434,160.9733684506576,155.58169595867878,156.3431396484375,18568319
2011-03-07,155.0202260953578,155.98165502638048,152.59743758255507,155.38941955566406,17101144
2011-03-08,156.1355030083104,157.60455695326775,154.61260242816653,156.99693298339844,15472270
2011-03-09,158.39673748468044,159.98116560896918,157.104573485232,159.25047302246094,17054807
2011-03-10,158.13520607375716,158.13520607375716,155.0740305135227,156.06622314453125,10533066
2011-03-11,154.90486903119177,157.67376842658362,153.8511481587104,154.8894805908203,14535279
2011-03-14,154.88942372134434,157.15069740070658,154.7432852305338,156.76612854003906,10378098
2011-03-15,152.28977586169003,154.35875923032827,151.63599958019014,153.30503845214844,21340874
2011-03-16,154.13570425162328,159.04280851051288,154.13570425162328,158.05062866210938,22552920
2011-03-17,156.9046331015269,158.04296459595398,154.47415025515946,155.65093994140625,31400270
2011-03-18,155.91241492366677,157.21226028557788,153.83573745028505,154.22030639648438,11674993
2011-03-21,155.35094608338127,155.80473718928357,153.36656047641554,154.3818359375,10459223
2011-03-22,155.05095412283129,155.88931399968573,153.41267963726645,154.46640014648438,18005289
2011-03-23,154.08955357181193,160.54264077173568,153.7126788513849,160.11961364746094,28313109
2011-03-24,160.9733810351486,163.81919668482064,160.9733810351486,161.996337890625,16644864
2011-03-25,164.7190797738372,168.7493791347481,162.92698500339748,167.841796875,21900758
2011-03-28,165.98049782616135,171.59521318173296,165.83435927694526,169.3339385986328,31802133
2011-03-29,169.21085802399497,170.74913385702624,168.13405461306195,169.13394165039062,19421473
2011-03-30,169.97999365640098,171.58750453188634,169.29546634200128,170.61068725585938,14285155
2011-03-31,171.08756044162706,173.51804293001845,168.84166175506508,171.70286560058594,39723216
2011-04-01,171.48750476061034,172.1335867956964,168.44171711612685,169.65695190429688,17402236
2011-04-04,170.0184678102917,173.35653283330157,170.0184678102917,172.16436767578125,16912005
2011-04-05,173.0181144515726,173.5026695655595,169.84156353140978,170.94143676757812,14686804
2011-04-06,170.5645564642104,172.21051270021218,168.59554628302,169.28778076171875,17832133
2011-04-07,169.2108514707338,171.42597323202574,168.2417284384266,169.82615661621094,15195235
2011-04-08,169.90307542829407,172.11819722141666,167.8802445644984,168.9493408203125,18281763
2011-04-11,166.9034278510457,170.50300561793418,166.9034278510457,169.3031463623047,17869494
2011-04-13,168.25712086346257,173.82569581982415,167.0880255676371,173.3411407470703,27268070
2011-04-15,172.27972352204876,175.2101494873388,168.941658861821,169.4723663330078,32808215
2011-04-18,169.53391158560365,171.87978369544786,166.37273618306654,166.76499938964844,32784537
2011-04-19,166.7496153394344,168.2109748322706,164.90367396978422,167.68026733398438,19193520
2011-04-20,169.78004718404898,171.34908720162767,168.4417434094391,171.11065673828125,13743636
2011-04-21,172.54895104013283,172.89506186827793,170.97991098261974,172.05670166015625,13116108
2011-04-25,171.44138217590108,173.2642409928431,170.6107033474582,171.15679931640625,15140691
2011-04-26,172.05667640902018,173.11809139940195,168.92627806422044,172.51046752929688,22127270
2011-04-27,173.51036041866752,173.59497101587135,169.51851919620913,170.26458740234375,24888902
2011-04-28,171.97976601665331,173.5103606194441,166.90344001290018,171.90286254882812,63212490
2011-04-29,171.67210046867984,173.51804175255774,169.68771487948746,171.4336700439453,26534112
2011-05-02,171.33368379514826,172.02590532119794,168.34941119448158,168.9493408203125,12139336
2011-05-03,168.59555095185385,170.4337981800011,162.50396224724736,164.25759887695312,34744754
2011-05-04,163.0192843108306,164.9036709235885,160.4118992747352,162.6962432861328,23253048
2011-05-05,162.5962699427407,164.18069831336572,157.05845841062228,158.44290161132812,26183866
2011-05-06,158.90439715704545,167.4726216590159,158.83517499257746,166.7188720703125,31367308
2011-05-09,168.19558069753492,168.19558069753492,164.01914332910957,166.59576416015625,11077110
2011-05-10,166.2881328898853,166.90343808396347,164.01916432603142,165.5497589111328,11888525
2011-05-11,165.82663544503376,166.3958010993914,163.21155628651871,165.6266632080078,11803324
2011-05-12,164.59600304028757,165.97276469464964,161.51943873688853,161.8501739501953,12828887
2011-05-13,162.28856452972562,168.65705332655844,160.79644134577822,165.06517028808594,23128644
2011-05-16,163.59613665528897,164.10377441212492,162.28859698473266,162.7116241455078,10263132
2011-05-17,162.7500757650554,163.48075549242245,157.36609745697146,159.94271850585938,19981456
2011-05-18,160.75031975828128,161.7886521025901,157.6814493132724,158.7890167236328,17008519
2011-05-19,160.59650348400854,160.59650348400854,157.48149322171432,158.4582977294922,9594981
2011-05-20,159.6734892494254,162.15012383640112,157.67372836585295,160.47340393066406,14523778
2011-05-23,159.50432152298367,159.50432152298367,154.28955088234613,154.8894805908203,20182530
2011-05-24,155.0740753979802,158.58904300260187,155.0740753979802,156.72003173828125,14121596
2011-05-25,157.0584412123216,157.0584412123216,154.35105722792895,155.17404174804688,22213400
2011-05-26,156.6892686911515,158.7505709210453,155.96628310349735,157.86605834960938,24824552
2011-05-27,158.4813438590736,165.1651803791624,158.47366254965962,164.31143188476562,21147302
2011-05-30,164.9036839884108,166.6496393400695,164.61140690818073,165.78050231933594,12552633
2011-05-31,166.2573719830474,168.41096602151174,165.0728881615214,167.07266235351562,12853775
2011-06-01,166.7188554895203,167.44184103430842,164.44988690909108,166.8572998046875,14988578
2011-06-02,165.45471897148948,165.5014748423349,162.44701515888528,163.45997619628906,16240906
2011-06-03,164.41060872158337,166.4365310059758,162.24444496727708,163.22622680664062,12010872
2011-06-06,162.07301138265447,165.81315417742064,161.37172561712197,164.8859100341797,8044250
2011-06-07,163.67817390298373,165.77421043616928,163.63921285202213,164.58982849121094,7526590
2011-06-08,163.65478869624908,165.56382787059533,162.07302757994913,163.48336791992188,7484163
2011-06-09,162.85224359197656,164.7067323046783,162.46264611205703,163.31976318359375,11750871
2011-06-10,163.63141198437722,163.63141198437722,159.984767608979,161.43408203125,11831715
2011-06-13,160.54579023622716,163.00805257790688,160.19514080938774,162.01068115234375,10309585
2011-06-14,162.22885234202198,164.79242137478545,162.22885234202198,164.49632263183594,13611840
2011-06-15,163.78725335770073,164.22360664198,160.07827659845938,160.69383239746094,10068916
2011-06-16,158.95623206420314,162.6807985892208,158.6601333152341,160.28086853027344,17063546
2011-06-17,162.05744144908417,162.05744144908417,159.5873840154325,160.85748291015625,8868018
2011-06-20,160.65487215856592,162.35352942991238,157.39783831815015,159.71205139160156,17278728
2011-06-21,160.0003454387817,161.76132196999643,156.3692779043299,158.02117919921875,25492472
2011-06-22,159.6341273840827,160.10944171392404,157.39783643547514,158.78480529785156,15268286
2011-06-23,158.33287409143063,161.44187183280172,158.0757494617434,160.54580688476562,16378895
2011-06-24,161.3093997714132,166.57677919990076,161.2938231991577,165.82875061035156,30416006
2011-06-27,164.31708698694754,169.04680607862963,163.19503767801604,168.21307373046875,31891365
2011-06-28,168.3065864488208,170.17666442705965,167.27025396695055,168.82086181640625,18590737
2011-06-29,169.84940068397867,170.5974292648942,168.85202924275794,169.43643188476562,23534104
2011-06-30,170.02084756578762,171.3454841668727,167.83909393332792,170.58966064453125,30256534
2011-07-01,173.1921700686681,173.1921700686681,169.56890991684085,170.62081909179688,15351198
2011-07-04,172.98178068982006,173.26228979090848,170.6831571789196,171.38442993164062,9907144
2011-07-05,171.71167675651415,171.71167675651415,169.5610897707643,171.0026092529297,11382959
2011-07-06,170.22345129570783,171.42340993381725,166.99757011942185,167.59754943847656,13279783
2011-07-07,168.21308170317573,170.5194997915738,165.68069216164534,169.8415985107422,21552668
2011-07-08,170.04419343742873,170.62078813320892,164.6833157952461,165.22096252441406,22574838
2011-07-11,165.1898019555538,165.1898019555538,163.07818892319787,164.25477600097656,11887007
2011-07-12,162.38468731733147,166.03912628614262,161.62106910519364,163.10934448242188,14191237
2011-07-13,163.63141228602524,165.23655783078095,163.06259927193335,164.25477600097656,7449898
2011-07-14,163.6158539990922,168.929976967802,163.0392460949261,166.6001739501953,13062016
2011-07-15,165.9690085094259,167.37155396908668,164.8002031882867,165.29110717773438,8569632
2011-07-18,164.72229147437983,165.11188888219914,162.36910429801577,163.2574005126953,8912761
2011-07-19,163.00024935683473,166.73259718525097,162.2444260013951,165.47030639648438,9965032
2011-07-20,166.12485498510304,166.59237454106452,162.43146749514526,162.90676879882812,9530686
2011-07-21,162.38468024096872,164.27812949927295,161.64444653645648,162.2288360595703,7679364
2011-07-22,163.31973136247223,166.74819898061844,163.07818332612752,166.44430541992188,14966286
2011-07-25,166.42093991325623,168.9299582698927,164.6443735955115,167.5040283203125,11831814
2011-07-26,167.67545287214529,168.25985555130706,160.94318213732768,162.00289916992188,23305628
2011-07-27,162.29898118451567,163.03922804904815,158.7458485490258,159.7198486328125,14696011
2011-07-28,157.72509025535535,161.37172120647844,157.39782531752715,158.55882263183594,21029090
2011-07-29,157.55365826015606,163.78724256566966,156.400455757274,161.5665283203125,35954077
2011-08-01,164.06777940172663,165.14307307258125,161.8704361808509,162.90676879882812,11485974
2011-08-02,162.05744663146973,162.28341812246273,158.66014483312327,159.22117614746094,16090563
2011-08-03,157.77963751625532,157.77963751625532,154.3355802515187,156.14332580566406,21226898
2011-08-04,157.1640928865505,158.17705413911858,154.28106642429188,154.77195739746094,14940392
2011-08-05,151.16424651427894,152.6758932953484,148.04745428593014,150.61880493164062,25544739
2011-08-08,146.49686643531064,151.94344845733877,145.46053391877572,148.18772888183594,18978404
2011-08-09,142.59310720679466,150.79026997893695,141.88403954189667,146.51246643066406,29403467
2011-08-10,150.2214409095483,151.35127215719385,149.2474407879353,150.18247985839844,18588124
2011-08-11,149.37209311764263,151.1408776081456,146.4890671251552,146.88645935058594,21163912
2011-08-12,149.49677635884282,150.3850595087821,145.25015277680498,146.4812774658203,26148012
2011-08-16,149.93312873178667,150.49414691178148,145.34365056013752,145.80337524414062,16205882
2011-08-17,145.39819273537864,146.80073810313348,141.2918239650358,141.78271484375,32595326
2011-08-18,142.59306035980313,142.59306035980313,134.2244926194619,134.6140899658203,43620357
2011-08-19,131.68433097734243,133.00117258690221,128.31040090310663,129.68179321289062,47374162
2011-08-22,130.1259106527623,133.64009479731865,128.6376484753525,132.6193389892578,20057889
2011-08-23,133.5543921316476,134.5361870005657,129.61166224103516,132.79856872558594,25564489
2011-08-24,131.68432384494878,133.85828226073428,129.95450043961105,131.2479705810547,16749628
2011-08-25,132.44792432564935,133.08686454880754,128.95712449425054,129.9467010498047,31804679
2011-08-26,129.74411406532465,130.4064256844037,126.83770376195218,127.8272933959961,19450365
2011-08-29,130.12589647831663,134.5984904264042,130.12589647831663,133.71800231933594,16352996
2011-08-30,135.58030928493997,138.1984026811262,134.02190665728432,136.08677673339844,19674077
2011-09-02,138.93087685701622,140.20875753769855,136.53874145459062,138.2529754638672,38295103
2011-09-05,136.6712000666414,138.5724444980969,134.86346739258528,137.6374053955078,18440438
2011-09-06,136.35953126614993,139.67111625798185,133.28949434847925,138.5802459716797,28641646
2011-09-07,139.32044171948846,141.27622333586268,138.71266774783837,139.84249877929688,18460090
2011-09-08,140.55159605239137,144.61900432285603,137.76206843482663,143.2086639404297,23734656
2011-09-09,144.26836388934439,144.26836388934439,139.27371149508053,139.75682067871094,17818630
2011-09-12,137.1854444061906,137.76203907949792,132.985564222573,134.38812255859375,20189950
2011-09-13,135.9699062306967,137.19323600662,131.2168024271272,132.8375244140625,14670975
2011-09-14,133.53105697453233,135.36996924204178,130.91294969209684,134.65310668945312,22201311
2011-09-15,136.35952886473228,137.51273158627004,132.60379576650914,136.54653930664062,15777349
2011-09-16,138.85293495746532,139.46850380979745,135.73614272711654,137.74647521972656,34330356
2011-09-19,136.78026809846608,136.78026809846608,133.39855648859398,133.94398498535156,11492277
2011-09-20,134.37257649869852,138.35428136087455,134.03752972453825,137.5049591064453,14962002
2011-09-21,138.21400861140438,141.0035361725638,136.6867851039766,140.4425048828125,17767211
2011-09-22,137.15427818697654,137.69970664106975,133.04789666100118,134.38812255859375,16171727
2011-09-23,132.19860005999425,134.9413717415677,130.64800515468298,131.48953247070312,16569982
2011-09-26,131.52845466927823,136.28935246348397,129.81422123984623,133.71800231933594,22269373
2011-09-27,136.28159218022608,139.84251962920362,136.149132459053,138.08154296875,16565763
2011-09-28,138.77505124321996,139.0088175913946,133.64793818084902,135.3855438232422,17561780
2011-09-29,134.3570019317903,139.58540835936216,133.72585635176344,138.80621337890625,25041192
2011-09-30,138.57243160252943,138.57243160252943,134.95695351230654,136.42184448242188,20190109
2011-10-03,134.02190882627986,134.02190882627986,130.28956082595013,130.76486206054688,14760988
2011-10-04,129.97013120357096,131.6064433822262,123.29240965571314,124.81963348388672,32054121
2011-10-05,124.8273800656644,125.29489951866522,118.65612851747953,121.43787384033203,46823914
2011-10-07,127.33637565067933,129.59605066118104,127.00912382831424,128.48179626464844,34183363
2011-10-10,128.55197393774725,132.12069687294664,127.18838926696569,131.31813049316406,17562314
2011-10-11,132.7752139607835,134.177772629835,129.20649137420986,129.73634338378906,16706844
2011-10-12,130.90510942624434,134.54397163957603,129.93112253495173,133.97515869140625,22795839
2011-10-13,136.43745501704385,138.5101203566761,134.9569741693487,137.1153564453125,32000985
2011-10-14,136.67119046938328,140.25550241808986,135.90757220422554,138.7594451904297,18327496
2011-10-17,139.4762560154531,140.73855967485252,138.24513165010555,140.0762481689453,14377132
2011-10-18,138.38544852381838,138.3932433508442,134.96477500210415,136.59329223632812,14456079
2011-10-19,138.38543874558994,141.4866418472372,138.38543874558994,140.90225219726562,14040647
2011-10-20,137.97243431534025,138.22179025048493,135.6036837171236,136.83480834960938,14801732
2011-10-21,137.1387013616009,137.6529767231332,135.04266502530132,135.666015625,10742424
2011-10-24,137.8867242661312,139.86589045781747,134.18554263153086,135.3387451171875,17946791
2011-10-25,136.98287245611397,138.9932051755028,132.87650316656246,136.88937377929688,41863701
2011-10-28,142.0710465166593,145.70989651627542,142.0476620369148,145.4527587890625,37484238
2011-10-31,145.70987301316916,148.61628349524796,143.61383663635468,145.10989379882812,29742339
2011-11-01,143.05282044412783,143.9177322605392,139.08670565760707,139.47630310058594,29988117
2011-11-02,138.02699604072288,140.87106118227356,133.89725546610404,137.91790771484375,24366930
2011-11-03,137.138701904053,138.94643434460858,135.43226295545668,136.83480834960938,26032380
2011-11-04,138.63475803166716,139.00877885308853,137.02181776159821,137.80880737304688,17798830
2011-11-08,137.8399943784594,138.22959183035317,135.68162527968212,137.34130859375,14542528
2011-11-09,138.1906368632308,138.59582398561452,133.60117109223285,134.35699462890625,30353092
2011-11-11,133.4375346990105,133.55440477559665,127.27407680148445,127.94418334960938,45793786
2011-11-14,130.57787982146868,130.8194278792652,126.81435208549524,127.94418334960938,29633483
2011-11-15,127.63248940696865,128.24805824008558,121.98330775285446,123.08976745605469,24873563
2011-11-16,122.64563317752038,124.82738637562241,120.55737864331894,122.9339370727539,28535793
2011-11-17,123.19105924797118,124.49232416344122,120.65088801553718,121.27423858642578,23036904
2011-11-18,119.99635798223062,120.50283849449212,116.56789061130975,120.01194763183594,28100193
2011-11-21,118.88990729913219,119.37300337356989,113.12384215748897,114.01213836669922,26758259
2011-11-22,115.32896691783827,117.19123681229568,114.41729941404279,116.17049407958984,38140432
2011-11-23,115.31338229705291,115.32117712190485,110.64599550277299,113.2485122680664,35767616
2011-11-24,113.13942585445824,114.69781539413222,112.04854271383412,113.77836608886719,29724508
2011-11-25,113.03034898420451,114.4874451823232,111.05897738507133,111.92388916015625,27487955
2011-11-28,113.76277287778336,117.46396753649863,113.45889242005678,116.85619354248047,31005744
2011-11-29,116.95750260902686,117.81461955891218,112.61738023629367,114.37835693359375,47558362
2011-11-30,112.82775993534347,114.42511065406492,109.85122206558381,111.0278091430664,175381222
2011-12-01,117.50295488311475,120.93142299334586,117.36270032068298,118.77304077148438,56778700
2011-12-02,119.26390218728639,123.42482138456566,118.14186596586434,122.75471496582031,38640305
2011-12-05,122.48982379401768,123.15993043877467,120.26132717009204,121.48465728759766,25876042
2011-12-07,122.17810583226367,122.47420453339397,119.15482561806823,119.66129302978516,35551543
2011-12-08,118.20421446323104,119.3184690900376,115.17313897871797,115.99129486083984,39494048
2011-12-09,113.91862994447844,115.6250689841745,112.53166104812412,113.94200134277344,41202469
2011-12-12,115.94452879622101,115.94452879622101,109.7265472542611,110.19405364990234,31186853
2011-12-13,109.08760608021872,111.03559962980147,107.55258786939008,110.09276580810547,32788915
2011-12-14,109.0875953827241,111.73686138050569,108.05905127972268,109.77328491210938,45207921
2011-12-15,108.77592533355423,110.00706307620736,107.3811616502385,108.86943054199219,27702009
2011-12-16,108.96294383590029,111.42520642534981,103.6098601707499,105.34746551513672,42420169
2011-12-19,104.72409585256598,104.72409585256598,99.89307646378239,102.41767120361328,34087234
2011-12-20,103.16570586222883,104.56826439113773,101.00733044738162,101.82549285888672,25864234
2011-12-21,105.3318748301964,110.49015940706808,104.66955662275956,109.45382690429688,43980706
2011-12-22,107.52922125585265,115.47702740479636,106.53184970898232,113.47450256347656,48452464
2011-12-23,113.51344435903887,114.44848340298158,111.31611437648348,112.47711181640625,30488474
2011-12-26,112.36023413459087,114.49523152389612,112.05634058053745,113.70044708251953,14152754
2011-12-27,113.31087570250004,114.3861694692278,112.41479756356026,113.15504455566406,18044147
2011-12-28,112.31349434328558,112.32908399590643,108.20712491296847,108.67464447021484,20522848
2011-12-29,107.74739231918551,109.24344956177234,105.53447267970498,106.89806365966797,26730649
2011-12-30,107.58376354773344,109.05644944252364,106.0643283147291,106.69548034667969,14003913
2012-01-02,107.55257829295755,109.00967427792185,106.76558873358513,108.5499496459961,14927627
2012-01-03,109.86681143349452,113.60695447691582,109.86681143349452,113.10826873779297,18500311
2012-01-04,114.29264183904579,116.72373789975359,113.82512235978925,115.80427551269531,32952243
2012-01-05,116.10036411838436,117.93927565370561,115.16532524134402,116.5834732055664,23203350
2012-01-06,115.63285399020879,118.9054772447856,113.45110079430246,117.14450073242188,22273933
2012-01-09,116.25623405449913,117.65877960231597,113.91863634385905,116.5367431640625,18357806
2012-01-10,116.98868494377703,121.3989482772638,116.88739143042537,120.69766235351562,22240036
2012-01-11,121.25867773650684,123.11316619711013,120.48726462984823,121.5781478881836,27287084
2012-01-12,121.53918836167634,124.17287170922046,120.6353155189453,121.77294158935547,27573436
2012-01-13,122.77030524315643,126.18319631433462,121.67943511958667,123.0274429321289,32983258
2012-01-16,121.86643832954104,124.1105239687744,121.13398635448713,123.36249542236328,27942612
2012-01-17,124.67155072479909,125.35724687603802,122.08461031557783,122.41967010498047,23766616
2012-01-18,121.52359235978889,121.85865214980677,118.7496546048721,119.94181823730469,24342285
2012-01-19,121.63270436951342,124.96767403245707,121.63270436951342,124.23522186279297,24162462
2012-01-20,126.85329269974044,132.71285606554056,126.85329269974044,131.28692626953125,53063989
2012-01-23,131.37264947224838,135.8296681734504,131.37264947224838,133.51544189453125,25234418
2012-01-24,134.02191738740277,139.47629432447442,132.0038030213272,138.39321899414062,46604728
2012-01-25,138.97761897268757,139.47630475188998,135.47124194436475,137.14651489257812,31109006
2012-01-27,138.38541933710056,138.77501674196336,134.66864780085714,138.37762451171875,25271570
2012-01-30,136.67120261305982,137.3335143605694,132.15186430443276,132.80638122558594,24137976
2012-01-31,133.98295318981573,141.32299767722694,133.85828829654793,140.59054565429688,56490241
2012-02-01,141.50221214597218,141.8684381545275,136.8270301928165,138.6815185546875,43818566
2012-02-02,140.0996774066631,142.09442065007002,137.02184560464417,140.62173461914062,46734902
2012-02-03,140.87886594856136,143.17750270147585,139.02437735632972,142.7957000732422,27169367
2012-02-06,144.15148403140375,145.99817755582774,143.26318782617093,144.6267852783203,32126297
2012-02-07,146.4423082071709,147.45526927362178,144.3073108367775,146.138427734375,21908854
2012-02-08,144.60340849226108,144.9072889628068,141.98530200483893,143.44239807128906,123255759
2012-02-09,142.76448603058094,147.22928563733652,142.3047614075708,146.4578857421875,31702544
2012-02-10,145.39818565138884,146.33321149148122,142.7956689442172,145.00079345703125,21887888
2012-02-13,144.77481576857681,147.3929220121844,143.2164263570718,145.65530395507812,26742848
2012-02-14,144.46314194835526,148.04744024641568,144.4163860804014,147.06565856933594,21797572
2012-02-15,148.3747102256069,153.8057150895896,148.3747102256069,152.90185546875,30846134
2012-02-16,152.87850893548148,153.0187635003701,149.76171612288337,150.97726440429688,17470497
2012-02-17,153.4706705501917,155.4186574276341,152.02135628109468,152.97198486328125,23888958
2012-02-21,152.25516132788084,155.6524633396007,152.09931710657102,154.48365783691406,17884201
2012-02-22,154.2810498610844,154.2810498610844,148.2422702053389,149.2474365234375,26260360
2012-02-23,148.35913858287935,149.46559828947295,145.25793609015247,147.10462951660156,31112955
2012-02-24,146.67608281825355,147.09684645612424,143.07619434108256,145.1878204345703,24143553
2012-02-27,145.304682265351,145.304682265351,137.40363302919758,138.29969787597656,27078117
2012-02-28,139.63210675706267,143.34108275362416,139.50744188922712,141.93853759765625,27126286
2012-02-29,142.5931075636486,143.67619613063653,139.84254075596152,141.2373046875,27450786
2012-03-01,140.64510670092957,140.64510670092957,135.59590350223613,137.6841583251953,22889075
2012-03-02,138.85296234884945,142.55414486100324,136.35953330412045,140.67628479003906,23122115
2012-03-05,139.75683161825341,139.75683161825341,135.3543633111661,135.63487243652344,22522533
2012-03-06,135.58029738247924,138.85292037969444,132.46350547935353,132.96998596191406,43440551
2012-03-07,132.61936029840436,135.25305666316177,131.44277320436254,134.04530334472656,33588164
2012-03-09,136.6634028668425,142.92035945645267,136.50757173816245,142.4684295654297,33285477
2012-03-12,147.1124364621679,147.1124364621679,143.22424405813496,144.7670440673828,30684005
2012-03-13,145.75663806323786,146.98776279216105,144.5566664804408,144.9073028564453,15392685
2012-03-14,147.54876792895382,149.23183546331373,147.21372123424615,148.6552276611328,28866101
2012-03-15,148.8266897977813,149.07603269922419,143.93333045250202,144.9618682861328,17542272
2012-03-16,145.8657280545255,148.65524252135066,141.88402373853836,143.01385498046875,26255856
2012-03-19,144.46315573350583,145.01637906306493,139.49187519980887,141.4866180419922,17366497
2012-03-20,141.77493398494178,143.6839731481511,140.2632870745986,141.59571838378906,15039469
2012-03-21,140.58276606045993,146.45790659199056,139.82694262810804,145.56182861328125,19473910
2012-03-22,145.87351210754446,146.45791480250662,139.18021532084327,140.20095825195312,20007922
2012-03-23,141.3151793531074,143.9021193224723,139.80353276291967,141.8995819091797,18745826
2012-03-26,140.83211771325318,141.03470471983474,134.97255338886822,135.9699249267578,21647994
2012-03-27,138.2295668767962,138.4399617566914,132.77519045635412,136.81143188476562,45526915
2012-03-28,136.32053828253817,136.32053828253817,132.88427610589687,133.9206085205078,37140526
2012-03-29,132.61934185204188,135.63484039439314,132.01936268914693,133.35958862304688,46255594
2012-03-30,134.64527189726547,139.35161989964473,134.4972225342303,138.72825622558594,32431927
2012-04-02,138.35424314138768,139.2035651611971,137.30232106908574,138.7672119140625,11001446
2012-04-03,140.41132160699811,143.18527225797897,139.9438021282612,141.5333709716797,17691256
2012-04-04,140.09965090121295,140.38795480718318,137.20103526956316,138.73605346679688,14909625
2012-04-09,136.72573585232163,136.87378523407133,134.6063278654574,135.12059020996094,11466477
2012-04-10,135.71275474412238,136.2971573029421,133.25049271428375,134.6140899658203,20557586
2012-04-11,133.25830684801699,136.35950949839946,132.61935350569627,134.75436401367188,32322361
2012-04-12,135.75951887189143,137.90231094653535,135.59587986775358,137.0373992919922,17417158
2012-04-13,137.917878255566,140.38014026988367,132.54142444685903,134.80108642578125,24283341
2012-04-16,133.73361532182187,136.58547498649773,133.73361532182187,136.14132690429688,20013075
2012-04-17,137.2945591714479,139.15682940868723,132.8531301240676,137.988037109375,39678342
2012-04-18,139.17242332542415,140.0840779463973,136.6400333933608,137.33351135253906,19053287
2012-04-19,137.45035435502814,137.70749199406416,134.98809242082365,136.80361938476562,16033732
2012-04-20,136.04784785101822,136.9828870329589,133.32066549535458,134.18557739257812,16000858
2012-04-23,132.46352232513738,135.34654833592546,130.29735867401936,131.5128936767578,17939993
2012-04-24,132.46352110848454,133.00116787329895,130.64019900327477,132.12066650390625,17862146
2012-04-25,131.6920940907118,133.32062386297434,128.91815671860522,130.65576171875,29238880
2012-04-26,130.92851650908096,131.78563349170648,130.20385925545986,131.131103515625,24080837
2012-04-27,131.76224016875358,136.3595131877407,131.06876226598277,134.15438842773438,80624329
2012-04-30,135.6582521208022,138.5412918153877,135.6582521208022,137.5049591064453,28953732
2012-05-02,138.04257830788183,139.47628996213558,136.64001979813636,137.4581756591797,21254607
2012-05-03,136.37508278021198,137.09194512294673,132.62714513115998,133.64010620117188,25787019
2012-05-04,132.50248817709496,132.95441804165878,127.0480981855854,129.86880493164062,30391718
2012-05-07,127.74939499272095,133.08688921641797,124.20404380883913,132.19081115722656,36282735
2012-05-08,132.69724475147407,133.0868420637097,128.72334955095832,129.3700714111328,21579195
2012-05-09,128.10000368690922,129.03504259677075,126.23772069179073,128.0922088623047,28400064
2012-05-10,128.41169674819747,130.35969692662187,125.69229655551403,126.87667846679688,20493286
2012-05-11,126.07410560620495,128.25585889058698,125.2325652835585,126.72862243652344,15680747
2012-05-14,127.00916441238196,129.33117259972312,124.06379244143211,124.78065490722656,25823094
2012-05-15,123.7676730906371,128.02209129785666,123.26898737806896,127.29744720458984,19189131
2012-05-16,124.51569040685372,125.0065943284289,121.5547426212441,123.798828125,25680253
2012-05-17,124.34426833517433,125.7312370157148,121.64825306104058,122.71575164794922,17934966
2012-05-18,120.01975947290292,126.22994697220386,119.73923729019074,125.48191833496094,24381560
2012-05-21,124.21962895675469,127.60134098017775,124.21962895675469,126.40138244628906,17162794
2012-05-22,127.79614347940343,128.5441721100796,124.42221327623787,124.79623413085938,22998915
2012-05-23,123.5806604710199,125.42735372842093,123.14430725685611,123.62740325927734,14613428
2012-05-24,124.8273892372736,128.72337624615895,123.39366455320443,127.8818359375,16923032
2012-05-25,127.47664451572102,128.47402897876177,125.48969657164737,126.94679260253906,19192052
2012-05-28,127.34419110354273,130.37526645266095,127.3208197063203,130.0324249267578,15097219
2012-05-29,130.51553473285142,131.52070109772086,129.97010616409275,130.70254516601562,14274419
2012-05-30,129.95449362183012,130.50772999779272,126.71303669172336,127.35977172851562,18202316
2012-05-31,127.04166505255353,127.04166505255353,124.2185240592389,124.57638549804688,39922690
2012-06-01,124.69568904787852,126.5724795949086,123.88452747677799,124.32987213134766,22170296
2012-06-04,122.46103116730141,126.42934273592431,122.05545035695276,125.46709442138672,19790419
2012-06-05,126.71561960285118,127.79717277456898,125.20464602698001,125.97604370117188,20350445
2012-06-06,126.76331896464293,128.95026459718244,126.66789370629928,128.5764923095703,28167216
2012-06-07,130.10337585407848,133.2048635848112,129.6262362167874,132.0199432373047,25033805
2012-06-08,132.91859171784284,132.91859171784284,129.30814211379484,131.87681579589844,18841009
2012-06-11,133.37983038170054,134.9544205560198,130.89864018839447,131.4950714111328,18055312
2012-06-12,129.90456849821686,133.8410705739204,129.63417691514283,133.45140075683594,17886242
2012-06-13,133.3957801341115,136.41774133615377,132.83115710974994,135.0896759033203,25697248
2012-06-14,134.7158902130844,135.0339878482959,129.78531680103288,130.23861694335938,19523289
2012-06-15,130.9940850803588,136.07575781239754,130.92251278898044,134.5091094970703,21824440
2012-06-18,136.4654180447049,137.4515325162274,128.8628047658544,129.87277221679688,26764353
2012-06-19,129.30813526732015,131.90066179270127,128.5128846799645,131.50303649902344,16859507
2012-06-20,131.89272157636452,133.50708926478237,131.50305168014825,132.48916625976562,12698994
2012-06-21,132.3301158054698,135.82922960499016,131.6621121506198,135.13735961914062,19538656
2012-06-22,133.43551882891776,135.8292263431043,132.489168104885,135.46340942382812,16548279
2012-06-25,136.13141025323725,138.485366966774,134.07965357142382,134.699951171875,17258890
2012-06-26,134.0001579117271,135.30437013897765,133.3400963544591,134.254638671875,12241757
2012-06-27,135.20098257569987,137.15730081760142,135.08169097127393,135.5906524658203,16390385
2012-06-28,136.7994221259123,138.37402572265165,135.59063539156634,136.2984161376953,21821090
2012-06-29,138.37402067149475,143.93283234045256,138.37402067149475,143.06600952148438,26272482
2012-07-02,143.3046143121393,143.78176742071358,140.61666203401708,142.2548828125,25763358
2012-07-03,143.12963281204122,144.87123397042242,142.82743278885113,143.4000244140625,17527620
2012-07-04,144.57699584011718,145.10186818296472,142.58091387526886,143.59088134765625,19609062
2012-07-05,143.43978767039928,146.94685662559394,142.1912502993783,146.46176147460938,20610463
2012-07-06,146.46175217282334,149.18946784871792,144.95872080918903,148.7282257080078,27997271
2012-07-09,147.83755600078038,149.95292979956986,146.97868845002063,147.91708374023438,26408041
2012-07-10,148.71230314083715,150.30280420294307,148.1397248941681,149.9687957763672,25745714
2012-07-11,148.8713772184082,149.50757238365145,147.99659885515487,148.95884704589844,20032639
2012-07-12,147.6784844705954,148.7123182750097,146.66056155156642,147.57510375976562,17641354
2012-07-13,147.90114522309193,148.95087648282467,146.84345852128806,147.28880310058594,11895856
2012-07-16,147.9170719944689,148.71232262974027,145.841462230226,146.34246826171875,11950724
2012-07-17,147.72623719737808,148.23519877203006,146.07210540572856,146.787841796875,12351042
2012-07-18,146.8275777439674,149.8256718582423,146.8275777439674,149.38034057617188,19347801
2012-07-19,150.62094937856614,152.19553991531865,150.39032159980306,151.23329162597656,17223024
2012-07-20,151.97286841985795,152.21145164363304,148.26699314014607,148.73619079589844,19528844
2012-07-23,147.75800293882614,147.86933908536918,144.6724259524539,145.21319580078125,17632895
2012-07-24,145.3722737026391,146.60491359910893,144.7360651458479,145.74603271484375,11203478
2012-07-25,145.674450514422,146.7082843433856,144.31457700789983,146.00050354003906,11564822
2012-07-26,146.95483368179504,147.1218446174008,143.30461960774682,144.2191619873047,34698053
2012-07-27,148.23516227245125,150.9231140924804,146.65260317477987,147.6387176513672,38883861
2012-07-30,149.98472639155938,154.21547365532146,149.98472639155938,153.40431213378906,40639208
2012-07-31,154.51765155093804,154.79598522910487,151.17758067265248,152.91123962402344,32326305
2012-08-01,151.41618266603317,153.48383694908688,151.41618266603317,152.62496948242188,16975645
2012-08-02,152.35460112858925,153.24529050237416,151.7422588581423,152.51365661621094,13503539
2012-08-03,151.09807525131376,151.41618618537612,148.31469801467895,149.49961853027344,20106465
2012-08-06,151.48775815234083,152.68858955129684,151.12989670034378,151.73428344726562,18837725
2012-08-07,152.68861186674832,155.38451966321142,151.82178881232284,154.96302795410156,21468397
2012-08-08,155.55151551636953,155.86962649270058,152.0603570052318,152.41026306152344,18885493
2012-08-09,153.34069074155485,154.91529442843031,150.91517503983656,151.51956176757812,20166140
2012-08-10,152.2114534107025,152.95898482147746,148.71233953919207,151.8535919189453,24225063
2012-08-13,151.257144366982,151.81382520376434,148.90320066125363,150.93109130859375,19828479
2012-08-14,151.44798080926685,154.82780239124136,151.11397236777134,154.2472686767578,12958462
2012-08-16,154.50178000446286,155.20160544701108,151.5831999692904,152.11602783203125,14593001
2012-08-17,152.32276540953856,154.12004137502265,151.45594252303877,153.03053283691406,16247143
2012-08-21,153.64290300453095,155.71055743012835,152.4738799733836,155.10617065429688,11457798
2012-08-22,153.99278719003112,156.2990244999918,153.77011489681638,154.89141845703125,11877387
2012-08-23,155.44809919006812,157.28513893506104,154.12797631517674,154.89141845703125,22625014
2012-08-24,154.10412696840564,154.51766314384415,151.4479836196859,151.78994750976562,14489772
2012-08-27,152.33865822447933,152.33865822447933,148.31468604433672,148.7520751953125,13891509
2012-08-28,149.03042318957304,149.45985693942603,146.1039013272698,146.70033264160156,19070854
2012-08-29,147.16155999504602,148.21130463082284,145.41995884177794,145.75396728515625,13951624
2012-08-30,145.16550845102225,149.94498166617223,143.94082391751573,146.31863403320312,30491835
2012-08-31,145.61880301897662,146.74010678256178,142.3582591033203,143.48751831054688,19478376
2012-09-03,143.97260911482869,145.65854894840027,142.45368018491683,143.59088134765625,13718111
2012-09-04,143.5908985713285,145.49951094001162,141.95267784916408,145.1575469970703,14125210
2012-09-05,144.1953125681708,144.6247463879568,139.43174998056406,139.9088897705078,33446655
2012-09-06,141.71407927448743,143.5272526486623,140.92678417329643,142.58090209960938,15364459
2012-09-07,145.9846161518542,149.66663830809478,145.84941365764342,149.16561889648438,25978452
2012-09-10,149.92907646561883,150.44598007473908,147.19340499278258,148.6009979248047,13318657
2012-09-11,148.01249532392129,151.08217501601774,147.59895912585876,150.43006896972656,13007412
2012-09-12,151.24124332537076,152.65679169350025,149.74616721839115,150.95494079589844,17858472
2012-09-13,152.0205709764205,153.4838385404809,151.89333728288054,152.60110473632812,20175160
2012-09-14,157.10224685712285,167.8620235947713,156.6807552053597,160.32301330566406,45380571
2012-09-17,163.82214031694332,170.13645338597274,163.82214031694332,168.69705200195312,42722014
2012-09-18,166.9951648266431,167.95742625377818,165.62733603646086,166.85202026367188,15733366
2012-09-20,163.9811830306239,165.71482891140974,162.12824554807813,162.63720703125,16886831
2012-09-21,163.82213372770266,172.76873723526342,163.75851687692642,169.4684295654297,32631197
2012-09-24,169.4684146099116,172.87210269889746,168.36302187000223,170.3352508544922,26437147
2012-09-25,170.93171176902393,171.9735011924298,169.20602111948003,169.6911163330078,20529877
2012-09-26,169.01514281857476,170.3591188685345,167.59163903111505,169.4684295654297,16583418
2012-09-27,170.0250999626183,170.50225301032418,167.26557573763372,167.85406494140625,25812880
2012-09-28,169.0708051465784,170.75674513774428,167.61549292580642,168.40280151367188,22840686
2012-10-01,168.5936421654392,168.7368000941465,166.36694572244664,167.1065216064453,11890164
2012-10-03,167.35306720326057,169.0708022424225,166.40670315578492,167.4803009033203,14719534
2012-10-04,168.15625466789825,173.98547205859018,168.15625466789825,172.3154296875,26381146
2012-10-05,174.95570756220354,174.95570756220354,137.8571474537747,169.65931701660156,24384492
2012-10-08,170.1841543582723,170.1841543582723,166.88384691138714,167.35305786132812,12172028
2012-10-09,168.593646370484,170.7646948112368,168.28350422069587,169.2537078857422,11088011
2012-10-10,167.99719557638664,168.54592086829882,166.78840884573708,167.671142578125,10838525
2012-10-11,168.5936617083017,169.83425711643542,166.71687105644108,168.26760864257812,23597805
2012-10-12,168.73679496466025,169.05489253998087,165.9056851653264,166.16812133789062,11267652
2012-10-15,166.2238202524077,167.89384945068326,164.14025480245948,167.54393005371094,9156532
2012-10-16,168.75267563857304,169.06283108826196,165.4285155970778,165.92953491210938,10115490
2012-10-17,167.52005352446847,167.75068127541664,165.746643849551,166.9315643310547,8096214
2012-10-18,167.8381404944181,169.67518024705677,167.33713450662844,169.3809356689453,24908741
2012-10-19,168.7526890074962,171.13845414314235,167.0190432424378,168.16419982910156,14180017
2012-10-22,167.44848200387014,171.92575447270605,167.00313738540032,171.0748291015625,25355198
2012-10-23,171.5838160077721,173.0232307884582,170.47046764457352,171.6872100830078,12511774
2012-10-25,170.20006208402359,173.6673672974825,170.20006208402359,172.91188049316406,22144919
2012-10-29,171.29752627286774,172.47450483591908,169.11853552088593,169.93765258789062,12828508
2012-10-30,170.50227746018723,172.93574900880375,164.2436388865824,166.2317657470703,22333806
2012-10-31,166.36693906003003,167.7824872720118,164.7366606376158,167.03494262695312,11476465
2012-11-01,167.32123952266375,168.75269868615143,166.25561060407964,168.1721649169922,7583587
2012-11-02,170.5022367241986,172.1484125793348,169.48431387913882,171.71897888183594,11431942
2012-11-05,171.13845608420178,171.91779580384105,169.77856927405668,171.40087890625,6995868
2012-11-06,170.42274907482158,172.96755678589366,169.89788999269692,171.88601684570312,9482401
2012-11-07,172.74487063184077,174.9159056148778,171.78260911047474,173.83436584472656,14058995
2012-11-08,171.7746380891818,172.2358935492546,170.3750008691085,171.13844299316406,8693828
2012-11-09,171.18617589761092,171.4565675322212,167.7188706995069,168.46641540527344,8468267
2012-11-12,168.83222102922022,170.327296992755,167.50414262280046,168.3391571044922,11718536
2012-11-15,167.76658979811307,168.1721705754841,165.96137158211133,167.74273681640625,9099585
2012-11-16,166.62142001528957,167.32918744821924,162.54971502305392,163.39268493652344,13092530
2012-11-19,163.51992630923561,164.3628961935002,161.62722512783205,162.41452026367188,9793987
2012-11-20,163.94941635170744,164.48223095167458,161.4364167201717,162.88377380371094,8967777
2012-11-21,163.82214007045712,166.52600316178666,163.2734146781333,166.12042236328125,9800725
2012-11-22,166.28741346922044,167.6393448537559,163.82212054539306,164.23565673828125,15855147
2012-11-23,165.0309276854874,165.24564457707783,162.26344772979726,163.0428009033203,12372706
2012-11-26,164.6173842212165,164.6173842212165,161.43636841914855,161.9612274169922,11108696
2012-11-27,163.88579957260137,164.97529510836807,163.06668238547218,164.4742889404297,30901959
2012-11-29,167.0031446850115,172.72896808516617,166.3112747468112,172.05300903320312,50446946
2012-11-30,174.95564618986063,175.7429412584924,173.47648130853364,174.93179321289062,22979440
2012-12-03,174.1604199183507,177.12670553551337,173.87413076264028,175.3214874267578,17887342
2012-12-04,175.27374228445365,178.550182902759,174.24786406232366,178.0332794189453,16095821
2012-12-05,178.43886876546964,179.4090857120668,176.25192293641751,178.10487365722656,11804232
2012-12-06,180.0452693995545,181.79482595148679,175.27375274410807,180.63375854492188,15910317
2012-12-07,181.36541811881352,182.02547964095723,178.47864672685202,179.99758911132812,16483456
2012-12-10,181.3176977954417,181.37337254960738,177.85040598482547,178.3673095703125,11639776
2012-12-11,178.92399868515045,182.82869322316688,176.2917079321824,178.5581817626953,19806627
2012-12-12,179.4647790849771,180.1725599885646,175.96566513514142,177.05516052246094,16439901
2012-12-13,178.1366890109539,180.2759156157566,177.42095276301373,178.3354949951172,15190774
2012-12-14,177.5004817798914,181.23022302527326,177.08694557471367,180.689453125,15357897
2012-12-17,179.76696122845985,182.74915789292123,179.76696122845985,181.96981811523438,9314893
2012-12-18,182.43105353738233,183.44897648542272,177.9458255420574,182.74119567871094,15076039
2012-12-19,183.71937875759036,184.28400166865748,180.21230964047976,181.118896484375,9690604
2012-12-20,182.081142838865,182.11296461205555,179.74311013320863,181.2620391845703,12803494
2012-12-21,180.34748980770485,181.15865133483092,177.69134625917192,178.75698852539062,11991144
2012-12-24,179.67947150893465,179.7271908184235,177.21419187030142,178.37525939941406,7691233
2012-12-26,179.09097407568862,182.9081983060623,178.29572347704678,182.6934814453125,7557676
2012-12-27,183.26605046329715,183.51257573374602,180.124798744427,180.7530517578125,16870650
2012-12-28,181.7312370711434,182.3515347322289,179.69539107538768,181.56423950195312,7501631
2012-12-31,181.5562540149121,181.93796840192098,180.39518662184355,181.03933715820312,5533500
2013-01-01,182.33561436809657,184.80886278863352,181.81075535788048,184.25218200683594,7229216
2013-01-02,186.08920957273975,187.20257114236608,185.293958936183,186.7254180908203,10345197
2013-01-03,187.21053387062904,187.36163390010543,185.34168545835314,186.415283203125,9034338
2013-01-04,186.5504735352771,188.45907247984138,185.3019227713849,188.0614471435547,12765126
2013-01-07,188.95215123538014,188.95215123538014,187.202594279497,188.02169799804688,9683993
2013-01-08,187.54456795590278,187.99785475815028,186.12900609076107,187.60818481445312,8639152
2013-01-09,187.4013776393497,188.93621751220348,186.67769929114522,187.7512969970703,19800115
2013-01-10,188.67380221658925,188.95213594684634,184.6975355160324,187.60020446777344,12068754
2013-01-11,188.31591397691017,188.37954417053905,184.35555844523594,185.06333923339844,9227372
2013-01-14,185.2939562447512,189.588320298228,185.2939562447512,188.4988250732422,14894011
2013-01-15,188.18867293200134,192.63413677056917,186.741316337507,191.55259704589844,17996797
2013-01-16,191.5526228477805,191.97410117506132,187.10715841041454,187.6558837890625,18080590
2013-01-17,187.24234860737064,188.82489455247716,184.2124325166354,184.89634704589844,13615173
2013-01-18,185.37351025379638,188.6658627239177,185.37351025379638,187.07534790039062,18630606
2013-01-21,187.67973948717065,188.06940939426318,185.29397403503546,187.29006958007812,9208034
2013-01-22,187.07531578214287,190.04161467355976,185.13490858659384,186.11306762695312,10433076
2013-01-23,186.88448283237145,189.58833246124385,184.75319820648815,187.83877563476562,7832247
2013-01-24,187.6558872402394,188.7374271304827,184.117009592065,185.21444702148438,12884718
2013-01-25,186.12102148279445,187.6797142496247,185.07127681617973,186.55841064453125,8369614
2013-01-28,186.66180935330897,189.97005908610873,186.43118158642517,189.30999755859375,15775364
2013-01-29,190.20067792777135,195.31414564315162,187.99782112499642,191.0515899658203,27676544
2013-01-30,191.65599188359587,194.44732457136064,191.47308343519836,192.88067626953125,16929517
2013-01-31,191.97406381500022,195.95032983849433,188.68171218383677,189.45310974121094,38534611
2013-02-01,189.90644135016328,191.38560652367994,185.71545778579707,186.27212524414062,13833055
2013-02-04,188.31591503228032,191.3060669675562,187.36162229919807,187.9580535888672,21575075
2013-02-05,185.45302783285263,187.56840162027515,184.8247747122137,185.4609832763672,12408572
2013-02-06,186.56639723352723,186.56639723352723,183.03547467552704,183.74325561523438,10558658
2013-02-07,183.28198541159014,185.60412055049085,180.7689730281026,182.08909606933594,16021500
2013-02-08,182.27994734437908,182.86843653155688,178.90012558748998,179.75103759765625,13064034
2013-02-11,180.0930314751109,180.4190845455128,177.66751538300227,178.56614685058594,12921150
2013-02-12,178.3752580427136,180.36339796357123,177.19827963670375,179.54428100585938,14740935
2013-02-13,180.8405272346531,182.33560313648744,179.94985138669986,181.73121643066406,18682229
2013-02-14,182.59009440994902,182.87639691668366,178.23211348688616,179.122802734375,11742126
2013-02-15,179.09098688723049,179.88625089082072,176.72114580689313,178.43093872070312,10179257
2013-02-18,178.83651793347076,179.72720726914292,178.05717811281747,178.45480346679688,8438243
2013-02-19,178.6536047786629,180.36341110835593,177.27782028913597,179.9498748779297,9649772
2013-02-20,180.6815221444629,180.9757667892823,177.9299396128118,178.38323974609375,8424042
2013-02-21,176.90403987135815,177.2380483482535,171.13846597859364,171.71104431152344,18339766
2013-02-22,171.3054570997835,174.79661506762187,171.3054570997835,173.77073669433594,12275747
2013-02-25,174.79660649268615,175.24990653234102,171.96551014961443,173.98545837402344,13709701
2013-02-26,173.04706963652157,173.1822721284546,167.40872928555436,169.2298583984375,11043499
2013-02-27,170.1126007398386,173.19817830941645,170.0251175552848,172.2756805419922,14729671
2013-02-28,173.6832871810909,174.12863185228622,163.8221409534508,165.4762725830078,37422676
2013-03-01,167.87793340949045,169.7149734800365,166.6134850578508,168.01312255859375,19070529
2013-03-04,167.71887522380746,170.1603154002467,166.47829322300683,168.37893676757812,16475178
2013-03-05,170.18416500154638,174.73301007430769,169.60363120799047,173.93775939941406,21050260
2013-03-06,176.34736928880972,176.54617527396013,174.3194654823118,176.28375244140625,19993539
2013-03-07,175.2896578512737,178.4865708350093,174.63755188683294,177.68336486816406,13692519
2013-03-08,178.00946135698936,181.763055964865,178.00946135698936,181.2063751220703,15786001
2013-03-11,182.22426863563848,183.1308553101965,179.25001455967978,180.03732299804688,16292661
2013-03-12,179.72716549301146,180.96776058044,177.34140057562706,178.6297149658203,13388914
2013-03-13,177.16650318767847,177.29375025229314,172.20412128086414,172.6812744140625,14724347
2013-03-14,172.88803011078383,177.50049209099257,168.59365238679158,176.64956665039062,32873681
2013-03-15,175.1306092309774,175.41689836329618,167.95742999457073,169.78651428222656,39011340
2013-03-18,167.16219797133593,167.90972930548295,164.68896286176263,167.22581481933594,23564761
2013-03-19,169.54794365987905,170.4863521995846,162.40657231520044,164.23565673828125,34783644
2013-03-20,163.98121515765456,164.57765993525035,158.50191602296638,159.29718017578125,18850507
2013-03-21,161.21370032399295,168.47436344237062,160.82403044976797,164.6730499267578,36062972
2013-03-22,165.88978274851073,166.844075446403,161.8339887272518,163.5596923828125,20358745
2013-03-25,165.46832869476816,166.78845191311942,160.45824083812104,161.05467224121094,15002658
2013-03-26,159.58343839911282,163.34497477581468,159.39257450558944,162.37477111816406,14911814
2013-03-28,163.03481644635127,168.01309463357885,160.02081170868794,166.23968505859375,30690621
2013-04-01,168.11650057178312,168.59364026987498,165.174054562513,167.24966430664062,11418841
2013-04-02,167.43258571066366,167.647302595841,165.27744806736644,166.51010131835938,8498853
2013-04-03,166.85207444373867,169.03106536368935,163.07462648618824,164.04483032226562,14162923
2013-04-04,162.03281756517714,162.70879000480346,159.46415699955236,160.4502716064453,18866171
2013-04-05,160.45025824679792,160.45025824679792,156.66485561386736,158.75636291503906,28818724
2013-04-08,158.20764678287276,159.86177834435858,157.03068164779688,157.3169708251953,12105428
2013-04-09,158.5018992105782,162.19187696914236,156.37858325760385,157.46807861328125,20901188
2013-04-10,158.660929939213,160.21166726723854,156.13997567130377,159.73452758789062,22694012
2013-04-11,163.0109866421585,166.84409547490617,162.90759257385494,165.4444580078125,30178714
2013-04-12,163.99708952035996,167.1462836075412,163.2336473160683,166.2635498046875,11153571
2013-04-15,165.0150464294357,170.00923688280372,164.0607401406029,166.54193115234375,20935975
2013-04-16,166.2078862581656,172.5699045452459,166.11246098938125,171.59970092773438,31681606
2013-04-17,171.9496185134042,176.79272152870257,171.9496185134042,174.5819091796875,26780105
2013-04-18,172.09276876749297,179.281860164061,172.09276876749297,178.5581817626953,20986465
2013-04-22,178.9637642582818,184.45100479927953,177.57206885099652,182.6616973876953,19837163
2013-04-23,182.9082121024772,185.27806654009595,178.8762707072321,184.70547485351562,22457715
2013-04-25,186.1051124487327,188.95211974959642,184.81679793020177,187.2582244873047,34175350
2013-04-26,186.48685167118487,189.0793650566161,178.93194378873787,182.03343200683594,38868885
2013-04-29,182.92412655506007,184.49873047965062,180.28389359036646,183.4171905517578,12108723
2013-04-30,184.10109500267106,186.40733267772384,181.65171273761345,185.07925415039062,16337541
2013-05-02,184.5305193825616,188.79307513614668,184.49871095840797,186.35960388183594,15253199
2013-05-03,185.71545326171713,186.08921225657056,178.43887913174333,179.71923828125,21828449
2013-05-06,179.32957837014288,182.7491643556026,176.42690933905578,181.73919677734375,13608061
2013-05-07,181.79482237146155,186.40729683466407,181.6357802731815,185.12693786621094,16100205
2013-05-08,186.0892383128813,187.01173613475072,182.20840980181728,184.1726837158203,13112506
2013-05-09,184.49871970159708,185.31783671759044,181.92210374246267,183.32969665527344,8672928
2013-05-10,183.38536621619633,186.07331826302834,182.96387455499473,185.34963989257812,10691846
2013-05-13,184.65776685372936,187.12304653788766,182.15270995421363,182.71734619140625,10484056
2013-05-14,183.38534298340642,185.54048028337584,181.619875522453,182.5026092529297,11398414
2013-05-15,183.37741467712084,190.66988663931403,183.22631464525006,189.46905517578125,19773429
2013-05-16,188.4749930843969,193.88271929361844,188.443184657621,192.0536346435547,16552888
2013-05-17,191.67190061979096,196.72972062264552,191.34584757082067,195.70384216308594,15429496
2013-05-20,195.46523151232262,196.33205437342536,191.43330388301013,192.41941833496094,15072865
2013-05-21,192.4194266433571,196.61836535077265,191.21063984218586,192.61029052734375,13731074
2013-05-22,193.2465028805057,195.15511519417188,191.56851833669097,192.4671630859375,14560749
2013-05-23,190.86071486980313,191.87863768578717,184.85654532620654,186.4550018310547,18462532
2013-05-24,188.6976564950135,192.56258706041385,187.31391658137926,191.5207977294922,14106999
2013-05-27,191.49692238088008,194.83698016903742,190.03365490094595,193.94630432128906,13687630
2013-05-28,194.5984221019553,196.9682764577651,194.02584378319975,195.94239807128906,14966160
2013-05-29,195.63226901906188,196.02989436124966,192.14905286813612,193.23060607910156,11424242
2013-05-30,193.24673472100255,193.64294034467028,189.5677794403338,191.2738494873047,23897703
2013-05-31,190.98275696557093,192.24411695278943,185.64623603064257,186.6892852783203,18191398
2013-06-03,185.96968818452234,187.26338911226125,183.48739740888024,185.1853790283203,13596192
2013-06-04,185.96969508249956,188.581349262049,183.49549281464314,184.0614776611328,12805567
2013-06-05,184.33639598150143,185.12070517073283,181.11831394001157,183.4469757080078,14967551
2013-06-06,182.41201638092397,188.03961909145283,181.61152998549267,186.7135772705078,10282987
2013-06-07,185.48456667523152,187.23106649036376,184.14234759110948,184.6274871826172,13126982
2013-06-10,185.3228595470499,187.23107719224828,179.35565715905267,180.76255798339844,16822921
2013-06-11,179.01602663058574,179.97821709927868,173.5663056506296,174.0837860107422,31926708
2013-06-12,173.07308830522433,176.10520016560355,172.83860035562478,174.8519287109375,17971541
2013-06-13,173.03268015347493,175.1996243037025,172.38582284847334,172.84671020507812,14672218
2013-06-14,175.76562312383442,178.60369038586774,173.841241976707,178.23175048828125,19640098
2013-06-17,177.8840270828295,178.83004026580036,174.66594554093592,178.11851501464844,14558142
2013-06-18,177.3827226734174,177.79509194656592,175.46643037891104,176.4205322265625,10463062
2013-06-19,175.74948408756654,176.42866874710654,174.3264059572829,175.73330688476562,7688026
2013-06-20,172.7092404216184,172.7092404216184,167.64762290870013,169.17581176757812,26143441
2013-06-21,167.56678099392485,169.79842036940278,165.94156949223284,168.96560668945312,22564300
2013-06-24,167.61531065513327,170.44528950054493,166.4428978273656,169.66098022460938,22071538
2013-06-25,170.6069417843252,170.8495183055056,166.26495234134325,167.02500915527344,28836703
2013-06-26,168.14894584242265,169.2809290864697,165.15724966673736,165.94155883789062,22165990
2013-06-27,168.34299983215013,168.82813941174496,165.7879386177383,166.65310668945312,34649395
2013-06-28,169.47499179776133,174.0272042567227,168.82813451988557,173.15396118164062,26626495
2013-07-01,171.84410900029812,173.655290652344,171.25385826101686,172.69309997558594,11799568
2013-07-02,173.12968220751304,175.2966396734509,172.81434897822095,174.50424194335938,15842376
2013-07-03,171.67427445586418,173.30756077135933,170.80101788968028,172.0623779296875,18527223
2013-07-04,172.06237300261049,173.0003111923275,169.18389035639495,172.01385498046875,16176704
2013-07-05,173.67950818677642,174.16464772880286,169.64477631705984,170.04905700683594,15904383
2013-07-08,167.29189274337372,168.00343177203732,165.12493482491794,166.232666015625,19362282
2013-07-09,168.01959234981916,168.5047319709355,165.8526480422123,167.2676239013672,21259342
2013-07-10,167.68806765674472,169.79841872270399,167.37273439403845,167.94680786132812,11910833
2013-07-11,170.9708152156095,173.62291223924908,169.79031399256203,171.08401489257812,11951973
2013-07-12,172.7254228836366,172.79010454305615,170.0409983029559,171.48023986816406,10987867
2013-07-15,170.76867720428385,172.12705972099013,169.89543420886017,171.5853271484375,10010192
2013-07-16,167.37273844620577,167.53444259581235,161.24381867492792,162.27069091796875,35235590
2013-07-17,163.15200728690817,163.5967174065609,156.56221434504974,158.51893615722656,33010593
2013-07-18,158.47850624715622,160.34628044116374,154.17694593881214,159.1981201171875,40802025
2013-07-19,159.1253757712433,159.88543275934484,154.32251155177315,155.13107299804688,29801794
2013-07-22,155.2442586709053,158.06614844939438,154.66209665358167,157.5810089111328,14668846
2013-07-23,160.09562334229878,160.76673273885407,158.92321083371192,160.0390167236328,19862078
2013-07-24,157.18479912429754,157.18479912429754,152.45470571481934,153.918212890625,25522145
2013-07-25,152.1717009966097,153.94245265712647,150.045173141387,151.1771697998047,29546368
2013-07-26,152.66491208224397,153.90201978013673,148.67061018752614,150.6435089111328,24788945
2013-07-29,150.50610299988932,152.15556686280866,149.2770835249709,150.16650390625,17053421
2013-07-30,150.59500679365502,152.71344622641124,149.26087648840715,149.7541046142578,23377365
2013-07-31,149.58431643548332,149.58431643548332,144.2639586797675,147.00498962402344,42761911
2013-08-01,149.9077357680672,149.9077357680672,144.24779264230168,147.8378143310547,29563572
2013-08-02,148.45233674086157,148.7515063853242,142.9864514220426,143.45541381835938,32469283
2013-08-05,144.07799891974912,147.0777702597256,140.3424364020489,145.9376983642578,13765306
2013-08-06,144.8946599524378,144.8946599524378,139.49345612482242,140.09988403320312,24008127
2013-08-07,140.36669032156752,142.2587306177087,139.1538481537263,140.40711975097656,24653909
2013-08-08,140.69014003286154,142.99453631414707,139.43685473696186,141.5067901611328,23881990
2013-08-12,143.03497957805,144.1427108775306,139.3317571107414,140.2130889892578,31439567
2013-08-13,138.76572044036294,145.1614542000469,137.63372375720462,144.3367156982422,22996369
2013-08-14,144.73292711930267,147.7973936011998,143.3664558893633,146.50369262695312,24325284
2013-08-16,144.57119520340282,144.95929863537285,138.42611336350944,138.8465576171875,34698262
2013-08-19,139.3316896117305,139.3316896117305,130.98731020003703,131.85247802734375,32644062
2013-08-20,128.8770080949522,135.0059282809204,127.57521835228385,134.2863006591797,36937593
2013-08-21,140.4152216379904,142.31535071410912,129.9766649779686,134.1488494873047,63672988
2013-08-22,133.73643905181265,135.11908724365628,129.69361911329247,134.3994598388672,41854169
2013-08-23,135.1918733129004,140.0432550927507,132.83087086100386,137.94908142089844,43210046
2013-08-26,137.86819951895097,138.78996041014662,132.78233063553267,134.29434204101562,36175271
2013-08-27,132.42658438898914,133.25130934834021,129.37020680838685,129.79066467285156,39921134
2013-08-28,128.07653311191243,130.7690464492319,122.40041181002904,128.7799835205078,43588979
2013-08-29,131.6989006782277,132.28106280933372,128.17355991596003,130.53457641601562,30345694
2013-08-30,131.12482996782683,133.80116625114496,128.80424285158333,129.97666931152344,81385683
2013-09-02,131.65037986995935,134.65822622155483,130.84180486756026,133.67178344726562,25276520
2013-09-03,134.86846434365108,134.86846434365108,125.57805560979726,126.71005249023438,31504698
2013-09-04,126.71816864939032,132.98454156959704,126.1359928822053,132.24066162109375,31392993
2013-09-05,140.20496581454148,146.7624174545462,139.7845079526332,144.52268981933594,48903976
2013-09-06,145.81638536843016,155.85874709558956,145.81638536843016,154.98550415039062,57729875
2013-09-10,155.72939039251798,158.80193159963494,155.41404360131241,156.79669189453125,38762086
2013-09-11,156.0528214149275,158.13892009062863,153.33604269109415,156.82095336914062,20022057
2013-09-12,155.06639410211076,155.0825577312972,152.0504454680132,153.82119750976562,25472507
2013-09-13,152.0100010902781,155.22808298736416,150.7648181918522,152.32534790039062,21111519
2013-09-16,156.86139060188412,159.93393214312462,153.78884906064366,156.85330200195312,28962010
2013-09-17,156.05281115714337,157.63759298709252,154.3224888311517,155.64044189453125,17370347
2013-09-18,156.52180080472948,157.7993382391838,155.62430544622035,157.3627166748047,16914892
2013-09-19,165.9173224945217,172.11901263153425,165.9173224945217,167.5748748779297,49554114
2013-09-20,166.96843573690748,167.5344341607261,155.2766088068091,159.65093994140625,30961557
2013-09-23,155.4059609950392,157.5810070781971,150.8133194196273,152.5436553955078,21412435
2013-09-24,150.7486272002776,155.01784664516575,150.7486272002776,152.79429626464844,13807678
2013-09-25,153.14198179329702,154.43568258156012,148.46848175817652,151.2337646484375,16844844
2013-09-26,151.5087155905427,154.72679786296212,151.06400542188348,152.99647521972656,17722391
2013-09-27,153.3684023232641,153.3845795243046,148.02380524359762,149.30941772460938,16665368
2013-09-30,146.64115807053528,148.2097765840823,142.17787911890576,142.8975067138672,18900326
2013-10-01,143.9162997405113,147.96719565778375,142.95409558474287,147.27992248535156,21525163
2013-10-03,148.61404886688365,152.0504417770909,146.38240951811827,151.66233825683594,23232891
2013-10-04,150.71632860009495,152.68922797096025,148.7919472641255,150.48992919921875,13725492
2013-10-07,148.6625427962407,148.77574247568907,144.40950014605338,148.16123962402344,17777111
2013-10-08,153.1581844054646,154.0152639405091,150.7729293315687,151.5410614013672,16082632
2013-10-09,148.93747367157056,154.4357132937124,146.83521116900687,153.69183349609375,24777016
2013-10-10,152.6568657878593,154.76721679572134,151.08015880330376,153.31179809570312,15558823
2013-10-11,155.4059680880467,162.0038497470277,153.78884528649343,161.2357177734375,28277942
2013-10-14,160.43527246695947,162.5051943505525,159.537763458267,161.25192260742188,15013905
2013-10-15,162.0685347619679,162.51324486152285,157.03925819450063,157.59716796875,10947931
2013-10-17,157.79125536317378,159.39221472878785,154.90468348753333,156.0366668701172,23994982
2013-10-18,157.18479485286787,163.87971198023038,157.18479485286787,163.1439208984375,24448578
2013-10-21,163.32991663929354,165.86071210249582,162.27877860114475,163.37034606933594,14406821
2013-10-22,161.38933098216103,166.07899478751932,161.38933098216103,163.35414123535156,17948997
2013-10-23,163.65332620329258,166.24072810260196,162.5617588171748,165.8768768310547,16787435
2013-10-24,165.10873701307563,169.44263838129058,163.709911476817,165.09255981445312,17110005
2013-10-25,165.82024519438968,167.85782557920695,162.71536338352033,165.30276489257812,35171977
2013-10-28,165.59392302534803,168.3268660705216,163.1682246969685,164.1385040283203,18652799
2013-10-29,165.10065706127673,174.55276942499106,162.22217413078153,173.78463745117188,29328299
2013-10-30,174.97321615702532,178.99987316090838,174.55277182274727,177.7223358154297,28588340
2013-10-31,176.76821928639745,182.7354204720404,175.8868876914318,181.2719268798828,31071430
2013-11-01,181.0859766921491,184.35256325466605,179.04030730837349,183.29335021972656,18527624
2013-11-05,180.52806375351557,183.67337554692284,176.58226556902733,177.23719787597656,21797308
2013-11-06,177.88403959622028,177.88403959622028,174.0918708559817,174.71446228027344,15238751
2013-11-07,175.5392122205717,176.59035018512628,169.63669227683837,170.03289794921875,20711839
2013-11-08,169.45882164195757,171.02744008811604,168.34300195198634,169.78225708007812,14738262
2013-11-11,167.8659370143126,170.2512053148148,165.80410412504853,167.72848510742188,14205246
2013-11-12,167.85786442718197,168.66643946093382,163.0226592827519,163.77462768554688,17580420
2013-11-13,161.61575598656566,165.4160002278442,161.0174167139162,164.12229919433594,19424333
2013-11-14,166.07095767493763,172.68500382030493,166.07095767493763,170.13803100585938,18201832
2013-11-18,171.90069240626497,175.91117262475862,171.27001226821926,173.62294006347656,18228419
2013-11-19,174.27785745387536,176.21841573384435,173.03267448616367,175.45835876464844,17385560
2013-11-20,174.1646751462964,174.1646751462964,168.35919049857912,169.66098022460938,12389960
2013-11-21,168.16511352041138,168.36726066072183,165.2704533286145,166.60458374023438,13863921
2013-11-22,168.18129203785222,168.77963129208723,163.62907954575059,165.03598022460938,17010537
2013-11-25,167.4535576951607,174.47998529713922,166.94416595302877,173.7765350341797,20881300
2013-11-26,172.3857993981147,175.37749536599335,167.99530506463415,168.78768920898438,20095630
2013-11-27,170.93041963097167,171.01126491998568,167.67190798211104,168.60983276367188,14816301
2013-11-28,170.9789211715124,172.15942251439563,166.6369307234375,167.87403869628906,21809337
2013-11-29,168.98983676708437,173.50970798423648,168.82811906954598,172.81434631347656,12891444
2013-12-02,173.0973743870403,177.88407536305152,173.0973743870403,175.99203491210938,15862258
2013-12-03,175.59584155315827,177.8355561100382,174.49618541946032,175.5230712890625,13775069
2013-12-04,174.39106486799005,174.39106486799005,171.4559750894752,172.42625427246094,16082533
2013-12-05,179.2586085285314,184.43341228396108,179.2586085285314,183.68145751953125,43417099
2013-12-06,183.60867082014988,185.5815698103272,181.58726737591437,184.9832305908203,18361233
2013-12-09,194.05531166569716,195.12261313842063,192.61605679009062,194.33021545410156,33902616
2013-12-10,194.05532360920637,194.5566267668413,186.58418569736733,187.31997680664062,27365360
2013-12-11,185.6462474622894,189.6567270092705,184.52235287153673,187.31997680664062,16227854
2013-12-12,186.78635048447703,186.93997960031967,182.46052372651366,183.15589904785156,14555046
2013-12-13,180.30974089309447,180.30974089309447,174.64979733848685,175.45835876464844,25356595
2013-12-16,176.10523591247502,178.52284543514716,175.45837855569678,177.48788452148438,11417488
2013-12-17,179.5011864432248,181.36088593855936,176.2911928423053,177.60914611816406,13249758
2013-12-18,176.0081843664217,183.17205071365134,174.90043979897808,177.20484924316406,40179903
2013-12-19,179.50117985933815,179.8084380876828,171.14872320876933,171.98153686523438,21106184
2013-12-20,173.0326697013119,176.3639513707231,172.36964880733478,175.89498901367188,15528089
2013-12-23,175.78177962181996,178.99986143122456,175.78177962181996,177.56869506835938,11206459
2013-12-24,177.8840595449787,179.48501879517886,175.99201926228338,177.69808959960938,9597725
2013-12-26,177.07549880021085,178.81390997335913,176.64695227842975,177.82745361328125,14374063
2013-12-27,179.17775942945522,180.1156977504907,178.27216193721728,179.54161071777344,7796519
2013-12-30,180.3097292592199,181.9106883797502,176.78440275433323,177.3503875732422,7419764
2013-12-31,178.06192848880468,179.30712496178177,176.92185666710859,177.68190002441406,4356632
2014-01-01,178.02958057005762,178.8624077187179,176.59033919391655,177.51210021972656,3102869
2014-01-02,177.2614853095649,180.79490104412912,173.0488578139207,173.9382781982422,11321513
2014-01-03,172.7092257484158,173.84120885455758,168.98982748121185,172.51516723632812,15567502
2014-01-06,172.3857995409773,172.87093906126577,167.3807888114711,168.31063842773438,14802265
2014-01-07,168.9979281202917,171.28616029178409,165.56961059122966,169.79840087890625,18566515
2014-01-08,170.44528521226655,172.03815595496488,168.71494897397065,170.49378967285156,18955475
2014-01-09,172.19175695831336,172.32112026071613,168.5451286925752,169.93585205078125,19238686
2014-01-10,169.36985925020778,170.5422718016573,164.72869992330868,165.67471313476562,21835286
2014-01-13,166.58032536688904,171.59342497541638,166.58032536688904,170.59080505371094,17981914
2014-01-14,170.12182454344324,171.57724314628578,167.04928320731486,167.60719299316406,16934159
2014-01-15,168.98984324213137,172.83860516203418,168.65024420717367,171.14871215820312,18898968
2014-01-16,172.46667497110943,172.46667497110943,169.64478502585806,171.23765563964844,8986741
2014-01-17,170.34821743898502,171.72277713875334,166.73394365282047,167.29994201660156,9672228
2014-01-20,167.29187622526166,169.47499755865317,166.24073820228628,168.82814025878906,10617040
2014-01-21,170.2835482505219,174.6497906415524,169.60435016428124,174.33445739746094,14897789
2014-01-22,174.68212450474556,176.42862410582543,172.90328407772586,175.93540954589844,12788578
2014-01-23,176.42864180240184,176.42864180240184,173.3722773725517,174.5608673095703,10274170
2014-01-24,172.0785968474019,173.67954272584066,170.2188971617142,171.12448120117188,10283619
2014-01-27,167.98722583741036,168.0599960908794,162.88519235202472,163.2975616455078,27904404
2014-01-28,163.44310165803537,166.38626618630255,158.2763729629364,164.7287139892578,26612800
2014-01-29,166.85525598426656,167.90638044402633,161.0012536961161,161.93917846679688,26522925
2014-01-30,159.58624408938812,160.46757568927512,155.81025254278262,157.59716796875,27447838
2014-01-31,159.20622871434065,160.64547020666447,157.09587771796294,159.7237091064453,14484481
2014-02-03,158.64022176261187,158.8019394657509,154.50037884841814,155.8102569580078,19562653
2014-02-04,153.60289587912098,157.34654733652692,152.5921872073305,156.64309692382812,16988900
2014-02-05,157.66189041568336,158.2602161464139,154.47614891863833,156.25498962402344,16441700
2014-02-06,156.8613788233887,157.57291770583706,152.98836475227864,154.9289093017578,22979121
2014-02-07,156.86136897343627,157.18479078279464,153.70796901063744,155.3170166015625,15640619
2014-02-10,155.75367939928677,156.50564785914605,154.63785961094013,155.33322143554688,8923442
2014-02-11,156.0366463825321,157.42738337613594,155.56768403255424,156.6754150390625,11240361
2014-02-12,158.0338270630203,161.99578913662697,158.0338270630203,161.5834197998047,21465790
2014-02-13,161.7936266079913,163.16818640961995,158.47852217048623,159.06068420410156,24636953
2014-02-14,159.44881075247238,160.30589029890254,156.893749314888,159.8450164794922,15133266
2014-02-17,160.2573528024621,163.95248548282206,159.9339174068344,163.1924285888672,14271416
2014-02-18,163.65330198081892,168.79576419099033,162.40811924216317,167.8254852294922,19122130
2014-02-19,167.51826122761585,168.6259922138978,166.1679536853955,166.70968627929688,11779856
2014-02-20,164.60745038334656,164.94704947323652,162.68306911211474,162.98223876953125,10389857
2014-02-21,163.49969816910922,167.02503836938192,163.49969816910922,165.80410766601562,8404451
2014-02-24,164.96320689360462,168.58556960844044,164.65594867224206,167.5667724609375,10661106
2014-02-25,168.79579455643545,169.474992665963,165.76368243489875,166.74205017089844,15457821
2014-02-26,166.74203857373487,168.15701417962222,166.25689903945403,167.60719299316406,10073030
2014-02-28,168.9898334453142,169.61242485423878,166.72585358165438,168.80386352539062,15521473
2014-03-03,167.72849308213097,169.96013238269427,165.17343192642812,166.5318145751953,18154565
2014-03-04,166.88757350953895,173.3560777983699,166.88757350953895,172.88711547851562,15723317
2014-03-05,173.84123488744063,178.2883362765879,172.33731172936461,177.7870330810547,21977021
2014-03-06,178.64411401640498,184.4900415430625,178.42580322851637,183.3742218017578,23331583
2014-03-07,185.16920711121628,198.90671670726763,184.22319379423388,194.36257934570312,45170196
2014-03-10,191.46788550990803,196.39205048047006,191.18489313887636,193.0203399658203,42221157
2014-03-11,193.85317176713272,199.28671537597904,192.50286428544533,193.7561492919922,44639886
2014-03-12,193.08505457123934,197.77471884711628,192.11477545996107,195.9392852783203,21739498
2014-03-13,196.3193325451689,200.7664345621082,196.3193325451689,197.28961181640625,17975842
2014-03-14,193.45697959534675,197.21679389860665,192.11476071348793,196.4810028076172,24014875
2014-03-18,196.48104771263004,199.06845002112374,193.85321597074005,194.78306579589844,19604816
2014-03-19,195.83415871235195,197.87173925634403,194.54044428528476,195.6643524169922,18888683
2014-03-20,195.42987673478027,197.25723524548974,193.5944431959315,194.17660522460938,16807334
2014-03-21,195.67248300999302,196.3193267908728,192.64845915570248,193.9825897216797,19290540
2014-03-24,194.70216937891988,201.96307164431718,194.70216937891988,200.8795928955078,20422748
2014-03-25,200.200415528714,203.58829022840766,199.5535582675796,202.55332946777344,16143154
2014-03-26,204.29175062385588,205.16500729089825,202.39971034532022,203.19210815429688,13291063
2014-03-27,203.7742711161504,206.34550952799887,201.5102909377152,203.5963897705078,35664090
2014-03-28,205.2134897624287,205.5369251600394,201.81752665931828,203.6287078857422,11252411
2014-03-31,205.860371672505,205.860371672505,200.60470868878627,201.3404998779297,13578647
2014-04-01,202.5128822331193,203.4750726547715,197.06316151959567,197.92832946777344,23417124
2014-04-02,198.93096066984023,202.51289379454272,198.93096066984023,201.01705932617188,21486437
2014-04-03,201.3243192299845,201.44560751655615,198.1062371218767,199.5131378173828,27446622
2014-04-04,198.9067219304366,201.31624258500693,196.52145350439523,198.9794921875,13921022
2014-04-07,199.27865460842938,199.82038721681104,194.44343627416075,195.53500366210938,21844784
2014-04-09,197.85555992947275,204.32406413784142,195.99586072848086,203.72573852539062,25150895
2014-04-10,202.30268351246013,205.35097282430507,200.0387033926406,201.71243286132812,21686857
2014-04-11,199.71526281680013,200.81490515965123,198.37304392770312,199.8850555419922,16585882
2014-04-15,200.28128326709614,200.7421570414134,196.54570718628182,197.20065307617188,12426375
2014-04-16,196.092915856457,200.0387004146751,196.092915856457,197.7019500732422,10880776
2014-04-17,198.92288657473844,205.90079697436033,198.4781764300854,204.21897888183594,15660562
2014-04-21,205.21348958411747,208.91672445462544,203.32953810916317,207.31576538085938,17192499
2014-04-22,206.9195931596582,210.00022353084333,205.37524045953688,208.59332275390625,10952617
2014-04-23,208.47201945973262,211.03515547459853,207.2187344073408,210.15382385253906,28399723
2014-04-24,210.15382385253906,210.15382385253906,210.15382385253906,210.15382385253906,0
2014-04-25,210.9462360124148,213.21829117501952,203.16785284251506,205.45608520507812,26271410
2014-04-28,206.1837895799529,207.63920830137081,202.32693878965517,206.2646484375,19357426
2014-04-29,206.3455102808747,206.91150872041777,202.23800782992652,204.21090698242188,12507649
2014-04-30,205.13265184579112,206.82254485875367,199.7152715991093,201.0736541748047,19888929
2014-05-02,202.14099662855222,204.43731792682246,201.66394558922943,202.52911376953125,9145994
2014-05-05,201.53453527097946,206.5072052480135,200.2004049635545,202.5371551513672,14052241
2014-05-06,204.43725672578262,206.99231749598758,204.43725672578262,206.28079223632812,7045379
2014-05-07,206.34549944939445,206.5072171583398,203.2244399527861,205.48033142089844,28329075
2014-05-08,206.1675952049463,209.7090986369508,204.76876974953638,208.44773864746094,16439945
2014-05-09,207.82516963670832,224.92630158345384,207.3157778553286,222.93722534179688,34424511
2014-05-12,223.4951562919478,228.71039002333868,219.95365214346737,226.18768310546875,28438118
2014-05-13,229.30871270009857,230.92583553395266,225.34675089997498,226.52725219726562,22394201
2014-05-14,224.29562134398154,228.59718209774397,222.71082580308672,227.91798400878906,20961468
2014-05-15,227.91799748950532,227.99885634842198,223.99646497533962,225.60549926757812,22401164
2014-05-16,234.4834870981403,257.64076567741296,229.26017937396253,236.95770263671875,64509505
2014-05-19,239.4966398073296,241.52611846132325,233.71540779620992,237.45904541015625,42620820
2014-05-20,239.3268184455664,240.1434684445595,232.9472475623498,234.4673614501953,22394427
2014-05-21,235.29208969381355,235.60743653348683,229.810027272673,232.95535278320312,19602885
2014-05-22,233.20597240357992,240.1434386633414,233.20597240357992,234.72605895996094,17050280
2014-05-23,236.12493209507758,237.67737344916898,233.67498176617397,236.2300567626953,18774596
2014-05-26,235.7772073933558,242.26187527438958,233.67493163565067,235.2192840576172,22024612
2014-05-27,233.67494427691335,235.38910308635184,230.85305447809998,234.01455688476562,10500330
2014-05-28,234.4916153069768,237.5237275365506,233.0766259807818,235.4861602783203,13082932
2014-05-29,235.77722077468528,237.63692009444316,230.73178038420326,232.3731689453125,24559144
2014-05-30,232.9472543528433,234.2247917152612,227.166022536579,229.31680297851562,17143027
2014-06-02,228.2171524671237,237.71778277862782,228.0311689606743,236.7798309326172,15135730
2014-06-03,236.45643685526923,238.9629800423078,232.8744898492188,235.83383178710938,19736579
2014-06-04,239.86752457718913,244.24623216839882,237.25507074213036,241.42840576171875,12880208
2014-06-05,241.52859148773186,245.53460453286937,239.91784297733875,244.22430419921875,21069081
2014-06-06,245.80160720384643,250.93429986929826,243.69847039380437,248.08836364746094,21390919
2014-06-09,248.063329150935,252.3280732544291,247.62100584955502,249.07318115234375,21202940
2014-06-10,249.12326639273763,249.12326639273763,246.03529624528812,247.2454376220703,10364431
2014-06-11,246.7029687635092,250.72567906353115,243.69848739668316,245.3509521484375,12749231
2014-06-12,245.36763351800855,246.03529288635556,241.72048363289892,243.5983123779297,11788678
2014-06-13,244.0823524798882,246.86984613642343,237.2888190177917,238.41552734375,16782672
2014-06-16,237.62271122512354,238.5240556569237,233.85038362010684,236.011962890625,13089175
2014-06-17,236.02025693513352,242.33804340064256,234.85183219336045,241.94578552246094,15687243
2014-06-18,241.33658492097396,243.3228933395359,235.72820116057773,237.27218627929688,13210807
2014-06-19,239.0915465875518,239.61733075632097,233.22441778895754,235.64471435546875,16235054
2014-06-20,236.18724182150032,237.85640446033014,232.43161187592014,233.15769958496094,16995341
2014-06-23,233.6834617227486,236.93833976676586,233.25782220835268,236.0536651611328,11711777
2014-06-24,238.02327773333653,241.34490454286015,236.47094390858885,240.24327087402344,12547546
2014-06-25,239.3585852017328,239.3585852017328,236.57109157825104,237.105224609375,6914721
2014-06-26,238.0232658259381,238.8745447189741,233.68342445659783,234.12574768066406,14728395
2014-06-27,234.51804536174475,235.38600817962288,229.76091263147677,231.1212921142578,14970114
2014-06-30,232.34812281566317,238.80778536826617,232.34812281566317,236.71299743652344,13310649
2014-07-01,237.11361703769785,242.28802647368394,237.11361703769785,240.03463745117188,15801005
2014-07-02,242.8638203222583,243.86532321170847,241.7788845404037,242.3630828857422,13500459
2014-07-03,242.47995815680767,244.5330576871844,242.0292859720196,242.705322265625,13249676
2014-07-04,242.8972593130267,244.8668698739214,239.525538852975,244.17416381835938,7890861
2014-07-07,245.18402064694018,245.18402064694018,240.7356850003981,242.25462341308594,10595145
2014-07-08,244.6749245051298,244.6749245051298,233.4497666816826,235.55291748046875,11441408
2014-07-09,235.53624895808417,237.75624252198153,232.86558316878197,234.1925811767578,15815585
2014-07-10,234.5513979083911,243.16431791635452,228.95134973605659,231.84735107421875,21087066
2014-07-11,231.34661119452994,234.58479124506567,225.50452887367507,226.4392547607422,12540753
2014-07-14,229.49381733830512,229.49381733830512,222.5500876482285,224.37782287597656,17222782
2014-07-15,226.83987706599788,233.98391100987058,226.24731569730216,232.7821044921875,20701505
2014-07-16,235.79495521059144,245.08385621497223,235.75321074065454,243.84034729003906,34666637
2014-07-17,243.59831333690127,243.59831333690127,240.5604365833616,242.1294403076172,13358004
2014-07-18,239.52556656377598,248.27201463271982,239.52556656377598,247.1119384765625,22105369
2014-07-21,248.37210848740142,249.81596280944876,246.3774793260742,247.47076416015625,10873830
2014-07-22,248.29697879706387,248.68923669299923,244.82512800211342,247.57925415039062,9693398
2014-07-23,249.81599297557253,252.44491424748873,248.9062716283099,251.37664794921875,22595353
2014-07-24,251.19305038042958,251.84401200786186,248.7143252233199,251.4434051513672,18655884
2014-07-25,250.5920977058957,251.2681339568497,245.27581362649113,246.31068420410156,11547481
2014-07-28,247.70445022232303,247.77121335614274,240.79411566670768,242.19619750976562,7511350
2014-07-30,242.84717046206168,249.87436103292683,241.19467795161077,248.44720458984375,16305135
2014-07-31,249.4987991110413,251.20967782870213,244.73331814162677,245.5762481689453,21827960
2014-08-01,244.08237010315338,251.12623078191885,243.40633385219937,246.31068420410156,25283104
2014-08-04,249.05650799197872,250.54205083548723,247.13696273090855,248.9396514892578,11518006
2014-08-05,248.72262844993543,250.17480352372337,244.7166166533813,248.1300811767578,10886089
2014-08-06,247.0201151959623,247.9965716421839,240.77743943605657,241.54525756835938,11961031
2014-08-07,242.69696497993448,245.0004191890442,240.52703703953253,241.169677734375,10130070
2014-08-08,238.69095584142445,240.585454358382,235.65307909912926,239.8843994140625,14898592
2014-08-11,241.35326026637568,242.51333622111792,239.3753009260515,240.5103302001953,7812183
2014-08-12,242.95568050653392,244.85017909191143,240.376824740029,244.24928283691406,7573830
2014-08-13,242.89726769467484,244.53306263347102,241.02778776462208,242.3965301513672,9495711
2014-08-14,243.39800663300048,248.63920716949238,243.39800663300048,246.9783935546875,13636485
2014-08-18,248.12171678835546,256.5510164076108,247.3455499500138,255.49942016601562,21247732
2014-08-19,257.05179041891284,260.26493779914927,254.77338293469177,257.5358581542969,18915512
2014-08-20,257.88636334448285,258.8127543171287,255.7164355148885,257.51080322265625,9462876
2014-08-21,257.0518497900654,261.0244672492625,255.80831260605507,257.8780822753906,15249839
2014-08-22,257.9030449673189,259.68071477683026,256.49258636319854,256.9766540527344,13225470
2014-08-25,257.4691375174756,259.05483923509945,251.74386871761507,252.76206970214844,6260974
2014-08-26,247.8713718272688,253.28781471946914,247.38730408701278,251.71881103515625,9349499
2014-08-27,255.88337740360384,258.5540429327888,254.0973864657126,257.10186767578125,12302625
2014-08-28,257.55250308809866,261.057777360124,257.55250308809866,259.85595703125,22862356
2014-09-01,260.05633721181556,267.5342014313114,260.05633721181556,266.7830810546875,14692249
2014-09-02,267.0501133728035,270.21319562606186,265.06380496462714,265.5812683105469,12260539
2014-09-03,266.8998762184215,267.29213414754344,262.64350927149525,263.86199951171875,9697814
2014-09-04,264.17914997678866,264.5714079126876,257.43570906977254,262.334716796875,15945864
2014-09-05,262.3347506692189,263.82032168104985,256.5427467333041,258.2286071777344,12019744
2014-09-08,260.80746147894916,262.38481429338896,258.53740252541724,261.6921081542969,8527112
2014-09-09,260.85744078331226,260.85744078331226,256.96828582314447,258.0115051269531,8552346
2014-09-10,261.05784631630195,263.3613008678909,258.2369563842209,262.0760192871094,14187943
2014-09-11,263.2276798709434,264.5630264675021,260.6571733935026,261.3665771484375,9666635
2014-09-12,262.7269720406608,262.7269720406608,259.9060825051165,261.12457275390625,6356713
2014-09-15,259.81428448702815,260.63216794716493,256.81812407605946,259.2801513671875,7465540
2014-09-16,258.8878680759737,259.91441776012454,253.98886065614394,254.6732177734375,7520914
2014-09-17,255.74988290238542,257.6694283675133,254.5480902690624,255.34092712402344,10495633
2014-09-18,254.5480810431298,261.55857517199183,254.13077638478063,261.2247314453125,6706084
2014-09-19,262.04263512184366,263.14426895731566,259.8059438562373,262.4265441894531,10378769
2014-09-22,260.39011478100485,266.0903359462722,259.78086967405557,263.5364990234375,10506210
2014-09-23,263.5615296212121,265.6980618119954,255.96681046556404,256.8013916015625,21190009
2014-09-24,256.8848605944914,258.72094475470726,250.06630812469064,253.11253356933594,17279366
2014-09-25,252.21117049002004,253.65499663364673,242.44655200761983,244.5830841064453,30332934
2014-09-26,244.69992303886556,247.42068163560697,239.5255143937886,246.694580078125,18873354
2014-09-29,246.9199252700088,247.03678176220265,242.52168336242624,243.4480743408203,7073148
2014-09-30,242.86389808593552,245.01712858688492,238.27368671303617,239.28353881835938,13333391
2014-10-01,240.860876587731,240.860876587731,236.8548644639755,238.49900817871094,10776667
2014-10-07,236.18720847735685,243.1142408554925,236.18720847735685,238.63253784179688,18449612
2014-10-08,238.2903513596104,242.80545006415562,238.1902206640238,241.7872772216797,10532802
2014-10-09,242.86383004389234,249.50713934700184,242.86383004389234,248.43887329101562,12238358
2014-10-10,245.53453293224484,247.45404993882323,242.5967871536332,243.52317810058594,9018405
2014-10-13,241.52853755268572,247.25377743998183,239.8259795870528,246.68624877929688,9459494
2014-10-14,247.8546512888698,248.24690917804773,242.24626840397443,246.71127319335938,11288403
2014-10-15,246.71127319335938,246.71127319335938,246.71127319335938,246.71127319335938,0
2014-10-16,245.7014489883632,249.3903153237227,242.30470989180733,243.79025268554688,15670605
2014-10-17,245.65976789106318,252.26968343439415,245.3676686266425,251.24313354492188,14839423
2014-10-20,258.5290200170986,258.5290200170986,254.68158073293506,256.53436279296875,13952152
2014-10-21,257.0517885681355,264.79673219640756,257.0517885681355,264.0789794921875,15513168
2014-10-22,265.73150178320117,266.0486196944004,260.7824003596355,262.2262268066406,8615480
2014-10-27,264.1207237778959,265.0637845437362,261.67539447205013,262.5683898925781,11126714
2014-10-28,263.728488340144,268.38546237663917,263.728488340144,267.27545166015625,10254244
2014-10-29,269.2283353881835,269.2283353881835,266.34900406169993,268.043212890625,10474618
2014-10-30,267.0834840135638,271.37324634579664,264.3961208858037,269.4119567871094,26322631
2014-10-31,268.9529205872501,272.6084189563323,266.98331026249394,271.5151062011719,21065660
2014-11-03,271.40662578259673,275.4126379773296,269.12821825382184,274.69488525390625,13022333
2014-11-05,276.3306691703492,280.4201421253661,274.78668419736914,278.9762878417969,16438026
2014-11-07,280.16974982984317,282.38139406141914,277.3488605233397,281.2046203613281,9347464
2014-11-10,280.53696994987894,280.66214731956217,277.65766631579515,278.2502136230469,8030726
2014-11-11,277.2486728007807,282.256187151424,276.62273000489813,281.3464660644531,11662277
2014-11-12,282.62348279640446,286.25390727122175,282.62348279640446,285.08551025390625,10523271
2014-11-13,285.1271611032431,286.42911212227926,281.5050583403137,282.5065612792969,15610947
2014-11-14,281.42160922571423,283.5915370205532,281.2880829659636,282.47320556640625,10524866
2014-11-17,281.5885316681085,281.5885316681085,277.4156259187172,279.3935852050781,13396053
2014-11-18,279.75247606922926,281.6720213146648,279.01805354768146,280.6204528808594,11248880
2014-11-19,281.01268240132515,284.42611902707705,279.0847884567281,280.9041748046875,14558984
2014-11-20,281.33823410870747,282.7319672618963,279.50214960255875,281.7471618652344,8960451
2014-11-21,282.2561986056349,290.2347983045738,279.91934914169747,288.8827819824219,17794084
2014-11-24,290.4351512176616,296.9449069256234,290.4351512176616,295.99346923828125,13578185
2014-11-25,294.9502549326555,295.1004789894612,287.6392854631261,289.97613525390625,17101408
2014-11-26,287.01335369797386,289.45036229338535,284.75999275839865,285.4944152832031,15505330
2014-11-27,286.1620778454071,289.5671939915487,284.5930740644924,287.6309509277344,15438511
2014-11-28,287.9313885077817,296.6110723916032,287.9313885077817,292.8387451171875,16467154
2014-12-01,294.77499125180714,296.4107861445178,292.27124757295957,293.4646911621094,17857713
2014-12-02,292.7218706821621,296.31057775849166,289.6088543730798,295.52606201171875,14228054
2014-12-03,294.6247689936409,300.14137082477407,293.79853665637364,299.4653625488281,12067709
2014-12-04,302.53657910013976,305.4993716164461,299.07307711402257,302.2862243652344,13537613
2014-12-05,303.6215584308375,304.58134501813646,299.1148087601185,300.2832336425781,8548679
2014-12-08,301.2012837936105,302.1193259365069,294.27422325188843,295.2757263183594,6475662
2014-12-09,296.2772313128583,298.73925853327006,291.43666581257537,292.4381408691406,8119718
2014-12-10,288.4321683462758,296.1103215301477,288.4321683462758,293.8152160644531,11679797
2014-12-11,293.5230885222715,294.73322982995904,287.3054601448931,290.3934020996094,8902775
2014-12-12,290.01782987976804,292.8971334239851,287.5975473652911,289.0163269042969,7508487
2014-12-15,286.0952946363546,291.2697316304175,285.55281266077327,288.1400451660156,7925545
2014-12-16,285.3024209372334,285.8449028425033,274.7866544873171,275.9967956542969,16369716
2014-12-17,274.99536536939064,282.3814477109303,266.39916955774424,277.3739318847656,25141233
2014-12-18,285.3859695666392,289.600620731406,283.21604127858444,288.557373046875,10631579
2014-12-19,291.26974775691036,298.3637022678916,289.39191896444794,297.11181640625,25004771
2014-12-22,296.6945588554756,300.99267070569215,292.98064550279327,299.7825012207031,9977669
2014-12-23,298.614105885435,302.0358919919445,293.1475689933399,294.60809326171875,8114147
2014-12-24,294.0655854007583,297.86295937172304,292.8554440317124,294.6915283203125,13035476
2014-12-26,295.56781844842527,297.6960017057094,290.51858726229557,292.8971252441406,3566406
2014-12-29,292.1042706577127,296.02682129326803,290.76892413754274,291.3948669433594,4125797
2014-12-30,293.773543222593,293.773543222593,289.8092746508433,292.3130187988281,6246150
2014-12-31,292.18778465851864,296.1103079904022,292.18778465851864,294.6915283203125,5069990
2015-01-01,294.35768041970965,294.9836233303203,292.2712414062373,294.02386474609375,2583280
2015-01-02,293.77346749454347,303.37119294572136,293.77346749454347,302.36968994140625,8272990
2015-01-05,304.8735262322505,306.62615001910785,301.70209441729037,302.9956970214844,10316090
2015-01-06,299.94936876426493,300.3666733415237,288.93286412167333,290.14300537109375,13282427
2015-01-07,288.4321697280417,288.97465175129776,279.96115170037604,282.2979736328125,21254332
2015-01-08,287.93138468286804,290.852432913132,284.7599817022095,289.97613525390625,12558144
2015-01-09,292.0625389546834,292.43809905129706,281.33816194441545,285.30242919921875,15701030
2015-01-12,286.0535727299258,290.1013012271431,282.6735035682234,289.2249755859375,8304115
2015-01-13,291.2697832039729,291.2697832039729,283.5498848226717,284.5096435546875,13100848
2015-01-14,283.1325262147822,285.2607096200544,277.9163728386153,281.1712646484375,13127934
2015-01-15,293.89862273631735,297.1117697951213,290.05956086131,294.48284912109375,16662989
2015-01-16,294.48286270447,295.943386709151,289.97611332469603,295.31744384765625,14726646
2015-01-19,296.69453942102786,301.952409603704,295.0253769519012,301.1178283691406,10277015
2015-01-20,300.1997879860205,308.170068240512,300.1997879860205,306.9181823730469,11477610
2015-01-21,305.87496485347384,309.5888499930336,304.7482843751477,307.5024108886719,12457852
2015-01-22,307.8779081548671,310.7154950148748,304.289201129414,308.6290283203125,9320935
2015-01-23,312.8854345521981,313.3862000707128,307.7110256260753,309.38018798828125,13525550
2015-01-27,312.55160538790506,321.1477995868511,311.04933691367796,320.0628356933594,13932787
2015-01-28,319.60386940265926,328.32527047778706,318.4771888663328,320.52191162109375,14787690
2015-01-29,317.22529005994903,320.3132603117763,313.42794395277554,317.3922119140625,22085259
2015-01-30,318.3519861795481,318.8110072522871,295.98513099283986,301.03436279296875,31372235
2015-02-02,300.70055675265183,301.0344004896937,292.10436068808633,293.6483459472656,37165959
2015-02-03,293.7734732320384,297.7794853275377,288.0148378488636,289.2667236328125,25975650
2015-02-04,288.8077071088053,289.8092101483816,283.9671137535899,287.6392822265625,15639435
2015-02-05,284.5095924077731,288.1817608378135,277.7077375218048,280.0863037109375,18771838
2015-02-06,280.42017590032805,283.7585009883181,273.4931149213967,274.87017822265625,17811770
2015-02-09,273.3261485712576,273.3261485712576,265.81489032954966,267.1085205078125,15330887
2015-02-10,265.81494848120496,279.58558226476254,264.0623249102455,276.28900146484375,31301276
2015-02-11,278.83443951719704,283.71674964591335,278.70926213517697,279.335205078125,13732188
2015-02-12,282.2562355358272,284.8851565061998,275.4126360862202,283.049072265625,14372362
2015-02-13,287.0968570860716,288.6825868889261,283.9254535132179,286.9716796875,9926537
2015-02-16,289.55880936801094,289.55880936801094,280.75394887120683,282.1310119628906,11084024
2015-02-18,283.5080858208558,287.0967932854875,283.5080858208558,285.761474609375,8830098
2015-02-19,283.8419114686716,286.97159768651534,277.29041182574514,282.5483093261719,10326464
2015-02-20,279.585546674257,280.25323405738095,274.1607547849106,276.20550537109375,17197010
2015-02-23,277.9163888702803,279.1682747180305,272.9089015121255,274.57806396484375,12236793
2015-02-24,274.9953315678957,276.58106106085023,270.8224255726993,272.11602783203125,12177664
2015-02-25,273.40959513227455,276.2471820527534,268.1099813820431,269.1532287597656,18029910
2015-02-26,270.9892895583239,271.6152323280672,267.19191649620865,268.1517028808594,18356309
2015-02-27,270.9058976171122,281.2964605873685,269.5705508339693,279.7942199707031,17157486
2015-03-02,292.8137617052244,293.7318039565214,284.2175377098344,291.3114929199219,16237130
2015-03-03,290.4351486430114,291.6870064111692,287.18025680967355,290.9776306152344,16309976
2015-03-04,300.45015043139665,302.1193127974493,288.8077023043678,291.56182861328125,27007377
2015-03-05,289.09979059520373,292.02083863366397,283.84192093582755,290.2264709472656,12677758
2015-03-09,285.4275997729355,286.2204644116125,276.87312263355835,277.7494201660156,13711772
2015-03-10,277.66602557306607,281.9223924982172,275.70473593749034,278.4588623046875,15690129
2015-03-11,278.4171628922732,281.2130058832314,274.57807232428746,277.6242980957031,11762499
2015-03-12,281.71377408232286,283.5081139846786,279.29346321474947,282.2562561035156,12265104
2015-03-13,287.9313835436926,288.76596474669145,274.5780562792888,275.5795593261719,14368069
2015-03-16,274.9953263024417,277.91637445135973,271.78217894191624,276.6227722167969,12496540
2015-03-17,277.0818217615317,280.83745147971257,275.5378366083516,279.46038818359375,11214858
2015-03-18,277.9998325285315,280.8791641962427,276.288953728145,279.41864013671875,9603665
2015-03-19,283.3411729189878,284.9269024194657,274.0355742948762,275.5795593261719,15488184
2015-03-20,274.49463090798207,274.786730164399,264.31270529299724,265.8984069824219,23389273
2015-03-23,268.77771113130365,269.06981035730195,260.7656865529336,261.89239501953125,11517028
2015-03-24,259.1383045937617,264.27099804654034,258.2619787775389,260.30670166015625,18209548
2015-03-25,260.3901107724678,266.2322070074426,259.63899051743874,264.4795837402344,15109255
2015-03-26,259.5554999661515,261.8088884904011,252.54500769767384,257.0100402832031,34971712
2015-03-27,261.22471073434775,263.89540430318795,257.2604428682488,262.5183410644531,17383920
2015-03-30,263.9788358826823,266.6495294380755,261.51683666350505,265.9818420410156,14140124
2015-03-31,266.1487752535267,269.361922931582,261.8924079976598,263.3111877441406,14317689
2015-04-01,262.8938848997012,270.7389592198593,262.1010201691296,269.69573974609375,9190830
2015-04-06,271.61529052750063,271.61529052750063,266.524314391392,268.1100158691406,10512775
2015-04-07,269.5288364003313,269.9461130119007,262.89390293842007,264.8968811035156,9849292
2015-04-08,266.1487589687283,266.81641833701883,262.51833488825224,262.97735595703125,9158573
2015-04-09,265.39763795639084,268.6525018823352,264.4795958213267,267.56756591796875,13516230
2015-04-10,266.6495745376175,268.4439146796422,264.730028979256,265.6480712890625,9053218
2015-04-13,266.9833272624716,266.9833272624716,263.72846348520534,264.4795837402344,8810668
2015-04-15,265.6897640395103,268.98637276838525,261.26647476271876,262.8939208984375,11297754
2015-04-16,263.64502148408053,263.72848240911935,258.8461723846777,260.80743408203125,9682703
2015-04-17,262.1010520376674,262.8521723914201,257.26045817864724,258.804443359375,11639567
2015-04-20,261.14124910078954,265.0637720646821,257.30215903634894,259.68072509765625,11663690
2015-04-21,259.55553626029604,264.2292077649489,258.67923861241104,259.43035888671875,9953639
2015-04-22,261.433366163164,262.8938902661021,253.21270352756514,261.1829833984375,12256206
2015-04-23,262.26795979318536,263.64502303981646,258.512330209971,260.26495361328125,10352840
2015-04-24,260.7656837184426,260.8491446415953,256.3006784200964,257.26043701171875,13482295
2015-04-27,259.30516811988997,260.7656641242629,247.62097595354166,252.29464721679688,24819034
2015-04-28,255.0487630901851,274.24418485028576,255.0487630901851,272.7836608886719,37447522
2015-04-29,273.5765799805346,279.4186769891423,271.32319090062373,275.537841796875,24501414
2015-04-30,276.2471981228968,278.41712589902914,271.40660509267394,276.37237548828125,20787994
2015-05-04,277.7077646696871,281.1712951456292,272.24122794220204,274.8284606933594,11308400
2015-05-05,274.8284529364195,276.16377172214294,272.99236859373207,274.1190490722656,10109107
2015-05-06,272.825427335592,282.0893093162587,258.8461574525786,260.51531982421875,19967506
2015-05-07,260.5570210740874,261.22468038050494,250.8758630735624,254.2141876220703,16086181
2015-05-08,258.7209231349054,266.1487200729374,258.7209231349054,264.5630187988281,15672276
2015-05-11,267.1085501653394,271.9073992350918,266.3156853905813,269.98785400390625,9605442
2015-05-12,270.0295008196214,270.4050608749101,256.2171556276904,257.2186584472656,13692241
2015-05-13,261.34987036357035,266.3573568913018,255.79987390978684,265.1054992675781,15431501
2015-05-14,265.147247606017,265.35588589899584,259.7642003420635,262.8521423339844,11672149
2015-05-15,263.1442501536455,264.1040367622975,259.1799823752861,260.6822509765625,12014773
2015-05-18,262.8939141990309,264.4796158204778,261.141290719237,263.9371337890625,7629436
2015-05-19,262.01751892156636,266.1487077454846,260.3900732591817,263.1859436035156,9064851
2015-05-20,263.9371532550986,267.90142160930316,263.9371532550986,266.02362060546875,7555070
2015-05-21,267.23368174196514,267.7344191868579,260.97430959050445,261.6836853027344,11132704
2015-05-22,262.89391939988485,265.52284066337154,260.1815091891483,261.7254943847656,8944914
2015-05-25,260.39011443567165,262.142737727536,259.5138167979503,260.51531982421875,5481212
2015-05-26,260.390126274272,261.22470749803625,257.5942833771254,258.4705810546875,5505501
2015-05-27,260.22320370799645,262.72694710281786,256.63446842073995,261.3498840332031,12557150
2015-05-28,262.26798520932084,263.7285095230212,259.9728795758525,262.47662353515625,11520281
2015-05-29,264.6465206205675,266.1487612160114,262.7269754061543,264.7716979980469,22664703
2015-06-01,264.5630554891827,266.2322179056681,263.72847428094,264.1040344238281,7621775
2015-06-02,264.56307574881504,264.98035237667926,252.87890992224843,254.13076782226562,13982208
2015-06-03,253.9221097881581,253.9221097881581,242.69696593386738,246.82815551757812,22831293
2015-06-04,247.71951278152602,248.5684461229563,242.3287618399607,246.27630615234375,20759124
2015-06-05,247.21012273997573,248.22884839602003,240.24886400492252,241.1826934814453,23735127
2015-06-08,242.4985838237959,242.4985838237959,237.99921376614333,240.37623596191406,21145729
2015-06-09,240.16399672892217,244.32376753503164,239.44239336525186,243.72952270507812,19411474
2015-06-10,243.6446336568807,249.88431854715566,243.38994508019934,248.31378173828125,17487792
2015-06-11,251.285012929118,252.3037385347499,243.22013275759585,244.91799926757812,21760535
2015-06-12,245.76698035189844,252.13399525253908,243.77196259093316,251.2425994873047,20748570
2015-06-15,250.43609188715516,254.9778807481155,248.90798915507997,254.00161743164062,17020704
2015-06-16,252.17638665811094,257.2275809806272,249.5022568088996,256.42108154296875,15828124
2015-06-17,258.28877778960924,258.3312116354137,254.72325180977148,255.82687377929688,16849471
2015-06-18,258.54350621015965,259.5197697963149,256.6758467425393,257.5247802734375,15455462
2015-06-19,255.02036502432426,259.7744089919954,255.02036502432426,258.54345703125,9060393
2015-06-22,260.11393919007344,268.1788481391585,259.81681681526675,267.4572448730469,17123638
2015-06-23,267.37240105312515,268.94293791118423,264.8680345495411,266.1414489746094,13093667
2015-06-24,266.3112242380156,271.9990979402663,265.4198284981493,269.7494201660156,14984900
2015-06-25,268.5609043525904,271.3623931334157,265.8867456079053,267.24505615234375,18385230
2015-06-26,267.414800040389,267.4572338786684,261.93915350781776,264.6133117675781,11342004
2015-06-29,256.37865194437654,265.71694768569847,254.80814370460448,264.1888732910156,11605396
2015-06-30,263.21258849492295,266.22630319443994,258.1189600959653,261.4722595214844,15125139
2015-07-01,262.0665301285114,266.1414332493849,262.0665301285114,265.0378112792969,15481941
2015-07-02,266.8205714211949,267.79686334516305,264.1039788690244,265.7169494628906,9252723
2015-07-03,264.6558005236446,267.8393079944178,263.9341971374586,267.0328369140625,5716323
2015-07-06,262.4061125910095,268.9004858207757,259.1377090533991,267.54217529296875,8562220
2015-07-07,266.5658371523741,269.9615697728112,264.4859238490577,265.3773193359375,10617091
2015-07-08,261.81190497469464,264.5284979181803,260.02914174610163,261.0903015136719,13252578
2015-07-09,260.62334929238955,263.9766490149655,259.51972733333156,262.7456970214844,6959346
2015-07-10,265.29248835526914,267.3299398274345,263.38236691328297,265.84429931640625,10664155
2015-07-13,266.9903619369151,269.2825020264997,265.5471837310412,268.60333251953125,8964077
2015-07-14,269.11271401574396,269.19761020549237,264.9104808651776,266.0989990234375,8304877
2015-07-15,266.48105804405765,268.2638213027216,266.0141431787356,267.11773681640625,7378092
2015-07-16,267.20258367246095,270.1738647209098,266.90546126725934,269.1976013183594,13466904
2015-07-17,269.96163523242126,272.5084353152906,268.7306832839452,269.4947204589844,9339699
2015-07-20,270.7681529310425,271.48972781246727,264.9529205454183,268.093994140625,9420104
2015-07-21,269.5371550513657,269.5371550513657,263.50972532201445,264.4010925292969,10702263
2015-07-22,263.84930303636554,269.70696936823276,263.00036960397847,268.94293212890625,11141670
2015-07-23,268.9853512788088,269.7069546312855,265.0802691024919,265.632080078125,15214876
2015-07-24,264.6982587037034,264.6982587037034,254.08654830263103,255.19017028808594,21177605
2015-07-27,254.55344664058632,254.55344664058632,246.2763107832317,247.125244140625,11212545
2015-07-28,247.6346514813222,250.7332628887697,239.99422183394344,241.94677734375,25395273
2015-07-29,244.0691231255132,246.10654631532768,241.14027563713245,245.5547637939453,13165836
2015-07-30,246.1914108936604,249.29005037447453,244.06909178121597,247.04034423828125,13705803
2015-07-31,249.96919810487518,262.2363123394179,249.67207570096173,256.7182312011719,38967790
2015-08-03,258.458565893112,266.5659096525476,258.24631117294905,265.632080078125,28709585
2015-08-04,266.14142262580725,267.6270631418976,260.66577533798227,266.60833740234375,16797983
2015-08-05,267.20257742092576,271.48970651940505,262.32120352594643,264.3161926269531,13798462
2015-08-06,265.504732219831,265.5896284116657,261.00537654368486,264.0615539550781,12210084
2015-08-07,263.085291634113,265.3349697256077,261.85433946117337,263.29754638671875,6215341
2015-08-10,263.1701226294885,266.5658843493736,260.75065273467305,262.83056640625,7698226
2015-08-11,263.0852566724854,263.0852566724854,255.31749751171023,256.5909118652344,10431195
2015-08-12,254.68078096315293,254.80813949274932,246.27631493488494,247.5921630859375,10292540
2015-08-13,250.6483353053423,253.5771539541803,246.91301714533284,247.80441284179688,13754705
2015-08-14,249.7994129581851,257.90675677604503,247.9317537958809,256.8880310058594,9669851
2015-08-17,256.33623113124116,258.6708051852597,252.00666779404975,257.1427307128906,8331141
2015-08-18,257.2275617429644,258.24625880100155,252.72817866194603,255.61456298828125,5936462
2015-08-19,255.57221841191645,259.26507490713436,255.10530355632193,258.50103759765625,8754270
2015-08-20,254.89300920098694,260.4110897929452,251.15769135423287,253.1951141357422,15936951
2015-08-21,249.3749443641097,252.89803663973518,245.00294715253818,251.7095184326172,13769807
2015-08-24,239.73950498542405,241.81941879304347,227.09037225895608,229.17025756835938,33312582
2015-08-25,234.77324003077786,241.43737703564014,226.79324061339267,240.67333984375,26553623
2015-08-26,237.65964634302188,239.6122018417489,234.05167202961476,236.04666137695312,16189880
2015-08-27,240.0366272224434,241.52226772763174,237.8718457286083,239.78196716308594,27884874
2015-08-28,241.98921080302247,245.5971993802038,239.1028256409213,240.84315490722656,14365759
2015-08-31,240.16399269713625,241.39494468035656,234.6034491027952,235.9193115234375,15079961
2015-09-01,233.45739141165163,236.38622439002734,227.76951783014803,230.01919555664062,17342438
2015-09-02,234.30632284264314,234.94302999542342,223.35505670875816,224.84068298339844,18825908
2015-09-03,228.06663329423617,229.042910923972,222.1665336724096,226.53855895996094,16509187
2015-09-04,224.8831243670315,225.05291673580237,216.18153620057365,218.813232421875,21605844
2015-09-07,220.7657873816069,221.78451309470265,210.28143635300702,211.46994018554688,21698736
2015-09-08,213.76205294363885,222.67588101864305,211.55482353194554,221.40248107910156,18300349
2015-09-09,227.47239872035445,228.36378020511188,222.9730289530313,224.5860137939453,24478703
2015-09-10,220.72337500822127,229.21273832567405,217.53986732645402,227.00550842285156,13718266
2015-09-11,226.96301912511078,229.1278005359711,224.45865298383512,227.13279724121094,14872838
2015-09-14,226.02920891100814,232.01420505712576,223.35506442533807,231.2501678466797,13300446
2015-09-15,231.75953033980443,231.75953033980443,226.4961233182204,227.93931579589844,14825729
2015-09-16,231.33505022460662,232.56601648156231,228.40623141295583,231.63218688964844,13377086
2015-09-18,236.21643207373776,242.24387615813316,233.28759909463102,235.87686157226562,21286324
2015-09-21,230.82570007129004,237.9992000945867,230.06164861529433,237.10781860351562,11510079
2015-09-22,236.0041929941253,237.99919641909815,228.4486744840671,229.67962646484375,14741229
2015-09-23,226.62344085557436,233.45736958371322,224.24641906989407,232.05662536621094,12489166
2015-09-24,230.40119685656316,232.26885584765884,226.6658788743718,227.76950073242188,10557228
2015-09-28,230.91056762527316,231.50482666533279,226.198971895095,227.59971618652344,8561999
2015-09-29,223.86441493238075,231.46239600168818,217.62474441380294,228.36378479003906,29415623
2015-09-30,230.31635679713867,231.16529026577595,225.56231227383816,229.50985717773438,13700514
2015-10-01,232.141529042221,232.141529042221,225.85939678096594,226.7507781982422,7677876
2015-10-05,231.25016405316936,239.3999559103734,231.25016405316936,238.50856018066406,13756761
2015-10-06,241.09782446701786,241.8194278251487,237.7020766472984,240.03663635253906,10497246
2015-10-07,238.46612406730816,240.9280424107622,235.32506468027935,240.2489013671875,7765703
2015-10-08,239.7395004980147,239.7395004980147,235.28259331192567,236.38621520996094,6649535
2015-10-09,238.97547405547127,244.4086591067865,238.16898876640911,242.88058471679688,11102562
2015-10-12,244.23887465067764,247.4648444097546,242.15898921947496,244.1540069580078,7892259
2015-10-13,242.71079366973535,245.93676334186785,241.52227552755843,244.02664184570312,6102034
2015-10-14,240.6309315569597,242.11657225374705,239.35751710307918,240.1640167236328,5325426
2015-10-15,241.09781483676338,243.6446149129938,240.8006924359356,243.09280395507812,6759388
2015-10-16,243.2201497020109,248.4835419492832,239.86685028698597,245.7244873046875,8890588
2015-10-19,245.68205106232986,246.10650346614165,242.45608170157462,243.81439208984375,5806930
2015-10-20,243.2202037370061,245.76700424521712,241.3525443313405,242.96551513671875,8710318
2015-10-21,242.41365638243556,244.3662116039682,236.6833349929222,239.9941864013672,5616168
2015-10-23,242.75325924055608,245.34249328350722,241.64963727230602,243.00791931152344,8208290
2015-10-26,244.28131738812976,245.97918407316865,240.88558401805196,242.24386596679688,6085533
2015-10-27,241.0978434945877,242.71081421810263,239.48487277107276,240.84315490722656,6090339
2015-10-28,237.70209789292645,238.29635702054122,228.44869743755467,230.23146057128906,15503186
2015-10-29,231.16526790369457,232.86313467672366,229.50983497579352,230.44366455078125,9035266
2015-10-30,231.12280251122877,237.4049205005424,229.6371620714658,235.15524291992188,27623495
2015-11-02,235.15527244000972,238.8056947365278,234.0516646812422,237.320068359375,11398428
2015-11-03,238.04165377757934,239.99420918447177,236.173994562136,237.23516845703125,9079788
2015-11-04,238.50853553486863,238.50853553486863,231.33502208798473,232.05662536621094,7389933
2015-11-05,230.91056075749935,232.18397498391133,228.15152034878565,229.25514221191406,11422504
2015-11-06,229.12780006068132,229.12780006068132,224.75578915672784,226.7507781982422,12121540
2015-11-09,220.12908798927847,224.96802817208618,217.32759930430734,223.39749145507812,13448248
2015-11-10,221.9967503621191,226.15654960594347,221.10536888104488,223.10037231445312,8652695
2015-11-13,221.02048051781375,223.27015820223966,219.87441050453762,222.208984375,10160904
2015-11-16,221.57228816165517,227.81197290480884,220.38378424582575,226.87814331054688,8992376
2015-11-17,230.65590039513683,231.20771136003484,225.01047496421805,227.3874969482422,17959700
2015-11-18,226.6658911215846,227.72706494634647,220.2988766712294,221.10536193847656,9500657
2015-11-19,223.27015512616762,227.51483612753765,222.9305703867003,226.1565399169922,9618626
2015-11-20,224.6284604757278,229.42495262476967,223.69463090241567,224.9255828857422,9819811
2015-11-23,225.8169689690493,227.3026095476289,218.43122842028612,225.77452087402344,12735592
2015-11-24,223.56729125976562,225.30760616002647,220.42623197046603,223.56729125976562,11775700
2015-11-26,223.4823876931371,227.26015403425458,223.4823876931371,224.1190948486328,13255344
2015-11-27,225.6047203941764,230.06162743929627,224.45865044022707,229.25514221191406,11608418
2015-11-30,227.6846525351194,235.5797568205232,227.6846525351194,232.22647094726562,16528998
2015-12-01,233.49983722021634,234.94302964837377,232.01419669866235,232.5235595703125,6603705
2015-12-02,233.07536859007857,233.7969576735807,227.98175416519712,229.55227661132812,7161062
2015-12-03,228.0666267298409,229.25514478796603,225.05291199144526,225.6471710205078,8549273
2015-12-04,223.31261144613623,224.11909673386867,221.40250421269,221.95431518554688,9085607
2015-12-07,224.37376639210822,224.58600685769008,222.08164060936502,223.31260681152344,5522740
2015-12-08,222.20898950042246,222.845696661274,220.4262265489682,221.95431518554688,11624224
2015-12-09,221.40250927489956,222.37878696094324,219.36505771287645,220.25643920898438,8129762
2015-12-10,221.4449550594681,222.33633654627596,217.3276038834115,219.83197021484375,11053207
2015-12-11,221.19026182557985,221.65717660639518,209.81452896060244,211.63973999023438,18851171
2015-12-14,209.94186307783238,213.8894218693213,207.98930772931564,211.3850555419922,13279719
2015-12-15,210.4512106627091,210.4512106627091,206.33387404183097,209.1778106689453,13675557
2015-12-16,209.89941635649535,215.20527145794298,206.84325327946968,213.9743194580078,18885293
2015-12-17,215.58729839238987,216.7333684962551,212.3188947153973,214.9081573486328,17692297
2015-12-18,214.0167745299701,214.78081176185796,212.10666720114128,212.3188934326172,14450734
2015-12-21,212.31887425173718,220.29887336596653,212.23397806717267,219.19525146484375,14307700
2015-12-22,217.75210584879716,223.6946544175344,217.70965775017453,220.3413543701172,21342967
2015-12-23,220.38377705602247,223.22771384114046,219.959310367852,222.29388427734375,11533960
2015-12-24,223.27017699914978,223.77953990914327,218.43123647876615,218.98304748535156,6097366
2015-12-28,220.76581205184098,224.9680454011231,220.72336395495952,224.16156005859375,12041784
2015-12-29,224.1191064102912,226.24143995624817,221.9967586152252,224.7558135986328,9054719
2015-12-30,223.48240577941468,224.5011316110093,222.20900561447613,222.71836853027344,10025565
2015-12-31,222.50612348686408,223.99176410674715,220.85070473126612,221.8694305419922,8546444
2016-01-01,221.82697961388774,223.779535018001,219.02549079471018,223.27017211914062,5998096
2016-01-04,221.57228701035984,221.86942367460486,216.18154994836195,216.94558715820312,9435792
2016-01-05,217.53982591319266,218.60099968813512,213.67716363175938,217.92184448242188,8966977
2016-01-06,216.8182633790378,217.96431922686963,211.55485620072932,212.3188934326172,17416181
2016-01-07,209.17782266084646,210.2814446015088,206.3763339644958,209.47494506835938,18240712
2016-01-08,207.5648387552633,210.36632746391786,206.6734572797013,208.03175354003906,14404391
2016-01-11,205.35762600958452,207.05549291242525,202.08922224723943,203.27774047851562,14208668
2016-01-12,204.59358416440418,205.31517330719447,200.00933223026442,200.985595703125,11895899
2016-01-13,201.87698169647746,206.2065448415904,196.1891080264605,203.32015991210938,18215710
2016-01-14,198.82080949969762,203.5748537117363,196.7833579090785,200.13665771484375,14600781
2016-01-15,200.00932617028025,200.60357100547597,188.25156001546404,190.54368591308594,22333902
2016-01-18,190.33141244308027,194.15162635992223,184.89822818301565,189.3975830078125,30239009
2016-01-19,190.71343303775626,196.31640970967246,190.71343303775626,194.19407653808594,16222439
2016-01-20,190.9257026611081,193.47251710538097,186.85081379938023,190.50123596191406,14353478
2016-01-21,193.98185585825,198.22653688295586,190.33143388177103,192.11419677734375,15665863
2016-01-22,197.462529970065,199.41508553549204,195.08550766203774,197.58987426757812,15148522
2016-01-25,200.30644597370627,202.47122755734443,198.8208054068881,200.39134216308594,17137268
2016-01-27,202.04677376293787,203.1503957971372,199.2452848291484,201.4525146484375,12155561
2016-01-28,202.51368183106126,203.36261525254298,196.31644505567033,197.9718780517578,24258166
2016-01-29,185.91698802567376,198.90570633517498,185.91698802567376,195.3826141357422,47755494
2016-02-01,192.70845514751875,193.0055917951407,183.28526359080976,184.38888549804688,40395715
2016-02-02,185.06804433470677,186.51122251198333,178.0218745761605,178.61611938476562,31821419
2016-02-03,175.72978486686523,177.25785954461767,171.95201777632292,173.2254180908203,23592288
2016-02-04,175.22038726441716,175.22038726441716,170.21165470214657,173.14048767089844,30869158
2016-02-05,174.4563449200172,179.12549297626202,172.84337427282847,177.76719665527344,36189377
2016-02-08,179.1254785469889,182.94569287602096,175.00814181980618,177.04559326171875,19366081
2016-02-09,173.18294479079836,179.54995968600164,170.4239040529363,177.76719665527344,20906682
2016-02-10,172.418908107293,177.85209340839603,171.48507849309658,175.94198608398438,22742128
2016-02-11,172.97069767766914,175.6873044645691,168.0893235783176,169.15049743652344,31817116
2016-02-12,166.90080215924343,168.42889077515366,161.72230575091282,164.31155395507812,41775526
2016-02-15,164.60867689883563,175.98442399489593,164.60867689883563,172.7584686279297,34130349
2016-02-16,175.7297335183777,175.7297335183777,165.96695787926166,166.90078735351562,20895952
2016-02-17,166.81592828341522,167.3677250263676,160.32156916332158,161.93453979492188,28792115
2016-02-18,164.2691209160657,168.93826912943763,164.0144465812952,166.518798828125,32260277
2016-02-19,166.22166299593505,171.01815511457355,165.75474821223858,168.76846313476562,17617480
2016-02-22,167.6648435070359,170.89079866940588,166.7734620969802,168.47132873535156,17567788
2016-02-23,169.2778625626836,169.2778625626836,161.51010193820122,162.99574279785156,20001984
2016-02-24,160.44888905404574,162.31654814038535,157.7747447029071,158.7510223388672,20654961
2016-02-25,159.34529265608438,160.44890039934302,154.12433361389733,155.35528564453125,38340699
2016-02-26,156.45892557650637,157.85967015091694,153.4451959243909,156.88339233398438,24687792
2016-02-29,156.88337856789022,166.30657110508534,154.2516820526288,161.3402862548828,43510436
2016-03-01,165.75476628894953,175.26285537536714,165.75476628894953,173.98944091796875,27223692
2016-03-02,179.71973033027024,187.95440345188834,179.21036749037447,186.76589965820312,40766551
2016-03-03,185.57738754749974,187.02057993181901,181.84206943493407,185.0680389404297,22903720
2016-03-04,188.25154243612678,190.50122002842508,185.95941675254855,187.19036865234375,24493722
2016-03-08,186.72347812234992,186.72347812234992,181.92698567651044,184.09178161621094,18883002
2016-03-09,180.65359829059724,184.98317622694594,178.3190240478274,183.66732788085938,17300650
2016-03-10,185.06804160925816,185.7896306872698,182.18165679899568,182.94569396972656,13551255
2016-03-11,181.12050093121093,185.53497476958924,180.48379372642185,181.5449676513672,14879621
2016-03-14,185.9169637030499,189.1429188105384,185.61982707201477,188.16664123535156,16726756
2016-03-15,189.14295364748486,190.88326866765587,187.19039813748333,187.9119873046875,13475557
2016-03-16,186.6810303362917,193.04804537741126,185.53497446846268,192.19911193847656,17144832
2016-03-17,195.25529171076303,200.56113289097436,190.968162119772,193.34518432617188,32391146
2016-03-18,193.72718211296382,196.48622264965476,191.9868673050128,195.425048828125,18370981
2016-03-21,196.57111578412022,200.00931150297387,196.4862195998583,199.3726043701172,14818419
2016-03-22,199.16036523481876,199.16036523481876,195.7646318346062,198.31143188476562,12269251
2016-03-23,196.48621179354836,199.49994072046604,195.9344008668768,198.82078552246094,16987529
2016-03-28,198.65103621353757,198.65103621353757,190.07679081851913,191.39263916015625,20214214
2016-03-29,189.5674017860269,192.66601288988448,188.80336459579033,189.6522979736328,20447782
2016-03-30,193.98185526463564,202.89568396432944,192.5386771148135,201.62228393554688,23016348
2016-03-31,202.21655928698863,204.8907038377848,198.3963446435032,200.9007110595703,30614104
2016-04-01,200.3488972464485,203.2777303318539,197.54740844713263,202.30145263671875,15677352
2016-04-04,203.9568410866704,204.63599626256703,199.2027976027144,202.68344116210938,16716587
2016-04-05,200.68846184198338,201.6222914142169,191.0105956158656,191.51995849609375,26547328
2016-04-06,192.96314949746773,193.55739431234142,186.85080922980342,188.93069458007812,19185947
2016-04-07,189.1429471946944,190.37389924638688,186.04432164354026,187.02059936523438,17724531
2016-04-08,187.23282833673693,189.9918689461215,186.3838949567891,187.82708740234375,9986871
2016-04-11,188.63358680149878,191.18038713188776,186.00189027694162,190.75592041015625,19813955
2016-04-12,190.41631066846608,196.0192873403823,189.99184403414878,194.19407653808594,20594261
2016-04-13,197.88696987702616,207.31016163290516,197.84452178361155,204.2964324951172,26283492
2016-04-18,206.71590164504804,207.09792023495416,199.1603690369401,201.32516479492188,17531597
2016-04-20,202.98059967043287,203.4050663875155,198.73591825049732,202.08921813964844,18650423
2016-04-21,209.05048742849286,218.8556982901529,209.05048742849286,214.82325744628906,36699098
2016-04-22,217.53984353497486,218.1765507013382,212.40378085702906,213.93186950683594,25884500
2016-04-25,214.86570182866598,216.77580910304115,213.2102688746234,214.7383575439453,18121694
2016-04-26,212.95558768403384,216.22399114265988,209.26271753914153,215.67218017578125,30185498
2016-04-27,212.9980375880592,213.0829337758557,206.50367870914238,207.6497344970703,36932788
2016-04-28,208.32888311779934,210.53611268469584,202.89568401198986,203.8295135498047,41386507
2016-04-29,204.38133571579857,207.47996114705603,196.35888801918182,201.15538024902344,71191415
2016-05-02,192.96316114868876,195.67975382076705,191.35017623451833,192.49624633789062,36440547
2016-05-03,191.64728192313672,195.25527005447586,186.7659080087842,187.69973754882812,29305611
2016-05-04,185.45005358299468,187.4450426241355,181.20537270437,182.05430603027344,36781786
2016-05-05,181.9269844182959,186.68102873446918,181.46006960597725,182.22412109375,27512684
2016-05-06,181.67231117807844,186.97815228227137,180.99315587921913,185.57740783691406,22266141
2016-05-09,186.42634795520314,191.85953312909214,186.00188125406237,191.26527404785156,19006901
2016-05-10,191.35014715515214,193.1329099347088,188.9731253660409,191.43504333496094,22357177
2016-05-11,186.7659321685071,192.32646203542313,185.66231011510783,190.11923217773438,32481385
2016-05-12,193.98186693160963,197.71718530665095,193.7696407052689,196.78335571289062,23932051
2016-05-13,195.63728076370316,195.63728076370316,189.65228517964366,192.2839813232422,23963285
2016-05-16,193.3027167232607,193.3027167232607,184.81335459262527,189.9494171142578,21535308
2016-05-17,191.30772998344136,193.13294114788388,188.67603347868922,191.8170928955078,18859442
2016-05-18,189.31271364655572,193.09048001060026,188.29400214033168,192.24154663085938,17541869
2016-05-19,192.24154573329977,193.98186057855406,190.3314385132467,191.47750854492188,16422069
2016-05-20,191.43506659494227,192.11420761771643,186.4263481178249,186.85081481933594,14666521
2016-05-23,188.5486709035757,190.0767594915861,187.06303040821348,187.69973754882812,14239474
2016-05-24,188.97315281601334,191.18038256612604,188.12421939282453,190.6285858154297,10907585
2016-05-25,192.6660106870101,200.00931709433613,192.36888828289494,199.4999542236328,20767970
2016-05-26,200.2640090481306,206.2914535918366,197.8020906643576,204.72091674804688,33650773
2016-05-27,202.8957005006661,210.7059221782709,202.13166327094783,206.41879272460938,26582685
2016-05-30,206.50365983280585,209.34759636937716,202.72589381405015,207.5648193359375,15860236
2016-05-31,210.91813986959937,211.38505465754722,204.84824762627719,207.6921844482422,18249239
2016-06-01,207.05546695117548,208.37132930991072,202.98057834581402,203.7870635986328,11862710
2016-06-02,202.98059399591773,205.78208279981035,201.70719388026896,204.8907012939453,15349530
2016-06-03,206.20652780620506,209.17780867916406,205.44249066703614,206.92813110351562,16566716
2016-06-06,206.6310156745894,208.83825963492274,205.44251175288665,206.71591186523438,11592082
2016-06-07,208.41377121901536,216.35132198256252,207.73461601371653,215.71461486816406,25311345
2016-06-08,216.64844728298135,221.74206151933947,214.6109958887951,218.72833251953125,25139392
2016-06-09,218.17656418468974,220.08667155271615,214.95060855736074,216.09666442871094,13787240
2016-06-10,214.78079363570055,218.72833799945198,213.50739360698472,214.44122314453125,13236448
2016-06-13,210.87567532136498,210.87567532136498,205.8245092366206,206.92813110351562,14297870
2016-06-14,209.6871991174738,210.06921773733373,207.395073149205,207.94688415527344,11988708
2016-06-15,208.41378228353747,211.5548414331709,205.10293076128838,210.49366760253906,15761615
2016-06-16,211.14348610553773,211.14348610553773,206.24828029690016,207.11468505859375,17042021
2016-06-17,209.19406212699514,209.8438729508281,203.73568901693466,206.59483337402344,15150943
2016-06-20,202.43608130337108,207.46125202989722,202.43608130337108,206.29159545898438,17780316
2016-06-21,208.1543646319542,208.8041754370757,204.68873124190569,206.07498168945312,12191664
2016-06-22,205.4251840643928,209.97381604299937,204.2988492209475,207.07135009765625,13478056
2016-06-23,207.1146855629751,209.19406862999207,204.51547127156454,208.71754455566406,7979235
2016-06-24,198.40729868939485,201.786274308652,191.56267498261755,200.09678649902344,33755632
2016-06-27,198.66720370382288,203.08588514760027,198.66720370382288,201.6129913330078,13172968
2016-06-28,199.79353523820268,202.9125950312465,199.27368951563548,202.00286865234375,11302737
2016-06-29,204.38551323027693,206.46489636887685,202.95594095807976,205.0353240966797,7959976
2016-06-30,207.50456564469908,210.36371008229304,207.33129341786227,208.414306640625,16851065
2016-07-01,209.41065459725078,210.23375217973103,207.54788006310514,208.2410125732422,9108853
2016-07-04,210.6236330286548,215.69211088827223,209.58394153376915,214.99899291992188,10389222
2016-07-05,217.29498832126745,217.55490394593724,211.87993647409328,212.35646057128906,10375132
2016-07-07,212.26979733075902,214.04594301228232,211.40339260640425,212.1398468017578,8365966
2016-07-08,211.8365917687495,211.8365917687495,207.54787535985128,209.62725830078125,7658211
2016-07-11,213.65607057666827,217.20833299192904,213.65607057666827,216.47189331054688,9682385
2016-07-12,217.98808055665367,227.17200240026293,217.2516409219224,226.73880004882812,28558549
2016-07-13,228.94815633934132,231.9372659506122,224.48616731164708,226.26229858398438,28248930
2016-07-14,226.13231782145212,233.58343048607168,224.9626757996919,232.71702575683594,14269365
2016-07-15,233.49679736538508,233.8000346712349,228.2117108339688,230.24777221679688,11510449
2016-07-18,230.2910988179933,235.01301798859714,227.47527599304092,228.2117156982422,14310274
2016-07-19,229.59798913266303,234.36323047142534,228.08177333535457,233.19358825683594,14880049
2016-07-20,231.33077537518338,232.37046693299004,229.98784650566685,231.7639923095703,7892214
2016-07-21,231.24414786257185,233.0636008280326,226.39226359310248,226.912109375,12060367
2016-07-22,227.3019872358796,229.0781184854608,224.26955596975873,228.25503540039062,8537587
2016-07-25,226.91210595004128,234.75308516912003,225.91573609497345,232.76034545898438,11311554
2016-07-26,232.58708695631225,233.49681347900275,225.35258192801763,226.6955108642578,11896758
2016-07-27,227.691878759889,237.22236085822806,227.691878759889,234.44985961914062,26003949
2016-07-28,234.70974792163378,237.39561999996235,234.31986725252347,235.6627960205078,9781546
2016-07-29,233.97333194620938,235.0996669196956,227.04206441182868,227.7785186767578,21115025
2016-08-01,221.71367237869694,226.39227000594042,215.04233495479303,216.1686553955078,42583051
2016-08-02,216.12530803315826,216.12530803315826,212.26979398247138,212.52972412109375,20758831
2016-08-03,212.00988792361443,214.21922148949398,208.41430384980018,209.75723266601562,17910406
2016-08-04,212.13984840465773,212.3131206254219,205.03530925196367,208.2410125732422,29931529
2016-08-05,211.4900517275994,215.43220951340732,211.4900517275994,213.09291076660156,16307350
2016-08-08,213.22287469055777,214.60913989055533,211.87994572931976,212.48643493652344,11906856
2016-08-09,212.6163655126075,215.3022229990997,211.83658964639133,212.5730438232422,12642014
2016-08-10,213.13624487551667,213.61276899137107,206.33494216495077,207.3746337890625,12527824
2016-08-11,207.93777055458202,210.84022197443247,205.81506592399012,210.27706909179688,9477854
2016-08-12,210.97020594582466,214.5224830308918,208.9774662060817,213.09291076660156,11727486
2016-08-16,213.13624723575566,216.1253425102253,211.2734724479115,215.3455810546875,13111524
2016-08-17,214.95569386650854,217.9881107465213,212.4431082463229,214.52249145507812,12875115
2016-08-18,214.7390806622452,219.89420233290508,214.65243727339418,219.11444091796875,20725328
2016-08-19,219.2010735841448,221.54037225688353,217.9447881343431,219.9808349609375,14519513
2016-08-22,220.28407827048068,220.89055285454552,215.47551603442898,218.55125427246094,9076842
2016-08-23,216.99175496085275,218.3346838879298,215.51886094788904,216.775146484375,10995821
2016-08-24,216.77512670271057,218.07473381589733,214.73906537906575,215.2589111328125,9228359
2016-08-25,214.82570955489362,216.7751275030512,213.22285059639324,213.9593048095703,14901359
2016-08-26,215.04230941597774,215.56215515086268,210.7102713201763,212.52972412109375,11490424
2016-08-29,212.26980865788295,218.8978386003093,211.92324965811997,217.03504943847656,9206563
2016-08-30,218.33464904706793,222.5800436273159,218.33464904706793,222.01687622070312,15251016
2016-08-31,222.75333565437253,226.0023753179326,222.66670681226051,223.53311157226562,16906022
2016-09-01,224.18290822464004,228.73155503538126,224.18290822464004,226.08900451660156,18098850
2016-09-02,227.43196455598112,228.99148742376298,225.4825464288921,226.39227294921875,8034006
2016-09-06,227.6052107669802,237.30897859723996,227.6052107669802,236.269287109375,23274042
2016-09-07,237.39562688848733,245.8431094953447,235.79276793301258,240.9912109375,35379184
2016-09-08,241.3811198324978,243.20058745774875,238.73858360113286,239.43170166015625,13116475
2016-09-09,237.87216524975685,239.12845074938093,234.0166508204746,237.48228454589844,16649877
2016-09-12,231.33077657644284,233.4534813965177,227.60522726025698,232.37046813964844,20617372
2016-09-14,231.07086447618565,237.2223560194222,230.7676271582826,235.18629455566406,16807794
2016-09-15,235.40290782897452,237.1790391630209,232.37047641864424,234.44985961914062,12135372
2016-09-16,235.44621047524348,238.7818789397876,230.7242915033112,231.63401794433594,32955498
2016-09-19,232.19719354656567,236.0093862113196,232.02390677367288,235.31625366210938,15144399
2016-09-20,235.57620895215572,237.56893434119735,233.36686053152837,235.74948120117188,11030397
2016-09-21,236.35593869734186,236.52922546545634,231.28746069595883,233.84335327148438,12736748
2016-09-22,239.12843858189504,240.77461924397673,235.9227351837323,238.6952362060547,14886284
2016-09-23,238.95514342424502,238.99846511454396,233.84334393492983,235.01300048828125,17977571
2016-09-26,232.63038682869106,232.80365905243912,226.8254546723835,227.4752655029297,15868805
2016-09-27,228.34165226015975,228.9914484971551,224.39949498063652,225.26589965820312,17356843
2016-09-28,225.61248910901702,227.38863493464407,224.44284699894965,225.91574096679688,17881785
2016-09-29,227.86515972413946,228.29836212279116,210.79693577323383,216.9051055908203,48140661
2016-09-30,214.91236752160307,219.46100001439555,213.95931932860262,218.46463012695312,15104920
2016-10-03,217.4682781607484,222.58007821834877,216.68850219103882,221.93026733398438,18062317
2016-10-04,222.53674828314684,225.22260602665952,220.8472458633029,223.70639038085938,16201324
2016-10-05,225.2226124331168,225.78577992241742,220.58733651920508,221.3237762451172,16039581
2016-10-06,222.66670947258336,222.71003116533726,215.90872899602522,217.6848602294922,13854468
2016-10-07,217.38161899460007,219.98083325870317,215.04232033996308,217.12168884277344,10506728
2016-10-10,218.24804451232285,219.37437952600436,215.8654239390442,216.68850708007812,6611211
2016-10-13,214.69576945693862,215.21561527308074,207.15802693642092,208.9341583251953,20736801
2016-10-14,208.97747065274024,210.53700803124855,207.6778634418307,209.45399475097656,10761830
2016-10-17,213.1362246386605,225.17927693779916,212.74632940986692,224.1829071044922,69082439
2016-10-18,224.87605074356446,235.142972343677,224.83272904933636,234.23324584960938,41861705
2016-10-19,235.09967000524054,235.40290732868448,228.0817589896609,229.64129638671875,19968759
2016-10-20,231.46073673555077,241.64102914044923,231.46073673555077,240.5146942138672,36280178
2016-10-21,239.345045584197,242.63739234596073,237.48227101671336,240.34141540527344,26362877
2016-10-24,241.8576126320553,248.18239044901577,241.8576126320553,246.53622436523438,22219428
2016-10-25,250.565016426914,252.64439946667147,246.57953711483236,250.6083526611328,25090671
2016-10-26,246.44962069915064,246.44962069915064,239.99487676937733,241.20785522460938,30017739
2016-10-27,240.34143691068903,246.92613102340567,238.26205369936307,246.3196563720703,19868027
2016-10-28,244.32690216726712,244.7600900113682,238.73856375142321,239.86489868164062,18314125
2016-11-01,242.1175541212124,242.37746973627563,237.82883740496285,238.56527709960938,11675305
2016-11-02,233.93000639524405,236.74582924017847,232.84699313415817,235.57618713378906,15140657
2016-11-03,235.66282757274166,239.47502047864162,232.5437672598971,233.71340942382812,12484687
2016-11-04,235.57619671384217,236.0960279762475,229.9012145569984,233.75672912597656,16361493
2016-11-07,238.95515744693628,243.63376939253868,236.0960129735819,241.46774291992188,18741014
2016-11-08,247.6192485698392,249.0488208891732,241.07787616565204,245.36660766601562,35153751
2016-11-09,220.84725060009148,246.70953143569463,212.269816863451,243.85037231445312,51055067
2016-11-10,249.95855588809923,258.53598959611804,248.39900397818144,253.5108184814453,29137485
2016-11-11,248.87550685831565,254.94036903437572,237.82882477126344,239.47499084472656,33036653
2016-11-15,239.99486628784268,243.2872133845416,230.59434911098356,233.71340942382812,37961485
2016-11-16,239.6483010155907,241.03455162320427,228.90485517099532,230.63766479492188,26473183
2016-11-17,232.1538968621449,234.49319583639414,228.73158452536984,231.8939666748047,14654093
2016-11-18,232.5870723632924,233.06359644253504,227.25866410587702,229.25140380859375,9983933
2016-11-21,230.63767228783829,231.33079034298223,220.80395263056434,226.30563354492188,21625818
2016-11-22,229.5979643252498,230.98421487925813,224.65943672872194,227.605224609375,23906788
2016-11-23,228.81818681772745,230.3344023444279,225.69911238411055,229.55462646484375,17154845
2016-11-24,228.5582596496739,228.5582596496739,223.53310349774785,224.659423828125,22563160
2016-11-25,227.34529390491483,227.34529390491483,222.71001846812268,225.35255432128906,16611698
2016-11-28,222.3634592243666,222.3634592243666,219.63427981538467,221.19381713867188,32939718
2016-11-29,221.36709793986043,224.74608833330265,220.3274208931071,221.3237762451172,32329662
2016-11-30,223.05658230595785,230.89756119801663,221.7569751962127,230.07447814941406,20731093
2016-12-01,230.68098686503842,232.19720255962156,223.3165168666467,224.5294952392578,15792045
2016-12-02,223.53312593080958,229.25141516498758,221.67035121443595,224.83273315429688,12275345
2016-12-05,224.91938231136038,226.47891974494925,223.3598448777715,226.0023956298828,8305074
2016-12-06,227.21535276398106,227.56191178039236,224.87605395407215,226.13233947753906,8335181
2016-12-07,227.69186511637056,229.0781156528488,217.4682655920485,224.1396026611328,13635680
2016-12-08,225.7424631296651,228.2117270718423,223.87968838470167,227.6485595703125,11336250
2016-12-09,228.68824572947545,233.7567240376741,227.86516261582813,232.5870819091797,17533272
2016-12-12,231.76399391807757,232.45711193318513,228.60159752927095,229.46800231933594,7515935
2016-12-13,228.211720197144,229.90120810847708,227.43195878304584,229.078125,10265621
2016-12-14,229.16474332574415,229.3380300843081,225.26590759693397,225.742431640625,14369017
2016-12-15,224.13962821174727,226.73884281055402,223.31653050066564,225.52587890625,24089601
2016-12-16,225.26591252571174,225.26591252571174,220.8039238186608,221.45372009277344,24984316
2016-12-19,221.28047742629994,224.35621607237383,220.71730991579008,222.75335693359375,7417692
2016-12-20,222.40677993650928,222.40677993650928,216.81845606399523,217.98809814453125,11590031
2016-12-21,219.20110014637953,221.23716176205937,217.6415626614527,219.41769409179688,7685724
2016-12-22,218.94113690625102,220.76060430181815,217.1650057440595,219.15774536132812,8951470
2016-12-23,219.1577447703222,220.7172820155912,216.73180279180167,218.20469665527344,6932571
2016-12-26,218.5512552280277,218.72454199129538,214.08926649748696,214.99899291992188,6767153
2016-12-27,215.73545438084355,220.37073034308284,213.74271457132411,219.6776123046875,9094498
2016-12-28,220.06750599784868,220.76063861948404,217.51159854241905,218.1180877685547,9176829
2016-12-29,218.42130513998944,219.20106649155176,216.64515943998174,217.5548858642578,6379633
2016-12-30,218.33467265049248,223.0999134641248,217.77150518299757,221.19381713867188,11565801
2017-01-02,222.06022228243103,222.06022228243103,214.9556827433014,218.29135131835938,10404350
2017-01-03,218.42133713825956,221.28048190266028,215.99539480400782,220.4140625,10236706
2017-01-04,220.2840796794462,221.5836867795034,216.94841127631386,217.5548858642578,6901181
2017-01-05,219.3743750667673,223.96632933561358,218.50795570489072,222.88331604003906,13830668
2017-01-06,223.74971478320964,226.47890879563548,222.8399882931881,223.6630859375,9055143
2017-01-09,223.44647012171333,225.13595796410968,221.80028942956753,224.1396026611328,7875294
2017-01-10,225.26590696750623,226.9120875421845,223.79301315090765,225.43919372558594,14784040
2017-01-11,227.43194692901096,232.2838164805914,226.6521710131944,229.33804321289062,19565679
2017-01-12,230.9842267931923,233.49681241421197,229.98785688386317,232.5004425048828,11711279
2017-01-13,233.92999685431283,233.92999685431283,229.4246717607527,232.24050903320312,7810375
2017-01-16,231.67736580332175,234.6664610718581,229.42469574981808,233.3235321044922,8863676
2017-01-17,233.49681041279777,235.22962004424178,230.0311766075482,232.54376220703125,6968061
2017-01-18,231.67735540623022,235.7494638221773,231.11418791812784,232.5870819091797,10085606
2017-01-19,232.8902985707034,234.53647919433408,230.6376433604784,233.67007446289062,8605687
2017-01-20,231.33077381729754,232.15387144472862,227.47527400846738,228.25503540039062,12207059
2017-01-23,226.82546180971627,226.82546180971627,221.0638511636399,223.1432342529297,43793368
2017-01-24,224.00963969679128,224.00963969679128,221.49705421343583,222.79666137695312,26520047
2017-01-25,224.39952736539524,225.95906473549908,221.45373940265287,225.2226104736328,41078083
2017-01-27,227.90846070138534,237.39561999996235,225.8723994331472,235.6627960205078,89433645
2017-01-30,236.52923478263514,238.78189014505574,233.670090250284,234.62313842773438,17037472
2017-01-31,232.89032909999162,237.395654653399,230.85426753454277,233.02029418945312,20535165
2017-02-01,230.33441414708219,245.6264916409183,227.6918636268855,243.46047973632812,44647342
2017-02-02,244.326899888278,249.0921406372712,243.07059989113208,247.61923217773438,28910922
2017-02-03,246.88276965297783,246.88276965297783,241.55437616551774,243.93699645996094,20058936
2017-02-06,245.66985682119642,253.20759949659552,245.66985682119642,251.51809692382812,22521926
2017-02-07,249.52537137065747,253.59749482471776,247.1860868288775,249.6120147705078,12829302
2017-02-08,249.52532847733167,249.9585454021135,244.93337449825117,247.61923217773438,16662978
2017-02-09,248.3123682931676,250.17515757858374,241.38111512626304,246.92613220214844,16631183
2017-02-10,247.44596602785168,247.92249014246045,242.68073942412593,243.9803466796875,16771421
2017-02-13,244.7600901011658,246.14635518918539,242.20419747433903,244.0236358642578,13144434
2017-02-14,245.19332196149685,247.70589304843156,243.72041339798633,246.62289428710938,12889195
2017-02-15,247.099425704616,248.13911734351672,241.38112169066213,243.243896484375,14420745
2017-02-16,243.72039421877375,243.85035929515522,236.39926092705332,241.55438232421875,20257845
2017-02-17,242.33415450256405,247.87917137610555,238.9984858565719,245.1933135986328,28496342
2017-02-20,245.23661683432923,247.92247456891346,243.54712896246258,244.63014221191406,9947581
2017-02-21,245.19330014487886,247.6192276248887,243.63376287142077,246.75282287597656,11288626
2017-02-22,249.43868570615865,249.43868570615865,243.5904462579024,247.92247009277344,30787289
2017-02-23,246.66617616868837,250.17513135109442,244.37019925230226,246.49288940429688,25499159
2017-02-27,246.9261101481525,247.40263421526564,240.08148644148707,241.5977020263672,15037984
2017-02-28,241.68437170788732,242.6807416423002,238.8685486905855,239.43170166015625,18179839
2017-03-01,240.51469338638958,243.41715953598302,240.2114560805965,241.81430053710938,19983162
2017-03-02,244.37022654607225,246.49291693515067,239.99486613774408,241.4244384765625,20040929
2017-03-03,241.38110585306288,241.64103601691448,238.30536737734727,239.0851287841797,9256168
2017-03-06,239.0851267220789,242.03091463282257,238.6952460220254,239.77825927734375,12565060
2017-03-07,239.99485327389434,241.94427131709887,238.26204369876191,239.12844848632812,9116307
2017-03-08,239.30172477469765,239.6049620743498,235.74944785050198,237.7421875,12969749
2017-03-09,237.39563524842737,239.08512310387835,236.1826569306608,236.96243286132812,11647809
2017-03-10,238.39200405281773,239.56164613013237,233.41015480954948,234.40652465820312,15749231
2017-03-14,243.5471251073694,249.6986164174102,243.5471251073694,248.87551879882812,43486006
2017-03-15,247.70587162549919,248.65891976014947,246.14634889051538,247.05606079101562,13414846
2017-03-16,248.26903511222895,249.0487964672702,244.7167727810852,246.49288940429688,10712223
2017-03-17,247.87914732075632,248.39897851429154,242.2908092954745,243.11390686035156,25016303
2017-03-20,242.33416091837933,242.33416091837933,237.39564763091226,238.3053741455078,12153226
2017-03-21,239.12842742017733,239.82155991458504,234.8830327012144,235.70611572265625,16304076
2017-03-22,232.1105623112465,232.84700204987203,229.16477427202085,229.5979766845703,24534011
2017-03-23,230.89756509951255,232.413780691015,229.42467119996965,231.28746032714844,13209523
2017-03-24,233.62677324773114,239.86490822015432,233.62677324773114,238.04544067382812,19227304
2017-03-27,242.59409272103622,242.59409272103622,235.83611181656966,236.65919494628906,12341637
2017-03-28,239.99484252929688,240.47136659536037,238.34867641509234,239.99484252929688,13884032
2017-03-29,241.68434443075043,245.0200128870284,239.69160478683054,244.50015258789062,18910842
2017-03-30,243.67710406222128,245.40991369870557,242.3774822924965,243.76373291015625,16543030
2017-03-31,242.89731538687383,245.10666355442638,238.86852883007003,239.86489868164062,19741901
2017-04-03,241.55439256435184,249.0055057906868,239.86490466921313,248.3990020751953,20449617
2017-04-05,248.2257453751287,248.2257453751287,245.1066706514577,246.79617309570312,10569529
2017-04-06,244.2402463328923,245.7997690277239,241.94425489659895,243.33050537109375,17014957
2017-04-07,242.68074686681874,245.1933326051849,238.91187553045063,240.29812622070312,18994042
2017-04-10,241.20782475941442,241.7276705256613,239.21508507919472,240.55801391601562,10395338
2017-04-11,241.1211645866658,246.2762856554666,239.77823584334587,245.75645446777344,13734771
2017-04-12,245.88641441884312,247.74920350597998,240.9912087562457,243.2871856689453,18252914
2017-04-13,242.85399306221458,247.61923384325954,242.07423167708387,245.02001953125,15178825
2017-04-17,245.19332226113332,247.53260656878155,243.02729565111855,244.6734619140625,8250861
2017-04-18,245.5398406982422,252.6443944282765,244.80341557841842,245.5398406982422,19072022
2017-04-19,245.53985165974362,246.92611674872938,241.59770848451052,243.0706024169922,15189575
2017-04-20,238.21871839098404,239.34505332314842,235.4895389888482,236.3126220703125,31912290
2017-04-21,236.22600530909037,237.22237527468272,231.33079887680842,233.19358825683594,18165879
2017-04-24,233.7567153140522,235.09965871339466,229.77125043614177,232.76034545898438,24418208
2017-04-25,235.66282115409535,236.78915613374713,233.93001153219546,236.0960235595703,13685114
2017-04-26,237.39564731932845,240.81795943955217,236.52924250107571,239.90821838378906,15205419
2017-04-27,239.95154652979048,240.0381899224174,236.83248619175555,237.52560424804688,14909618
2017-04-28,236.96244081142393,242.07424078458467,236.44259502099183,241.2944793701172,9367499
2017-05-02,242.7673558236071,243.33052330151025,238.26204508510392,238.78189086914062,16780204
2017-05-03,239.04180147244833,240.03817132574125,235.01301490868033,236.3126220703125,24205196
2017-05-04,252.64442791192036,259.70564634444236,245.9297539685614,258.0161437988281,122120948
2017-05-05,259.9221788359364,261.438394236149,255.11363160105202,258.6658935546875,48189321
2017-05-08,259.9222117811718,266.9834294393195,259.9222117811718,262.4781188964844,30347849
2017-05-09,263.647766573059,264.55750758177606,258.53598131818933,260.44207763671875,15194182
2017-05-10,260.87531515662977,262.2182442654288,257.62628936634485,258.75262451171875,15054831
2017-05-11,261.39511113157613,262.0882290945057,259.5323220680978,260.0954895019531,10261128
2017-05-12,259.92223115962105,260.3987552646227,254.11729850917138,256.9331359863281,16605029
2017-05-15,259.48901092639727,262.95462977242875,258.36267607602116,261.48175048828125,17095696
2017-05-16,262.3914874594237,265.0340380790238,260.83196464639923,262.21820068359375,19569431
2017-05-17,264.77409136422517,268.7595706202909,263.8210432414582,268.36968994140625,23363685
2017-05-18,263.9943433028279,271.05556119672764,263.9943433028279,266.8101806640625,27753950
2017-05-19,266.7668191664674,270.6656548671986,263.12791360171013,266.0303649902344,16728969
2017-05-22,268.19640087154755,269.92921033719216,261.8283013632914,263.25787353515625,14850717
2017-05-23,262.6513698909361,268.3696579457913,262.348132630703,265.1639404296875,29771017
2017-05-24,265.8137551898828,268.2830186221708,262.7813243723559,265.72711181640625,20506719
2017-05-25,265.4238811330607,277.1203878258126,265.12064386073246,275.2575988769531,41775676
2017-05-26,274.6511491701201,279.8495776694238,273.39486373702437,278.5932922363281,21336089
2017-05-29,276.60055184584013,277.59693621060836,271.8786474258471,272.8316955566406,11266657
2017-05-30,272.7883964973746,281.1492368981934,272.4418520019551,278.46337890625,15573191
2017-05-31,279.84956025050144,283.66175254659356,276.0807041858026,282.83868408203125,128437479
2017-06-01,282.0156028784549,282.14555341072855,274.43455407826417,277.3370056152344,19883562
2017-06-02,278.9831597644951,279.8062573261973,273.4814942248631,275.6474914550781,13469524
2017-06-05,275.9507551554862,278.67994915524594,275.64751784100673,277.0337829589844,9831353
2017-06-06,277.7269344424882,278.16015143303576,275.25767030818145,276.3406982421875,10757211
2017-06-07,278.16015797437797,282.4055391579517,277.9002277739368,281.3225402832031,15076040
2017-06-08,282.3622034220253,283.3152516424574,276.81720088218844,277.4236755371094,20130322
2017-06-09,276.3406580971321,279.936227715069,273.87139432154464,279.1131591796875,10190305
2017-06-12,277.25038808002046,277.85686273346636,272.78838431617316,273.5681457519531,10376913
2017-06-13,272.96167789993314,276.1240599597958,271.965322503771,272.78839111328125,9305516
2017-06-14,276.4706433694731,279.3297881967807,273.2649249565313,276.42730712890625,22264301
2017-06-15,276.3839431011706,276.73051661549005,273.524798862193,274.4345397949219,11206355
2017-06-16,275.9074590430225,276.60057708738174,273.4815313454036,274.21795654296875,23228635
2017-06-19,275.5175330071741,278.7232506977232,274.69443546913624,277.77020263671875,10719809
2017-06-20,279.2765274128086,283.7430249120379,276.6350469299704,280.9094543457031,16849368
2017-06-21,280.4771800122972,281.1015240366504,278.1238494820786,279.6127014160156,7142413
2017-06-22,279.9968917594427,281.7738933330975,276.8751425374249,278.171875,9180870
2017-06-23,278.12384376095764,281.96599683277634,273.36919692256294,280.3330993652344,14937649
2017-06-27,281.4377532023583,281.53381290570286,272.26462314241604,276.53900146484375,18053262
2017-06-28,277.3554363120178,281.72587388615875,277.3554363120178,278.8923034667969,17157094
2017-06-29,279.99691442048965,285.1838153772825,278.6521666632919,281.6778564453125,34774280
2017-06-30,280.4772278279509,280.4772278279509,276.15480479635573,278.7002258300781,12435467
2017-07-03,279.9008585618486,280.7173219906068,277.35543789491095,278.6041259765625,6106230
2017-07-04,280.8614530188284,281.24566255819326,277.2114184248986,278.0758972167969,8335899
2017-07-05,278.5561304066054,282.158149334277,277.11532283553674,281.2936706542969,6958589
2017-07-06,282.3983072224069,283.4549053910026,280.81342462616715,282.1581726074219,9967582
2017-07-07,281.91800889929203,281.91800889929203,277.787705673108,278.2679748535156,8477468
2017-07-10,279.516690062254,281.6779015833539,278.5561516084318,279.9489440917969,1114874
2017-07-11,281.00546484462757,281.3897036110376,277.30741588100074,278.21990966796875,10893055
2017-07-12,278.26796431268684,282.97459623973305,277.21136629315316,280.8133850097656,8091465
2017-07-13,283.9351218228009,287.6812152573142,283.4068081800901,286.14434814453125,13747313
2017-07-14,287.5852041678552,287.5852041678552,282.87857165660364,286.4805908203125,6196683
2017-07-17,288.16149238699546,292.5319299628771,287.00883469212636,291.52337646484375,12506474
2017-07-18,289.84241092386725,293.9246984016682,289.60227636634954,291.9075622558594,11772154
2017-07-19,291.04312716879264,292.868144215771,289.5062599085407,290.3227233886719,10780451
2017-07-20,290.0826019250033,291.8596038590594,287.9213904868203,288.73785400390625,8458004
2017-07-21,287.68125401234687,291.90761715687876,284.51148898227444,290.130615234375,9705981
2017-07-24,290.27472180076603,294.5010849795738,289.69839288699535,291.0911560058594,15604131
2017-07-25,294.6931563806328,294.6931563806328,289.8904645927261,292.1477355957031,18129742
2017-07-26,294.6931294159433,298.7274018739671,292.53191830913806,298.1030578613281,26050717
2017-07-27,302.0412643715182,302.0412643715182,293.3003604357767,295.0773620605469,28535869
2017-07-28,292.00367220812586,292.00367220812586,282.2542133572591,284.46343994140625,30571846
2017-07-31,287.05688628549353,294.356983468929,284.5594807604625,290.6589050292969,21526493
2017-08-01,291.9075931351606,293.1563105543279,289.50624730595837,290.6589050292969,10722862
2017-08-02,290.27470136555195,292.43591265506393,287.8733554883164,289.9385070800781,8348096
2017-08-03,289.45825563473403,289.60233053353227,282.92657686058783,284.0312194824219,14389817
2017-08-04,283.35880585360627,285.760151665925,282.30220783352536,284.5594787597656,10099985
2017-08-07,285.5200172287314,291.04311259985064,284.9917328750761,288.3055725097656,11870705
2017-08-08,287.96935300507573,289.6502949272845,282.25416805754634,283.83905029296875,10288608
2017-08-09,282.7824802403423,282.7824802403423,278.41204253710174,279.1324462890625,12959158
2017-08-10,277.5955422669778,281.82190452187734,251.22875671733766,277.35540771484375,17225844
2017-08-11,272.74488026842687,278.2199313569565,269.2388917880867,275.6264953613281,17211539
2017-08-14,276.20280698833346,281.2936781293769,276.20280698833346,280.28509521484375,8428420
2017-08-16,280.18910181834275,284.12728635323276,275.96270882223973,283.31085205078125,8605873
2017-08-17,286.09635969647144,286.09635969647144,279.80481577774674,281.5818176269531,8168684
2017-08-18,280.4772043628426,282.7344753976018,279.32454659219394,281.5818176269531,6700778
2017-08-21,283.5989106420358,287.9213326501278,280.7172959699745,281.91796875,10623264
2017-08-22,285.27988038812504,285.61607466201747,280.62126368410946,282.3502502441406,7549155
2017-08-23,284.31936675515675,287.39310136431857,283.64697814899455,286.8167724609375,9142592
2017-08-24,288.16149692558736,288.3055718113895,284.943687680591,285.9522705078125,12766567
2017-08-28,287.8733420795816,290.32270303495244,286.3364749270752,289.0259704589844,8827300
2017-08-29,288.1615130849593,290.8510088150969,286.33649603141555,287.6812438964844,12737088
2017-08-30,289.8904534772197,290.370722637595,287.5851673700788,288.44964599609375,8552010
2017-08-31,289.02596158197844,289.02596158197844,285.27986816569535,286.2884216308594,14865124
2017-09-01,287.8733721906218,287.8733721906218,285.4239816657464,286.5285949707031,7472688
2017-09-04,288.0654416656466,288.1615013620947,282.8785405037896,285.3759460449219,6244661
2017-09-05,284.99175299820257,287.2009795773213,284.99175299820257,285.8562316894531,7683590
2017-09-06,283.2627838127983,284.31938197333363,282.6864548785693,283.6950378417969,4854030
2017-09-07,283.88705641287834,286.72065585942204,280.5732171743423,281.10150146484375,15630577
2017-09-08,283.16669907338587,283.16669907338587,278.6041418267988,280.4772033691406,8077662
2017-09-11,281.4377198960555,282.1101084265889,277.64358191275016,279.32452392578125,7639794
2017-09-12,281.10156439871463,281.82196821793906,279.0364126462659,279.70880126953125,8497603
2017-09-13,280.5732630685718,281.67787632876883,279.7087844003005,280.4772033691406,8297426
2017-09-14,280.18903084239554,283.93512430972,280.18903084239554,282.110107421875,12267908
2017-09-15,282.8305272044627,283.8870959325496,279.4686429994126,280.0929870605469,22632513
2017-09-18,282.3022534275974,282.7825226676285,280.6213110874887,281.4377746582031,11181986
2017-09-19,280.3811633464119,283.83910757547494,278.1719366709779,283.02264404296875,7558625
2017-09-20,280.4771733127523,281.2936367004669,278.17188733996534,279.0843811035156,14617079
2017-09-21,278.0278673812008,278.94036132499417,272.45672675709926,273.7054443359375,14496834
2017-09-22,272.40869113656976,272.74488543310196,264.8684589713693,266.1651916503906,23451953
2017-09-25,267.94220509408757,269.6231473360497,264.67635100191603,268.4704895019531,13358067
2017-09-26,268.4704442517511,272.7928664311174,265.8289640310272,271.5921936035156,11325047
2017-09-27,273.5132990507421,273.5132990507421,264.53225948790754,265.4927978515625,17853590
2017-09-28,265.060546875,266.8375192207961,258.52886906227604,265.060546875,32223724
2017-09-29,266.50140005443455,270.5356438864623,264.86847299244045,265.6849365234375,9980756
2017-10-03,268.4704468380818,269.6231044890043,264.29209949511494,267.4138488769531,6752832
2017-10-04,268.23031002808034,268.3743849049159,264.24408209802255,265.2046203613281,7417758
2017-10-05,265.1086140640007,266.4533620407943,260.4019814885694,261.0743408203125,10975305
2017-10-06,261.41053492742674,263.61979096412404,259.8736675352259,261.21844482421875,25447787
2017-10-09,262.56317343117314,265.3967440792504,260.54603695979114,261.02630615234375,20478222
2017-10-10,261.1223806664971,262.2269940093697,258.52891515426853,259.15325927734375,18594444
2017-10-11,260.4019847382485,261.2664634974535,255.6953521040809,257.04010009765625,12687990
2017-10-12,257.04007941966603,257.37627371934116,253.63015054196916,256.9920349121094,11831125
2017-10-13,257.04002049489986,263.8118028770441,257.04002049489986,260.593994140625,14402254
2017-10-16,263.76377599480253,265.1085235122778,259.6814889479649,263.4275817871094,12848154
2017-10-17,263.9079246820807,265.6368820720551,262.41910189145307,263.0914611816406,9183764
2017-10-18,257.8084973101118,257.8084973101118,251.9011920903863,252.7656707763672,30669948
2017-10-19,249.35576206242771,250.7005098926778,246.47414700619004,247.67481994628906,3822821
2017-10-23,248.1550725741707,254.0143619937896,246.37807087866221,252.18931579589844,22939775
2017-10-24,252.86172920356614,257.5683614153495,244.93728754761395,256.031494140625,15126641
2017-10-25,281.6298961099275,298.53535003025297,273.1291246374304,293.6366271972656,123615362
2017-10-26,287.96935486743104,302.23335370508244,283.3587830048755,287.4410705566406,43256025
2017-10-27,280.381133696056,293.39644570343046,274.23369422409604,289.26611328125,36889009
2017-10-30,286.81675662740264,296.27806521957683,283.59894729835906,288.6897888183594,38047961
2017-10-31,288.40167378387554,291.28328917555456,286.5286120539611,288.2575988769531,19050731
2017-11-01,291.0431218061343,306.3637203063994,290.46679292999596,301.03271484375,38829935
2017-11-02,301.080774673464,307.75649899803307,299.11165335587873,304.15447998046875,27736221
2017-11-03,305.2591298738264,306.0755934783362,301.6571104244972,303.4341125488281,14258432
2017-11-06,302.37741190953517,307.61235679498816,299.35172245945745,303.6261291503906,16349376
2017-11-07,304.5867060496632,305.40316948141543,297.1425340961808,300.1202087402344,12752869
2017-11-08,299.6879571143617,301.6090337625307,291.9075908266167,293.4444580078125,11942186
2017-11-09,294.6931415729204,302.3774480474508,294.6931415729204,299.01556396484375,12716330
2017-11-10,300.1681976078818,311.4065066516411,298.775405445661,305.9314270019531,21000915
2017-11-13,304.4906010714996,309.10117258007034,300.6484483765911,301.84912109375,13679015
2017-11-14,300.9366603566521,304.5867237598648,297.57477605315097,301.7051086425781,12362405
2017-11-15,300.60047425283045,306.9880481179473,300.3122951733701,303.0498352050781,14408468
2017-11-16,303.6741836155639,307.372262005478,303.5301087304095,306.36370849609375,8983382
2017-11-17,311.2144589672818,319.234960917526,311.02233955123836,312.27105712890625,20440466
2017-11-20,310.5900940441429,311.118378432938,304.68278881258374,305.9794921875,13606336
2017-11-21,306.1716013515118,309.48547040910876,305.0189435975726,307.2762145996094,13102056
2017-11-22,306.79594300293024,309.3894082722002,305.4992103682953,306.315673828125,9342622
2017-11-23,307.1321439264147,307.8525477041936,302.76170606654443,306.843994140625,9998609
2017-11-24,307.2762056764854,308.3808188925056,303.48209686378095,304.6827697753906,7867381
2017-11-27,302.6175697546875,306.0274981957205,301.1287471638869,304.4906311035156,9334428
2017-11-28,300.74451648914913,302.90572744063303,299.4477840555989,300.840576171875,13929413
2017-11-29,300.2642649960037,303.81823895886544,299.9760859309276,302.42547607421875,12384876
2017-11-30,302.52158185403493,303.3380160462207,294.1648860197436,295.41357421875,23832543
2017-12-01,297.47872233290127,297.7188569071728,292.38785177036317,293.2043151855469,6602231
2017-12-04,295.1253892809226,295.36552385316094,290.3707130252825,292.2437744140625,8763567
2017-12-05,292.7720612265371,295.46158604635986,291.71549255038434,293.2043151855469,8219441
2017-12-06,291.8115471920468,292.96420496970865,286.38451122494104,287.6812438964844,6751957
2017-12-07,289.60227186313114,294.64509749258866,288.353583908776,293.7325744628906,7414305
2017-12-08,295.12542032255635,299.59191797332045,294.8852857250603,298.4873046875,10732806
2017-12-11,298.72741400451554,299.92808689038577,296.085933655601,299.15966796875,6829121
2017-12-12,299.7359560921278,300.0241351617472,294.21286102739356,295.4615783691406,11995276
2017-12-13,295.84579330891927,296.2300027622444,288.3536063725208,290.9950866699219,14805881
2017-12-14,291.85960505712154,293.92475679942356,289.4582590048387,292.3398742675781,11140346
2017-12-15,298.1510978589536,298.4392769518217,290.61086595178676,291.18719482421875,23227021
2017-12-18,286.24043426050196,299.97612122620416,275.6745121904834,296.7102966308594,16300443
2017-12-19,296.99849983572545,302.377491693677,296.326111196828,301.3209228515625,13135113
2017-12-20,301.70508466237453,305.3071032726863,299.20767922989785,303.3379821777344,14003657
2017-12-21,302.9537865497089,304.058399777962,299.7840217532777,303.0018310546875,9705688
2017-12-22,302.569608464107,306.6038816356178,301.41695061130196,304.1064758300781,7628532
2017-12-26,303.77025884259194,306.4117393542667,300.8406285458746,305.59527587890625,7632721
2017-12-27,303.4821096967029,305.35514193003416,299.78403110990894,300.4563903808594,6354635
2017-12-28,300.45638119940077,306.6038500295778,298.24715474145233,302.85772705078125,22689602
2017-12-29,301.5129491019472,303.289950717027,300.16820142223577,301.6090087890625,9637881
2018-01-01,301.609026633792,301.609026633792,296.9023948196832,298.0550231933594,7739502
2018-01-02,298.6794021473152,299.3998058868762,295.3655332200133,297.4787292480469,7046560
2018-01-03,300.168203929114,303.8662820641809,300.168203929114,302.5695495605469,8898342
2018-01-04,302.5215676950621,303.19392695794096,299.2076986333517,302.28143310546875,6385367
2018-01-05,302.0412811571138,302.7136403813511,299.30374113041887,300.55242919921875,6366054
2018-01-08,301.12873828196376,305.6432797359132,300.2642597285034,301.7530822753906,7329648
2018-01-09,302.37744892521084,303.3379872373155,298.4872804865084,300.2642822265625,9190909
2018-01-10,300.2162115463677,300.6004502883492,298.2951350896619,299.68792724609375,6736971
2018-01-11,300.1682361608946,300.1682361608946,296.37409793049915,297.28662109375,8366713
2018-01-12,297.3826886698631,306.219624188554,297.3826886698631,305.1630554199219,11699345
2018-01-15,308.1406616187,317.6500138290225,307.61237730181597,316.30523681640625,30242005
2018-01-16,316.73751542434735,327.3034370912702,313.6637810322847,320.9158630371094,26707100
2018-01-17,320.86783852401066,330.61732666566155,320.86783852401066,329.7048034667969,43305353
2018-01-18,336.1883733799962,339.262107376219,329.4646059123963,332.49029541015625,31504669
2018-01-19,333.7390573864702,340.99111011572256,327.35145398577214,339.6463623046875,18812611
2018-01-22,338.4937206262148,338.9739898181683,331.1936230458595,337.6292419433594,15269782
2018-01-23,336.6206656109933,350.0682020766786,336.6206656109933,348.0030212402344,22485663
2018-01-24,343.6325866569449,345.02537895711623,337.9173718831013,338.82989501953125,12815095
2018-01-25,338.5897389376736,350.40434789017814,336.8607817833125,346.56219482421875,30183655
2018-01-29,345.7938004902097,351.2688807232928,341.5674376802123,343.5365295410156,17855095
2018-01-30,342.72004934266386,342.72004934266386,336.66866985518124,339.3101501464844,13358981
2018-01-31,335.08376013594216,339.9825108654324,330.04093453773453,339.02197265625,22638319
2018-02-01,333.83512508192507,341.8556269662827,330.23310591050466,332.5384216308594,29472295
2018-02-02,329.0323968583231,330.13703940069354,320.5316559943691,321.87640380859375,16957983
2018-02-05,314.67234738554026,321.0599211050751,314.14403374188873,316.6894836425781,17339547
2018-02-06,302.80972519138777,324.61395820725545,300.64851382999007,317.6500549316406,18491736
2018-02-07,322.11652679805945,323.12508029409565,316.88158130474096,319.427001953125,11819190
2018-02-08,319.4270028255805,325.0461577940079,316.4973727094334,320.67572021484375,10294899
2018-02-09,312.1749235823032,315.680882246029,309.9176528875865,313.8558654785156,9493398
2018-02-12,315.8730464751265,316.2092407647735,310.4940257806888,313.3756408691406,8356351
2018-02-14,314.09603023684775,314.09603023684775,304.0583930804101,306.36370849609375,15189066
2018-02-15,309.4374092181026,318.7065980024368,309.4374092181026,315.680908203125,23779772
2018-02-16,317.3138531964387,320.81981234896864,306.2196175466878,308.3808288574219,17585994
2018-02-19,316.49739013862757,316.59344983744586,302.7617032934414,307.13214111328125,19044107
2018-02-20,307.8525542130707,311.4065579839104,303.8182812468908,304.7308044433594,16030558
2018-02-21,306.4117319241198,308.0446588352439,303.24196711229536,306.6038513183594,9974873
2018-02-22,304.4906210334219,306.69984725250816,301.56099113681177,305.787353515625,25530698
2018-02-23,306.45975968170706,311.262451601579,305.7874004009081,310.0137634277344,7949765
2018-02-26,312.17498148230055,314.86447728974883,310.3979795712017,314.1440734863281,7133735
2018-02-27,314.0960560564771,314.14407125104117,307.03609297052816,309.43743896484375,9623651
2018-02-28,302.71362767661105,304.49062932555614,298.82345943736226,300.88861083984375,17481687
2018-03-01,300.3122955829489,301.60902815903205,292.2437796732022,292.9161682128906,18986889
2018-03-05,292.4359316132358,294.40502363490054,287.4891353347941,291.37933349609375,14456193
2018-03-06,295.2694525824399,295.5576316458061,282.59036525345465,283.40679931640625,18951451
2018-03-07,281.72588210331554,282.20615127111074,274.08961992335486,275.3863525390625,31472773
2018-03-08,278.79625393789274,286.24042609299585,277.83571559529884,285.23187255859375,21413552
2018-03-09,287.2009772714429,287.68124646420455,279.2285203969223,281.14959716796875,12489587
2018-03-12,283.9351810644212,289.9865617740475,282.15817901054425,288.785888671875,12163952
2018-03-13,288.25758597869725,294.88529522033673,287.77731676824067,292.3398742675781,15966647
2018-03-14,291.187162245577,295.31749427480906,286.0482767874061,293.97271728515625,12964285
2018-03-15,293.684624810461,293.684624810461,288.545738350135,289.5543212890625,13282019
2018-03-16,289.3621767437632,289.93850561404645,285.66409824885847,286.33648681640625,28835112
2018-03-19,286.33650362360015,288.16152072553405,279.75680970437264,282.92657470703125,13601784
2018-03-20,281.4377417368432,285.4720146065157,278.79626122566117,280.4772033691406,10880002
2018-03-21,283.35879964619875,283.4068148360719,276.0106874841358,277.7876892089844,13618228
2018-03-22,278.07587494138903,278.21994984294605,269.81523859687644,272.072509765625,24593489
2018-03-23,266.1651519073581,266.88555558665627,262.7552235706997,264.6763000488281,31922568
2018-03-26,265.2046380226302,271.9764215045808,265.0605631362,270.5356140136719,24618534
2018-03-27,273.2731672656776,275.9626629862042,270.295492445113,272.69683837890625,22377328
2018-03-28,271.83234201000266,272.1204917779783,266.1651718378257,267.3658447265625,27172599
2018-04-02,262.2269324817393,263.04339582648527,248.58727811451197,251.51693725585938,73359584
2018-04-03,251.08469111659105,260.78613324356047,251.08469111659105,259.3933410644531,40773239
2018-04-04,256.7038667129836,262.51511183935,255.0229246484458,258.0486145019531,33486876
2018-04-05,257.23214527116653,268.9507242681723,257.1361148917129,267.65399169921875,26759108
2018-04-06,267.4138620254196,271.78432896286546,266.0691142420913,269.5750732421875,31577015
2018-04-09,266.78956723173894,272.26464838360033,263.5237422083956,269.7672424316406,31712527
2018-04-10,268.4224920120026,282.83056932207666,268.03825316642065,277.40350341796875,44741783
2018-04-11,276.39487047805187,276.5389453471789,271.2079699963801,273.3211364746094,16811454
2018-04-12,274.0415644333572,278.460046462614,272.36062241345644,275.4343566894531,22954325
2018-04-13,276.63504851474414,279.6127233023902,274.5218523910458,276.87518310546875,17497198
2018-04-16,273.75341850453896,277.547556556502,272.8889398877115,276.2508239746094,16874313
2018-04-17,276.2508323006428,281.6778680561134,275.48238404106667,280.237060546875,15406113
2018-04-18,282.1101142698592,283.26274265754455,277.5955724731749,278.6041259765625,20755245
2018-04-19,279.516622648363,279.516622648363,275.96261950105344,278.171875,17282341
2018-04-20,277.8357280592237,278.7002067436786,268.66259820125936,271.0158996582031,19745690
2018-04-23,268.95068789615374,271.6401830497958,264.3881315836297,268.3743591308594,11620499
2018-04-24,268.3263894470184,275.29029236803717,268.3263894470184,272.8889465332031,15412234
2018-04-25,272.8409321421375,274.377799508717,265.92507296249016,267.8941650390625,7961352
2018-04-26,268.75862423472654,269.33495311946047,264.48424607566784,267.84613037109375,14112673
2018-04-27,266.4533481930869,280.1890649987964,265.1086002861805,276.53900146484375,16488361
2018-04-30,277.5475731164423,279.51666504521904,271.1599695195762,272.9850158691406,9737559
2018-05-02,272.4566865905703,272.5527462845206,264.6763203934441,265.9730529785156,14211445
2018-05-03,266.35727453335625,272.45669895982024,266.35727453335625,270.7757568359375,14724116
2018-05-04,269.38300714989754,274.3297740682546,267.3658706386658,271.68829345703125,11861951
2018-05-07,272.7928728288869,281.4377173903657,271.6882596642473,278.3639831542969,19673100
2018-05-08,290.0825646054096,302.08929327285205,288.1614880186188,297.094482421875,87176185
2018-05-09,292.96418849598666,297.5747607207661,292.2437847537834,294.6931457519531,20140490
2018-05-10,296.27804754799416,300.5524253544394,293.6365672480676,294.7411804199219,16239386
2018-05-11,295.79776755722503,299.5438608916566,295.4135288043182,298.67938232421875,16671145
2018-05-14,297.7668858598315,298.7274242013149,293.1082690409766,297.8629455566406,10425585
2018-05-15,298.43929887231855,304.97094840415593,293.0122333477098,296.0859680175781,16400700
2018-05-16,291.90759358409076,292.8681319172489,283.64695805627025,285.52001953125,25515791
2018-05-17,287.2009816556363,288.11350486113537,282.446304849393,284.3193664550781,10668400
2018-05-18,282.54231869993635,283.646931818228,273.36919019213485,274.80999755859375,17469524
2018-05-21,278.0758474192761,281.43773158496685,276.3949053364307,277.88372802734375,23155638
2018-05-22,278.07588028446634,282.25422838974407,275.5304592636948,278.84429931640625,11284988
2018-05-23,277.4515024518601,286.62463177700386,277.4034579473834,280.52520751953125,15887229
2018-05-24,282.11011721547135,287.20095860250206,279.70877140775815,285.9522705078125,11489424
2018-05-25,286.6246039298647,289.07399402109894,282.9745703562185,283.9831237792969,13541580
2018-05-28,282.1581101955328,290.3707004861164,281.77390075920334,287.4410705566406,19063427
2018-05-29,286.96085391532955,286.96085391532955,276.9232156681152,278.4600830078125,12969969
2018-05-30,274.6178869076299,276.779098025969,271.5921972046155,273.6573486328125,25142319
2018-05-31,273.7534011938375,277.5475390058795,268.27832144464026,274.5218200683594,23698686
2018-06-01,283.3588082510758,288.11348472501703,275.5304266993424,277.88372802734375,29675949
2018-06-04,281.7258708100464,281.7258708100464,274.28169900762873,275.4343566894531,17188567
2018-06-05,276.6350401728835,276.6350401728835,271.9284081992695,272.8889465332031,12376050
2018-06-06,274.42582503922034,275.57845349945825,270.0073426583797,272.69683837890625,16873633
2018-06-07,276.1547989758095,281.485775543759,275.8186046622211,279.4206237792969,20297969
2018-06-08,278.65218493949175,279.42060390448864,274.2337026074981,276.87518310546875,11340014
2018-06-11,274.1376367076567,278.8923132217767,272.024469945062,275.0981750488281,16876061
2018-06-12,277.1633290597234,277.7396579321608,273.993564231274,276.0587158203125,14257648
2018-06-13,277.59560802981247,281.3417020678994,275.0982022333189,279.27655029296875,10927770
2018-06-14,279.37259568669117,279.37259568669117,272.8889615752516,273.5133056640625,11400592
2018-06-15,275.86662322628945,277.11531134411297,268.9507354466261,271.3520812988281,47186222
2018-06-18,272.792928337644,282.5904325596009,272.21659938694506,281.4377746582031,27792317
2018-06-19,283.8390706313116,283.8390706313116,276.97122757683553,281.24560546875,27176748
2018-06-20,281.0535234297313,282.97460010483087,279.51665622699085,281.6298522949219,20364143
2018-06-21,283.16669407458505,288.49769950920756,282.92655948689855,286.1924133300781,30192796
2018-06-22,286.43258697960175,290.7550101474228,283.9831962631849,288.785888671875,17490606
2018-06-25,287.96938884710664,288.64177742499913,277.40346687813826,278.2679748535156,15461874
2018-06-26,276.2027959288806,277.69164798691736,273.4652850313606,276.7311096191406,11614686
2018-06-27,276.538978051223,276.538978051223,263.18750118931615,268.0382080078125,25318055
2018-06-28,267.02965276415165,267.4138622292092,259.1532268206072,260.6900939941406,34197884
2018-06-29,261.2664626768571,265.108616539752,258.9611762217816,264.53228759765625,20930477
2018-07-02,263.1875140197691,268.85468455388417,260.30589890276434,266.4533386230469,69733139
2018-07-03,265.01250472315974,265.8769833096738,261.4585306867569,262.1308898925781,14020388
2018-07-04,263.37959457766897,264.0039385649506,260.305860514174,262.4670715332031,8233522
2018-07-05,262.2269597612987,264.62830554665857,260.0657485544748,260.83416748046875,7505990
2018-07-06,260.40192380862425,261.2183871786768,256.51172633248007,259.3933410644531,26025797
2018-07-09,263.0914523553782,263.859900635491,259.3453585939049,260.4980163574219,18374471
2018-07-10,261.2663973663352,265.0605350828208,261.17033768111395,262.61114501953125,14450561
2018-07-11,263.715794591675,264.0519888797991,256.94401088980743,258.1446838378906,12717543
2018-07-12,259.7295182312102,262.8993118158973,258.43278582444265,261.5545349121094,15837704
2018-07-13,262.22700051700366,262.5151503307103,255.55124647082653,257.1841735839844,19159840
2018-07-16,254.83079131723184,256.07950865626947,246.37806626616933,249.01954650878906,29794402
2018-07-17,249.98010582137238,256.94400886538756,249.7399712336477,255.93545532226562,15128995
2018-07-18,255.5031998730506,256.7999325019844,250.70050814611355,252.33343505859375,22908592
2018-07-19,253.53410431286844,253.91831378278974,249.16363731676606,250.8926239013672,15145144
2018-07-20,251.46897263171863,257.136173346333,251.46897263171863,255.31112670898438,13794388
2018-07-23,254.87882759835344,265.3967037281263,254.87882759835344,264.6763000488281,16917863
2018-07-24,262.85129312272335,266.93358079196463,262.5631433655094,263.523681640625,12012225
2018-07-25,262.22697667296944,265.6849206895597,261.5065728909008,263.8118591308594,17947377
2018-07-26,264.1480200325229,275.19420996115565,262.46707808686136,274.37774658203125,36630780
2018-07-27,273.65736650527634,283.50288446516174,271.0639305818741,281.6298522949219,30926969
2018-07-30,288.1615033692458,296.2780641061345,282.6384078880019,295.2214660644531,56119080
2018-07-31,292.2917896031893,296.3260621421143,290.274682647029,292.2437744140625,20824059
2018-08-01,290.6589300981056,293.5885605370862,285.0877897058735,287.4891357421875,15581508
2018-08-02,283.3588079223248,288.88190333098026,282.4943292862394,286.7687072753906,14089168
2018-08-03,288.1615110303535,294.64514502853643,285.8081802982837,292.9642028808594,14478297
2018-08-06,294.83726747937686,305.4512048535248,294.69316327172646,302.6656494140625,25849864
2018-08-07,301.5610508686123,305.5952946738497,298.1511218649295,300.7926025390625,20751115
2018-08-08,300.64851565071956,307.3722843713427,296.08595830458245,306.12359619140625,17916047
2018-08-09,307.6123896418391,332.202175909905,307.6123896418391,319.8592529296875,76423347
2018-08-10,320.86782041221375,326.8711850308625,312.51115445103704,315.6329040527344,36321097
2018-08-13,311.2144093317477,314.52827819347164,309.2933327309344,312.0788879394531,15332907
2018-08-14,311.8867616533975,320.33948599018777,311.8867616533975,319.3309326171875,15314006
2018-08-16,316.54541385112964,325.814632740441,315.77699486651045,321.10797119140625,37463597
2018-08-17,323.5092736607089,328.69620370601905,322.59677990333125,326.5830078125,24090696
2018-08-20,326.5829997844969,328.93633018473486,323.41323533543823,325.09417724609375,13032778
2018-08-21,324.95011039452294,328.3600391073219,320.8678224281932,325.4784240722656,16009673
2018-08-23,323.26921174624124,325.334392916287,321.5402542181138,323.8935852050781,18867868
2018-08-24,322.6392556994344,323.7005749487792,315.7889544837925,318.5387268066406,17805968
2018-08-27,319.3588470406703,330.26141825860424,319.3106173007047,327.9458312988281,28083933
2018-08-28,329.97193661456583,331.41918195059463,324.4723925599437,326.98095703125,16427306
2018-08-29,324.5206751093904,330.59909418076074,323.99000078139215,328.66943359375,18868248
2018-08-30,327.2704186430021,333.30060744874515,325.8231733296237,332.2392883300781,22349447
2018-08-31,330.936799041039,334.60314247136,326.5950626104715,330.5508728027344,19809916
2018-09-03,331.5156675577272,331.90159375463213,320.8542760220052,322.39801025390625,12859450
2018-09-04,323.02516580950834,324.61715932616244,315.7407089767572,316.9467468261719,15470215
2018-09-05,315.4995105059993,319.6965282318626,313.18392365719745,318.0563049316406,14548867
2018-09-06,318.3939879302117,319.6000257632807,314.0522517311634,317.0914611816406,11322771
2018-09-07,315.93369039711325,324.5689038303861,311.1095389446869,323.31463623046875,16435004
2018-09-10,320.1306973310909,323.94178897914804,318.77994073425685,321.1920166015625,16673909
2018-09-11,321.96386748764513,324.8583582491968,313.66632141567374,315.0653076171875,13005562
2018-09-12,315.49951133124597,315.5477410690263,307.2984536972533,311.543701171875,15263406
2018-09-14,315.69248352304663,320.32365714991016,312.7497334639847,316.8020324707031,10736693
2018-09-17,315.7889441763435,315.9819220133018,310.0482215803821,314.2452392578125,7227361
2018-09-18,312.84624754392604,316.51259117304863,306.5266203966977,307.63616943359375,14825218
2018-09-19,308.7457223570847,313.280436931919,305.851231209987,309.6623229980469,15942065
2018-09-21,312.0743711419663,321.96388167986584,297.5054277777649,305.94769287109375,34169460
2018-09-24,305.6582296190474,305.6582296190474,294.8038886603556,297.891357421875,24382310
2018-09-25,296.2028815616838,302.47427807683346,289.49729966392636,300.15869140625,30472132
2018-09-26,303.9215506243335,304.21098794245233,294.3697363507114,302.08837890625,23224979
2018-09-27,304.5487079193493,304.8864044460425,294.56270745449024,295.865234375,24888615
2018-09-28,298.2290593634864,300.6411351761249,291.1857803240109,294.80389404296875,26289107
2018-10-01,295.52749092610566,303.9697555315853,289.9797170425047,302.9566955566406,21104376
2018-10-03,300.1586891996105,303.4391060791777,291.812913633507,293.0189514160156,19105555
2018-10-04,288.4842738532719,309.95174908148357,284.4319746167492,305.3688049316406,56268976
2018-10-05,303.58384869790655,310.5306386514495,288.82195685198286,296.4923400878906,36131946
2018-10-08,296.4923456823244,303.00495034504894,288.09833956138357,299.9175109863281,20488368
2018-10-09,300.49640788840395,300.93056385564256,292.3435800980549,295.4792785644531,14852835
2018-10-10,296.2993668277883,311.59193172309875,293.7908023637407,308.6009521484375,23972064
2018-10-11,299.09738661060646,304.3557234109902,293.3084049342722,300.73760986328125,21691068
2018-10-12,302.812012396726,312.84624218631984,302.5708048083017,308.16680908203125,25930022
2018-10-15,305.7546948747794,306.7195251075457,298.66318677509076,302.3295593261719,23756416
2018-10-16,302.71550999666033,311.5919606332403,302.71550999666033,309.3728332519531,18042549
2018-10-17,313.6663467438495,316.60906747800175,300.68936700397103,303.72857666015625,20203287
2018-10-19,301.8471786281136,310.1929552043183,299.29038410859914,304.3557434082031,18322589
2018-10-22,308.9386848816521,318.2492917206308,304.982874621383,315.59600830078125,33593953
2018-10-23,311.64017152986503,317.0432268322424,307.15371674499437,311.4954528808594,21509920
2018-10-24,317.187958474485,318.393996339407,305.12757982526506,310.67535400390625,33104174
2018-10-25,307.2984634764838,310.7235994078482,300.8340884168467,308.6974792480469,26920180
2018-10-26,308.5527153568468,312.02611029412265,301.9918811542132,304.5486755371094,22952163
2018-10-29,317.4291624898606,340.5368595004985,316.75376951536026,337.1116943359375,80069836
2018-10-30,335.2302619176765,341.4051692563229,330.8402668784304,333.54180908203125,34460428
2018-10-31,333.3489119838661,344.01027640708213,330.26144284479534,342.5148010253906,31233009
2018-11-01,344.4444263446155,345.8434420948776,338.75193331069033,341.260498046875,22157128
2018-11-02,341.5499149433929,345.216258184846,339.33081710424227,341.9841003417969,26714413
2018-11-05,338.65543205481276,339.4755436908108,335.7609411825494,337.3529052734375,22873951
2018-11-06,336.4363322238595,345.69867940626744,335.42324275783864,340.68157958984375,21349153
2018-11-07,344.20319877645005,344.44440634391776,342.0805604050208,343.3830871582031,2074764
2018-11-09,344.34791235225686,345.50572043674873,340.0061762018366,344.2996826171875,15130936
2018-11-12,343.4796021585329,345.60224069115935,339.1378656143942,339.9579772949219,10642857
2018-11-13,335.5679328079795,349.22030373513394,335.5679328079795,348.20721435546875,17684864
2018-11-14,352.1630527700196,356.89071526081517,348.5931689505279,353.706787109375,31774158
2018-11-15,353.22438083112087,361.71487574418,349.3650596080423,356.9872131347656,21967798
2018-11-16,357.0836868925997,362.1007866030077,352.6936915211744,354.62335205078125,29972926
2018-11-19,355.34697261983797,357.6625887969154,348.06251594194015,349.65447998046875,16002154
2018-11-20,349.26858496238,352.597261431034,342.1288462967575,345.3127746582031,19591217
2018-11-21,343.81729031371157,347.62835240995315,340.633332592133,344.2032165527344,29323882
2018-11-22,345.07157399681176,345.8916856955468,338.65545796133034,339.66851806640625,12547369
2018-11-26,342.27358723569665,345.264567389334,338.3660358610379,343.81732177734375,20673027
2018-11-27,343.23838221638766,343.5760787131876,339.2343423253485,342.17706298828125,17933339
2018-11-28,344.39619409669615,348.834390008049,340.8263101391806,346.37408447265625,18163000
2018-11-29,350.2334309019537,353.51384833283913,347.53191759282134,349.4615783691406,38692771
2018-11-30,352.1631008403397,352.1631008403397,341.35698843409926,342.6595153808594,21893877
2018-12-03,346.27754809334874,346.27754809334874,339.71671460196376,342.99713134765625,23427270
2018-12-04,340.87453843011605,346.47057192234604,340.87453843011605,345.36102294921875,18651442
2018-12-05,342.80418348615655,343.81727293721013,338.12478022753925,339.0413513183594,12068267
2018-12-06,335.95392262319496,337.64237565013235,331.27448977396887,335.4232482910156,17784829
2018-12-07,337.30469812663085,340.5851154460358,333.1559099319632,339.8132629394531,14979672
2018-12-10,334.3137250150825,337.15998639970763,332.1428566708288,334.16900634765625,14107881
2018-12-11,325.5337273600815,332.8664433043381,324.18297087031186,330.7438049316406,36885929
2018-12-12,330.7438344154414,339.3308481433295,327.4634170923478,337.64239501953125,24740214
2018-12-13,340.48862679089103,341.7429239204369,335.3750376810942,337.2564392089844,19129928
2018-12-14,336.9187490766901,341.5981524281933,336.87048989561544,339.5237731933594,12104234
2018-12-17,339.90971471770683,347.82133523019934,339.90971471770683,345.84344482421875,18378122
2018-12-18,344.20319913517943,350.1368994122131,342.12881994165167,349.509765625,15405953
2018-12-19,350.2334148412187,356.2636044906887,348.30375415338824,353.6103210449219,19442031
2018-12-20,350.28164097226824,352.6454870682235,348.4484692265709,349.4132995605469,12109613
2018-12-21,348.30375448910803,350.715830351221,339.62028138550147,341.742919921875,13555416
2018-12-24,340.9710364203153,344.5409204576331,339.1378646623488,340.3439025878906,9025217
2018-12-26,338.31770995729187,344.34789881808877,335.90563441297314,343.3348388671875,8695108
2018-12-27,346.8564786120813,348.0625164375753,342.4182535254067,343.1418762207031,10122458
2018-12-28,345.6986845062732,350.0404208536858,345.6986845062732,348.0625305175781,13004606
2018-12-31,350.0404063592953,350.7157993186399,346.85647828074565,347.4836120605469,7314108
2019-01-01,348.78613268665435,351.9700607094005,343.86549256072476,350.9570007324219,7759872
2019-01-02,348.7861805929132,354.96108910459435,347.6283723650977,351.77716064453125,18243156
2019-01-03,352.16309307857125,354.38219120244753,349.3168316444681,350.4746398925781,12884409
2019-01-04,349.1238610869647,355.82941421941774,345.4574881633734,352.3560485839844,22896026
2019-01-07,354.5751495958849,357.9520557825124,353.6585489960862,354.76812744140625,12719847
2019-01-08,354.864552966476,368.37217642057783,353.7067743369796,366.78021240234375,21501136
2019-01-09,368.2274619233816,370.06063352396103,362.3902506426274,368.8063659667969,21730142
2019-01-10,367.5521224321201,368.70990115033806,362.8244303054715,366.1531066894531,14497154
2019-01-11,367.2144310821323,367.7933351715042,362.0525829053509,365.23651123046875,12537973
2019-01-14,365.38126971005715,365.38126971005715,359.5922875405455,360.21942138671875,14844029
2019-01-15,360.41238599351533,362.197328131541,357.5661539654682,359.6405334472656,12960779
2019-01-16,358.9651313410307,366.39433704970713,358.9651313410307,362.100830078125,15106484
2019-01-17,362.7761714908635,364.6576022430636,359.68870293450493,361.4254150390625,13171721
2019-01-18,361.4254655065541,363.1621484093303,357.32493639983966,358.9169006347656,12212121
2019-01-21,359.8816784191222,362.9208877769688,357.566091739062,358.6274108886719,8908581
2019-01-22,357.51786315520206,359.39929405616294,353.22438589949115,356.07061767578125,14756076
2019-01-23,355.8294248274152,360.5571171446799,353.5620970378817,354.4786682128906,9726450
2019-01-24,353.70677436667347,355.5399459467418,349.02734178082454,351.9700622558594,17521254
2019-01-25,349.6062602236428,351.8253581050158,342.0805663219095,344.63739013671875,22978238
2019-01-28,340.77807369335596,342.41826753657205,324.810114563864,331.4674377441406,34362360
2019-01-29,330.8885352240723,337.7870653977367,329.344800985561,334.6513671875,20738442
2019-01-30,338.6554662121029,355.63648693096883,338.6554662121029,353.03143310546875,39400056
2019-01-31,359.5922657727153,363.40332780370386,341.64641624471966,351.6324157714844,85917249
2019-02-01,351.68064741496363,352.06657364947023,336.4845700575269,342.17706298828125,25605469
2019-02-04,338.65549108986534,344.3479849087859,333.83133879513787,342.08062744140625,17039321
2019-02-05,342.12883690506675,343.5760823831387,336.5810625724576,340.2474060058594,12197271
2019-02-06,341.1640582360614,349.1721393160431,340.7781319390061,346.66357421875,15396216
2019-02-07,346.4705623605022,349.0755864719143,343.9619977224773,346.036376953125,10247434
2019-02-08,344.347919289709,345.79516470233955,338.4142189867803,342.6112365722656,9308651
2019-02-11,342.12882604376273,342.225314961428,336.77400027832135,337.73883056640625,9419635
2019-02-12,336.72575394729773,339.62024466890773,331.1779800642119,332.1910400390625,14924394
2019-02-14,327.8975834347343,334.6513955366062,324.3276995460313,331.8533935546875,15172596
2019-02-15,331.9498709996414,335.51975508160274,328.6212239500905,330.11669921875,20316848
2019-02-18,330.16494959843004,330.93680208213215,325.6784650235213,326.8362731933594,10601490
2019-02-19,327.17396907358875,338.0765399676161,327.17396907358875,331.1780090332031,14384763
2019-02-20,332.8665008945752,335.37506592060936,330.30970612438756,333.0594787597656,9474758
2019-02-21,334.60314874197263,342.46653953568057,334.0725038348948,338.94488525390625,18631331
2019-02-22,339.04138421829805,341.64643798033035,338.9448952929846,339.66851806640625,10997730
2019-02-25,340.6333235309092,344.8786003800849,340.6333235309092,343.0936584472656,10344411
2019-02-26,337.69060119977377,340.2956547581712,334.410184105547,335.95391845703125,18096382
2019-02-27,338.65540058263804,342.22528410438395,331.2261962565316,333.3970642089844,17325417
2019-02-28,336.1951029186378,339.3790308762245,332.86642687220314,337.8352966308594,18347113
2019-03-01,339.66852956130606,342.51479101080076,338.31777289406455,341.7911682128906,14190221
2019-03-05,342.5147891586104,351.3429813565172,340.39215051850425,350.4746398925781,17638277
2019-03-06,352.4042773672393,359.73699375025376,352.4042773672393,358.86865234375,31436190
2019-03-07,358.4344567089046,360.84653246064687,355.5399658068138,357.7590637207031,15355303
2019-03-08,356.7942801012577,360.26767552706576,354.71990057221427,357.566162109375,16143455
2019-03-11,358.723859203859,365.091744459252,356.9871766088796,362.6314392089844,11449587
2019-03-12,364.7058684153139,375.31900215226744,364.0787345833509,374.5471496582031,37108265
2019-03-13,374.25768303414964,379.4195312425171,370.78428792094917,378.11700439453125,19574619
2019-03-14,378.2134699509634,379.1783002314505,373.1963407147168,374.2576599121094,13182462
2019-03-15,375.1742922499775,384.24369176627533,374.4506694782896,381.3974304199219,31466545
2019-03-18,382.314006932447,385.83563164372504,379.66072360357833,384.0506896972656,21220626
2019-03-19,384.38836669921875,386.84870150961257,380.0466305630582,384.38836669921875,11670392
2019-03-20,383.61653179846746,384.1471766838582,378.40645408593616,379.0818176269531,14181408
2019-03-22,380.5773009933862,382.36221338687403,376.2837946358539,378.0204772949219,17409249
2019-03-25,374.305958145717,374.305958145717,369.04762079072276,370.012451171875,12345034
2019-03-26,371.4114923572381,381.59044179556105,369.91598749778734,380.23968505859375,14063632
2019-03-27,381.49388579920156,384.4366358118732,376.4285268427971,379.37127685546875,17950017
2019-03-28,378.9371039209851,387.7652953609049,378.9371039209851,386.4627685546875,23117485
2019-04-01,387.3311517266913,395.14625392437483,381.8316070116023,384.2436828613281,16106604
2019-04-02,385.9321147356451,385.9321147356451,379.61248813456234,383.1823425292969,13010810
2019-04-03,384.9673212859598,388.63366494906387,376.9109817310931,378.30999755859375,12317200
2019-04-04,380.5290747607612,381.78337185138,373.67877355595016,375.0777893066406,14521564
2019-04-05,375.56018554187983,378.6958839439636,372.0385609176271,376.814453125,10853927
2019-04-08,377.68282695605757,377.68282695605757,371.4596598381977,373.4858093261719,6305407
2019-04-09,373.7752472326155,384.34015065121724,373.5340396609057,383.1823425292969,13206348
2019-04-10,381.6386179706842,384.7743164833433,378.88887513808766,380.33612060546875,14000018
2019-04-11,380.62550682027404,380.62550682027404,373.91992527728706,376.3320007324219,8704774
2019-04-12,376.8626944534189,381.6385864345573,374.5953375196912,380.7220153808594,7035256
2019-04-15,380.3361189950763,382.9894023407073,378.0205027016436,378.9371032714844,9770752
2019-04-16,383.520055485006,394.0367001742285,383.520055485006,392.6859436035156,24487788
2019-04-18,396.5452540448809,396.5452540448809,388.4406853985139,390.1773681640625,18660434
2019-04-22,390.03267591353153,390.3703724308853,379.8537273179924,380.6255798339844,10493872
2019-04-23,382.16931056219516,385.88391332808425,379.75723466801855,382.55523681640625,10203957
2019-04-24,383.134117525671,388.48891390606445,379.61249282406095,386.9934387207031,11397163
2019-04-25,386.80043221668586,388.24767755756466,380.4325468279627,381.4938659667969,16524091
2019-04-26,385.93211637749164,393.6507587050415,380.3843422045652,392.87890625,14286163
2019-04-30,393.4095425283982,395.3874328038627,389.11603604988454,393.1683349609375,19375553
2019-05-02,389.5020012877828,390.7562688916969,380.5290618911068,381.63861083984375,16572948
2019-05-03,383.1823378346313,390.949239215098,380.8185213274066,387.6687927246094,24431248
2019-05-06,382.5552275403774,390.6597964594376,380.77028553311004,387.1864013671875,20751521
2019-05-07,384.002470147255,393.0236395935915,370.7842828895979,372.90692138671875,41519416
2019-05-08,372.7139596673511,376.2838438094113,366.7320290477219,368.7581787109375,22509400
2019-05-09,367.5521111254743,372.13505500761596,364.2716645807248,367.98626708984375,19739885
2019-05-10,370.01238759273053,375.5119315980274,368.8063498235235,371.5561218261719,18361701
2019-05-13,371.45967900340275,372.18330175470805,362.05258323643346,363.0656433105469,13828080
2019-05-14,364.80238619580945,373.1481634057489,363.2586516412785,367.021484375,21481226
2019-05-15,368.90289470693455,370.9772740958565,362.58323817084965,363.7892761230469,16183425
2019-05-16,365.67070121017156,371.45968328737746,364.27168543046594,369.047607421875,13430281
2019-05-17,367.79329725292797,378.21345201018977,367.3591118695912,375.9943542480469,19096980
2019-05-20,390.99745175984697,399.4397162950688,387.8617535039074,393.3612976074219,33350816
2019-05-21,394.2296400096676,396.35224886063577,383.61650742198054,386.0768127441406,18286421
2019-05-22,388.82660655452975,394.03668422744585,387.4275908574513,391.0939636230469,15370847
2019-05-23,399.43978358628965,412.89917937615115,393.0718970895349,396.40057373046875,43279956
2019-05-24,400.88699802029805,418.3021735212036,398.13722571902747,416.56549072265625,37708344
2019-05-27,417.0478952891791,423.36752194788914,414.53933063166556,420.18359375,23397222
2019-05-28,419.749379507962,423.75344851525637,413.0438270804375,419.0257568359375,23389724
2019-05-29,413.52624610437846,415.3111879344358,407.254849554213,408.4126281738281,22132254
2019-05-30,406.04881513409276,412.94734550780834,404.8427773259508,411.2106628417969,18281037
2019-05-31,411.9825427501775,415.07001152274034,399.7291860241564,408.7986145019531,24644955
2019-06-03,411.01768251572224,411.4036087231247,404.84277486443636,408.0267028808594,17125380
2019-06-04,403.00965597305054,407.8820375474703,402.81667812198424,404.36041259765625,14514451
2019-06-06,402.720191298231,403.15437674325307,395.91814895479314,397.075927734375,17762399
2019-06-07,398.9573537363045,404.21569097438856,393.5542978331226,401.9483337402344,14107696
2019-06-10,404.1673636037607,407.88196575078484,398.474871330749,401.4658508300781,13074522
2019-06-11,403.7332480380859,408.7986070782746,398.52314089846476,406.53125,10939138
2019-06-12,407.15842434093713,407.15842434093713,400.2116337593012,403.2991027832031,11136959
2019-06-13,402.0448019450026,407.4478281254446,400.6940159556077,404.8428039550781,12164077
2019-06-14,405.5181668367948,407.1583901387642,401.46589720814546,403.057861328125,8601256
2019-06-17,404.21569572731084,404.9393185055951,398.61966190867406,399.63275146484375,9539802
2019-06-18,400.8387553166292,411.0659328239354,400.50105882664445,407.3031005859375,17761348
2019-06-19,408.84682743305,411.01769554331395,402.6719195860446,405.0357360839844,17010384
2019-06-20,404.9875126666611,419.36347804339874,404.26388995195,418.1574401855469,24315929
2019-06-21,418.929372706458,419.894203109334,413.76752416221416,415.64892578125,13909654
2019-06-24,416.27603506700575,418.5433626640413,413.14033666466435,414.34637451171875,8545999
2019-06-25,412.8508769322976,419.50820007234,409.66694873966804,418.3986511230469,12964387
2019-06-26,417.2891083308293,424.52533564292463,417.2891083308293,423.2228088378906,12261068
2019-06-27,422.5956336229717,428.2881259952468,422.2097074263276,425.44189453125,18787957
2019-06-28,424.0429122454521,425.0077425349753,418.35041942612185,421.7273254394531,13459208
2019-07-01,424.04290097177983,426.45497663146,422.30621827452325,423.56048583984375,6871979
2019-07-02,423.5604860145294,424.5253162787993,418.35040847632797,421.3896179199219,7787303
2019-07-03,422.49919934508773,424.5253489448178,418.9293447591684,420.6177978515625,10415896
2019-07-04,422.5956609909943,425.87607804133717,418.8328288025339,420.8589782714844,11810688
2019-07-05,421.10021206702083,424.42885906077305,417.96451347396265,421.00372314453125,12154330
2019-07-08,418.73633464176527,420.0388613872264,407.15837147194685,410.92120361328125,12184946
2019-07-09,411.0177033289728,414.6840466513769,409.7151765492848,413.4297790527344,11679067
2019-07-10,414.87701996589027,417.48207349687783,412.1755069624304,415.745361328125,16494282
2019-07-11,417.43384133293785,417.67504891829657,409.85991726381707,411.5483703613281,16535185
2019-07-12,412.27193875472466,417.771482753441,409.0880108255404,412.0307312011719,8824728
2019-07-15,413.33328553068117,413.33328553068117,406.7724514128463,407.44781494140625,7825336
2019-07-16,406.7242115136377,415.4076844341031,406.7242115136377,409.6669616699219,12149205
2019-07-17,409.66693881845066,412.0307553150402,407.64078936117164,409.763427734375,10961022
2019-07-18,410.05285595039567,410.5352710750432,402.81662908068284,403.9261779785156,10651654
2019-07-19,405.13225011368974,405.5664355403705,394.13319022872196,395.869873046875,12260757
2019-07-22,396.305132823031,399.40014505669257,390.9856008388292,397.9977111816406,17937246
2019-07-23,399.2550387469754,402.3500509453522,396.30512830494735,398.4329528808594,14207080
2019-07-24,398.3361839318131,398.3361839318131,388.5192365584031,395.0960998535156,16505930
2019-07-25,395.7731612324897,400.2705774818135,392.001106136713,395.5797119140625,16852479
2019-07-26,396.7887140344011,405.63847469645754,395.144483303211,402.1082458496094,17493739
2019-07-29,418.7922221722303,421.0651188886497,411.3448659991681,415.2619934082031,46754670
2019-07-30,418.7922597780191,424.30524128597506,408.87858619204985,411.3932800292969,23617273
2019-07-31,409.9908035765818,416.0841029558666,407.37941485650725,410.6678466796875,22329888
2019-08-01,409.36211392390425,412.3604011104658,397.1755453852409,403.36553955078125,18269866
2019-08-02,400.3189350030264,404.13933776525306,392.19456520293033,397.1272277832031,30939803
2019-08-05,390.40526743050054,393.306830220049,382.76449132126754,389.4380798339844,25033370
2019-08-06,387.8422113635931,397.99768073845024,387.7454867043977,396.7886962890625,30665326
2019-08-07,395.86982195565344,401.3828023730481,392.9682595288603,394.9993591308594,20977349
2019-08-08,397.5140889365014,402.9303451999512,390.8888482176486,400.8025207519531,19046657
2019-08-09,402.83360202215727,408.5400024860938,400.89922698243504,406.36383056640625,17664017
2019-08-13,403.3172123157564,407.8630056519431,395.72478407035686,396.7886962890625,18389104
2019-08-14,398.3845237464891,408.3465726662047,397.7558577772584,403.6073303222656,13307755
2019-08-16,404.0909577441148,406.2187822193719,398.57800626658536,405.2032470703125,15154141
2019-08-19,406.31552532446887,413.8595769587924,406.31552532446887,409.5072326660156,12304262
2019-08-20,406.9924842949994,409.31375788574036,398.96483992838284,403.220458984375,16181488
2019-08-21,402.35003533536457,404.96145362119375,397.0788511909482,398.5296325683594,12868183
2019-08-22,397.5140727630505,398.96485405050686,384.94063493842845,386.0045471191406,18182520
2019-08-23,376.23593970485933,390.26015853704564,373.1409278802336,382.4259338378906,26883695
2019-08-26,393.6453750615226,400.41568863751934,379.9596756647171,398.1427917480469,26701988
2019-08-27,399.2550401539513,406.7023966796642,397.7559111403375,404.86474609375,28793372
2019-08-28,404.28440135369607,404.5261982444578,396.25675638689376,399.4001159667969,12154347
2019-08-29,396.45017736447437,397.3206402705516,386.24636035058154,391.1306457519531,30331105
2019-08-30,393.16173914364987,399.3033859904666,389.43806117225535,396.2083740234375,18314194
2019-09-03,391.7593062962526,393.0650153952473,378.2186805625447,379.2825927734375,20194305
2019-09-04,378.17031249999997,386.53647847175597,377.10640034675595,384.45703125,18614965
2019-09-05,376.76787270636686,381.071868818033,375.2687439121746,376.2359313964844,25022673
2019-09-06,378.17032855504044,381.55548494875563,376.4294027876183,378.50885009765625,17564286
2019-09-09,380.1047740310197,387.2619572571116,376.33274782556026,382.4743957519531,18651819
2019-09-11,381.94233560391757,385.9078102338756,380.4432067942088,381.6521911621094,17463978
2019-09-12,386.53648008072315,393.8387634458511,386.53648008072315,389.4864196777344,19577114
2019-09-13,393.4519134474416,401.28613910131776,387.5037154659477,399.8353576660156,17775449
2019-09-16,395.09611411967614,402.01149919796353,393.4035359074132,398.6263427734375,17629622
2019-09-17,392.5330797793974,398.3845527504143,385.23079594236344,387.5036926269531,20793363
2019-09-18,392.1462185865954,392.1462185865954,383.48987788460266,386.2463684082031,18477377
2019-09-19,382.7160845210496,382.7160845210496,371.7385010961726,373.9146728515625,22647508
2019-09-20,376.23596593434223,410.08753099270206,373.9630692343222,403.8008117675781,75217723
2019-09-23,421.5003229500866,435.23439798177805,414.3915180626949,431.6557922363281,57490445
2019-09-24,427.0133018296496,433.92868688468843,419.13072922799773,426.4329833984375,26639931
2019-09-25,424.6920634823641,426.4813663715374,415.50378166272935,419.9528503417969,19987241
2019-09-26,424.5953615038133,443.6005921690195,424.1601152720922,437.1204528808594,40909369
2019-09-27,434.75080730269593,437.02370396714457,428.7542326368596,434.4606628417969,19432963
2019-09-30,428.75424603234853,430.5435489737204,416.85785050426125,419.4692687988281,27524660
2019-10-01,422.61261903038616,428.65754132160794,403.02707080682757,410.6678466796875,30623906
2019-10-03,410.0875589550633,420.3397538321847,408.4433281621971,413.2792663574219,23275379
2019-10-04,414.43988398306385,415.2136222516889,398.52963625703813,400.3189392089844,17952697
2019-10-07,401.4795288286482,409.60389775694705,397.99764799760027,402.44671630859375,21933703
2019-10-09,406.4605719295872,424.0150202334148,403.4139370200339,422.3708190917969,34533981
2019-10-10,415.8906638109647,417.34144519635186,406.7023817035132,409.7973937988281,19074005
2019-10-11,413.9079312873646,419.0340135882449,408.2498781146655,414.48822021484375,18004922
2019-10-14,415.8906411125036,422.0806354490733,412.0218909626198,414.77838134765625,17211042
2019-10-15,415.8906592326785,421.1618433480468,414.1497333958679,417.6799621582031,14971985
2019-10-16,420.2430158701226,425.07895391235644,417.0029314785812,421.0167541503906,17833051
2019-10-17,421.69378402102126,428.80261862278525,419.46926439804156,426.1428527832031,12452421
2019-10-18,423.3379972419774,429.1411224707024,420.96837596709287,423.4346923828125,15988455
2019-10-22,426.046137654268,443.6489637747361,423.19292242875474,436.3466796875,34966169
2019-10-23,437.1687962696536,443.939109486219,433.49349518715024,440.1670837402344,25196183
2019-10-24,442.39159343125414,443.93909946334696,436.2015988191056,439.82855224609375,23542540
2019-10-25,442.6817700561398,455.20683158899516,439.49003331161515,453.70770263671875,34397573
2019-10-27,455.54534760793007,457.96331654427786,449.7422221606953,454.1429138183594,8206762
2019-10-29,454.77161859407425,466.1844203990132,451.5315342502971,461.7353515625,33686172
2019-10-30,463.2828271888922,463.2828271888922,454.5781394129005,455.6903991699219,22396012
2019-10-31,459.41410466412475,461.10668294446623,446.1636228915335,447.856201171875,21198377
2019-11-01,451.33804713336883,451.6282210970623,445.38984983040876,447.0824279785156,13522994
2019-11-04,447.8078605497808,456.8026934584383,447.8078605497808,455.061767578125,16254715
2019-11-05,456.6092839180195,458.44693450329,451.5798964587512,452.9823303222656,14952189
2019-11-06,451.8216540917099,468.0220454112336,449.5004098954403,464.92706298828125,24922680
2019-11-07,467.1516224663969,467.1516224663969,460.04278752562,462.8476257324219,18312032
2019-11-08,464.97547015275563,479.72508205047694,464.5402238968246,473.3900146484375,52207121
2019-11-11,471.98754037528516,482.6266037853838,468.69910849722646,480.498779296875,24766065
2019-11-13,480.49875067823245,481.175793752312,467.44171908897374,469.81134033203125,24272664
2019-11-14,473.6800923152925,483.44869226117976,467.8769671414451,482.2880554199219,35396276
2019-11-15,481.5143248624535,492.9755031663539,479.7250220021448,483.4486999511719,42074833
2019-11-18,482.38479392413916,487.89777480404666,480.35369415174057,481.9979248046875,22910109
2019-11-19,481.6110643828033,485.5281622518522,473.7768391284832,477.30706787109375,27939336
2019-11-20,478.95132286630644,481.6594364050663,476.33990447689786,478.75787353515625,22606112
2019-11-21,481.75614236499155,487.26909389402914,475.13090149936403,481.9012145996094,25745594
2019-11-22,484.6577036123744,485.2863696379084,476.001362940396,480.498779296875,18462401
2019-11-25,475.8562966568599,483.59379741550805,475.4210504326968,481.4659729003906,25692878
2019-11-26,485.33469527795165,500.5678990176486,484.56095705321746,493.94268798828125,286857658
2019-11-27,497.03772950249066,498.92369808989156,487.7526931557233,488.913330078125,29866539
2019-11-28,492.8304119542971,502.9375338153443,491.33128303499024,502.1154479980469,35706498
2019-11-29,499.0687958879973,499.5523896824624,493.5558148246059,495.78033447265625,13324549
2019-12-02,496.60245433574767,497.1343956763837,490.6058797798553,494.1361083984375,10130049
2019-12-03,493.02383199041407,494.4746132517885,488.09116979849694,492.636962890625,12795657
2019-12-04,493.2656426445515,513.915072895224,492.5885995638451,511.8840026855469,30992538
2019-12-05,515.0757557531097,519.8633462835124,508.78903621665785,510.7717590332031,32354118
2019-12-06,512.657720931047,515.994529601877,504.5333813764608,507.5799865722656,24868376
2019-12-09,506.854652244534,511.93238716728536,505.06537878949547,509.2242736816406,12980877
2019-12-10,508.7890106191684,512.851210229455,507.483331009497,511.3520812988281,12021443
2019-12-11,513.1896926235871,517.6387907921829,509.9012903589139,516.0429077148438,13768156
2019-12-12,517.30021971819,519.4763916308666,512.415934565115,517.7838134765625,12385216
2019-12-13,520.2502454841018,524.9894294124089,518.1224209092233,519.4281005859375,17884861
2019-12-16,521.7977051007621,523.6353851357819,519.0895916537162,521.555908203125,13070575
2019-12-17,523.2001053753017,525.1828280023396,521.0722810060046,523.3935546875,11516163
2019-12-18,524.2640124799556,525.0861573370083,518.364191893787,523.6353759765625,12906168
2019-12-19,519.5731687668296,523.4419190048068,516.1880123085996,522.4747314453125,12082790
2019-12-20,523.2001109034006,531.4695525533842,521.5558802810053,528.1810913085938,27691592
2019-12-23,529.0515546938946,530.8408279295179,519.959968715064,523.53857421875,11521942
2019-12-24,524.215646206785,526.101673714571,521.6042280446538,523.3451538085938,6715007
2019-12-26,523.3451326370239,524.602523612976,520.008382987976,521.072265625,7831074
2019-12-27,523.2484647337017,532.4367464619274,520.6853941123245,531.3728637695312,11247684
2019-12-30,531.566320528795,534.0810438936231,524.7960068297549,526.1017456054688,13180302
2019-12-31,525.956529329439,525.956529329439,520.3468538637891,521.2173461914062,12491978
2020-01-01,522.1846039776586,524.6992681012023,518.1224042890957,519.137939453125,7642793
2020-01-02,518.4125936103889,524.119024503782,518.2674918462116,522.8616333007812,10264223
2020-01-03,520.3469814526062,523.0550952001441,518.6544029813384,521.1690673828125,9594690
2020-01-06,519.6215047447083,519.6215047447083,506.6128205532662,508.45050048828125,12534334
2020-01-07,513.8667102380927,518.0256047082687,504.5333862227175,505.74237060546875,16101835
2020-01-08,499.0688234471546,510.0463795747278,498.10163580481515,508.6923522949219,16094310
2020-01-09,513.286529136822,529.4385756887742,512.8996304401171,528.3746337890625,18934019
2020-01-10,527.0205169871746,528.5679934465019,520.8304930849795,522.5230712890625,12335407
2020-01-13,521.7009211901753,528.1326821535253,520.3468351808198,520.9271240234375,7901800
2020-01-14,518.6059947734109,521.2657606315963,516.6232720310708,519.9600219726562,13939440
2020-01-15,517.542040984465,519.3313733942234,513.2381035580961,518.025634765625,12353176
2020-01-16,516.381420952677,522.281240987898,515.7043779078715,519.5247802734375,11249232
2020-01-17,516.9617845691237,520.3469412501189,513.1897292258928,514.5921630859375,18312609
2020-01-20,515.5109585983402,526.1500215337655,513.5765835191719,517.3002319335938,19159996
2020-01-21,515.462618931207,522.5230762719374,512.8028531565697,513.6249389648438,13477994
2020-01-22,514.0601653628478,517.3969741034881,503.6628995535334,505.6939697265625,17527408
2020-01-23,504.29161786810863,512.8512041691279,500.0843165587117,510.3848876953125,17061293
2020-01-24,511.88402956783887,519.7666320017483,509.7078575007106,516.3330688476562,17851868
2020-01-27,520.8305054562987,527.1172246493645,514.0601924791509,519.6215209960938,38149166
2020-01-28,520.4436215319593,522.861590520739,507.24154627268985,510.8684997558594,24009224
2020-01-29,514.1085744762003,517.2519342832151,508.0636517704025,509.32098388671875,16400827
2020-01-30,510.33661246804417,516.4298831590178,506.9514555250086,514.7373046875,14319317
2020-01-31,512.6094336555489,515.2691995848936,505.25883142742913,508.4021911621094,16292578
2020-02-03,487.4625401825147,502.11545562836,485.5281650230603,498.633544921875,22531888
2020-02-04,502.93756418436715,517.1068864806173,499.69750925885074,513.3831787109375,17781475
2020-02-05,511.6906636605904,522.6682799638199,508.45060833431387,521.410888671875,18782476
2020-02-06,522.6197509558725,529.0515715539195,518.6543057509859,523.8287353515625,15296851
2020-02-07,523.2001223399084,523.9738605813478,517.590446298918,518.8477783203125,8297149
2020-02-10,520.9755413372889,524.4573925294891,513.0929400403761,516.4297485351562,12536053
2020-02-11,520.0568278418365,526.9238367634496,519.8633784991605,522.03955078125,11243552
2020-02-12,527.8909665349748,532.630209264613,524.892708665984,531.276123046875,14026335
2020-02-13,530.9859746626256,530.9859746626256,520.3469114180193,523.2484741210938,9227235
2020-02-14,523.4902388199034,530.6474499936506,518.9444457248176,527.8909301757812,14458649
2020-02-17,525.1828214877116,527.4556885386323,520.1050870258139,523.8287353515625,7793293
2020-02-18,523.2485062345065,526.5369677794586,518.4125680992523,523.4419555664062,15918303
2020-02-19,525.66643507738,528.5679977365008,522.7648724182593,526.9237670898438,8704234
2020-02-20,527.6007934235568,531.324441771498,524.022187784498,529.0515747070312,13588526
2020-02-24,521.7977399539365,524.0706073305613,510.23983566839274,512.46435546875,16940750
2020-02-25,514.9790406526263,521.1206581950111,508.06362581746794,513.5282592773438,14942960
2020-02-26,509.562687832113,511.98065647330634,505.0653015789559,506.5160827636719,15743918
2020-02-27,505.64562228764385,506.12921604634136,495.8287044055488,498.4400634765625,26315054
2020-02-28,485.14129284470374,490.2190276063518,476.0497355556641,480.93402099609375,32737933
2020-03-02,491.573069142122,503.46946412451314,482.0946430192593,489.4936218261719,28642076
2020-03-03,493.1205588236592,502.4539124098375,491.8148497794079,497.8597717285156,19661945
2020-03-04,500.51952896852623,500.51952896852623,480.74053287719505,491.6697692871094,21883404
2020-03-05,493.02387129421635,494.37792800953366,483.59379234351775,487.9461364746094,16671516
2020-03-06,469.0859839576746,480.4987857814958,461.63862766360995,470.3916931152344,31024353
2020-03-09,459.41408783408997,459.41408783408997,428.41573855619424,442.7301025390625,42027175
2020-03-11,435.23443025125994,456.2707610467375,434.8475611053925,450.37091064453125,31018779
2020-03-12,423.6281524285834,431.3173053579198,402.350026050892,411.6833801269531,50757033
2020-03-13,387.84217253486287,449.5003732807419,382.23249705780376,432.5262451171875,67104335
2020-03-16,410.2809837970479,410.2809837970479,384.4087159970775,389.67987060546875,34833637
2020-03-17,393.6453530848473,395.0477869109263,352.0562862970133,355.19964599609375,47232699
2020-03-18,356.98893584801624,363.1789303556267,331.06829141782816,343.3999328613281,61202289
2020-03-19,325.07178363719385,357.4725707662842,312.40161918496113,327.4413757324219,57985870
2020-03-20,317.2374899562125,347.99403967596743,312.401552609319,334.3567199707031,88640642
2020-03-23,300.9404114697679,303.4067575237123,270.81252407020247,274.6812744140625,56867949
2020-03-24,285.61051165283004,294.9922440064094,259.4964441506233,286.7711486816406,67895418
2020-03-25,274.68127388790197,323.18572532789085,272.3600295892769,306.5017395019531,66544138
2020-03-26,311.434398804173,352.44314603539107,303.9386951062465,319.4136962890625,76173940
2020-03-27,344.1252919572271,347.7522449901499,315.30311699542165,328.69866943359375,72889985
2020-03-30,319.26862130005424,322.9439222427562,300.89205755410035,303.1165771484375,36559880
2020-03-31,314.04582366361694,323.8627718421397,305.6312797870415,313.1269836425781,46279768
2020-04-01,308.5328586001852,313.1269999116299,297.99051917822,300.9404296875,33141186
2020-04-03,299.34453366978437,299.34453366978437,272.2632834508701,277.2442932128906,57326314
2020-04-07,298.1839154061408,318.7850283141518,287.10963546233984,315.3998718261719,57661076
2020-04-08,312.2564919193143,341.1753924180542,304.7607887549205,308.4844665527344,73931321
2020-04-09,321.49312066927496,333.6796891321271,312.0630424981496,331.4551696777344,52431174
2020-04-13,329.85928108464685,334.4534216541612,318.4464805289726,319.800537109375,30994190
2020-04-15,331.45519126914274,340.3532991825679,314.3359595137511,316.6088562011719,49132329
2020-04-16,314.62612258185965,336.3878441426892,308.8713739232857,330.7781677246094,56494027
2020-04-17,350.12188520384575,372.8507921162501,337.59679490733026,363.2272644042969,69006835
2020-04-20,363.6625237201749,366.4673617498786,345.285960021549,349.4448547363281,55810736
2020-04-21,329.81094146887716,334.8403283358878,317.237503817571,320.961181640625,50118175
2020-04-22,315.3031088049955,326.90935820886034,312.4498940200579,324.9266357421875,49115085
2020-04-23,329.08554255401384,343.158108687749,326.9093707075876,341.36883544921875,45953398
2020-04-24,326.8126727216464,331.9871321041544,320.62267820109884,323.8627624511719,38513206
2020-04-27,328.1667388924371,341.3204960762752,326.90940682651654,336.48455810546875,38980019
2020-04-28,342.1425999220629,350.9440126360233,338.75744345640294,348.0424499511719,32933194
2020-04-29,341.4172123089181,364.14612021050334,340.11150318579536,358.2946472167969,39341745
2020-04-30,369.46563338525965,380.05634855711077,361.8732054347006,367.67633056640625,45734705
2020-05-04,347.2202913329714,347.2202913329714,324.9749801890763,326.95770263671875,38837299
2020-05-05,336.58127974218576,336.58127974218576,318.73665698384804,319.9940185546875,45069968
2020-05-06,320.62266435267026,334.21163726459827,314.577742324905,330.19781494140625,49952812
2020-05-07,325.94220582414044,331.6486064917045,322.750498701194,325.7004089355469,27656346
2020-05-08,332.71253273839267,340.93362729733553,322.7505123146335,326.6192626953125,42968091
2020-05-11,329.8109463881018,332.27726277307875,307.7590826003124,309.64508056640625,83665601
2020-05-12,307.85577709852924,313.7556268984765,297.8937574073057,310.66064453125,69072308
2020-05-13,332.22888599686814,336.9680985547152,321.39637485074496,326.95770263671875,72816461
2020-05-14,319.1718895629042,323.5242335114893,314.96461784269434,316.6571960449219,33999095
2020-05-15,318.49483359791657,319.7038179791966,308.33936479516456,312.1114196777344,31828868
2020-05-18,309.5000065431323,309.98360030335596,283.62774037116736,288.7054748535156,74034133
2020-05-19,296.9749271329466,301.278923561746,287.3514286647042,290.4464111328125,61827491
2020-05-20,289.18905872165243,298.1355429797637,287.73827749060735,295.620849609375,42238419
2020-05-21,295.95937111731735,302.5362342245476,292.0906211680713,294.411865234375,43075357
2020-05-22,291.12349894507,297.6036683692747,276.1804371096714,281.4999694824219,80358245
2020-05-26,286.3358800751679,288.12518305654487,280.48440684235976,283.0958251953125,46681705
2020-05-27,286.384267916245,311.38607447141845,285.1752833586082,308.3877868652344,80541990
2020-05-28,311.6762057711041,318.9301128099971,310.2254243633255,316.1252746582031,66136408
2020-05-29,312.3048572351448,323.33078951640846,309.50001921425996,321.05792236328125,60487477
2020-06-01,327.87655030196436,336.58123747812266,325.1684372092027,328.11834716796875,44024770
2020-06-02,325.94223689822275,338.51567630379213,321.5898924886026,336.9681701660156,47558213
2020-06-03,346.15640422050154,360.7609415371811,342.19092952288094,345.140869140625,69689299
2020-06-04,345.2859790483692,351.0891047466611,334.1633214599764,336.43621826171875,57061575
2020-06-05,338.5156385495436,348.18751393667344,335.6140759334047,345.4794006347656,37251097
2020-06-08,354.52259575695115,361.4863581416881,341.56228808401204,347.99407958984375,46827341
2020-06-09,348.23587741824446,357.2307396489891,333.9215129977482,337.11322021484375,47621969
2020-06-10,337.1132093982312,345.1408837884955,333.9698498546497,341.4172058105469,36292403
2020-06-11,340.885246181488,342.577824306488,328.940474653244,330.052734375,36999490
2020-06-12,313.5621950846644,334.79194271409347,313.46547043272267,332.90594482421875,47509067
2020-06-15,330.0044411042861,331.0199763398908,314.8195830493337,320.23583984375,43500660
2020-06-16,331.01994785716687,336.4845517578464,315.3514973208427,331.6969909667969,57511237
2020-06-17,327.48968292116564,339.4828016340536,325.0717142485584,330.7297668457031,37107002
2020-06-18,328.8437323136763,343.0613996054903,326.13561926581576,340.4499816894531,39285919
2020-06-19,339.48286393471415,353.458737233673,337.74193797743624,351.86285400390625,51367236
2020-06-22,354.95783525870985,362.9371326453157,353.1685323657417,355.4897766113281,40133602
2020-06-23,356.89220167352994,365.88703397426053,352.2497132956473,363.8075866699219,32493320
2020-06-24,367.5312875305494,367.5312875305494,333.67972157378824,336.6780090332031,57955780
2020-06-25,334.55015636158794,343.9318870867488,327.39297463615395,339.4828186035156,69902888
2020-06-26,343.931922140493,346.7367603235475,334.743639788823,337.64520263671875,34596104
2020-06-29,333.92151897039685,334.26004053371287,327.3930026690205,331.8420715332031,27384244
2020-06-30,335.61409423188707,342.8196535946516,334.9370511113854,339.9180908203125,47526095
2020-07-01,342.62618811503546,353.74884489223496,340.0631470217947,352.1046142578125,36922617
2020-07-02,353.9906350524131,358.7298480337504,349.4932189529422,350.9440002441406,50964311
2020-07-03,352.6849837892526,355.1029530042019,347.9941176090059,349.1547546386719,28779044
2020-07-06,355.7799627282729,355.7799627282729,348.6711280016928,349.9768371582031,33334074
2020-07-07,351.0891493106135,365.59696539782897,350.21868624862606,363.7109375,46030825
2020-07-08,365.50018326520336,366.5640955142677,355.48978583538184,356.8438720703125,46315597
2020-07-09,361.19619373080394,363.6625101179346,353.3135917735156,358.1979064941406,35144463
2020-07-10,352.9267538413985,356.1184906718707,347.22035283180844,348.52606201171875,27864858
2020-07-13,352.15299748458744,354.9578355131911,340.9336158539506,341.9975280761719,32379935
2020-07-14,339.96638597500197,340.88522585169204,329.42404875697247,334.21160888671875,34031256
2020-07-15,338.0320666243409,345.0925243067149,332.47073791735966,334.4534606933594,30442553
2020-07-16,336.5329231799516,337.1615891904671,329.81095783403026,333.3411865234375,35535437
2020-07-17,334.6469271350963,344.31880364189095,334.11498573371244,342.19097900390625,27511781
2020-07-20,346.25314305833547,354.3291650077728,343.59337729461924,351.0890808105469,36312529
2020-07-21,358.8265848234822,367.43454820576073,357.9077448348309,366.3706359863281,45559912
2020-07-22,374.20486035713515,376.71955391165113,362.9854787789867,368.5951843261719,45500191
2020-07-23,369.9976020339969,382.66776541027866,366.4190256482927,379.37933349609375,37838027
2020-07-24,375.55890520951584,375.945803833583,359.9388325399852,369.2721862792969,52980980
2020-07-27,372.3672268280923,373.14096510332377,344.8991048302517,346.73675537109375,73275058
2020-07-28,349.25144115245945,350.8472947567231,331.9387893681909,340.5467529296875,125939354
2020-07-29,341.6106965842816,345.91466400269246,336.77475823805014,339.5312194824219,50194622
2020-07-30,341.80403324560126,342.96466997279765,329.23059660458546,333.6313171386719,40820253
2020-07-31,335.08216224337133,341.4172293381997,330.8265131088964,335.420654296875,37345191
2020-08-03,335.42065635999126,337.8870025121262,329.3273861323146,331.9871520996094,32119883
2020-08-04,335.6140685339599,341.6106429482595,332.90595529175914,339.4828186035156,30811518
2020-08-05,341.80410109370257,348.18754532796,339.2410597882832,340.64349365234375,37057881
2020-08-06,341.8524938149423,351.81451501082046,337.16162771155297,346.97857666015625,48021824
2020-08-07,347.6555848258986,347.8490046307121,341.56228540793796,346.2048034667969,28510964
2020-08-10,347.70396500203225,352.9751495741998,345.6245174289091,351.6210632324219,22856010
2020-08-11,357.859366595153,362.01826094098726,352.10458929882424,355.29632568359375,45446107
2020-08-12,353.7488624018702,356.6504251830202,351.8144872144369,354.8127746582031,25706005
2020-08-13,356.84388113536465,360.1323131118277,354.2324627773426,355.973388671875,26257336
2020-08-14,359.6003720698585,359.6003720698585,342.57789230407724,349.5416259765625,28893259
2020-08-17,353.99065765632804,354.32917921580133,342.72292814510206,348.3809814453125,24232497
2020-08-18,350.02515473623856,357.8593794877275,349.73501028908805,357.42413330078125,26517363
2020-08-19,361.7281449078393,363.5174477845582,358.24626381296866,362.16339111328125,35790233
2020-08-20,354.95783686427177,357.5208780119546,350.70221747541046,355.6832275390625,68444775
2020-08-21,357.85938940339884,360.76095202018314,355.0061743570724,358.9716491699219,34109928
2020-08-24,362.55022002374733,368.6918662088776,361.58303257778095,367.8697509765625,32907235
2020-08-25,369.94923465927934,377.0096919064189,368.8853224602829,373.67291259765625,53072303
2020-08-26,375.4622640123423,378.7990437526592,371.59351334561535,376.57452392578125,37163882
2020-08-27,377.1547911804346,384.4086976948713,374.88189456933355,379.3309631347656,36910405
2020-08-28,380.97519298242054,398.3845699307373,380.0080053741807,396.25677490234375,83472297
2020-08-31,401.2377379220993,408.15312260324686,374.78515404918994,381.6521911621094,72744175
2020-09-01,381.7489012071034,386.5364614110611,372.65731549540584,378.1219482421875,34872793
2020-09-02,374.543403750598,381.0719201490913,368.5952058241043,379.5244140625,31295799
2020-09-03,379.5244254133476,379.6694976566305,368.5468397561697,370.1910705566406,26135555
2020-09-04,362.6953661609811,367.4829568007958,356.26357423763795,360.32574462890625,33118984
2020-09-07,361.82487024345374,364.4846360198119,356.8922078095089,361.1478271484375,22323904
2020-09-08,360.1806388534753,368.7886021723974,357.0372793060549,363.37237548828125,32052920
2020-09-09,358.63312940280946,360.18063537599676,350.02516616699563,355.53814697265625,25285238
2020-09-10,359.50362554204924,362.6953326629949,353.4587033309993,358.53643798828125,24852274
2020-09-11,360.7609559340998,361.38962193797926,353.1201801969168,358.3429870605469,22678353
2020-09-14,361.2445391829076,361.58306071858556,347.5588416606146,351.76611328125,27140598
2020-09-15,352.10458401936796,360.0355330206695,351.7660920203694,359.3584899902344,24967618
2020-09-16,359.1651582223612,364.3396183195132,353.0235104254135,362.4052429199219,22068622
2020-09-17,357.8593688799437,359.55194697599745,355.34467551970556,356.8921813964844,24084936
2020-09-18,357.8593794877275,362.3567955158832,352.5881957401363,357.42413330078125,78166508
2020-09-21,354.6193118100554,355.34470247768115,337.064863556757,339.19268798828125,28932482
2020-09-22,342.38443210824715,344.46387967684603,338.03208763229486,342.77130126953125,28593292
2020-09-23,344.899103247335,345.38269704619097,331.21340464295514,340.3049621582031,22740143
2020-09-24,333.6313917709597,335.5657670715219,322.7988782813213,324.6849060058594,25840472
2020-09-25,327.9249241188506,338.9992332748307,325.5553323520546,337.2099304199219,23231600
2020-09-28,339.96642398046066,352.0079207899557,337.6451797626435,351.0890808105469,18495592
2020-09-29,351.81445769137866,351.81445769137866,342.6261763221193,345.33428955078125,17080848
2020-09-30,345.23762677969063,345.76956815497823,337.8869950918926,343.10980224609375,19565058
2020-10-01,346.494947138134,359.02003798283323,346.494947138134,357.0856628417969,23237122
2020-10-05,358.5847694630534,370.09429493299973,358.5847694630534,360.857666015625,26530105
2020-10-06,364.72641598010654,369.27217956807056,362.79204095981027,368.111572265625,18093629
2020-10-07,366.85424546551116,371.73856056312695,361.82488764712906,370.0943298339844,21845743
2020-10-08,372.3671875,376.91298055648804,370.094290971756,374.78515625,21085500
2020-10-09,377.8801918138343,390.26018078567677,374.204861373034,388.3258056640625,41641237
2020-10-12,390.21182534600655,396.546891935066,387.5520596074177,390.7921142578125,25742564
2020-10-13,387.842218383404,387.842218383404,380.58831155578423,383.2480773925781,19922778
2020-10-14,381.410436373652,395.821525725914,376.2359768048395,393.451904296875,23368177
2020-10-15,393.5486259570445,396.4501887380248,376.381046169578,378.17034912109375,34234586
2020-10-16,381.0718970553735,388.13235440752493,377.6867406094501,383.1029968261719,25339096
2020-10-19,388.8577498246702,405.0097940133014,387.9872869169009,403.4139404296875,41072871
2020-10-20,399.9320898880308,403.2205219669366,397.51412078350825,400.9960021972656,26158669
2020-10-21,402.3500467239165,414.4398918778803,396.8370655272196,406.5089416503906,43124966
2020-10-22,402.7369021331522,405.8802617660011,394.27401081394356,399.35174560546875,33088074
2020-10-23,403.31723795541967,406.7023946289064,398.23950294518954,403.2688903808594,22151463
2020-10-26,404.3327747142863,405.3966870047404,388.27748375665215,391.1790466308594,21712057
2020-10-27,393.0166844347562,398.86815756764355,380.3465210594732,396.4985656738281,33571163
2020-10-28,396.45021183839106,396.45021183839106,381.84567241990163,383.0546569824219,28145103
2020-10-29,379.3792811129919,389.679821656793,376.86458781422544,386.77825927734375,32615425
2020-10-30,386.2946979444968,389.48643453930106,375.3171134516885,379.71783447265625,27225165
2020-11-02,403.31719521643464,408.9268710172733,393.6453200313883,403.75244140625,72698777
2020-11-03,411.05473210847276,432.23613475387646,410.28099383099317,429.2862243652344,61813071
2020-11-04,422.95114749841457,427.4969412594735,411.34489569951484,422.7093505859375,43426662
2020-11-05,430.3984746639378,431.6074591433309,421.30691728214634,424.11175537109375,30129938
2020-11-06,425.4174746706253,430.30176027751617,421.8872458097437,428.2706604003906,27831424
2020-11-09,435.23440625669036,449.3553506740408,434.26721868723104,447.5177001953125,40995422
2020-11-10,469.85972246825423,471.0687069636092,457.4797330423089,467.9737243652344,57535138
2020-11-11,468.8441572525586,474.45383314501777,456.60924084689134,470.5850830078125,45609279
2020-11-12,465.79756303743744,467.6835611840398,455.8838899464377,461.058349609375,31071572
2020-11-13,457.1895830720594,471.11707838782104,452.2085433981173,469.617919921875,34815091
2020-11-14,473.77682959493876,473.77682959493876,468.74744250377756,470.9236145019531,3636073
2020-11-17,474.4055079398093,476.8234768895535,462.46073542482856,470.4400329589844,36127378
2020-11-18,471.987538108646,482.62660146765234,470.2949598469859,481.3208923339844,29156543
2020-11-19,473.92190623470134,477.1619904764891,460.18783102304366,463.0410461425781,31896908
2020-11-20,463.76643834197404,467.5868410378285,452.7405059822393,464.4434814453125,30089190
2020-11-23,465.990969654465,467.49012813062564,451.1930113149338,452.8855895996094,29513544
2020-11-24,458.44689475673306,464.25002000681826,455.73878144651513,462.50909423828125,23135994
2020-11-25,469.0860017867664,473.87359237437875,455.64209959756573,457.1896057128906,34168305
2020-11-26,459.5108343402605,461.54193420207747,450.51597195684894,459.7042541503906,28707911
2020-11-27,460.76817826961155,463.8148133826231,455.8355154829042,457.8182678222656,48390771
2020-12-01,463.9598714470202,472.47110993204035,458.737035155163,469.18267822265625,20120049
2020-12-02,470.39167288327013,471.0203388902489,456.70597489473414,464.6852722167969,21244707
2020-12-03,466.28113405104057,469.0859721047109,463.13777444415337,466.0393371582031,22701738
2020-12-04,467.82863927708763,487.4625351357903,467.15159617179904,485.5765075683594,39547014
2020-12-07,488.429713257333,498.6818776850047,487.60759793573476,493.7008972167969,37778332
2020-12-08,494.71645763065817,495.20005143088366,488.8166073646628,491.7181701660156,19339943
2020-12-09,493.2656797705508,498.10161780751696,489.44527691485814,494.7164611816406,21272782
2020-12-10,491.42799463025165,497.52129383768204,482.3847852343927,490.31573486328125,20419020
2020-12-11,492.5402902476491,499.9392990749519,489.4936551802898,498.536865234375,25335765
2020-12-14,501.09988469498774,510.48161646014796,501.09988469498774,508.5472412109375,26369591
2020-12-15,506.80622983928214,507.04802670466347,496.26386289568075,501.05145263671875,26969145
2020-12-16,502.98591734818564,504.58180055756,494.32960573202007,495.63531494140625,24263586
2020-12-17,497.13440798976995,499.552376900226,492.39519482852046,493.65252685546875,23883288
2020-12-18,497.13439642175734,501.24494347388276,492.4435309413817,500.1810607910156,21735833
2020-12-21,497.71470834826346,497.8114625263707,472.1809914867809,478.2742614746094,29157759
2020-12-22,480.98237886731914,485.33472304192634,473.05145830332435,483.8839416503906,32328041
2020-12-23,482.62658447039485,488.9133035065824,480.25696318103564,487.0756530761719,19205951
2020-12-24,490.1222640252208,499.02040080266494,488.5264105586737,496.6991271972656,17576807
2020-12-28,498.9720698093516,504.0981519064119,496.74749126676363,503.0342102050781,14470472
2020-12-29,505.4038086850506,513.3831054395338,500.8580156972208,511.44873046875,19092649
2020-12-30,514.2052886729333,515.5109682628731,507.33822159368026,511.4004211425781,21365141
2020-12-31,512.7060624837276,520.8304609754287,509.22421114867814,517.49365234375,27817770
2021-01-01,517.9772538185119,519.3796874999999,508.83732013702394,510.19140625,13592625
2021-01-04,514.8338899561849,517.4453079899116,507.0963900236254,514.2536010742188,16549750
2021-01-05,509.3693563865334,522.2329392366254,505.8390981497572,519.6215209960938,23311516
2021-01-06,521.0722612079111,532.5334093727797,518.2673938687116,528.7614135742188,28178838
2021-01-07,534.0326233419001,536.2087953049357,522.0394742437494,523.3451538085938,21138034
2021-01-08,529.051628615732,529.14832376484,518.7510568404906,524.2640380859375,21937965
2021-01-11,527.2623336204688,528.084419451692,517.4453560561452,526.8270874023438,19394393
2021-01-12,523.248485704408,532.5818695522247,519.4764304939304,530.018798828125,16388310
2021-01-13,533.4039304447089,542.5922121114808,530.2605709271289,538.2398681640625,21920297
2021-01-14,535.870227056857,540.1258757054776,532.5334183474205,535.1448364257812,13330898
2021-01-15,531.9532362795666,532.9204239818931,523.7321408097915,525.1829223632812,15708956
2021-01-18,526.6335596608179,530.4056142796275,511.54545925045215,515.656005859375,21580313
2021-01-19,521.3140339976256,529.7769241599248,516.3814016302889,528.5195922851562,20575358
2021-01-20,528.5195969690293,536.4021393134515,528.0843508074807,532.9202880859375,16097138
2021-01-21,536.78903348342,542.5921581697272,531.6629518170026,534.5645141601562,18189277
2021-01-22,534.9514378749004,535.3383365278268,513.1897168778343,516.2847290039062,24515997
2021-01-25,518.9444823072852,524.5058108715461,513.7700523865595,520.395263671875,23415249
2021-01-27,520.153478911516,521.5075651630316,502.0670590045681,505.2104187011719,28049286
2021-01-28,497.7147352366271,512.464346726049,495.200070989115,510.9168701171875,29836591
2021-01-29,515.8494416360832,527.0688523192382,512.0774457168937,519.3796997070312,33172808
2021-02-01,533.8874929379452,589.452425884442,532.9203054507387,583.98779296875,69354326
2021-02-02,592.8860191274805,603.5250830922477,579.0552477797728,597.09326171875,42362384
2021-02-03,602.9447323202672,606.9101775967672,593.8531458875141,601.9291381835938,27155908
2021-02-04,598.4956176080086,610.9240124941443,589.0171918445839,607.6838989257812,29982222
2021-02-05,607.6839602021124,614.4542734347405,590.9516264479638,593.998291015625,32015570
2021-02-08,601.9291741391906,613.1485856234531,601.9291741391906,608.9412841796875,18230551
2021-02-09,610.6338012797704,622.0950085135672,607.9740356688493,612.5681762695312,27155615
2021-02-10,612.5681705304688,617.2590652561544,605.8462647299784,611.4075927734375,23967387
2021-02-11,606.1847931105234,612.8100041729464,603.621722506333,609.9568481445312,16072702
2021-02-12,609.2314742026796,628.5752256105127,608.7478804174838,626.3506469726562,19049709
2021-02-15,633.5078437351505,654.592520468244,630.6062810920887,651.8360595703125,27155194
2021-02-16,651.3041452267947,657.1072707534994,628.2366858386765,636.7479248046875,24966739
2021-02-17,633.3143842829531,643.1313613478358,628.0432004259342,635.7807006835938,21684753
2021-02-18,628.6719275027538,630.9932013095881,616.6787778881848,623.4974975585938,27845347
2021-02-19,614.6477354005381,614.6477354005381,598.6891395954887,603.5734252929688,24055811
2021-02-22,601.5905843422124,608.6510408085518,587.3729172466086,589.8392333984375,27092321
2021-02-23,594.5785079196658,602.6061522591449,589.0655274346221,596.07763671875,23534585
2021-02-24,594.9170865098318,623.8360202068169,594.9170865098318,620.06396484375,17762047
2021-02-25,621.6114055637187,627.1243860094103,605.7495072695255,607.3937377929688,38571809
2021-02-26,594.820400415131,594.820400415131,571.511201832981,578.1364135742188,57349273
2021-03-01,587.6147505802832,591.7736450008763,580.5059461074345,588.3884887695312,21527318
2021-03-02,589.9843628029663,596.2710814229979,579.3453005229128,590.4679565429688,24051433
2021-03-03,597.72199117718,612.9551972630062,593.7081386590451,611.3593139648438,21036174
2021-03-04,598.4472777927014,610.1986297696074,595.5940628032014,600.3816528320312,25057198
2021-03-05,593.0794682716344,594.530249720913,581.7633611607706,589.4525146484375,26645968
2021-03-08,591.5318927303614,595.7875416407732,581.4248298749109,588.098388671875,19632433
2021-03-09,594.6753156345112,607.732349187152,592.2089988810582,604.5889892578125,23056249
2021-03-10,608.1191741716692,609.8117523900396,601.3972088693664,605.072509765625,15838994
2021-03-12,610.7306936932554,617.0657614122351,588.3886220847197,592.740966796875,21757862
2021-03-15,591.822030109098,592.7408109697164,571.2208899948206,583.6976318359375,24347946
2021-03-16,586.9377808972519,587.0828826525666,574.1709515976513,575.4282836914062,17925629
2021-03-17,577.9428911922378,583.842770488018,567.7390746552627,570.1570434570312,20214082
2021-03-18,575.2347873875159,581.6666081188232,556.6164273081386,559.6146850585938,22776537
2021-03-19,556.3263248295902,569.5768068871514,551.296937453351,567.400634765625,29162618
2021-03-22,567.5940061441214,567.5940061441214,550.8133252903946,554.6337280273438,21755401
2021-03-23,557.1000391565908,569.9152744323284,555.4558084845356,567.1588134765625,29486417
2021-03-24,560.96875,561.5006913185119,546.4609375,548.87890625,24434219
2021-03-25,549.4592117255838,560.0015794068414,538.8201489043831,552.7960205078125,27170186
2021-03-26,565.3211846063751,565.3211846063751,555.4558587143677,559.56640625,20724410
2021-03-30,562.9031566253199,573.6389148655057,562.9031566253199,572.0430908203125,28011943
2021-03-31,566.771994623957,570.302253357036,560.0016806950018,562.9999389648438,20119972
2021-04-01,568.2710914881146,576.5405340823887,561.162285879385,574.8963623046875,15631940
2021-04-05,572.5749999999999,572.5749999999999,545.01015625,552.505859375,23260127
2021-04-06,555.8427209368261,559.5180219799895,545.8807005455731,547.3314819335938,23284697
2021-04-07,547.9601652783995,560.9688513092154,541.0448088239718,558.6959838867188,23984399
2021-04-08,562.9031820726192,566.626830712183,554.4886381629826,557.777099609375,19262565
2021-04-09,555.1173471325743,560.001632814362,546.4610061141875,547.6216430664062,23239564
2021-04-12,533.3073031902685,533.8392446006219,513.7217529337577,520.87890625,26601702
2021-04-13,523.2485286128166,545.3003956462012,520.2018638443274,542.2053833007812,25445897
2021-04-15,547.3798090534764,557.8254228504287,535.9670077006499,556.3262939453125,37614884
2021-04-16,555.7458722290455,558.7925362386476,545.5904042402859,548.346923828125,24045008
2021-04-19,531.9531609832096,543.8495562314362,516.8650585755726,541.3832397460938,28526176
2021-04-20,546.6543958688338,553.8599546697744,534.4677977473423,540.7545166015625,24425842
2021-04-22,533.887495728224,561.5490343939207,528.9548631306675,560.1950073242188,34942633
2021-04-23,551.2001875870606,561.4523516177502,548.4436677539687,551.24853515625,33749097
2021-04-26,582.2469587226377,585.6321154593971,568.7063317755996,571.70458984375,62584522
2021-04-27,573.7839843749999,582.1985274314881,571.7045076370239,579.103515625,24239685
2021-04-28,578.3781688725504,602.3644088855251,578.3781688725504,600.9619750976562,33292864
2021-04-29,602.1225985142227,607.8290286823235,589.0172189949614,601.0587158203125,34537860
2021-04-30,590.0811817566496,596.1261047751059,578.4749295612135,580.7962036132812,23653258
2021-05-03,573.1069898029775,579.2002597619761,568.2227043212583,577.169189453125,18010557
2021-05-04,577.072462321163,588.050017153402,569.6734541173581,572.1397705078125,15115127
2021-05-05,575.7667837009259,584.9550661758469,565.5146184471512,583.0206909179688,17253943
2021-05-06,583.0206329483368,590.8064807806612,579.5871290134854,588.2434692382812,16949763
2021-05-07,591.9188082591196,594.6269217191755,583.8911630254934,587.1795654296875,10941083
2021-05-10,590.951574662244,596.7546997816768,590.951574662244,593.1277465820312,12060808
2021-05-11,586.5024839749,592.7892023000195,583.4558199428291,589.8392333984375,13818480
2021-05-12,583.4076108502059,586.7444200981761,573.7357342082345,575.23486328125,14785569
2021-05-14,572.5750286399276,582.1985565527799,571.70453623341,577.7011108398438,12675754
2021-05-17,583.455938899069,604.0086760753728,581.4732160603153,603.13818359375,20453101
2021-05-18,607.3938303020267,614.6477375110477,605.4594550462878,612.4232177734375,19242627
2021-05-19,606.5233143390998,613.1969323259727,602.8963608750266,604.927490234375,13911576
2021-05-20,607.4421190635082,612.1330140239647,596.4162165928088,598.3021850585938,13900762
2021-05-21,601.8808360468204,622.8204713519477,601.8808360468204,621.3696899414062,23975898
2021-05-24,622.1433804124802,632.0087050525594,617.0656458657791,626.1088256835938,20323003
2021-05-25,628.7685868211913,630.6062667329297,621.4179852391217,628.9620361328125,14884778
2021-05-26,628.0432402525254,635.1037569113275,622.1917671180947,631.0899047851562,14487031
2021-05-27,629.7358551210899,634.958692042569,626.8342921719235,630.84814453125,23349546
2021-05-28,636.4577646306658,638.3437921867975,618.2746502354701,621.949951171875,14191446
2021-05-31,622.627036124524,643.1797732393142,622.627036124524,641.0036010742188,21786138
2021-06-01,642.7444879173929,643.083038986402,627.0760374749445,628.7686157226562,14123196
2021-06-02,627.221090506757,628.0431762645302,620.0638794307896,627.0759887695312,16025108
2021-06-03,632.0087695512198,632.2022188839913,623.594225351465,628.9137573242188,11805702
2021-06-04,631.5734701538852,633.4111501118738,618.4197430867815,621.6114501953125,15111572
2021-06-07,624.0294066460328,628.6718949871419,623.1105666853325,626.9309692382812,7556341
2021-06-08,626.7375155842017,626.7375155842017,616.4853514422515,621.3212890625,11912935
2021-06-09,623.2556700607997,624.416247874786,608.1675091221133,615.2279663085938,15823094
2021-06-10,614.59943302568,621.3213993171391,610.2954359734182,619.3870239257812,10712418
2021-06-11,622.8688320240907,623.4007734126527,610.7789866820082,614.8411865234375,9015059
2021-06-14,614.8411454545931,615.2279850602316,602.8963436350101,614.3092041015625,10170497
2021-06-15,615.4697584698516,624.9965910190658,615.1312664487763,624.1260986328125,11039987
2021-06-16,623.7392882904506,627.8981830401924,616.6787717946152,619.0967407226562,8601339
2021-06-17,612.2780839004929,616.6304279976123,606.1364663986469,612.229736328125,9720060
2021-06-18,611.8427921408321,615.7115421614063,600.3332962490882,609.7150268554688,13820690
2021-06-21,602.4127709849872,612.3264438510531,596.0293564598159,610.5371704101562,13407446
2021-06-22,614.1641206728506,622.9655041435304,608.8929364920826,610.1502685546875,15270093
2021-06-23,612.9551231132912,614.1641075770254,602.9931029386095,604.2020874023438,10950633
2021-06-24,606.4265790037326,615.4214111920364,603.9602626181005,613.2452392578125,12815724
2021-06-25,615.2279690658137,628.6718994516805,615.2279690658137,627.7047119140625,14785922
2021-06-28,629.6390792072657,631.5734542585936,624.948243320772,628.9620361328125,12093491
2021-06-29,625.093315470687,627.4629368266561,615.566541507183,619.0967407226562,12225470
2021-06-30,617.3558221248772,619.7737910812119,609.1347276733394,610.1986694335938,14276494
2021-07-01,613.1485855081484,616.4853945056948,609.376530287888,610.1502685546875,10517081
2021-07-02,611.5043209840059,620.3057039680308,611.5043209840059,619.2418212890625,10999396
2021-07-05,621.6597745189683,627.2211027235332,620.1606456790087,626.5924072265625,7358568
2021-07-06,624.0294033649028,633.5078293099217,624.0294033649028,628.9620361328125,9209891
2021-07-07,629.5423916613154,633.2660400670603,624.7064539746634,632.5406494140625,7741559
2021-07-08,629.1555586299752,632.5407153635723,617.1624083036803,620.8377685546875,10782941
2021-07-09,618.5164963152849,620.1123795356456,613.0035149560241,617.59765625,7069698
2021-07-12,624.803125,628.913671875,621.321273612976,625.044921875,6992783
2021-07-13,633.652921848891,644.4853747530493,631.573445085938,643.13134765625,19825411
2021-07-14,640.2781582605325,646.0812835619874,636.6028573760996,642.551025390625,11648541
2021-07-15,643.2763903345876,647.6287341366685,639.4076402882935,645.54931640625,8244429
2021-07-16,645.5493872475801,645.8395317264038,636.1193079748996,638.6339721679688,9212875
2021-07-19,624.4646241635297,635.34548338477,624.3678699954329,634.3782958984375,9121737
2021-07-20,627.366285112339,629.8809493586032,618.1295959418509,620.8377685546875,13169127
2021-07-22,631.0898878626158,638.6339390834501,627.0276882721836,634.4266967773438,13123569
2021-07-23,634.4266555747867,655.6080265102667,629.3972687433803,654.4474487304688,19298083
2021-07-26,657.6874877343462,665.1831907195537,641.8255894171892,654.5441284179688,31054759
2021-07-27,657.8326707719405,663.1037959741483,651.2074002822104,655.2212524414062,12598869
2021-07-28,655.6564222188385,664.4578047532493,648.063965012893,662.57177734375,18367497
2021-07-29,671.738525390625,671.738525390625,662.6203181147575,666.888427734375,11043138
2021-07-30,666.4034794063358,667.0340158418967,657.6733028202266,662.0383911132812,14536250
2021-08-02,663.5418296380883,667.4219076527314,657.3822294719592,660.9713134765625,9348206
2021-08-03,662.5233695507073,671.1565674480547,656.3637689331963,669.7015380859375,10162609
2021-08-04,673.1935601400174,695.8920410372308,672.417556349791,693.2244873046875,28730606
2021-08-05,694.0490023365312,695.0190219065333,678.0921685689368,681.3902587890625,17774554
2021-08-06,683.9123013506,684.8338318038602,674.842641849481,676.7341918945312,14701949
2021-08-09,676.4916392046472,685.1247774384981,673.5330322944652,681.7781982421875,8602980
2021-08-10,682.9907339113992,687.0648278173533,676.3946128854847,679.88671875,10843554
2021-08-11,685.0762786559645,685.9493198967227,669.3134616249423,672.7570190429688,9748084
2021-08-12,672.7085514403636,681.8752479405593,672.5145356911748,680.3231811523438,8840339
2021-08-13,685.8522826669118,688.616873793436,679.9836764727914,683.6697387695312,12787590
2021-08-16,681.3417236395012,686.1918211619769,677.7041504976445,681.584228515625,7920846
2021-08-17,678.8196832947818,681.8267794851803,670.7685327042499,680.177734375,8669653
2021-08-18,679.8380997878493,679.8380997878493,663.1052644737922,667.6643676757812,11069373
2021-08-20,663.3478233200453,663.8813814188723,655.1026574217951,660.2922973632812,13121808
2021-08-23,669.2650026008532,669.2650026008532,653.6476522704689,662.2323608398438,10917371
2021-08-24,662.7658354785066,676.346108726511,660.001303535137,673.6300659179688,9821388
2021-08-25,678.9652293529431,679.4502391518658,666.5489903415817,670.33203125,9535359
2021-08-26,671.3019778020057,680.5171629788125,669.3134496838583,677.849609375,10756731
2021-08-27,675.2305841643647,679.4502047243641,668.3919581871249,678.7711791992188,9135827
2021-08-30,683.3788135104711,693.5640193896194,679.8867666054539,692.2545166015625,10797869
2021-08-31,692.593966767437,698.3171058612189,688.0833521252788,697.4925537109375,19760246
2021-09-01,705.7862422805786,712.7703952911427,695.6980738922512,698.317138671875,13729351
2021-09-02,700.6450160601262,706.2226277317748,695.9889346796334,703.4096069335938,8627956
2021-09-03,703.02166467893,709.8602906246755,699.4810696603816,702.5851440429688,8993813
2021-09-06,703.6521850197431,706.1742120951084,698.4140559182391,699.5296020507812,5329995
2021-09-07,699.2871216814693,700.7906401523801,690.3144407874563,695.4070434570312,6242711
2021-09-08,695.0189726673069,701.0815945503086,693.5639434153866,699.3355712890625,7118011
2021-09-09,699.1900540675887,702.1971500850995,696.0859797807648,698.6565551757812,6243422
2021-09-13,696.3771004174755,696.3771004174755,684.057839552124,686.19189453125,6967906
2021-09-14,691.8664581086772,692.5939727859734,685.3188260130114,686.2403564453125,5241865
2021-09-15,685.9007692238437,694.5339665120459,685.1247654598607,692.9334106445312,5936741
2021-09-16,698.414101538091,707.5323093236237,691.4784378198648,705.3982543945312,13557169
2021-09-17,710.9273811188644,712.3824105037124,692.5939871876604,698.5596313476562,17075003
2021-09-20,688.7138671875,698.8020939946174,685.318798828125,688.7138671875,7943459
2021-09-21,689.8293345511488,693.078875927617,673.5815092582341,690.50830078125,10009615
2021-09-22,693.5639343175438,693.5639343175438,681.1961858384548,682.26318359375,9740470
2021-09-23,689.6838504041089,698.41402572568,685.9492990875531,695.5039672851562,10412491
2021-09-24,700.9360313995477,702.8760703009638,695.0674255638214,701.2755737304688,11780868
2021-09-27,702.779150390625,709.8117919921875,700.6450955808162,708.1142578125,7712240
2021-09-28,712.0913199559708,713.3523927210091,685.415782631291,695.6495361328125,13491800
2021-09-29,686.1433160876496,690.6054416128642,680.2747095564644,688.2288818359375,11453404
2021-09-30,688.3258670863279,692.4969986251765,677.8496675120839,679.8381958007812,18487517
2021-10-01,672.223553973205,674.0180664741322,667.2764779074683,671.593017578125,10935810
2021-10-04,676.1521173636177,682.2632287045247,673.2420587055386,679.2077026367188,8976533
2021-10-05,672.2235053040437,678.043622233083,671.1079592105281,676.2005615234375,7497208
2021-10-06,675.7156064520935,683.8637944941421,667.712945027162,668.8284912109375,13200810
2021-10-07,676.6370907187762,683.815258704445,672.6600344489249,681.147705078125,10041549
2021-10-08,684.8337946980113,688.7138728549405,677.3646324048638,682.311767578125,9383924
2021-10-11,680.9537081745954,697.8320716319804,679.3046631371025,691.9149169921875,9337637
2021-10-12,685.3188175717172,691.6239446972885,683.2818001824968,687.3558349609375,7376091
2021-10-13,692.4484460716717,694.4370335535737,686.725366134252,688.6654052734375,6357766
2021-10-14,688.9563574078832,707.9202269991712,687.7923221540975,705.4951782226562,8950350
2021-10-18,716.8443758697888,726.4475921379814,710.1027288294143,723.1010131835938,15345601
2021-10-19,732.3647735901549,732.3647735901549,716.6019556155323,725.0411376953125,11349799
2021-10-20,724.3621160046894,734.741337274942,719.6575447586221,723.4890747070312,12762996
2021-10-21,726.4476264344589,737.0692925835626,715.2924021967076,732.8497314453125,12166996
2021-10-22,735.7597628720237,742.8893822447653,730.7641389541915,736.5357666015625,13248928
2021-10-25,776.0156276682939,841.0069364855135,774.4636200950748,816.4654541015625,96124084
2021-10-26,803.8552151946809,816.4654693802694,797.6955555116205,804.5342407226562,16925115
2021-10-27,803.9036865234375,823.54658203125,799.4901094973087,809.96630859375,22898400
2021-10-28,805.2131540654456,807.0077256431113,772.378018047821,774.7545776367188,18750423
2021-10-29,774.0755831442972,784.5032930676069,760.3983314851432,778.004150390625,15701200
2021-11-01,783.4848296671813,785.4248688347587,769.2255299444283,779.7987670898438,11406421
2021-11-02,784.7458406060003,785.7158601864775,774.0756252207518,776.9371948242188,9452457
2021-11-03,781.8357826218131,781.8357826218131,757.0517941576773,762.3869018554688,11839149
2021-11-04,764.86043165069,765.3454414361375,755.6452457271877,758.6522827148438,3149310
2021-11-08,769.2255312127747,769.2255312127747,749.9706661249394,756.7608032226562,13967995
2021-11-09,760.4952731993542,764.9573391303975,755.8391915310285,762.9688110351562,10084357
2021-11-10,759.0887779652497,760.7863121575199,749.9220814859318,757.48828125,9507347
2021-11-11,753.4141968795224,753.7051909036771,743.131954118792,748.3215942382812,9221059
2021-11-12,749.5340980513727,756.5182504653758,748.0790687653425,753.317138671875,15380106
2021-11-15,753.7052342876302,761.0288704760063,748.4186155908851,750.1161499023438,10934583
2021-11-16,750.1160517687515,752.4926113349409,739.1548434898162,741.1433715820312,12785837
2021-11-17,738.0878578031025,748.8065613872471,733.6257326006576,738.475830078125,11657214
2021-11-18,741.9679932427853,744.4900204442565,733.7228268925884,740.0279541015625,20644385
2021-11-22,745.2660189615661,747.3515847056727,718.0569820404053,729.4547119140625,20403786
2021-11-23,718.7359659573292,735.2262975856127,709.278275758755,729.3091430664062,24913042
2021-11-24,727.7571681382037,749.0975982602171,724.3136105732106,737.4088745117188,23186419
2021-11-25,732.2678140794005,732.3163032179673,722.95559046798,728.533203125,17749726
2021-11-26,716.8444114844465,719.802959122451,697.0559899751541,700.548095703125,18987552
2021-11-29,704.9617000159554,705.9317195550211,689.1988825061388,696.862060546875,15878074
2021-11-30,695.2614811417723,710.3452726237059,689.7808472490506,692.9334106445312,23965914
2021-12-01,694.9220306508784,710.7818266420423,693.5639795961246,705.8832397460938,15214913
2021-12-02,702.8761220492831,705.3011708545943,693.7579740644888,700.7421264648438,21924640
2021-12-03,698.8990448845714,707.6292203237957,693.6609159389202,694.824951171875,20130259
2021-12-06,697.4440401239817,705.0101805958118,686.2888155601072,688.27734375,20129080
2021-12-07,695.5040093861126,718.735989183653,690.6539116916487,712.6248779296875,30513303
2021-12-08,725.4776366777609,736.0508141264423,721.7915150664559,730.812744140625,33432411
2021-12-09,736.2933133542538,740.12490234375,725.9626408696174,732.36474609375,16007459
2021-12-10,733.8197510248752,737.0208035306538,728.5331329140408,735.2747802734375,7627774
2021-12-13,740.1248899910115,746.624032582974,729.9396850828783,731.3947143554688,16855546
2021-12-14,728.5331505780205,741.4343983870167,723.925557845858,735.9053344726562,17488089
2021-12-15,734.8867240174936,736.7297846856566,728.3876409572437,729.6971435546875,7358740
2021-12-16,735.1777572606818,735.1777572606818,716.7958770315599,718.929931640625,14123215
2021-12-17,719.7544893273117,719.7544893273117,704.282666024298,706.4652099609375,13227787
2021-12-20,696.5710292424409,698.6081058617633,677.2676753307227,688.6654052734375,16900016
2021-12-21,698.4140568879703,707.0957434639558,694.6795054047839,698.7535400390625,14563335
2021-12-22,704.4767059838692,712.9158880033236,698.4625728662525,710.830322265625,9843359
2021-12-23,716.8929569013119,717.3294775522406,706.1257632733157,709.3753051757812,9994049
2021-12-24,711.8973889628089,711.8973889628089,698.0260616918899,705.3012084960938,8800690
2021-12-27,702.2940925929857,716.6018797003704,694.6309151381012,713.934326171875,7955163
2021-12-28,718.2024817946877,720.1910099848699,710.539303845837,713.7403564453125,17833655
2021-12-29,715.8744046334617,722.6160521279113,709.9573092528904,713.6433715820312,7143073
2021-12-30,711.3153010555776,718.2994534296456,707.1442289672,713.6433715820312,14326182
2021-12-31,714.4678551932623,723.8770562410723,714.4678551932623,717.9599609375,6973055
2022-01-03,720.772979859294,743.034939294085,720.7244907252026,741.77392578125,9653095
2022-01-04,744.9265052853369,754.6751896603275,740.7068848328263,749.6795654296875,12114437
2022-01-05,749.8251068763901,771.9900297558837,748.0790835397291,764.4238891601562,19741360
2022-01-06,751.8136592372482,768.7405126502274,750.7951505252694,761.5138549804688,13018067
2022-01-07,768.4494479246886,778.2466210419217,762.67782014738,769.4679565429688,12250210
2022-01-10,776.2581539806891,788.431887634735,775.0456295289855,786.443359375,10905080
2022-01-11,785.4732722642977,790.2748805211734,777.8586430445617,786.3463134765625,9982061
2022-01-12,794.0579645991324,800.7026339113712,787.7043485105037,799.0535888671875,13034848
2022-01-13,796.3860136465046,803.1761501818585,792.8939671104393,799.97509765625,9372244
2022-01-14,796.3860351562499,797.3560546875,787.2678278803825,795.416015625,7552844
2022-01-17,795.4160250326835,804.0492226450341,790.1294066837855,794.7369995117188,6722700
2022-01-18,796.38601737993,810.9363100238994,793.669974594114,798.4230346679688,10835146
2022-01-19,791.5359564713497,796.3860542438456,779.1682071514848,784.3577880859375,16416144
2022-01-20,778.9256714959455,788.5773775230373,771.5535468550623,785.9583129882812,13567654
2022-01-21,778.9256470409367,787.0252860646632,771.6505008979641,780.3806762695312,12078277
2022-01-24,788.6259190532194,792.2150033426144,759.8163256674114,774.5121459960938,29612316
2022-01-25,765.3454397112157,780.1867272714006,762.4838701424657,777.6162109375,19513184
2022-01-27,763.3083983827408,777.4706599600323,757.6337485604175,770.8260498046875,23984679
2022-01-28,779.6532542601936,781.6902717400607,755.1602593363119,757.7308349609375,14072314
2022-01-31,765.2969548408923,774.7546456885359,760.4953461079525,765.1514282226562,14824509
2022-02-01,778.0041141709688,788.4803127418924,765.6363657679349,786.0067749023438,20031583
2022-02-02,790.56591796875,794.1550020754337,784.600274169445,789.3533935546875,11214375
2022-02-03,789.6443412621226,793.863961498765,781.8356963345784,784.697265625,9755335
2022-02-04,785.5218385784158,787.6558934806294,771.9415645528877,780.9142456054688,10314067
2022-02-07,774.1241179345495,780.865765891066,758.021816506368,762.8234252929688,14659368
2022-02-08,766.3154905301163,771.844614138292,751.086170839281,768.7405395507812,14642455
2022-02-09,773.348092746373,780.1382296535221,770.3895449350314,778.731689453125,8855292
2022-02-10,781.7872286242942,784.5517605198588,772.4265167580988,781.3507080078125,13159771
2022-02-11,772.9599754634849,773.493533525501,764.2783487455761,767.0913696289062,13138408
2022-02-14,748.8551060073834,750.7466560048083,728.6302217098981,731.103759765625,16170656
2022-02-15,730.3762033282566,754.6751802603627,720.9185130872045,752.7836303710938,18880659
2022-02-16,752.4441222020167,754.2386345572445,737.6028360044997,741.1433715820312,10549784
2022-02-17,743.5199649675193,744.2474796103446,723.9255587463642,727.8541259765625,16683808
2022-02-18,724.4591053521793,734.1108120903283,723.1980917292974,726.4476928710938,8945567
2022-02-21,723.8770658978235,740.0279145678118,717.8144439053794,731.8312377929688,10967164
2022-02-22,716.2624787902446,736.9723730612117,715.631942383559,728.7756958007812,13156371
2022-02-23,731.9767460218848,733.7228286173266,720.4335486276524,722.2765502929688,11624282
2022-02-24,691.5270023764157,705.3012334487867,681.2447590061901,686.19189453125,28023104
2022-02-25,703.2156439894683,717.1354000457194,698.6565405267843,708.1627197265625,16935750
2022-02-28,701.2756465733906,722.42206095429,693.9520108008815,720.4335327148438,20547432
2022-03-02,695.5040227620968,703.2156900856645,686.5313418547755,693.41845703125,25252492
2022-03-03,696.0859890579119,700.3056095245371,672.6600529984909,677.3646240234375,23190595
2022-03-04,670.2835055337035,685.3672976160152,664.4633882642357,667.4219360351562,18697223
2022-03-07,643.607897038943,647.0029650715524,622.8980057221412,634.1502075195312,27799873
2022-03-08,624.0135526120663,649.3795870363712,623.72255859375,645.06298828125,26716975
2022-03-09,644.7719605885366,654.2781396572502,638.2728182275325,647.4395141601562,33728639
2022-03-10,673.1449971929803,679.9836223527601,653.4536145493574,656.3151245117188,35959638
2022-03-11,654.4236695822449,664.1723535705743,650.4950433016918,657.5762329101562,20546724
2022-03-14,657.7701545845479,677.5100855917592,656.9456617476736,675.279052734375,24648981
2022-03-15,680.4687200830572,686.8708254851132,667.3734560472463,676.443115234375,27714580
2022-03-16,685.7068668869402,690.0719550103265,680.2262325610145,686.7738647460938,14621688
2022-03-17,696.2800142614094,703.2641667933818,694.7280066788796,698.5110473632812,18329844
2022-03-21,699.3841067973971,701.2271676541549,684.3488035306015,689.44140625,12866839
2022-03-22,687.4043552277658,699.3840725949519,678.5286529544644,696.6680297851562,11761758
2022-03-23,703.2642189271527,705.0102423882569,692.8365080947846,696.7650756835938,7140403
2022-03-24,681.3902952515019,691.3329963760759,677.073696092944,683.0878295898438,17727969
2022-03-25,683.8638064534825,684.930804313348,675.7641666123579,678.2861938476562,15263007
2022-03-28,680.9537053887425,692.0119516370017,674.794105097614,689.0533447265625,13806166
2022-03-29,692.8849609072935,695.4555364272713,684.6882837719272,693.85498046875,11489374
2022-03-30,699.4325767058435,709.8117976134745,697.5410267638673,708.9873046875,20154520
2022-03-31,717.7174967447032,717.7174967447032,705.9802245354099,708.4052734375,16046383
2022-04-01,703.26416015625,716.1654080808163,701.4210993647575,714.1768798828125,12658848
2022-04-04,719.7544866073363,727.3206270513682,703.2641547039336,724.216552734375,17192197
2022-04-05,724.4105221128956,732.8012141382112,715.8743626915073,719.5604248046875,12290391
2022-04-06,710.345345618719,722.5676281772567,710.1513298564631,719.3665161132812,13518142
2022-04-07,715.0013580175118,735.0807737402448,715.0013580175118,726.1080932617188,15087175
2022-04-08,727.369131169894,733.334775045837,721.3065090216976,731.6857299804688,15480705
2022-04-11,729.7456517780823,742.5014317762851,729.1151746316407,736.8267822265625,13216391
2022-04-12,734.3048521772176,745.8481093347783,727.7572197436691,740.949462890625,14020000
2022-04-13,746.5270198926197,749.3885893981088,737.8938814451427,739.3973999023438,16119956
2022-04-18,728.4846288940821,740.0278843789141,726.7386056725445,735.0807495117188,17651530
2022-04-19,738.9608400036045,754.5781894079806,734.3047582651742,743.325927734375,31088359
2022-04-20,743.8109123170943,746.9149864394591,731.2006592992853,732.898193359375,15984202
2022-04-21,736.2933320721821,741.288956467235,728.6787022404092,739.494384765625,8953098
2022-04-22,734.3047661218444,736.0992785260227,723.5375732861904,725.235107421875,14411607
2022-04-25,725.2351047451931,739.3488766658785,721.6945098788588,729.648681640625,35417460
2022-04-26,744.9749999999999,745.5084989011287,729.1152043461799,731.1522216796875,18727514
2022-04-27,726.5446317605009,727.5146512955616,710.5877985676929,714.6134033203125,21441480
2022-04-28,716.9414174190198,729.3577148794458,712.6248778357512,724.7501220703125,18649559
2022-04-29,727.6116238754458,737.1663517442317,717.9114286007149,721.0155029296875,19560317
2022-05-02,710.0543089337676,721.5005277558487,709.1812676586985,718.7844848632812,10903446
2022-05-04,723.8286237907864,724.6046276151784,699.529645107401,702.5366821289062,12212165
2022-05-05,708.890234300298,720.7244839669235,704.7191623175906,706.9501953125,9121547
2022-05-06,694.7765257261593,701.3241579057775,689.0048973712142,697.6865844726562,12455025
2022-05-09,684.1547579747249,698.4140568089666,683.3302650619983,689.0533447265625,13055889
2022-05-10,683.8637425509091,698.4140349456094,683.8637425509091,689.974853515625,12797419
2022-05-11,696.474087619717,698.2201110958097,685.9493984178897,692.7880249023438,13516852
2022-05-12,686.3372425742325,689.3928274907596,672.5144655614166,674.9395141601562,16685166
2022-05-13,681.3416986342818,681.3416986342818,654.7631415044303,657.0426635742188,15717043
2022-05-16,656.4122044490664,670.2349822600079,655.4906740872786,662.5233154296875,9025623
2022-05-17,665.5303767085076,690.65390625,664.6089055180549,688.7138671875,12765052
2022-05-18,690.9934083360105,695.5040229620245,684.9307860995912,686.143310546875,11835013
2022-05-19,672.3205351215821,677.7526801950419,665.0453884024539,669.6044921875,16661023
2022-05-20,673.9695557224218,690.5569251623157,672.9025579245164,688.27734375,11695528
2022-05-23,688.2773315746425,704.1856752229598,686.2403142854777,689.7323608398438,17438451
2022-05-24,689.7323324639221,695.8434432852948,684.8822351127866,686.9193115234375,13779981
2022-05-25,690.702426335335,699.2385867517748,690.2659056856536,691.9634399414062,10457589
2022-05-26,701.3240726342656,711.0242672765099,694.000437520429,706.6591796875,14028733
2022-05-27,711.5578004198139,718.9784733607349,709.3267673856765,717.6204223632812,8110620
2022-05-30,726.3021362345459,729.4062106277925,721.9855374068509,726.0596313476562,7628515
2022-05-31,718.7844671298695,734.0137854944626,718.2994573679736,730.2791748046875,20272212
2022-06-01,725.574590691841,732.9467152573952,721.8885284090638,730.085205078125,10102092
2022-06-02,728.5332304734355,729.2122560547526,720.9186000683857,727.272216796875,10949759
2022-06-03,733.4803017861097,734.304794716289,718.9784977640621,721.9855346679688,8563791
2022-06-06,718.0084446723899,728.4361542818696,717.4263974500811,724.362060546875,9107831
2022-06-07,718.784460353754,720.6760102483751,710.3937678699366,713.2068481445312,9938912
2022-06-08,714.5163876883088,718.7844974551812,704.6707246296103,707.6292724609375,9369224
2022-06-09,703.2642084679397,712.0913631265906,700.4996762960814,710.7818603515625,7444368
2022-06-10,703.0215938356188,706.4651510295613,696.4739625718859,698.4140014648438,7990818
2022-06-13,681.1961909005809,681.2446800343107,661.6502743788106,667.3734130859375,16622521
2022-06-14,661.9413275034606,673.8240663249896,660.2437933860992,664.9483642578125,13348598
2022-06-15,666.8884399458468,675.4730892724864,665.530388895112,666.6459350585938,9199591
2022-06-16,679.0136214996315,679.062110631538,656.0241484735147,658.158203125,13237239
2022-06-17,651.1255929345484,671.8840340301465,649.8645794187131,666.2578735351562,16335613
2022-06-20,665.4334378688459,667.1794612875005,657.2852496413942,665.3849487304688,10981042
2022-06-21,669.8469335645228,686.773785167115,667.9553837558436,675.2305297851562,13319648
2022-06-22,673.4360538929959,677.9466683573997,664.5603515747664,666.015380859375,6838249
2022-06-23,669.5075219542216,684.8338193855298,666.4034474757209,678.189208984375,14960412
2022-06-24,689.586826101278,693.8063868762225,685.3672061210469,692.0603637695312,10856736
2022-06-27,706.9987307701259,706.9987307701259,694.6309814125542,695.843505859375,8285225
2022-06-28,689.7323974837518,695.7950197441837,685.8038301000511,689.0048828125,8339931
2022-06-29,683.8153293767314,685.5128636780115,679.9352509738054,681.6812744140625,9570557
2022-06-30,681.6811434641162,690.5568447879194,680.1776252128656,685.9977416992188,11970404
2022-07-01,682.3602933077206,685.5613461177948,673.2905746063301,682.7968139648438,9884899
2022-07-04,683.7182493721101,699.4810669036859,683.7182493721101,698.5110473632812,8303732
2022-07-05,701.3726007825674,710.1998139212261,696.5709923264933,697.8805541992188,11460367
2022-07-06,701.3240995748685,709.9572968202166,700.3540800733817,704.1856689453125,12163533
2022-07-07,713.8859100794957,721.6945557298686,711.024340524185,719.7545166015625,10374018
2022-07-08,728.775713321925,734.7898466803683,722.2280810247731,733.0438232421875,9797700
2022-07-11,732.3647700477684,748.4185819739815,732.3647700477684,746.4300537109375,12440573
2022-07-12,742.4044179205171,744.4414944411,734.9838040959955,737.1178588867188,10219829
2022-07-13,741.8224269796456,741.8224269796456,727.4176608080226,730.6187133789062,8674121
2022-07-14,727.5146418662545,736.7298273298937,726.3506065982099,729.8427124023438,7044542
2022-07-15,730.6671780080716,736.2447900539347,721.8885134986842,728.6786499023438,6358018
2022-07-18,736.4873531124134,749.9706487184862,735.129302042271,748.8551025390625,8045363
2022-07-19,744.7810017811212,758.555291290108,744.1505245941465,757.2457885742188,12825591
2022-07-20,765.8304634884114,765.8789526266736,756.9062714521735,759.622314453125,8152179
2022-07-21,761.3683659501904,765.2969332735929,756.712224761408,762.4353637695312,8312338
2022-07-22,765.4424217781757,779.7987588304273,765.4424217781757,776.0641479492188,12267898
2022-07-25,778.925628028038,793.2819042253549,773.2024895198133,776.8886108398438,21034148
2022-07-26,777.5676051652617,778.7316404027981,767.9159585336972,772.426513671875,7374145
2022-07-27,771.165563713231,779.7017241497522,770.8260805434004,776.5006713867188,9536564
2022-07-28,782.7573032983998,791.0509587749691,781.1567473269146,790.1779174804688,11124518
2022-07-29,796.0465708488148,798.7141246229065,783.7757998058745,794.0579833984375,11095993
2022-08-01,796.0949858992641,800.2660577531622,792.7968960397413,798.7140502929688,7974903
2022-08-02,795.4160033843817,797.3560424170265,787.8498629981253,793.2334594726562,11106772
2022-08-03,793.2335173070709,803.176218074295,787.2193840263247,800.0721435546875,11073975
2022-08-04,799.2961428013563,805.0677712075469,784.1153125235562,795.6585693359375,11113742
2022-08-05,798.4231031950561,815.6894993120746,798.4231031950561,813.0704345703125,16056522
2022-08-08,816.3882174189047,821.9505207188839,811.069933828099,816.7297973632812,12142951
2022-08-10,821.8042265163255,832.3920737355025,821.8042265163255,828.2447509765625,23658553
2022-08-11,839.2716961670366,845.5658799495219,837.3687950848084,838.93017578125,22787391
2022-08-12,843.0774784715667,856.0561462344785,837.7591354144198,853.2750244140625,10792853
2022-08-16,860.1547348322915,863.1310368403135,855.2267515651621,858.0078735351562,13804836
2022-08-17,860.4962130919745,864.106835156637,857.1783908503086,861.9111938476562,9058040
2022-08-18,859.276428878953,866.2049328790207,853.909305576073,863.7164916992188,13137856
2022-08-19,863.6189534069804,865.4730744193198,843.4190405507679,849.3717041015625,10787199
2022-08-22,844.6387624066966,846.4441031311904,829.0740939751595,831.6600952148438,13848023
2022-08-23,824.926856148958,847.0296703338628,822.4384744443109,843.0287475585938,13254855
2022-08-24,836.3441890909899,854.202060474313,836.3441890909899,852.2015991210938,10494109
2022-08-25,852.2015966285933,860.1547214600488,845.7610723978989,851.2745361328125,9827829
2022-08-26,853.0310514850003,856.3000935449566,846.3465078959074,849.8107299804688,5976725
2022-08-29,829.5132931497114,840.198759670883,826.53699122095,835.1731567382812,7755134
2022-08-30,839.7108264248318,869.2300042276803,838.3446257766652,865.8633422851562,12544701
2022-09-01,842.1503691707358,864.3019608976554,842.1503691707358,853.2261352539062,15877583
2022-09-02,852.9822456312818,860.0083098715986,846.053801187429,851.3233642578125,8401284
2022-09-05,850.4938677754845,864.4972162001684,850.4938677754845,861.1305541992188,8744999
2022-09-06,861.1792732309683,868.4492971380652,856.8855510472846,862.301513671875,9879326
2022-09-07,857.324756787144,861.3257390281522,851.4209330033636,855.0315551757812,8814960
2022-09-08,864.1068423208869,879.0371914336259,864.1068423208869,877.0855102539062,12163106
2022-09-09,888.1613233024965,889.9178244256609,876.0120962296875,879.476318359375,9936230
2022-09-12,883.1845116863607,886.9415336840817,880.98887036478,885.2825927734375,6016978
2022-09-13,891.8695359284446,891.8695359284446,883.4284908418431,888.0149536132812,10400475
2022-09-14,876.5488379819374,899.9690128904444,876.3536579455829,895.9192504882812,14712947
2022-09-15,897.7733155832948,914.0210847384641,893.6259932015241,895.4312744140625,16253099
2022-09-16,892.7965807927752,895.4313027407838,883.330915145174,887.1366577148438,11966860
2022-09-19,883.0869132125273,890.4544974160177,873.71880824309,877.475830078125,11235656
2022-09-20,887.2342830774511,900.2129511108898,885.4289422358922,894.6018676757812,12090663
2022-09-21,889.9665797425566,894.8457824823732,883.7700160872216,893.1380615234375,8917640
2022-09-22,884.1116247444652,889.6739283354383,873.6701179264254,881.574462890625,11125669
2022-09-23,879.9154752286213,883.0381770404971,857.5199216916697,860.9353637695312,15927517
2022-09-26,848.981282433677,856.6904466386289,838.4422163569614,840.2474975585938,14208640
2022-09-27,844.0533279671298,853.71411404585,828.0982986271043,831.952880859375,12493809
2022-09-28,823.6094393761035,842.394370309741,823.6094393761035,828.9765625,11411458
2022-09-29,837.2711683643056,840.784170421323,820.779439708656,823.5118408203125,13803629
2022-09-30,823.511870280738,846.1025434500277,817.2664668886401,841.174560546875,13175031
2022-10-03,838.9301969435782,840.1499977244196,825.2684281981548,827.8543701171875,8232026
2022-10-04,844.1020481193237,851.5672519066914,839.3204057566129,846.6880493164062,8975095
2022-10-06,851.9576577243595,870.1571094607641,851.9576577243595,864.05810546875,12116698
2022-10-07,856.0073651218893,863.130989414095,851.7136427635446,861.2280883789062,9705750
2022-10-10,850.933002884002,868.3029536454349,849.6644220165898,860.4474487304688,7357588
2022-10-11,861.9111794381765,861.9111794381765,844.5412292851928,849.5667724609375,11130051
2022-10-12,846.9808542844545,850.6402565068132,840.6866705498809,847.3711547851562,14557532
2022-10-13,841.5160829256583,844.5412243974098,829.9523961161733,832.9774780273438,11563124
2022-10-14,862.4479709434735,862.4479709434735,847.5664007482395,849.225341796875,8199540
2022-10-17,850.9329794415917,866.0585083192806,847.5663175534736,863.8140869140625,8936947
2022-10-18,874.4020060554508,878.9396889205306,869.6204225874716,875.2315063476562,8097552
2022-10-19,878.3053078550508,878.8908479432257,864.1556193526078,870.54736328125,5529462
2022-10-20,868.2054068661961,871.7184092551068,858.8373012281268,867.1807861328125,8107159
2022-10-21,866.546454336231,888.0149475742908,864.3020328643687,885.2338256835938,17022807
2022-10-24,902.6525007513261,910.9471453528248,895.4312569210836,903.9210815429688,4390050
2022-10-25,919.2906455454911,920.4616662033744,900.6521134996117,902.7013549804688,15838120
2022-10-27,903.6771788960313,911.1423833365191,898.0173153082427,902.0670776367188,16080842
2022-10-28,895.8216143723628,905.0920994884167,879.232325217319,885.9168090820312,9854094
2022-10-31,890.5520803773597,894.8945828260715,882.7453558171879,886.746337890625,9000840
2022-11-01,898.7491899037128,898.7491899037128,877.8173971843925,886.6487426757812,9823761
2022-11-02,898.3588476426912,898.5052475593865,880.549756393211,882.843017578125,7690974
2022-11-03,879.2811466233138,891.7718941909748,875.3777842858833,886.6975708007812,9022366
2022-11-04,884.4042462761049,891.332749664594,878.4516429625804,883.4284057617188,7099336
2022-11-07,888.258895965493,897.8709019410512,881.6231918736927,895.333740234375,11100219
2022-11-09,897.7733543768877,899.62747534603,883.8676257900718,888.5028686523438,11590409
2022-11-10,885.6240764996556,890.8936392775802,882.1110743547595,888.697998046875,10009741
2022-11-11,903.5308051085799,905.5800464757256,881.6719525763125,884.6482543945312,17921457
2022-11-14,883.135738311916,884.6482793217701,869.7179301331439,873.3285522460938,12641308
2022-11-15,878.7931823299733,891.5767290813355,877.0854613928531,889.673828125,15176911
2022-11-16,890.5033333770526,895.9192368299623,886.1608307668516,891.5279541015625,13008311
2022-11-17,890.942481763275,900.0177875733908,888.3564803085126,897.5781860351562,12584194
2022-11-18,897.578167748702,899.7250289707271,888.5516422411323,898.1148681640625,10874061
2022-11-21,891.9670624306098,902.4573485738014,891.9670624306098,899.1395263671875,9245704
2022-11-22,901.4327522857458,904.1163139298982,898.1637101071026,901.3839721679688,11256509
2022-11-23,904.6042558044601,909.3370589927953,901.3839936667877,905.0433959960938,10959704
2022-11-24,905.1409813373169,917.9245295652515,905.1409813373169,916.16796875,10844395
2022-11-25,917.582868510347,920.1200897078235,905.0921212292191,907.824462890625,9815055
2022-11-28,901.6767030234083,920.9983347475077,901.6279229061405,914.7529907226562,9381474
2022-11-29,910.9959675424216,926.9509968667758,910.9959675424216,923.8770751953125,13096845
2022-11-30,925.1456773495776,935.0504833540824,918.2660129689936,929.8785400390625,20858573
2022-12-01,932.9036212569308,933.8794618649401,913.6307692487462,917.4853515625,15920653
2022-12-02,905.8239860431103,911.9229894503491,903.7259050467881,908.1171875,14228874
2022-12-05,914.3626205552238,914.3626205552238,905.9704154181173,911.0447387695312,10984608
2022-12-06,902.6525766407452,907.2878196018734,897.9685535605643,900.359375,18220912
2022-12-07,899.7250600423364,910.6544870005209,898.4076990172678,899.8714599609375,15675663
2022-12-08,902.6525404024692,910.9959654854242,901.48151978929,909.3858642578125,10136870
2022-12-09,909.4833843786498,912.2157259818345,902.7012807053411,907.4341430664062,9575331
2022-12-12,902.7012999402709,911.3375246500736,902.7012999402709,907.824462890625,8493863
2022-12-13,907.0438603945855,913.2892642150814,905.3849194209615,910.4105224609375,10415140
2022-12-14,913.3868077451181,913.4355878633295,897.7733580400733,899.4810791015625,12319827
2022-12-15,893.8699973988869,897.6757995963253,883.1357507052321,886.8439331054688,8929748
2022-12-16,883.6236941724553,891.6255992841462,877.9150502872375,880.208251953125,9157260
2022-12-19,886.0632612266272,888.6004229521618,879.3787769678182,884.5507202148438,7015083
2022-12-20,884.1116067771366,890.4057907242563,874.0604602457607,887.7222290039062,6384331
2022-12-21,888.2589176484736,893.7236012549803,865.5706234047746,870.6937866210938,11341147
2022-12-22,878.7444522871822,882.0134944431401,864.9362840988583,869.1324462890625,9788367
2022-12-23,861.7160235243845,868.1566071729486,854.1532589304963,857.6663208007812,11059215
2022-12-26,859.8131424263865,875.3290320358716,854.1044986503864,871.620849609375,6943159
2022-12-27,876.0120665940304,880.9400494197373,866.7415814436704,878.8908081054688,4994381
2022-12-28,874.3531310298059,882.1110752987155,874.157951008085,877.2318725585938,8980300
2022-12-29,876.207314018528,901.0424100780956,867.8638290929013,886.112060546875,11994220
2022-12-30,886.5511238731773,886.5511238731773,867.0830933355579,869.3275146484375,9688527
2023-01-02,872.4015345595462,885.087462914439,872.4015345595462,880.6473999023438,4315403
2023-01-03,876.7927916486487,884.0628161348139,875.0850705742079,879.5739135742188,5846855
2023-01-04,877.2807356586387,885.9657411818296,873.1821930571263,877.3782958984375,12454582
2023-01-05,879.1348111478047,881.184052562088,850.9329942792257,857.9102783203125,16547196
2023-01-06,857.7150822158359,857.7150822158359,839.7108117598847,849.078857421875,14804613
2023-01-09,853.128646577258,857.5199292876928,841.467339467431,852.2503662109375,16811853
2023-01-10,854.2508913830072,857.1784132046618,835.9050403188388,840.540283203125,13470142
2023-01-11,842.0528443311998,849.810729146555,834.1972801627661,845.3706665039062,15558460
2023-01-12,844.5900418696975,848.3470043668949,834.294935420491,839.8572387695312,16659001
2023-01-13,843.8093564017448,853.7629421704522,837.5639529027883,852.3479614257812,11223103
2023-01-16,856.05621828147,856.2513983254271,840.2475876903445,844.3461303710938,8319812
2023-01-17,846.0050363579256,846.9808769766993,837.3688111454281,844.24853515625,12624859
2023-01-18,843.5654250474721,850.9330097218229,837.9055614362097,848.493408203125,11313898
2023-01-19,847.029646532359,849.5180281670827,841.1746028927344,845.224365234375,6694679
2023-01-20,852.3967365563113,855.3242582617137,844.6387921248788,849.3228149414062,8127162
2023-01-23,860.6914050079915,861.9599858696962,843.7117548264578,850.6402587890625,16882379
2023-01-24,857.7638806877826,860.3986621992815,847.0296341717808,849.7131958007812,11504090
2023-01-25,852.2015435388557,855.616985476424,827.512789445121,834.6364135742188,14918485
2023-01-27,818.876621159135,822.6335834514962,793.4559271893047,797.4569091796875,39718683
2023-01-30,780.6724821645415,806.2882979855656,776.7691197537189,803.604736328125,36301441
2023-01-31,806.0442748819686,818.0471014456981,794.4317487924883,811.8017578125,27291226
2023-02-01,823.0727675844201,854.0557066947356,803.2632152779729,827.4640502929688,39237711
2023-02-02,808.3863483354639,839.8083668980825,806.1418673862072,837.1736450195312,16798190
2023-02-03,843.7605304527782,851.5672546221281,831.5136842636476,842.9310302734375,14914366
2023-02-06,840.6866790648273,846.8344629485416,829.1229917492834,833.0751342773438,8463833
2023-02-07,834.3437126381102,835.3195532376869,826.7321678735284,832.1480712890625,9337066
2023-02-08,831.9040805956793,839.9059851305341,831.3186000816627,838.3446044921875,8082983
2023-02-09,837.7591186687812,844.0045220614238,831.0257949973566,840.0035400390625,6299265
2023-02-10,834.8803764054466,841.076999677084,831.4161543411412,833.221435546875,8656405
2023-02-13,832.7823162892795,838.5397395704434,828.8301145694747,830.0987548828125,9394365
2023-02-14,833.2703498541101,846.3465787492145,831.5137890461918,844.3948974609375,13402934
2023-02-15,845.4683000864001,852.1527842173793,839.8083770889955,849.761962890625,12070288
2023-02-16,854.787605159296,856.5928864866202,843.9557385135968,848.4446411132812,10715685
2023-02-17,846.5904820244143,846.5904820244143,834.4900945865224,841.8088989257812,9990618
2023-02-20,841.8088986592531,845.6146411781135,829.7084516646102,831.5137329101562,9013430
2023-02-21,833.7582903972411,838.6862738575413,826.3906457068396,833.5631103515625,11704445
2023-02-22,830.6842687366475,833.4653904817538,814.5828996510032,818.9741821289062,13880984
2023-02-23,816.3394563163132,824.048621015575,813.4119344650369,819.462158203125,11743574
2023-02-24,823.560652457791,825.1707536453126,815.3635679302187,819.413330078125,8246139
2023-02-27,813.4119068231814,837.5639612754622,813.4119068231814,835.7098999023438,14422574
2023-02-28,834.2461663394178,837.2712484244097,829.4645234973756,834.1973266601562,19600146
2023-03-01,843.1262893169088,843.1262893169088,831.269802049156,835.6123046875,11015843
2023-03-02,832.3920183025423,841.0281836482711,830.5378973683739,833.3678588867188,12327141
2023-03-03,836.0514379926584,851.9088478174389,829.3181139966719,847.5663452148438,12823098
2023-03-06,850.6890680812614,855.6658314634678,844.443664233259,846.7857055664062,13904231
2023-03-08,845.7122342431666,852.5431180750855,840.686631599737,851.030517578125,16144568
2023-03-09,846.2489584201631,848.7861200905347,833.5142508305153,835.270751953125,10624440
2023-03-10,824.2925755972103,824.9268362576815,816.0467105264111,822.2921142578125,17273189
2023-03-13,821.1211220704034,834.6364911699224,804.0439107949028,808.3864135742188,16413159
2023-03-14,807.0201425209714,814.2901665996912,798.4815376273094,810.2891845703125,15456802
2023-03-15,816.2418837869195,823.5606883048955,802.3361552027651,805.94677734375,12914488
2023-03-16,809.6549809174596,811.2163020979362,790.7236489111071,803.9951171875,14987868
2023-03-17,811.7041893648593,818.1447729834259,798.8719213661859,816.0466918945312,11104490
2023-03-20,816.7785827424584,817.5592433108602,805.0684955346812,816.2418823242188,14838651
2023-03-21,822.6335934511657,833.8557599098707,818.7790113206246,831.8065185546875,18755854
2023-03-22,836.9297092178792,841.7112923918411,830.4403454439372,839.4180908203125,17431520
2023-03-23,836.2953779024698,846.4929238858591,832.1968355502246,834.7828369140625,17920621
2023-03-24,831.9040787866177,839.2228829988167,828.6350367294012,831.8065185546875,17295696
2023-03-27,834.2949265553112,835.7099073266975,823.6582402717402,828.1959228515625,17047675
2023-03-28,834.8803919931624,838.1494936556207,827.7079875914543,834.0997314453125,24469018
2023-03-29,836.344192498566,841.2721757235752,827.5128467887045,830.4403686523438,34881515
2023-03-31,841.1258033201476,859.7155545338773,837.7591413931142,856.05615234375,25739021
2023-04-03,858.9349345674241,865.6681991790865,847.8591076789055,862.4479370117188,26416933
2023-04-05,865.1802578730985,866.3024983947739,852.8846900557955,863.2285766601562,21068934
2023-04-06,860.6914189453125,868.5957040705766,851.6161131746726,853.8605346679688,26042745
2023-04-10,858.7884767219354,861.4720382738286,843.5166076266008,847.46875,30906205
2023-04-11,852.5919065557086,864.2043734475606,844.1020817977652,860.5938110351562,39504022
2023-04-12,862.1063873379366,870.4498125302297,859.0324656331312,868.64453125,22686032
2023-04-13,869.571475609275,879.8666408865384,865.0826329792434,877.2806396484375,34439635
2023-04-17,895.1385344204618,895.1385344204618,871.5720206158405,879.5250854492188,29957514
2023-04-18,886.0144835702572,886.0144835702572,872.4990555408676,875.1826171875,26699379
2023-04-19,874.2556575010774,875.2314981458779,865.8146120993179,870.352294921875,24377956
2023-04-20,870.6937889701342,877.573453395635,867.717487005693,872.7918701171875,16999919
2023-04-21,872.9381803026192,878.9396237033103,861.0817529732831,864.2532348632812,29578071
2023-04-24,883.135744818471,884.5995057214851,873.3773387983774,882.8917846679688,30881665
2023-04-25,884.4043078093315,893.8699733695756,881.2816060339152,891.381591796875,41383839
2023-04-26,889.429955738027,894.7970792127569,883.8676522248263,892.8453979492188,30371555
2023-04-27,887.5270423599347,897.6758086146725,886.599981860416,896.1632080078125,25835108
2023-04-28,892.9917223591818,898.2125053822566,888.2589192038619,895.4801635742188,20381002
2023-05-02,901.6766917183744,903.433192842073,896.504748580591,899.8225708007812,17515017
2023-05-03,897.3342422175527,901.5303450275906,889.5275171530784,900.5545043945312,18715142
2023-05-04,897.773371044411,901.5791732893766,889.7714660425504,899.4323120117188,20485002
2023-05-05,902.6525189158281,919.6809486172212,901.1399779584096,904.555419921875,19002035
2023-05-08,904.6042195927597,918.9490880615251,904.6042195927597,915.2409057617188,18623913
2023-05-09,918.2660247654843,922.1693872512037,909.2882791362127,911.8255004882812,21507610
2023-05-10,912.0205661468576,918.2659695728609,905.8240023974581,913.435546875,25910923
2023-05-11,917.3389010960858,924.1210048601322,911.2886777477154,916.5094604492188,20027372
2023-05-12,917.0461850344827,925.0968698193026,912.5085025133513,921.095947265625,13873480
2023-05-15,920.9495639221207,926.0727270591709,915.5336605179272,922.9012451171875,10453762
2023-05-16,927.048597490951,929.1954587867314,920.2177130883861,923.4867553710938,19612293
2023-05-17,924.4138288097396,925.4872892529361,913.1916614199989,916.6558837890625,19273344
2023-05-18,925.0480984422347,929.2442010636689,919.3393952590775,923.6331176757812,21550141
2023-05-19,928.4635071511756,932.9035697604087,918.8514419565217,931.24462890625,15427412
2023-05-22,928.0731760048811,931.1958777874927,923.291592877035,927.3900756835938,15509525
2023-05-23,929.0002544091722,935.6847387180298,922.1693701855753,930.366455078125,16579935
2023-05-24,923.828323327991,930.8055479979184,915.8264183625203,917.9244995117188,18049620
2023-05-25,914.3626159869317,918.8514587940115,910.4104735823489,917.1437377929688,19328582
2023-05-26,917.0950028696642,929.439410538322,912.9476802341859,927.731689453125,10957182
2023-05-29,930.8055912909057,934.4649937720943,923.9259265383885,925.2433471679688,12108079
2023-05-30,922.5109142673763,929.2930185471208,921.8278734759396,926.9998168945312,18483624
2023-05-31,926.5606365918726,929.0002380573593,917.7780713161202,926.2191162109375,27254425
2023-06-01,931.1959059694744,931.1959059694744,910.2641128857094,913.484375,21650700
2023-06-02,920.2176662665535,921.827827046608,912.4597217491146,915.48486328125,12494376
2023-06-05,920.2176729962289,928.8050582446286,920.2176729962289,923.8770751953125,10751684
2023-06-06,923.6330776996152,924.9016584985499,915.4359932809016,919.33935546875,11894330
2023-06-07,921.5350543493884,922.9988152614023,911.2399478470065,917.4853515625,16486469
2023-06-08,913.9722653565424,927.5364732717563,912.6061242779729,915.2409057617188,17608140
2023-06-09,918.6563698311431,921.1935315811797,913.581986770486,915.3872680664062,12253128
2023-06-12,915.3385351627903,920.7056587698215,910.7520721683007,913.3380737304688,10520125
2023-06-13,913.2892496101983,923.3891760871558,911.5326888658717,920.75439453125,13528776
2023-06-14,923.1940358059712,924.0723162159532,913.6308093399507,917.0950317382812,13489262
2023-06-15,917.9732552476846,920.1688965759562,902.0182258592284,904.2138671875,19366819
2023-06-16,906.848667243868,915.0945323130579,904.6042457522844,911.6303100585938,11249387
2023-06-19,910.9472166078564,911.386356797931,896.5047873782526,900.8472900390625,19351375
2023-06-20,898.7004270111945,906.1167918668598,892.6989833999372,903.1892700195312,15212286
2023-06-21,905.580003016445,905.9703630488731,897.7732788525101,902.3597412109375,9210553
2023-06-22,902.0670994269971,912.9476866817438,898.4564771949641,903.3844604492188,27291569
2023-06-23,903.6771633220311,909.3858664900742,896.797499098517,901.1887817382812,8767733
2023-06-26,904.701816042341,909.2882788738549,900.8960733562135,905.0433959960938,11749040
2023-06-27,907.5317710784503,917.2413971004926,899.920226200877,913.484375,13422726
2023-06-28,921.1935016587148,921.1935016587148,911.7278361808255,914.8017578125,25708001
2023-06-30,917.7781134297853,919.4370544145559,908.1661070389388,912.0206298828125,13843218
2023-07-03,914.36260024857,922.9012051068142,913.874679970956,919.7785034179688,12350359
2023-07-04,924.3649684244667,928.3171107716475,919.2418054957484,921.8765869140625,14041699
2023-07-05,919.2906163148466,941.4422096300225,918.2659956069979,934.8552856445312,13817767
2023-07-06,931.6350338444386,940.6127792872743,930.9519335115064,936.2214965820312,16334427
2023-07-07,929.9760462814668,931.9765075014357,920.998301288774,923.5355224609375,8593807
2023-07-10,923.1452024012996,929.8785263276142,918.6075198126201,925.4872436523438,12069184
2023-07-11,925.4872675187265,929.6833702711881,919.1443034908751,922.12060546875,16977595
2023-07-12,925.4872246023599,928.1707861820097,918.5099406710377,921.5838623046875,21511161
2023-07-13,924.8041153240754,936.0750619372393,919.436992216799,932.61083984375,23222286
2023-07-14,936.5630336523335,941.6861968997155,928.3659486322887,936.8557739257812,12871569
2023-07-17,939.636950320126,950.2735772681716,929.8297045085224,945.2968139648438,16290763
2023-07-18,954.3721096526649,964.0817355638042,947.687625346918,951.8837280273438,29709508
2023-07-19,956.3238120497173,956.3238120497173,944.1745843620706,949.9320678710938,15994261
2023-07-20,952.4692630685562,974.0353773634586,948.614680554345,971.5469360351562,26487838
2023-07-21,971.2541449921898,977.2555885541523,964.9111810417447,972.9130859375,16903003
2023-07-24,980.6709603529139,984.3303623695843,966.1796926305509,968.0338134765625,21687719
2023-07-25,974.8647427328618,974.8647427328618,964.3744564622128,970.6686401367188,29325327
2023-07-26,969.1073019747433,973.6449847104317,966.0822198580079,972.3764038085938,12780537
2023-07-27,978.3289377697675,982.1835198791242,963.3498090553566,966.3261108398438,25932395
2023-07-28,964.1305412210621,974.5720478609782,953.4450744239546,972.1324462890625,12584130
2023-07-31,971.9372800941444,975.2551621034391,964.7160355141905,974.1817016601562,14303116
2023-08-01,977.4507205075173,979.4511817429085,966.5212943260926,970.522216796875,15508569
2023-08-02,961.4469550572353,970.0831205780985,953.8841903765009,963.1058959960938,15787996
2023-08-03,952.9571039838418,959.2512876204258,936.8557344561337,941.6861572265625,30994707
2023-08-04,945.2480024411116,952.4204068859481,938.026758318768,947.0532836914062,20582882
2023-08-07,947.492394919989,957.7875008210797,944.8088334046981,952.078857421875,16686062
2023-08-08,952.1764341081312,962.7642804453878,948.8097722368316,956.2261962890625,23784778
2023-08-09,959.2270199754856,959.5713515147028,948.0600250851338,957.0133056640625,19317331
2023-08-10,955.8818683285078,957.9480378042437,943.9770282120568,948.552001953125,24858441
2023-08-11,947.8633070091408,947.961670292414,934.679384304923,937.4833984375,17162177
2023-08-14,933.6954693282672,947.3713279362361,930.7438503525193,944.0753173828125,19026691
2023-08-16,939.057657191525,944.3213540593632,931.3342176148141,941.0745849609375,17930805
2023-08-17,941.5173104722998,942.353578529597,931.1866436309263,936.3027954101562,27077611
2023-08-18,932.6132578915899,939.5987322998694,930.7438751368339,935.3189086914062,13257508
2023-08-21,935.368103582327,943.8293876376395,933.1052076187755,939.7955322265625,13358017
2023-08-22,940.9762212582668,941.5173394326239,933.9906864820573,936.6471557617188,16872719
2023-08-23,938.6148847885249,952.4382890585223,934.5317876320523,951.2576293945312,14707331
2023-08-24,956.8165287761593,966.5568958657866,951.159258811673,953.3237915039062,28389740
2023-08-25,947.4205610479281,956.9148999052287,944.7149101731643,954.7504272460938,10275758
2023-08-28,954.3076494260563,959.2761961755662,949.4866475992981,954.89794921875,10481574
2023-08-29,957.6036107629861,961.4899212525077,950.0770180929742,952.1431274414062,13209913
2023-08-30,954.7996350612804,960.1617553156957,939.992357332752,943.4359130859375,13936165
2023-08-31,944.5181103324641,950.6181351385301,938.6640537842972,943.2882690429688,36675400
2023-09-01,941.4681903275599,957.3577048100217,937.4342746002596,953.077880859375,16268147
2023-09-04,953.0778374045047,953.4221689523384,945.0592480110233,951.7495727539062,9512956
2023-09-05,948.551951794262,954.3568266156637,946.7318107329097,952.7826538085938,16623486
2023-09-06,947.027018710753,953.8649486093547,935.466510050454,942.0584716796875,30802100
2023-09-07,941.9600737763301,953.8649135559165,939.3036045546078,950.0770263671875,13462347
2023-09-08,951.8971485126772,959.2761961755662,945.7479421269364,954.89794921875,13086915
2023-09-11,959.226986017833,966.1632786045712,953.7172612295014,962.4737548828125,7894110
2023-09-12,974.1326718812546,979.1012787688176,966.802865781473,974.5262451171875,20959591
2023-09-13,973.8374633789062,978.8060099166414,964.7366383159148,973.8374633789062,21997553
2023-09-14,976.2972153487822,976.887575209195,966.4093032080317,971.7714233398438,11464188
2023-09-15,974.3786547753372,981.4133711300916,972.6568769312493,976.44482421875,13307980
2023-09-18,974.132655768785,980.1834988788135,971.3778233153545,974.2310791015625,16713222
2023-09-20,965.7205606456862,979.9375379402288,964.8351109491382,971.2302856445312,25741856
2023-09-21,964.1464092816628,966.6552735540002,942.0092656124872,943.8294067382812,19742813
2023-09-22,941.0745732661131,945.4036387107805,932.1213525224977,934.9745483398438,12701888
2023-09-25,934.9745211428321,945.6987611069428,926.3164505561931,940.9269409179688,8997098
2023-09-26,943.4850895612307,943.4850895612307,931.8261576873732,933.400390625,10521409
2023-09-27,931.0390306872603,931.2358173022473,919.3309777310822,927.890625,15152973
2023-09-28,930.2519986326986,931.9737765254613,919.6753630057271,927.3987426757812,25991282
2023-09-29,931.4326152919225,940.5826225175415,928.4809961836039,936.5487670898438,10447334
2023-10-03,936.2535565130627,936.2535565130627,923.8567802867412,925.1358032226562,11131636
2023-10-04,919.9212698646451,920.4132063725941,910.0825397056649,915.0510864257812,17334739
2023-10-05,920.118033512241,928.7269221864746,919.4784920475328,925.6768798828125,10478856
2023-10-06,930.743934599139,931.2850527835039,922.8729499513662,929.9568481445312,6355755
2023-10-09,925.0866714522842,926.8576310013959,921.2003607425811,923.4632568359375,6725306
2023-10-10,925.2342295793238,942.0584345201288,925.184987886715,935.8600463867188,11452715
2023-10-11,939.5003896293223,946.5350458326664,935.4172924942318,937.7293701171875,12233117
2023-10-12,937.4833935799946,944.6164730548359,933.105206632664,938.86083984375,7836818
2023-10-13,934.6301694921657,941.9600353612119,929.317231265394,935.9583740234375,6650442
2023-10-16,933.2035679262765,939.4511376395518,930.8914903286628,936.0568237304688,5763024
2023-10-17,939.9922889934013,945.4527721377236,936.1551602699086,938.5164794921875,7747527
2023-10-18,933.892332658969,935.3189606246175,923.9551785937446,928.5302124023438,12000153
2023-10-19,920.9051479428266,929.7600051345846,918.9374019002138,920.6591796875,8612676
2023-10-20,916.9696757843909,924.8406601258879,915.0019296990167,917.7075805664062,6586576
2023-10-23,926.8084170823352,929.5632496240031,910.4761484024964,914.9527587890625,11856890
2023-10-25,911.1155983660612,918.7406142727789,896.7018946503207,901.3260498046875,12593434
2023-10-26,899.5551235944749,901.8180196143733,884.5018778394127,893.9962768554688,21693345
2023-10-27,901.227738868632,903.3430900053108,896.6035233948352,898.0301513671875,8645505
2023-10-30,894.4389499383923,911.3615781096987,893.553500239537,909.9841918945312,7687791
2023-10-31,914.3131752513102,915.9857713767747,899.3582935043779,900.588134765625,17211107
2023-11-01,899.0631137871601,902.801819087158,894.6356853935422,899.30908203125,12927203
2023-11-02,905.2123769553756,909.8857738877014,898.0792974270889,905.114013671875,9747311
2023-11-03,913.5753279987291,919.4293847809116,911.8535501246075,918.7406616210938,7146961
2023-11-06,925.8245118398002,932.4656547249422,922.2825929880618,930.2027587890625,10338367
2023-11-07,928.3825689148798,935.122135214151,915.4446745754223,932.8099975585938,15704942
2023-11-08,933.1543790682605,933.1543790682605,919.035765182007,920.6591796875,17606074
2023-11-09,918.9373868552664,927.1527024283356,917.953513850068,922.2333374023438,9406117
2023-11-10,919.8229744492044,926.2673311686412,917.3632917279805,923.4632568359375,9560455
2023-11-13,925.7261812013599,925.7261812013599,916.9696869940611,919.3801879882812,11470096
2023-11-15,929.169741735814,929.169741735814,923.6108349273643,925.9229125976562,19492138
2023-11-16,923.8567704420823,930.9406682319986,918.9374053172576,920.9051513671875,19706373
2023-11-17,911.6075526979567,923.2664842460193,905.3108012759441,906.9833374023438,10956653
2023-11-20,907.1309619231906,911.8043589612981,902.7035331502466,906.58984375,10562301
2023-11-21,909.4922588007951,913.0833593528811,907.1309394932731,911.164794921875,8989572
2023-11-22,908.3607719626023,910.2793363749666,899.9978512350831,907.8688354492188,12197979
2023-11-23,908.1148071289062,910.4268847301861,903.6873784917665,908.1148071289062,5534614
2023-11-24,906.639000110985,915.3954941269687,905.3599771779697,914.41162109375,7452002
2023-11-28,913.9197163754527,916.0350074399643,906.8358182796372,910.5745239257812,14231987
2023-11-29,915.8874351292822,925.9228920765872,911.0664332225615,924.4470825195312,11680078
2023-11-30,923.8076235957443,925.6769463830785,913.2309881790077,919.8721313476562,23950292
2023-12-01,920.8559820278334,936.6471322793062,917.9535445552444,931.4326171875,16986046
2023-12-04,948.1584573156929,978.8060663731462,945.8955613418391,975.2149658203125,33131257
2023-12-05,986.3327787602838,999.3690972825519,979.0029121847634,997.106201171875,31378461
2023-12-06,997.6472527517989,999.8609670700351,984.1189985847997,987.0706176757812,18786590
2023-12-07,980.2818725979603,986.037565872625,972.2141617664823,982.88916015625,11841945
2023-12-08,978.4617345457,996.5157807404588,977.2318932503937,994.5480346679688,16116363
2023-12-11,990.8585350218602,1003.5505215202488,988.4480940647678,1000.697265625,11714606
2023-12-12,1000.6972103966642,1004.5343391404565,992.3342898455438,999.31982421875,12380856
2023-12-13,998.43433885667,1004.2392137541405,992.9246739088817,997.5488891601562,15887040
2023-12-14,1005.7641705011573,1023.2279161860637,1004.7802975048245,1016.9803466796875,16317672
2023-12-15,1026.819128412104,1026.8682500033867,1009.1585351765273,1020.669921875,14306067
2023-12-18,1013.3399724649145,1013.3399724649145,1001.582737875324,1004.9771118164062,8592711
2023-12-19,1008.9618258446333,1008.9618258446333,996.2698393148889,999.0739135742188,10094256
2023-12-20,1005.5182598581188,1005.5182598581188,985.8407988041439,990.4158325195312,16490281
2023-12-21,980.4786481484716,994.5972620458951,973.2472054564856,988.2020874023438,18064916
2023-12-22,986.775479446596,993.2690175032114,975.6084843898132,978.2649536132812,20881976
2023-12-26,978.8553364159527,981.4133823646852,973.9359710908165,979.0520629882812,14339699
2023-12-27,981.856149768816,988.6940796680807,976.002092947119,986.0867919921875,12996468
2023-12-28,991.7440268494004,995.3843691168538,982.9875327507294,989.6779174804688,24915990
2023-12-29,987.8576980727095,992.2851266822139,977.6746362911867,980.52783203125,12280140
2024-01-01,975.5592756483813,988.6447747328209,975.0181575005023,983.28271484375,7683792
2024-01-02,980.9214292212157,981.5609707229919,964.4415556610799,966.4093017578125,16263825
2024-01-03,968.8197783020528,972.0665472696064,959.3745612454451,968.1802368164062,16826752
2024-01-04,970.4923808719859,973.1980317046522,966.0649522367138,971.2302856445312,22789140
2024-01-05,972.0665334175308,982.2004134055409,967.9342547673281,977.6746215820312,14875499
2024-01-08,977.9698066167579,982.1020854154484,964.4907338916496,966.163330078125,8393164
2024-01-09,970.3447595485834,978.9536484165683,959.6697613726194,963.9495849609375,14660414
2024-01-10,958.5874760008375,978.9044779822007,958.5874760008375,977.0350952148438,9409181
2024-01-11,979.2488085023233,982.3972141884088,970.9350694416869,975.165771484375,6451345
2024-01-12,978.7568819517846,992.432741141072,975.7560812090544,987.3165893554688,12255743
2024-01-15,987.3165782754367,995.3351674307465,983.1351179289786,993.5641479492188,12388044
2024-01-16,989.8746620709588,999.4182427672283,988.3988524803248,992.777099609375,11505126
2024-01-17,971.9682016234104,991.5472391168444,960.9979931914172,965.9173583984375,41914771
2024-01-18,958.2431259931632,978.2649176405237,954.5044205813539,970.443115234375,17902484
2024-01-19,975.3133165907817,994.5972638899035,971.6237927511231,983.0859375,23271148
2024-01-23,1042.0199023424595,1042.3151122922168,1004.7311505255955,1012.45458984375,50797448
2024-01-24,1012.8480364224022,1019.2432110778104,980.5770732992008,983.0859375,34578943
2024-01-25,982.2988759526587,998.7295078271164,972.214177202352,993.66259765625,28315035
2024-01-29,1003.5504637146486,1015.3569397583503,993.7117336782304,1000.008544921875,14078922
2024-01-30,998.5819848189448,1007.338419115052,991.7440549694523,1000.5005493164062,16085742
2024-01-31,1000.4020967435955,1022.2440902784828,987.070629039353,1011.569091796875,25627447
2024-02-01,1017.2755035530364,1017.2755035530364,1000.9924764517363,1008.6174926757812,13058880
2024-02-02,1020.3746743205556,1033.0666601657867,1005.1738843616477,1007.4859619140625,14774650
2024-02-05,1006.0102065272255,1009.8964570838909,995.7779026556566,1006.9940795898438,12948430
2024-02-06,1007.0432159063025,1018.2102106949073,1000.3037097510473,1009.8472900390625,12886927
2024-02-07,1011.4214656725248,1014.9142629380416,996.6633703562916,1005.6658325195312,16410895
2024-02-08,1007.5843506463148,1011.6674477599702,969.3609072749921,973.3455810546875,20565502
2024-02-09,972.9028503266528,997.401313514954,969.6068995994941,994.4005126953125,12799837
2024-02-12,994.105320862232,995.876280283492,969.360890452768,980.035888671875,8050066
2024-02-13,989.7762629977263,1010.4868382114652,984.1681747459204,1003.3536987304688,18706292
2024-02-14,993.2690157159769,1018.997259686499,991.3012696355923,1006.2069702148438,17878720
2024-02-15,1006.3544812043777,1010.0932466717068,990.3665448403932,1000.2545166015625,10069878
2024-02-16,1006.6989262673613,1009.650485394361,1000.5005380040549,1006.7481079101562,7159395
2024-02-19,1006.8464465307476,1029.1311947979043,1006.8464465307476,1026.91748046875,9388255
2024-02-20,1024.2610180558977,1035.6739206502066,1016.5867607398595,1031.8367919921875,11293528
2024-02-21,1039.7569873370444,1046.8408245754547,1031.0988572886058,1034.985107421875,15946325
2024-02-22,1038.969987954932,1048.808718901475,1023.5232284095382,1045.5618896484375,13432573
2024-02-23,1052.744218252001,1052.744218252001,1040.5934094728898,1044.1845703125,13142759
2024-02-26,1036.1166162761153,1045.1683197973161,1033.558570535963,1037.1988525390625,7875941
2024-02-27,1033.8046204513494,1049.0054112267308,1029.6231599356051,1043.1021728515625,10580973
2024-02-28,1045.8569952406344,1047.6771362637548,1025.3432672847086,1029.327880859375,7730332
2024-02-29,1026.22885861961,1043.5941223069317,1021.7521880889905,1035.231201171875,20944844
2024-03-01,1037.986009477885,1072.3723226042753,1037.0021364831193,1069.37158203125,14909562
2024-03-04,1063.5667080999103,1077.3409300364494,1062.6811983836533,1074.733642578125,11424581
2024-03-05,1068.6829125129027,1081.7684727754213,1059.1393914895327,1070.503173828125,9222544
2024-03-06,1062.878109231162,1095.5918883060335,1062.878109231162,1079.4071044921875,21796484
2024-03-07,1077.2917746056637,1077.3410163000535,1065.2393294461426,1070.4046630859375,9963926
2024-03-11,1070.404535791999,1070.404535791999,1059.3852067115477,1061.3037109375,13310362
2024-03-12,1059.6804892440682,1077.1442354316735,1038.625582496139,1059.483642578125,21785435
2024-03-13,1059.77885170946,1072.0772645081547,1055.8433596138777,1066.4691162109375,24855870
2024-03-14,1062.5828370894137,1079.4070413229927,1057.7127137934276,1066.124755859375,14231421
2024-03-15,1054.7119299877845,1068.7321212212976,1052.7441838497475,1062.92724609375,66192734
2024-03-18,1057.7128263089558,1067.3055890531218,1042.9547297794695,1063.7635498046875,8769440
2024-03-19,1061.0578145795118,1071.1917547663113,1057.9094689437209,1066.4691162109375,16708715
2024-03-20,1062.5829470306016,1072.4216780216257,1050.2845332918216,1067.0103759765625,18725251
2024-03-21,1074.3893386064215,1082.2603227720363,1061.7465943107402,1064.3538818359375,19992607
2024-03-22,1063.7143347625467,1076.061869046459,1061.303773813482,1072.716796875,17214415
2024-03-26,1063.5667354159368,1071.585324555275,1059.58200164128,1066.22314453125,13367635
2024-03-27,1066.223219242338,1074.8813504721743,1062.1402420015347,1066.2724609375,26907245
2024-03-28,1067.5022626495677,1087.2289654055658,1067.5022626495677,1075.66845703125,22070566
2024-04-01,1078.3740966909645,1085.162724605495,1076.7998037410023,1081.916015625,10848191
2024-04-02,1076.7998684057336,1076.7998684057336,1061.845045296533,1063.7635498046875,14380396
2024-04-03,1057.6634084362693,1066.1739333709988,1054.9577578565486,1059.827880859375,15477184
2024-04-04,1067.2562910312008,1068.2894057744195,1046.2997470246664,1061.451416015625,21419689
2024-04-05,1052.7441775200211,1068.4861465296663,1050.235253168432,1065.9281005859375,15340637
2024-04-08,1060.9594232885527,1074.1433454810406,1058.9425557038237,1069.6175537109375,8023461
2024-04-09,1074.340076856861,1097.2643658518941,1070.7490364796934,1089.1966552734375,12298463
2024-04-10,1093.0337202336968,1098.5435054120717,1087.3273285870816,1091.5087890625,10598000
2024-04-12,1085.7038457563601,1093.9191612122947,1078.1280717650227,1086.58935546875,12216657
2024-04-15,1082.4570746408115,1088.3111913118553,1059.2376948297706,1060.95947265625,10526597
2024-04-16,1053.2853525855292,1057.2699664181264,1045.561852981989,1049.841796875,11278092
2024-04-18,1056.67972736376,1060.66446152718,1033.5094674241823,1038.4288330078125,16564216
2024-04-19,1035.9691407376135,1054.7119714804403,1031.1973801854901,1050.03857421875,11284433
2024-04-22,1061.4023525762484,1071.1426002239434,1053.088552786897,1069.125732421875,10346714
2024-04-23,1082.2603648639933,1082.2603648639933,1065.239312903183,1072.6676025390625,9848215
2024-04-24,1074.6353155118281,1080.686158658188,1071.4377281688085,1079.062744140625,5461309
2024-04-25,1072.4215900322672,1107.4966871577883,1072.3723483406734,1095.78857421875,19905338
2024-04-26,1094.2144193811591,1101.9377986819404,1084.9659888361693,1090.032958984375,14190059
2024-04-29,1090.1313056288498,1144.6870165205935,1090.032942347235,1141.4403076171875,28578063
2024-04-30,1141.2434493596547,1150.6887263324581,1128.2563736745785,1131.8475341796875,29568491
2024-05-02,1124.5668940413143,1136.8653071432534,1114.9741318218018,1121.0740966796875,25118334
2024-05-03,1122.8944193922243,1138.7347523146345,1117.1386656639672,1123.63232421875,19933604
2024-05-06,1123.1403237344898,1139.767682131019,1119.7458896646774,1127.813720703125,14970524
2024-05-07,1129.4369636309043,1134.1596020771042,1108.1362092373274,1113.6458740234375,15097728
2024-05-08,1108.3823240237211,1113.7443845482246,1098.0516561458446,1104.8895263671875,19913090
2024-05-09,1102.4790338657724,1110.6451084134283,1092.0991247743116,1097.7071533203125,12229853
2024-05-10,1099.9700317150034,1110.6942716080541,1094.1160353113987,1099.035400390625,8573656
2024-05-13,1094.4604418124766,1112.4161255815404,1088.8522931770124,1109.808837890625,9707983
2024-05-14,1107.7427007496667,1109.7104468669584,1100.5112577889583,1102.47900390625,8944262
2024-05-15,1104.003936981434,1109.612085486358,1095.5426526828924,1106.2176513671875,10743423
2024-05-16,1114.7281968433215,1118.2209943092364,1094.8540087178606,1112.8096923828125,14265565
2024-05-17,1112.8096108108375,1125.5507181902365,1102.528065843281,1112.2684326171875,8641784
2024-05-21,1104.1022778238569,1115.5153011731006,1098.2482812745363,1102.8724365234375,10452900
2024-05-22,1106.857133236162,1107.742642963088,1080.3909253188892,1093.1812744140625,17527411
2024-05-23,1097.5596331640875,1118.6636621265907,1093.4765359706398,1116.2039794921875,13787687
2024-05-24,1111.7765639224867,1116.6959292495774,1106.0209305101291,1113.695068359375,6312670
2024-05-27,1113.6459433951586,1129.2895491082788,1103.4628812192523,1111.579833984375,11599857
2024-05-28,1114.2361779831701,1116.8925870555686,1106.8571304468578,1108.775634765625,9311718
2024-05-29,1097.067741329381,1105.4306626270395,1080.7845935856149,1084.2281494140625,19268547
2024-05-30,1079.308747806472,1102.9217012680538,1079.2103845207203,1095.7393798828125,15255387
2024-05-31,1099.970086377496,1112.366862972861,1093.328943190512,1102.970947265625,26197718
2024-06-03,1151.1314549939386,1154.0830741093077,1117.974981638635,1141.292724609375,25699977
2024-06-04,1139.2265453107807,1140.702354777864,1036.5594240710273,1054.170654296875,43476837
2024-06-05,1067.5022525173526,1105.1353964425034,1034.0998107211954,1090.7708740234375,42172104
2024-06-06,1099.970087057546,1099.970087057546,1078.9151794387894,1092.49267578125,18574162
2024-06-07,1092.4926581643756,1110.104009770429,1085.8022733872265,1103.6103515625,17197635
2024-06-10,1098.0022563128857,1114.9248236920885,1097.1167466019742,1105.676513671875,10851455
2024-06-11,1101.6919214874545,1110.8419895056586,1093.0830317236544,1100.1668701171875,12250002
2024-06-12,1102.9216850641683,1115.1217348604168,1094.0668276461688,1101.4951171875,16096514
2024-06-13,1104.1021886675976,1105.0860616284854,1087.1796217809997,1089.49169921875,12494254
2024-06-14,1096.0345294527124,1096.0345294527124,1081.719129164698,1087.8192138671875,11377979
2024-06-18,1095.9853271941342,1116.7451444635597,1083.4409459075023,1104.7418212890625,18306176
2024-06-19,1109.75950368303,1146.75322461017,1107.9886043418487,1125.993408203125,34309514
2024-06-20,1135.4386364718932,1141.2926325377728,1117.1877450402078,1138.144287109375,15475933
2024-06-21,1144.7854792681483,1151.033048809149,1132.0934935247788,1139.9644775390625,69259425
2024-06-24,1136.0289470067053,1156.6902793435293,1134.0612010698649,1151.229736328125,12210295
2024-06-25,1151.3773811074136,1186.5508409447048,1148.8193353214021,1178.630615234375,27309845
2024-06-26,1182.6154524579229,1203.1291823342124,1174.59686276576,1198.357421875,25403461
2024-06-27,1208.5403632954783,1215.083142699582,1189.6008082372055,1200.2266845703125,20516632
2024-06-28,1207.2122974343558,1207.2122974343558,1177.0565628057336,1180.254150390625,12507092
2024-07-01,1180.25407382428,1195.7500741919466,1172.8259044392062,1192.3065185546875,8636894
2024-07-02,1197.3734411453652,1197.3734411453652,1166.4306833322826,1171.399169921875,16153925
2024-07-03,1177.54840489326,1196.24199235147,1160.428990253299,1182.2218017578125,22330897
2024-07-04,1209.179986290108,1215.033982934888,1194.7171004020095,1213.115478515625,15275791
2024-07-05,1205.2444756355717,1222.5606171427328,1201.1613784936928,1213.509033203125,9535575
2024-07-08,1209.0816030717467,1219.5106332770943,1197.2751265898385,1215.1324462890625,6617190
2024-07-09,1215.0339475267522,1230.038011199292,1209.4751610015549,1228.1195068359375,13366874
2024-07-10,1232.5469141994527,1232.5469141994527,1216.4113728030459,1223.15087890625,18226503
2024-07-11,1226.2501602309792,1237.5155787915146,1205.2937361837155,1218.4775390625,11307116
2024-07-12,1215.9687089511149,1232.6945505595163,1210.2621973028672,1213.01708984375,12208290
2024-07-15,1213.213848187686,1218.4775450466864,1204.309869041595,1210.1146240234375,15612671
2024-07-16,1210.1638079399554,1224.9219031587354,1209.1799349253702,1219.9041748046875,12320605
2024-07-18,1214.9849267751276,1236.1873202209238,1211.8364607641408,1230.1365966796875,10999632
2024-07-19,1223.9380279933182,1230.3332025768846,1220.2485041951068,1228.5130615234375,7958817
2024-07-22,1220.0026771573469,1225.2172527697476,1213.0172019778342,1221.1341552734375,9958965
2024-07-23,1221.1341050565184,1228.5131532036169,1192.9461171142627,1206.96630859375,19369832
2024-07-24,1205.2444794873966,1213.7550053424823,1182.6646411572679,1203.2767333984375,20122521
2024-07-25,1186.0589540798987,1198.6033353860112,1171.3992217096722,1178.58154296875,14154461
2024-07-26,1170.808877642708,1200.3250678353813,1166.824143926023,1187.7314453125,19309265
2024-07-29,1195.5533833447412,1222.7082560181059,1184.7307795900044,1193.142822265625,28458261
2024-07-30,1193.4379877337221,1211.0000973333736,1184.976703679443,1189.9451904296875,23972277
2024-07-31,1199.3412284660044,1204.9001351285349,1191.4702441938732,1195.307373046875,22297629
2024-08-01,1192.946036063854,1202.9323712314479,1187.4363711753606,1190.584716796875,8725046
2024-08-02,1177.6959907114142,1182.2710242194773,1170.9072429350965,1177.2532958984375,10735395
2024-08-05,1162.937883324056,1169.7266310287719,1148.1797883580148,1153.689453125,14306771
2024-08-06,1156.0508158159441,1168.5459553164283,1142.768529846995,1148.0322265625,13575619
2024-08-07,1159.9370447242293,1160.7734328695763,1142.8668719088475,1153.5418701171875,15753644
2024-08-08,1148.1305589944793,1155.4604849673224,1140.2104533386794,1145.8184814453125,10806438
2024-08-09,1157.5758097480823,1161.9047548052447,1150.1475206629223,1152.70556640625,8687307
2024-08-12,1162.0336803927066,1169.228167312303,1147.1485350418181,1163.8199462890625,10860455
2024-08-13,1174.1402001247322,1180.143923785119,1154.6903013699869,1159.4039306640625,13117927
2024-08-14,1158.0642597488902,1161.090954297597,1144.1714580038308,1152.7552490234375,13431801
2024-08-16,1161.0412636212889,1183.8651517095705,1156.7245959708455,1178.1591796875,10961370
2024-08-19,1181.8804727263328,1186.5941018157116,1164.3160506791048,1166.8961181640625,6686394
2024-08-20,1165.2091443736933,1180.6897926432184,1161.041352076898,1170.4189453125,10427061
2024-08-21,1167.9876876109618,1169.625077755297,1156.178781920312,1165.8541259765625,17234142
2024-08-22,1172.9494391539793,1183.468250844818,1167.5907626667606,1181.979736328125,8564142
2024-08-23,1183.8651886303296,1195.7733045260243,1179.449310773257,1194.2847900390625,7518309
2024-08-26,1196.3191076607097,1205.647034605679,1191.8535643266057,1204.009765625,10920226
2024-08-27,1204.0098351320562,1223.0627726699063,1199.6435016150756,1216.9598388671875,16295325
2024-08-28,1213.2882407138438,1217.009527109644,1207.9792296829603,1214.47900390625,12291305
2024-08-29,1209.6164607584685,1225.5436144859966,1207.681440347739,1212.5439453125,10806748
2024-08-30,1220.5818867193016,1226.0894388087463,1209.5669036760319,1219.7879638671875,21211148
2024-09-02,1229.5129791826912,1229.7113993287953,1213.1393196536237,1220.5322265625,12516759
2024-09-03,1217.8033299887798,1241.371477184039,1211.055469999512,1238.1463623046875,19114907
2024-09-04,1230.3565014424944,1234.176997942738,1223.3605556490777,1226.88330078125,13505843
2024-09-05,1228.5206798050983,1235.3182053814185,1221.8720299114532,1226.486328125,9142811
2024-09-06,1216.5628019074484,1224.4520011114125,1195.7732653744783,1198.899169921875,10170479
2024-09-09,1193.6893937018356,1228.8183593866072,1191.2580807218426,1225.5435791015625,13863250
2024-09-10,1227.4786328440832,1231.844966297702,1217.6048683884173,1227.8260498046875,15545130
2024-09-11,1222.0704612349368,1229.8107854485313,1217.009535927106,1226.88330078125,11993242
2024-09-12,1228.520699503871,1247.3752175091806,1216.9598787103319,1242.5623779296875,15376442
2024-09-13,1242.4133910945052,1246.333097348584,1232.5396270556282,1240.7760009765625,9877288
2024-09-16,1241.4210578615323,1255.9092410243197,1235.169248684242,1253.1802978515625,8973335
2024-09-17,1250.302517024621,1262.508384404533,1248.7644580527592,1258.39013671875,11513121
2024-09-18,1252.3368930345305,1285.4315085718288,1252.3368930345305,1278.485107421875,12466597
2024-09-19,1278.4851014958492,1290.0459218689532,1275.5080724453824,1282.107177734375,13172268
2024-09-20,1285.0841618950908,1351.9184375163336,1281.6606270608918,1328.201416015625,73257767
2024-09-23,1320.80849505564,1321.60241788708,1298.4807781970735,1311.7781982421875,11380409
2024-09-24,1310.8850653274296,1321.2054564579635,1305.377513381459,1308.50341796875,13886037
2024-09-25,1300.7135877579847,1317.583418764573,1300.0685405806087,1313.7132568359375,8728019
2024-09-26,1309.892782398436,1323.1405374478413,1306.8165432729581,1318.87353515625,11100869
2024-09-27,1322.793216287465,1322.793216287465,1293.8663936696585,1296.5953369140625,17117379
2024-09-30,1282.2064133181361,1286.870498271365,1261.168789397214,1263.252685546875,12622212
2024-10-01,1260.0772141126831,1270.4471502080723,1257.8939867892805,1264.6419677734375,10972413
2024-10-03,1244.0011592918727,1256.0581509565811,1238.5929384016897,1246.7301025390625,17648551
2024-10-04,1237.5508987809962,1254.7184806872842,1226.734336136113,1230.2572021484375,13488887
2024-10-07,1232.0434743858432,1253.2795172340534,1215.6201496244253,1224.4520263671875,20667247
2024-10-08,1231.4976811477177,1238.245662101406,1220.3338222332038,1227.13134765625,12219259
2024-10-09,1233.5319821121263,1255.4130720043904,1223.2115909568488,1234.62353515625,14765997
2024-10-10,1237.2036303622588,1245.0927087268437,1228.520629146562,1233.978515625,9118195
2024-10-11,1227.528300150437,1231.299252032795,1212.6431550394777,1213.635498046875,8472512
2024-10-14,1211.6507942721546,1228.4214150784755,1208.0783837250117,1222.3184814453125,11833929
2024-10-15,1229.4632721003522,1248.6652054451272,1225.9405272443164,1245.8865966796875,11657338
2024-10-16,1238.9402364127245,1245.340800313192,1232.0930454805564,1233.6312255859375,7869727
2024-10-17,1239.8829828601924,1247.3255557801638,1215.024861988864,1221.8223876953125,8459497
2024-10-18,1218.547563181441,1259.1840825393742,1215.8682854811916,1254.8177490234375,11018126
2024-10-21,1254.8177669815936,1262.607635574402,1240.9746301061532,1249.4095458984375,7742775
2024-10-22,1256.9016668439735,1275.0615928812024,1250.1041412654479,1257.7947998046875,20090801
2024-10-23,1251.3445279562577,1258.2412633793258,1233.5320194899548,1242.0164794921875,14055447
2024-10-24,1240.6768573006573,1250.7987076222266,1231.547349996325,1243.15771484375,12223031
2024-10-25,1237.6998715609657,1259.184122863092,1224.7497462785968,1245.8370361328125,13546055
2024-10-28,1275.6569864282283,1297.7862848220739,1270.794481272672,1282.95068359375,24096412
2024-10-29,1291.3855165608227,1325.1251779791885,1289.3016205238707,1321.6519775390625,20656117
2024-10-30,1313.8621457191011,1320.7093367177222,1295.6030101013187,1302.1029052734375,15055031
2024-10-31,1297.2403694104125,1308.8507339009743,1278.6836040126998,1282.355224609375,23497314
2024-11-01,1280.0727600114117,1286.2749035463628,1276.4011394929669,1281.90869140625,1007022
2024-11-04,1280.221658871375,1281.908714624808,1260.3252547322475,1267.42041015625,14309121
2024-11-05,1263.2526375453915,1291.3359928673021,1253.4284176295798,1286.7711181640625,16431920
2024-11-06,1290.2940335374446,1304.9310933295442,1282.8017951557133,1292.3779296875,12037405
2024-11-07,1287.2177364325325,1292.824498565034,1265.4854006783698,1268.908935546875,9909035
2024-11-08,1260.2755859661174,1265.2373008714958,1243.108003939261,1249.2109375,11195808
2024-11-11,1252.3369021242906,1266.1304944492979,1237.1044608620273,1259.5810546875,8387780
2024-11-12,1266.3785236970411,1285.084164724792,1254.817703702316,1260.8709716796875,13486168
2024-11-13,1260.8709623351128,1266.477724382224,1240.4287212362626,1244.100341796875,12260404
2024-11-14,1244.149990424334,1257.993126310203,1233.5319691696748,1247.325439453125,9506892
2024-11-18,1250.3521900785158,1252.9322576721884,1239.8333784208526,1243.852294921875,6195554
2024-11-19,1247.4248442373848,1251.3445507199667,1231.3488145998942,1239.53564453125,11537317
2024-11-21,1238.9899233393824,1247.2759633109613,1223.1124350544421,1240.974609375,9593870
2024-11-22,1248.3675121917486,1271.588362957257,1246.3828261628269,1268.2640380859375,11604338
2024-11-25,1286.0765977985961,1301.160163762971,1280.1225394754547,1290.9886474609375,22717581
2024-11-26,1300.5647702425501,1304.1868465830694,1292.4771502005863,1294.9580078125,7646955
2024-11-27,1288.5573723920809,1300.812784090288,1287.9123252215186,1290.740478515625,21938082
2024-11-28,1291.0878806767676,1300.4654733696732,1272.4814498292426,1276.5003662109375,22803745
2024-11-29,1273.275310189296,1293.2710463550777,1273.275310189296,1290.1451416015625,11397228
2024-12-02,1289.946649219065,1300.5151260626694,1279.2789623057151,1294.6602783203125,9626400
2024-12-03,1293.9655928118616,1302.747925178162,1286.1757245707627,1298.381591796875,11509276
2024-12-04,1292.625936747851,1309.8927287632168,1291.7328038420255,1305.9730224609375,11570281
2024-12-05,1306.171532833215,1332.6174992065928,1298.5800843127004,1326.2664794921875,19210697
2024-12-06,1332.2205223736623,1336.7852761002946,1316.5414539912906,1318.5758056640625,8942672
2024-12-09,1311.9766296210685,1318.8734860133875,1310.1408193352056,1312.1751708984375,8000764
2024-12-10,1308.9004164217674,1321.8008754160685,1305.1791301734115,1320.2626953125,8218214
2024-12-11,1314.5567183054773,1321.0566133833202,1305.9233826947975,1317.3353271484375,8138066
2024-12-12,1311.4309069614158,1328.4991576758143,1311.4309069614158,1319.0718994140625,9076896
2024-12-13,1315.201818050664,1336.8349446817394,1303.4425773055236,1334.6021728515625,13536684
2024-12-16,1334.6020835708346,1340.1095143687996,1329.7892443970975,1335.7928466796875,9071006
2024-12-17,1331.7243053318298,1337.7775734016686,1315.8964829440192,1323.5374755859375,9879257
2024-12-18,1315.1026301384318,1324.728309292061,1297.4388753521955,1304.087646484375,8510595
2024-12-19,1276.1531316977298,1293.0229631431896,1274.614951552865,1277.0462646484375,11517304
2024-12-20,1274.1187908536028,1287.8131731856893,1262.657301485049,1278.5347900390625,58491181
2024-12-23,1284.736921667357,1296.992333800165,1277.1951389037538,1286.8704833984375,6827512
2024-12-24,1286.8705106850512,1294.5115036860577,1280.3706152786017,1287.3170166015625,7138516
2024-12-26,1296.9922716557783,1302.6982437766815,1279.3285182011693,1287.4161376953125,7338444
2024-12-27,1288.6071205266592,1305.8737927483876,1288.6071205266592,1297.5382080078125,4756066
2024-12-30,1294.957999087405,1316.343040012265,1279.576681997175,1284.7369384765625,14207425
2024-12-31,1277.0462265132433,1280.0727999714104,1270.2982456823183,1271.83642578125,8449607
2025-01-01,1271.8364809130148,1283.0995501851953,1257.3978412327829,1273.8211669921875,4705399
2025-01-02,1275.26000882058,1283.4965044573805,1268.6113589467466,1280.7178955078125,7433222
2025-01-03,1276.3514823434055,1278.1377481475479,1252.5849166143184,1255.363525390625,11194997
2025-01-06,1258.3406039432266,1267.9662826986646,1247.3751652140256,1254.4207763671875,7504047
2025-01-07,1256.8024602237333,1279.0805130186131,1256.8024602237333,1269.454833984375,7539758
2025-01-08,1270.7448974492877,1275.1607754157394,1242.7607517198803,1254.073486328125,7566309
2025-01-09,1248.3675530849682,1255.0658686519982,1238.543332692866,1252.73388671875,8684920
2025-01-10,1249.359870144571,1255.264262696962,1233.5815917988612,1240.2799072265625,7854524
2025-01-13,1225.4444532249365,1234.4250851207983,1215.5210227528514,1220.3338623046875,9669336
2025-01-14,1223.9062438907645,1235.3181886617992,1218.0513958245872,1230.8031005859375,10342698
2025-01-15,1224.551219155373,1234.8716102214069,1220.5818472942535,1228.7686767578125,5355382
2025-01-16,1235.56627244332,1245.8866640990627,1230.1580514277643,1239.53564453125,11895924
2025-01-17,1233.8296138721637,1239.4363759086416,1208.6737436803246,1216.066650390625,9790533
2025-01-20,1214.5286456993424,1232.2419443689244,1205.944854354206,1223.50927734375,7676418
2025-01-21,1227.4786100806577,1229.4632960558952,1183.567432878532,1186.9910888671875,20520898
2025-01-22,1191.8038937223043,1198.2541229556057,1182.6743869540314,1191.258056640625,10377123
2025-01-23,1188.0826742078204,1198.6511515402387,1176.9188152937772,1192.5482177734375,8770650
2025-01-24,1193.8878937592276,1208.6738293636251,1192.7963406363526,1199.941162109375,9216792
2025-01-27,1185.8499521739243,1225.1963785798748,1183.9644761399952,1218.547607421875,16164687
2025-01-28,1237.7990449684048,1254.3215805212242,1226.535975889425,1237.3525390625,18066499
2025-01-29,1242.4134579383835,1246.1844098592185,1233.5320363858045,1242.066162109375,7666777
2025-01-30,1240.428743300886,1250.203297570973,1230.0091418571585,1245.98583984375,11921041
2025-01-31,1244.8943321590757,1246.3828467053002,1229.6122252573796,1243.2073974609375,10195417
2025-02-01,1241.5699459496786,1251.6917959101459,1224.3528194419691,1245.936279296875,3011914
2025-02-03,1237.3028281264465,1250.3521626222068,1228.3221967826344,1243.40576171875,6176831
2025-02-04,1253.1308244391428,1270.6952475836679,1250.3522155059911,1258.4893798828125,14839077
2025-02-05,1260.4740215455731,1267.966259598702,1255.462762111137,1257.9931640625,6840709
2025-02-06,1265.2372940723083,1269.2066659752802,1253.5275985042942,1262.6572265625,8396554
2025-02-07,1262.2603567708522,1265.2373859141799,1239.9823038025354,1247.2760009765625,7382039
2025-02-10,1247.5735745348811,1255.3138984101563,1239.7837061908433,1252.9322509765625,5740361
2025-02-11,1246.2339539700604,1252.188012073483,1238.8410469458931,1243.15771484375,6586627
2025-02-12,1247.5735208959845,1260.0274734986122,1235.119689428972,1242.2149658203125,8809352
2025-02-13,1242.9592342670746,1256.3061987457909,1236.3601292961446,1239.337158203125,7263785
2025-02-14,1242.5126718509223,1253.8254065127483,1234.9212235163006,1250.451416015625,10368438
2025-02-17,1241.5699462890625,1248.5163471638045,1223.8069826822411,1241.5699462890625,8386151
2025-02-18,1243.3065364897366,1247.9705000138076,1227.5779245772142,1233.531982421875,8135042
2025-02-19,1225.3947820253827,1254.7681118615644,1220.8300282561831,1251.9896240234375,10683412
2025-02-20,1245.7378271028595,1254.3216187366877,1237.203701075922,1240.379150390625,8398849
2025-02-21,1231.5968971791747,1235.1693078219741,1215.173692889092,1223.50927734375,7786428
2025-02-24,1217.3071583182455,1222.467414805944,1200.9831637697991,1209.0211181640625,11522480
2025-02-25,1217.2079253456668,1222.2193060560244,1211.6508286551266,1214.7767333984375,11059417
2025-02-27,1215.769120615194,1225.3947998146707,1209.1203494513463,1213.0897216796875,12008162
2025-02-28,1206.6891556122284,1215.620243112648,1190.9108768010287,1194.8802490234375,20215075
2025-03-03,1201.2312348006667,1207.6814644794808,1194.929880803104,1196.964111328125,8158881
2025-03-04,1197.9068433475454,1207.334101585249,1197.0137104452713,1201.1319580078125,9574490
2025-03-05,1207.6814517983407,1216.5628733470458,1202.0251450551775,1206.391357421875,9052846
2025-03-06,1218.5476101118768,1218.5476101118768,1199.7427576093883,1208.7235107421875,11949475
2025-03-07,1201.8265880949464,1208.5249033729367,1197.0634143564148,1205.250244140625,6620284
2025-03-10,1198.7503263397664,1216.4140799337886,1198.7503263397664,1205.5478515625,7363437
2025-03-11,1207.8798680000234,1238.4440812807522,1207.8798680000234,1235.864013671875,10927950
2025-03-12,1237.4020778822246,1242.3637929723905,1225.8413786306357,1234.425048828125,11548372
2025-03-13,1241.4707365370484,1245.9858244254206,1235.7647643884725,1240.4783935546875,8132940
2025-03-17,1247.4248742515454,1264.1953748180651,1245.1424367918191,1259.2833251953125,11164812
2025-03-18,1259.2833251953125,1259.2833251953125,1259.2833251953125,1259.2833251953125,0
2025-03-19,1295.6029599370165,1308.2057883620175,1292.1794251380722,1303.0455322265625,11278014
2025-03-20,1309.8927772461004,1314.1102350516276,1301.0113557334153,1311.5797119140625,10886735
2025-03-21,1305.923445707521,1338.6707661545943,1301.5571120874529,1332.81591796875,60494318
2025-03-24,1345.5675050388625,1362.4870024308004,1334.7510627437973,1347.750732421875,9352280
2025-03-25,1348.5941513991709,1353.3574463042776,1319.8658696966822,1333.4112548828125,16419207
2025-03-26,1333.7586400786652,1347.6017762925185,1321.304687138062,1325.6710205078125,10859639
2025-03-27,1322.9420827344788,1341.1515523929718,1322.9420827344788,1326.415283203125,15109614
2025-03-28,1325.7702231722565,1347.5521031600986,1317.0375564815454,1338.025634765625,8266544
2025-04-01,1329.739654923708,1341.995067068455,1305.328040709696,1308.3546142578125,14288024
2025-04-02,1312.026343402594,1327.705290380845,1312.026343402594,1321.056640625,8042214
2025-04-03,1311.8278468858045,1322.7932860458366,1311.1332552048473,1319.3697509765625,4591008
2025-04-04,1319.3697112264526,1328.3007984100484,1311.9766830431024,1325.07568359375,8648542
2025-04-07,1285.3322768617725,1314.854481252151,1255.3139009690346,1277.6912841796875,19185012
2025-04-08,1289.8969896705237,1300.0189606799747,1277.4927025037578,1289.9466552734375,13085762
2025-04-09,1294.9579703581671,1295.106846037701,1274.6646041339118,1290.83984375,13005622
2025-04-11,1295.1067945023049,1314.8544439632922,1295.1067945023049,1301.606689453125,13064247
2025-04-15,1340.655373037739,1343.9301533432258,1325.9686484021752,1339.8614501953125,15202603
2025-04-16,1346.6094196449503,1349.2886972283168,1332.6174078978706,1346.0140380859375,14039073
2025-04-17,1351.5711498907554,1398.112060263163,1349.6856739861041,1395.9288330078125,17490424
2025-04-21,1425.004587897116,1425.004587897116,1393.9442026732427,1399.0052490234375,16882426
2025-04-22,1401.9823098324273,1407.9363681338637,1388.1887172069748,1405.6539306640625,16135274
2025-04-23,1418.0581618237188,1418.9512947601793,1400.4937389943566,1413.493408203125,13990764
2025-04-24,1405.4554343163697,1410.3178180904442,1388.0894318786184,1391.95947265625,15678099
2025-04-25,1399.2035920369979,1403.966886762009,1377.769008045682,1394.04345703125,11705093
2025-04-28,1394.8373106964493,1424.0122194189871,1393.0511659597357,1417.8597412109375,10948561
2025-04-29,1417.8597077945897,1427.2869661678633,1411.7071085959242,1418.85205078125,10786910
2025-04-30,1422.0275444346203,1422.7221360927958,1389.2802248488963,1416.073486328125,14192027
2025-05-02,1415.9742091510598,1435.5233172200462,1413.6917718641512,1419.149658203125,8842434
2025-05-05,1428.9738894731652,1435.7218701832576,1415.081087769954,1418.455078125,4565705
2025-05-06,1418.0581160771362,1422.7220796211836,1409.5239906903596,1420.63818359375,6301690
2025-05-07,1414.0887881642996,1430.9586193213472,1410.119416127347,1424.4091796875,10480453
2025-05-08,1427.5846620245352,1437.8058437113664,1415.1803741209164,1424.5084228515625,15306490
2025-05-09,1404.3638078003796,1409.0278927234135,1376.379782804671,1378.2652587890625,13491197
2025-05-12,1398.6082269981746,1441.8743569081432,1393.249550653154,1437.4088134765625,9925445
2025-05-13,1429.0731325397105,1436.8134564073198,1416.4704248722041,1419.6458740234375,12475424
2025-05-14,1418.9512828044426,1429.6685145448027,1406.4477852062123,1415.279541015625,8026837
2025-05-15,1414.9819190581854,1445.3475908699352,1404.6615275498752,1439.6912841796875,18209264
2025-05-16,1442.172107583965,1447.5306627908633,1435.920298328426,1442.86669921875,6439208
2025-05-19,1435.4241717584057,1448.5230511072755,1432.7448940711074,1437.905029296875,6005334
2025-05-20,1439.0957378026826,1447.8284044606678,1424.5083444847762,1427.1876220703125,11352383
2025-05-21,1431.8517946649677,1440.1875004165765,1427.485461067875,1433.637939453125,5510460
2025-05-22,1430.0655182967434,1434.2334317099203,1416.867428660744,1431.057861328125,7245933
2025-05-23,1431.1570706662649,1440.6836606711147,1423.4168677068544,1438.698974609375,5203706
2025-05-26,1446.8360701649403,1460.331910515487,1443.8590412139838,1449.4161376953125,5608725
2025-05-27,1441.3782192942826,1451.7978208795425,1424.7068083036186,1435.324951171875,14842959
2025-05-28,1436.5157355383742,1446.836127202333,1431.454810349359,1442.6683349609375,8618343
2025-05-29,1445.4467442494526,1451.698553407669,1433.9355900375203,1445.3475341796875,15545514
2025-05-30,1448.7216268807567,1449.7139699197687,1433.2410996992944,1434.7296142578125,11803975
2025-06-02,1430.9586389930196,1448.8208134048605,1421.8291316367724,1439.3935546875,9458990
2025-06-03,1443.7598455387374,1443.8590556109682,1421.035166759386,1426.8900146484375,11167345
2025-06-04,1426.3938661679927,1429.0731438395549,1415.4780930628378,1420.0428466796875,8025388
2025-06-05,1419.9436226094324,1447.8284366760695,1416.3712120373557,1443.66064453125,11385668
2025-06-06,1437.5080878919146,1450.2101271201,1431.0578582020253,1448.5230712890625,11580994
2025-06-09,1453.7825541382838,1455.5688200651953,1422.4245382897982,1423.8138427734375,11022031
2025-06-10,1427.9815809293386,1430.660858582463,1405.6538633679,1412.0048828125,12905272
2025-06-11,1410.9133394459884,1423.5160472131458,1407.737769134025,1420.0428466796875,7136877
2025-06-12,1419.5466979345517,1425.5007560873705,1409.127096167119,1414.2872314453125,7953247
2025-06-13,1392.8526699787633,1410.6156346634868,1392.8526699787633,1405.2569580078125,7573103
2025-06-16,1405.7530618658518,1418.0581392255135,1403.3714144517853,1415.9742431640625,5451137
2025-06-17,1415.9742319665809,1418.8520508551696,1406.9439350146247,1412.302490234375,6970098
2025-06-18,1406.150024814166,1421.0351697486842,1399.402043989603,1401.78369140625,6751745
2025-06-19,1397.2189939427594,1403.8676438261634,1393.9442134714564,1400.4937744140625,8849883
2025-06-20,1400.4937821267788,1422.3253290273638,1399.4021078732494,1416.1727294921875,12408178
2025-06-23,1406.1500791810931,1412.3025575376569,1401.0891539348067,1409.226318359375,5514384
2025-06-24,1416.7680893764307,1424.9053748687675,1405.6538959425357,1413.1956787109375,11188438
2025-06-25,1411.1117385952273,1417.9589294864209,1404.463088984364,1414.8826904296875,7527388
2025-06-26,1413.8903780949927,1436.4165161110168,1410.814017835929,1428.080810546875,13617435
2025-06-27,1427.882386711014,1454.774858156496,1426.0961208320166,1451.00390625,22532899
2025-06-30,1450.6071028820047,1450.706312958781,1431.2564136212704,1434.7296142578125,6325073
2025-07-01,1434.6302067068036,1436.5156826077227,1418.653508855977,1421.03515625,7761449
2025-07-02,1421.2336440793872,1439.8897415628453,1411.707175185214,1416.867431640625,13372280
2025-07-03,1421.1344118511029,1435.027214103107,1412.798706272776,1414.98193359375,10177738
2025-07-04,1416.0734952431667,1433.3402880878325,1410.2186471744621,1431.7525634765625,5066503
2025-07-07,1425.9968814549877,1429.8670433562065,1418.6535190770169,1424.706787109375,5177477
2025-07-08,1421.035188079707,1433.935647189369,1419.050502062836,1430.9586181640625,5315847
2025-07-09,1425.2030375827696,1427.683895203639,1415.6765685457565,1420.93603515625,8827347
2025-07-10,1425.7985078190466,1427.981614021397,1411.2109926594833,1413.1956787109375,7795964
2025-07-11,1411.111783317687,1417.0658414751456,1403.7684206963636,1411.0125732421875,7158015
2025-07-14,1413.9896019530586,1413.9896019530586,1405.2569348701418,1412.1041259765625,5846154
2025-07-15,1410.218682168871,1422.8215115677394,1408.134785993891,1419.844482421875,6041457
2025-07-16,1415.081187967311,1418.25663727007,1408.2339967016344,1415.4781494140625,5649093
2025-07-17,1410.1194736013367,1412.3025798563917,1398.7075285299677,1407.8370361328125,12927394
2025-07-18,1404.9592604817603,1418.0581395587762,1397.7151081655259,1414.8826904296875,11297246
2025-07-21,1436.9126621837045,1456.4617708047458,1425.9968891975022,1454.576416015625,13867136
2025-07-22,1462.8128219007424,1470.6523559877205,1458.4464883845856,1462.316650390625,8930165
2025-07-23,1471.5454755170424,1478.5910866693491,1461.3242940475627,1477.2017822265625,11974174
2025-07-24,1476.3086281822896,1477.3009711792895,1466.782159638216,1472.0416259765625,6700578
2025-07-25,1488.5144734435703,1488.5144734435703,1462.31659448384,1465.789794921875,8696077
2025-07-28,1465.7898930637602,1482.3620946590604,1465.7898930637602,1477.00341796875,7507479
2025-07-29,1468.5685019046516,1478.3927223132807,1464.1029581857863,1474.8201904296875,9776027
2025-07-30,1476.308661728485,1477.1025845983731,1465.9883912336757,1471.04931640625,7238625
2025-07-31,1458.6450618514623,1483.0566764606926,1452.7902136757805,1470.0570068359375,12406146
2025-08-01,1469.0645758820863,1473.7285394467383,1458.5457644921182,1460.3319091796875,4416771
2025-08-04,1465.492177404952,1467.4768633867377,1450.1108610461113,1451.9962158203125,6140054
2025-08-05,1441.8743352750153,1450.3092505192255,1429.96621963613,1433.3402099609375,14799343
2025-08-06,1431.2564134495642,1442.866778550362,1430.561700640964,1432.54638671875,7805252
2025-08-07,1430.0655302659995,1436.8135113901221,1418.1574137897542,1429.271728515625,7432535
2025-08-08,1434.8288259088201,1436.5157606227415,1421.0352334242946,1424.9053955078125,5415511
2025-08-11,1416.9666396615337,1427.3862414978396,1409.5240669213151,1425.5999755859375,8492484
2025-08-12,1431.0,1433.800048828125,1420.0999755859375,1422.0,5913947
2025-08-13,1424.5999755859375,1427.699951171875,1415.199951171875,1420.800048828125,9009465
2025-08-14,1412.0,1431.0999755859375,1412.0,1427.300048828125,7577793
2025-08-18,1450.0,1452.4000244140625,1431.0,1434.5999755859375,6908844
2025-08-19,1431.0999755859375,1438.5,1426.300048828125,1436.300048828125,6709554
2025-08-20,1432.5999755859375,1435.9000244140625,1423.0,1430.5999755859375,5817858
2025-08-21,1440.0999755859375,1447.800048828125,1436.4000244140625,1446.0,6238645
2025-08-22,1444.300048828125,1446.0,1429.4000244140625,1436.4000244140625,6657207
2025-08-25,1435.9000244140625,1435.9000244140625,1424.0,1433.199951171875,6738427
2025-08-26,1427.9000244140625,1427.9000244140625,1413.0999755859375,1416.5999755859375,8720155
2025-08-28,1408.0,1411.800048828125,1396.300048828125,1399.0999755859375,12990789
2025-08-29,1392.0999755859375,1405.0,1392.0999755859375,1397.800048828125,8519507
2025-09-01,1398.0999755859375,1412.4000244140625,1398.0999755859375,1411.0,4927348
2025-09-02,1413.9000244140625,1413.9000244140625,1390.0,1394.199951171875,7163073
2025-09-03,1389.0,1400.0,1384.199951171875,1397.0,9813382
2025-09-04,1409.9000244140625,1415.0999755859375,1401.9000244140625,1405.5,10564859
2025-09-05,1411.0,1411.5,1387.699951171875,1402.800048828125,6621077
2025-09-08,1402.199951171875,1410.5999755859375,1397.5999755859375,1402.699951171875,5880943
2025-09-09,1399.0,1407.5,1395.199951171875,1403.699951171875,6470679
2025-09-10,1410.0,1413.699951171875,1402.0999755859375,1403.9000244140625,7452347
2025-09-11,1398.0,1408.0,1396.0,1401.5999755859375,10192026
2025-09-12,1405.0999755859375,1419.699951171875,1400.0999755859375,1417.699951171875,7770038
2025-09-15,1422.0,1426.800048828125,1416.300048828125,1419.4000244140625,5845637
2025-09-16,1414.0,1424.9000244140625,1413.699951171875,1421.5999755859375,8213151
2025-09-17,1420.0999755859375,1426.0999755859375,1416.4000244140625,1419.199951171875,7484283
2025-09-18,1431.0999755859375,1432.800048828125,1415.300048828125,1421.699951171875,8130537
2025-09-19,1416.0999755859375,1418.0,1400.199951171875,1402.199951171875,13457344
2025-09-22,1403.9000244140625,1409.9000244140625,1397.199951171875,1401.5,8847948
2025-09-23,1391.0,1403.300048828125,1391.0,1394.300048828125,12827524
2025-09-24,1386.4000244140625,1390.9000244140625,1376.5,1382.699951171875,9735678
2025-09-25,1377.0,1391.5,1371.800048828125,1375.800048828125,21613389
2025-09-26,1368.0,1372.699951171875,1357.0,1359.5999755859375,18342280
2025-09-29,1359.5999755859375,1366.5,1346.199951171875,1348.0999755859375,20563163
2025-09-30,1353.699951171875,1356.5999755859375,1342.5999755859375,1348.0,20166871
2025-10-01,1348.0,1379.4000244140625,1347.0999755859375,1372.0,20952632
2025-10-03,1371.9000244140625,1371.9000244140625,1361.300048828125,1365.199951171875,12163695
2025-10-06,1371.0,1372.5999755859375,1359.0999755859375,1363.4000244140625,14314283
2025-10-07,1363.5999755859375,1383.0999755859375,1363.5999755859375,1375.9000244140625,16126464
2025-10-08,1372.300048828125,1381.5999755859375,1364.300048828125,1370.300048828125,8100832
2025-10-09,1369.800048828125,1378.699951171875,1365.0999755859375,1376.199951171875,7909575
2025-10-10,1370.300048828125,1385.0,1370.300048828125,1380.300048828125,7673816
2025-10-13,1373.0999755859375,1386.4000244140625,1373.0999755859375,1379.4000244140625,8923018
2025-10-14,1389.0,1389.0,1375.0999755859375,1384.0999755859375,10610855
2025-10-15,1386.5,1400.4000244140625,1385.5,1398.4000244140625,8988550
2025-10-16,1401.0,1418.9000244140625,1399.4000244140625,1417.300048828125,12185032
2025-10-17,1412.0,1439.5999755859375,1410.9000244140625,1436.5999755859375,17037215
2025-10-20,1442.0,1445.0,1389.199951171875,1390.300048828125,23330227
2025-10-21,1384.5,1387.5999755859375,1375.9000244140625,1382.0,3415560
2025-10-23,1385.0,1389.800048828125,1360.0999755859375,1363.699951171875,21124942
2025-10-24,1368.0999755859375,1381.5999755859375,1368.0999755859375,1377.699951171875,10570263
2025-10-27,1382.0999755859375,1386.800048828125,1374.0,1377.5999755859375,11499836
2025-10-28,1373.0,1375.800048828125,1356.199951171875,1363.0999755859375,26477914
2025-10-29,1364.5999755859375,1371.699951171875,1358.4000244140625,1370.4000244140625,16129382
2025-10-30,1362.4000244140625,1370.199951171875,1361.300048828125,1362.4000244140625,9324401
2025-10-31,1357.0,1362.0,1343.300048828125,1345.300048828125,15926798
2025-11-03,1340.5,1351.5999755859375,1337.9000244140625,1346.4000244140625,11071450
2025-11-04,1342.5999755859375,1349.800048828125,1333.199951171875,1336.9000244140625,15211183
2025-11-05,1336.9000244140625,1336.9000244140625,1336.9000244140625,1336.9000244140625,0
2025-11-06,1330.0,1342.199951171875,1317.4000244140625,1320.4000244140625,24221853
2025-11-07,1320.4000244140625,1344.300048828125,1318.5999755859375,1343.0,7719245
2025-11-10,1342.9000244140625,1349.5999755859375,1341.0,1348.0,8542340
2025-11-11,1349.0,1360.4000244140625,1346.199951171875,1358.300048828125,8305184
2025-11-12,1370.0,1370.0,1355.4000244140625,1358.9000244140625,9736761
2025-11-13,1358.9000244140625,1390.4000244140625,1358.5,1385.9000244140625,18296626
2025-11-14,1374.0,1381.199951171875,1363.199951171875,1373.0,9694498
2025-11-17,1375.0999755859375,1382.5,1373.5999755859375,1379.0,7660717
2025-11-18,1380.199951171875,1382.800048828125,1369.0999755859375,1373.4000244140625,9529560
2025-11-19,1373.5,1384.0,1371.5999755859375,1383.0999755859375,10393918
2025-11-20,1380.0999755859375,1388.300048828125,1375.4000244140625,1383.0,10131863
2025-11-21,1373.0,1376.0,1364.5999755859375,1369.5,11483595
2025-11-24,1373.300048828125,1377.0,1361.5,1368.4000244140625,15896003
2025-11-25,1365.0,1376.9000244140625,1354.300048828125,1357.800048828125,12235000
2025-11-26,1360.0,1377.0,1359.9000244140625,1375.0,9659004
2025-11-27,1379.0,1394.0,1375.699951171875,1392.199951171875,15158741
2025-11-28,1392.0,1398.5,1385.5999755859375,1388.800048828125,7683986
2025-12-01,1394.0,1400.0,1385.4000244140625,1390.0999755859375,8867593
2025-12-02,1381.800048828125,1381.800048828125,1370.5999755859375,1373.0,12126396
2025-12-03,1367.0,1394.199951171875,1367.0,1391.5,7955933
2025-12-04,1387.0,1391.5999755859375,1379.9000244140625,1386.699951171875,7373909
2025-12-05,1381.0,1395.300048828125,1381.0,1392.5,4942638
2025-12-08,1387.0,1394.9000244140625,1383.300048828125,1389.5999755859375,7826227
2025-12-09,1379.9000244140625,1384.300048828125,1373.4000244140625,1375.199951171875,10492030
2025-12-10,1377.9000244140625,1379.4000244140625,1357.9000244140625,1363.5999755859375,8725381
2025-12-11,1363.699951171875,1366.5999755859375,1352.800048828125,1360.0,6734750
2025-12-12,1368.0,1370.699951171875,1363.300048828125,1366.0,3890885
2025-12-15,1356.0999755859375,1370.0,1356.0999755859375,1365.199951171875,5342530
2025-12-16,1364.0,1368.699951171875,1355.5,1366.0,12359741
2025-12-17,1365.0,1365.0,1343.0999755859375,1352.4000244140625,9440391
2025-12-18,1346.300048828125,1369.5,1345.5,1356.800048828125,7314573
2025-12-19,1354.0,1360.4000244140625,1350.800048828125,1354.0999755859375,14318512
2025-12-22,1358.0,1371.300048828125,1354.800048828125,1368.5,9375294
2025-12-23,1361.0999755859375,1365.0,1357.0,1363.0,9105467
2025-12-24,1363.800048828125,1368.199951171875,1357.5999755859375,1359.800048828125,8955140
2025-12-25,1359.800048828125,1359.800048828125,1359.800048828125,1359.800048828125,0
2025-12-26,1356.5,1362.0,1348.5,1350.4000244140625,2812144
2025-12-29,1352.0999755859375,1355.699951171875,1341.5,1343.300048828125,6057201
2025-12-30,1343.300048828125,1347.0999755859375,1338.0999755859375,1342.5,18621277
2025-12-31,1342.800048828125,1350.0,1339.5,1342.9000244140625,6150634
2026-01-01,1343.9000244140625,1348.4000244140625,1336.0,1338.0,4179311
2026-01-02,1338.0,1356.9000244140625,1336.300048828125,1355.4000244140625,8226205
2026-01-05,1354.199951171875,1375.5,1352.5999755859375,1371.5,6920565
2026-01-06,1372.0,1413.5999755859375,1366.0,1411.199951171875,17260416
2026-01-07,1408.0,1429.9000244140625,1404.199951171875,1427.699951171875,15813795
2026-01-08,1429.0,1442.199951171875,1423.300048828125,1435.0,14861699
2026-01-09,1427.0999755859375,1429.5,1401.5,1404.300048828125,12555636
