Date,Open,High,Low,Close,Volume
2010-01-04,50.58191743944144,50.981775377125246,50.052109592605575,50.71187210083008,5360425
2010-01-05,50.9417857419369,51.33164494083081,50.52193518055753,51.21168899536133,11181903
2010-01-06,51.7215022371494,51.7215022371494,50.70186732737903,51.33163833618164,7819981
2010-01-07,51.38163244825801,51.68152708452228,50.7218699511604,51.17170715332031,5179515
2010-01-08,51.051751660749986,51.681527551250475,51.051751660749986,51.28166961669922,5069346
2010-01-11,51.48159637770362,51.881454313574075,51.18170648997819,51.30166244506836,7478605
2010-01-12,51.331644002574556,51.331644002574556,49.80219384520396,49.99212646484375,16111595
2010-01-13,49.782207873547705,50.33200839685424,49.382349923355946,49.77220916748047,12956554
2010-01-14,50.08210411312459,50.162079515078354,49.38235617586846,49.612274169921875,12799132
2010-01-15,49.992118787334356,50.62188976893938,49.40232836177888,50.531925201416016,8141766
2010-01-18,50.54192392882692,50.8418185215406,49.982124807699066,50.09208679199219,5859587
2010-01-19,50.2620260890477,50.2620260890477,49.642249007905136,49.96213150024414,6538089
2010-01-20,49.98213179349759,50.28202642812632,49.232399959162215,49.402339935302734,10834451
2010-01-21,49.482307057445105,50.012119607077,48.48266468263757,48.88252258300781,12186636
2010-01-22,48.582626369636415,50.72186440288025,48.23275250042386,49.80219268798828,48040439
2010-01-25,49.98211989878754,51.24167136179729,49.4922974979962,51.00175476074219,16412584
2010-01-27,50.6818840849944,51.79148377224786,50.58191603916347,51.161712646484375,36918972
2010-01-28,51.3216525098928,51.381630484405946,49.6922342361253,50.831825256347656,20358153
2010-01-29,50.68188430627207,51.33164809359132,49.80219781432698,50.012123107910156,16373877
2010-02-01,49.98212302407353,50.49194286304658,49.122429340910394,49.28237533569336,13103879
2010-02-02,49.99213067764046,49.99213067764046,48.59263029810035,48.86253356933594,11239764
2010-02-03,48.98248917351247,50.95178744594872,48.6825945399503,50.50194549560547,14423054
2010-02-04,50.38197516464943,50.93178025186,49.902146739229245,50.651878356933594,12582297
2010-02-05,50.381983655508755,50.64188818895231,49.38234133010023,49.652244567871094,19333492
2010-02-08,49.582275195421566,49.622260514146994,48.12279680523381,49.052467346191406,24311965
2010-02-09,49.06246698205801,49.342368997790196,48.5326590714667,48.762577056884766,12546702
2010-02-10,48.9225183503105,49.182427704364464,48.40270439443972,48.762577056884766,8888707
2010-02-11,48.99249145479733,49.56228464702161,48.94250742814332,49.4123420715332,7220395
2010-02-15,49.682241443953586,49.98213132352605,49.00248154578315,49.852176666259766,6737602
2010-02-16,50.13207906074727,50.28202637791189,49.60226647402867,50.012123107910156,6358740
2010-02-17,50.08208634988101,50.52192951955402,49.87216109271354,50.33199691772461,8192982
2010-02-18,50.42197266905418,50.5319346635458,49.28238166507451,49.63225555419922,4161740
2010-02-19,49.84216931448882,50.06208850038996,49.14241694578763,49.682228088378906,6234950
2010-02-22,49.932149529804576,50.13207610608323,49.20241039803319,49.50230026245117,6770860
2010-02-23,49.502295016477156,49.97212954929587,49.14242246507664,49.832176208496094,7482652
2010-02-24,49.65224336081608,50.072093887638765,49.34235481774119,49.51229476928711,8872656
2010-02-25,49.76220956384962,49.88216550961682,49.12243501528553,49.50230026245117,14862815
2010-02-26,49.68222965597814,50.461947910101216,45.743638820867744,46.433387756347656,72760964
2010-03-02,47.00319832160409,48.82254933043438,46.9832056622647,48.37270736694336,30199146
2010-03-03,48.48267470941236,49.232406645571196,47.65297212708785,48.722591400146484,13554364
2010-03-04,49.362353301688174,49.382345959981336,48.58263012378216,49.192413330078125,13366880
2010-03-05,49.382351428199634,49.382351428199634,48.58263550344612,48.93251419067383,8612219
2010-03-08,49.132434709136,50.37199376372161,49.082450687942185,50.23204040527344,23349746
2010-03-09,50.33200717913079,50.73186511964846,49.902162625610345,50.19205856323242,9912442
2010-03-10,50.531935383781935,51.03175659029445,50.052106835440476,50.831825256347656,12422601
2010-03-11,50.78184363286798,51.56156201762859,50.302015106770654,51.111724853515625,9085827
2010-03-12,51.38162814147208,52.06138324052809,51.03175426331437,51.67152404785156,17396599
2010-03-15,51.65153292464192,52.32129409107817,51.65153292464192,51.85145950317383,15948453
2010-03-16,52.021403590626505,52.17135091251791,50.83182847356842,51.94143295288086,7768322
2010-03-17,51.94142911468525,52.8611008852746,51.711511172037916,52.551212310791016,12604800
2010-03-18,52.581204801105734,52.92108477665054,51.72151566050162,52.23133087158203,6741717
2010-03-19,52.08137935748161,52.63118459699231,51.81147609043223,52.24132537841797,8024506
2010-03-22,51.85145434879696,52.36127420172823,51.451601231481185,52.30129623413086,9252153
2010-03-23,52.08137542411294,52.52121863205572,51.22168641754103,52.17134475708008,10376629
2010-03-25,52.191341983396995,53.27095506457612,51.94143137193011,52.93107986450195,17901173
2010-03-26,52.93108355945931,53.18099418837169,52.401270935180854,52.861106872558594,9222867
2010-03-29,52.86110171795585,54.18063142074825,52.43125718894688,53.82075881958008,13140910
2010-03-30,53.840739887831546,54.560484935232026,53.520852672071854,53.750770568847656,8301674
2010-03-31,53.940714269102216,53.940714269102216,52.30130204912609,52.5911979675293,15634139
2010-04-01,52.78113555908204,53.35093349654667,52.60120161936324,52.78113555908203,5878233
2010-04-05,53.52085852269646,53.72078983648997,52.80111814885298,52.94106674194336,7617929
2010-04-06,52.94107255314414,53.500871739189144,52.601197361188895,53.2309684753418,10047519
2010-04-07,53.05102679150358,53.980692397184356,52.68116028999748,53.87073516845703,9066779
2010-04-08,53.58084110255759,53.770768959420224,53.25095514850081,53.53085708618164,6499145
2010-04-09,53.54086501624261,54.080671576281986,53.12101441349273,53.83076095581055,8726163
2010-04-12,53.98070287585901,54.52050942939394,53.45089502809604,54.26060485839844,8168167
2010-04-13,54.70043647712349,54.720429132177124,53.600830944702544,53.7007942199707,5013780
2010-04-15,53.99070560677013,54.1206602780746,52.23133244761175,52.531227111816406,12346236
2010-04-16,52.00140774329523,53.950713303909964,52.00140774329523,53.80076599121094,9207720
2010-04-19,53.580848576320854,54.74043229652436,52.45125146833696,52.951072692871094,8162964
2010-04-20,53.28095544644339,53.3209407653572,52.18134967184038,52.621192932128906,8651674
2010-04-21,52.78114107945152,52.971073745138085,52.251328406511384,52.47125244140625,5690644
2010-04-22,52.281306710358145,53.4508890291641,52.081375387486915,52.831111907958984,13680858
2010-04-23,52.92108014525756,53.57084867307234,52.40126627345301,53.37092208862305,5186490
2010-04-26,53.18097930007319,54.160628881241095,53.0010406561995,53.46087646484375,5578976
2010-04-27,53.58084325336633,54.15063635129816,53.091016030821486,53.89073181152344,6099642
2010-04-28,53.400890169897444,54.460510204260025,53.15097964993736,53.97068786621094,10957360
2010-04-29,54.26059898764801,54.26059898764801,53.08102271166621,53.41090393066406,10579532
2010-04-30,53.580838748155514,53.72078733472852,52.98104958694282,53.1509895324707,7124764
2010-05-03,52.231327635400014,53.30094677013036,52.231327635400014,52.971065521240234,7284451
2010-05-04,52.42124956314575,53.18097995274643,52.18133770468376,52.44124221801758,4913472
2010-05-05,49.982128488168264,52.701158422133574,49.982128488168264,52.41126251220703,7189205
2010-05-06,48.982490087939404,52.481238701044134,48.982490087939404,51.79148483276367,6037948
2010-05-07,50.78184484541905,52.17134643766048,50.701874214532666,51.81147384643555,9025535
2010-05-10,50.96177065617235,52.57119597950513,50.96177065617235,52.341278076171875,15464164
2010-05-11,51.4915872846033,52.641176894027694,51.4915872846033,51.89144515991211,10322967
2010-05-12,50.48195350532517,53.16099832739583,50.48195350532517,52.991058349609375,5542428
2010-05-13,53.38092338899124,53.58085475319515,52.73115477174336,53.28096008300781,6303701
2010-05-14,52.58119471651911,54.58048411371676,52.58119471651911,53.6108283996582,9249088
2010-05-17,53.18098903566118,53.76078087820395,52.981057700560555,53.210975646972656,7442215
2010-05-18,52.99105591235581,53.880736326171466,52.2513180581739,53.71079635620117,4961399
2010-05-19,53.67080962635918,53.67080962635918,51.58156027708479,51.82147216796875,9277754
2010-05-20,51.65153666050506,53.0510370681605,51.381633383847245,52.461246490478516,13120774
2010-05-21,51.9814141183479,54.84039270273719,51.45160630949723,54.24060821533203,37555292
2010-05-24,54.98033315084698,55.080301177447,53.09101063253383,53.5908317565918,15539467
2010-05-25,53.48087928329621,54.0206858130344,51.7215110850997,52.08137893676758,21936653
2010-05-26,52.39127170675997,53.970705962120746,52.201339077639375,53.80076599121094,11519453
2010-05-27,53.88073027421047,55.700080965926496,53.44088709317245,55.160274505615234,30304072
2010-05-28,55.580130887494164,56.77969986964785,55.160280318069496,56.61975860595703,17505356
2010-05-31,57.51943771869042,57.51943771869042,55.820042783030395,56.61975860595703,11920469
2010-06-01,57.05959764258911,57.169554877182584,56.27987453489076,56.579769134521484,9944093
2010-06-02,56.779693696049,56.93963494234957,55.83003541778575,56.23988723754883,8426900
2010-06-03,56.579776245763775,57.34950074584068,56.47980819849841,57.07959747314453,7756919
2010-06-04,57.749351126323695,58.33913686598602,55.38019520665312,58.14920425415039,9934871
2010-06-07,56.97962938260715,57.79933308509248,56.97962938260715,57.51943588256836,6850559
2010-06-08,58.119216131497055,58.49908134527165,57.28951378451912,57.91928482055664,9531197
2010-06-09,59.595845701732514,59.595845701732514,57.252657788756075,57.563697814941406,12350086
2010-06-10,57.854004906293746,58.424252329339524,57.06603193638987,58.07173538208008,10974993
2010-06-11,59.92761468196541,59.92761468196541,58.19614163098856,58.38277053833008,8788829
2010-06-14,58.621268533087196,59.47144982136116,58.3931675077478,59.326297760009766,8743510
2010-06-15,59.30552614516368,60.69485268504513,59.11890217832933,60.48748779296875,9739202
2010-06-16,61.10960666391302,61.10960666391302,59.75138100673665,60.32162857055664,12278071
2010-06-17,60.342346143407894,61.565779993173734,59.95872768148063,60.943695068359375,13840507
2010-06-18,61.17178656429275,62.06343934984924,60.69485371205222,61.15105056762695,16190664
2010-06-21,61.52430376481823,62.208601571116674,60.549701980392356,62.02197265625,14429164
2010-06-22,61.7938752925802,62.986207498421415,61.63835284330917,62.58184814453125,9744639
2010-06-23,62.20861254030888,63.079529557186845,62.053090060139375,62.799591064453125,9639863
2010-06-24,62.83067741422668,63.8467510493535,62.22932861711778,63.40092468261719,21511927
2010-06-25,63.38019809344765,63.846765490092736,62.250078692176004,62.509281158447266,8203282
2010-06-28,62.41597313175765,62.93437811777545,61.58652318255776,61.721309661865234,6701184
2010-06-29,61.9182950830368,62.00123908002789,60.974799723871506,61.45173263549805,5232444
2010-06-30,60.75706818832855,63.49424468506419,60.75706818832855,63.338722229003906,14385477
2010-07-01,63.20393755202949,63.20393755202949,62.260437327695605,62.830684661865234,5311841
2010-07-02,63.245420409324836,63.44241488716152,62.5818585064239,62.73738098144531,4348862
2010-07-05,62.706265216230356,63.1417211469891,62.20859636643603,62.654422760009766,4464938
2010-07-06,62.66479598421345,62.8928919579955,62.43669508150399,62.8099479675293,4711925
2010-07-07,62.85142515522382,62.92400361734151,62.2086042470768,62.623329162597656,6273097
2010-07-08,63.03806728633404,63.31800582229141,62.60260624619386,62.86180877685547,5808950
2010-07-09,62.86179812900986,63.20394955182843,62.05308913052918,62.281185150146484,6199019
2010-07-12,62.623337624590704,62.623337624590704,62.0634557091803,62.1982421875,7245478
2010-07-13,62.19823110743403,62.49890554924411,61.233999786690795,62.02197265625,14573332
2010-07-14,62.23971808475721,62.65444308225825,61.721313070113105,61.8975715637207,14446408
2010-07-15,61.89757386229114,62.415978896186246,61.84573138733004,62.22935485839844,9523906
2010-07-16,62.31229687735547,62.32266241465797,61.50358288167909,61.86647033691406,12011490
2010-07-19,61.66947661763381,62.19824717888773,60.1349975499679,60.41493606567383,10165844
2010-07-20,60.549706852037126,60.84001578244954,60.15572285002258,60.43566131591797,4467424
2010-07-21,60.725952470050395,61.37914372859135,60.31122762674216,60.62227249145508,12009764
2010-07-22,55.24124202731374,61.90793266127006,55.24124202731374,61.73167419433594,22631829
2010-07-23,62.208615660337735,62.768492673885405,61.84572821209904,62.55076217651367,20404001
2010-07-26,62.62334543401861,62.87217749062845,62.19824994391649,62.768497467041016,7052804
2010-07-27,63.66015119942895,63.66015119942895,62.830706073974916,63.089908599853516,5570714
2010-07-28,63.34908955257655,63.9193368868868,62.87215667306225,63.73270797729492,10538777
2010-07-29,63.660122279904705,64.6762008458509,63.46313278718301,64.30294799804688,12090285
2010-07-30,64.23039317328856,64.66585416773461,63.45278566290026,64.02303314208984,11517409
2010-08-02,64.09558934997733,64.99761756400495,64.07485335246677,64.86283111572266,17304669
2010-08-03,65.81670186779867,65.81670186779867,63.76381824231706,64.03338623046875,8794249
2010-08-04,63.86749819425718,65.11166799658074,62.85142438175276,64.4066390991211,8426914
2010-08-05,64.57254166436671,65.19463163484873,64.01266463407599,64.614013671875,6197970
2010-08-06,64.69695813477432,66.35585310699382,64.61400919657409,65.83744812011719,6210199
2010-08-09,65.94112326885515,66.43879221671308,65.48492632257471,65.9203872680664,4150951
2010-08-10,66.12774383559847,66.12774383559847,64.6347370696997,65.2153549194336,7385229
2010-08-11,64.69695847747013,65.11167852602536,64.0126605394969,64.2614974975586,5082620
2010-08-12,63.24541716511716,64.63473904601929,63.05878823309337,63.43204116821289,7567189
2010-08-13,63.4527813926344,65.11167631736951,63.43204539091002,64.8006362915039,7498317
2010-08-16,65.36049036063062,65.94110313435885,64.6969336090736,65.63005828857422,4531110
2010-08-17,65.94110115035319,66.48024191894561,65.00797157000149,66.16919708251953,8607424
2010-08-18,66.97792949696182,67.60001441547311,65.96185565611981,67.39265441894531,12790946
2010-08-19,67.39266047088333,68.9686113728005,67.39266047088333,68.55388641357422,12944720
2010-08-20,68.47094682040392,68.63683484321443,67.20603585968787,67.4756088256836,9250673
2010-08-23,67.18529317365464,67.47560211362352,65.9825952700582,66.14848327636719,5929288
2010-08-24,66.16923443334905,66.89500448504621,65.77525032812238,66.29365539550781,5394611
2010-08-25,66.31438512019469,66.87426214562882,66.29364911662041,66.56321716308594,6859060
2010-08-26,66.77057627128083,68.4916792037731,66.77057627128083,67.97327423095703,16908073
2010-08-27,68.05621350096307,68.57461843769585,66.50099869076473,66.853515625,5688905
2010-08-30,67.60000747313143,67.74516438472156,65.77522490430343,66.0655288696289,4753271
2010-08-31,66.48023946501186,68.01471773881488,65.7337387856414,67.66220092773438,13701046
2010-09-01,68.11839770415435,68.13913369722223,67.10232418597496,67.66220092773438,7518077
2010-09-02,67.93179594362576,68.78198179481454,67.66222301681178,68.6160888671875,7645933
2010-09-03,68.71977662260286,68.71977662260286,67.33045461883273,68.0147476196289,6326290
2010-09-06,68.36726438776671,69.3833383493964,67.93180341436421,68.7612533569336,11012640
2010-09-07,68.84418765605868,69.3625925648199,68.3465187464908,68.92713165283203,8874126
2010-09-08,68.49165409762062,68.8026989388657,67.70367646189393,68.1391372680664,6253234
2010-09-09,68.67830191162763,68.67830191162763,66.93646301055233,67.33045196533203,7688316
2010-09-13,67.74517344006689,68.34652237754945,67.22676357483624,67.6829605102539,6791247
2010-09-14,67.55853959347797,68.92713030016353,67.10234269124945,68.51240539550781,11711636
2010-09-15,68.15987483836734,69.67361723343458,67.80736292958814,69.5284652709961,10771458
2010-09-16,69.25890414400462,70.25424684182713,69.07228016068463,69.42479705810547,7148932
2010-09-17,69.61142170871179,70.19203459131161,68.98933682942109,69.81878662109375,11818681
2010-09-20,70.08836384786179,73.82088347397338,69.6736388973018,73.26100158691406,21583472
2010-09-21,73.75866793911207,74.36002180711488,71.08369924933652,71.60210418701172,25146889
2010-09-22,71.06295155559388,72.90847499876548,71.06295155559388,72.45227813720703,11370544
2010-09-23,72.55597055971297,73.80014537604276,71.70578468166735,73.19879150390625,9903323
2010-09-24,73.71719692749974,75.00284375322677,73.28173598538136,74.33928680419922,13830980
2010-09-27,74.81620787758914,74.89915680133413,73.53056610006536,73.98676300048828,12300652
2010-09-28,74.19412298753157,74.6503198879545,73.1158411970511,73.98676300048828,11320675
2010-09-29,74.02824151771026,74.7747424657396,71.74725681470481,71.99609375,10432234
2010-09-30,72.07903004782928,74.65031848342633,71.2910571829626,73.9452896118164,25405644
2010-10-01,74.19413411062773,74.65033107944316,73.1158521584925,74.0904541015625,15970985
2010-10-04,74.65032924380958,75.39683514857967,72.5352373951748,72.68038940429688,13464843
2010-10-05,72.9914267177061,73.36467963104806,71.9546169031445,72.07903289794922,12964792
2010-10-06,73.05364253344248,73.385423484024,70.83487067292342,71.7057876586914,11205629
2010-10-07,72.07903431285946,72.32787123628135,71.00075247886296,71.29106140136719,12242678
2010-10-08,71.33252580427643,71.89240266119478,70.33718807443773,71.51914978027344,11726122
2010-10-11,72.09976964082504,72.34860656192913,71.06295981556828,71.72651672363281,7760158
2010-10-12,71.2910684268095,71.66431645533261,70.15057355287054,70.89707946777344,7979219
2010-10-13,71.74724235784716,72.92920893671233,70.71043268237553,72.6181640625,16678852
2010-10-14,73.28173557275575,73.3439485032179,72.09977368575262,72.59744262695312,7337514
2010-10-15,72.99142105259389,72.99142105259389,71.06295356708445,71.3117904663086,6966419
2010-10-18,71.33253346598546,71.68504545850921,69.30038579337246,71.14590454101562,13264840
2010-10-19,71.20811817651854,71.85094407162708,70.12983625617477,70.71044921875,9207062
2010-10-20,70.19204233489062,71.04222821870113,69.46627738380641,69.67363739013672,9009852
2010-10-21,70.44086196274586,72.57668921884687,69.38331633246426,72.30712127685547,6912044
2010-10-22,72.20346094789095,72.36935389758929,70.58603795860017,71.00076293945312,5239099
2010-10-25,71.8509455804255,71.91315358533684,69.9224777124605,70.15057373046875,10673333
2010-10-26,70.64825351350083,71.89242858897066,70.12984846428735,71.22886657714844,9529788
2010-10-27,71.22884228827144,71.29105521042021,69.34185170710859,69.61141967773438,7747689
2010-10-28,70.15056471288253,71.20811051828858,68.42946201145818,69.27964782714844,35990175
2010-10-29,70.12984097255479,71.29107190472877,68.71977800922619,71.00076293945312,28656595
2010-11-01,71.53988998775753,71.95461488775162,70.85559710657027,71.27031707763672,13294570
2010-11-02,71.41547805019967,72.16197896942059,70.91780912774308,71.91314697265625,7211732
2010-11-03,72.16198100224044,73.44762780852354,72.16198100224044,72.80480194091797,14971915
2010-11-04,73.55130281020541,73.61351080692012,72.59743700272449,73.4061508178711,9156757
2010-11-08,74.40147447981306,74.40147447981306,72.41079924764905,72.84626007080078,7222216
2010-11-09,72.99144447725331,74.00751853990177,72.20346646057824,73.73794555664062,7098802
2010-11-10,73.61351080692012,73.98676371613607,73.15731390208457,73.4061508178711,5664375
2010-11-11,73.61352072385574,73.8208856697679,72.43155876919145,72.72186279296875,3898274
2010-11-12,72.94995542283736,73.40615233711455,71.49842068266953,72.09976959228516,6458143
2010-11-15,71.91314350176896,72.78406037733724,71.02148569854346,72.63890838623047,4130122
2010-11-16,72.97070589821203,73.17806593268907,69.90174781437928,70.48236083984375,8935926
2010-11-18,72.88774106497024,72.88774106497024,69.88099185032006,71.3117904663086,12819779
2010-11-19,71.43622043790182,71.74726046167108,70.33720249606044,70.89707946777344,9174143
2010-11-22,71.02149105817996,73.15731880421335,70.66897412424744,72.94995880126953,12720290
2010-11-23,72.68039169893557,72.99143665723135,70.31646776003002,71.53990173339844,13278210
2010-11-24,72.14123950294682,72.26565549535017,71.20810970206624,72.03755950927734,9553150
2010-11-25,71.58136760718271,71.93388453920507,69.71510787508886,70.37866973876953,13986371
2010-11-26,70.60674684982115,70.83484771972263,68.86490851377914,69.5284652709961,15326943
2010-11-29,69.67364837580308,70.39941837024989,68.01475327681297,69.9224853515625,19840663
2010-11-30,69.48700972557404,71.74725339127289,68.84418881086995,71.29106140136719,20598087
2010-12-01,71.5399067205999,71.5399067205999,70.4408886823635,71.08370971679688,7362621
2010-12-02,71.39474005171675,71.70578003896436,70.39940223466886,70.87633514404297,13215247
2010-12-03,69.4662629328883,71.33252231733962,68.42945325906581,71.0422134399414,14733863
2010-12-06,70.91778337791959,70.91778337791959,69.88097391000504,70.10906982421875,6227657
2010-12-07,69.92247981496,70.37867679362225,68.96861385311425,69.756591796875,10365083
2010-12-08,69.67364025660915,70.50309017391139,68.94787527566595,69.15523529052734,10133899
2010-12-09,69.44554693509505,69.88100791213037,68.76125393057015,69.38333892822266,11515310
2010-12-10,69.63214952119164,70.87632406243706,69.2588966659253,70.62748718261719,6514207
2010-12-13,70.81415133964903,70.91783137081963,68.63684604041897,69.3211441040039,9341526
2010-12-14,69.67364562062957,70.33720757712886,69.30039756514353,69.83953857421875,7451001
2010-12-15,69.13451036275622,70.00543242253187,69.05156634352599,69.25892639160156,8262111
2010-12-16,69.86025937256153,69.86025937256153,68.07694377987649,69.69436645507812,7415348
2010-12-20,69.77733567475111,69.77733567475111,68.67831264410815,69.23818969726562,6081586
2010-12-21,69.25893115637209,69.46629614764275,68.76126700675317,69.3211441040039,5341311
2010-12-22,69.96393793884629,69.96393793884629,68.92712817365798,69.42479705810547,5351664
2010-12-23,69.8395275966934,69.8395275966934,68.90639774679218,69.21743774414062,4546671
2010-12-24,68.71977271647232,70.66897652610471,68.71977271647232,70.46161651611328,7730476
2010-12-27,70.39939880371094,71.02148367681623,70.10908990083378,70.39939880371094,7191894
2010-12-28,70.39941393523422,71.24959497060775,70.39941393523422,71.00076293945312,4480908
2010-12-29,71.00075655095425,72.41081938740835,70.98002055022381,72.24492645263672,10604328
2010-12-30,71.87167079156856,73.13657655938187,71.6020978818302,72.39007568359375,30631781
2010-12-31,72.09975297168661,72.97067460080605,72.0168089934708,72.43153381347656,10811646
2011-01-03,72.97069207313939,72.97069207313939,72.12050623500272,72.49375915527344,3626643
2011-01-04,72.57669281630535,73.86233939015618,72.57669281630535,73.6135025024414,15515290
2011-01-05,73.57203739691992,74.73326317116052,72.9084805157721,74.56737518310547,13282927
2011-01-06,74.795471200351,75.06504410998943,72.92921654710872,74.19412231445312,9249773
2011-01-07,73.84162259535896,74.65033160064249,70.75192380114429,71.53990173339844,11220398
2011-01-10,71.41546911483665,71.49841310338032,69.90172653713304,70.75190734863281,12882258
2011-01-11,70.58603529708573,72.16198622176131,69.69437736121199,70.54456329345703,12352577
2011-01-12,71.39475442707226,72.32788443455664,69.92248340420805,72.05831146240234,7969911
2011-01-13,71.76799150352161,72.45228439045597,71.08369368765958,71.80946350097656,11749615
2011-01-14,71.5813718285427,73.46836767210016,70.12983694341607,70.73118591308594,9335385
2011-01-17,70.5445487000388,72.53522417812245,69.52847496347225,71.3117904663086,14720842
2011-01-18,71.49842739021042,73.30247921723013,71.3740113825341,73.05364227294922,9981557
2011-01-19,73.19878947947171,73.94529533440935,71.99609162631748,72.7633285522461,14638420
2011-01-20,72.30714446398316,72.94996546071879,70.772660586407,71.18738555908203,11439355
2011-01-21,71.00075614478875,71.56063309023585,69.83953025267093,70.04689025878906,14043935
2011-01-24,70.48233865392076,70.68969862312652,69.67362491616386,70.12982177734375,7981984
2011-01-25,70.17130633425758,70.64823927774542,69.46627738380641,69.67363739013672,8127103
2011-01-27,70.02613618338115,70.39938902697978,69.25889450092437,69.5906753540039,12167669
2011-01-28,70.02616408075426,70.60677710825581,68.67830906513821,69.73585510253906,16626927
2011-01-31,69.30039537107042,69.63217140988722,66.74984242802353,67.43413543701172,17666018
2011-02-01,67.8695796028273,67.931787594694,64.77988643321743,66.18994903564453,22064293
2011-02-02,66.66687349983856,67.06086235672751,65.52638385051581,65.94110870361328,10007510
2011-02-03,65.69228564110912,66.8535164598775,65.36050963197083,66.12774658203125,7359518
2011-02-04,66.18996746996424,66.66689554043636,62.91364448335052,63.45278549194336,15192150
2011-02-07,64.61398875897403,65.83742729553983,63.57717911316681,65.15312957763672,15231572
2011-02-08,65.31903916707171,65.63007918295422,64.69695420637842,64.7384262084961,9708907
2011-02-09,64.69697194581552,64.90433201326049,63.349116720634505,63.8260498046875,13163699
2011-02-10,63.95044146090488,65.92038106621405,63.95044146090488,64.7591552734375,11136363
2011-02-11,65.04946490240997,65.1531449055971,63.867503008220346,64.32369995117188,8987671
2011-02-14,64.15780006506824,66.2728965455367,64.15780006506824,65.31903076171875,10395846
2011-02-15,65.79595530402169,65.81669129978076,64.1163199318295,65.15312957763672,6781995
2011-02-16,64.77988646748933,65.87890418223705,64.77988646748933,65.0701904296875,5694368
2011-02-17,65.31904658967859,65.89965961423285,64.22002855081567,65.7130355834961,10746984
2011-02-18,65.67155901908406,66.41806500410986,64.28223692455232,64.59327697753906,7417039
2011-02-21,64.59326304130141,65.87890976971663,64.11633013402631,65.60933685302734,4054155
2011-02-22,65.48492787075652,65.48492787075652,64.48958995150909,64.98725891113281,7103640
2011-02-23,65.11166450764352,65.31902941620454,64.32369165610866,64.53105163574219,5445702
2011-02-24,64.01264322421851,64.77988496436559,61.79387184890658,62.47816467285156,27750070
2011-02-25,63.328351151608075,65.0701896918276,62.830682293127175,64.82135772705078,14203052
2011-02-28,64.71768304862805,70.50308092229614,64.0333852315243,70.0883560180664,47244453
2011-03-01,70.83486786243074,72.16198175424472,70.75191893138027,71.99609375,22800519
2011-03-03,71.33252099397322,72.99141545552784,71.00074013009149,71.975341796875,20746777
2011-03-04,72.39009399404132,72.4937740128858,71.33254794396993,71.4984359741211,12900736
2011-03-07,71.02149124828686,72.07903712398715,69.69437243911,71.60210418701172,10485888
2011-03-08,72.03755530860154,72.12049929870045,70.98000957698552,71.3117904663086,8899845
2011-03-09,71.49843956862543,71.80948456972517,70.7519335375577,71.22886657714844,6567682
2011-03-10,71.1044214288995,71.31178632102026,70.21276372931257,71.0422134399414,6895974
2011-03-11,70.8141409840398,71.74726605704781,70.31647197826878,71.06297302246094,6205367
2011-03-14,71.22885736611394,72.12051531555561,70.71045238393855,71.93389129638672,7009296
2011-03-15,70.93855225685803,71.66431724928857,69.54922534851156,70.54456329345703,10808353
2011-03-16,70.77266198196614,71.47769592809473,70.77266198196614,71.00076293945312,5133652
2011-03-17,70.29572027144806,70.87633316032088,69.38332647653606,69.69436645507812,12164681
2011-03-18,70.33718315903435,70.44086313845384,68.67828377261452,69.65288543701172,10091022
2011-03-21,69.94320893369093,70.46161386811572,69.46627599970587,69.63216400146484,6383842
2011-03-22,69.92246249480264,70.8763282203709,69.46626562914273,70.52381134033203,6384781
2011-03-23,70.50307670498934,71.5191504415559,70.15055981814155,71.3117904663086,8869319
2011-03-24,71.74725341796875,71.99609034148322,71.2910614278933,71.74725341796875,8446062
2011-03-25,72.57668460411124,73.82085904405001,71.95459984860514,73.59275817871094,18236737
2011-03-28,73.19877424333808,74.48442075749205,73.13656625652969,74.11116790771484,13644034
2011-03-29,74.44296680733976,74.65032681362082,73.88308986145273,74.33928680419922,13052943
2011-03-30,74.60884933725838,75.21019824027215,73.30247153569877,73.65498352050781,16576860
2011-03-31,73.92455357816317,76.30921309886499,73.92455357816317,75.521240234375,34287153
2011-04-01,75.50050979059424,76.70320763857899,75.2309368638788,75.6871337890625,17237453
2011-04-04,76.08113775451856,76.72395880524377,75.81156970344269,76.66175079345703,10046278
2011-04-05,76.62026978350896,77.01425874079759,75.99818480980122,76.39217376708984,8494992
2011-04-06,76.03965203961397,76.57879297350809,74.98210617201674,75.87376403808594,5652254
2011-04-07,75.89449176430479,76.10185174360856,75.21019397474736,75.7078628540039,5833985
2011-04-08,75.8530390928382,76.93132111777699,75.41757809643431,76.20555114746094,10750678
2011-04-11,76.35070027446083,77.9681281794591,76.16407625262036,76.72395324707031,12839034
2011-04-13,76.72394334394515,79.33670395711299,76.20553842126164,78.83903503417969,16323196
2011-04-15,78.83903698099179,79.89658778115162,78.23768804445797,79.4196548461914,17295850
2011-04-18,79.48187269266559,80.76751472603914,77.76076474198568,78.88052368164062,13636567
2011-04-19,78.38284240177946,79.21229229505211,77.51192543566418,77.76075744628906,12441323
2011-04-20,78.27916010934817,79.33670598144953,77.76075517343715,79.04640197753906,8847032
2011-04-21,80.02101025327924,80.02101025327924,78.5902113327032,78.85977935791016,14779121
2011-04-25,78.79756019324732,79.91731892616481,78.6938801982349,78.9012451171875,4450159
2011-04-26,79.02566798255008,79.79290494128169,76.76541925010986,79.48186492919922,12153818
2011-04-27,79.62700929520193,80.4564591056985,79.31596438403379,80.3113021850586,8601046
2011-04-28,80.58087791247048,80.78823790787176,79.23302315557852,79.56480407714844,12532263
2011-04-29,78.9427260377322,80.78824494432736,78.9427260377322,79.77217102050781,16105093
2011-05-02,80.04172444761323,80.45644930232858,79.00491477528843,79.27448272705078,8065669
2011-05-03,79.00492309524145,79.21228307997252,76.99351152763973,77.49118041992188,8023821
2011-05-04,77.88517629048769,78.09253629377727,76.10186054648506,77.47045135498047,8538615
2011-05-05,77.553393489457,77.71928148809546,75.33462179195577,75.6871337890625,9432060
2011-05-06,75.89450903267155,76.30922908564085,73.63426009934588,76.14334106445312,10931782
2011-05-09,76.28848467681115,77.47045148431927,75.52124773443073,76.495849609375,8725758
2011-05-10,76.72392619122384,78.17546063601219,76.45435825473666,76.97276306152344,6380810
2011-05-11,76.97278870501258,77.44972168046081,76.47511972754174,77.28382873535156,3290766
2011-05-12,76.86910611135465,77.86444403284334,76.06039220179699,76.22628021240234,4345064
2011-05-13,76.20554319179213,79.58554586516509,75.6664022356077,78.38284301757812,11010640
2011-05-16,78.79758371423708,79.08789271585653,76.95206446534716,77.18016052246094,11990485
2011-05-17,77.34602977977853,78.79755955607062,77.01424886949388,77.9059066772461,9070965
2011-05-18,77.88517072038997,79.04639651362059,77.88517072038997,78.36209869384766,7038158
2011-05-19,78.83904338217224,79.54407730618928,78.03033437735418,78.4035873413086,12285576
2011-05-20,78.98418283430549,79.41964370766823,76.20552961529648,77.36676025390625,40828503
2011-05-23,77.5326687108457,79.0878837099497,77.22162373945345,78.88052368164062,14242843
2011-05-24,79.06713250993062,79.17081250415723,77.22160889698624,77.53265380859375,9276000
2011-05-25,77.40824254292122,78.69388440770196,76.86910161108928,78.42431640625,10032708
2011-05-26,78.38282768211658,78.38282768211658,77.13865800478082,77.55338287353516,15404710
2011-05-27,77.76074979838636,78.71461560315711,77.69854180184839,78.36209869384766,9491569
2011-05-30,78.36210011347863,78.63167303228781,77.28381829609748,77.8022232055664,9268448
2011-05-31,77.96812538206554,80.39425729465941,77.96812538206554,80.18689727783203,14193909
2011-06-01,80.8711818806032,80.8711818806032,79.83437204606706,80.39424896240234,8695801
2011-06-02,79.93805959992274,82.07388733779239,79.79290266948885,80.99560546875,11005387
2011-06-03,80.99559719515767,81.67989006128512,80.04173142484214,80.22835540771484,5997657
2011-06-06,80.24908997893796,80.66381486243078,79.31596022331095,79.95878601074219,4561940
2011-06-07,79.6270079153019,80.62234569907795,79.41964793073507,80.26982879638672,3297481
2011-06-08,80.24909210006194,81.43105878859707,80.04173211729837,80.8504409790039,9425114
2011-06-09,80.66381768879151,81.18222257908995,80.14541279849307,80.87117767333984,6105928
2011-06-10,81.34754442985452,82.11216646666095,80.92275216559479,81.41126251220703,13786112
2011-06-13,81.26258915673807,81.70862082140319,80.68912131604772,81.0926742553711,6341070
2011-06-14,81.09264734013387,82.57941737935559,81.09264734013387,82.34577941894531,6412383
2011-06-15,82.38827864554978,82.89802832473346,82.00596512401799,82.47323608398438,8429484
2011-06-16,82.62190132112455,82.96173608115555,81.98471556356996,82.40950775146484,6944555
2011-06-17,82.4519876105845,83.17413080603292,81.26256845824373,81.45372772216797,7661272
2011-06-20,81.94224684669857,81.94224684669857,78.2890416628276,79.20233917236328,12697471
2011-06-21,79.64836297463856,80.2430700325987,78.2677946414161,78.52266693115234,7068838
2011-06-22,78.75631869452818,79.32978649536851,77.31202698754161,78.67135620117188,9254244
2011-06-23,78.8412786231208,81.45374537528605,78.3102895279421,81.32630920410156,12017439
2011-06-24,81.45373310211754,83.47149236948283,81.45373310211754,82.87678527832031,17325256
2011-06-27,82.0271923118947,83.17412765772417,81.77231498583518,82.23958587646484,9758285
2011-06-28,82.49445995687009,82.60065673497697,80.92273249516286,82.34577941894531,6935666
2011-06-29,82.51571284319547,84.93701997537225,82.51571284319547,84.76710510253906,11955119
2011-06-30,84.80957990104001,86.65741920342586,84.76710118479498,86.21138763427734,18125769
2011-07-01,87.71939551937008,87.71939551937008,85.0007375376804,85.61668395996094,11260319
2011-07-04,86.27512118564623,86.69990839944225,84.21488300443012,84.42727661132812,9233826
2011-07-05,84.89454154354567,84.89454154354567,82.9405053536444,83.11042022705078,12981545
2011-07-06,83.04670781595496,83.96001041998254,82.53695811237868,83.55645751953125,9384751
2011-07-07,83.72637268252969,86.63619538927394,83.72637268252969,86.40255737304688,12462347
2011-07-08,86.55123898806339,87.12470678231998,84.80959119576613,85.19190979003906,10108518
2011-07-11,85.31933863436666,86.57246587152628,85.17065807189093,86.0627212524414,7224177
2011-07-12,85.59544130568909,87.08221657040117,85.06445230339581,85.65916442871094,8504997
2011-07-13,85.7654020301258,87.0822528815917,85.7654020301258,86.65745544433594,10188672
2011-07-14,86.63619603222752,87.08222765871992,85.10694185649567,86.2326431274414,13221520
2011-07-15,86.0414899540833,86.48752161231627,85.40430908314586,85.70166015625,4386172
2011-07-18,86.02023856581461,86.19015343100422,85.23437726573691,85.65916442871094,3051929
2011-07-19,86.02024587698267,87.06097956330046,85.63792730065994,86.69990539550781,6368122
2011-07-20,86.65741757564798,88.08046968885287,86.44502399841247,87.40081024169922,13100660
2011-07-21,86.86983210366147,88.27163998571082,86.86983210366147,87.97428894042969,7684046
2011-07-22,88.56897329321534,88.86633437609629,87.76186766336794,88.1017074584961,14268626
2011-07-25,87.93180582572943,88.05924198162481,86.29636001267744,87.25213623046875,14506214
2011-07-26,87.08221609547849,87.78311995913884,84.80957954308305,85.34056854248047,9847975
2011-07-27,85.91403625794361,85.99899369007508,84.34230861778424,85.34056854248047,8028153
2011-07-28,84.25736572647958,87.93181568889452,84.25736572647958,87.61322021484375,25345835
2011-07-29,87.29462835771665,89.73718029710518,87.18842649624835,88.50528717041016,20700499
2011-08-01,89.20619056035517,89.73717966967689,88.39908469086932,88.7389144897461,11066540
2011-08-02,88.22916591643379,88.50528266447097,86.1689226083448,86.97602844238281,11909875
2011-08-03,86.38132993381639,88.44156323093227,86.08396876326702,87.86809539794922,10371529
2011-08-04,87.03974112680726,87.82560245643343,84.61842896393497,84.93701934814453,16359693
2011-08-05,82.83430395599908,84.10868065914886,80.92274647413844,83.42901611328125,20912644
2011-08-08,82.3670464867247,84.02373182676023,80.56168056785442,82.83431243896484,14023833
2011-08-09,80.8165668367998,85.8503465431566,80.75284369682288,84.85208129882812,29913291
2011-08-10,85.80786215243785,86.16892626463037,83.25910837319427,83.72637939453125,14448305
2011-08-11,83.25910167623637,84.95827072572585,83.06794743002816,84.42727661132812,9914506
2011-08-12,84.83083673358794,85.36182581300471,83.04671019565863,84.10868835449219,12794023
2011-08-16,85.48925737619152,85.78660841744758,84.10868382463119,85.17066192626953,10122778
2011-08-17,84.95826540728733,87.08222153761191,84.74587181368528,86.76362609863281,15102609
2011-08-18,86.86983622901455,87.5070170705903,86.12644343477997,86.59371948242188,11169168
2011-08-19,85.80785810462366,86.97602802999492,84.17240708280498,84.61843872070312,20216358
2011-08-22,84.23611335215507,86.14767580401218,83.49273075897497,85.80784606933594,9506504
2011-08-23,85.80785179949231,86.7423937294113,84.53347506362746,86.31759643554688,18510403
2011-08-24,86.16892196846199,86.78487859302975,84.6609172162222,85.78661346435547,7755679
2011-08-25,85.87156264338772,86.5724665486878,85.38305233103434,85.9565200805664,13408664
2011-08-26,86.19017404560115,86.31761022497301,82.72812249929393,83.62018585205078,9677334
2011-08-29,84.10868877282518,86.23264510105624,82.83431194674066,85.78661346435547,12326631
2011-08-30,86.65742609397489,86.65742609397489,84.53347496711078,84.95826721191406,10894354
2011-09-02,87.50700645298143,87.71940004106936,83.5352110157057,86.33883666992188,20054366
2011-09-05,86.2326438092482,86.5937179951829,85.0432294949152,86.1264419555664,12671767
2011-09-06,85.80785243007436,86.38132019842618,85.08570409320454,86.1476821899414,12626665
2011-09-07,86.23263716633197,86.46627516814195,84.74587191223662,84.97949981689453,11195457
2011-09-08,85.10693547921254,85.61669019864351,84.1511592638635,84.5971908569336,7317151
2011-09-09,84.83082284967959,85.27685441116178,83.47148880747555,83.95999908447266,12545711
2011-09-12,83.34407043457031,84.21489443823612,82.70688447878958,83.34407043457031,7922225
2011-09-13,83.53520903492584,84.7246231971668,83.13165617855188,83.70512390136719,8143358
2011-09-14,83.85378572940472,84.95824732681639,82.45197821280617,84.724609375,8209582
2011-09-15,85.74413339607038,85.74413339607038,83.28034227649978,84.70339965820312,8104431
2011-09-16,84.95826431039998,85.3193384634377,83.83256313311486,84.08744049072266,13984567
2011-09-19,84.10869808170611,84.19365553646594,82.77060302350776,82.98300170898438,7715626
2011-09-20,83.17413239885103,84.61842386598215,82.91926010683851,84.3210678100586,8514880
2011-09-21,84.51224191517231,84.80959297472516,83.49274247098093,83.93877410888672,4557837
2011-09-22,83.40778308058438,83.59893732869695,80.73159331555003,81.11390686035156,11789131
2011-09-23,80.75283223074507,82.57943745248902,80.30680565427754,81.41126251220703,13003107
2011-09-26,81.94225760365075,81.94225760365075,78.58640301304149,80.07317352294922,10086856
2011-09-27,80.71034946571302,82.38827907790612,80.60415266711247,82.1758804321289,9814309
2011-09-28,82.36705010389343,83.89629429371678,81.87853972015826,83.72637939453125,20330991
2011-09-29,83.15288294848119,86.21137532428422,83.15288294848119,85.91402435302734,18887480
2011-09-30,85.80785744748704,85.80785744748704,83.74761416494431,84.10868835449219,10704639
2011-10-03,82.96174225304081,83.72636420927478,82.13339717259284,82.55818939208984,7986512
2011-10-04,82.30332071371846,82.91927227361208,80.11564635864366,81.41126251220703,19083044
2011-10-05,81.60241892790613,83.85381142516579,81.60241892790613,82.4520034790039,19750146
2011-10-07,84.00248374903214,85.0644567606893,82.40951665868239,84.5971908569336,35547374
2011-10-10,84.10869200240391,85.55297872608321,83.91753269443407,85.0007553100586,10839659
2011-10-11,85.59544515617682,85.97776371720343,84.59719022970589,84.76710510253906,7848904
2011-10-12,84.95829598677999,86.86985921154167,84.78838105073996,86.65745544433594,10057651
2011-10-13,86.02024554845399,87.25213851822829,85.40429906356682,85.76537322998047,6342480
2011-10-14,85.5317295455888,87.46452631145102,85.5317295455888,87.16717529296875,8920612
2011-10-17,86.93353427462979,87.59195941263555,86.44502399841247,87.40081024169922,7122238
2011-10-18,86.80610481735322,87.42205128737518,86.27511578477207,86.76362609863281,4420881
2011-10-19,87.16718314894261,88.25039557675733,86.57247096122778,87.97428894042969,7160187
2011-10-20,87.40081571374212,87.71940105096594,86.72114612688402,87.10345458984375,8068646
2011-10-21,87.4008484352446,87.78315704133466,86.38134872184875,86.65745544433594,8940536
2011-10-24,86.65743079472945,88.35659986611442,86.65743079472945,87.91056823730469,14417592
2011-10-25,88.31413422446647,90.48056955792077,87.50702829115986,89.65222930908203,17898061
2011-10-28,91.20268889853871,91.83986961825862,90.43806193772373,91.54251861572266,18961818
2011-10-31,91.47881529499365,91.5425283251478,89.97080561931674,90.54427337646484,10325355
2011-11-01,89.84336080916441,90.2681581046811,88.22915935822748,88.4840316772461,16563467
2011-11-02,88.35658600630225,89.5884788461001,88.14419242998386,88.9300537109375,7889149
2011-11-03,88.50529145210933,89.54602531737136,88.35661085829157,89.29115295410156,6675310
2011-11-04,89.73716934594938,89.94956294581274,89.12122285776945,89.35485076904297,7408060
2011-11-08,89.24866182924197,90.0982463526118,88.56899219111557,89.54601287841797,7435437
2011-11-09,89.48228790547878,91.11773360345963,89.2061712052239,90.05575561523438,11523598
2011-11-11,89.88583942636538,91.33013609345974,89.35485038044007,90.33187103271484,11080244
2011-11-14,90.62922466825388,91.45756468414449,89.48228923174338,89.84335327148438,7759145
2011-11-15,89.54600520322192,90.75666380254202,89.09997361911198,89.48229217529297,8066116
2011-11-16,89.2061815952281,90.86286179541128,88.46279893631758,90.31063842773438,8850271
2011-11-17,90.16195938171877,90.16195938171877,87.54949277834343,88.25039672851562,8558100
2011-11-18,87.61320562160995,88.10171590787857,85.00073932498238,85.7228775024414,12520334
2011-11-21,85.23436398831305,85.89278903693207,84.15114174574151,84.724609375,15016284
2011-11-22,85.95653739699068,86.08397357843143,82.91928316310118,83.34407043457031,14341939
2011-11-23,83.34404490670126,83.34404490670126,80.41298838844716,82.11215209960938,13943844
2011-11-24,82.17588829858981,83.21662712165433,80.56168165960982,81.6873779296875,17014215
2011-11-25,81.47496821850227,82.1546327089309,81.30505335803902,81.66612243652344,8272329
2011-11-28,82.81308817853068,84.42729508998717,82.0484659777681,83.45027923583984,7141351
2011-11-29,83.8962879508265,84.27860149366632,83.04670847055363,84.06620788574219,9906681
2011-11-30,83.70511938660381,85.59543731953391,83.40776838636954,85.25560760498047,15932969
2011-12-01,86.65741373503302,87.46451938990874,86.31758402651728,86.50874328613281,10232151
2011-12-02,86.4662713022765,87.9318021800398,86.02023972655934,87.71939849853516,7626789
2011-12-05,87.50702235599097,88.18669205854333,86.08396991145695,86.72116088867188,6049127
2011-12-07,87.08222615955208,88.35659788595444,86.4662796568384,87.06098175048828,11763758
2011-12-08,87.06098973676794,87.59197884624034,83.89629444236937,84.53348541259766,10542268
2011-12-09,83.72635738390802,84.3635431369223,82.70685815965501,83.74759674072266,8697629
2011-12-12,84.46976057550718,84.68215418289356,82.74935216137213,83.25910186767578,10548486
2011-12-13,83.04669639460036,84.10867437694982,82.85554217526469,83.83255767822266,7672013
2011-12-14,83.83256839073513,85.59545045116025,83.68389286780894,84.89454650878906,16802615
2011-12-15,84.53346799163344,85.59544094314624,83.87503779466103,84.78834533691406,15116838
2011-12-16,84.55470670988002,86.38131168341305,82.40951136787662,83.17413330078125,10439599
2011-12-19,82.70687173671928,84.10868466233102,81.68737234510644,83.89628601074219,11336698
2011-12-20,84.53347972157923,85.2768674539398,84.1724055359019,84.70339965820312,13478726
2011-12-21,85.51047155774656,86.21137532428422,84.76708908102933,85.91402435302734,10863748
2011-12-22,85.34057277069442,86.65742313112725,85.17065789801302,86.55123138427734,9805398
2011-12-23,86.82738047753166,87.0822528815917,85.91407255058299,86.65745544433594,8595373
2011-12-26,86.4025565267996,87.4433003364158,86.14768420094966,87.06098175048828,5993539
2011-12-27,87.03974156125976,87.50700746043276,85.93528479333528,87.10345458984375,7257962
2011-12-28,87.33709600115775,87.37957472092445,85.59544829641786,85.82908630371094,4880588
2011-12-29,85.48924558231147,86.40254298874937,84.9582566047462,85.25560760498047,10069671
2011-12-30,85.23438378899179,86.2326387469561,85.0644588136458,85.51049041748047,3600950
2012-01-02,85.74413809660108,85.74413809660108,84.06621333941837,84.38480377197266,2971018
2012-01-03,84.89455522654823,85.61670365207063,84.66092223795835,85.10694885253906,6299194
2012-01-04,85.59544515617682,85.68040259259342,84.32107351277598,84.76710510253906,12332428
2012-01-05,84.55471084179923,84.95826371015777,83.93876438408144,84.87330627441406,11802169
2012-01-06,84.5547255309762,86.27512904938924,84.25736940563942,85.850341796875,9126672
2012-01-09,85.65916551183926,85.93528221983952,84.83082548499011,85.80784606933594,7693555
2012-01-10,85.89280028101182,87.40080981779693,85.89280028101182,87.14592742919922,5620843
2012-01-11,87.14593828270678,87.337097573675,86.02024714004448,86.36007690429688,8426514
2012-01-12,86.23264164289964,87.25214104345204,86.12643979188586,87.06098175048828,7677382
2012-01-13,87.03975866808076,88.22917310598639,86.78488630934825,87.95305633544922,11932025
2012-01-16,87.86808904329484,89.07874775743866,87.7194084687728,88.8238754272461,9761270
2012-01-17,88.78136916733004,89.29112382472684,87.84683747354569,88.52649688720703,10623854
2012-01-18,88.08047965773547,89.50353193200036,87.93180918541984,89.12122344970703,10380605
2012-01-19,89.35484081389208,89.63095751152807,88.46278779385086,88.86634063720703,9678245
2012-01-20,89.18493499845282,89.7584027609328,84.87330962425398,85.51049041748047,26816137
2012-01-23,85.65917037575583,87.08222261624408,84.27859685451416,86.91230773925781,13773620
2012-01-24,87.12471982856935,88.03801753480303,86.7424112742015,87.48579406738281,9699269
2012-01-25,87.71940083037242,87.93180451752337,86.97601821679976,87.52825164794922,10815356
2012-01-27,88.14419462419968,88.14419462419968,84.8308244596979,85.7228775024414,15923846
2012-01-30,85.80784623059095,86.5087501082537,84.80958123737607,85.3193359375,12890528
2012-01-31,86.19014553415577,86.99725116700989,85.51047603851801,86.63617706298828,12057997
2012-02-01,86.38131691148641,86.40255122209392,85.08570085556492,85.63792419433594,9047265
2012-02-02,85.82908975903577,85.91404720198943,84.27860127940237,84.55471801757812,11426032
2012-02-03,84.53348880254013,85.48927024763434,83.68390417388375,85.2343978881836,13425304
2012-02-06,85.80786067746564,86.19016919406151,85.06446786057701,85.97777557373047,11001466
2012-02-07,86.82735422102043,87.46453503848764,85.85033353708474,87.31586456298828,12497285
2012-02-08,87.48575488366058,88.12293552222214,85.8078307230571,86.84856414794922,11790665
2012-02-09,86.46628922550829,87.039757070709,85.80786392895591,86.61495971679688,7897821
2012-02-10,86.59370076523369,86.99725359291375,85.80783951524396,86.57245635986328,10659550
2012-02-13,86.57246938977521,86.97602227819351,85.87156546147325,86.1476821899414,7361450
2012-02-14,86.06273305807966,86.52999902300456,85.80786071357515,86.04148864746094,6626743
2012-02-15,86.27511942173462,86.65742790633466,85.85033221662344,86.2963638305664,16140308
2012-02-16,86.44501780858847,86.912293742199,85.85031583491217,86.63617706298828,14315043
2012-02-17,86.72115063300545,87.4645332870745,86.27511902113355,87.27338409423828,17137807
2012-02-21,87.27336752110034,88.65393071770974,87.27336752110034,88.1017074584961,16004145
2012-02-22,87.93180764810653,88.95130701355055,87.54948907534487,88.5902328491211,13414034
2012-02-23,88.71766729941318,89.24865633166716,87.35833820404557,88.61146545410156,16977796
2012-02-24,88.6114541419904,89.60971904959483,88.48401800217614,88.9512939453125,9437266
2012-02-27,89.20617640756696,90.4380693302058,88.56898553861146,90.18319702148438,18082222
2012-02-28,90.11947890522619,90.69294668030291,89.22741567796187,89.50353240966797,13655111
2012-02-29,89.63096854114941,90.48055304764821,87.78312905509246,88.20791625976562,13799550
2012-03-01,88.18669088230725,89.16371164919002,86.99727649157029,87.86809539794922,7899192
2012-03-02,87.97427929144123,88.16542846529481,86.40254660160863,87.18840789794922,8889483
2012-03-05,87.12469513687098,88.33535369499224,86.52998301257857,87.93180084228516,12521849
2012-03-06,87.78313891994031,89.92833978749323,87.16719235536948,89.37610626220703,15653513
2012-03-07,89.20616566972731,89.63095279979763,88.399060025443,89.18492126464844,8176378
2012-03-09,89.69469980407467,90.37435939318426,88.16544553427131,88.46280670166016,15399405
2012-03-12,89.37609148720472,89.37609148720472,87.54948640949688,87.84684753417969,5960965
2012-03-13,87.93181630852862,88.99379449807924,87.93181630852862,88.8026351928711,9071489
2012-03-14,89.20618740727218,90.6292397854997,89.20618740727218,90.2681655883789,10193957
2012-03-15,90.05577515470063,90.52304112815618,88.27164851629054,88.7389144897461,16182908
2012-03-16,88.46278533120565,95.57803556732256,88.46278533120565,91.81863403320312,68393522
2012-03-19,92.17970829715449,95.02580233781501,91.5212831796453,93.66647338867188,36871352
2012-03-20,93.64525266473069,95.36565598207814,93.07178489228154,94.98333740234375,16706208
2012-03-21,94.98332148393479,95.53555485226703,93.81515182324472,95.08952331542969,16729914
2012-03-22,95.02578804524728,96.30016947161566,92.66820462019459,93.32662963867188,17163776
2012-03-23,94.04879816174424,95.4718402280489,93.34788418638914,94.49481964111328,12234883
2012-03-26,94.72845696292838,95.28069037648702,93.87887253284286,94.60102081298828,10731514
2012-03-27,95.08953645318005,96.5338229975816,94.30367510242414,96.02407836914062,11798599
2012-03-28,96.00284200683826,96.80994783333041,95.40813989048308,96.34268188476562,9180072
2012-03-29,95.15327391414912,96.57631626482257,94.19748744611493,95.38690185546875,17370530
2012-03-30,95.40812651481981,96.78869995139688,95.34440339128174,96.38514709472656,14241499
2012-04-02,96.59753896978941,97.00109181932366,95.85415639313217,96.40637969970703,15158558
2012-04-03,96.91614728640944,97.00110472949743,96.23647764455275,96.4701156616211,9157908
2012-04-04,96.21523335483147,97.23473266331798,95.83291480342922,96.59754180908203,7427949
2012-04-09,95.83291706207194,96.44886352367953,94.83466213720332,95.17449188232422,5389468
2012-04-10,95.23822630155816,97.70201244014687,94.83467338279739,97.42589569091797,8546331
2012-04-11,97.2347458404871,97.74449051523467,96.17276767094326,97.59580993652344,9836719
2012-04-12,97.12853502808483,99.82595892610047,97.12853502808483,99.71975708007812,20305963
2012-04-13,99.71976554600809,102.31099791514193,98.89142540702734,100.3569564819336,15111471
2012-04-16,100.14455047531403,102.79949555117778,99.67727448755706,102.39594268798828,6179322
2012-04-17,104.32874338278478,105.1358491394173,101.75875564524318,104.58362579345703,8472158
2012-04-18,104.62612085426544,105.3695036000532,102.24728193172942,102.69331359863281,13522592
2012-04-19,103.09685084723709,103.98891404525972,101.41892629749059,103.67031860351562,9917961
2012-04-20,103.47916923114184,105.09337065079204,103.07561635194126,104.15882873535156,6577127
2012-04-23,104.28626723594722,105.22080917238905,103.67032074783934,103.96768188476562,10268157
2012-04-24,104.13760201312424,104.39247434577591,101.036625007737,104.09512329101562,9751004
2012-04-25,104.24378661743862,104.83849878330761,103.03313807183184,104.47742462158203,6534970
2012-04-26,104.66857473845263,106.15533987716887,103.86146904730894,105.79426574707031,10960980
2012-04-27,105.64561222052563,107.40849434088449,104.05264498928769,104.4137191772461,9639782
2012-04-30,105.34824826753565,105.90048173965464,104.11635525699654,104.28627014160156,4963863
2012-05-02,104.30752173835637,105.2845424893123,103.43670284617305,103.90396881103516,7452130
2012-05-03,104.24379621631606,104.4774342419731,102.374722302519,102.67207336425781,5869811
2012-05-04,102.54461293181824,104.05262239098397,100.8242099073793,101.1640396118164,9959642
2012-05-07,99.82596155142151,101.52513054955254,99.12505762126699,100.39942932128906,7872153
2012-05-08,100.67553786412734,102.75701517386543,95.08953109143256,96.38514709472656,17683414
2012-05-09,97.70199914524738,102.37470854467053,96.4701062435841,101.90743255615234,20744163
2012-05-10,102.54461702210806,103.39420141423969,100.39941668440449,101.63130950927734,10151209
2012-05-11,100.97290878324054,101.18530240831278,98.27548450193913,99.50737762451172,8122806
2012-05-14,99.40117755965672,100.25076208615128,98.55159303316216,99.61357116699219,5167041
2012-05-15,98.76398376637079,100.08083419068174,97.74448438367627,98.06307983398438,7908658
2012-05-16,97.27722498865695,98.12679945028373,96.17276809138905,96.5550765991211,7945009
2012-05-17,97.27721559308566,100.52686283782192,97.27721559308566,99.71975708007812,15783926
2012-05-18,98.65778908083753,102.37472280811849,97.70201275766593,101.7587661743164,13048512
2012-05-21,101.80125165414925,102.35347503912723,99.40117862270901,99.76225280761719,6460492
2012-05-22,100.80299055145043,101.61009639720213,97.74449216003867,98.87019348144531,10645458
2012-05-23,98.14803184476827,98.97637189202257,97.70200025844244,98.42414855957031,6794965
2012-05-24,98.42415708086244,99.69852882477416,98.12679593279927,99.12506103515625,9014464
2012-05-25,98.97637960497029,100.25076143501124,98.04183764161151,98.48786926269531,14231517
2012-05-28,98.97637720667537,100.25075900583678,98.59406872521838,99.84720611572266,5509054
2012-05-29,100.14454778755102,100.22950521992637,97.70199636388128,98.08430480957031,8218101
2012-05-30,98.08431220600862,99.54984317072466,97.91439732844482,98.50910949707031,8467690
2012-05-31,97.3621826547286,98.7639906167321,96.64003426356166,97.42589569091797,32058738
2012-06-01,97.23473639530691,99.69852227823259,97.23473639530691,99.33744812011719,10521812
2012-06-04,98.72150460586016,99.50736597520361,97.42588849886667,97.7444839477539,6266881
2012-06-05,98.02059304102539,98.84893306588458,95.57804158602876,95.9603500366211,7901016
2012-06-06,95.96036643602297,100.67555528490105,95.96036643602297,99.63481140136719,15992276
2012-06-07,100.08083387199545,101.6525667098395,98.80646217197338,100.39942932128906,10277635
2012-06-08,100.56933322976766,102.50214002613582,99.71974882339003,101.61007690429688,7353581
2012-06-11,103.02828192961731,104.41470835292733,102.46505456256156,103.87313842773438,5156519
2012-06-12,102.7466478169951,105.82276618236459,102.053445006785,105.30286407470703,6763601
2012-06-13,104.99957894911297,106.10437598345801,104.91291830682498,105.7361068725586,5809235
2012-06-14,105.30286776999273,107.72909828757743,105.30286776999273,106.01773834228516,9141667
2012-06-15,106.12604866290681,107.79408330889291,105.71445436086431,107.44747161865234,10846275
2012-06-18,107.23083895866563,108.31397853807937,105.06455979983816,105.36783599853516,5311000
2012-06-19,105.15123617333674,108.31400535206141,105.15123617333674,108.0540542602539,9692655
2012-06-20,108.05405492643027,108.16237303119566,106.08274368720313,106.60264587402344,6517723
2012-06-21,106.40767887413702,109.1805214705349,106.36435369130373,108.92057037353516,7232955
2012-06-22,108.31399087935945,109.61375646308042,106.90590720601415,108.5306167602539,4101593
2012-06-25,108.31398747581666,110.00368989040646,107.92406090245927,108.33565521240234,5439315
2012-06-26,108.03236267677312,108.24899883715553,106.71093976921895,107.03587341308594,6366119
2012-06-27,107.57747604951032,108.14070340876296,107.12255649478239,107.36083984375,5245829
2012-06-28,107.44747638158438,109.4837802458924,107.07921753555725,108.87722778320312,13150548
2012-06-29,109.02886389275858,112.64655222947052,109.02886389275858,112.16997528076172,14201966
2012-07-02,112.27827701585542,112.81984685025097,107.20919036879377,108.33565521240234,15310783
2012-07-03,108.31399126245927,108.42230935246673,106.34268029181597,106.79759979248047,15656893
2012-07-04,107.79407515934187,107.83740033005222,105.93107222209109,106.64594268798828,8883562
2012-07-05,107.01422742003972,108.74725509830715,106.71095118076695,108.57394409179688,5835480
2012-07-06,108.74724408770857,109.83038370236983,107.75075481835195,109.50543975830078,7176659
2012-07-09,108.59560263640417,110.43693795221478,108.53060972717044,109.02885437011719,6940342
2012-07-10,109.0721711421463,112.2999323539256,107.92404898706478,111.95333099365234,9404573
2012-07-11,111.28178764824057,111.6933716215613,109.4837673146073,109.74372863769531,7642281
2012-07-12,109.83039295175182,111.26013406803744,108.81223586114811,109.05052947998047,4942903
2012-07-13,108.89887903769052,110.24198001122278,108.4656273032308,109.85204315185547,3633928
2012-07-16,109.48377981879943,110.3069684561635,108.72558409421845,109.2021713256836,2648877
2012-07-17,109.80870542261535,110.91351266669163,109.48376150974866,110.6968765258789,4883020
2012-07-18,111.08683839807881,111.21681393287308,109.93870572653071,110.4586181640625,5139344
2012-07-19,110.30696553359188,110.93518571431612,109.48377691803809,110.09033966064453,4599239
2012-07-20,109.57042452742003,110.45860603182605,109.31047348638324,109.54876708984375,2956292
2012-07-23,108.92053167209183,109.00718200696997,107.68574895255013,108.11901092529297,3995026
2012-07-24,108.63893817451117,109.35380875251688,107.70744170898168,108.4439697265625,5488947
2012-07-25,108.5306102485717,110.61023917709217,107.66410677698285,110.37195587158203,8248065
2012-07-26,110.82688088774691,111.34678299670968,107.4908011618193,108.0757064819336,21892124
2012-07-27,110.32864262926823,110.74022667360606,109.09385960119062,110.4586181640625,10008857
2012-07-30,110.84852698653607,112.1266349878491,110.2636320246112,111.86668395996094,8450229
2012-07-31,111.99667500809247,112.99316438489875,110.761892006827,111.84503173828125,9117691
2012-08-01,111.75837789828323,112.42992327503919,111.04350734555442,112.23495483398438,2982052
2012-08-02,112.64655242502266,113.51306626798826,112.21330065271708,113.27477264404297,5457011
2012-08-03,112.58157034519357,113.03648985746092,111.62840614322172,112.36494445800781,3869795
2012-08-06,112.90649503275654,113.49138997739404,111.56339416499218,111.95333099365234,2990101
2012-08-07,112.01834278630778,113.44809436666735,111.39012250795109,113.20980072021484,5288244
2012-08-08,113.0798014187619,114.18459845955599,112.38658836488396,113.31808471679688,7198237
2012-08-09,113.25309901417859,115.61434658157111,113.25309901417859,115.0727767944336,7853814
2012-08-10,114.59623418344447,116.54588823506961,114.50958380767064,116.00431823730469,8598375
2012-08-13,115.83097764391582,116.52418041166872,114.4662192473721,115.6360092163086,7488550
2012-08-14,115.63601831430144,116.71915802248792,114.68285413529483,116.02595520019531,5524933
2012-08-16,115.83098580885932,116.32923048247979,111.56340962646784,111.93167877197266,15209637
2012-08-17,111.823363993974,114.11961877724846,111.823363993974,113.55638122558594,8106841
2012-08-21,113.5563916247457,113.59971680204475,112.36494409984452,112.97149658203125,9939659
2012-08-22,112.7115420383133,113.98965017670598,112.36494063062206,113.36141967773438,4614480
2012-08-23,113.59971061707392,114.7911683754603,113.29643439249251,114.4878921508789,7858110
2012-08-24,114.24959507979608,115.37605989248331,113.55638200339102,114.87781524658203,11153512
2012-08-27,114.83450200467293,115.35440414223123,114.37958248513208,114.9644775390625,2666951
2012-08-28,114.96447416610494,116.32923268468667,114.96447416610494,116.1775894165039,6036077
2012-08-29,116.50251084074537,116.89243735699597,115.57101456941498,116.69747924804688,6062102
2012-08-30,116.50249847584917,118.38715855189545,115.28938358902566,117.2390365600586,24881699
2012-08-31,116.97909946955501,117.19573563207636,115.37605777635896,115.96095275878906,8145858
2012-09-03,116.5458556669881,116.91412481029464,115.39772306128854,115.93929290771484,6207435
2012-09-04,115.72268914146126,116.48088501166563,115.09446882343283,115.46273803710938,4050429
2012-09-05,115.24612230010518,116.67586379873036,115.24612230010518,116.00431823730469,6639310
2012-09-06,115.70101484316193,115.87431555414987,112.68987894550511,112.84152221679688,7167836
2012-09-07,113.94630024328038,114.24957640911646,112.8198253163282,113.83798217773438,10688325
2012-09-10,114.33626509914872,115.0294782948244,113.62139446210946,114.66120910644531,6622112
2012-09-11,114.63952848632957,116.04761216083837,113.9896508431092,115.80931854248047,3886091
2012-09-12,116.00431960400239,116.97914149212127,115.59272516504903,116.67586517333984,5756128
2012-09-13,116.6108353882818,117.10908000256444,116.09092303938328,116.82746124267578,5623795
2012-09-14,117.67231792258139,118.19223031874957,115.61435667120234,116.22090911865234,17152709
2012-09-17,116.35089456674106,116.48087010228032,108.79058397690146,109.83039855957031,29568650
2012-09-18,110.02535652630642,111.88835979590561,109.0938600406842,110.13367462158203,13665518
2012-09-20,110.35028668399659,111.47675148059746,109.87370978089191,111.10848236083984,11276169
2012-09-21,111.78004322689169,114.61786793785019,111.28179856476287,113.33975982666016,18714031
2012-09-24,113.29641610649847,113.33974127444601,110.06865505017413,110.84851837158203,11751520
2012-09-25,110.87020229692195,113.42640817585567,110.48026543009301,112.99315643310547,11113459
2012-09-26,113.81635094918771,114.63953967597018,112.84152924003045,114.29293823242188,15978962
2012-09-27,114.42289382191186,116.11259616128814,113.55638006577925,115.65767669677734,19205494
2012-09-28,115.46272241745994,118.21389697889892,115.28942170466925,118.01892852783203,14714650
2012-10-01,117.62901120379934,119.14540285870065,117.23908456925899,118.38720703125,7859325
2012-10-03,118.49550116778272,118.60380895073781,115.93928507441176,117.08741760253906,13329816
2012-10-04,117.10909593092306,119.77362004826132,117.10909593092306,119.27537536621094,10281333
2012-10-05,119.795271085179,121.31167278785115,95.42462874064535,119.427001953125,12710975
2012-10-08,119.44867413933473,121.05171595228323,118.73380358500071,120.33684539794922,8934222
2012-10-09,120.66178290477566,121.85324063041838,120.3585066885289,121.33332824707031,6003945
2012-10-10,121.0950385271906,122.09152785375254,120.44516090009844,121.74492645263672,6227474
2012-10-11,120.90004821902828,123.32627797797316,119.7302585031673,122.82803344726562,9131999
2012-10-12,123.36960314158463,123.56457152701188,122.00484504029643,122.82803344726562,5071211
2012-10-15,122.65476073986522,124.5827464073966,121.35499523701658,124.23614501953125,5350707
2012-10-16,123.47794289299162,124.95100901292828,123.08800605363116,124.10616302490234,7096362
2012-10-17,124.01954372195257,125.36263466436765,123.52129897901077,124.88604736328125,4546689
2012-10-18,124.99434216925893,126.51073355729142,123.97618513294405,126.33743286132812,13199646
2012-10-19,126.25077978876799,129.5435238360719,125.73087771209796,128.89364624023438,21003616
2012-10-22,129.11028600630988,129.24026153947133,126.14248558657007,127.37725830078125,11413513
2012-10-23,127.74551239335334,127.74551239335334,124.99433818670934,125.64422607421875,5504503
2012-10-25,126.20743525314755,127.3772250445411,125.05931319413442,126.53237915039062,12373775
2012-10-29,123.91122561760868,125.64425349697727,123.80290751326478,124.88604736328125,4612491
2012-10-30,124.40945364774922,124.95102350000454,122.87139444347574,123.08802032470703,5376753
2012-10-31,123.45630329212598,123.7162543787034,121.8965864743061,122.41648864746094,5920711
2012-11-01,122.19983472975355,122.52477866266516,120.09853818238402,121.00837707519531,6825659
2012-11-02,121.96156649710669,124.25782164297223,121.91824131693394,122.69810485839844,11088683
2012-11-05,123.06638525259521,125.21099731409113,122.54647274479383,125.05936431884766,6061704
2012-11-06,125.16763712101236,126.16412637542395,123.88952909940765,125.27595520019531,6039762
2012-11-07,125.5792486745782,125.96917527622594,124.36613339331947,125.62257385253906,6562533
2012-11-08,124.77771627774477,126.27245022770042,124.53942267165957,125.21096801757812,3890518
2012-11-09,124.79937197017728,125.81752899207677,124.17115180702802,124.84269714355469,3955519
2012-11-12,124.73439105947156,125.64423001115226,122.69808728627041,122.95803833007812,5537113
2012-11-15,122.54646033447813,122.54646033447813,119.38369131891226,119.77362823486328,12677572
2012-11-16,120.22850874359875,121.76656770412092,118.34384842803586,118.99373626708984,8524566
2012-11-19,118.73379345283932,122.48145690733679,118.27887399374661,122.0481948852539,8544540
2012-11-20,122.8280653817556,123.36963521687922,120.96506226539128,121.54995727539062,6977187
2012-11-21,121.54995588461887,124.45277346314072,120.70510983503183,123.95452880859375,8596423
2012-11-22,124.53942267165957,125.31928610171332,123.30463976560394,125.21096801757812,6368703
2012-11-23,125.18929183239823,125.18929183239823,122.56809345305223,124.17113494873047,3948098
2012-11-26,124.66941330884161,124.77773140610955,123.47796573066891,124.3877944946289,2225560
2012-11-27,124.3877792066528,127.81050913905828,124.34445403274152,127.48556518554688,9705650
2012-11-29,127.39893049992622,129.95513667165437,127.22562978297583,129.11029052734375,16121088
2012-11-30,128.30875753108305,129.54353017275054,127.2906004669371,129.326904296875,8896588
2012-12-03,128.8936566292536,129.24025804163688,127.4422477673672,128.3087615966797,5699933
2012-12-04,127.70217997125192,128.33040008761617,126.943984344435,127.87548065185547,4804648
2012-12-05,127.63720416321335,129.52187506310116,127.63720416321335,129.06695556640625,9258232
2012-12-06,129.3052357548508,130.92994513193224,127.81050189213347,130.56167602539062,9199364
2012-12-07,130.30173448237284,131.27656643564492,129.47855609974786,130.62667846679688,5323399
2012-12-10,130.23672980231953,131.12490095071445,129.11026506593345,130.82162475585938,4218488
2012-12-11,130.821629682636,132.4463390923617,130.431703131709,131.40652465820312,8880373
2012-12-12,131.44983451057064,132.7929249944739,131.42817707610877,132.5546417236328,7246709
2012-12-13,132.18642307757247,132.31639862898157,126.64074805900346,127.9188461303711,19125952
2012-12-14,126.7923506537393,128.6336859714288,125.75253619341352,128.2220916748047,6971314
2012-12-17,127.182265705923,127.81048576190888,126.40240241980709,126.96562957763672,5896804
2012-12-18,127.20395345724819,128.24376798711256,125.68756198794168,126.9873275756836,6602118
2012-12-19,126.66235957828206,127.98379265270228,125.10264322851654,125.68753814697266,15781261
2012-12-20,125.62257755039272,125.68757046842448,123.93287496347143,124.3877944946289,11909531
2012-12-21,123.75954907109777,125.40592614387334,121.96153905101848,124.3661117553711,36910642
2012-12-24,125.38425840948548,125.96915335937095,124.08449299844587,124.3661117553711,7609381
2012-12-26,124.56108204258013,126.0774733285131,123.75955093018692,125.86084747314453,6727355
2012-12-27,126.7273797878792,126.83568758227916,124.56110031962594,124.9510269165039,11063458
2012-12-28,124.43111315215633,125.64423870389695,124.43111315215633,125.38427734375,5271735
2012-12-31,124.82103477120306,125.40592973785088,123.91119586789463,124.25779724121094,3555805
2013-01-01,124.49610685448563,125.29762778259447,124.19283061380881,124.4527816772461,4135426
2013-01-02,124.77774067695658,125.44928615419008,123.26133869431308,123.65127563476562,10172580
2013-01-03,123.95453123173631,124.12783193264413,122.5247901508928,122.84972381591797,6775685
2013-01-04,123.39130076980824,123.39130076980824,121.35500711838068,122.35148620605469,9390712
2013-01-07,123.17465714092386,123.47794363967222,120.66177659808542,120.90007019042969,12635903
2013-01-08,120.94342483039667,123.9978759102072,120.94342483039667,123.78125,13951970
2013-01-09,123.36962127876693,123.78121554276204,120.74842274903935,121.09502410888672,11080003
2013-01-10,121.3333321396347,122.17817820403148,120.66178677579582,121.74492645263672,13002083
2013-01-11,121.20337666564745,121.6149710467421,117.88896417491463,118.45220184326172,14446914
2013-01-14,118.51717678527454,120.66179891634766,118.51717678527454,120.40184783935547,10672635
2013-01-15,120.5534717684154,123.56460756177009,119.03708030144219,123.08802032470703,18493615
2013-01-16,123.45627965455552,123.8462062097643,122.37314003617769,123.04468536376953,9275325
2013-01-17,122.65477643686168,124.27948609793643,121.96156327406203,123.60794067382812,12679955
2013-01-18,124.21449235061633,125.57925092840937,123.32632103730093,124.53943634033203,25503518
2013-01-21,125.21097320972953,126.51073878148098,124.0411831653178,126.31578063964844,20932912
2013-01-22,126.3374270634341,126.40241997061452,124.77771057298952,125.27595520019531,13126951
2013-01-23,125.42758694711696,127.13895697064648,125.10265330939858,126.8356704711914,12173272
2013-01-24,126.94399310743228,129.37022340007127,126.87900019854307,128.87197875976562,20890877
2013-01-25,129.54354050815493,130.19342848598566,128.74201955429055,129.8684844970703,21446627
2013-01-28,129.97677840603768,130.4966804528722,129.2835653785721,130.3017120361328,8666800
2013-01-29,129.58685475684436,132.9012666868609,129.58685475684436,132.2080535888672,14882640
2013-01-30,132.05640907939562,132.98790540914408,129.97678026559876,131.79644775390625,11567670
2013-01-31,132.42466973741975,134.04937912727468,131.31987270746205,133.2911834716797,14321914
2013-02-01,133.3345373214284,134.28770160428815,131.94812122743028,134.04940795898438,10288134
2013-02-04,134.04940115895835,134.6992891410539,132.68465287392547,133.11790466308594,12057509
2013-02-05,132.1430457237245,132.87957355759514,130.8432804244244,131.03823852539062,8287651
2013-02-06,131.42818640955468,132.53298340272252,130.45335462909182,132.07806396484375,12805908
2013-02-07,131.2982442018989,132.31640149082585,130.84333491130587,131.73150634765625,6726127
2013-02-08,130.84330343653463,132.7279639669027,129.63017795892026,130.7349853515625,11725383
2013-02-11,131.27653971125466,131.49316555731988,128.48204055113163,129.60850524902344,8361801
2013-02-12,129.3268982704176,130.38838046027502,129.11027240463653,129.99844360351562,6881967
2013-02-13,130.41005203275571,131.9264435559375,129.63018853306139,130.12843322753906,11002502
2013-02-14,130.12841135385463,130.82162438132022,129.58684157255888,130.3017120361328,12006132
2013-02-15,129.76013769564292,130.82161978483032,129.69515509124824,130.23672485351562,7278310
2013-02-18,130.17174835965642,130.36671679412237,129.43522039300893,130.1067657470703,11633478
2013-02-19,129.9767799187313,131.08157693028895,129.32689205427172,130.691650390625,5803756
2013-02-20,131.25488919040856,132.44634694754555,129.695172595843,129.97679138183594,11504295
2013-02-21,129.76014818806203,130.19341021192105,127.70218704437998,128.5037078857422,16074899
2013-02-22,128.24380079769062,129.21862266331212,125.90422008151356,126.51077270507812,10156398
2013-02-25,126.9006841236816,127.74553025690186,125.25430673755513,126.79236602783203,8569888
2013-02-26,126.94399601022371,129.2619185721886,125.12431809995769,126.01248931884766,11031449
2013-02-27,126.51074375746941,128.850334236669,126.18581007551667,127.72386932373047,16567232
2013-02-28,128.17877853813522,131.66649136983807,126.16414233759741,127.72386932373047,50205465
2013-03-01,127.8105081010276,128.98029808548512,125.21096679240256,126.18579864501953,17510246
2013-03-04,126.18579378859943,127.39890889992807,123.30463381354656,126.72736358642578,14256708
2013-03-05,127.24729079112801,128.98031860593176,125.64424881603647,126.77071380615234,15811390
2013-03-06,128.17875764764415,128.17875764764415,124.06283556241085,124.3661117553711,14958148
2013-03-07,123.97620713282868,127.72388169066056,123.58628049771782,126.66239929199219,16443754
2013-03-08,127.57223237655504,129.5435434973181,126.70571848557121,128.98031616210938,9372390
2013-03-11,129.11028216382007,129.76015981028618,128.4603942189997,128.91531372070312,6885601
2013-03-12,128.6336746291515,130.17173359731405,127.8971467460312,129.47853088378906,6268604
2013-03-13,129.11026619890288,131.1682272724365,129.11026619890288,130.691650390625,11639177
2013-03-14,130.69169523608522,131.66651706892128,129.97682451889125,130.8000030517578,8599115
2013-03-15,130.8649959798466,131.27659039545816,130.4750693063835,130.8000030517578,9800403
2013-03-18,130.32339646945914,132.3163751677324,130.2150783799796,131.81813049316406,6293690
2013-03-19,133.00958535264192,133.2262112284726,131.55817653704537,132.706298828125,13253356
2013-03-20,132.14307302001177,133.44283858779949,131.77480387782853,133.0962371826172,15814368
2013-03-21,133.11787258735902,133.39949133163265,131.7964395012963,132.14305114746094,14602797
2013-03-22,132.74963181723865,133.00959318189138,131.3415480939252,132.4030303955078,7996002
2013-03-25,132.64131101507323,133.4428318734045,130.5183569184434,131.0166015625,9553762
2013-03-26,131.27652731193794,133.44280616468635,130.8432756607289,132.72793579101562,9322445
2013-03-28,133.31286444975163,134.30935379838655,131.9697736923234,134.07106018066406,12958612
2013-04-01,133.87609034427734,134.26602722346152,132.44634924954627,133.0962371826172,4215721
2013-04-02,132.8362760864492,133.70278989942943,131.88311192200635,133.07456970214844,6366149
2013-04-03,132.98791247313355,134.04938437283292,131.86144766402128,133.26953125,7516772
2013-04-04,132.96625076881537,133.1612088940908,129.37022029106433,129.7818145751953,6915582
2013-04-05,129.738496252947,129.738496252947,125.64423122905087,126.20745849609375,10967923
2013-04-08,126.7057352083089,127.29063035970583,123.73793426597464,126.87903594970703,7847505
2013-04-09,127.05228201063176,128.00544597645742,123.88951394623136,124.43108367919922,9673947
2013-04-10,126.07746456061892,126.07746456061892,121.80988916405266,123.4129409790039,13937871
2013-04-11,124.60443008982234,125.14599997684726,122.76308423525373,123.60794067382812,15866524
2013-04-12,124.71274083293387,128.09213577196107,123.91121985281664,126.90068817138672,13440094
2013-04-15,126.51076615493206,130.36674882708925,125.29765067225559,129.9551544189453,11683138
2013-04-16,129.91177319924665,133.83273680873694,128.98027697103134,133.421142578125,10469351
2013-04-17,133.4428608961754,136.04239246632878,133.05293425015913,135.6524658203125,11708165
2013-04-18,134.7859281215181,137.12550818220885,134.4393267194466,136.60560607910156,9165780
2013-04-22,135.8907238742328,137.77538428376144,135.63076254663844,137.34213256835938,7086991
2013-04-23,137.5587561280117,137.77538198209382,136.06402228731585,137.60208129882812,4539153
2013-04-25,136.62726603636077,140.04999613833306,136.56228342145135,138.57691955566406,19275779
2013-04-26,137.5587764982417,138.5769233123751,137.2121750803843,138.1653289794922,6704259
2013-04-29,137.81871531457756,140.80818317300648,137.1904951513596,140.6565399169922,6443266
2013-04-30,141.24142871307797,145.40068636878578,141.24142871307797,142.47621154785156,13308971
2013-05-02,141.9129860612605,145.11907991803648,140.89483929586353,144.5125274658203,9543366
2013-05-03,144.33922268743677,144.4475304730957,142.497887347698,143.27774047851562,9014815
2013-05-06,142.9744717751603,144.0576114787974,140.98149307273135,141.32809448242188,4110204
2013-05-07,141.28476417543945,145.57399765801256,141.28476417543945,145.27072143554688,7964905
2013-05-08,145.89895775886768,149.38667074733348,144.8591431541604,148.52015686035156,7407715
2013-05-09,149.23500035586392,149.88488822761195,148.0218852538403,149.2566680908203,6235467
2013-05-10,148.86675835941054,153.43760051940976,148.17354523781316,153.0043487548828,10282713
2013-05-13,153.37261480581097,153.37261480581097,144.8591302688159,145.4873504638672,17051566
2013-05-14,146.83043584729143,147.24201982221473,144.29588760037348,145.50900268554688,10596122
2013-05-15,146.46218663688617,149.01839266728032,145.57400506409104,148.36851501464844,12882200
2013-05-16,147.80527342146473,148.82342019890652,144.1226025943811,146.00726318359375,11503781
2013-05-17,146.72212150922252,147.93523662530626,144.3175487139093,145.097412109375,25342119
2013-05-20,145.1407637624588,148.21688243514632,144.7075119627937,144.98912048339844,11509947
2013-05-21,144.70747525091704,145.31402761656756,142.47620330282138,143.40769958496094,8003621
2013-05-22,142.6062163975712,146.0072791027898,142.6062163975712,145.37905883789062,10133253
2013-05-23,144.44752848876317,145.55233585644146,143.12610555274273,144.05760192871094,8023579
2013-05-24,144.7075206849447,144.77250330963372,142.41125511324844,142.93116760253906,11023742
2013-05-27,142.97446690018717,144.9674455346619,142.75784102651684,144.66416931152344,8316915
2013-05-28,144.12258115202008,148.10852761577593,144.10091341823133,147.3070068359375,8513216
2013-05-29,147.74028879155594,148.67179556823328,146.20222952148168,148.45516967773438,7100118
2013-05-30,148.3468612319469,154.19582244596822,148.13023532735838,153.5026092529297,17541039
2013-05-31,154.6696279448284,154.6696279448284,148.99326711991108,149.5653076171875,11554816
2013-06-03,149.8953277353714,150.44536183872975,146.61711904051546,147.87120056152344,7558341
2013-06-04,147.78319541000405,149.0372769264998,147.45317285731483,148.42123413085938,9610688
2013-06-05,147.6291813713448,148.26722008906708,145.36304674200238,146.96914672851562,8687291
2013-06-06,146.96912210292385,148.1791906416769,145.2530114004967,147.36514282226562,6641257
2013-06-07,146.5290971286084,148.94924480591823,145.71504926193904,146.9031219482422,6774172
2013-06-10,146.9911313676974,148.72923814932528,146.90312675541045,148.28921508789062,4959399
2013-06-11,147.32115403522423,148.39921576643042,146.52910206457216,147.12313842773438,10251272
2013-06-12,146.4410691515676,146.94710080456446,144.35094432270967,145.64901733398438,10494305
2013-06-13,144.83500137056294,145.36303951789253,142.3488448578572,143.88894653320312,12828233
2013-06-14,144.9450055381056,146.52909898682955,143.5589172334051,145.97906494140625,8419326
2013-06-17,146.44109843027343,146.44109843027343,143.4929125182108,146.0230712890625,5305728
2013-06-18,145.4510489079709,146.1330899237123,144.46098127146266,145.27503967285156,8416458
2013-06-19,145.18703498881044,145.51705755793697,143.97696618109148,145.1650390625,7072114
2013-06-20,144.26297114427743,144.28496706825595,140.3687198844649,141.996826171875,16222500
2013-06-21,141.68880111898113,142.9208761042921,139.70867649786072,141.84280395507812,10469359
2013-06-24,140.9627679454405,143.27290478585826,137.00251841999898,138.3446044921875,13174419
2013-06-25,139.26867805418522,141.46881475168666,136.84852977879555,140.67677307128906,12938648
2013-06-26,141.5788038764305,143.84494892651483,140.23671776988914,142.10684204101562,13696270
2013-06-27,143.4049313642478,143.84496496033552,139.51068999617559,141.55682373046875,16042871
2013-06-28,141.95283944055524,145.2090419133585,141.35880299764628,142.72288513183594,14351872
2013-07-01,143.00889848482714,143.80095052356398,141.9088302763125,143.4269256591797,13805909
2013-07-02,143.00889504555812,143.69093606331757,141.9088268634994,142.94288635253906,9378833
2013-07-03,142.48089147001517,144.10899821356458,140.87479111591736,143.60296630859375,10526108
2013-07-04,143.66894354220724,149.5213139477999,143.60294530212786,149.10328674316406,10017235
2013-07-05,150.48935834318968,151.80943804846322,149.87331556909783,150.7533721923828,7077513
2013-07-08,150.13736214744364,153.39356481507448,149.0592897476996,152.55751037597656,8258683
2013-07-09,152.0074859146133,153.94360880474264,152.0074859146133,152.88754272460938,7207959
2013-07-10,153.52554561799593,153.52554561799593,150.9733804205413,152.05145263671875,6978260
2013-07-11,154.82363520597744,155.9457098474848,152.16146918990455,155.50567626953125,7181688
2013-07-12,155.43969770643884,155.43969770643884,152.9535406231342,154.27362060546875,6640357
2013-07-15,155.04365545710655,155.48367857073507,153.0415241418252,155.15365600585938,6913287
2013-07-16,153.12951855610814,159.28990449207453,153.12951855610814,158.43185424804688,10138682
2013-07-17,158.8498801357998,162.98612847296835,158.7398691359532,162.08407592773438,18657124
2013-07-18,162.04008572524563,163.64618577900814,160.5219902942119,162.21609497070312,11876973
2013-07-19,162.15009761836836,163.64618667223166,160.69800041680094,162.39210510253906,8416022
2013-07-22,161.60007862757828,163.0301591183081,161.24804964246553,162.28211975097656,6178646
2013-07-23,162.96415562245886,165.4943148434021,162.56813479369313,165.34030151367188,7698275
2013-07-24,165.23026725392668,167.2103814531614,162.3260837241114,165.36227416992188,11098230
2013-07-25,164.52623623699748,164.570238546696,156.53973858190088,157.9258270263672,22053243
2013-07-26,158.6958589133074,164.0201902216346,153.85555296968843,161.99606323242188,18237723
2013-07-29,160.60997061243913,161.7980432987992,156.47371213287812,157.50778198242188,8271173
2013-07-30,156.47375739579638,157.793847837441,153.56958352652236,154.27362060546875,5800384
2013-07-31,154.00958402711728,156.1657181825783,147.87120412255845,150.35736083984375,20733349
2013-08-01,151.14936538638844,153.59151919408194,148.31119087716596,149.3452606201172,9914519
2013-08-02,149.60929942439412,151.36941264395804,145.05501352880518,146.50711059570312,9392407
2013-08-05,146.63915002697863,150.02735983536613,146.15511407760326,147.585205078125,8968417
2013-08-06,147.563184749267,147.76118991462545,144.7690119158187,145.3190460205078,11537641
2013-08-07,145.64905550139068,146.4191116015791,140.14871455323396,141.73281860351562,12292430
2013-08-08,141.73279705231246,143.97693539955526,140.98474745012936,143.1628875732422,9466948
2013-08-12,145.16503147766264,148.50923838750606,143.0088973871512,147.6951904296875,19052782
2013-08-13,148.4652592700627,149.25731142644887,146.3531271592395,147.0571746826172,15484074
2013-08-14,146.59508531429964,148.28918949743027,144.81297653406915,147.34312438964844,10010708
2013-08-16,146.96916456438993,148.72926761817837,139.708709396998,140.9847869873047,18695389
2013-08-19,140.9847850766799,141.62282386318657,136.4085025558145,138.12460327148438,12856446
2013-08-20,137.37654904971473,141.9968333844228,133.3282947385036,138.74063110351562,19429002
2013-08-21,140.80875292245713,141.20477368645038,130.31410331321337,132.38223266601562,15496832
2013-08-22,132.44820748084987,136.7164723531777,127.60791271721934,135.5063934326172,20889755
2013-08-23,135.8364482231141,136.34248001545959,132.47024537520113,135.74844360351562,15306783
2013-08-26,136.5184793054774,137.57454512300373,134.67037196928695,135.30841064453125,9031368
2013-08-27,134.7583815655919,134.97839310668977,127.89394826818281,131.0841522216797,17972729
2013-08-28,130.24812508132146,134.12037084978562,125.49583296485189,131.2161865234375,21508924
2013-08-29,131.87621228217787,135.96845857442187,129.80808275094827,134.4503631591797,18027050
2013-08-30,134.64836827897682,137.28853810524333,132.008208912018,135.83644104003906,17712666
2013-09-02,136.40850440442154,142.48087615192128,135.88046616676837,140.9847869873047,14240134
2013-09-03,141.4248169520083,142.41488477308405,130.07211457737165,132.31625366210938,20983697
2013-09-04,134.20834468129837,134.20834468129837,129.1920293524539,131.94219970703125,21763209
2013-09-05,135.41843053723593,139.22466720909924,135.30842998468574,137.35455322265625,14149234
2013-09-06,137.72858127846553,140.28073640291123,136.54050834402983,139.22467041015625,11458530
2013-09-10,140.80874651331092,148.90524386824524,140.36871300292853,147.80517578125,18861194
2013-09-11,147.8491928506574,148.28922640498175,143.91094954268394,145.18702697753906,11738218
2013-09-12,145.97909307496596,149.12529511509004,144.87902477211065,148.06922912597656,16830618
2013-09-13,148.66328268597812,149.125312263051,145.18705766340355,145.8031005859375,11429753
2013-09-16,147.43112304285538,149.1692399137669,145.36300463508223,146.9470977783203,11057970
2013-09-17,146.1331083567459,149.52131793810122,145.89109039827503,149.03729248046875,6832496
2013-09-18,150.0493274100029,151.8094406871666,149.25728584865647,151.17140197753906,10523047
2013-09-19,153.30551573581587,156.8697442755847,153.23951750801498,156.40771484375,15353164
2013-09-20,156.16571134493716,157.529793384156,152.38148139048633,156.3417205810547,13341518
2013-09-23,154.4936070689448,157.08976411823227,152.5354782458467,153.94357299804688,8171977
2013-09-24,152.82151825144564,155.61569127486283,151.89745921925413,153.5475616455078,13086701
2013-09-25,153.78956823412716,154.00957978284396,148.2232185253966,151.69943237304688,11272774
2013-09-26,151.06136856192396,154.0095542029818,150.04930514661476,153.7015380859375,12304592
2013-09-27,154.4056003737191,154.4056003737191,151.83143928311458,153.08551025390625,8599981
2013-09-30,151.96348017260772,152.46951204250388,148.88328663668818,149.78533935546875,8652819
2013-10-01,149.7633159203492,151.14939386652358,148.72924598255466,150.92938232421875,6647152
2013-10-03,152.24945857587764,152.24945857587764,148.28921952650532,149.05926513671875,12020302
2013-10-04,149.0592638068227,150.37934347816918,147.56317490720443,149.5432891845703,6919912
2013-10-07,149.12527012698996,150.0273226372004,146.08907960963282,149.6313018798828,8143249
2013-10-08,150.5993837481648,153.4155633157697,149.43331715872225,152.9755401611328,8714072
2013-10-09,152.90949157458232,154.22957115348348,151.17138487815618,153.37152099609375,8084153
2013-10-10,152.5574727674747,154.3615776857899,151.6774162306028,152.75547790527344,5327196
2013-10-11,153.3935566905501,153.98759313753862,149.9173321741003,150.57737731933594,5551234
2013-10-14,151.14939717755948,151.14939717755948,149.0152694814912,149.52130126953125,4174761
2013-10-15,149.1692604190196,150.8413583856611,146.68310416116304,149.60928344726562,7804813
2013-10-17,149.6093015953526,152.46948300382073,149.25728313005482,152.02944946289062,7001561
2013-10-18,152.99751906898743,156.69375499398762,151.8754549198327,156.01170349121094,12205708
2013-10-21,156.20972443815947,156.64975801813978,150.92939469355744,151.6774444580078,10146755
2013-10-22,150.6653761890855,151.72144210553813,149.8293218262046,150.29135131835938,6778420
2013-10-23,150.55537724964807,151.58944732327842,148.94927709088316,150.31336975097656,7369486
2013-10-24,150.66536840467018,153.2835319051721,149.69730715966296,150.8193817138672,10032443
2013-10-25,151.7654294277221,152.68948832077058,147.84918232368508,149.6313018798828,9141374
2013-10-28,148.7292291675015,148.7292291675015,143.58090736308878,144.3069610595703,20979323
2013-10-29,144.0209745206929,146.11110011379049,142.1288541099113,144.2849884033203,17718103
2013-10-30,144.98901137113148,146.74911408372728,143.2509045820481,146.57310485839844,16308034
2013-10-31,145.80307959351586,148.06922483380373,145.36305646885265,147.4091796875,17085463
2013-11-01,146.5951213625141,146.96914622181524,143.88895318797404,144.35098266601562,10738775
2013-11-05,144.8130142451112,145.16503272518045,139.97270784761741,140.3687286376953,20264398
2013-11-06,140.8087653557687,141.93082951581422,139.57669018857962,140.23672485351562,9455959
2013-11-07,140.39070173141872,142.48082665015974,138.60859290969822,141.00674438476562,11236270
2013-11-08,141.18277346656254,142.43684441070212,139.57667361694416,140.61073303222656,6918568
2013-11-11,139.88473577080995,141.64484949925102,137.77260348040494,139.33470153808594,9778374
2013-11-12,139.92873126342067,141.20480894758614,139.4007034462392,140.76478576660156,6633652
2013-11-13,140.80874967795862,140.80874967795862,137.94856840376616,138.23458862304688,7681690
2013-11-14,137.28856098243355,139.92872078933755,137.28856098243355,138.3666229248047,6680746
2013-11-18,139.04863011469547,143.8889358590311,139.04863011469547,143.49290466308594,13010277
2013-11-19,143.84496123929966,144.1749733536921,141.9088385689401,142.34886169433594,7460717
2013-11-20,142.28284915689164,143.38291731914214,140.8087561459867,141.13877868652344,11691152
2013-11-21,140.50075699763278,140.80877319174397,136.89252545795117,137.70657348632812,10374316
2013-11-22,138.58661140533272,139.00463855597428,135.4184138893975,135.83644104003906,9296542
2013-11-25,137.0025449505285,139.44469964611739,136.8485316142862,139.1366729736328,6767726
2013-11-26,138.71863999548248,139.1366672114195,135.99047558744192,136.738525390625,10613086
2013-11-27,135.99045009351235,138.69661806671346,135.99045009351235,138.23458862304688,7647866
2013-11-28,139.0486460681533,139.40067500041687,137.28854324406788,137.94857788085938,10565222
2013-11-29,137.75058023736648,141.24880087647654,137.75058023736648,140.9847869873047,7762627
2013-12-02,141.2267883028056,142.43685704853817,140.21472472095903,141.4687957763672,5281591
2013-12-03,141.66677928686676,141.66677928686676,139.68665488169918,140.4567108154297,5785728
2013-12-04,140.36873548447406,140.54475519240273,137.22254401712226,137.66256713867188,6843370
2013-12-05,139.04865319561068,140.12672551325954,135.3304212768484,135.85845947265625,16005883
2013-12-06,136.2984582521738,137.44252860297257,135.72642830642775,136.87049865722656,13210184
2013-12-09,139.04866380757556,139.7527113026149,136.6945242803895,137.75057983398438,9736518
2013-12-10,137.83858146555292,140.14871845246674,137.7285704598058,139.88470458984375,16726976
2013-12-11,139.48868043421433,141.57880581857003,139.48868043421433,141.1827850341797,10911954
2013-12-12,141.18278982113532,141.68882162577904,138.91664466312852,139.4006805419922,6493545
2013-12-13,138.87263803201492,139.70869237181864,137.44254728431028,138.74063110351562,7430787
2013-12-16,138.32258966258757,138.60860987448083,136.7164898425885,137.6405487060547,6639191
2013-12-17,138.5426154811126,138.98264903541843,137.33254674021495,138.74063110351562,8485441
2013-12-18,138.7406054719985,139.77466478386066,137.64053747842732,138.85061645507812,12437966
2013-12-19,139.48868045565214,139.70869200256948,136.89251282410308,138.01458740234375,11657325
2013-12-20,138.1686017986245,139.00465620606548,136.56250168298644,138.69664001464844,15604452
2013-12-23,138.69659790876833,140.76472691333836,138.54258463016106,140.4567108154297,9074237
2013-12-24,140.69873268227278,140.80874367247566,139.70867560767445,140.39071655273438,6855665
2013-12-26,140.41273041420024,141.4247939998623,139.7966980764197,140.91876220703125,16056626
2013-12-27,141.2487716396475,142.41484843108987,140.8087485821073,141.88681030273438,8496764
2013-12-30,141.6888283946014,142.56887465401635,140.80877167587738,141.86483764648438,5980792
2013-12-31,142.12883450258943,142.5688575795986,140.9407617353569,141.622802734375,5407304
2014-01-01,141.82083533351363,142.30486077619187,141.29279711855563,141.86483764648438,1930884
2014-01-02,141.8428421930347,143.0089192655997,138.300629577597,138.58663940429688,7046088
2014-01-03,138.60860718132218,139.04863022237214,136.5624738921727,138.49859619140625,12462028
2014-01-06,138.60861783320726,139.35666751978567,137.94857276160187,138.89463806152344,8469206
2014-01-07,139.2686743649916,139.66470565400925,137.61857188557633,139.356689453125,8078735
2014-01-08,139.7087039809899,139.9287155467707,138.05860154867025,139.4226837158203,7763390
2014-01-09,139.35665542856844,139.35665542856844,137.57453598172023,138.87261962890625,7959027
2014-01-10,139.79668591100184,142.78887409775962,138.1685796699324,141.95281982421875,9541138
2014-01-13,142.3928507843349,143.5809235718887,141.95282769979943,143.2069091796875,6603277
2014-01-14,143.44891723418115,145.2090304981495,142.50286236890025,142.76687622070312,7859778
2014-01-15,143.05290061894397,144.9890231737837,141.40279830820046,144.7030029296875,9189578
2014-01-16,144.76898330022962,145.60502702502714,142.41483403213942,143.2288818359375,4928354
2014-01-17,143.44891813465838,144.328974772167,141.9088268634994,142.94288635253906,11712237
2014-01-20,142.78889020247766,145.4290497796052,142.17284738951668,145.2970428466797,8938669
2014-01-21,145.3190385182924,146.24308698064632,144.5489824440358,144.79100036621094,7243659
2014-01-22,144.54900058205894,144.65901159484486,142.04084780804516,144.04296875,11806241
2014-01-23,143.60295386653783,145.2090540814798,143.14092432119085,144.7470245361328,6535486
2014-01-24,144.28497881910755,145.385047049625,142.3048539123144,142.6788787841797,5324998
2014-01-27,141.02879944235434,143.2289362622652,140.21475132922177,142.6569061279297,9599991
2014-01-28,142.63487138392972,144.3069800551213,140.32472399854876,143.7349395751953,13619641
2014-01-29,144.0209440773507,144.54897173099033,142.65686217947462,143.00888061523438,9476826
2014-01-30,141.4908147475205,143.31692645046562,139.92871692611482,142.83290100097656,15933336
2014-01-31,142.96489760086538,143.31691608412262,141.73282245015662,143.0529022216797,9742894
2014-02-03,141.9748402389716,142.89889928394206,140.67676675803094,140.94078063964844,6870129
2014-02-04,140.14868052500793,143.33888377593948,139.00461030394496,142.96485900878906,13377546
2014-02-05,141.90883850608301,142.8988957674396,139.70870196146043,140.34674072265625,9475363
2014-02-06,140.80876177993443,143.14090512210072,139.2686600155775,142.81088256835938,12047787
2014-02-07,143.88895622508522,143.88895622508522,140.89676774682744,142.3268585205078,12389542
2014-02-10,141.9308084667596,143.16289391053277,141.24876751782156,143.00888061523438,7082805
2014-02-11,142.61287911760812,143.55893402101617,141.93082761733461,143.0529022216797,7869507
2014-02-12,143.22891130165854,143.88895641632934,140.36872975049627,141.05078125,9472266
2014-02-13,141.11676976861224,142.1288332964525,138.71861787099405,139.44467163085938,4303860
2014-02-14,139.9726992180304,140.94076043784634,138.47661031066454,140.7207489013672,6031797
2014-02-17,141.24878874407798,141.79882286226285,139.7306933227707,140.85276794433594,5141648
2014-02-18,140.8087536173197,141.49079461054987,139.11464909624928,139.44467163085938,6074237
2014-02-19,139.84073345056444,140.30276304279747,139.09268354708038,139.33470153808594,3359398
2014-02-20,139.04864569216835,139.46667285732667,137.02451855953143,137.2225341796875,7077222
2014-02-21,137.94858511849603,139.8627013545799,137.55256431564342,139.75270080566406,7146272
2014-02-24,139.04864037636798,141.0287651243047,139.04864037636798,140.83074951171875,4309197
2014-02-25,140.41271246411722,141.864809421869,140.41271246411722,141.6667938232422,5560257
2014-02-26,142.04084804956872,145.14303728742144,141.9088411095866,144.6590118408203,12391503
2014-02-28,142.98686937695692,146.0890683443016,142.98686937695692,144.17494201660156,12367281
2014-03-03,144.24095192272378,145.6270401671543,143.4709063844757,144.85699462890625,9759053
2014-03-04,145.38507016739717,146.9691745284445,144.4170087154927,145.9351043701172,9650893
2014-03-05,145.97909172614874,146.94715307883382,144.96702806012837,146.6611328125,6304100
2014-03-06,146.39710318425855,147.47517543396597,145.36304370246094,147.21115112304688,5899637
2014-03-07,146.13309170643294,149.34529166447132,145.64905584464188,148.79525756835938,20820893
2014-03-10,147.84919649820813,148.72925316926032,147.0791508332781,147.67318725585938,9347006
2014-03-11,147.58517906182286,147.98119984752034,144.68099525544997,146.96914672851562,9354714
2014-03-12,147.10114100326885,150.92937298029358,147.0791346207468,150.04931640625,10726780
2014-03-13,150.2033702329878,152.60152269096804,150.18137430383823,151.1054229736328,6257265
2014-03-14,150.5333427098156,153.19550818682134,149.60928388846727,152.77748107910156,6897445
2014-03-18,154.0096208396846,157.08981472078185,152.97556105539542,156.6057891845703,13749124
2014-03-19,156.64972114984798,158.40982367759392,156.45170556249536,158.27781677246094,8840284
2014-03-20,157.77182112253084,157.77182112253084,155.02165048893963,156.56175231933594,11469950
2014-03-21,156.86973847317668,157.83779960600842,155.13163180220576,157.39776611328125,11193774
2014-03-24,156.67174985433215,159.86195400349553,156.36373367790338,158.6958770751953,10948547
2014-03-25,157.96982382752506,160.60998323598932,157.83781690303263,159.6419219970703,9008127
2014-03-26,159.72992816741802,159.97194609432933,155.65967801505775,157.9918212890625,15149289
2014-03-27,157.96980873213937,159.59790443794182,156.67172507637855,158.36582946777344,26459965
2014-03-28,159.0698844865672,159.0698844865672,155.76968015202522,157.72779846191406,9733769
2014-03-31,158.035807433813,158.84986574846985,153.8555467078736,155.26364135742188,12461507
2014-04-01,155.54969682064777,155.59369913471306,152.18348318707058,154.86764526367188,10255405
2014-04-02,155.15364938122573,155.32965861916202,149.76331940253976,151.52342224121094,26083709
2014-04-03,151.6334447866806,152.9755310170647,149.9393400536288,152.20547485351562,10760165
2014-04-04,152.64549772149152,153.4815520659236,150.6213705546804,151.69943237304688,10707643
2014-04-07,151.69943491517796,152.60149796899572,149.89532972615928,152.00746154785156,11748896
2014-04-09,152.07345870857557,153.78956972380624,150.92938818485794,153.10752868652344,9400948
2014-04-10,153.21750639901774,153.87755141250653,150.92936569257313,151.3033905029297,11032927
2014-04-11,150.84138263442304,151.7214392916967,149.76332081226133,151.14939880371094,12132005
2014-04-15,150.7973741123624,151.347408193086,148.15721470861223,150.02732849121094,7200749
2014-04-16,150.02733045584358,152.9755165141076,150.02733045584358,152.27146911621094,6787207
2014-04-17,152.77753092013344,155.6597088521718,151.36944630692378,155.439697265625,8527505
2014-04-21,155.06565315088645,156.51773990172305,153.61356640004988,155.50567626953125,6880755
2014-04-22,155.28563912947982,155.7916708622154,153.5915347128098,154.33958435058594,5147127
2014-04-23,154.889635859268,156.20971560595308,153.37154048982228,155.41766357421875,11759510
2014-04-24,155.41766357421875,155.41766357421875,155.41766357421875,155.41766357421875,0
2014-04-25,155.63769495919172,156.6497585998029,150.70938369282737,151.12741088867188,7124547
2014-04-28,152.00749083463617,152.00749083463617,149.60933830312072,150.48939514160156,7566809
2014-04-29,150.0493186349671,150.885372915692,148.9492505158999,149.74130249023438,6681067
2014-04-30,149.74130019052905,151.78743355452661,148.9932505340734,149.93931579589844,6704337
2014-05-02,150.09334426677307,150.70938711128278,149.60931882125828,149.71932983398438,4510618
2014-05-05,149.8293264325699,152.029462954545,149.8293264325699,151.6774444580078,6812515
2014-05-06,152.24946794925393,154.4496148356584,151.9414517780668,153.10752868652344,7776414
2014-05-07,153.12954369311373,154.18560972808643,152.02947534248838,152.53550720214844,7307541
2014-05-08,152.68949701538997,153.0635218704751,149.87331786951384,150.55535888671875,8634471
2014-05-09,150.84137349884136,153.65755253969587,150.15933250707133,152.05145263671875,8210979
2014-05-12,151.96345659925245,158.40985249896607,151.80944328558937,158.03582763671875,11539433
2014-05-13,158.40984965618358,160.54398778742262,157.52979301833165,158.78387451171875,11467467
2014-05-14,158.98186501012373,162.37007364005615,158.98186501012373,160.89598083496094,10709542
2014-05-15,160.8959951260504,162.67810420325532,160.23595007850457,161.99606323242188,9930518
2014-05-16,162.72210272400997,170.51058389920536,155.10963076825067,157.0677490234375,40343155
2014-05-19,158.4098544766014,158.84988803857163,148.06921743027226,148.77325439453125,25167174
2014-05-20,150.48935390256352,156.20970609615856,147.21114543090428,149.9833221435547,9597444
2014-05-21,149.41129865689234,150.88539179436913,149.03728423543131,150.33535766601562,11070806
2014-05-22,150.92937818464776,152.90950292969774,149.76331181276018,152.1614532470703,10932427
2014-05-23,153.56957183963664,153.65757646780764,149.9173379333027,150.97340393066406,10369650
2014-05-26,152.16148842302678,153.0415452308638,149.67534179947307,151.65545654296875,12807080
2014-05-27,151.80944557123186,152.95351610040328,150.57737042130174,151.2814178466797,7111658
2014-05-28,151.36940454182528,151.45740915216223,149.8733052474832,150.86337280273438,6491105
2014-05-29,151.8094493496878,153.1295291532327,149.7853221032416,150.70938110351562,15904432
2014-05-30,151.72146564644743,151.72146564644743,147.91522857150647,150.37937927246094,11472325
2014-06-02,150.4893732589114,150.9733986970729,147.5851892520157,148.13522338867188,11280670
2014-06-03,149.4268780932263,150.41319521051852,148.3957288640822,149.47171020507812,11193101
2014-06-04,149.06819395058477,149.65102195467657,147.38697407861935,148.373291015625,15654413
2014-06-05,148.41815388558007,150.59252734850975,146.1541055401976,149.62863159179688,22003710
2014-06-06,150.18903059633342,151.91508284085563,149.31479911054976,150.95118713378906,16024262
2014-06-09,151.8029847878967,152.8117231794377,150.32351460149684,151.51158142089844,12511733
2014-06-10,151.98236067497407,152.4082604659998,149.98730479054515,151.24261474609375,8811973
2014-06-11,151.98234225862757,152.29616704534902,148.17157007937513,149.4268798828125,17591289
2014-06-12,149.74072086446864,150.7270273735018,148.4629896293023,149.78555297851562,10194744
2014-06-13,151.01843309465679,151.01843309465679,148.77680620312384,149.11305236816406,8416552
2014-06-16,149.85280392300444,151.2650315766628,149.20273290590185,150.72703552246094,10149136
2014-06-17,150.61492741487945,151.60124441673787,149.89760305265054,150.65975952148438,6098558
2014-06-18,150.83909293570272,150.99601064228384,148.95612308293153,149.26995849609375,6865546
2014-06-19,150.1217752271127,151.04084946860993,149.38204008249244,150.7494354248047,8788560
2014-06-20,150.86152093052527,151.6460881847186,149.47170420579738,150.5028533935547,6990450
2014-06-23,150.18904887695768,150.18904887695768,140.10172684587033,141.2001190185547,33376555
2014-06-24,141.2225213500131,144.6746257934534,141.2225213500131,143.6883087158203,18077894
2014-06-25,143.06065254553118,143.32965586994936,141.4466858817787,141.69326782226562,13574151
2014-06-26,141.2225369597522,142.5002575656597,140.5500445781309,141.78294372558594,13659957
2014-06-27,142.11914740038583,143.89003139812291,141.71564782950207,143.35203552246094,11439941
2014-06-30,143.73316522849024,146.78178119907346,143.7107544979363,145.72821044921875,22314069
2014-07-01,146.87142198242745,146.87142198242745,145.2574446912529,145.79544067382812,14962757
2014-07-02,146.22138261586133,148.03709946796792,145.9299685064168,147.65602111816406,9306027
2014-07-03,147.72324344573224,149.1354709181331,147.4094080141646,148.55264282226562,10115952
2014-07-04,148.93372486285588,150.23386676311108,147.924986361362,149.47171020507812,10708319
2014-07-07,149.47170503361357,150.63735055798386,147.8129062959351,150.099365234375,17027402
2014-07-08,149.74073609845462,151.2874495187068,148.61992247670182,150.54771423339844,15803786
2014-07-09,150.8615075385384,153.7756157463639,150.50284003340676,153.10313415527344,26261085
2014-07-10,152.6772479570103,156.46559881700264,151.08569195498535,153.39456176757812,42430312
2014-07-11,154.67227092677393,157.13805811217165,153.7756181348429,155.0757598876953,14437515
2014-07-14,155.68103637644717,156.60010005325148,153.0134989186069,154.64988708496094,6912659
2014-07-15,154.8964545731189,155.99485733768125,153.05832726476623,153.48423767089844,5904027
2014-07-16,153.19281571510126,154.7619502618859,152.4306591690081,154.31362915039062,8598157
2014-07-17,153.82048489803222,155.12062694381225,153.59632431368266,154.3360595703125,5706924
2014-07-18,153.7756501532203,155.56895611047537,153.1928326438715,154.26881408691406,6100526
2014-07-21,154.67228047481052,156.91390726474035,154.26879148898146,156.84666442871094,8177341
2014-07-22,157.36220985206543,158.63993006532766,156.77938187955718,158.21401977539062,8148776
2014-07-23,158.48306538600474,159.1555470841066,156.53284182013002,158.55030822753906,8044919
2014-07-24,158.70721102878343,160.09701706406207,158.03471873736436,159.80560302734375,6278041
2014-07-25,160.052194948808,161.03851206475176,157.9898964933394,160.1866912841797,8495970
2014-07-28,159.2676294439532,160.61260346925104,158.97621538578244,160.14186096191406,4496205
2014-07-30,161.57650297636746,163.41464093625055,160.45568948641352,161.06092834472656,11848905
2014-07-31,160.50052857338463,161.39718153561708,158.707233305472,159.6262969970703,10259935
2014-08-01,159.6038665801772,160.47809804865295,156.08450866657094,156.712158203125,9545592
2014-08-04,158.70723590428435,159.15555706446565,156.60010513832734,158.931396484375,6475186
2014-08-05,159.60386657714844,160.14185189418455,156.263837102621,159.60386657714844,4971636
2014-08-06,158.88653901805287,159.31244938054743,154.26878917873643,155.1430206298828,7650927
2014-08-07,155.27754390863907,157.2053462375598,153.97740186932714,155.2327117919922,4920727
2014-08-08,154.78438453280515,156.6897654001254,153.86531019289254,156.26385498046875,4388250
2014-08-11,157.13804575340913,157.74328447546483,155.14300117426987,155.8827362060547,5595000
2014-08-12,156.77945208708041,156.77945208708041,153.99982859657464,155.5913848876953,4348476
2014-08-13,156.6897545948617,160.5005160667136,155.7931017024991,160.1866912841797,10789938
2014-08-14,159.98492431640625,162.2265509789301,159.1555250088445,159.98492431640625,6878404
2014-08-18,158.97622201864274,159.1555504752909,155.3671995306663,157.20533752441406,7225243
2014-08-19,157.3622515124714,157.9674903675512,155.72586339961836,156.28627014160156,8052736
2014-08-20,157.3622566573636,157.3622566573636,154.1791445537802,154.64988708496094,7099498
2014-08-21,154.64986565195983,156.0172502848812,154.33603023696588,155.18785095214844,6235710
2014-08-22,155.23266191641707,155.94998620884647,153.1255317979205,154.0670166015625,7123904
2014-08-25,155.4344368937077,156.91390716401543,154.04463084241556,156.60008239746094,4210814
2014-08-26,156.8915155706326,158.61756798200258,156.71217645418,158.0123291015625,6166860
2014-08-27,158.55028565041545,159.11069231397582,157.51913653694032,157.96746826171875,7417246
2014-08-28,157.81058382769777,160.05221095449792,157.74333032501067,159.29005432128906,13099525
2014-09-01,160.50052638668248,160.50052638668248,156.75700751353747,157.16050720214844,7340711
2014-09-02,157.1380869855196,159.69354951055925,156.46560526041878,159.02105712890625,7618002
2014-09-03,159.290084177192,159.46941267589932,156.15180348015014,156.42080688476562,10204218
2014-09-04,156.73457433515716,158.19163383816775,156.51041379389798,157.09323120117188,9127941
2014-09-05,157.18290352789333,157.8105637323552,156.17417571190404,157.27256774902344,7591967
2014-09-08,158.2589192406851,159.15557230345377,157.0260306038624,158.68482971191406,6563491
2014-09-09,157.36223114627927,161.217824343241,157.36223114627927,160.5901641845703,6017390
2014-09-10,160.05219612601357,160.05219612601357,157.25016247711565,157.38465881347656,10499079
2014-09-11,157.38466605611296,158.23648688214996,156.6897629579939,157.45191955566406,9151782
2014-09-12,157.45191543543518,160.47810970500615,157.4294940506542,159.44696044921875,8462450
2014-09-15,158.90897494335556,159.1555569094914,156.91392979766275,157.67608642578125,6591435
2014-09-16,157.63123830210975,159.29003708126422,156.91391386281114,158.32614135742188,8095323
2014-09-17,158.48308075113525,160.72470794190676,157.72092409617605,159.04348754882812,9693797
2014-09-18,159.20038413367277,160.94885791605634,158.34856329977944,160.81436157226562,6594580
2014-09-19,160.50051361608925,161.75583404016075,158.79688273750867,161.128173828125,8646616
2014-09-22,160.9488535286648,166.77708155014847,160.23152905811614,166.2166748046875,13115537
2014-09-23,165.88043764156586,168.07723262942892,164.89412043716283,166.23910522460938,14202136
2014-09-24,166.14942720874745,169.9153565941292,166.05975232801197,169.10836791992188,10508318
2014-09-25,169.24285348893446,170.3188347672396,166.9115624953651,168.86178588867188,13621698
2014-09-26,167.92029391089952,168.77210395080817,165.25275688138854,166.64256286621094,10573858
2014-09-29,166.19424099090253,167.1805473481444,163.41461837811542,164.13194274902344,3128759
2014-09-30,163.36979386611256,166.956394574295,162.742133680319,165.97007751464844,10195275
2014-10-01,165.88042167754887,165.88042167754887,162.89905962163084,163.2353057861328,4091374
2014-10-07,162.6076445340873,164.2664539620193,160.54534610525084,162.63006591796875,10091137
2014-10-08,162.7421332011694,164.961349242978,162.40589771119755,163.95262145996094,8661042
2014-10-09,164.10954276516674,165.11828129233564,163.12322562277018,163.8629608154297,6208759
2014-10-10,163.45944098371623,163.77326571550577,157.96746022292555,158.30369567871094,5365779
2014-10-13,158.2140672252448,158.2140672252448,155.65861537576788,157.16050720214844,5717478
2014-10-14,157.1605259723745,157.8105970410523,153.99982421248762,155.5689697265625,8105627
2014-10-15,155.5689697265625,155.5689697265625,155.5689697265625,155.5689697265625,0
2014-10-16,154.67229923798425,158.48307163707724,153.97739612759398,158.0123291015625,13245841
2014-10-17,157.76576591726672,161.352367511788,157.5191839272808,158.68482971191406,11709385
2014-10-20,159.15555148250306,160.43328272903534,157.27258136267693,157.81057739257812,8346354
2014-10-21,157.8553806466284,158.21403749662196,156.0172429773112,157.51913452148438,6726352
2014-10-22,158.01229983688347,158.25887109530424,156.24140498196493,156.465576171875,8451846
2014-10-27,157.47431472549152,157.5415682183978,156.0172551736647,156.712158203125,5825822
2014-10-28,157.47433919701444,157.720921167255,156.3983577391633,156.98118591308594,5101908
2014-10-29,158.21403259327377,159.15551745187858,157.04838721037015,158.908935546875,7158670
2014-10-30,158.30371388355096,160.3884336258402,157.58640012839842,159.11070251464844,15426750
2014-10-31,159.98492859481254,161.39715598754123,157.92264096164197,159.2451934814453,15343260
2014-11-03,160.00737078622203,160.3436169696317,158.3485612544584,159.3572998046875,7727962
2014-11-05,159.4693741103332,161.30751209066293,159.37970988266366,161.01609802246094,7884245
2014-11-07,160.65743815704715,161.62133391504332,158.25889346961964,159.44696044921875,9694742
2014-11-10,159.60385807082125,167.00121972511985,159.46935109218006,166.64256286621094,24492668
2014-11-11,166.01491801203937,166.8667387870306,162.54040272965617,163.2353057861328,7493377
2014-11-12,163.30253766303616,165.88041054243686,163.2577055545488,165.65625,6902166
2014-11-13,166.2614994759086,166.2614994759086,164.24403315124408,165.14068603515625,5038832
2014-11-14,165.02860582387646,166.17182995559105,164.69235967106005,165.52175903320312,7768029
2014-11-17,165.43209220386893,166.53048420831917,163.4594580845758,165.97007751464844,6218698
2014-11-18,165.54420203542372,166.64259420064226,164.75962402420777,165.99252319335938,9904004
2014-11-19,165.99251581157657,169.13079574722212,164.356127673054,164.91653442382812,13208757
2014-11-20,165.43208956355562,166.50807082449268,165.02860058691073,165.90283203125,5258120
2014-11-21,165.94770111274772,168.8842315161849,165.6787084017198,168.6376495361328,6902462
2014-11-24,166.77709174116669,168.5479763125102,166.77709174116669,168.0996551513672,8904624
2014-11-25,167.76339159461764,169.8256900356049,156.30867521877403,159.33486938476562,26184187
2014-11-26,160.7246835319036,164.2216201396248,160.54534443237458,162.92147827148438,22267406
2014-11-27,162.36105131001207,162.94386867700385,159.26760408479086,161.6661376953125,16590815
2014-11-28,161.66616758819876,164.08713368377056,161.3971749075414,162.8094024658203,10866476
2014-12-01,162.36108055388308,164.51304330194046,162.36108055388308,163.45947265625,8533342
2014-12-02,163.36980680550943,164.4906202816228,163.01114990324967,163.99746704101562,8924397
2014-12-03,164.08713187903305,164.08713187903305,160.09703120029383,162.85423278808594,8164612
2014-12-04,167.24783822236122,172.15700300682803,167.24783822236122,171.7759246826172,27702699
2014-12-05,171.70866034213321,175.7435823519234,171.5517426234078,175.45217895507812,16908709
2014-12-08,176.28158876252553,179.19569749901393,175.87808907812033,178.34388732910156,15662453
2014-12-09,178.65771365728602,179.3302060326811,175.65393001013092,176.7971649169922,14415357
2014-12-10,177.4247822228669,177.76102834935426,173.21052159240563,177.0885467529297,9649673
2014-12-11,177.08857911041602,178.85946362273393,175.0711126394121,177.80589294433594,11225006
2014-12-12,177.53691640003504,179.46470816054085,176.1919421825847,177.4024200439453,9041914
2014-12-15,177.08854540623133,179.19566504888792,175.4969896553045,175.99014282226562,8901903
2014-12-16,174.39860442665523,174.84692553214373,169.42219752952838,170.63267517089844,14072416
2014-12-17,169.26528147042424,172.47080404740768,164.35611736281382,166.68740844726562,16246094
2014-12-18,169.69118225483453,169.69118225483453,163.6387836745583,168.05479431152344,6500408
2014-12-19,168.54794483015928,168.54794483015928,164.75959442817717,165.34242248535156,9788570
2014-12-22,165.70110047586903,169.55670485936602,165.43210779512788,167.71856689453125,17438456
2014-12-23,167.65131347488392,169.2428694881783,167.13573884161178,167.96514892578125,5262474
2014-12-24,167.89789331508672,169.66877776001462,164.64753848744738,166.50808715820312,21419026
2014-12-26,167.18052394772192,167.18052394772192,164.2664160779336,164.96131896972656,3026088
2014-12-29,164.58025724580403,166.53046981363198,164.53542514044764,165.8131561279297,3433537
2014-12-30,165.99248701092333,166.53047228317803,164.66992389847206,165.11825561523438,3283195
2014-12-31,165.40968237450687,166.14942821332463,164.75961141696678,165.297607421875,3824375
2015-01-01,164.80443081218138,165.38725888447868,164.08711706972406,164.60269165039062,2636761
2015-01-02,164.64751317373648,165.9476549049021,164.64751317373648,165.11825561523438,6853849
2015-01-05,165.29759858154117,166.68740464701884,164.78202398866387,165.76834106445312,8556295
2015-01-06,165.27517600574345,165.6114221563331,160.9488401273728,161.50924682617188,13597291
2015-01-07,160.0522018132116,163.19048174280132,158.25889595157412,158.50547790527344,12421217
2015-01-08,159.35731616335366,162.8990855039949,159.35731616335366,162.47317504882812,8774566
2015-01-09,162.7869823635837,164.01988147780628,158.30372835775884,160.0073699951172,11224780
2015-01-12,160.2539296264358,162.0023924774834,159.64869084621924,160.43325805664062,10249032
2015-01-13,160.67985544105028,162.159325789182,160.1866915539721,161.44200134277344,12071158
2015-01-14,161.26265581692212,161.26265581692212,155.16543596610063,155.92758178710938,16849719
2015-01-15,158.3037257368705,161.3523413941928,157.31741924968404,160.4556884765625,16665762
2015-01-16,160.7022661687076,162.27140074057144,158.86412826909591,161.44200134277344,11230052
2015-01-19,161.3971466440572,162.18171382019221,159.60385176382707,160.85916137695312,7117173
2015-01-20,160.9936744198908,166.70982708776592,160.54534266084215,166.3735809326172,12477394
2015-01-21,167.20296654925906,167.20296654925906,156.55524000340594,158.12437438964844,33697892
2015-01-22,158.25889753549808,161.30751326817295,156.3983488129453,157.20533752441406,30768622
2015-01-23,158.46064903802633,159.5814625603745,156.3759397228175,156.66734313964844,17392494
2015-01-27,156.91390937040208,161.84549476835622,156.62249532622843,161.46441650390625,26228540
2015-01-28,161.39716500650263,162.94388881022525,160.2987729662575,162.42831420898438,12792194
2015-01-29,162.742133680319,166.7770661373685,161.39715974681945,165.97007751464844,21906152
2015-01-30,165.88040228989973,166.7770550715895,163.0335369012061,165.23033142089844,14453148
2015-02-02,164.53543359298973,165.52175061804954,161.1281614412152,161.68856811523438,8820985
2015-02-03,162.04724433487632,164.5354532486001,162.04724433487632,164.1095428466797,6541497
2015-02-04,164.75959599242,166.10456989394882,163.79570033857698,164.80442810058594,6030862
2015-02-05,164.0422940680781,166.8219062875195,163.05597696089043,165.38726806640625,9843219
2015-02-06,164.13197638254587,167.8530740079457,164.13197638254587,167.4495849609375,7606977
2015-02-09,166.39600930744058,167.6064870691185,164.40096420490505,164.93894958496094,7464839
2015-02-10,165.02863892467101,166.7771022195346,164.49064284094544,165.8356170654297,8320305
2015-02-11,166.3511639823055,167.18056337230422,164.9165257595305,166.39599609375,4720532
2015-02-12,166.77706254799827,166.77706254799827,163.4818759490157,166.0597381591797,5498120
2015-02-13,166.41841469401294,170.0274369028547,165.9028400927498,169.48944091796875,9373648
2015-02-16,169.64636337473897,175.29526276287868,169.46703492694903,174.6676025390625,12053473
2015-02-18,172.60529916730044,180.22683257746783,172.60529916730044,176.30398559570312,14195768
2015-02-19,176.16951062246477,176.50575682154988,171.97767046844723,174.51071166992188,7249013
2015-02-20,173.7260979579516,178.38869035791402,172.31388126244423,177.5592803955078,9275383
2015-02-23,177.0885668307407,178.79220838127074,174.51069377746566,174.95901489257812,6077614
2015-02-24,175.7436103390659,178.4335694305196,174.24171837790104,177.4024200439453,8556081
2015-02-25,178.25420441132377,179.33018569600463,176.39364522547186,179.1956787109375,16358450
2015-02-26,178.38871288259642,179.95784747864639,175.7211755440702,177.37997436523438,12153247
2015-02-27,176.99890582876594,177.8283159415809,172.1794161655052,176.50575256347656,35742645
2015-03-02,160.50052113921097,160.50052113921097,153.32731908670917,153.88772583007812,52676159
2015-03-03,153.99978073842723,154.8964335424092,151.98232525015578,153.12554931640625,46726874
2015-03-04,154.67230577511316,157.27258986667323,153.7308206642924,154.3360595703125,33411001
2015-03-05,155.56895799512003,156.51044310125698,153.19283449973054,155.2327117919922,21288890
2015-03-09,154.08949346127793,154.62747888189116,151.19778452754633,151.69094848632812,16929751
2015-03-10,152.43066483618284,153.64114253877526,150.23386999507966,151.7805938720703,13538973
2015-03-11,152.58757887243976,152.74448593522985,151.33226908736228,151.62367248535156,13191922
2015-03-12,152.00476040359544,156.12935757082843,151.8926854454306,155.4120330810547,28375424
2015-03-13,156.15174108281303,156.91389755432036,150.95117407219897,152.16165161132812,16254309
2015-03-16,152.87901301945973,153.14801640051508,150.18906446133474,150.36839294433594,8926276
2015-03-17,152.20647302685637,152.72204754668178,150.74941367460636,152.43063354492188,11361862
2015-03-18,152.99107046028888,152.99107046028888,150.63735791319695,150.92877197265625,9094350
2015-03-19,151.75814922612437,152.81171970064577,148.61988049690748,149.44927978515625,10865286
2015-03-20,149.60618670295457,149.60618670295457,146.33341100208276,146.8041534423828,10980106
2015-03-23,146.31102627488352,147.85775018833695,145.7057874093193,146.78176879882812,11832346
2015-03-24,146.6472777642835,147.85775553921837,146.15411383727903,146.40069580078125,11128170
2015-03-25,147.3421926229442,147.3421926229442,146.15412548281597,146.49037170410156,7528966
2015-03-26,146.15411267559077,147.4766760570287,143.73315714496368,144.54014587402344,25124845
2015-03-27,145.25744654563,145.81786391888613,141.2673566903599,142.3433380126953,22227555
2015-03-30,143.30723036212325,147.72324115367405,143.30723036212325,146.8489990234375,17152877
2015-03-31,147.40940560010128,147.40940560010128,145.25744300784208,146.08685302734375,12752488
2015-04-01,146.08686604907172,149.2923888399241,145.32470945488296,149.04580688476562,11257250
2015-04-06,147.65600830070102,153.17041188688236,147.54393333825737,152.87899780273438,20059841
2015-04-07,152.9237912620799,153.77561191277556,151.08566430237326,152.6996307373047,10955870
2015-04-08,153.32733084967117,155.5465366085203,153.1031702664368,155.2327117919922,12858493
2015-04-09,155.5240792450691,156.44314268902804,154.22393759560055,155.6361541748047,7962836
2015-04-10,155.56895081034796,155.8379434978061,153.4393987265909,155.4120330810547,5808788
2015-04-13,155.56894413992492,157.9898995363475,154.60503773303515,157.58641052246094,11311123
2015-04-15,158.70720732203677,160.76950560056767,157.54156185893893,159.13311767578125,18165922
2015-04-16,158.19162385956707,159.7831795869391,155.41200135363775,156.95872497558594,8168670
2015-04-17,157.13806260464105,158.37096156086275,155.88275292266923,157.74330139160156,9146535
2015-04-20,157.85540410510157,157.85540410510157,152.6996578375119,153.28248596191406,11709786
2015-04-21,153.2600537545121,156.33109057002045,152.87897549339826,153.3048858642578,11309747
2015-04-22,152.43065367400231,154.67228046377215,151.78058275749314,153.9549560546875,11183242
2015-04-23,153.95491811036842,155.34473447646494,151.6684597745945,153.37210083007812,9268343
2015-04-24,153.32732038822027,156.8915107163978,152.94624209444635,155.99485778808594,17985818
2015-04-27,156.4207841900538,157.72092627360203,154.31365332285213,154.6050567626953,9732828
2015-04-28,154.6274779726768,154.67231009079762,149.56139534225932,151.33229064941406,11098180
2015-04-29,150.21143299159831,150.6373433473436,146.7369179682298,147.1179962158203,10479677
2015-04-30,146.96107670106323,147.23006934668246,144.0021256296004,144.5177001953125,20809376
2015-05-04,144.9884631399896,148.3509036549871,143.5089927234873,148.03707885742188,7487026
2015-05-05,147.3197649151584,147.4991040402894,145.0781377448239,146.26620483398438,13976353
2015-05-06,146.15409402256395,146.9835040316154,141.76050467343802,142.7244110107422,20990280
2015-05-07,142.79164454192235,145.12293539282516,141.49150279698236,144.60736083984375,11010190
2015-05-08,145.95234354973272,147.6335635074533,144.65219116426013,147.0507354736328,12625098
2015-05-11,147.94740615821857,148.28365232177558,145.43678660834857,146.35585021972656,9134733
2015-05-12,146.82658158866812,147.05074212853208,144.85394752476418,145.36952209472656,14846868
2015-05-13,146.53517349458346,147.85773671818254,143.9124684305552,146.98350524902344,11037270
2015-05-14,146.60245369080604,146.60245369080604,144.5401549517721,145.57130432128906,8347876
2015-05-15,145.75061758598844,147.0059274143055,145.63853197451922,146.33343505859375,5659055
2015-05-18,146.73693710482698,149.69588859858095,146.2661945795354,149.29238891601562,7175678
2015-05-19,148.7319650774303,150.59251357959306,148.2836439889154,149.0906219482422,8901031
2015-05-20,149.06823724343937,149.8303938835074,148.1715842533392,148.8216552734375,5360856
2015-05-21,149.29238848883142,149.4717169443242,146.15410854805134,146.78176879882812,7458421
2015-05-22,147.49910236816552,149.40448331003896,145.9075462427465,147.56634521484375,12962351
2015-05-25,144.11421960765503,145.4816149538975,141.8501714006544,142.02951049804688,24332194
2015-05-26,142.3433457251774,142.3433457251774,140.21379369238414,140.77420043945312,11448185
2015-05-27,141.22252103207276,142.9037411399587,140.77418927603927,142.43299865722656,9485450
2015-05-28,142.6123204381662,144.56253311468234,141.89499605593647,144.1142120361328,20765291
2015-05-29,144.36080360671136,147.92498306078664,142.858911908358,146.6472625732422,20563442
2015-06-01,145.92995534734973,149.62864222658428,145.92995534734973,148.86648559570312,10448028
2015-06-02,147.45422522523953,147.63355363702556,142.38814430953695,142.85888671875,11266482
2015-06-03,143.60974852308937,143.6326361094016,137.56880725921985,139.307861328125,21470134
2015-06-04,139.5824820363283,140.33759846472284,136.47047683985082,138.02647399902344,11429057
2015-06-05,137.9578879371389,140.90971381200566,135.00606206227218,139.26217651367188,17605227
2015-06-08,140.49777394920017,141.0698331476496,138.32394246821326,139.28500366210938,10689359
2015-06-09,138.16373768504207,138.66715578292212,137.1569232455418,137.5688018798828,10292547
2015-06-10,137.5688469185945,138.8502584119738,136.653549886714,137.79766845703125,9861385
2015-06-11,138.2095280236319,138.2095280236319,135.09752314380628,135.9441680908203,11520780
2015-06-12,135.82973600098995,137.36285611250204,135.0059787383717,136.1729736328125,8653038
2015-06-15,135.92129739778485,138.5527720395019,134.5483574171902,136.60777282714844,8680427
2015-06-16,136.37895437185168,137.36289235643906,135.1204196824745,136.813720703125,8231138
2015-06-17,136.60778557902665,138.71296548891175,136.03572629386804,137.79766845703125,10881861
2015-06-18,137.84342245316057,139.30789106773778,137.38577941052168,138.1637725830078,11296145
2015-06-19,138.57566343277333,139.78842294562574,138.39260621408863,139.58248901367188,8757082
2015-06-22,140.13166462474138,142.85466802486093,139.4452000352993,142.0537872314453,7197508
2015-06-23,142.0537832273546,144.15896299857073,140.77237181838234,143.95301818847656,7586161
2015-06-24,144.25047451395923,145.5776500703315,142.35123977790022,143.54112243652344,7368751
2015-06-25,142.145316711459,144.36491275954288,141.75631466933297,142.94619750976562,10885448
2015-06-26,142.9461610939217,142.9461610939217,140.52063172472296,140.93251037597656,5507615
2015-06-29,139.67400352698385,142.30547797533734,139.01041573715537,141.8478240966797,9719271
2015-06-30,141.96225076070414,145.0056041340879,140.97830191977414,144.22760009765625,11639874
2015-07-01,144.2733659655578,144.79966089976872,143.01484216853694,143.51824951171875,8850821
2015-07-02,143.747042232423,145.2115214209078,143.47245646388103,144.1818084716797,6562181
2015-07-03,143.83859682046278,145.0284794873563,142.94617666169398,144.43353271484375,5122200
2015-07-06,143.19789221535996,145.82936675467582,142.78601350064918,145.71495056152344,4419337
2015-07-07,145.82936757911168,146.12684098048393,144.6623615636354,145.2344207763672,7595780
2015-07-08,144.22762037285008,144.61662244575095,141.5961453604038,143.22079467773438,11611813
2015-07-09,143.15216574599614,144.11322721244284,141.80210217378433,142.1453399658203,6711914
2015-07-10,141.41306158227417,142.64870859481275,140.29183076198737,141.824951171875,7493999
2015-07-13,143.2436666161603,144.79966385956962,141.39019595208762,143.9759063720703,6623752
2015-07-14,143.67844109704527,144.8454363762301,142.16820807287658,142.92332458496094,5465329
2015-07-15,142.48851943007787,144.25046110459974,142.48851943007787,143.70127868652344,5687830
2015-07-16,144.06740666788488,146.40140751335855,142.9232883930815,145.5089874267578,5838516
2015-07-17,145.7836237564633,148.23203056889562,145.3717341034308,147.4998016357422,6133622
2015-07-20,147.2709722452378,148.02608873137476,146.0810894141453,146.676025390625,4946419
2015-07-21,146.67602565282655,147.56843505820794,143.01484854123808,143.42672729492188,7069753
2015-07-22,142.83179104448055,145.5090192555096,142.19107988406353,143.93014526367188,8060271
2015-07-23,144.2047119140625,145.2801783981694,142.78600774247244,144.2047119140625,5631003
2015-07-24,144.15896299857073,144.43354882660776,143.01484450361698,143.95301818847656,4199466
2015-07-27,142.5571568359943,143.40381258924066,141.77916384070417,142.6258087158203,5315522
2015-07-28,142.76312906633368,143.6555384069985,141.6647749246953,142.41989135742188,6795594
2015-07-29,142.32835043696383,142.78600430195783,137.5688198610669,139.12481689453125,9718356
2015-07-30,139.12484029848773,145.46325656252327,137.29425716496016,144.59373474121094,20744023
2015-07-31,145.50902000131563,149.8337958804979,144.29626045028132,149.19308471679688,16948958
2015-08-03,149.19307101646714,152.6254262940743,148.78119229928186,151.73301696777344,14905871
2015-08-04,151.68725741430612,151.73302171764823,148.52948784930453,150.9779052734375,10317915
2015-08-05,150.97789478692724,152.41948655927277,149.46766200340244,151.84742736816406,5929897
2015-08-06,151.2753819597727,151.4813158902049,148.27778195249553,149.3074951171875,8786024
2015-08-07,148.27777407444728,149.01001378300415,147.36248803641638,148.4837188720703,4644064
2015-08-10,148.50660704893562,149.76513079526745,146.1497182963621,146.8819580078125,5799938
2015-08-11,146.4929656982422,147.31673406838726,144.7767879393508,146.4929656982422,5520369
2015-08-12,146.44716420525197,146.44716420525197,144.61657070936414,144.95980834960938,12386018
2015-08-13,145.25730978845436,146.30989962043634,138.66718498251478,144.7767791748047,6900635
2015-08-14,145.30309722706042,146.56162118090384,143.97592136970766,145.60057067871094,7890438
2015-08-17,146.12685766696205,146.35567920255787,144.38779224016707,145.02850341796875,4495638
2015-08-18,144.84543326834307,145.8064945824233,143.06061443773683,144.09031677246094,9429541
2015-08-19,143.70131675524624,145.53191079627956,141.41307964302132,145.02850341796875,7657887
2015-08-20,145.5776779448539,151.18386550610927,144.77679711556985,150.72621154785156,18701959
2015-08-21,150.54312929755002,151.61859579618041,147.7057100379207,151.3668975830078,18452566
2015-08-24,146.92774412996636,150.79486630369283,144.43356210073753,146.5387420654297,17120031
2015-08-25,147.3853815233843,149.2617398711749,143.01485212088014,146.4014434814453,22094589
2015-08-26,145.34885790396527,146.83621424691015,143.51826380832023,145.37173461914062,16777892
2015-08-27,148.0489454027646,149.90241585730988,144.77677077977202,149.05577087402344,20810590
2015-08-28,150.72622359928582,150.72622359928582,148.59816678935775,149.6507568359375,10099873
2015-08-31,148.62100469077134,150.33718224744143,147.1794129324169,148.80406188964844,10005743
2015-09-01,147.59134035204323,148.23204071239553,143.83863417843358,144.36492919921875,9835616
2015-09-02,145.94378315876784,147.84302901623929,144.22760539987644,146.4929656982422,13515913
2015-09-03,146.1497463888517,148.59816421621795,146.03533017258687,146.4472198486328,10476984
2015-09-04,146.44717056417525,147.13363499634275,144.0445178562625,145.1199951171875,16321889
2015-09-07,144.75390364295933,146.21838319614028,142.39702555885006,143.44961547851562,7386243
2015-09-08,143.28941983799422,144.4335382491596,142.00800852286486,143.19789123535156,10634960
2015-09-09,144.27336002476824,144.79965493730776,143.17500589764802,143.88436889648438,6359030
2015-09-10,142.32837683432624,144.5250853349488,142.03090339862803,143.4038543701172,9313670
2015-09-11,144.02166512218912,144.6852529561473,142.85465907604254,143.58689880371094,6970833
2015-09-14,143.5868867357731,144.25047451395923,142.6029379847077,143.54112243652344,7762278
2015-09-15,143.2436667849156,145.4861394820157,143.01484526034068,145.09713745117188,5374153
2015-09-16,145.82936045997096,147.75147192378574,145.16577267584788,147.43112182617188,5804856
2015-09-18,148.7354245632343,150.10836446695103,144.04453477422587,145.53189086914062,13322309
2015-09-21,144.7996575552326,145.21154715918212,143.42671759104314,143.8157196044922,7060328
2015-09-22,144.5708377289888,145.6463151761567,141.87072207195018,142.8546600341797,15513834
2015-09-23,140.49779927965943,146.01244746594995,140.49779927965943,144.66238403320312,12103872
2015-09-24,144.0674210397258,147.9803068001445,143.93012813842904,147.6141815185547,14665105
2015-09-28,147.88878771788157,148.73543276943693,145.71495611210534,146.1039581298828,6603226
2015-09-29,145.96667639338523,148.73544415501974,145.07426697013884,146.63026428222656,8618175
2015-09-30,147.36250785928874,150.95503323714877,146.44721082000203,150.47450256347656,13981834
2015-10-01,149.67362550395873,152.7856311646774,149.67362550395873,150.45162963867188,6445786
2015-10-05,151.0236823759467,151.71015786238888,149.5592136667545,150.79486083984375,9680157
2015-10-06,151.9389881506198,157.27057920053366,150.4745084789359,156.9044647216797,11133386
2015-10-07,157.40784707912258,160.17661458014976,156.65273064759376,158.9180908203125,11119883
2015-10-08,158.6892593008848,158.6892593008848,153.49496197866907,155.18826293945312,9729114
2015-10-09,156.0120404416386,157.79687023746632,155.6916902806919,157.17904663085938,5747871
2015-10-12,156.99597980667284,159.44438649013105,155.0738572021289,155.94338989257812,6302130
2015-10-13,155.60012760829463,158.30024298730268,155.43994712381186,157.45359802246094,7275026
2015-10-14,157.52226576814166,158.18585360502786,156.74426173394446,157.47650146484375,9432417
2015-10-15,157.43074432737896,161.27497861378163,157.27056381947898,159.90203857421875,9861249
2015-10-16,159.284230370285,160.17663985032476,157.2019270793469,159.6503448486328,10008030
2015-10-19,159.2613113061846,161.0919050924651,157.979900007041,160.63426208496094,11618584
2015-10-20,160.4054371565471,160.7486748671902,159.16979010073777,159.5587921142578,7671159
2015-10-21,159.76474011578946,160.17661884993026,159.1011522717186,159.51303100585938,5676290
2015-10-23,160.2223477610727,164.27252582558188,160.2223477610727,163.99794006347656,9060774
2015-10-26,164.22678792461417,164.6615542235502,162.46484601741656,163.1513214111328,8200648
2015-10-27,162.3275690192092,163.3572713325422,161.66398115005984,162.92251586914062,15515511
2015-10-28,162.1673792118803,164.27255890148797,162.00720959080084,162.55638122558594,10086513
2015-10-29,162.51062175693,162.92251137340378,158.84944478172224,160.17662048339844,7932853
2015-10-30,160.84021287828097,160.84021287828097,151.43555562299863,153.1517333984375,28847862
2015-11-02,152.396633307306,155.46287474351962,151.00080552062357,154.31875610351562,10723717
2015-11-03,154.13569120113021,155.09675255147062,152.30509711685,153.24327087402344,4061707
2015-11-04,154.15854282250586,154.7763663217088,152.85425481203953,153.6322479248047,5171885
2015-11-05,152.85425647395115,155.23402189513524,152.51101877552168,154.29583740234375,5595613
2015-11-06,153.60938793889775,155.34844243491636,153.31191451256132,154.5475616455078,4635192
2015-11-09,151.71011617885284,157.43070740031624,151.183821351353,156.99594116210938,12462025
2015-11-10,155.96626364010874,157.91127379968233,153.38056408809442,154.11279296875,7507146
2015-11-13,151.2067147043552,152.7627226498811,149.69648193664506,150.93212890625,19348452
2015-11-16,151.0236885251071,155.14251985519806,150.84063128877128,154.82215881347656,9111652
2015-11-17,156.60694048217778,160.29100430440266,155.18823645855892,159.76470947265625,12018593
2015-11-18,160.6342799393492,160.70292095903832,157.47651020219078,159.19268798828125,10350049
2015-11-19,160.17664854692507,161.54958879340546,159.62747679958673,161.1148223876953,17590094
2015-11-20,161.20633218611624,161.20633218611624,157.01884943265156,157.6366729736328,10237807
2015-11-23,157.13326899832626,157.81973357071885,153.88397072126952,154.34161376953125,9335921
2015-11-24,155.21112617142802,155.4170709553193,152.07624450486534,153.72377014160156,13590345
2015-11-26,153.83820778593196,157.8883868725684,153.2432609397626,156.88156127929688,9778092
2015-11-27,157.61378419568237,157.88836999773656,155.07383833135174,157.5908966064453,5895769
2015-11-30,157.06459447767176,158.71213097036048,155.85183513540355,158.41465759277344,17919712
2015-12-01,157.97990335283862,158.8036716619243,156.05778092434934,158.46043395996094,10516942
2015-12-02,158.3460304349989,160.06220820398576,156.69850456315004,159.90203857421875,4813524
2015-12-03,158.3917742117215,159.2155315452403,156.65270919580902,157.13323974609375,5809665
2015-12-04,156.19509102026845,156.40102494726364,153.31190726101062,153.74667358398438,14148517
2015-12-07,153.3119288048752,153.72380759487658,142.12244078943044,143.49539184570312,52829599
2015-12-08,142.32834766201245,145.6234097375743,142.14529047083644,144.04452514648438,19736148
2015-12-09,146.2183701817788,146.2183701817788,144.27336014803686,145.25730895996094,15655011
2015-12-10,145.30309396090286,147.24809339358362,145.07427241790518,147.01927185058594,8649047
2015-12-11,146.9048614501953,147.56844939020073,144.34203831099282,146.9048614501953,9358275
2015-12-14,146.4472013931304,147.5455555939462,145.14290238024512,146.4929656982422,7573029
2015-12-15,146.44719322701107,148.2320119049795,145.5318962976808,147.79725646972656,10478148
2015-12-16,147.82013582374864,148.5752522685484,145.57766320197197,146.1039581298828,8099047
2015-12-17,146.30991094356057,147.24808465322974,144.75390278727053,146.676025390625,9018268
2015-12-18,146.85904922347575,147.82011030664086,144.79963417071207,145.1199951171875,14774200
2015-12-21,146.44720445827784,149.85667245579862,145.09714111202385,149.44479370117188,8352379
2015-12-22,148.7583080283777,148.9642528306315,146.21837289853218,146.5615997314453,6326849
2015-12-23,147.3624841149488,148.27777012862302,146.44718722314278,147.13365173339844,5475581
2015-12-24,147.82013754352687,148.6210183010221,146.7217833715489,148.14048767089844,3799114
2015-12-28,147.6828454101612,149.6736089579472,147.56842921071632,149.28460693359375,9432149
2015-12-29,149.3990029513041,150.1083550088939,147.98029883612452,148.66676330566406,4606143
2015-12-30,149.4219061090705,149.8795600479,148.3922037834371,149.44479370117188,4984557
2015-12-31,148.96424068462468,151.02365590484806,147.98030281277784,150.01683044433594,8342404
2016-01-01,149.9252961578144,150.56600720042516,149.03288691822357,149.87953186035156,1536435
2016-01-04,148.96424616837905,149.23883197368198,147.1565399662703,148.78118896484375,6133919
2016-01-05,148.7811794896529,149.37611536325386,148.30064892190964,148.66676330566406,6040492
2016-01-06,149.6507179796095,149.6507179796095,143.95300282615727,144.2047119140625,15821205
2016-01-07,143.60979497406242,143.60979497406242,141.2529167280835,141.68768310546875,12264018
2016-01-08,142.419880787709,145.07424277858502,141.75629300952286,143.54112243652344,10219316
2016-01-11,141.87072817921,144.9827335789734,141.756311976711,144.63949584960938,7141566
2016-01-12,144.27336440108562,145.02849172486881,143.01484061771194,144.22760009765625,7222615
2016-01-13,145.2344414589818,146.63026918270208,143.99879425376506,144.50221252441406,7126884
2016-01-14,143.54113388544118,145.87513508959913,142.90042276671068,145.18865966796875,11933785
2016-01-15,144.20473064262754,145.25732055261068,142.92331920398132,143.65554809570312,8287068
2016-01-18,143.65555028226493,145.82938203298428,143.35808772954184,144.34202575683594,12285620
2016-01-19,144.27336904653038,145.30308222404537,142.7631361066011,143.7241973876953,7099389
2016-01-20,142.05380095231797,146.44721826163646,139.58250643535987,141.3902130126953,10015115
2016-01-21,142.62585903605,142.62585903605,138.96468160270138,140.22320556640625,13042954
2016-01-22,141.41306559568702,143.1292432593784,138.48412847474117,141.2986602783203,15828472
2016-01-25,139.74264464160285,142.71735678162213,139.14770874047804,141.5961151123047,9688748
2016-01-27,141.6190329544022,143.79285399008643,140.47491432969807,143.22079467773438,8839231
2016-01-28,143.1063460817347,147.29381724179655,142.62581553437047,145.78358459472656,14425495
2016-01-29,147.75150168978467,149.1930937366674,145.00562140078935,146.5387420654297,12977498
2016-02-01,145.8293731771374,148.73543365424607,144.09030788217095,148.6210174560547,7634682
2016-02-02,148.23200091033945,149.1472977717805,147.1107701417195,148.39218139648438,7338991
2016-02-03,147.2480557567817,148.39217405746558,146.2641179343207,147.33958435058594,5111345
2016-02-04,147.54556668627475,148.55239235255914,146.9048554884088,147.27098083496094,3309501
2016-02-05,147.82013176207994,149.17019499182763,147.36248874087676,148.25489807128906,6754583
2016-02-08,148.64388531733567,148.6896496149114,143.81570297150853,144.27334594726562,6509280
2016-02-09,143.35810303740098,143.58692459398063,141.75633038507488,142.96910095214844,11915170
2016-02-10,142.83178586573806,143.22077701252573,140.49778459434853,141.41307067871094,8168586
2016-02-11,142.19105697166506,142.19105697166506,136.12722759028821,136.63064575195312,14580660
2016-02-12,136.92813720372456,139.65114073570624,136.76796756416505,137.34002685546875,13703734
2016-02-15,138.66718345647237,140.0401233897341,136.5620038156761,138.98753356933594,12478912
2016-02-16,139.35362125588566,140.040096529916,134.38815738541837,135.23480224609375,10988951
2016-02-17,135.6924504840402,138.1179798673512,132.28298332238893,137.22557067871094,13598699
2016-02-18,137.98071529615112,140.36048087293497,137.68325275765267,139.78842163085938,9751124
2016-02-19,139.58247066191612,140.08587794711298,137.75187695948296,139.37652587890625,7194078
2016-02-22,138.50698181264144,138.50698181264144,134.2737464655597,137.22557067871094,15270590
2016-02-23,136.3560833265691,136.3560833265691,133.93055314050946,134.45684814453125,9198036
2016-02-24,134.09070933078695,135.18906344950557,130.88717557801337,131.61941528320312,14353186
2016-02-25,130.24647422923695,132.8550722553615,129.97188839852896,130.9787139892578,15129076
2016-02-26,132.2601175198439,133.63305746960495,130.49817556072196,133.15252685546875,12468580
2016-02-29,132.71778243892265,138.04937306125822,122.64953717467702,135.30348205566406,79431944
2016-03-01,139.58247203346417,149.6507157395152,139.58247203346417,148.89559936523438,67402048
2016-03-02,150.10837857279026,152.80850521123648,145.73784935718035,146.2412567138672,24680589
2016-03-03,147.82015601288126,148.7354530835799,144.95985946578168,145.60057067871094,10227569
2016-03-04,146.44718111999546,147.24806178764982,144.044528238901,144.25047302246094,11818471
2016-03-08,144.61660053969726,148.2777774085405,144.61660053969726,146.5615997314453,13109801
2016-03-09,145.07426769711213,146.76755793832803,143.10638073510083,146.4014434814453,20903665
2016-03-10,146.3327976289609,147.27098228069366,143.17502767345158,144.66238403320312,13915900
2016-03-11,144.6623490096184,147.36247522139604,144.158941732479,147.0421142578125,12149994
2016-03-14,147.59132081339243,149.1930823803609,147.36249928641595,148.75831604003906,7708725
2016-03-15,149.19306523341194,149.19306523341194,144.15894870597455,144.8454132080078,16209915
2016-03-16,144.86831742395617,148.00319953836708,144.61660830525565,147.3853759765625,9728463
2016-03-17,147.93454228584034,148.73542298131278,147.13365071223615,148.1175994873047,13035516
2016-03-18,148.9184908688462,149.55920199807926,147.36249366661244,148.6210174560547,14383934
2016-03-21,149.53632691049853,153.86109204050118,149.30750537311567,151.68727111816406,16781906
2016-03-22,150.33718508491322,151.38977487645468,147.47688910314437,147.88877868652344,19781991
2016-03-23,148.7354190792912,148.7811833784567,146.60736285089925,148.39218139648438,16015333
2016-03-28,149.65073879429735,150.93215024475,146.584497647562,147.5684356689453,17073110
2016-03-29,146.97351486280934,149.67363096094337,145.9895658617078,146.4472198486328,18701607
2016-03-30,146.7217801849679,150.68043046069033,146.7217801849679,149.81089782714844,14435320
2016-03-31,149.10155179456925,152.16779284983775,148.6896730514673,150.22279357910156,28529105
2016-04-01,149.23883763025495,154.1356724010871,148.96425181454444,153.7924346923828,14850746
2016-04-04,149.65073450094116,152.39661454768648,149.21596816588215,151.34402465820312,14209372
2016-04-05,150.15411842632625,151.1838314417939,148.3692999378588,149.3990020751953,8964083
2016-04-06,149.58210526811894,150.52028997671178,148.73546006121092,149.1473388671875,6892514
2016-04-07,149.65072317414365,149.65072317414365,145.9895355514149,146.1954803466797,10412846
2016-04-08,146.21837524589358,147.56842764308524,145.98954284943468,146.99636840820312,4985755
2016-04-11,147.3624944471974,150.24566734868705,145.07425749630963,149.76513671875,14365804
2016-04-12,148.73544561284282,149.03291904955174,146.90485156339324,147.54556274414062,6187731
2016-04-13,148.73543739714077,152.25932150126897,148.50661587313235,151.59573364257812,12397612
2016-04-18,153.3119378663673,154.84505865918848,151.50423119731582,153.4949951171875,14746380
2016-04-20,153.4720846930931,154.8221370604497,152.21355005291198,153.5407257080078,9345601
2016-04-21,153.58648846753982,153.99837806541902,149.92531165761454,151.0007781982422,7212220
2016-04-22,149.17021440117927,151.54998017734457,148.4837389019212,149.1015625,6515084
2016-04-25,147.04212762603478,148.96425006975952,146.63024890729326,146.8819580078125,6324530
2016-04-26,143.33516050814345,150.26852172310433,143.0148104517091,149.83375549316406,15023308
2016-04-27,149.21594520163774,153.0830664390472,149.21594520163774,152.64830017089844,9677599
2016-04-28,151.02369757784408,151.93899469252213,147.1565751549768,147.77439880371094,20225037
2016-04-29,147.88879741681623,149.23884989406724,146.49296975505288,148.71255493164062,10729330
2016-05-02,147.93452604613822,148.27775282213986,146.17258435826557,146.9734649658203,3388196
2016-05-03,147.17943111501074,148.02608708161083,143.70131127226327,144.63949584960938,11124246
2016-05-04,144.15895827674532,146.21837367583393,141.93936237748198,143.08348083496094,6402669
2016-05-05,142.78603487256916,146.58450511117886,142.6029667604977,145.37173461914062,6576427
2016-05-06,143.22077591491265,146.17261158782358,140.04012960079734,145.3946075439453,16183901
2016-05-09,146.44721233271213,149.1473282922716,146.21839079006025,148.6439208984375,8857475
2016-05-10,148.7354255909803,149.19306860267085,147.22519277426952,148.0489501953125,8564326
2016-05-11,146.44718776432907,147.24806846831953,144.662358274805,145.53189086914062,11154663
2016-05-12,146.01243036474625,146.95060402846482,144.20472405370518,145.62342834472656,5782937
2016-05-13,145.531880522836,147.22518129027253,144.22758172405912,146.1497039794922,9804509
2016-05-16,145.66917764229328,151.02365500743025,145.12000605516715,150.7490692138672,13469690
2016-05-17,151.0236809075282,152.60256580848687,150.42873404131186,151.25250244140625,12444300
2016-05-18,149.9253217941501,153.22038440930356,149.1015534208285,152.2593231201172,7908685
2016-05-19,152.85424552144568,152.85424552144568,147.59129686431984,148.66676330566406,8918517
2016-05-20,149.5363013468526,155.00519498511383,148.6438920645527,151.183837890625,21044560
2016-05-23,160.01644254589812,162.23603853344542,155.3713275155292,158.7350311279297,54852807
2016-05-24,159.2613073574154,161.0003724990762,158.6434838735373,159.28419494628906,16271995
2016-05-25,160.35967839669007,163.58609993450153,160.10798016123294,162.9453887939453,10338908
2016-05-26,162.92253390256718,166.58371138404786,161.82417957030958,165.87435913085938,13074273
2016-05-27,166.10316804316187,166.53793439973327,163.01405011818963,164.43275451660156,10925400
2016-05-30,165.8061869224624,168.19898597924094,165.52468508711934,167.26063537597656,7646107
2016-05-31,167.02606198015314,168.64470322056187,163.85912708269888,164.70364379882812,15054842
2016-06-01,165.6185004513655,169.93490605084818,165.6185004513655,169.5595703125,12409528
2016-06-02,168.83235134861914,169.13730605925417,165.71233399847648,167.96437072753906,13708259
2016-06-03,168.83237455460372,168.83237455460372,165.40740202306404,166.04078674316406,7381218
2016-06-06,165.94695638793607,167.47176364006006,164.8443907555236,166.83837890625,7694861
2016-06-07,167.49517899092285,170.66210173893893,167.49517899092285,170.19293212890625,11008034
2016-06-08,170.77941488063058,171.24858453231982,169.23114387793697,170.21640014648438,7611794
2016-06-09,170.12258906852566,170.28680404473525,165.43084731292032,166.13461303710938,12065100
2016-06-10,165.64197900822333,168.2693517108502,164.23445871411042,164.53941345214844,11163385
2016-06-13,163.55411152400944,165.87651768998683,162.1700445248204,164.16403198242188,12184759
2016-06-14,164.63323964187984,166.08767674037637,163.17879139126399,165.75924682617188,7849407
2016-06-15,166.08770001418688,168.90274067362625,165.97040200665987,168.69161987304688,9890057
2016-06-16,168.62121929765604,168.62121929765604,164.72707756787094,166.5099334716797,9057747
2016-06-17,166.72105078488352,169.23113618765422,166.72105078488352,168.83233642578125,9326214
2016-06-20,169.13731004426305,169.37190603782904,166.60377145240537,167.9878387451172,9020745
2016-06-21,167.72977854717232,168.7619629321393,166.79142809246423,168.19895935058594,6913784
2016-06-22,167.002574870091,168.50392903993037,165.40738676164418,166.41610717773438,9255264
2016-06-23,166.5568809420642,169.6065178216651,166.5568809420642,169.02005004882812,8991200
2016-06-24,165.40739440324504,168.94965362962432,164.30482884549022,166.13461303710938,12511364
2016-06-27,166.1346205265174,169.55959305467792,166.1346205265174,168.4101104736328,10639592
2016-06-28,168.90274444415024,173.1956865640838,168.41011064493284,172.89073181152344,16301081
2016-06-29,173.5710065072669,173.5710065072669,170.77941912995797,171.8585205078125,11999827
2016-06-30,172.65610150818708,174.39205149219202,171.78813209224407,172.84378051757812,21706947
2016-07-01,171.22513497514214,182.80200509019144,170.73250125517242,177.59417724609375,29020448
2016-07-04,178.75539344189104,178.75539344189104,171.71778110747144,172.35116577148438,14535927
2016-07-05,173.01976019546382,173.82908082309189,170.4510362318322,171.40110778808594,9335877
2016-07-07,172.06965270353973,174.99027029625555,171.64739997848065,173.8290557861328,9305981
2016-07-08,174.11054770346357,174.11054770346357,170.66211183334005,173.01971435546875,7165465
2016-07-11,174.7439329139623,177.06633935745378,173.65309956207574,175.34213256835938,7547920
2016-07-12,176.6089303081002,177.3126848810968,173.82906350037166,174.8143310546875,4302932
2016-07-13,174.84951185187356,175.37733052347843,173.12529378265265,173.89942932128906,4510416
2016-07-14,173.82905223541354,176.6441038013329,172.49191305731276,175.02545166015625,6326605
2016-07-15,175.2365626586279,177.7349160246494,174.21611035173774,175.13099670410156,9705885
2016-07-18,175.2717646952959,175.9051493321392,174.25131228883285,175.16619873046875,7088259
2016-07-19,175.23658935249654,175.94034390301096,172.8438015765069,175.2717742919922,6980063
2016-07-20,175.27174026508234,177.34784087832048,174.49760483374544,176.1162567138672,9671252
2016-07-21,178.05163195653563,178.40351481199875,173.47718829187636,176.36260986328125,12168179
2016-07-22,178.1571998886131,180.30367083279873,173.93462788083647,175.8347930908203,16388121
2016-07-25,175.58849498575023,177.3478983184926,175.2366120887774,177.1719512939453,9212323
2016-07-26,177.1015814058238,178.4387208013501,176.29224962757414,177.1719512939453,7080363
2016-07-27,176.64411926902662,178.54427338754465,173.33644482036055,174.11058044433594,9241105
2016-07-28,175.5180669963922,179.7406383263321,174.70874658674842,178.96649169921875,11787316
2016-07-29,178.8961351065601,180.51478719809347,176.92560018606392,177.66455078125,12596909
2016-08-01,177.3478773977298,179.59991429014923,175.62365921244484,176.36260986328125,9926094
2016-08-02,176.64410838839578,184.38548645555085,176.64410838839578,183.5409698486328,17425566
2016-08-03,182.97794686357463,182.97794686357463,176.8200363162164,177.8404998779297,11408861
2016-08-04,178.75539376895264,179.35359349498165,176.0810930474536,177.41824340820312,8995366
2016-08-05,177.45342660845074,180.5147950868826,176.71448713309138,177.7349395751953,4533189
2016-08-08,178.05163761475674,179.28322207195538,175.5884798524802,175.90516662597656,8739307
2016-08-09,175.94033608379624,175.94033608379624,173.19566557846906,174.2864990234375,9718838
2016-08-10,174.5328408751572,174.81434272314544,172.98456955910052,173.47720336914062,5457692
2016-08-11,173.82906194440605,177.91088303973189,173.51237517742246,177.1015625,11158153
2016-08-12,176.3274062186749,179.8110273799422,176.15147037453937,178.8257598876953,8603626
2016-08-16,178.9313412507017,181.57044605252938,178.36833757932985,179.529541015625,10689714
2016-08-17,179.14245017631114,180.69072122568778,177.48861316409162,178.54425048828125,8649054
2016-08-18,179.03686664119147,179.74063222299037,176.9959620669404,177.45339965820312,6939437
2016-08-19,177.3478831700048,177.62938500268936,175.76441584494268,176.6089324951172,5531361
2016-08-22,177.10155292838314,179.28320869541562,176.99598696105386,178.8257598876953,4345966
2016-08-23,179.03689938270168,179.4591521177298,176.1514778130419,176.9256134033203,6694732
2016-08-24,176.7848261950912,177.34784087832048,175.30692519774726,176.1162567138672,5590189
2016-08-25,177.4182493037907,179.45915427581676,176.1162949910404,178.3683319091797,9884849
2016-08-26,178.29792614819067,179.38875951565996,177.3830397621204,178.6146240234375,4936367
2016-08-29,178.0516395896702,178.72022038934855,176.67930420101587,177.910888671875,4437169
2016-08-30,178.54423575713545,181.50003786438327,178.08678700659897,181.07777404785156,7989072
2016-08-31,181.78156866815505,184.0336055422086,180.44441828914816,183.01315307617188,13265582
2016-09-01,183.68173217773438,185.08925250869353,182.3445817296567,183.68173217773438,8695602
2016-09-02,184.38547523466772,185.58186346555124,183.1538909145527,185.01885986328125,9506919
2016-09-06,185.089225794161,187.13013053708735,183.7520866911979,184.80772399902344,9519864
2016-09-07,185.79298758939183,186.46155712703828,184.3854674907114,184.94847106933594,6656556
2016-09-08,185.44112408426736,186.88384042091243,184.87812044702454,186.4263916015625,8645619
2016-09-09,185.08922920998924,186.1096816002849,180.90185368565196,181.78155517578125,10131678
2016-09-12,180.1277542841199,180.65557305363004,177.1719513314683,177.52383422851562,7627126
2016-09-14,176.64410983749985,178.12201112370042,175.62365737382433,177.2423095703125,13020551
2016-09-15,177.6997114816743,181.50002990317208,177.6997114816743,180.09249877929688,8077776
2016-09-16,180.16291628661136,184.526239119714,179.74066355519636,183.22427368164062,14578809
2016-09-19,184.0336092561926,184.80774485624877,181.74638739635736,182.16864013671875,6724348
2016-09-20,182.4149645502877,182.45014949207285,179.6351088025986,180.8314971923828,6944197
2016-09-21,180.65556532063167,182.13346673369557,178.05164537648872,178.50909423828125,9139238
2016-09-22,179.7758522317568,181.00743666413496,178.57945273969787,179.63510131835938,7988449
2016-09-23,179.45915427581676,180.8666857137442,177.20711735767748,178.3683319091797,5143011
2016-09-26,178.0516141256778,178.22756111184947,174.18092540745184,174.5679931640625,10060086
2016-09-27,174.99024913839648,175.4125018124015,172.42151470320587,173.01971435546875,6900812
2016-09-28,173.33641614062333,175.5180717337764,172.77340141044633,173.79385375976562,7646466
2016-09-29,174.6032025160562,175.44770796620244,169.606495084817,172.91416931152344,18104875
2016-09-30,172.87898616201957,173.79387265187518,169.25461398990052,169.85281372070312,9912734
2016-10-03,171.8585278896753,171.8585278896753,169.99355888149177,170.52137756347656,6714964
2016-10-04,171.0140228007171,171.68259243268966,169.14905366719296,169.74725341796875,8002732
2016-10-05,170.1694752952408,171.18992760446395,168.33970258632988,169.04345703125,6470467
2016-10-06,170.31024538637615,170.31024538637615,165.84136791289058,167.0729522705078,8986109
2016-10-07,167.42482197717382,169.07867018191828,166.61550149580503,168.1637725830078,4164582
2016-10-10,170.31025324755896,170.73251713372994,168.58604621942874,168.97311401367188,5241260
2016-10-13,168.97310421649632,169.92317560105448,166.7562523989944,168.1637725830078,11089281
2016-10-14,168.1989518487238,169.25458909311334,167.53037118529969,168.83233642578125,9579094
2016-10-17,168.8323783966183,170.13433280864024,167.8471107757925,169.32501220703125,6379993
2016-10-18,169.60649713975224,173.5123711383922,169.11386337847148,173.09011840820312,12234489
2016-10-19,172.87899378141068,172.87899378141068,167.7767201031817,168.5156707763672,8734555
2016-10-20,169.60648527328885,169.85280213669574,167.56558049198577,168.44528198242188,4572220
2016-10-21,168.1989802442037,169.7120664977324,168.02303323902288,169.00830078125,10999941
2016-10-24,169.60649684049736,170.3102513895708,168.69161035064175,169.85281372070312,9944640
2016-10-25,170.94364306488785,170.94364306488785,167.60077279349497,168.0230255126953,6177333
2016-10-26,168.797161073956,170.6621300999676,164.32828355136212,168.0230255126953,24852951
2016-10-27,169.74726114416637,172.28080002497936,168.65642756688035,171.08441162109375,15943817
2016-10-28,171.92891714661732,171.92891714661732,168.55086158815962,171.08441162109375,9674418
2016-11-01,170.8732583411947,170.8732583411947,168.30452368660085,168.86753845214844,5730426
2016-11-02,166.79144679253812,168.16378211658483,165.45430756037388,167.00257873535156,4867894
2016-11-03,166.8266694151177,170.52141208921145,166.0877186498745,169.1138916015625,9210542
2016-11-04,176.99599245696302,180.44441763478446,173.86425403884303,175.2717742919922,36621117
2016-11-07,178.61464698598448,182.731652980758,173.82906021933292,180.51480102539062,25202734
2016-11-08,180.514793344257,181.14817799710772,177.48862098595683,179.88140869140625,10317962
2016-11-09,168.3045390739385,179.45915791796267,167.88228632526292,174.63839721679688,23914156
2016-11-10,177.94604471928122,178.05161067851657,172.8085868694077,176.6792755126953,12012673
2016-11-11,174.5328428579194,175.20141254251703,169.60651585367472,170.97885131835938,13232720
2016-11-15,170.27506417553641,173.758685391305,165.94693751216096,167.14332580566406,22012736
2016-11-16,167.46002721984544,168.2693477454489,160.49278464238816,162.49850463867188,31846924
2016-11-17,160.77427914680527,164.680164142532,160.73909420871615,162.92076110839844,9640577
2016-11-18,161.86512177149584,162.8503893107968,159.82421681272697,160.35203552246094,8575440
2016-11-21,160.5983307446804,160.8798325316182,157.36102673853858,157.7832794189453,7878052
2016-11-22,158.34631727762803,160.52797317329097,157.2906798463345,159.12045288085938,9570300
2016-11-23,159.9297594855105,160.3168272263996,157.29065516920178,158.0999755859375,10720504
2016-11-24,158.34631736350667,158.52225321811082,156.305412380768,157.29067993164062,18697423
2016-11-25,157.99442697578112,162.18181386751488,156.97397453302318,161.02059936523438,7890103
2016-11-28,160.73911665390102,164.82093806216793,159.96498099512317,164.46905517578125,9472016
2016-11-29,164.01160054415394,165.84138479778488,162.04106537133924,162.6040802001953,8945347
2016-11-30,163.27262888991234,164.96166200748527,161.26690903286922,163.62451171875,11507955
2016-12-01,163.83565907035316,165.38393028045328,162.60407462953688,164.3282928466797,5358757
2016-12-02,163.97641761944791,163.97641761944791,160.4576111402063,160.8094940185547,8693600
2016-12-05,161.09099001540693,164.11716258558428,160.0705375117072,163.6597137451172,5320355
2016-12-06,163.97642518049472,163.97642518049472,161.2669391596094,162.00588989257812,5100487
2016-12-07,162.92077604118637,162.92077604118637,159.40195849827606,159.89459228515625,8419775
2016-12-08,161.19651316535732,165.5950199362678,160.66869458327162,164.1875,7648947
2016-12-09,164.71535131821886,168.62122521488564,163.65970279212624,166.19325256347656,8648965
2016-12-12,164.82091496850526,165.1727866534685,163.23744777769133,163.4837646484375,3155645
2016-12-13,165.24315470924986,166.72105581770364,163.41337079133768,165.8413543701172,7727181
2016-12-14,166.08767474518928,166.43955756211307,163.27262336191802,164.0819549560547,6556449
2016-12-15,163.27264393937367,164.96167721263123,160.80948621471055,161.65399169921875,5538310
2016-12-16,162.42812496537854,162.42812496537854,159.05006985152798,159.29638671875,13422991
2016-12-19,158.59262660655162,161.16135018140264,158.59262660655162,159.7538299560547,5665425
2016-12-20,160.8094882915151,162.4281405525744,160.1057225598821,161.82994079589844,6145411
2016-12-21,161.16133853207046,161.72435327278492,158.69818110378762,159.2611846923828,13379223
2016-12-22,158.52224747641452,160.7390993855833,157.81849293136744,160.14089965820312,6668113
2016-12-23,160.10571261680397,160.10571261680397,157.5017929540185,158.1351776123047,11177602
2016-12-26,158.27594769718306,158.9445285273591,156.23504256787413,158.34632873535156,9071721
2016-12-27,159.05007047388452,165.31354699165036,157.88885600836858,164.71534729003906,16206836
2016-12-28,163.76527245976018,166.36919216707287,163.76527245976018,165.70062255859375,14711711
2016-12-29,165.5950737090496,166.79146214013264,163.4837875430026,166.08770751953125,14593942
2016-12-30,167.1081429190069,170.5917641775587,166.29881124829393,170.06393432617188,10821396
2017-01-02,170.31024377675573,170.48619077024952,167.91745611262238,169.57130432128906,5075736
2017-01-03,169.5360969715521,172.9141518881133,168.37489373051764,171.26031494140625,7798116
2017-01-04,170.90848153376686,173.82908852441815,168.97314223926836,172.73826599121094,9668664
2017-01-05,172.0696546947364,174.42725752920225,171.7881528747728,173.6531219482422,9532162
2017-01-06,173.82907496546113,175.23660650853088,170.4510304880336,170.8029022216797,8404984
2017-01-09,170.908428681206,173.54753298600474,170.38061005067004,173.01971435546875,5041639
2017-01-10,173.12531080384295,175.83479660757908,172.91417885359525,175.20140075683594,12438618
2017-01-11,175.79959688487355,176.29223065720007,173.54755996912976,174.2161407470703,7931415
2017-01-12,174.32167206947256,174.32167206947256,171.8233297564606,172.17520141601562,5816779
2017-01-13,173.12530708145866,176.64411336528485,170.6621382219321,175.69403076171875,4553691
2017-01-16,175.4125119310546,176.53853027880774,173.89942582177255,175.0958251953125,4813933
2017-01-17,175.09584228257842,177.5589999915811,175.09584228257842,177.31268310546875,4996927
2017-01-18,177.06637770669562,178.96653188621318,175.79960825368389,176.53855895996094,7534139
2017-01-19,175.76440842882428,179.28321464527303,175.62365751842077,178.8609619140625,9538148
2017-01-20,178.93132995444014,180.37404628746083,178.54426216677808,179.74066162109375,11261533
2017-01-23,179.5295243487113,183.0835153626382,179.49433941054724,182.7316436767578,11101905
2017-01-24,182.69647424391576,183.50580600461882,181.11301797005058,182.87242126464844,8341113
2017-01-25,182.94274413566774,187.48201328302252,182.69642729164164,186.84861755371094,18123606
2017-01-27,185.44113538743943,187.8691193893723,180.23330681703032,181.148193359375,25440485
2017-01-30,181.8519437734626,183.68171670392857,179.81102775577676,180.23329162597656,9253765
2017-01-31,180.3036426510543,182.9427469553884,179.17762436845368,181.6407928466797,10380649
2017-02-01,182.9779518956966,190.08594517277288,181.92231451939458,189.804443359375,35144107
2017-02-02,190.71935642884304,196.98283362093017,189.66369666279545,193.04176330566406,30867395
2017-02-03,192.8305720067192,193.88620914364097,190.36740381774504,192.16200256347656,9356904
2017-02-06,193.46402344773958,196.34943394081495,192.90099748205537,194.80116271972656,8538188
2017-02-07,196.0679207050557,205.60387551892302,193.95664594533488,195.0122833251953,25251605
2017-02-08,193.8862494628958,196.3494181640936,191.423080761698,193.39361572265625,11114871
2017-02-09,194.23816483577727,195.92717587034423,191.88056184108854,195.3993682861328,5070408
2017-02-10,196.13831172795994,196.419813572655,191.10643000964157,192.37319946289062,7975779
2017-02-13,193.81587133771475,194.48444089153278,189.03029619517451,190.43780517578125,9312915
2017-02-14,190.01557912552798,192.47874792270815,189.4173793959099,190.57858276367188,6911954
2017-02-15,190.86008455609087,193.88625699099236,190.86008455609087,192.40835571289062,7827599
2017-02-16,190.05076628453827,191.0712299666833,186.98940869446628,187.65798950195312,10982700
2017-02-17,188.15058895430153,189.24142232100377,185.79298639174078,188.71359252929688,9700816
2017-02-20,187.20054398519773,188.22098532049188,186.88384606559285,187.2357177734375,5934404
2017-02-21,187.20052468092896,187.37646051670865,183.54095669721298,185.19479370117188,10251239
2017-02-22,186.0745144519539,187.37647991916936,184.13917544949925,185.40594482421875,8815003
2017-02-23,185.79298985606525,188.74879213626213,184.10395679534727,186.95419311523438,12837302
2017-02-27,186.8838364825914,187.20053438595664,181.4648652516655,186.2152557373047,5270544
2017-02-28,185.0892334720281,186.21525185140715,183.6113434101904,184.52622985839844,8558167
2017-03-01,184.6669777514389,189.8044358265996,184.6669777514389,188.95993041992188,15139871
2017-03-02,188.95994717306792,190.19152045502713,185.44112972478837,186.32083129882812,10453722
2017-03-03,184.38549981246382,185.37076739988777,181.67601394704792,184.0688018798828,10371862
2017-03-06,184.87810536581125,186.5319423554525,184.0687737631447,185.86337280273438,9927375
2017-03-07,186.004159718409,186.49679353226418,183.78730755606074,185.96896362304688,7183529
2017-03-08,186.109665066958,186.8486155912752,185.4410955625313,185.89854431152344,5993605
2017-03-09,187.27091004576306,187.4116498043335,184.59660928627716,186.46157836914062,9847115
2017-03-10,186.46158225244483,186.53196328531615,184.84293001760977,185.40594482421875,5880374
2017-03-14,187.3412898092381,191.17679414837573,186.63753521865385,187.9746856689453,18508020
2017-03-15,186.63752386687247,190.50821291208365,186.63752386687247,188.74880981445312,14475482
2017-03-16,190.1915129769839,190.8952786693929,188.25617405103927,188.92474365234375,9020039
2017-03-17,194.8011684768301,203.31668274872297,194.8011684768301,197.9329071044922,54015422
2017-03-20,199.0940854853259,200.00898307518912,195.50490960919046,198.39031982421875,16509511
2017-03-21,199.3052255723384,203.10553353278974,199.16446351265938,202.61289978027344,13734401
2017-03-22,200.5719730374679,202.57768161572372,196.06789987788133,196.94760131835938,12874461
2017-03-23,195.29381163148224,198.8126182445092,193.60477821204123,195.3641815185547,17547913
2017-03-24,196.2438454899235,199.1644517414246,196.17347561636313,197.75694274902344,7398317
2017-03-27,197.3698746547865,199.09408153165586,194.4492461039786,198.17918395996094,12623097
2017-03-28,198.1792106982615,198.60147460435996,197.08839944791018,197.4050750732422,6532115
2017-03-29,197.19393962755046,199.65710852909484,197.19393962755046,199.30523681640625,8828112
2017-03-30,199.8682422431443,200.3256799345267,197.08839769733206,198.98854064941406,14948411
2017-03-31,197.75691588303656,199.1644246842226,196.17344896549594,197.2642822265625,9929324
2017-04-03,199.0237292706642,199.5867329164965,196.1031227656383,198.14402770996094,7507187
2017-04-05,199.30522280775315,199.51635474222294,195.43452271903314,196.31422424316406,10685034
2017-04-06,195.78641833911888,196.45498793433893,192.26761221333763,192.90098571777344,16243974
2017-04-07,192.1268752129021,192.93620697257742,190.64897377080746,191.8805694580078,9480161
2017-04-10,193.53437959578721,193.53437959578721,191.49347473970258,192.513916015625,5687364
2017-04-11,192.19721528006227,198.8829325953422,191.28231778662447,198.49586486816406,11355730
2017-04-12,198.2495800745409,200.43122462846202,196.73648278794855,198.39031982421875,7507416
2017-04-13,198.3903254671791,198.4607176482595,195.29378323531753,196.45498657226562,4085766
2017-04-17,194.6251926437601,198.81256788389175,193.92142703857485,196.41976928710938,5017073
2017-04-18,197.19395300964138,199.86825404198046,195.71607387266346,196.3846435546875,4497780
2017-04-19,197.8625350778462,198.10884082024853,195.54010589848875,196.1383056640625,5143709
2017-04-20,196.84208654383252,198.10885605533545,195.89201498626622,196.70132446289062,4400814
2017-04-21,198.460741087336,198.460741087336,191.91573955369748,193.07696533203125,9041742
2017-04-24,194.51965496307224,195.3289866418913,190.82491287908022,194.76596069335938,7392939
2017-04-25,195.6456346174045,198.46069704972442,192.76022461978545,197.9680633544922,13211107
2017-04-26,199.37560283507142,206.13171356087165,198.46072747811078,204.72418212890625,19671557
2017-04-27,205.07611112159472,205.42798288748904,200.22016477017993,201.13504028320312,14075606
2017-04-28,201.13497026706258,201.62760395037316,195.18819228553735,195.6456298828125,12851433
2017-05-02,197.40506393791696,197.9680898823694,194.59002343261702,196.4901885986328,7298698
2017-05-03,196.70127311700236,196.70127311700236,193.88623297117985,195.11782836914062,6271881
2017-05-04,195.57526808803314,198.60144018064622,194.34369498103774,197.89767456054688,8070845
2017-05-05,197.72177096340985,197.72177096340985,194.51966251983626,195.04747009277344,4192254
2017-05-08,195.32897909057044,195.99754868034978,191.81015068918475,192.0916748046875,11038927
2017-05-09,192.47874414049693,194.69558486227788,190.71934107768917,191.0712127685547,7008749
2017-05-10,191.5638369952051,194.02700562153385,191.42307494331249,192.79541015625,4754549
2017-05-11,193.88625549458038,196.45499024175845,192.83061810529526,194.69558715820312,9778012
2017-05-12,195.15301303973902,195.15301303973902,192.86580255175713,193.49917602539062,4672675
2017-05-15,194.16774623537316,196.2790431977473,193.8862444345711,195.6104736328125,5673245
2017-05-16,195.9975604386597,200.07937040320772,195.64566642529033,199.48117065429688,11635819
2017-05-17,199.93859291484623,200.14972484573406,196.52535284346504,198.21438598632812,8617269
2017-05-18,195.64564147844982,197.79211216061333,194.97707193381112,195.5752716064453,8229448
2017-05-19,198.63665949256176,208.06704853092464,198.4255275514228,201.41650390625,37099971
2017-05-22,205.81499796247584,214.5064469324076,205.0056886476485,213.6619415283203,37323445
2017-05-23,212.4655514946748,213.8730828676696,209.89683908010736,211.23397827148438,20546707
2017-05-24,211.1283990477643,212.50073424378922,209.65049789018065,211.0580291748047,9822098
2017-05-25,211.1284086461289,214.43608278070707,207.8559082975103,211.16360473632812,23646915
2017-05-26,212.5359165501306,220.8402970607278,210.81168749264094,217.53262329101562,22579834
2017-05-29,213.9434574342324,225.09807578176955,213.59158573539145,222.2830352783203,20422509
2017-05-30,220.2069342289419,221.82559757352888,218.201225398236,219.18649291992188,8876322
2017-05-31,219.1864640794982,220.5587992109724,216.05472607712045,219.43276977539062,12782086
2017-06-01,219.57357020229574,222.91644070222273,218.7290424019192,221.12184143066406,8570891
2017-06-02,222.45894303205935,225.1332434399149,221.82556959329008,224.64060974121094,11500232
2017-06-05,225.1645156846906,227.48765023443286,223.94933691546115,226.91578674316406,9847609
2017-06-06,226.95156291169948,228.02377027501853,221.09013698396762,222.341064453125,10220219
2017-06-07,222.51974291236337,224.98582643381738,221.84067906203146,223.1988067626953,11978598
2017-06-08,223.7349327365202,223.9136528539964,221.16162583524962,222.73422241210938,8081100
2017-06-09,222.12658868913064,223.4489677765038,217.80198860888495,218.7312469482422,10453119
2017-06-12,219.44610249363726,219.80349741907114,216.22945754735758,217.58758544921875,6507632
2017-06-13,218.05222626231495,218.73129021394567,216.01501175307908,218.19517517089844,5303687
2017-06-14,217.98070372373527,218.7312646964399,213.83482338897986,214.33518981933594,15135338
2017-06-15,216.55111338193694,216.55111338193694,214.08502964536774,215.80055236816406,7713717
2017-06-16,216.2294426726684,221.30458165989785,216.2294426726684,219.30311584472656,12798297
2017-06-19,220.8756753090327,222.91288954370395,220.23235999842217,222.23382568359375,7251573
2017-06-20,223.02013837321988,223.16308727909714,220.23238551083747,220.6612548828125,8579082
2017-06-21,221.1615968913299,222.30530128351748,219.58902317462014,220.83995056152344,8598645
2017-06-22,220.62550219261956,224.5926849912929,220.3038332119416,222.51974487304688,9289243
2017-06-23,221.59047023954804,223.66341020586455,220.58973747590022,222.30528259277344,7453263
2017-06-27,222.84140219405492,226.23674429749346,222.30530985414882,223.27029418945312,10061814
2017-06-28,222.7341911765189,222.7341911765189,219.51754667385163,220.4110565185547,8224059
2017-06-29,220.94720247209682,223.9136528539964,220.58978489148808,222.73422241210938,10311615
2017-06-30,221.76918911238104,232.09816405057563,221.76918911238104,231.34762573242188,24090343
2017-07-03,247.32356354906958,253.61388072383355,243.2491579372767,244.8217315673828,48892799
2017-07-04,245.03615193491225,245.50076973497303,240.35415742731251,241.0689697265625,11664585
2017-07-05,241.0690388275885,241.49793086094533,236.0653739529045,236.63723754882812,12439637
2017-07-06,238.96031110817793,242.1412069794734,236.81589659792164,240.96177673339844,13946670
2017-07-07,241.60513089687186,241.7480797915031,238.06681726679705,238.9603271484375,10301830
2017-07-10,237.6379319144746,239.46067745141036,236.60145055370842,238.24549865722656,1316454
2017-07-11,239.46064960696398,239.49639815122666,235.88661073684028,236.1725311279297,8657755
2017-07-12,234.742928914651,238.4599166490682,234.02811661054392,235.0645751953125,10643992
2017-07-13,237.3162609014891,242.67731978396816,236.60144851962394,242.14120483398438,18165609
2017-07-14,242.9990091101113,242.9990091101113,239.31774655674724,240.99754333496094,5801768
2017-07-17,239.46067043776063,239.46067043776063,229.23891928618534,232.41981506347656,21102802
2017-07-18,209.18860302587692,209.18860302587692,197.5729733199016,203.39865112304688,155236591
2017-07-19,205.72174039094423,209.36725394499697,204.5780360938982,208.33079528808594,40641441
2017-07-20,210.153603776918,210.79694188467462,206.1506715180208,206.93698120117188,15896377
2017-07-21,208.36656629840544,208.54526376197975,204.828274963997,206.50807189941406,13681787
2017-07-24,207.29434260964123,211.11855411679886,205.9362148077485,209.6174774169922,18479650
2017-07-25,210.8683657084979,210.9755887007094,207.90191578410602,208.29505920410156,9927828
2017-07-26,208.7239814342511,210.3322812419188,208.36656385694667,209.90341186523438,9564282
2017-07-27,210.65394886085528,211.15431534227096,204.9712201049935,206.25787353515625,19620418
2017-07-28,210.3679998197124,210.68966879714736,205.2571126927136,208.40228271484375,19206912
2017-07-31,206.93693387321395,207.5087747353164,203.36289450356287,203.89898681640625,22065527
2017-08-01,203.93473126356062,206.25784321450064,203.72028528100063,205.75747680664062,14063559
2017-08-02,207.1513450757024,207.22284217003394,203.2199110610332,204.0419464111328,10247374
2017-08-03,203.72030996769985,204.0062304276475,200.61088815246205,201.14700317382812,10592033
2017-08-04,200.4321706472463,203.29139761505274,199.8960556795086,200.68234252929688,11717562
2017-08-07,201.28990602270815,202.29063873073468,199.75308107031293,200.03900146484375,8776750
2017-08-08,200.2177335452784,201.14699197914823,195.50001223718897,195.96463012695312,13231816
2017-08-09,195.8574053009398,196.85813817289431,193.28409867429713,195.03536987304688,10291858
2017-08-10,194.89242706737232,196.32202931886277,193.53427661052888,195.21409606933594,10380837
2017-08-11,193.71300913054006,196.17909299497387,193.06967108537813,194.07040405273438,14964550
2017-08-14,196.14329993614,196.14329993614,193.35554768166568,193.89166259765625,10066349
2017-08-16,194.42779605214977,201.39717816491793,193.96317812941294,199.57443237304688,19412233
2017-08-17,201.46862662634464,202.219164832187,198.6451259095636,200.14622497558594,14231781
2017-08-18,199.61014160283534,203.00548364647162,197.8588704097073,201.46865844726562,15442589
2017-08-21,201.82603192010978,203.72027445965014,200.82529915754736,201.2899169921875,13592218
2017-08-22,201.57587719103165,203.72029177632317,200.3964242493465,202.2191925048828,12417415
2017-08-23,202.64811915549578,204.14921868376484,201.28996854172212,201.96905517578125,9084531
2017-08-24,201.57587481906347,202.64808209909245,200.9325368584418,201.18270874023438,11235986
2017-08-28,201.64736532972003,202.2906806872581,199.6458994985487,201.8975372314453,10358573
2017-08-29,201.82605045356283,202.21919388536148,199.7173617492151,200.324951171875,6377756
2017-08-30,200.9682925251271,202.21919728707243,200.57514908671504,201.5758819580078,6785885
2017-08-31,202.2906546645246,202.39787765271146,200.43216062651803,201.7545623779297,11654017
2017-09-01,201.71882586924428,203.2556736887506,200.64661857772447,202.7195587158203,7526993
2017-09-04,202.6123545248786,202.89827498552964,201.5758956868114,202.3621826171875,8807199
2017-09-05,202.04050752204716,202.9340174300651,201.2899465128805,202.18345642089844,8121365
2017-09-06,200.5036385188074,200.86105603702956,196.75090183068326,197.07257080078125,14710804
2017-09-07,198.00180914157886,198.39497521315334,192.67649873461423,193.28408813476562,19958290
2017-09-08,193.82024755908418,195.35707303200715,192.99821198742106,194.67800903320312,10090288
2017-09-11,194.7137260913979,196.14332831699775,194.07038809912174,195.5714874267578,9672742
2017-09-12,196.9296284583432,198.89534580980245,196.28631307711248,198.4664764404297,11906324
2017-09-13,198.28778193721337,198.35925639078354,193.67726057658325,194.07040405273438,12593161
2017-09-14,194.64222614565955,194.7851976933015,193.28409838759634,194.4277801513672,7312288
2017-09-15,194.42777128632562,194.96388624761204,191.7115158940484,192.497802734375,13653947
2017-09-18,193.71296330783218,194.21332967314888,190.3176217327787,190.8537139892578,10543289
2017-09-19,191.56854196064486,192.9981667366622,188.780800832619,191.46131896972656,35187337
2017-09-20,192.56927709248276,194.42777120021887,191.38984683251522,194.1061248779297,9974675
2017-09-21,194.42780030837656,194.71374343330524,190.92525755295156,192.67652893066406,8058682
2017-09-22,192.6407513029162,193.6772326749109,190.8894801895074,191.8902130126953,7142399
2017-09-25,191.92594948379656,192.74796216556237,186.49340506857087,187.45838928222656,18260404
2017-09-26,188.20896885683288,188.53063786411178,186.60064647478066,187.60137939453125,9950366
2017-09-27,189.49559467944133,189.78151509289194,183.56268380090873,184.77786254882812,18208892
2017-09-28,186.13605982840465,188.28048625557008,185.20680120275668,186.9580841064453,22436773
2017-09-29,187.85155145862814,187.92303723172031,184.02732878670395,184.63491821289062,12640792
2017-10-03,187.63710167159473,187.81581043712558,184.77787469480444,186.85081481933594,11940746
2017-10-04,188.78082212906915,191.92598113307614,188.10174688570314,191.1396942138672,11194466
2017-10-05,191.1396921620922,192.56929442969772,188.99525477917055,189.60284423828125,7204474
2017-10-06,189.9959907429241,191.21116968064797,189.17396659406543,190.24618530273438,8158755
2017-10-09,191.5685272216797,192.3905625373606,190.42484561233073,191.5685272216797,6323114
2017-10-10,190.92522882190318,191.49706967702087,189.53134125142105,190.28189086914062,5683301
2017-10-11,190.49633933986937,191.38984918303098,189.03097730695578,189.71005249023438,7959877
2017-10-12,189.817255367462,192.42631017620894,188.70929965466513,190.8537139892578,9518815
2017-10-13,190.31762590066378,191.28261010692947,188.85226399095427,190.10317993164062,12504487
2017-10-16,190.13892867238397,192.9624068558405,189.78151117220028,191.2111358642578,9504724
2017-10-17,191.56856306242852,192.0689295237173,190.10321223091947,191.032470703125,11038203
2017-10-18,191.5685552820373,193.53427249499921,190.92523994613225,193.24835205078125,7508323
2017-10-19,193.7129774911819,193.92740081687043,192.28335272721992,192.7479705810547,1283342
2017-10-23,192.9981692337095,194.9638863354112,189.99597075783407,190.8894805908203,10144269
2017-10-24,191.89019526539175,191.89019526539175,190.21039875061524,190.8537139892578,8723712
2017-10-25,191.854477206362,194.07038898407325,191.71152831032097,192.46206665039062,6169387
2017-10-26,193.5700068638807,193.5700068638807,190.96095185182622,191.85446166992188,9616793
2017-10-27,193.42706402783256,197.28704695061,191.17542620149837,192.53355407714844,23852749
2017-10-30,192.28340326312608,193.42708525140628,188.31621955296745,189.53138732910156,18266520
2017-10-31,190.1746980160636,190.8180360707829,188.63786131541295,189.9245147705078,8452918
2017-11-01,190.8537312436261,193.85592970694378,190.35336483307316,192.8909454345703,7516426
2017-11-02,192.78372365866554,192.96242109477436,189.63856496209084,189.8887481689453,10056813
2017-11-03,190.85373421539782,191.49707217655762,189.3526462875357,189.71005249023438,6210456
2017-11-06,190.31762614993326,191.49705632676688,188.9237500037956,189.35263061523438,9368140
2017-11-07,189.9245160558615,191.35412975706745,188.45916512709766,189.6385955810547,9872847
2017-11-08,189.67431526811558,190.49633933986937,189.20968607189025,189.71005249023438,6186540
2017-11-09,190.4248844524015,190.49635890397957,185.3497453035023,185.88584899902344,21026098
2017-11-10,186.24326814525517,189.56712488043826,185.42123260493972,187.06529235839844,17438746
2017-11-13,187.99451167764195,188.20895766974797,184.42047222078463,184.63491821289062,7681031
2017-11-14,184.77787898406007,186.45767572145533,182.9908592502914,183.38400268554688,8656529
2017-11-15,183.7056904754062,183.95587371682478,178.98795744234963,181.06089782714844,17666898
2017-11-16,182.0616289731906,182.70495568366982,180.41756930703892,182.34754943847656,10343428
2017-11-17,183.34827906127757,185.13529892758808,182.99087282258117,184.4204864501953,10383570
2017-11-20,184.8493633634657,186.35045131986246,183.88436773055236,185.2782440185547,8221147
2017-11-21,185.49269278787878,185.49269278787878,182.4190197291125,182.847900390625,17266541
2017-11-22,182.9908581930732,184.88510091227138,182.70493775584302,184.52769470214844,8941555
2017-11-23,184.67065492076352,186.35045164845386,183.27677863030334,184.52769470214844,7814131
2017-11-24,184.77789279845922,186.88658167899828,184.4562351124617,186.38621520996094,7630740
2017-11-27,185.85009905283036,186.2075052895556,183.92011896711955,185.31399536132812,5022804
2017-11-28,185.20676119809846,185.27824697200472,182.99086078739342,183.70567321777344,18183221
2017-11-29,184.42048923953845,184.9208557158471,183.70568807850574,184.45623779296875,9032800
2017-11-30,184.34901328783144,184.5634479708116,182.025878383646,183.026611328125,22967997
2017-12-01,183.66992638052295,185.5641691442461,182.02586683704948,182.4190216064453,6847473
2017-12-04,182.99087614895578,183.20532216150605,181.23959347652897,182.34754943847656,6347174
2017-12-05,182.27603404570831,182.52621724398125,180.48901443723577,181.45401000976562,9337698
2017-12-06,181.0251140578236,181.0251140578236,179.30956903569498,179.84567260742188,8562019
2017-12-07,178.70199440535444,181.63270700939228,178.70199440535444,181.0966033935547,5635445
2017-12-08,181.38253414802517,188.13746954315863,181.132350936088,187.42266845703125,13638732
2017-12-11,189.17393399062559,191.21113672610363,188.20893845185415,190.317626953125,17842707
2017-12-12,189.0667733025237,189.5671398464347,186.20753429057876,186.9580841064453,9599026
2017-12-13,185.56416508036182,187.56563079852683,184.13455156474564,185.13528442382812,8986735
2017-12-14,186.49343305843615,190.2461814724655,184.09882378384185,188.88803100585938,8353203
2017-12-15,190.13894300873636,190.8894813033366,188.31617478707827,189.13819885253906,12742052
2017-12-18,189.78152589231374,189.78152589231374,185.1710164861782,188.13746643066406,9650962
2017-12-19,188.28045287640126,189.71006646533914,188.0660068735507,188.88803100585938,6107682
2017-12-20,189.2097020373407,189.2097020373407,187.78008843308587,188.20896911621094,7728106
2017-12-21,190.06741892461838,190.06741892461838,186.9937464302516,188.0302276611328,7032195
2017-12-22,188.35192997786345,188.8522964401124,187.38694560579128,188.06600952148438,6652053
2017-12-26,188.17321694193646,189.42413299397148,187.74432496571285,188.81654357910156,9917650
2017-12-27,188.85229848200058,188.92378426045389,187.02954139391218,187.38694763183594,6325599
2017-12-28,188.28044119465315,188.74505906910764,186.60063315516493,187.1724853515625,16501935
2017-12-29,187.63708758547298,188.70930611665446,187.45839016052747,188.17320251464844,6818477
2018-01-01,188.17324643564496,190.35339857208749,186.74362139371817,187.49417114257812,10863895
2018-01-02,187.70860583403316,188.85229900223692,186.17176920118166,186.38621520996094,5907460
2018-01-03,186.77934213552015,187.74432643523588,186.27897571078967,186.672119140625,11443370
2018-01-04,186.52920335188148,187.8158569427461,186.27902007992594,186.9580841064453,9729737
2018-01-05,187.20822225548093,188.35191531915922,187.20822225548093,187.92303466796875,9566733
2018-01-08,188.70933420323635,190.710800030928,188.17323052143928,189.85302734375,14989106
2018-01-09,189.78155373145165,194.42780104106976,189.24545001529137,193.39134216308594,26728897
2018-01-10,195.46423486222162,195.85737824658761,192.31908778729368,192.5692596435547,17074502
2018-01-11,192.64076335301158,193.71299334088337,191.64003046722564,192.85520935058594,11722150
2018-01-12,193.17686311993987,193.96314994617302,190.246161795678,191.2468719482422,8494789
2018-01-15,191.56854371797397,193.7844553448262,190.85373132340806,191.28262329101562,10944192
2018-01-16,191.71155113830494,192.0689460753059,186.42196561375565,187.06529235839844,13433905
2018-01-17,187.27973326773153,190.85376183033978,185.52845055013114,190.17469787597656,17006334
2018-01-18,191.56855264786404,196.75091443211534,190.6035683301048,195.4285125732422,27461089
2018-01-19,197.2870307419559,198.35923806381808,193.7844656798208,196.25054931640625,26700710
2018-01-22,196.57222311737638,196.92961801529177,194.2133624207141,195.60723876953125,8660321
2018-01-23,195.857402437561,198.1805371394221,195.53573345034806,197.7158966064453,18947034
2018-01-24,197.7516409132736,201.57587481906347,197.32274893952584,201.18270874023438,17971710
2018-01-25,200.86109745308772,202.43367142536687,199.14555191317208,201.039794921875,13629982
2018-01-29,200.96830730314397,202.50513261927608,196.5722320562995,197.03684997558594,9938281
2018-01-30,196.57221529283098,197.60867404813462,194.39205213190772,196.7151641845703,13560150
2018-01-31,195.78590562744205,197.2870047419593,192.89093038189725,193.99888610839844,19675610
2018-02-01,194.42778354605676,207.5087855372116,191.13968709063514,196.7866668701172,61648368
2018-02-02,196.14333902806632,204.18492844460667,193.57003222712086,196.82240295410156,36356576
2018-02-05,195.53571714540467,201.3614163621183,194.32056105227326,199.61012268066406,20465290
2018-02-06,192.962404343992,198.2162399046879,191.67575119962441,195.49998474121094,16432103
2018-02-07,198.71663502673854,199.25275002043503,195.85740792048756,196.679443359375,13455081
2018-02-08,197.07259854622373,197.93035993290778,194.89243519918506,195.92889404296875,10156564
2018-02-09,193.71299338886547,194.78520072266124,191.4256071714084,193.96316528320312,14751166
2018-02-12,194.74943953619263,195.75017235729854,192.4978020158744,192.8909454345703,6972242
2018-02-14,192.99816996331236,193.71298236327166,189.49560506155007,190.496337890625,11738542
2018-02-15,190.49634812929412,192.92670588891286,189.28116924948475,191.64002990722656,12188244
2018-02-16,192.89094414119558,193.5342594336843,189.85300847668555,190.46058654785156,6401588
2018-02-19,190.13893118083263,191.4255843589234,187.6370879367258,188.78079223632812,6303342
2018-02-20,188.70930611665446,189.99595929233666,187.38691572141704,188.17320251464844,9659227
2018-02-21,188.70931883691156,192.24760964495712,188.31617541379538,191.71151733398438,10961665
2018-02-22,190.99672164256464,192.283375017549,189.74580549267117,190.9252471923828,19855003
2018-02-23,191.17541784729787,192.99818622260364,190.2104334859441,192.31912231445312,6780714
2018-02-26,191.9617067732178,192.6407706885,190.13896103311137,190.5321044921875,8701511
2018-02-27,191.56853210235423,191.71150363433446,189.78151255146417,190.4248504638672,7716072
2018-02-28,189.42411690671642,190.3533525704961,188.03024075670825,189.45985412597656,13969189
2018-03-01,188.85229555466768,190.21043470685737,187.88729985994874,188.70933532714844,8081243
2018-03-05,188.20897192134612,188.20897192134612,185.8500998110726,186.02880859375,6878708
2018-03-06,186.6006371001855,187.56563274637085,182.6334541727459,183.3482666015625,8495423
2018-03-07,183.34824880664357,186.20747559006557,181.23956027531347,185.77859497070312,15736814
2018-03-08,186.0645616807313,187.20825494411102,184.24180443593528,185.02809143066406,6259151
2018-03-09,185.13529790655116,186.4934370752386,184.59919421504893,185.31399536132812,6345666
2018-03-12,188.70934482692078,193.605786670009,187.95879509928307,193.06967163085938,20666810
2018-03-13,192.7479904023988,194.42778721291012,190.99671914264124,192.60504150390625,8647577
2018-03-14,191.6043243408203,192.3191368550441,189.6385955902909,191.6043243408203,8211627
2018-03-15,190.85376541965067,192.92672853053105,189.5671232684781,189.8173065185547,5771710
2018-03-16,190.42486638036073,190.42486638036073,185.02805873002347,186.20748901367188,21477001
2018-03-19,186.24324079643398,187.42267110055738,184.63491850741443,185.2425079345703,13423983
2018-03-20,184.52769437677108,185.8143476692086,184.06306517171348,185.2782440185547,7769207
2018-03-21,185.88581760711693,187.02951058376487,184.92082205640764,185.17100524902344,13418488
2018-03-22,185.85008573809347,186.88656714849213,184.3132492247316,184.63491821289062,8319663
2018-03-23,182.99082946777344,184.9922948685421,182.09731974631154,182.99082946777344,11616470
2018-03-26,180.77495892971524,185.8500863669764,180.48902716354954,184.49195861816406,12981125
2018-03-27,184.99233780476786,186.2075054178655,183.63419863514457,185.06381225585938,9107151
2018-03-28,184.4205039223329,185.09957923834355,181.81145965429212,182.63348388671875,12743051
2018-04-02,183.70565707424655,185.0995332619783,182.59770130267268,184.5991668701172,7299774
2018-04-03,184.42045636843008,185.85006976285266,184.06305018803207,184.77786254882812,5294559
2018-04-04,185.4926765752112,185.70711122363983,183.77713142476412,184.84934997558594,8716184
2018-04-05,182.63346819664892,185.8501017189784,182.63346819664892,185.5999298095703,9464602
2018-04-06,186.20750414647495,187.27972285006865,185.88584646441672,186.4576873779297,6333848
2018-04-09,186.67210054609177,190.56779723381734,186.49340312384692,189.99595642089844,9572467
2018-04-10,190.38911820535535,192.06891491455394,189.49560835346927,190.63931274414062,15248015
2018-04-11,190.7823036627491,191.2469216386947,188.2804823226269,189.53138732910156,5433736
2018-04-12,189.49559095858476,189.53132817777197,186.8507988681748,187.2439422607422,6360898
2018-04-13,187.99452629429126,188.35193253319957,185.85010018801276,186.38621520996094,5183544
2018-04-16,186.20750065689336,189.35265960378726,185.85009442906002,189.03099060058594,5412918
2018-04-17,189.71004961557475,191.85446414493228,187.78006974285088,191.28262329101562,13716437
2018-04-18,192.06893281751218,199.3599838564196,191.56856634764262,196.82240295410156,24733011
2018-04-19,198.18055496680435,200.14627230825295,196.75092999792741,198.2520294189453,13317329
2018-04-20,197.28702852466586,199.61014058686783,195.50000879019925,197.4299774169922,11206130
2018-04-23,197.2870440324366,198.14480541684222,196.5722315515938,196.92962646484375,12198602
2018-04-24,197.28700256347656,199.32419391860878,196.32199572272518,197.28700256347656,8774762
2018-04-25,196.92962698793826,197.5014679123943,194.9281610979992,195.92889404296875,5118640
2018-04-26,196.2505738133034,199.50294473551972,195.14261780248714,198.89535522460938,21064135
2018-04-27,199.8603329953357,200.82531729842563,199.00254903317503,199.7173614501953,10107682
2018-04-30,199.86032957841286,202.898253980885,199.86032957841286,201.18270874023438,6146923
2018-05-02,201.64735088848585,206.3650720203735,200.3249490616655,205.32861328125,16690653
2018-05-03,205.50732623058786,207.0799000599042,202.32643001970993,203.72030639648438,9727173
2018-05-04,205.14991783189393,205.14991783189393,197.17980355280582,198.10903930664062,11324148
2018-05-07,198.9310614462414,202.57657508157644,197.9303286593903,201.7545623779297,6725168
2018-05-08,202.3978866301956,204.39935229267402,201.57587389008796,202.0762176513672,6842664
2018-05-09,201.21847281447944,203.00549263718514,201.21847281447944,201.79031372070312,4376684
2018-05-10,202.25494473558658,202.96973450746572,198.21626472189553,200.25347900390625,5890656
2018-05-11,201.50441298526638,203.00551250174632,199.96758756761548,202.75534057617188,4042002
2018-05-14,202.2906630270874,205.36433595538236,201.57587328207853,203.5773162841797,6728839
2018-05-15,203.6130730778037,204.43510850305782,200.6466230220115,201.46865844726562,8077078
2018-05-16,200.11050348639407,206.43656954586544,199.82458305244734,204.327880859375,18758524
2018-05-17,205.86470586216942,206.36507228476896,199.0382960394008,199.39569091796875,11169294
2018-05-18,199.10978398664457,204.11344855195745,197.28703826626375,201.79031372070312,16016090
2018-05-21,201.7903012548786,203.00548009629156,199.0740457909447,201.8260498046875,8909610
2018-05-22,201.57588130883815,202.36216818313008,198.75238014799626,199.25274658203125,4913188
2018-05-23,199.4314624634527,199.71738293014388,195.10688425502653,195.4642791748047,8195839
2018-05-24,195.85740689964862,197.85887265989484,194.2490845812835,196.46499633789062,6524303
2018-05-25,198.5778445599167,200.47322083272718,195.9170123185252,198.5049285888672,9600297
2018-05-28,199.7442557220758,202.29573753071654,198.57787724036783,200.69195556640625,7266559
2018-05-29,200.32744719781147,202.47798353936633,198.61431434373867,199.7807159423828,9171106
2018-05-30,198.65078241592747,199.52556633135737,197.30213699703864,198.21337890625,8313920
2018-05-31,198.43207343097455,198.79656093980853,196.5366967979743,198.0311279296875,13721531
2018-06-01,197.6666466145007,198.0675921283509,196.17219233203633,196.79183959960938,6862252
2018-06-04,197.01051711302827,198.24981149569075,195.00578979044022,196.02638244628906,8291604
2018-06-05,196.09925322922618,196.71890035075168,194.5319064329111,195.00576782226562,6011246
2018-06-06,195.37026716792846,197.66661207686042,195.22448142686923,197.11985778808594,7577818
2018-06-07,197.19277399118621,198.5049613355869,196.90117937064426,197.59371948242188,7059595
2018-06-08,197.6301738240043,197.9217684391609,194.64128858678333,195.29739379882812,7030323
2018-06-11,195.73479342949292,198.21335916160925,195.47963370628995,196.28152465820312,8903144
2018-06-12,196.31797325341947,200.18164207533317,196.2815152650144,197.01051330566406,8774931
2018-06-13,197.92177324760033,198.14047499026188,194.78710217860697,195.2609405517578,8118945
2018-06-14,194.2768234745026,196.02641447091835,193.91233593954868,194.82357788085938,9522749
2018-06-15,195.00579986389843,195.1880436110166,192.16272347630007,192.81881713867188,11231098
2018-06-18,192.78238120616513,193.54782582517598,192.0898410255204,192.85528564453125,6522996
2018-06-19,193.11043871857134,194.75066732754274,191.4701985576367,193.9487762451172,7618626
2018-06-20,194.24034895536485,194.64129445127597,191.76178309989345,192.27207946777344,9907628
2018-06-21,192.745917780507,193.03751240435372,189.82994843811608,190.15798950195312,7412366
2018-06-22,189.93931723832475,194.49552698584512,189.53836015273694,193.2926788330078,17468481
2018-06-25,193.2926458455044,193.4749011354792,189.35608406793526,191.4337158203125,14142177
2018-06-26,191.32435818100805,194.02164858220672,191.10566801352869,193.03749084472656,10475574
2018-06-27,193.11041105775172,193.1833154875128,190.6318337252986,191.54307556152344,10423520
2018-06-28,190.9963137984905,192.4542982812361,188.80933129839184,189.90281677246094,15200725
2018-06-29,190.85054149707483,195.04224021389143,189.75704432785304,194.05810546875,11327082
2018-07-02,194.64127559884807,194.71419157571412,189.57478195470134,191.7617645263672,18794988
2018-07-03,192.08984467319243,194.45907146161832,190.37671163466854,193.51138305664062,10784961
2018-07-04,194.13099083250464,194.13099083250464,191.14212872078878,192.74591064453125,8184810
2018-07-05,192.89172956466334,199.5984641761385,192.08983851293985,198.65078735351562,16069118
2018-07-06,198.83303998342595,200.29103638097357,196.93766314975537,198.76014709472656,13434995
2018-07-09,200.47326165398067,201.2022597854788,198.43207612735577,200.03585815429688,10158808
2018-07-10,200.83773830763297,202.29573449178926,199.08817061135338,201.96768188476562,11928591
2018-07-11,201.82190311546515,204.33692698186618,199.5620158829661,201.01998901367188,11800272
2018-07-12,201.01997570149348,202.76956644640106,199.23395007068365,202.0770263671875,10284221
2018-07-13,202.6602011306768,202.8789028461866,196.24507402996767,197.11985778808594,19306087
2018-07-16,197.04698270961123,199.23395385433656,196.60957923909697,197.99465942382812,10676970
2018-07-17,197.59370162926638,199.0152397159207,196.3179723916706,196.7189178466797,10419746
2018-07-18,197.63016657089912,197.7759523211654,195.07868490201508,195.77122497558594,7321779
2018-07-19,196.0263840121434,200.18164754302813,194.09454954842107,199.23394775390625,9301711
2018-07-20,199.19749310595034,200.32743665318625,197.30211659983482,199.74424743652344,6825663
2018-07-23,203.75370867889805,208.96602311684515,202.04057586036575,207.14353942871094,27059765
2018-07-24,207.39871934477654,209.22120321028933,206.7061560685841,208.23704528808594,12577993
2018-07-25,207.216443850402,209.1847365089596,206.45101082447246,208.60154724121094,13814116
2018-07-26,209.2211728682638,212.24649287380092,207.1799875382816,209.36695861816406,21495638
2018-07-27,218.69809561613252,223.91041021691353,215.05312812599445,220.55703735351562,78783846
2018-07-30,220.15611004056396,221.32248864387753,218.6981136824959,219.4635467529297,17738557
2018-07-31,219.24482178110685,219.68220211299746,215.45404591322088,217.02139282226562,15124149
2018-08-01,217.27655471490925,220.84862928067955,215.85501648697482,219.86447143554688,15187911
2018-08-02,219.06259073427844,221.24958516669662,216.72981053538734,218.1149139404297,10226827
2018-08-03,218.69810214978756,222.63466438427147,217.34945674488966,221.57763671875,12950643
2018-08-06,222.3430645568931,223.72814481892644,218.69809704297433,220.01028442382812,7979881
2018-08-07,220.84861474175923,221.7598565431661,218.5158348060007,219.49996948242188,7465742
2018-08-08,218.88031342891318,220.4476603537996,218.69806969679001,219.39060974121094,6690368
2018-08-09,219.9738449505464,222.05148862243448,218.73457345046407,220.52059936523438,9576528
2018-08-10,220.15608801462417,223.72813945784384,219.53644077963537,222.19725036621094,15347074
2018-08-13,221.61406053811223,224.38424409241287,220.99441330475852,223.0355987548828,10341087
2018-08-14,223.80104072313762,226.13382064689034,223.6916898592178,224.45712280273438,12790249
2018-08-16,224.4571419752496,224.89454546829074,222.41595647962322,224.12908935546875,19393491
2018-08-17,224.3842483692193,229.85169959886704,224.3842483692193,228.7217559814453,26392504
2018-08-20,229.04981252407183,229.63300178694988,226.93573411819548,228.39370727539062,19958265
2018-08-21,229.26848276822528,231.0909662922222,227.44599924422835,228.10208129882812,14143291
2018-08-23,228.9039874583206,230.65357822707193,224.05618373383632,227.44601440429688,11745180
2018-08-24,226.71702078634547,227.446018879663,223.80105151699877,226.2796173095703,5655583
2018-08-27,226.8627784040112,229.52361071782158,226.35248211237527,228.46658325195312,5482067
2018-08-28,228.90400510286545,230.21619250459523,226.71703380129074,227.1908721923828,6864300
2018-08-29,227.22729915547666,229.96102446109134,225.9880048053235,228.02919006347656,10748094
2018-08-30,228.53953738841915,233.71539456144677,228.53953738841915,233.16864013671875,25934792
2018-08-31,234.73598741832134,235.1733678541771,231.23680530791523,233.16864013671875,18781195
2018-09-03,235.42852316618578,235.42852316618578,226.7535071508051,228.32083129882812,9463966
2018-09-04,227.44604793586709,227.5918337108007,223.80108010755868,225.6964569091797,11615187
2018-09-05,226.27962369943018,229.23205104318885,225.44127471324492,226.17027282714844,10529696
2018-09-06,227.00858567046285,227.26372226254966,224.56645508486483,226.57118225097656,7902786
2018-09-07,227.15440418626608,228.32078254934603,224.60292263712705,226.31605529785156,7465327
2018-09-10,226.13385538520248,226.53480091319372,222.74402429079183,223.4730224609375,10006954
2018-09-11,223.54589548135283,223.61878836071202,215.45406965084612,216.6569061279297,27008217
2018-09-12,217.05783348042485,224.23841685511582,215.34470078314865,223.6552276611328,20171661
2018-09-14,223.80108002508007,225.0039166355074,222.37954164840664,223.91043090820312,13317349
2018-09-17,222.34305330947197,223.14494427365577,219.79157155801295,220.1560821533203,6049990
2018-09-18,220.30191132545536,222.27020423704198,218.18783263015283,221.06736755371094,8515415
2018-09-19,221.97857932292075,222.81690522489157,217.24010302310538,218.44296264648438,6387203
2018-09-21,218.98969678523918,223.50947139455113,218.98969678523918,221.57763671875,16966413
2018-09-24,222.34307316506542,223.32720796282618,213.23065402747463,217.20367431640625,15009283
2018-09-25,216.43820185273051,220.41122184212435,213.1212870816616,219.53643798828125,13785151
2018-09-26,220.88506714858494,220.88506714858494,211.22591714983201,213.70448303222656,20657879
2018-09-27,213.95960583741788,215.1259841445177,211.0436369657482,213.8137969970703,12550275
2018-09-28,215.05311865879816,218.6980859884753,212.72033864364784,217.05784606933594,25554548
2018-10-01,219.31777138326925,220.84866070068378,213.8867543301714,216.58404541015625,9373133
2018-10-03,216.51113150738513,218.69810283205723,214.79797547488457,215.19894409179688,7861709
2018-10-04,214.21476390305767,215.56340917177306,207.87252923857594,209.2940673828125,8417940
2018-10-05,208.1276787446602,208.49218935268595,200.54614920716548,201.56674194335938,18301682
2018-10-08,203.38921295912576,203.68080756496627,196.20862936652614,199.1610565185547,17063274
2018-10-09,200.83772714026148,200.83772714026148,195.18803267266696,195.7347869873047,10946626
2018-10-10,196.7553983202338,197.66664019520272,194.7871057045743,196.90118408203125,11921765
2018-10-11,193.18330426341035,196.31797507374003,192.19915805460408,193.3291015625,11018554
2018-10-12,195.00581193168395,202.40509797475275,194.86000306261212,200.61904907226562,13942941
2018-10-15,203.35273441894915,206.74256468912932,201.20222153021223,205.940673828125,18623988
2018-10-16,206.3052007260618,206.85195510127065,201.45739664693363,206.05006408691406,12325066
2018-10-17,206.9613174352699,212.61101284156487,205.24818443666288,208.8202362060547,15896854
2018-10-19,207.76319538193042,212.53810654203284,207.58095162624682,211.00721740722656,8341467
2018-10-22,212.86616395560603,213.66805498180165,209.43987499358624,210.31468200683594,12965700
2018-10-23,208.4921875,212.28294068310032,206.70613867556978,208.4921875,11261603
2018-10-24,210.4604539223215,211.1529940262836,208.74732110601835,209.76791381835938,9024700
2018-10-25,208.49220292468132,211.0436849312572,207.39871723727038,209.6221466064453,9953333
2018-10-26,211.18944259733814,211.26233547241873,201.2022407622481,204.7742919921875,22302628
2018-10-29,205.50327629159122,207.9454069304965,203.3527402374017,206.669677734375,11779416
2018-10-30,206.48746214095596,206.9248425256625,202.66022782328696,203.35276794433594,7110853
2018-10-31,203.79014037992147,204.84719094839974,198.90587918087917,204.1910858154297,14021856
2018-11-01,204.1182004887617,205.43038769926787,200.32742460067638,202.2228240966797,9816770
2018-11-02,202.87890979493687,208.45571131576253,202.87890979493687,206.48744201660156,12093152
2018-11-05,207.94545104830996,207.94545104830996,202.95183785379336,203.82664489746094,7665505
2018-11-06,204.92011646872632,205.46687083331943,201.27514898190327,202.14993286132812,10142476
2018-11-07,204.84723376378577,204.84723376378577,203.24345168654432,204.15469360351562,994001
2018-11-09,203.38920887719704,203.89950520315713,201.12932184738492,202.1134796142578,15613827
2018-11-12,202.51443734732703,202.8060319649827,199.19749947565631,199.63490295410156,7318920
2018-11-13,199.70781308039642,202.58734772231432,199.12462379471765,201.82191467285156,6958821
2018-11-14,202.7331176170522,202.95179622919323,200.21807098625965,201.53025817871094,7182329
2018-11-15,201.8218899919167,203.57145763499724,199.37975916487045,200.10873413085938,12621945
2018-11-16,201.0564408432213,202.87892452868465,200.65549535657632,201.6031951904297,13122152
2018-11-19,202.18636764294945,207.76316910589512,201.5667204688531,207.398681640625,17364041
2018-11-20,207.76318416065286,208.96602060790883,205.43040414369247,206.92483520507812,8096904
2018-11-21,207.39868657567962,207.61736519769224,204.11820689450377,205.39393615722656,5867663
2018-11-22,205.57622051484108,207.39870424769057,203.82662966220684,204.4827117919922,6937634
2018-11-26,205.02948107803965,208.74734169458654,204.62853555178387,208.23704528808594,9292657
2018-11-27,208.56509629573847,208.82023294502818,206.15942315704038,207.6538543701172,7146777
2018-11-28,208.05478015450055,209.91372182381824,204.7014074138869,205.7220001220703,9197861
2018-11-29,206.77906995682156,210.8978760577705,206.6332610833349,209.6221466064453,14183469
2018-11-30,211.04369605148392,211.40818359851787,207.61740683130233,208.34640502929688,8972623
2018-12-03,209.40343952351074,211.0436795648822,205.9771736749136,206.26876831054688,8895477
2018-12-04,204.84721070389912,206.52388547665402,204.8107527139113,205.46685791015625,6548740
2018-12-05,204.847238075552,205.43042736974695,199.89008286704347,200.72840881347656,11894383
2018-12-06,200.10872428839076,200.40034198515005,197.9217532901462,199.05169677734375,10055005
2018-12-07,200.436798069682,201.34803993265365,199.23396158303026,199.7807159423828,8415885
2018-12-10,198.28627740363802,198.5049791646685,196.20865688169994,197.15635681152344,6940479
2018-12-11,195.66186506860583,201.23866649289658,195.5160793250769,200.25453186035156,10633126
2018-12-12,200.98357183970447,202.44154509891348,198.7236844080228,201.23870849609375,10473073
2018-12-13,203.38922313329866,203.68081775372565,199.37976822252296,200.69195556640625,16430755
2018-12-14,199.99941937413988,202.11349774160632,199.67136675575955,201.01998901367188,8925774
2018-12-17,201.93122196902243,205.13880892280758,201.12933100655692,204.0088653564453,12703296
2018-12-18,203.4256822539123,204.55562585429078,201.93122804803414,202.7695770263672,9172963
2018-12-19,203.38921790927077,207.0341852268731,203.02473041907976,206.63323974609375,13639278
2018-12-20,204.84722756537923,207.3257934905019,204.84722756537923,206.05006408691406,5155693
2018-12-21,206.30518680058302,207.03418488367967,201.23868131335746,201.7489776611328,7079146
2018-12-24,203.27982936877342,204.6284744196052,200.65545523477343,201.20220947265625,8869498
2018-12-26,201.45736944643747,203.2434180950201,200.32742595951902,201.6760711669922,8821251
2018-12-27,203.3892181884231,205.32105271771763,202.14992375379583,204.66494750976562,11881735
2018-12-28,203.4985813580474,207.03419802639095,203.4985813580474,205.7584686279297,13702437
2018-12-31,206.15942448552613,206.92485754225325,204.92012991375307,205.32107543945312,5662393
2019-01-01,205.72199932372234,206.7061340371075,203.9724085302085,206.08648681640625,2586466
2019-01-02,205.75845472153912,206.48745280164314,202.33218915936547,204.5556182861328,10316782
2019-01-03,204.55562919317106,205.90425145415384,202.47798570928947,203.27987670898438,6350450
2019-01-04,203.49860348166527,206.26878743288117,203.49860348166527,204.810791015625,8105747
2019-01-07,207.252910182533,207.9454503538398,204.8472370283328,205.32107543945312,10133320
2019-01-08,205.57621384088617,208.12767250090414,205.10235237506072,207.2164306640625,7768619
2019-01-09,208.20059422338932,212.64745266147577,207.47159611303073,211.6997528076172,12651287
2019-01-10,211.95489554573834,214.1054086085432,210.60625030492284,211.11654663085938,10684824
2019-01-11,212.79321918282974,215.78210423390158,212.50162458583378,215.30824279785156,17419014
2019-01-14,214.6886097476861,214.90728835835347,211.40813023670435,214.5428009033203,6646635
2019-01-15,215.23539026416404,216.8027375086828,214.3241483137953,216.18309020996094,7490965
2019-01-16,215.7821186395445,216.18306412517137,212.64744763266452,214.36058044433594,8083821
2019-01-17,214.3970475082111,215.49055636396514,211.5175357985303,214.2877197265625,11009380
2019-01-18,213.77736661844986,215.12598867645463,211.88196717360307,212.46517944335938,11418250
2019-01-21,213.48574852865292,213.7409082281748,210.46042874468023,211.33523559570312,8519267
2019-01-22,211.29879924914735,212.13714819926375,207.87253367552768,211.2259063720703,10727385
2019-01-23,212.50164606884738,214.61572443873385,200.47325798311613,202.14993286132812,41735950
2019-01-24,203.6079245760541,206.56035187144334,202.550873862623,203.3163299560547,29105831
2019-01-25,204.11822342679991,206.08649291178529,203.02473781248315,203.5350341796875,9240591
2019-01-28,203.31632039840252,203.71726587004423,199.89005489456923,200.29100036621094,9338450
2019-01-29,200.6919138748537,203.38918088141835,200.29096846706815,202.9882354736328,7267917
2019-01-30,204.19114180014114,204.26403468914995,199.89009168579256,200.8377685546875,10852162
2019-01-31,201.56673196084384,203.82661906534227,199.4526537131194,203.1340789794922,15937442
2019-02-01,204.59204515203237,207.90895971696233,203.4621016377564,204.73785400390625,19060690
2019-02-04,205.50329354614345,205.50329354614345,201.23867906675684,202.00413513183594,6289877
2019-02-05,202.18640268879886,202.51445532675763,198.65078586793345,199.85362243652344,10205529
2019-02-06,200.47325880753135,202.9518246947232,200.14520618742642,202.4415283203125,8409442
2019-02-07,202.58729305607034,204.84717980817362,201.9311879587813,204.33688354492188,6177040
2019-02-08,203.75373825823468,204.99303289101846,200.1816863457546,200.8377685546875,4575570
2019-02-11,201.056435323998,202.80602608311312,195.69833528413545,202.00413513183594,10335615
2019-02-12,201.9676849187648,204.48270873588078,200.1816592046781,200.69195556640625,7624089
2019-02-14,201.9312056362897,204.26398545766878,201.9312056362897,202.58731079101562,10378675
2019-02-15,203.38919494441325,204.81073296192793,200.76482062037388,204.1910858154297,38998388
2019-02-18,203.2434168497509,205.90422615640676,199.6713426783931,200.25453186035156,42232590
2019-02-19,199.74428359736802,203.53506039978765,199.74428359736802,201.12936401367188,35777932
2019-02-20,202.11350353933386,202.29574729790934,199.92650912465405,201.09291076660156,6208106
2019-02-21,201.12933656534432,201.74898379963398,199.89006520068875,200.5096893310547,7264425
2019-02-22,200.91065147698305,201.16578809848085,199.0881678242628,199.96295166015625,9100951
2019-02-25,200.1087195356637,202.04055388326321,199.0152340625125,201.7125244140625,31204722
2019-02-26,200.43682300924883,201.93125430552683,199.78074080031595,200.8377685546875,12233273
2019-02-27,201.20224778852952,203.31632607107215,199.67135873484213,200.546142578125,13634026
2019-02-28,202.1499504470717,202.1499504470717,199.92652101084255,201.23870849609375,44873000
2019-03-01,201.53026267711712,203.3892042012174,201.38447693243563,202.80601501464844,9170950
2019-03-05,204.1182310649156,207.0342005135173,201.23869650566937,205.9771728515625,14103324
2019-03-06,207.76321262466402,210.8249911483804,207.58096885385558,208.30996704101562,20817638
2019-03-07,209.002482762541,212.13715380678985,208.38283553119928,211.48104858398438,14837761
2019-03-08,211.62687062129382,213.59514020440272,210.24176721044583,212.8661651611328,13169854
2019-03-11,213.59512018912864,214.98022347018332,212.21004001199688,213.55868530273438,15287916
2019-03-12,214.3241033256118,215.52693967514332,213.70445615695834,214.68861389160156,14686757
2019-03-13,215.05313275043554,216.51112901941278,214.43348549131645,214.98023986816406,11496644
2019-03-14,215.34470966278937,215.78211312827366,211.73620038431224,215.4176025390625,10503481
2019-03-15,215.74568213003815,216.18308565024583,210.93433582345625,211.99136352539062,22219476
2019-03-18,212.86615797074003,214.46993997803992,212.35586159533332,213.99607849121094,9519926
2019-03-19,214.76153304850382,218.6980951571198,213.85029117788184,218.29714965820312,16363247
2019-03-20,218.69810073508276,220.11963901366676,216.21951169389027,217.89620971679688,16221492
2019-03-22,218.69806671549063,218.69806671549063,216.18304317628002,217.38587951660156,8378083
2019-03-25,216.51115330348418,216.51115330348418,213.74096932329115,215.08961486816406,8324586
2019-03-26,215.05310497653804,216.03723962383907,212.17357080357067,213.88670349121094,11178168
2019-03-27,214.32411186380062,216.2924043075781,212.57452114754534,213.66802978515625,8757278
2019-03-28,214.39703194838694,220.15610115763883,213.59514091498227,218.69810485839844,18436077
2019-04-01,216.51110038267433,218.11488220407105,216.18304779995546,216.69334411621094,6442182
2019-04-02,216.80268783789793,218.69806419132362,214.79793752324602,217.16717529296875,10228747
2019-04-03,217.24011712180928,217.96911530016337,215.16249657262247,215.89149475097656,9413878
2019-04-04,215.7821097738145,216.72978646240128,214.14186990766967,214.9073028564453,7233298
2019-04-05,215.0896083052183,216.07374315997222,213.34001726037954,214.72509765625,8107661
2019-04-08,214.7979831804161,215.05314293633876,212.64746977211482,213.41290283203125,5492542
2019-04-09,213.23065547929644,216.2924338753157,213.04841171608882,216.00083923339844,6413515
2019-04-10,215.81857696409946,216.18308760220563,213.95965819428355,214.83444213867188,5540095
2019-04-11,214.7250850442413,216.8391635099501,213.59514137548268,216.07373046875,11179559
2019-04-12,216.25596347342182,224.09265277704768,215.4905304702964,222.8898162841797,22658578
2019-04-15,224.45712553009326,225.98801453965038,221.86920896169687,222.70753479003906,13098155
2019-04-16,223.6552589998454,225.9515812128667,223.1814206013299,223.9468536376953,10121522
2019-04-18,224.71231190170573,224.71231190170573,221.28602289075647,221.90567016601562,9178504
2019-04-22,221.50471555959297,222.70755206671524,219.46353005517057,220.01028442382812,6929432
2019-04-23,220.26543965871278,222.19725114596767,219.82803617273305,221.1766815185547,7784732
2019-04-24,221.17664138007368,223.94680134476135,217.60456746864418,223.4000701904297,11888770
2019-04-25,223.98329104621232,225.84223268357522,220.156080008275,221.72340393066406,24135743
2019-04-26,222.05145738014014,223.3636446868423,220.55702632882546,222.01499938964844,4834044
2019-04-30,222.01501589241283,224.20201030209492,218.3336134242571,219.68223571777344,11593138
2019-05-02,219.49998686069657,223.43654898196954,219.13549935284553,222.3430633544922,7781859
2019-05-03,221.7963104248047,224.12909056035784,221.10377029304937,221.7963104248047,6112578
2019-05-06,221.61404647566005,224.16552812641194,219.24483166732935,223.80104064941406,6997113
2019-05-07,224.71231658179966,225.62355851664304,219.31775785842763,220.08319091796875,8989234
2019-05-08,218.6980824244864,221.1766712581579,217.7139477306099,219.1719207763672,8179360
2019-05-09,218.26069249757188,219.64579585686312,216.03726324893967,218.5887451171875,10617358
2019-05-10,218.6980859884753,219.02613859308778,216.43819885082004,217.05784606933594,7170576
2019-05-13,215.12599871267088,221.24955455138752,209.7314640211406,210.89784240722656,37262425
2019-05-14,212.1371386497647,217.42234563035404,210.56979168766415,214.5792694091797,21959611
2019-05-15,216.91207226090503,218.18780165498433,212.8661592262893,216.5475616455078,18583184
2019-05-16,216.51113546116167,216.51113546116167,213.77740970343766,214.8708953857422,7637614
2019-05-17,215.12600665740717,220.41121378635938,215.12600665740717,219.7186737060547,11626049
2019-05-20,223.69168978553023,224.20198611568063,220.22896633836143,223.80104064941406,11437612
2019-05-21,223.80106705252751,225.988038380369,222.56177251825235,222.99917602539062,10923996
2019-05-22,224.65083377423827,225.1341060748193,220.67305667557494,222.8664093017578,14266773
2019-05-23,226.76979235804754,227.2159043153453,213.38666927822143,214.27886962890625,32589058
2019-05-24,216.73245464692636,216.84398264468012,213.609717837646,215.9517822265625,11298665
2019-05-27,216.5465914358172,218.25664819871116,214.91087881985422,216.2491912841797,9371741
2019-05-28,216.95553106900783,217.10424293465172,214.20456184787108,214.7993621826172,16199349
2019-05-29,214.7250002080628,216.88116891547625,213.83277621608983,214.2045440673828,7534947
2019-05-30,214.87368063433,216.39786514629057,214.35322451269565,214.61346435546875,8989691
2019-05-31,215.13396439499215,216.73249337525266,206.28620852100937,207.10406494140625,27294002
2019-06-03,209.2230737134648,209.2974178706145,204.68767954074883,207.10406494140625,20323304
2019-06-04,207.62448120117188,209.78064985478028,207.28992077644335,207.62448120117188,14384170
2019-06-06,208.4795067932293,208.4795067932293,204.6876258778764,205.02218627929688,11071548
2019-06-07,205.80289188571336,205.80289188571336,203.86977926821424,204.65045166015625,7995725
2019-06-10,206.91813623468937,208.5910324789661,205.8772240633132,207.73599243164062,8947150
2019-06-11,208.85124422913026,209.22301203311252,207.5872996745378,208.07057189941406,8787243
2019-06-12,209.22305471449064,209.22305471449064,206.88099011974276,208.14495849609375,8565517
2019-06-13,207.3642666051928,209.1858512849704,207.10402675727465,208.62823486328125,7475823
2019-06-14,208.55388463715244,208.55388463715244,206.0631317658753,206.7322998046875,8212601
2019-06-17,207.32711221863232,207.32711221863232,204.05568667524003,204.46461486816406,10398919
2019-06-18,205.31963644952395,206.58358120845088,203.72108411818215,204.5389404296875,14378973
2019-06-19,204.98505480202718,207.36427961669565,204.91071065391955,206.10031127929688,9394923
2019-06-20,205.9515838623047,206.65793568967015,204.72479947358363,205.9515838623047,10973042
2019-06-21,205.69137634753395,205.69137634753395,203.16343975595535,203.90695190429688,19311989
2019-06-24,203.90695759540733,206.32336625398182,203.90695759540733,205.39398193359375,9279182
2019-06-25,204.50174367421528,208.1821204077462,203.90694340589727,207.06686401367188,12856683
2019-06-26,207.0296652704528,207.21553739544487,205.46829700548062,206.24899291992188,7707084
2019-06-27,206.65792822834283,206.84380035981783,202.8288633515311,203.3493194580078,24205884
2019-06-28,203.79541498465204,204.79916694474434,202.60581445049942,203.6095428466797,8775151
2019-07-01,204.01850100991533,205.39399744844297,203.83262884458023,204.42742919921875,5236646
2019-07-02,204.7247992384258,204.9478552295574,203.1262705751692,203.6095428466797,10360661
2019-07-03,203.94413694772996,206.36054555294524,202.34558464128318,205.7285614013672,18818695
2019-07-04,206.28617889021507,206.88097918980944,204.61328242918177,206.4348907470703,10071080
2019-07-05,206.43489612724056,209.5576331273667,199.26003779818265,207.77320861816406,38474130
2019-07-08,208.29364364467682,210.33828424775132,205.05937896823343,206.28616333007812,12637923
2019-07-09,205.9144534997975,206.36056554740932,202.34560424673398,203.0519561767578,8003290
2019-07-10,203.38651149769592,204.6504798913085,201.3046867467846,203.089111328125,8477115
2019-07-11,203.72107629760995,205.87724499643477,203.42367615610786,204.94786071777344,8727346
2019-07-12,204.7620098978913,205.54268240514125,203.05195301519774,204.50177001953125,10872126
2019-07-15,204.46456233050097,204.9106742677579,201.15595377830118,201.45335388183594,8865479
2019-07-16,201.4905559001982,202.7916844159777,201.1931322059343,202.19688415527344,6602372
2019-07-17,202.5686295160651,203.08908563795677,201.26750099329186,202.90321350097656,6536611
2019-07-18,202.94042454483937,204.53895341374164,202.45712864724237,202.9775848388672,9447100
2019-07-19,203.79543088024278,203.90695888450753,199.26003725318927,199.48309326171875,8294444
2019-07-22,199.26004487673666,199.40875674275054,196.28601963169166,196.5834197998047,14037538
2019-07-23,197.4012811273827,202.01104275908224,197.02953679885258,201.2303466796875,14951457
2019-07-24,200.9701001947477,203.2377968117729,199.1856758450504,201.3790283203125,12537555
2019-07-25,201.49056293480393,202.60581935353912,198.44217025542105,199.14849853515625,18350433
2019-07-26,199.81766444828756,201.49056084096227,198.44216819325754,201.04444885253906,4972441
2019-07-29,200.74703876582026,201.60207884661796,198.14475823550842,199.0741424560547,5738104
2019-07-30,199.2600464211621,200.8214149887934,198.18197374888578,199.92921447753906,13743007
2019-07-31,199.70612097714314,201.56488936633187,197.77300845028185,200.89572143554688,14175457
2019-08-01,201.08162242234866,201.26749455338154,198.144757921949,198.92543029785156,6153824
2019-08-02,198.66522927354686,198.66522927354686,195.61684832975595,196.6577606201172,9233326
2019-08-05,196.58340608350596,196.65776201132485,191.56472852345016,193.16326904296875,12001827
2019-08-06,192.38259735819207,194.42725001397082,191.93649710807392,192.49412536621094,9770895
2019-08-07,192.60565104945084,192.82870706279627,188.1817853311481,188.59071350097656,8816780
2019-08-08,189.5944313460698,192.34541215560876,188.10741883187129,191.6390838623047,6616227
2019-08-09,192.4569429419523,192.4569429419523,188.47917763426562,188.9996337890625,10309668
2019-08-13,188.70223672271177,188.85093680051904,181.41586221841376,183.1259307861328,21801393
2019-08-14,183.12592503324313,188.55353072150692,181.45302859204062,184.947509765625,14340858
2019-08-16,184.94749786502018,188.40480674334623,183.94376949044965,188.10740661621094,10735480
2019-08-19,188.47918315621266,191.30450823505848,186.58324241216744,187.0293426513672,13006987
2019-08-20,187.066509058765,187.326737135904,182.49394345412983,183.27462768554688,15577976
2019-08-21,183.42333400979695,183.57203409009148,179.07381247884297,179.51991271972656,15303762
2019-08-22,180.07751012407647,182.90283454483463,177.69828583861033,178.4789581298828,10917955
2019-08-23,177.69829447135902,178.0328666435933,174.4640300420167,175.5421142578125,17073495
2019-08-26,178.96228563126272,181.00693825794758,174.6871200037684,180.30059814453125,13352257
2019-08-27,181.37870270336745,183.12595536148586,180.44931825588168,182.53114318847656,15089362
2019-08-28,183.01439220788743,184.12964861798199,180.74669553392724,182.86569213867188,9237042
2019-08-29,181.3786708641361,182.4939390745198,178.55334593868548,179.3340301513672,11532941
2019-08-30,180.48647044798835,183.79507944305405,177.73548966717897,182.64263916015625,12225631
2019-09-03,181.75043763781093,181.75043763781093,178.92511254597287,179.59426879882812,9913882
2019-09-04,179.63146121080783,181.82481415468794,179.40840517394994,180.85824584960938,7303230
2019-09-05,179.92884900821403,183.5720423767375,179.92884900821403,181.60174560546875,8777107
2019-09-06,181.63889183090683,182.79133206864304,180.85820764875868,181.34149169921875,9039911
2019-09-09,181.8991589365162,183.27465545924858,180.82107439126767,182.53114318847656,9435127
2019-09-11,181.86196464351485,182.4939488182797,180.6723522247633,181.22998046875,9314093
2019-09-12,181.63890353175506,182.15935968671403,178.4418224552682,178.99945068359375,8395088
2019-09-13,179.18530306120095,180.2633872546432,177.40087890643446,178.36744689941406,14572355
2019-09-16,178.0700869531758,179.07382730571746,177.1778863975366,177.99574279785156,7357494
2019-09-17,178.2931132740799,178.51616926680092,176.0625886927382,176.36000061035156,11083300
2019-09-18,176.73176069362776,180.15189790540904,174.01796359464385,177.8842010498047,20724917
2019-09-19,178.4046475379505,178.4046475379505,175.54213873130757,175.98825073242188,8810026
2019-09-20,176.211274488826,184.76161606113217,174.2038060627946,176.99195861816406,66016326
2019-09-23,185.8768892928356,193.68371951499947,185.8025451491523,189.48291015625,54044544
2019-09-24,189.594409081812,191.82493348215533,188.70220874723876,190.33792114257812,17828419
2019-09-25,189.6688067841046,190.5238352385861,180.4493070401804,184.05532836914062,21390350
2019-09-26,183.86942061888337,186.9178014938116,183.08873641874803,186.17430114746094,18534981
2019-09-27,185.87689882050378,191.82496080808343,185.87689882050378,188.07025146484375,18211017
2019-09-30,189.40856156059155,193.906783014021,185.43079626091142,193.20045471191406,21381205
2019-10-01,192.64280496717677,195.1335576082488,189.59442412725662,190.26358032226562,16035574
2019-10-03,191.60190448066746,194.91051338407655,190.3751083049411,194.53875732421875,12832216
2019-10-04,195.54249951942347,196.21165576158796,189.7431493479836,191.267333984375,18781574
2019-10-07,191.45318791602907,191.8249439667312,186.39733861595602,187.28955078125,22082491
2019-10-09,186.84347066566318,187.5126269160447,183.1259333231088,183.72073364257812,22332047
2019-10-10,183.6463698828248,184.12965395825904,180.4121167741832,180.821044921875,25230638
2019-10-11,180.82103392207685,183.05155845322525,179.25966557207738,181.378662109375,26037798
2019-10-14,182.4939287530129,183.2002569989379,180.67233235978165,181.4901885986328,15280471
2019-10-15,182.1965428387369,185.2820959012567,182.1965428387369,184.0924835205078,10373904
2019-10-16,183.94376171428485,184.09246177156624,180.04034102831602,181.15560913085938,16681940
2019-10-17,181.41585158401472,183.4233201896727,181.30432358670768,182.7913360595703,14175284
2019-10-18,182.90287160649734,184.2411840655104,182.2337153769908,183.27462768554688,13327812
2019-10-22,182.15935539751905,186.69476060993412,182.12218332502772,185.0590362548828,18979485
2019-10-23,186.17430522442655,187.32673373199574,185.17056500742734,186.65757751464844,13325639
2019-10-24,187.81003098491655,188.85094334761078,184.35272165565772,185.1705780029297,17438024
2019-10-25,191.00711417760402,191.23017019530826,183.64638341293772,184.16683959960938,33846376
2019-10-27,185.839717155136,186.6947572808845,185.65384501403736,186.17430114746094,3252338
2019-10-29,186.5832510332666,189.6688043397032,185.54233864508137,188.29331970214844,12397313
2019-10-30,190.33793528564627,196.2859968678811,189.07396704481562,192.86585998535156,35611812
2019-10-31,193.31195297168838,195.43094946309583,190.486628243797,191.56471252441406,17296427
2019-11-01,192.8287238044173,195.5425211472538,192.38261173899448,194.278564453125,13055757
2019-11-04,195.50532627810628,196.99233883159815,193.34915748644525,193.86961364746094,8199342
2019-11-05,194.05547134774073,196.2859959028571,192.27105877282122,195.4681396484375,10674212
2019-11-06,195.50531668652505,196.13730081988962,193.3119641467149,194.31570434570312,9198544
2019-11-07,195.46815811410562,197.99607125823587,194.79900186255182,197.6614990234375,15351749
2019-11-08,196.91796504415439,197.36406520846845,193.31194453361752,193.68370056152344,12357632
2019-11-11,193.75807049975558,195.05921080059616,192.41975812802124,192.9030303955078,7524183
2019-11-13,192.49408867262648,192.75431671441288,188.21892379923966,188.7393798828125,10664859
2019-11-14,188.92526561749835,190.26357799111912,188.29329328359006,188.7765655517578,9222757
2019-11-15,189.03680867635813,190.15207693122014,185.87689962718443,186.3601837158203,17386229
2019-11-18,186.9549841759261,187.5497962687203,184.94751545391483,186.43453979492188,8167820
2019-11-19,187.17805730831,187.215229385649,184.98471623398345,185.35646057128906,12621028
2019-11-20,185.35644181017912,186.84346613672218,183.42332903680395,186.39735412597656,10362358
2019-11-21,186.91781842400587,186.91781842400587,182.19655250569,182.67982482910156,10793493
2019-11-22,183.75791308390257,187.84720668104342,183.38616876030957,184.12966918945312,17000856
2019-11-25,184.20399475097656,184.68726700474642,183.0887266182153,184.20399475097656,10994413
2019-11-26,184.87317798335226,186.17431843775006,184.166837861275,185.24493408203125,20539741
2019-11-27,185.69103185256745,185.9140878651888,183.34897906591442,183.6092071533203,9182137
2019-11-28,183.86942480292257,184.352708875515,182.64264036706072,183.42332458496094,11416080
2019-11-29,183.46049968337056,183.9437837639336,182.1593592987444,183.2002716064453,10185713
2019-12-02,182.90286131149836,183.5720175033403,181.82477699030613,182.12217712402344,10356741
2019-12-03,182.12217437020036,182.75415848126056,180.41210595424937,181.45301818847656,8442322
2019-12-04,181.04408730752252,181.45301542446043,179.92881916700082,180.7838592529297,12406762
2019-12-05,180.78388204859715,184.0181353218214,180.74670997381264,183.6092071533203,11699738
2019-12-06,183.64636834877822,183.75789634848192,180.3005872674495,180.9325714111328,10773814
2019-12-09,180.67235306945548,180.89540908087582,179.18534048455314,179.51991271972656,6981671
2019-12-10,179.63141323380722,179.70576915355326,174.72426420727248,175.1703643798828,15972570
2019-12-11,175.17038535066908,177.54961012000052,175.17038535066908,176.65740966796875,14331297
2019-12-12,176.99198293216216,178.5905234788928,176.65741070617315,177.36373901367188,10704007
2019-12-13,178.44185711018872,180.3006260869003,177.84705669298134,179.6314697265625,8521473
2019-12-16,180.67235666676052,180.969756833271,175.72803471618374,176.136962890625,12476974
2019-12-17,176.58306589257597,179.70580303547834,176.58306589257597,179.22251892089844,16534369
2019-12-18,178.8879360273755,183.90660190813637,178.25595186483514,182.27088928222656,17794641
2019-12-19,182.9400275862199,184.31552377950248,180.85820315224996,181.6760711669922,9699414
2019-12-20,181.67609993500918,182.23372820184875,178.55336278957557,179.296875,14495913
2019-12-23,179.9288311957127,180.52364326681345,177.43809025747527,177.62396240234375,19817033
2019-12-24,177.69831984149255,178.59052028280075,177.10350776533056,177.51243591308594,8200254
2019-12-26,177.62395996323238,177.9957160298209,175.72801934017411,176.06259155273438,15017235
2019-12-27,176.58306314039072,177.28940326329976,175.8023788668327,176.136962890625,9048085
2019-12-30,176.95481554484948,179.1109843799676,176.58305945349466,177.103515625,13680470
2019-12-31,177.36374994639672,177.66115011715357,176.5087215099814,176.7317657470703,7417112
2020-01-01,177.40088853941327,177.40088853941327,176.28563221859105,177.02914428710938,4370931
2020-01-02,177.10350730794895,179.14815982340198,177.02916316234354,178.33029174804688,8726602
2020-01-03,179.18532182780913,179.18532182780913,176.95479729171888,177.32655334472656,9642051
2020-01-06,176.5830577460403,177.17786984284797,174.72428908919645,174.79864501953125,7930726
2020-01-07,175.50495317699563,176.88043758354075,174.42686889371075,174.9844970703125,8740894
2020-01-08,173.98078600756915,175.3190984772628,173.42314599356615,174.12948608398438,7314466
2020-01-09,175.1703951900156,175.91390739042862,174.76146701437563,175.31910705566406,9816703
2020-01-10,176.65741855993917,177.51244698166295,176.0626064466884,176.95481872558594,10357864
2020-01-13,177.32657280009096,178.81358539331325,177.14068886221497,177.8842010498047,12715178
2020-01-14,178.62773260886416,181.26718584450163,177.17789193320473,180.85824584960938,12299570
2020-01-15,180.33775479624785,180.67232698311412,179.25965875134833,180.22622680664062,5687654
2020-01-16,180.30059107099112,181.34150338090902,178.51617838395808,178.99945068359375,9730522
2020-01-17,178.999448120323,180.00318834250078,177.9957196801018,178.40464782714844,7677106
2020-01-20,178.47899586114343,180.85822064958836,178.47899586114343,179.8544921875,8329721
2020-01-21,179.5199111603594,179.5199111603594,176.95481417913518,177.28939819335938,9939680
2020-01-22,178.14439877794243,178.14439877794243,176.28563040769612,176.99195861816406,7949731
2020-01-23,177.02915923952384,177.51243152111962,176.13694703833397,176.8804473876953,6356150
2020-01-24,176.5087169635484,177.77267354768733,176.2113050184947,177.06634521484375,7063834
2020-01-27,176.21130793163812,176.5087198816087,174.20383912461298,174.42689514160156,7100949
2020-01-28,174.53839817266834,175.39342647883626,171.37848943934608,171.56436157226562,15144538
2020-01-29,172.122011712451,176.69457720302978,171.86178364180304,175.95106506347656,21258057
2020-01-30,176.1741283944358,176.2113004683737,173.23727535028905,174.01795959472656,10794458
2020-01-31,175.2819156615797,177.25221230419467,174.01795911357343,174.8358154296875,19166671
2020-02-03,159.8541344897595,161.26680286323312,152.41906011097393,154.3521728515625,82836335
2020-02-04,156.7313966536504,161.78724625829128,155.50461221619116,160.33741760253906,37145337
2020-02-05,160.8206772088675,161.71288935753458,157.25184039615462,160.9322052001953,22072147
2020-02-06,162.08468687741967,163.4973437105111,157.47493667532476,158.7760772705078,28443398
2020-02-07,158.9619356950683,160.37460418788953,158.18125140550583,158.66453552246094,17793265
2020-02-10,159.11061371926397,159.14779757215217,156.17376091258276,156.54551696777344,9987781
2020-02-11,160.96936735779295,161.3039513111734,157.47488668180074,158.06968688964844,30951617
2020-02-12,158.66450967033128,159.7054218868127,157.47489739177476,158.40428161621094,10310789
2020-02-13,158.40431087217812,158.70171105125567,157.02882620747596,157.5492706298828,9505645
2020-02-14,157.8094821209858,158.29276619758457,153.75737270719623,154.42652893066406,14260540
2020-02-17,154.6495953903877,155.13286771771038,151.67555836567243,152.27037048339844,16161290
2020-02-18,152.0844667371181,152.12165058972948,149.07325802903506,151.5640106201172,21741128
2020-02-19,152.60489926045858,154.01756732847613,151.5639871873882,153.6829833984375,9403278
2020-02-20,153.906074138598,155.0585144488296,152.75363382836636,154.2406463623047,16193373
2020-02-24,153.9060586451693,154.24063083519528,150.03982173335368,150.93202209472656,17233132
2020-02-25,151.52685327044273,152.71646568459457,149.81678468872715,150.0398406982422,15903285
2020-02-26,149.1847986409785,150.1513668154214,145.95054545345386,147.66061401367188,18557438
2020-02-27,147.5118974237089,148.0695255961073,145.6531289944105,146.87991333007812,17936226
2020-02-28,144.9839728311413,148.62715376850574,142.79062042923056,146.87991333007812,33885063
2020-03-02,148.32976817234695,151.26662116438848,143.98024679420226,145.20703125,19274852
2020-03-03,146.47102030866853,146.8055925794798,143.1624107693079,144.12896728515625,18638624
2020-03-04,144.94679056424297,145.39290253260344,138.7013290447973,139.4076690673828,28729502
2020-03-05,139.44484854818577,142.1586454447948,138.70133641604167,139.8166046142578,20797182
2020-03-06,137.43740351908352,137.43740351908352,133.64550984544954,135.1325225830078,27795285
2020-03-09,133.08787002126854,133.08787002126854,129.74208870589013,131.7495574951172,22633662
2020-03-11,129.3703225106997,131.4149632155231,128.1435263058493,130.59710693359375,29032759
2020-03-12,125.65279287937535,125.76430910286837,111.93507206620079,115.83849334716797,54043896
2020-03-13,111.52614576708933,121.93525757522667,100.0761333818998,120.63411712646484,63962722
2020-03-16,117.47419314830532,117.548537289162,107.99446688826457,109.48149108886719,34535653
2020-03-17,110.03913659289765,115.83849889857143,108.5892960164792,110.8941650390625,49492914
2020-03-18,113.08750498562621,114.98344560788037,109.55584002746757,112.04659271240234,52178352
2020-03-19,112.04659366647891,121.6006645671276,107.62272824956456,120.33670806884766,93204936
2020-03-20,122.75312032144272,131.22910793603816,122.75312032144272,130.485595703125,64384067
2020-03-23,117.47420165722289,120.44822670993186,110.9313276901326,114.72322082519531,53330913
2020-03-24,121.15456848897544,121.7121967214291,109.59301677418898,111.30308532714844,54576761
2020-03-25,112.26967166279536,113.0131721657135,103.34757137210832,109.55586242675781,64913270
2020-03-26,111.52613474970343,118.5151086255172,106.50745738995161,116.28458404541016,60694283
2020-03-27,120.44821146829048,123.42224792661841,115.24366239366053,121.34042358398438,33893412
2020-03-30,116.02435671063114,122.60440249601209,116.02435671063114,118.36640930175781,29203338
2020-03-31,121.93522775160524,129.258772766599,120.11363156887519,127.66023254394531,44272500
2020-04-01,127.66027454005324,128.44095887518606,122.34419607106543,123.71968078613281,18840671
2020-04-03,124.83493259397763,135.87602909646432,124.16577630127762,132.27001953125,65288649
2020-04-07,138.06933242617455,138.06933242617455,129.11007496663663,134.98377990722656,37509626
2020-04-08,134.46333389939622,136.80538635018755,131.34060908029656,132.82762145996094,39007671
2020-04-09,136.80540266642603,138.4782873748335,133.83136577044021,137.7347869873047,44268652
2020-04-13,137.17716145620497,138.77570204836007,134.6120526682671,135.02098083496094,18427550
2020-04-15,136.8425643568879,144.05459415139805,135.8388359643963,140.7831573486328,50983406
2020-04-16,141.00622354746196,142.15865208960926,137.88348658484057,138.55264282226562,28122965
2020-04-17,141.6010464528831,142.30737487678573,138.99876523541235,139.8538055419922,27694463
2020-04-20,141.22925218872035,141.22925218872035,133.4596062771416,134.351806640625,37141676
2020-04-21,132.3443234127434,137.0284278182358,130.89448325608444,133.533935546875,24232310
2020-04-22,133.0878754011492,136.47082892846126,130.8573505067455,135.5042724609375,26132520
2020-04-23,136.02473538544737,136.80541972617223,133.57115434574663,134.2403106689453,34237726
2020-04-24,134.574858484968,135.91317077100217,133.31089033596064,133.8685302734375,18744844
2020-04-27,134.01723349306144,135.54141793959775,133.31089348290192,133.71983337402344,13589672
2020-04-28,133.83135243428706,134.42616446699458,132.38151209563486,133.42242431640625,18488267
2020-04-29,134.20311669433332,135.9875411196952,133.57113255276946,135.42990112304688,22287597
2020-04-30,137.4745569961757,137.4745569961757,134.16594791725933,135.35556030273438,31326446
2020-05-04,135.13253913749887,135.13253913749887,126.8796062401597,129.40753173828125,31461042
2020-05-05,130.11384642021778,131.93544323915435,127.88333316824797,129.29598999023438,18389548
2020-05-06,127.43719099707384,127.43719099707384,119.33296098717506,121.86088562011719,68112675
2020-05-07,121.93524409736554,123.31072854433042,119.33296348747962,119.70471954345703,25183509
2020-05-08,121.89807353599915,122.04677361821297,116.80505153783587,117.66007995605469,26281664
2020-05-11,118.96120948490984,121.56349013971413,117.47419701728862,117.80876922607422,18792383
2020-05-12,117.80878471762118,123.34791896439701,117.1024563535609,122.71593475341797,22211224
2020-05-13,128.92419635359425,129.07289640834207,122.30697911656354,122.97613525390625,20785966
2020-05-14,122.30700097541612,125.0951540096386,120.41106021109283,121.78654479980469,15525762
2020-05-15,120.59690658245236,123.05048685458627,119.81623426790779,122.41850280761719,15526021
2020-05-18,123.42225840854887,124.38881474316388,121.30326181753699,122.49287414550781,21602419
2020-05-19,123.79401377656617,127.62307880395497,122.7531015226792,126.95391082763672,20917906
2020-05-20,127.8461412418369,131.60086266182577,127.1398128754039,130.67147827148438,26295911
2020-05-21,130.55992230011566,141.60100460781004,128.36656995327672,140.48574829101562,60630670
2020-05-22,139.7794272938854,142.67910825004614,137.25150242117337,138.55264282226562,40516307
2020-05-26,141.2664541982245,144.94680768005304,139.630729757677,142.53041076660156,55283582
2020-05-27,143.1252183110445,144.16611883576581,138.9615690843326,142.864990234375,25491463
2020-05-28,142.97650982561436,143.4226218429712,140.5229408579794,141.74972534179688,25524647
2020-05-29,141.60101121377423,147.21448869224145,140.52292691539017,146.73121643066406,37214719
2020-06-01,149.44500002478728,152.60490850022998,147.95798773691857,149.1104278564453,29606349
2020-06-02,150.1141848480796,150.1141848480796,146.24794744754178,146.65687561035156,23502975
2020-06-03,148.7015206984108,149.370676911219,145.4300837791506,146.24794006347656,19710133
2020-06-04,147.02862488685932,150.56028989145184,144.98398416754137,148.81304931640625,22843181
2020-06-05,150.03985066804145,150.1885507569466,147.69779775838066,148.7015380859375,15193091
2020-06-08,150.85769049702702,151.41531871473194,146.47099711874844,146.9542694091797,20304292
2020-06-09,147.40040102337602,153.3112797687349,146.95428896428308,147.58627319335938,41451482
2020-06-10,148.29260543226107,151.04357466713682,147.4375652193466,147.9951934814453,28247205
2020-06-11,148.70153873189886,149.6309231280615,143.94308873843278,144.42636108398438,20611505
2020-06-12,140.48576897993416,145.1326906208411,139.6679008742907,144.16612243652344,23431727
2020-06-15,144.1661411246257,144.20332498558207,138.51549027469096,139.1846466064453,25404661
2020-06-16,141.86126957440752,141.972797591505,135.2440505248997,137.54891967773438,28700454
2020-06-17,136.80539632991278,137.54889668300436,134.35181570981982,134.72357177734375,24952658
2020-06-18,134.72355803016714,139.40766279548194,134.35180200057715,138.73849487304688,30000032
2020-06-19,139.11027187914672,139.74225604655143,136.50800284352945,136.8425750732422,31707306
2020-06-22,138.6641880667511,139.4077003260956,136.17343495810118,137.54891967773438,32605144
2020-06-23,137.84632070157664,139.4076892530063,137.36303659319393,138.18089294433594,27569189
2020-06-24,139.33332811745115,144.7609339874022,138.4039437927737,142.64193725585938,56757828
2020-06-25,142.93934661204943,151.30380607250558,142.4932463489965,150.2628936767578,78484846
2020-06-26,153.16258146228378,155.69050662610732,143.72003712147352,145.13270568847656,74727243
2020-06-29,150.56029686711352,150.93204117369916,145.87619135899917,146.65687561035156,95027403
2020-06-30,148.25540807584807,148.25540807584807,144.24047081595324,144.7237548828125,42797633
2020-07-01,144.72374769074221,151.56400952152882,144.72374769074221,150.85768127441406,46004000
2020-07-02,152.01014353084545,153.72021218193913,150.59747504986612,153.05105590820312,40835235
2020-07-03,154.649601739269,155.02134607340705,153.16257727488536,154.3150177001953,39352660
2020-07-06,156.93190636329052,158.1851686007757,155.83530035394764,156.5010986328125,36046969
2020-07-07,156.6577585283303,157.04939290168093,151.95802192465283,152.15383911132812,32467210
2020-07-08,152.15383447084815,155.05200570180398,152.15383447084815,153.75958251953125,22093693
2020-07-09,154.22956281715375,154.30789714274312,152.0755240177909,153.0937957763672,19492371
2020-07-10,152.85880267931742,153.91624778934198,151.95802621787584,152.232177734375,16815128
2020-07-13,153.44630031780542,155.67867371473415,152.8196628737882,154.7387237548828,21079233
2020-07-14,154.6212171168712,156.26612632286947,150.97892525350264,153.4462890625,19185879
2020-07-15,153.79875427844127,156.65776475658757,152.34967476733058,155.6394805908203,24692471
2020-07-16,155.6394626040598,155.75695787209648,150.39143579307358,151.84051513671875,22997164
2020-07-17,151.40968277426657,153.05459143424227,151.17469227645748,151.9971466064453,15455455
2020-07-20,152.74130824074828,153.01545973647956,150.6655915462609,150.9397430419922,19643434
2020-07-21,150.4697849840934,152.11469421021425,149.9998162390653,150.5872802734375,29089491
2020-07-22,151.17470763938582,155.01282823603964,150.7830733196967,153.95538330078125,33826583
2020-07-23,154.817028149577,157.83269490701193,154.15124223189588,157.20606994628906,32700809
2020-07-24,157.44107343314602,157.98937656817606,154.54290149260862,156.34446716308594,62500933
2020-07-27,157.04937402189486,157.04937402189486,152.85877998463383,153.837890625,23517850
2020-07-28,154.30790410316092,155.6003274410764,152.78049019022515,153.0546417236328,20029937
2020-07-29,151.52720588624288,155.24783152810303,151.48804493352173,154.07289123535156,15402845
2020-07-30,155.40449953957443,155.40449953957443,150.78309716049245,151.44888305664062,16943579
2020-07-31,151.5663736892984,154.26872779612242,151.5663736892984,152.0755157470703,17294202
2020-08-03,151.9580103705798,151.9580103705798,150.31310144312806,150.8614044189453,13776301
2020-08-04,150.86141389282827,153.36793839330016,150.86141389282827,151.68386840820312,17849565
2020-08-05,152.34966294475896,152.42798485152625,150.1564509577308,151.01806640625,50646546
2020-08-06,152.11465319401398,153.2112590490724,151.25303785428096,153.01544189453125,18574935
2020-08-07,153.13294349806426,154.30788380627195,152.07551087425853,153.56375122070312,21717194
2020-08-10,153.83789759034838,156.3835953004389,153.83789759034838,155.7569580078125,17108987
2020-08-11,156.65775425571852,162.68907487145603,156.65775425571852,159.04678344726562,57266693
2020-08-12,158.61597143769077,160.49585852974758,156.9710624744246,159.9475555419922,22106836
2020-08-13,159.39925367588447,159.9475566674981,154.38620484532908,157.79351806640625,23573090
2020-08-14,157.91100181178734,159.28174677842358,153.13293146043017,153.837890625,29858596
2020-08-17,155.13031646723257,156.26608325002397,154.1903668354124,155.67861938476562,12192938
2020-08-18,156.57942055820448,156.57942055820448,154.5037038134802,155.52198791503906,12969115
2020-08-19,155.56114456294637,157.98933465072946,155.16949779721455,155.4436492919922,16070316
2020-08-20,154.30788495173837,154.464541178193,152.38882445606274,153.36793518066406,17561721
2020-08-21,155.09116722403533,156.0311170020189,153.75958308320972,154.15122985839844,17897538
2020-08-24,154.5036989523232,155.87445642102674,153.79873974161086,154.07289123535156,15304895
2020-08-25,154.50372130744577,155.32617590766876,152.81965114861248,153.0546417236328,15784633
2020-08-26,153.91623441950898,153.95539537207935,151.6838615254573,152.70213317871094,23502769
2020-08-27,155.48281817123743,155.79614304720374,151.87968760257448,152.15383911132812,49030500
2020-08-28,152.4279865439943,153.75958309728853,151.9971788149513,153.172119140625,35979788
2020-08-31,155.87447013763017,155.87447013763017,148.8248774101584,149.68649291992188,100730476
2020-09-01,149.68649615320896,150.66560696497075,147.45412300589817,148.98153686523438,41311165
2020-09-02,149.84311749449046,151.17470143393393,148.55069450293934,149.8822784423828,21378178
2020-09-03,149.92146876539104,151.3705606571315,148.8248751231284,150.078125,16295787
2020-09-04,148.82487973395178,148.82487973395178,145.4567271422935,146.24002075195312,42983034
2020-09-07,146.67082408392912,149.21650961991872,141.61861396754585,148.11990356445312,33918419
2020-09-08,148.5115297932465,149.25566232061465,144.59508723022984,147.37576293945312,26574542
2020-09-09,145.30005947870612,145.88752343358806,142.79353501968637,143.96847534179688,28901363
2020-09-10,144.2034560516697,145.45671830356156,143.4984968107522,144.83009338378906,18469229
2020-09-11,144.83008818619,146.08335039310535,143.146018259305,144.08596801757812,19997552
2020-09-14,145.53504246004061,145.57420341170456,143.34183056932454,143.61598205566406,32185628
2020-09-15,144.12514472571996,144.28180096716605,141.61862003788664,142.4019012451172,31956903
2020-09-16,142.4410636804722,143.73348688245258,141.03114520333966,141.50111389160156,52591750
2020-09-17,141.61863221743363,142.1669353158243,139.268763568952,139.89540100097656,35240133
2020-09-18,140.63948836371995,140.8744788972155,138.64210606604536,140.28700256347656,30929813
2020-09-21,140.99197634683864,141.46195746248137,137.11470661686968,137.6630096435547,24811451
2020-09-22,137.66301495332831,138.44629615569923,136.09642772389105,136.44891357421875,19242719
2020-09-23,137.03635465795261,139.0729102681717,134.49066945443795,135.11729431152344,64164525
2020-09-24,134.49067949167778,134.52984044508187,130.1434288810821,130.4567413330078,32698988
2020-09-25,132.2974569708328,134.0990220444965,130.80920432415087,133.7465362548828,27650738
2020-09-28,133.94239209264063,136.91888555724998,133.55074527595173,135.74395751953125,24087933
2020-09-29,136.87971191597975,136.87971191597975,132.3758049722603,132.68911743164062,26602326
2020-09-30,133.15906525882684,134.80397403138778,132.14079371919883,134.49066162109375,19193371
2020-10-01,136.68388500016977,136.76220690326497,133.23741095533182,133.8248748779297,20517295
2020-10-05,134.02068879259238,135.35228523632537,132.1799627540697,132.5716094970703,25234767
2020-10-06,132.7674551203296,134.41236434610155,131.6708613821633,133.08078002929688,22728054
2020-10-07,133.1591028843916,133.86406221291955,132.37582163733182,132.7674560546875,16913783
2020-10-08,133.2374348606972,133.47241302448836,130.73091008970454,130.92672729492188,26484289
2020-10-09,131.20085461939107,132.29746055588927,130.30007826432237,131.47500610351562,23234939
2020-10-12,133.55074280787485,137.23219550955017,133.15909599842374,134.88233947753906,68801924
2020-10-13,135.3914740215138,136.95804890323652,132.76745395752806,133.27659606933594,37058708
2020-10-14,133.58990618200022,133.94239204058766,130.84840329093925,131.4358673095703,39688050
2020-10-15,131.35753150845233,131.43586583582052,128.8901801753979,129.2818145751953,28161148
2020-10-16,129.63429834996862,130.65257011533086,128.3027016925084,129.79095458984375,21006060
2020-10-19,130.6525782181207,132.29748745734491,130.1434485100383,131.78834533691406,19748904
2020-10-20,131.5925051017733,131.82749564121448,130.57423345143863,131.1616973876953,16770677
2020-10-21,131.7099908495167,132.2974547433027,130.49588969997242,131.31834411621094,17113482
2020-10-22,131.24003430328636,132.45412315229476,130.8092141683326,132.0233154296875,22893091
2020-10-23,132.33661792111914,133.94236583100562,131.3966806401737,133.7465362548828,20921450
2020-10-26,134.33402268035047,134.41234458681734,131.7883248855939,132.0233154296875,16699886
2020-10-27,131.98416838424006,132.61079335139135,130.61341075316184,130.9658966064453,47652264
2020-10-28,131.98416092117844,131.98416092117844,129.2426458140413,129.63429260253906,17468592
2020-10-29,129.2426189062617,129.98675137318625,128.02851783839364,128.3418426513672,21816186
2020-10-30,128.45936578874512,130.65256548155998,127.95022371794757,129.4384765625,16976909
2020-11-02,130.65257953880794,130.96590445350486,128.8118530720758,130.61341857910156,14924105
2020-11-03,130.96586270381243,133.74652579116142,130.88752839702272,133.23739624023438,23473408
2020-11-04,133.1982404570661,134.56898537410038,131.74914881786006,133.00241088867188,19533203
2020-11-05,134.13819985429114,137.07553215420933,133.3157453208324,136.8797149658203,28037401
2020-11-06,138.2504617619849,138.79876474161802,135.82225930579642,136.25306701660156,35571152
2020-11-09,136.25307132412317,138.8770910364169,134.608174745568,135.352294921875,36645472
2020-11-10,137.07553456367833,140.63950427131252,134.60818333227894,139.69955444335938,59672371
2020-11-11,140.6786562181872,145.61338318966216,139.89537508867681,145.14340209960938,65757234
2020-11-12,145.06508586177804,147.84576190798472,144.0076407801823,147.25828552246094,48153554
2020-11-13,146.63163325777694,147.8848952926698,145.3392102752656,146.5532989501953,29284742
2020-11-14,148.08072961972658,148.82486218486108,147.2974485147773,147.72825622558594,8066280
2020-11-17,148.04158403317132,148.3548965076705,146.00502812423167,146.74916076660156,21757459
2020-11-18,146.31835790260007,147.61078121237642,143.14603485828738,144.164306640625,27620283
2020-11-19,143.1851699932197,150.23477410785466,143.10684809227516,147.17994689941406,50871154
2020-11-20,147.88489948173842,150.39142362252537,145.73084870419135,150.15643310546875,47052232
2020-11-23,150.39143513843433,150.7830818927365,147.7674155381903,149.4906463623047,24073204
2020-11-24,149.2948371668911,153.87707837109056,149.2948371668911,153.172119140625,47160760
2020-11-25,153.52458501643733,155.05199867622233,150.78308254908058,151.84051513671875,43263598
2020-11-26,152.81963104703985,153.40709499496873,150.82224865914304,152.5846405029297,25155854
2020-11-27,152.31050573949454,153.32877743895284,151.33139499438354,151.68386840820312,32594141
2020-12-01,152.7413434986267,153.79877636029124,150.7047872870386,152.2713623046875,16505446
2020-12-02,152.74130769029057,155.67863981439154,151.6055283461067,153.4854278564453,29520716
2020-12-03,154.46453742205662,154.46453742205662,152.38882075040186,153.68124389648438,29087754
2020-12-04,154.19040337282607,156.148624995943,153.91625184909577,155.2478485107422,23005484
2020-12-07,155.24782232971666,159.59507260692726,154.77784127552377,159.12509155273438,37068111
2020-12-08,159.7125768217433,160.3392017126596,156.30526363726065,158.57679748535156,32042241
2020-12-09,160.5741845178767,162.76738394278087,160.30003303822045,160.8874969482422,41212760
2020-12-10,161.8666468396393,167.3496653495281,159.1251313785205,166.6055450439453,67739601
2020-12-11,167.97628972431178,170.7177925600926,167.11467419271358,169.4253692626953,62645643
2020-12-14,170.7177655546592,171.22690756658534,168.4070708502007,169.11203002929688,28029531
2020-12-15,168.60290067218173,169.5036894984041,165.74390279024473,167.2713165283203,24151252
2020-12-16,167.42797736840245,168.83789587125773,167.2321477687938,167.62379455566406,20304621
2020-12-17,167.78043025913865,168.4853894243109,165.4697356003196,166.87965393066406,23248344
2020-12-18,166.91882069343282,169.1511935296066,164.2948011046706,168.0154266357422,24690701
2020-12-21,168.0154155819305,168.17207179019022,155.99193678380482,158.9684295654297,43445980
2020-12-22,159.08594755820909,161.55331111866423,154.22955475879527,159.32093811035156,42564860
2020-12-23,159.0076001951967,163.1198724586741,158.22431910620998,162.7282257080078,24608258
2020-12-24,164.49061831097333,164.99974787992042,161.04414452478946,163.39401245117188,23645158
2020-12-28,163.70733701246544,164.6472867352354,162.80656065355595,164.09898376464844,16347233
2020-12-29,164.88228792261856,167.2321437628567,164.56896305321962,165.70474243164062,27568853
2020-12-30,166.60550437930996,167.23212923899288,164.13814106653066,165.3914031982422,19654130
2020-12-31,164.92142225754102,165.50888612278104,163.3548478127861,163.7073211669922,18947950
2021-01-01,164.41231331654552,167.7804533937151,163.94234461241044,167.5063018798828,20279389
2021-01-04,167.62379254373428,169.1903672600652,166.13555214877601,167.15382385253906,27927482
2021-01-05,166.4096820122706,167.0363068523671,164.9605903479432,165.6263885498047,18718244
2021-01-06,165.62639400381673,165.665554954526,160.18253777374696,160.8874969482422,50957586
2021-01-07,161.43581090591945,162.61073880600887,158.30264915177003,158.8509521484375,36298522
2021-01-08,160.06504494101443,161.35746804516614,156.8535614501143,157.83267211914062,58600546
2021-01-11,159.7909100153076,161.43581908868626,157.63687128517876,158.61598205566406,44625924
2021-01-12,159.0076069320509,162.0624343393912,157.91101336100888,161.7099609375,36989137
2021-01-13,162.4932514075501,166.84051463817033,160.7700204272897,165.46975708007812,66387977
2021-01-14,166.05720213953836,169.5819980213728,165.74388970834102,167.74127197265625,50164605
2021-01-15,168.32874286949482,171.14859210432542,165.43058414213382,170.6394500732422,60567280
2021-01-18,171.07027096837035,173.89010800812812,168.09377769444237,172.12771606445312,70211602
2021-01-19,173.10681179091864,173.65510235668353,170.36529690036346,171.4227294921875,33009228
2021-01-20,171.148586316605,171.54022065243686,168.95537445668654,170.4827880859375,46392916
2021-01-21,171.54021457433242,171.9318613086331,166.21385374241052,167.3887939453125,30116008
2021-01-22,167.62377126282976,168.2112351553282,163.82482402401504,165.03892517089844,25663922
2021-01-25,166.0572129992869,166.4488597700692,162.02327484368743,162.76739501953125,25929487
2021-01-27,162.92406677673895,166.56635823128408,162.21910754077365,164.99977111816406,50338134
2021-01-28,163.90320118437094,165.27394648777044,161.16168575287477,161.82748413085938,22984352
2021-01-29,163.35486340102804,163.55068057067908,158.4984709877531,159.20343017578125,24679902
2021-02-01,159.7909287992379,170.71780479286136,158.06769761256353,169.15122985839844,59968324
2021-02-02,172.32352317373153,175.0650381422084,169.9736549739437,170.91360473632812,50324035
2021-02-03,173.4984607697819,173.8901075603725,168.95539275350293,169.77784729003906,55709225
2021-02-04,169.26869630988887,181.25301547943354,169.19036199095578,180.11724853515625,109894300
2021-02-05,181.84048971260134,187.088529419883,178.00238093943122,183.563720703125,130323308
2021-02-08,186.03106883299537,186.46187654475622,181.33134495587367,182.5845947265625,43093963
2021-02-09,183.75954730945145,187.36267787848232,178.74649824164274,179.3731231689453,73377134
2021-02-10,179.37313277346698,181.01804191423332,174.75173024394326,178.23736572265625,49104142
2021-02-11,179.37313023050777,179.60812079367085,175.84833384479901,177.37574768066406,45311749
2021-02-12,176.8274464136338,176.8274464136338,169.033720918209,170.32615661621094,114826417
2021-02-15,171.10941818286946,173.1068129359196,170.3652980272309,171.22691345214844,33000365
2021-02-16,171.57942670558245,173.7334656124332,170.16950807339862,170.95278930664062,30271502
2021-02-17,170.44361618350027,171.07025346842522,169.6211741413268,170.5611114501953,20615018
2021-02-18,170.91359987847449,172.79348693746508,170.67860934147086,171.4227294921875,24997592
2021-02-19,171.42276413398713,171.46193750630147,167.6238158839012,169.15122985839844,29208388
2021-02-22,170.14846812253035,170.14846812253035,165.33294136040828,166.1756591796875,53531490
2021-02-23,166.93813318687302,168.98472643274246,166.1355411164908,167.33941650390625,27703323
2021-02-24,167.82100047427653,168.38281245905475,165.73426842822036,167.62034606933594,13667471
2021-02-25,168.1420204746524,169.50642454723723,167.58020852925384,167.86111450195312,26953713
2021-02-26,166.33617114166282,166.93812151142876,162.92517415833606,163.6073760986328,45101885
2021-03-01,164.89151780113596,166.73746928301324,163.76789405406655,166.05526733398438,16850430
2021-03-02,166.13552892619578,169.18535567718118,165.73423292045,168.46302795410156,26590262
2021-03-03,170.14848639782676,170.14848639782676,167.58020687792904,168.50318908691406,21648963
2021-03-04,167.5801929917211,169.58666040549426,166.61708507202587,168.30252075195312,25858155
2021-03-05,166.93811009814047,168.54328129874042,166.29603398700684,167.37953186035156,17990773
2021-03-08,168.30253218978842,169.1853758769414,166.697360693314,166.93814086914062,23874105
2021-03-09,167.4999309192198,168.34264877035278,164.3297138896192,166.77760314941406,23463213
2021-03-10,167.8209693296944,167.90122090224966,165.1724257903825,165.73423767089844,20358192
2021-03-12,166.93813509946224,166.93813509946224,163.32648345952188,164.69088745117188,31973696
2021-03-15,165.2125697237973,165.33294708658582,161.80157254233671,164.8915252685547,42699297
2021-03-16,165.65396907812004,167.6604362400477,164.49020693222474,166.81771850585938,50641203
2021-03-17,170.30898090740672,171.6733847953392,167.37954420413558,169.02484130859375,81604999
2021-03-18,170.95106139364376,175.8468397636343,170.06820506360708,174.68309020996094,95536034
2021-03-19,175.7665960506055,181.50509291782095,172.9976748131437,178.9368133544922,139352860
2021-03-22,179.21769342915982,181.7057210505365,177.77303797333462,181.3846893310547,47823778
2021-03-23,180.5821171037225,183.07013227959732,177.61254157769497,178.33486938476562,43165463
2021-03-24,177.3717841520838,178.81643984792797,172.7568983656358,173.31871032714844,28672557
2021-03-25,172.676639085929,173.3187026029523,167.78086025507122,169.82745361328125,42248040
2021-03-26,171.9543253308213,172.1148412232024,168.8242336339901,169.26565551757812,27083832
2021-03-30,171.1516936816368,172.55622331377413,168.86432048591513,172.19505310058594,28862387
2021-03-31,171.79378239201955,176.00735887859727,170.71028439132832,175.36529541015625,37890481
2021-04-01,176.5691729183289,177.0507205255117,174.4021896087696,176.6092987060547,30182056
2021-04-05,174.6429656534693,176.5691816133714,168.94460750764165,170.58990478515625,32586507
2021-04-06,171.59312012982207,172.5161022209652,168.66368343297677,170.67015075683594,26663018
2021-04-07,170.71026559985594,172.71673279510236,170.50962396759377,171.59310913085938,15790468
2021-04-08,172.4358425109551,173.43907619952495,170.83067115287477,171.15170288085938,14660557
2021-04-09,171.55301243168788,173.31869979303448,170.58990445360865,171.0313262939453,16994483
2021-04-12,168.54328519863543,169.34586445842808,164.5303507452029,164.7711181640625,35840817
2021-04-13,166.13553251880302,168.30251573490193,165.33294048995577,167.4999237060547,21027436
2021-04-15,167.74071171006543,168.9044613036575,165.33294822897662,165.89476013183594,18205903
2021-04-16,166.93813350142244,167.9413672322116,165.73424539358072,166.8979949951172,13824608
2021-04-19,164.53036950348047,165.4132131489845,163.52713577574264,165.0119171142578,16400507
2021-04-20,165.4934677836644,166.13554399472548,162.52390505175097,163.3666229248047,22187707
2021-04-22,162.12260947341213,165.57373255303398,160.9588598505776,165.25270080566406,24030915
2021-04-23,163.92842045374402,166.1355294145988,163.92842045374402,164.81126403808594,20381213
2021-04-26,165.17241415303704,165.93488034753557,164.2895706081869,164.7711181640625,20652091
2021-04-27,164.77111511096103,166.0953931218546,164.57047347926974,164.85137939453125,11885588
2021-04-28,165.33293917686845,165.73423518810495,164.77112730476878,164.93165588378906,13197445
2021-04-29,166.2157837060476,166.57694118784855,163.76788202648044,163.96853637695312,13601150
2021-04-30,163.64751338977874,165.09216883020125,162.122593661263,162.60414123535156,17130954
2021-05-03,161.48054890857208,162.00223508722007,160.51745357313487,161.2799072265625,21405441
2021-05-04,161.48056636247566,162.4035487230643,159.795142984209,160.19642639160156,18962501
2021-05-05,161.6811932951677,162.1226151427772,160.1161475743127,161.6410675048828,14396547
2021-05-06,162.36339080101632,165.2928277734366,162.2028622080283,162.72454833984375,14872429
2021-05-07,162.88504829210632,165.69410762242785,162.88504829210632,164.81126403808594,20213092
2021-05-10,166.25594151924264,166.4967089807767,164.53037990714827,164.9718017578125,16922951
2021-05-11,163.6475163729367,165.73423528351643,163.52712629768072,163.72776794433594,14277000
2021-05-12,163.64751004114797,164.73099524021563,162.80479226511943,163.12582397460938,17174525
2021-05-14,164.53035824320477,171.11157206420668,163.72776622867988,170.34910583496094,64021335
2021-05-17,174.00089150623748,174.1614073733881,169.8675665930967,170.63002014160156,39465392
2021-05-18,171.83390094691077,172.235196956875,168.26238807909613,168.5834197998047,31653409
2021-05-19,168.58342405205067,169.6669220344679,166.57695666977665,166.7374725341797,25345241
2021-05-20,167.29927807587208,167.98148001233878,165.97501270613571,166.13552856445312,21688686
2021-05-21,166.6170757855907,168.42290144460154,166.45655992761417,167.7808380126953,23509878
2021-05-24,168.14203595757976,170.18862953675355,166.73750596475074,169.74720764160156,29977506
2021-05-25,170.95109146481946,171.27212324958174,168.74396932871971,169.26565551757812,26310600
2021-05-26,169.98794918724275,170.509635271127,168.7840738775493,169.02484130859375,18253046
2021-05-27,169.34587274298522,171.8740261508636,168.7840735927248,169.4662628173828,49385674
2021-05-28,170.5497568619505,171.35233614262108,169.78730336577428,170.87078857421875,26583388
2021-05-31,172.5562229901618,174.88372196582054,172.07466270681405,173.84036254882812,75852502
2021-06-01,174.96400355511412,176.08762736983502,171.95430235917934,172.7568817138672,40247686
2021-06-02,168.94458009782977,170.50962554202562,167.41966043682564,167.74069213867188,100377464
2021-06-03,169.1452291645745,169.1452291645745,167.49991936354024,167.7808380126953,48454441
2021-06-04,168.14202258272422,168.30253846654216,166.93814709501012,167.5400848388672,31286264
2021-06-07,168.86431350555313,170.46948471100404,168.70379765682364,169.70703125,32643869
2021-06-08,170.30898300539718,171.95429284828052,169.5064036951005,171.4727325439453,22080199
2021-06-09,171.75364957217948,172.3555872733083,169.7471820896448,170.54977416992188,25846432
2021-06-10,172.34294076114816,174.5725922359903,171.3519990899786,172.8384246826172,31902690
2021-06-11,173.66422151464423,173.78807940842842,171.55844103205038,171.68231201171875,22249404
2021-06-14,171.72360067789867,172.1364995879943,169.45267630119935,171.1868438720703,18358717
2021-06-15,171.39326078594056,172.0951875180411,170.9390759794949,170.98036193847656,15426377
2021-06-16,170.98036568214278,172.87968995335743,170.98036568214278,171.64100646972656,20878518
2021-06-17,170.897819591497,171.76490339544088,169.28752296787053,169.82427978515625,22304032
2021-06-18,170.113306509676,170.48491945981613,167.22304026964153,168.91590881347656,24475206
2021-06-21,167.71850253955068,170.11329780947116,167.14044670393073,168.8333282470703,19809308
2021-06-22,170.19588446761222,170.31975544585418,168.75074486459613,169.37008666992188,18737552
2021-06-23,169.82426592166706,169.98943594445493,168.1313975039857,168.42042541503906,13059519
2021-06-24,168.83331610942912,168.99847303832092,167.26430565613254,167.8423614501953,23299321
2021-06-25,168.46171264702588,169.7829812380983,168.25526974581106,169.32879638671875,14411660
2021-06-28,170.03071778984867,170.03071778984867,167.92493745207358,168.1313934326172,15190488
2021-06-29,168.13140895736225,169.5352495596221,167.7597960096001,167.8836669921875,13839294
2021-06-30,168.70943678654714,168.7920087039625,167.2642973729556,167.38816833496094,16556397
2021-07-01,167.55335336170248,168.2965661725214,166.93401153366747,167.63592529296875,10583793
2021-07-02,167.8836546495307,168.21396852155635,167.01657092105077,167.14044189453125,13187847
2021-07-05,167.63591385567378,168.544296638818,167.38818499289226,168.1726837158203,10642939
2021-07-06,167.8423795412981,168.2965644161762,167.01658172194647,167.22303771972656,11515716
2021-07-07,167.22302363790402,169.45266185933474,167.05786670511839,168.25526428222656,18568033
2021-07-08,168.04878775751934,168.87458540637522,166.64494745752233,166.8101043701172,21730892
2021-07-09,166.81013107232283,167.0991589871005,165.9017613647027,166.2733612060547,12289809
2021-07-12,166.81012252052477,167.2643073510503,165.94303882064426,166.06690979003906,13589278
2021-07-13,166.81013501676028,166.97529195969804,166.27336513779952,166.68626403808594,11247522
2021-07-14,166.68625782555216,169.41137999716778,166.56238685149458,168.54429626464844,21269167
2021-07-15,168.79202337512783,172.17777325873448,167.55333981917462,170.3197479248047,29963443
2021-07-16,171.51715506745566,173.12745163137603,171.10425616385584,171.68231201171875,30137464
2021-07-19,170.7739272157799,173.00356539553925,170.40231430954518,171.5584259033203,17099088
2021-07-20,171.93006808949076,172.83843790047274,170.44364238317743,170.77395629882812,24567907
2021-07-22,170.9390869140625,171.97132755581123,169.98943128144228,170.9390869140625,19016769
2021-07-23,170.93908482871254,176.38931587409175,170.52618595987352,175.3983612060547,46241640
2021-07-26,176.71964399133066,177.83446971854417,174.07710672063888,174.3661346435547,49084040
2021-07-27,175.0680282077381,175.89382585514392,171.7235647473907,172.30162048339844,25378089
2021-07-28,172.0126074987528,173.41646100363454,171.31068074631196,172.67324829101562,15304399
2021-07-29,172.67326837459532,173.58163811946147,169.82427507328822,170.15460205078125,16204679
2021-07-30,170.1958845969666,171.02168239528459,168.95720098537367,169.2462158203125,15515733
2021-08-02,170.4849170334962,171.35200081893169,169.65911921330496,171.1868438720703,10046707
2021-08-03,171.35199642486754,174.1596906212805,170.4849126616671,173.33389282226562,19179805
2021-08-04,174.15966969984962,174.32482662263584,171.8474466090776,172.26034545898438,11421835
2021-08-05,172.2603744121401,178.99058884776161,170.85652070367678,177.75189208984375,48995450
2021-08-06,177.8757573913376,178.37122822714434,175.56353398580436,176.9261016845703,24489836
2021-08-09,177.54541320657714,179.32086642263118,175.64608903123624,176.55445861816406,21142199
2021-08-10,176.71963845638172,177.09125138244184,172.21907589580618,173.2926025390625,18855165
2021-08-11,173.29257504310908,173.91191673572263,171.3106659236878,172.30162048339844,16012451
2021-08-12,173.62291501440507,176.88479396688084,172.05391756828567,172.5081024169922,28758718
2021-08-13,173.2925925660604,175.31578784666837,172.75582273238152,174.61386108398438,19576945
2021-08-16,174.57259740448208,176.1003090071786,173.8293845861588,174.15969848632812,11621038
2021-08-17,174.0771127976824,174.65516866369396,172.42553021731422,172.75584411621094,8161139
2021-08-18,173.08616257387186,174.65516005927662,172.0539218762597,172.5493927001953,11149120
2021-08-20,170.93909188498915,173.9945279374651,170.69134993628248,172.5081024169922,20168965
2021-08-23,173.00357540788914,173.58163123823093,170.11329625618026,170.3610382080078,10319044
2021-08-24,170.93908572735606,170.93908572735606,169.03976138941806,169.90684509277344,12971124
2021-08-25,170.44363403320312,171.68231769915312,170.1133070478498,170.44363403320312,10994627
2021-08-26,170.44362464832878,170.8152244932991,168.75074310646605,168.9571990966797,15407558
2021-08-27,169.2875032094444,170.81521463662804,169.20491820094762,170.0307159423828,10879860
2021-08-30,170.11331211857066,171.9300647915714,170.11331211857066,171.76490783691406,12550267
2021-08-31,171.80618226001639,174.73774745144618,171.14554139989215,174.49000549316406,26802390
2021-09-01,174.24225410927653,175.31579381316996,172.83841362201474,173.00357055664062,16867486
2021-09-02,172.59068016587642,174.65516157906515,172.59068016587642,173.21002197265625,14872714
2021-09-03,173.210014736548,174.44871138424327,173.210014736548,173.9119415283203,10622796
2021-09-06,174.2422652597162,174.40743529079538,172.6319817725946,172.8384246826172,11041632
2021-09-07,174.15969121900886,177.00867138938528,173.5403494105641,174.8616180419922,38933378
2021-09-08,175.2744999073173,175.89385478768938,173.16873257170377,174.44871520996094,17897021
2021-09-09,174.28354412763528,176.63705322441385,173.87064526952133,175.6048126220703,19784972
2021-09-13,176.1828629168931,177.66928829108434,174.9028804223853,176.84349060058594,16661794
2021-09-14,177.46284172282247,179.40346508966857,176.8847859260399,178.45379638671875,20377545
2021-09-15,179.27959858493418,179.3621705088831,177.7931730950199,178.3712158203125,21028598
2021-09-16,179.1557328111534,192.94647458378458,178.6189629463781,190.55166625976562,154986538
2021-09-17,192.40969998400902,195.96060679065545,189.1891070463801,190.88198852539062,82563658
2021-09-20,190.7581133191399,197.65348388272415,190.13875847112453,193.02903747558594,73101936
2021-09-21,194.01999464944532,200.21343852243155,191.33617158832797,199.42893981933594,58854434
2021-09-22,201.08053588867188,202.97986037566105,198.7683124982704,201.08053588867188,54648494
2021-09-23,202.31919615868807,202.81468001994125,199.59408726532632,200.2547149658203,22630330
2021-09-24,201.49344146113793,201.49344146113793,196.29093866054157,196.91029357910156,25779310
2021-09-27,198.0250994712255,199.71798104743945,194.47419246068986,197.11672973632812,23772123
2021-09-28,198.06638405704336,199.51152366426805,195.13481887835445,196.3322296142578,16319138
2021-09-29,194.8870789079839,199.34635536841552,194.6393369648877,196.62124633789062,16045073
2021-09-30,198.10766234880444,198.5205481197045,194.26772784390195,195.0109405517578,16987893
2021-10-01,194.22644030633424,195.7128658101191,192.3271159213017,194.35031127929688,16570661
2021-10-04,194.88705185148578,196.82766190729896,194.39156803408224,195.3825225830078,11098123
2021-10-05,195.21739114899836,196.08447485673025,193.6483806655954,193.81353759765625,9578825
2021-10-06,193.89613425523254,195.21740287697983,190.42779921593942,190.96456909179688,18179336
2021-10-07,192.40967890196862,194.01997519434534,191.83162315158305,192.36839294433594,10770973
2021-10-08,193.8548479010928,193.89613386503444,190.92328274355665,191.336181640625,10114327
2021-10-11,191.58392439441468,197.77736904163248,191.33619550692774,196.57997131347656,22000303
2021-10-12,197.0341252750724,200.66761694193795,196.53865449199736,199.26376342773438,30347455
2021-10-13,200.29601963451157,207.19137706699547,198.31411030562523,205.78753662109375,52091422
2021-10-14,209.13200763552572,216.2338212891441,206.73719935684227,211.85711669921875,88696178
2021-10-18,215.53190696732716,219.08281399955175,212.51776982076788,216.8118896484375,62614961
2021-10-19,215.86218512107266,216.81185375496287,202.3604860580635,203.10369873046875,61336411
2021-10-20,203.10374609359727,205.20951364215657,200.1308816248319,203.6405029296875,49663940
2021-10-21,204.7965965913583,205.08562451056295,200.7502188083771,202.0714874267578,23385990
2021-10-22,202.07144943090358,202.97981898163474,192.98772775182906,195.3825225830078,36905793
2021-10-25,193.31807658636632,195.42384393408074,190.3452254870321,192.74002075195312,23194065
2021-10-26,193.31806737209706,197.36445802012315,192.07938383504276,195.4651336669922,19663381
2021-10-27,198.39671921187636,199.26378992609114,195.05225499519076,196.91029357910156,26909428
2021-10-28,194.1438657199639,194.84579249987343,185.1014287623776,185.8859405517578,48064941
2021-10-29,185.80335049183094,188.48717348137032,183.57371232732672,184.31692504882812,27668175
2021-11-01,185.10143168596338,187.90912576406427,183.7388771523005,187.33106994628906,24090945
2021-11-02,188.280737512438,189.31297816834595,185.39045844154236,186.298828125,14896284
2021-11-03,186.6291665313184,187.33108027513228,183.0782464181056,183.69760131835938,18530527
2021-11-04,185.6794899057068,187.70268529409225,184.9775631056305,187.08334350585938,7295341
2021-11-08,189.68458112607286,190.51037889876287,186.38141620708012,189.7671661376953,21051238
2021-11-09,189.80845516230016,190.67553891184622,188.1568726761627,188.90008544921875,11964518
2021-11-10,187.82656779819592,192.28584465025486,187.62011179885639,190.63426208496094,13948380
2021-11-11,190.26264115252673,191.1710239569046,188.7349296337763,189.9323272705078,8448263
2021-11-12,190.92326226473995,193.19418632620602,189.2303808941068,192.3271026611328,12312123
2021-11-15,193.1941974399654,197.3644590812959,192.49227065844838,196.62124633789062,40247848
2021-11-16,197.4057427853217,197.90121357996375,194.06127893530922,194.43289184570312,15241184
2021-11-17,194.8870778024346,202.5256611743633,194.59804989908972,197.77734375,48496295
2021-11-18,198.1902596607747,200.6676400329906,195.13482343217896,196.1257781982422,21005037
2021-11-22,196.4560980205307,198.80960748228028,189.56073967284755,190.67555236816406,23443628
2021-11-23,189.23040559165574,192.16197081736175,189.23040559165574,191.25360107421875,13950744
2021-11-24,191.95552467932345,192.16196758624494,187.41366295409358,188.0330047607422,14684422
2021-11-25,187.45495232736147,191.74907217367124,186.4227116022134,191.005859375,24825493
2021-11-26,189.02396049847778,189.97361619555616,184.23435679100857,184.97756958007812,28067913
2021-11-29,183.32596954115934,184.68852400994444,181.83954410505143,182.91307067871094,22985358
2021-11-30,183.3259960730276,185.9685334720793,181.67441347009148,182.6240692138672,24408641
2021-12-01,183.32598012885376,184.39950676451306,182.16986848158206,183.243408203125,13496307
2021-12-02,183.24339244642584,186.7529999634382,182.74790859112434,186.17495727539062,16517389
2021-12-03,185.8033340210649,186.79428859051671,182.78919744157963,183.03692626953125,14325920
2021-12-06,183.03695336098087,183.49113821297854,179.60991744649547,179.9402313232422,13644352
2021-12-07,180.76601169408545,183.28467766204,180.1053709183249,182.21115112304688,9246755
2021-12-08,182.50020581973,186.34014081744357,182.50020581973,185.7620849609375,10241656
2021-12-09,184.15176528870936,195.25866997977732,184.15176528870936,194.39158630371094,39714672
2021-12-10,195.05225054322833,197.32317490650036,193.0290550558414,194.96966552734375,36517117
2021-12-13,196.53865092278556,197.15799266185263,193.35934413628019,193.73095703125,22903720
2021-12-14,194.06125765554492,195.79542487545692,187.90910047207527,188.77618408203125,38953007
2021-12-15,189.9323055671915,191.74904479658304,184.4820747931345,185.0188446044922,35987634
2021-12-16,186.62917940242966,186.75303730513818,182.33504619864638,184.0692138671875,25131188
2021-12-17,183.98662653019719,184.02791249431058,178.99057995241972,179.9815216064453,30827201
2021-12-20,178.57766810164384,178.57766810164384,173.25130802550464,175.3983612060547,38778895
2021-12-21,176.7196406282395,177.91703826156504,174.28355939792445,175.48095703125,20142586
2021-12-22,176.7196520560906,176.8848090073104,174.32485663457635,175.0680694580078,17903428
2021-12-23,176.63705399757598,180.3944035253291,176.05899821086277,179.4447479248047,23065082
2021-12-24,180.02281188964844,182.04599414917163,178.7428292915099,180.02281188964844,17220191
2021-12-27,180.35314144583003,180.39442741152405,178.08221704439202,179.65121459960938,8467106
2021-12-28,180.02282968392296,182.1698831278626,180.02282968392296,181.7156982421875,12014352
2021-12-29,181.67439313343868,181.9221350762065,178.61895715420764,178.99057006835938,11923119
2021-12-30,178.86669970753948,179.94022632005905,177.95833002880113,178.3712158203125,10116360
2021-12-31,179.1144465063965,180.68344396279042,178.49509163057397,180.06410217285156,7875890
2022-01-03,180.06411432134925,181.55053995184156,179.23831648846036,180.9311981201172,8064567
2022-01-04,181.26148711080458,183.0782263904507,180.88988729718733,181.88082885742188,9398805
2022-01-05,181.3853578444773,182.9130692289567,180.55956012612572,182.12857055664062,11663111
2022-01-06,180.84858944445506,182.00470102490692,180.18796173327277,180.60086059570312,9295303
2022-01-07,181.5092458350473,182.21117265289342,179.60992137340224,180.35313415527344,9196075
2022-01-10,181.59184157907958,185.55564796421177,180.7660567608556,184.3995361328125,16451394
2022-01-11,184.44081016085138,185.18402293934722,182.66535668522894,183.28469848632812,8329596
2022-01-12,183.73890009368944,184.68855586381656,182.995687247451,183.94534301757812,13665682
2022-01-13,184.89499333341422,186.46400388964653,183.94532457262912,184.936279296875,11944029
2022-01-14,184.93626946453776,185.6381962354717,183.57371496981872,183.8214569091797,10976796
2022-01-17,183.82145533849297,186.29882236740187,182.7892147144866,185.47303771972656,12792728
2022-01-18,185.47305410890732,187.70269248347537,181.92214709542293,182.2937469482422,14948456
2022-01-19,182.29375384215598,183.6563084971621,180.6008852864001,181.96343994140625,11915686
2022-01-20,182.12860711921306,183.44987588229247,180.02283952632834,180.64218139648438,17997322
2022-01-21,180.43570715876808,182.08728955455956,178.37121280667483,179.23829650878906,17225050
2022-01-24,179.23828290321438,179.81633866074495,174.15966513163247,174.9028778076172,18023332
2022-01-25,175.0680674220073,177.2977058663716,173.0448718927957,176.96739196777344,19028606
2022-01-27,174.44869528598605,177.9583158350936,174.32482432405908,177.21510314941406,24041247
2022-01-28,177.628008262644,181.05505726780552,177.628008262644,179.69248962402344,15865353
2022-01-31,180.43571332864082,182.29373868023393,179.27960168628942,181.8395538330078,15618203
2022-02-01,182.50019076366507,188.94136349838192,180.97246623212703,188.07427978515625,44871108
2022-02-02,189.93234059172224,192.657463024219,189.10654274287236,191.70779418945312,42714702
2022-02-03,191.7077770268198,194.22644322867814,191.41874911418606,193.6071014404297,28918394
2022-02-04,195.9193094173851,196.9515500123555,191.2122912574494,193.48321533203125,58889867
2022-02-07,193.2354940986752,193.85483586287515,188.69363268473688,190.09747314453125,25101983
2022-02-08,190.18007034590707,191.83165285162016,189.14782964410088,190.96456909179688,16825239
2022-02-09,191.83165159213155,192.40970742821847,188.90008644794338,190.0561981201172,12351873
2022-02-10,188.85879444660074,192.74001514834865,188.07428264505762,191.7903594970703,20317032
2022-02-11,191.58389247295358,192.65743212143667,189.76715319995563,191.95550537109375,18793513
2022-02-14,191.111736802837,191.111736802837,184.76953465984377,185.5728759765625,23621214
2022-02-15,186.88360833739787,188.9976757896236,184.8118184821637,188.57485961914062,13371177
2022-02-16,189.2513590547316,190.012422818749,187.60238533266227,188.3634490966797,11664158
2022-02-17,188.61714774167055,189.7164591261206,186.7567725679566,188.27890014648438,14564261
2022-02-18,188.27888612288461,188.9553812628695,187.30640760892015,187.64466857910156,9004891
2022-02-21,186.29166913584174,187.13728808005507,183.6279393111439,184.3467254638672,16750193
2022-02-22,181.809844851013,183.41654097199213,180.1185935343026,181.68299865722656,26741024
2022-02-23,183.33199119449924,183.92393122613703,181.8521411154048,182.6132049560547,11438476
2022-02-24,177.58169612020313,180.37225856684984,175.04481264131346,176.31324768066406,42933709
2022-02-25,178.85014612402676,183.07828114255003,178.04680475856802,180.92193603515625,24543858
2022-02-28,180.28772693787565,183.03601214907678,178.25821452946943,182.5286407470703,20806226
2022-03-02,181.30244523843356,183.16283359473508,179.65348505472593,182.0635223388672,20039140
2022-03-03,182.6977554601382,186.20710429988497,182.65546446193196,185.53060913085938,29631546
2022-03-04,184.09303933622465,192.29561707486894,183.5010993550658,190.68893432617188,69409780
2022-03-07,187.72924023762044,191.95737543395126,186.12255743913641,190.22384643554688,47001716
2022-03-08,189.3359191679149,193.18351541356472,189.2090729795636,191.872802734375,37424203
2022-03-09,192.54930500002894,195.6781286278294,191.19630127450895,193.8600311279297,43923809
2022-03-10,195.33988214056504,196.60831727776144,192.67615227222518,196.1855010986328,37523806
2022-03-11,196.10095698647746,200.4982160175299,194.62110697598138,199.86399841308594,43305144
2022-03-14,199.77942185093005,202.48542936223052,198.9760804773279,202.1049041748047,36465969
2022-03-15,202.10490962472147,204.13440861282902,199.4834572398529,201.13243103027344,34269168
2022-03-16,202.9505185845099,205.48740224434704,202.18945482657767,205.14915466308594,22462538
2022-03-17,207.39005565891384,207.51690184417842,205.23369730979334,207.09408569335938,35541798
2022-03-21,207.93970874325845,209.50412719248055,206.16390231469245,206.75582885742188,29052540
2022-03-22,206.79813000231573,212.04102115395426,205.95249764230678,211.1953887939453,38368305
2022-03-23,212.63293057909505,214.53559653559014,210.13833809855382,213.09803771972656,42051087
2022-03-24,213.05575873378356,216.9033684581767,212.632942564043,215.50808715820312,39712133
2022-03-25,215.8886129689563,216.26915154290435,210.77256812040878,214.23963928222656,30412482
2022-03-28,214.78929286215492,218.171795291394,213.56313539655102,217.3684539794922,25876007
2022-03-29,217.3684511227327,217.74897627593143,214.57787526512513,215.29666137695312,18820674
2022-03-30,215.71948418625266,216.81879548522477,210.26519188726655,210.73028564453125,18281803
2022-03-31,211.06852626797823,215.0852595669318,210.98397107863372,211.95643615722656,26644916
2022-04-01,211.40679628806967,215.93090140434975,210.3920535069864,214.19737243652344,14856664
2022-04-04,214.02823590833685,218.08724699179183,212.33698464027788,216.0154571533203,16520039
2022-04-05,216.52283323903575,221.4274767636528,215.71949188421831,219.39796447753906,28230046
2022-04-06,217.7489757543832,222.6958965354375,217.5798519755679,219.52479553222656,20352716
2022-04-07,218.171785969566,221.72342542868594,216.31141105299162,217.0301971435547,16679649
2022-04-08,218.17180948503955,227.34686567650402,216.48055816039195,226.45896911621094,39283623
2022-04-11,227.26229491098144,230.98304489026535,224.93682617392898,226.20526123046875,47924937
2022-04-12,225.69789329581278,227.17775663896487,222.48451441980117,223.9220733642578,24460888
2022-04-13,224.34489471171244,228.82670884188383,222.94961333345694,227.93881225585938,22239115
2022-04-18,226.6280953600974,230.43342785695762,225.99389114420802,228.40391540527344,25339139
2022-04-19,230.01057737111762,230.43340694371716,218.8483135006603,221.1737823486328,24280577
2022-04-20,222.31538227084016,224.47172730657584,217.79127741535453,219.48252868652344,25454589
2022-04-21,219.60938448206312,223.62610475174708,219.52481588472074,220.20132446289062,24313956
2022-04-22,219.86305772132224,222.39994137275343,218.63690019317153,220.7932586669922,16274820
2022-04-25,218.84830603683585,219.01742981999413,213.52084656650035,215.84632873535156,25140992
2022-04-26,216.98792403018115,220.4549951877935,216.69195405086586,218.97515869140625,21327644
2022-04-27,216.64969675262222,218.5946405988964,216.2691715436721,217.74900817871094,17219401
2022-04-28,219.4402549462415,222.9918813380937,218.2986526130312,220.7932586669922,28999835
2022-04-29,222.3999374642946,222.3999374642946,218.5946187541172,219.48252868652344,21206335
2022-05-02,218.17179819409054,223.66838146496997,217.36845687150054,222.5267791748047,19696250
2022-05-04,223.2455745066142,224.979103411058,218.67919195812922,219.6516571044922,26951488
2022-05-05,221.55429528368504,224.26030239372108,220.201291728667,221.59657287597656,18623544
2022-05-06,219.0174619254782,226.07845125838887,218.93289332140782,225.48651123046875,35818441
2022-05-09,225.06370232906355,225.06370232906355,220.328182233665,222.35768127441406,22228031
2022-05-10,221.55432319978897,225.61333437628318,219.10199473469348,219.6516571044922,18727774
2022-05-11,219.01743921108294,221.72344665802197,212.8866381578203,216.18458557128906,18012072
2022-05-12,215.63490670534011,216.81878654782784,210.68799936378548,213.85910034179688,20816708
2022-05-13,215.59265308613874,220.58185197702954,215.2121278945588,218.67919921875,12380764
2022-05-16,219.82079223236587,219.82079223236587,213.94368325289074,214.87387084960938,8502159
2022-05-17,215.6349184017659,224.51400430185308,215.46579461512098,223.83750915527344,18483427
2022-05-18,224.9368318857514,226.45895935232593,222.52678109678783,225.6133270263672,20978307
2022-05-19,222.06169116920805,236.1413771780601,222.06169116920805,233.0971221923828,81302807
2022-05-20,234.23872236332872,238.76284086237442,234.23872236332872,236.77561950683594,33617466
2022-05-23,236.77559806410468,237.1561366212256,230.89848972773143,232.1246337890625,22535903
2022-05-24,232.54748057765482,232.54748057765482,228.31934554171124,229.0381317138672,16146766
2022-05-25,230.8139367233541,231.61727804018827,228.7421335374369,230.60250854492188,15877459
2022-05-26,232.3702598390907,232.3702598390907,228.5587906217925,231.02760314941406,19129574
2022-05-27,233.01994571389812,234.49256874781526,229.5982797389222,233.19320678710938,13986762
2022-05-30,234.31934876502794,234.75248779710043,231.80724121278547,233.0633087158203,12274291
2022-05-31,233.063270481503,237.78428474366626,230.7677190949712,234.44924926757812,24102167
2022-06-01,234.4492579493772,237.43779883961406,234.0594411061749,235.48876953125,15265925
2022-06-02,234.4925699878847,237.74098863373925,232.02375754104753,236.91806030273438,14789457
2022-06-03,238.2174307611625,238.82380336148802,235.27218457277462,236.2250518798828,12968807
2022-06-06,235.9652059142214,238.91042470462904,233.62633228181247,238.04417419433594,11345943
2022-06-07,236.65819952102157,238.2174394855604,235.83527113054618,237.2645721435547,11245578
2022-06-08,237.30784759302938,237.6976644160288,230.59445460793577,232.06707763671875,14915091
2022-06-09,231.9804667064658,235.35882435043484,230.20465734598216,234.6225128173828,10239939
2022-06-10,233.06329169201675,234.75247064991302,232.80341378252115,234.0161590576172,8693455
2022-06-13,230.76774743799487,233.10659379021072,227.82250097511434,229.25181579589844,11519902
2022-06-14,227.99575199932113,231.67729641002225,227.86582676527,229.94480895996094,7708043
2022-06-15,230.42124957493758,231.54735059820896,227.86582002334745,228.16900634765625,5254329
2022-06-16,231.28746380244854,232.06709751522965,224.7906397381504,225.8301239013672,14843837
2022-06-17,224.3574993665701,228.81866321245468,223.9676825364273,228.0823516845703,17296080
2022-06-20,228.08234175640396,230.5511541193543,226.39316301980264,228.7753448486328,17738981
2022-06-21,229.5549828234673,234.62251943229427,228.775362862641,233.79959106445312,14417711
2022-06-22,231.2874438959953,234.1460731429981,229.46833990347642,229.81483459472656,11756920
2022-06-23,229.9880828857422,231.50402805174315,227.30272842714834,229.9880828857422,9416459
2022-06-24,230.5078597811599,232.45691662820855,229.7282397877229,230.29129028320312,7283228
2022-06-27,231.28745093770166,234.44925284062822,230.85433942390816,233.84288024902344,8487729
2022-06-28,232.93334016424433,235.83526424059968,232.63014013492352,235.48876953125,11673046
2022-06-29,233.23650937260527,238.2174290869751,233.14989255997423,237.39450073242188,16635367
2022-06-30,237.3078496753318,237.9575443860317,235.6186708813345,236.91806030273438,20003893
2022-07-01,236.91805712041892,246.8798686764666,234.92567833691606,246.3168182373047,36520000
2022-07-04,247.44291787596066,254.06969398759838,246.70660636868735,252.85694885253906,41417701
2022-07-05,253.80986515262396,253.80986515262396,247.52960996929633,248.52577209472656,19283789
2022-07-06,247.83275118552126,251.21110893600158,247.13976176332628,250.604736328125,18997440
2022-07-07,252.07737066503816,253.93978325184372,249.9117580338816,252.90029907226562,14326277
2022-07-08,253.72322571957747,255.0659099341932,251.55761310344238,253.85316467285156,11538313
2022-07-11,253.80984206841,257.23152207526715,252.98691366841047,255.54234313964844,12828405
2022-07-12,253.80986879014796,255.84554266357026,251.99075070997378,253.55001831054688,14616684
2022-07-13,253.80986389604573,255.36910401272493,253.5500134214552,254.7194366455078,9634877
2022-07-14,254.9359590911649,256.71175476465777,250.47479511368127,251.94741821289062,13930984
2022-07-15,252.94364376931878,254.67611755647522,250.7780309450026,254.2863006591797,11450042
2022-07-18,255.54235291894747,256.6684814037305,254.45954657144196,255.80223083496094,11751684
2022-07-19,255.54235655808327,256.06211239751195,253.55000492998383,255.19586181640625,9542292
2022-07-20,255.4557289660022,259.4404595080295,254.3296005126602,258.3143310546875,16397373
2022-07-21,259.0073309477879,261.77931632988367,258.14108036829055,259.4837646484375,16660697
2022-07-22,259.87357241956346,262.0391850654961,258.22771559387877,260.3500061035156,10351425
2022-07-25,259.00735887384815,262.4290394229476,258.83412521156646,260.82647705078125,11050533
2022-07-26,260.73984008400623,263.12200866013575,260.26340636878035,261.9958801269531,10114261
2022-07-27,262.3423469285922,264.2047869057587,260.3933175900261,263.4684753417969,9706094
2022-07-28,264.11815837167404,264.3780362596386,261.9525459104002,262.8620910644531,11256515
2022-07-29,264.20480400220015,264.98443775113526,261.0430017767843,262.515625,17584873
2022-08-01,263.33852886133457,267.49652022670386,262.55892263896743,266.3703918457031,16501510
2022-08-02,268.5359979134981,274.29652371900363,266.9767580522622,268.49267578125,40483892
2022-08-03,269.3156676498311,269.3156676498311,263.03538523130294,266.9334716796875,18376724
2022-08-04,266.8035157527804,268.83921685053497,266.0672316295076,268.1029052734375,16514348
2022-08-05,268.10288532186826,270.0952366822354,267.7563906267532,269.2723083496094,10477269
2022-08-08,269.35894426983015,271.9576958482975,268.5793380139671,271.2646789550781,8627072
2022-08-10,271.2646794082685,272.08763525447733,269.1857110866108,269.57550048828125,9267241
2022-08-11,271.1347406781587,271.52455753397254,264.46466926319283,265.28759765625,11305242
2022-08-12,265.2875863225842,268.0162492890572,263.7716685531711,267.2799377441406,6669853
2022-08-16,267.2799804301571,269.83541017877906,267.2799804301571,269.0124816894531,8941455
2022-08-17,270.0086529870018,271.35133725388465,269.40228033272655,270.7449645996094,8283028
2022-08-18,271.134776519884,273.7335284483512,270.7882817535207,273.4303283691406,10264507
2022-08-19,273.8634378686201,273.8634378686201,269.57550725814093,270.2685241699219,10823811
2022-08-22,269.575518263298,274.5997606731493,269.4022846186496,272.3475036621094,11793184
2022-08-23,271.09145160100724,273.73349792199,270.355140009412,273.6468811035156,9698555
2022-08-24,273.51694755969055,276.7220444448988,271.1780737840124,272.087646484375,11783894
2022-08-25,273.25705414898465,274.0799825286657,269.92201849571046,270.5716857910156,8057930
2022-08-26,272.6506883393368,273.213738833419,270.26851995611435,271.0481262207031,7224507
2022-08-29,268.53602074913493,272.82392386871066,267.5398312532971,271.6112060546875,11798961
2022-08-30,272.21753313367316,278.4111980150374,272.21753313367316,277.631591796875,18516092
2022-09-01,276.7653605892457,278.8443289516939,273.7334974100605,275.1194763183594,13765474
2022-09-02,276.072302493251,280.87998818043116,275.5092520774858,279.9270935058594,26750910
2022-09-05,281.52968001200617,285.51441030794206,280.44687376160476,284.8647155761719,18144801
2022-09-06,285.8608746546402,285.8608746546402,282.74239518097863,283.39208984375,12431779
2022-09-07,282.39595764160515,284.3883092541282,281.74626284739867,282.4825744628906,8397233
2022-09-08,284.99468873804113,286.38069518094244,283.6953265723271,285.7743225097656,11331350
2022-09-09,286.38065367604156,288.7194997445946,285.86089790355294,286.2940368652344,9770432
2022-09-12,287.59343135290544,287.9399260891255,285.86093021797916,286.64056396484375,9048240
2022-09-13,287.3335505531153,290.19215268860654,286.3806831746182,289.67242431640625,10925371
2022-09-14,286.72712614223065,293.6570744536045,286.68380401327454,290.49530029296875,12739464
2022-09-15,291.4048574028096,291.9679352872059,288.3729945962129,289.4125061035156,8742900
2022-09-16,287.8965751892772,289.84563190789004,285.6010237690612,286.9870300292969,12973988
2022-09-19,285.0812965772886,291.8380119199778,285.0812965772886,290.7118835449219,14918717
2022-09-20,293.44051761661734,294.1768290831869,290.1920992102449,291.058349609375,9892945
2022-09-21,291.05835002228696,299.02780977947685,290.62523854901775,295.34625244140625,21800547
2022-09-22,295.3895917036328,302.10298465162344,295.30297489471906,298.89788818359375,25111230
2022-09-23,301.0201890704742,302.79601216569284,297.38198097571393,300.06732177734375,23718397
2022-09-26,298.72467001631543,299.67753741268865,287.3768780811906,288.1131896972656,16829922
2022-09-27,290.1921337722551,294.1335694396506,289.32588326995415,290.06219482421875,10375837
2022-09-28,287.55011894754455,288.7195421535935,280.9233416902223,281.4864196777344,16151900
2022-09-29,284.9946634512529,290.10552229110306,283.91185716692775,288.5029602050781,18985406
2022-09-30,288.5029742011768,290.84184796846716,285.990866794132,287.76666259765625,12906555
2022-10-03,288.3730373660192,288.4596816403595,280.01378665998766,281.00994873046875,9462192
2022-10-04,284.7347683902567,289.3258432552253,284.1283958678918,288.3296813964844,9142294
2022-10-06,290.19218923078654,293.91704239409444,288.0698984303093,291.6214904785156,23091432
2022-10-07,291.7513520873033,291.79467421804816,286.98701585823824,289.4125061035156,10910698
2022-10-10,285.8609171927222,287.1169845763849,282.4392646698154,283.9985046386719,9750594
2022-10-11,284.9946689994388,286.2507363933913,281.6163111302697,282.65582275390625,11018577
2022-10-12,284.0851276882906,287.11699087587226,281.3131424101909,285.9475402832031,10735673
2022-10-13,285.8176262492345,286.98704937771447,284.1284473063968,284.6914978027344,7546587
2022-10-14,287.8532842733375,289.23926309786907,286.59721694151034,287.6800231933594,6672357
2022-10-17,286.8137775852798,289.975579581592,285.51441555169873,287.8099670410156,7195922
2022-10-18,289.28258556393104,295.38960624246374,288.93609085739973,294.7832336425781,21691854
2022-10-19,297.2087404565035,300.9769152106048,294.3501383793767,300.0240478515625,16923690
2022-10-20,300.5871209814062,304.0088012674713,298.68138611983153,302.9259948730469,19186222
2022-10-21,305.9578451478882,305.9578451478882,298.4215221730102,299.3743896484375,28426343
2022-10-24,302.27628779582295,302.9259825876596,300.58710879087363,301.1934814453125,3292671
2022-10-25,302.7093758972401,302.7526980312808,297.68516140912146,299.980712890625,17906260
2022-10-27,300.2839221312762,301.7565454225768,297.8584588591559,299.5476379394531,19273344
2022-10-28,301.0635559162567,301.9731012115734,298.9412652579662,299.5476379394531,13572499
2022-10-31,301.4533807205673,303.6189935750257,298.6380730282401,302.05975341796875,14358449
2022-11-01,302.5361297932492,303.6189360152009,300.7603341781658,302.752685546875,20422565
2022-11-02,301.8864825679559,308.5998767093681,301.8864825679559,307.2138977050781,17427813
2022-11-03,306.6508386128717,310.548925044078,305.7845880324394,306.3909606933594,11149636
2022-11-04,306.65081293770487,308.3832864996873,305.351423448938,306.3042907714844,8709851
2022-11-07,307.5170439533487,308.6864945235157,303.18581875552195,306.2176818847656,10437370
2022-11-09,306.2176608965519,313.10431507800183,305.9577830098824,312.4546203613281,21404869
2022-11-10,310.9820524253106,311.7616587008511,306.7374439576893,308.38330078125,20071989
2022-11-11,311.84823670099684,312.6711924641619,307.21383939940233,308.68646240234375,11372654
2022-11-14,308.68651532833144,309.20624371849846,300.24062013256895,300.7603759765625,18319254
2022-11-15,302.2762944949311,302.2762944949311,293.7870771446472,299.0711975097656,16046491
2022-11-16,299.46096054884305,300.4571500126697,295.95266381200406,298.0749816894531,7897812
2022-11-17,298.0749798200963,300.97690392429695,296.7756177841111,297.7284851074219,10379179
2022-11-18,297.7284737694272,298.63801892383265,294.35011613222457,295.43292236328125,8140173
2022-11-21,293.7437540718376,294.5233603101499,289.6724068897678,292.0978698730469,9553090
2022-11-22,291.92461901841466,295.38959338675096,290.79849068083087,294.7398986816406,6746019
2022-11-23,296.2558628258381,296.2558628258381,292.3577492530366,294.3501281738281,8067471
2022-11-24,294.3501367848161,296.68898303385885,292.4010799413972,295.1730651855469,8454385
2022-11-25,295.38960624246374,296.1692399225267,292.61762113639,294.7832336425781,7200274
2022-11-28,294.52329774807816,296.03924267616543,293.4404917082236,294.5666198730469,10284123
2022-11-29,294.5233681068818,298.85459330098814,294.5233681068818,296.5157470703125,10582296
2022-11-30,295.6061827940981,298.11829018350926,293.6571259106752,294.52337646484375,23425220
2022-12-01,295.99595726544624,295.99595726544624,291.75134937566173,294.133544921875,17270904
2022-12-02,293.9603000083267,295.2163673190606,291.70807072937333,292.0545654296875,8711914
2022-12-05,292.4876750548783,293.5271866029382,289.45581212940846,291.70806884765625,10090597
2022-12-06,289.41255440254406,292.96414610168284,289.41255440254406,292.1845397949219,6571118
2022-12-07,293.2240095146113,295.82273368034447,291.62144738857495,294.6100158691406,10191144
2022-12-08,294.69663011330636,296.3858090424283,292.35775642151253,293.13739013671875,6439244
2022-12-09,294.306813476826,296.6889818520379,292.79089563455244,295.7361145019531,8445424
2022-12-12,295.3896447772274,297.9883965959648,294.6100384492851,297.2953796386719,11646572
2022-12-13,298.4215221730102,299.72088441642666,296.6024040506959,299.3743896484375,11105261
2022-12-14,299.72083611740663,300.89025920264993,297.7717793394518,299.2010803222656,7664099
2022-12-15,298.6380534043801,299.80747658187164,292.7909100630962,293.5272216796875,8469001
2022-12-16,292.3577770735075,293.57052241361276,286.9870673200606,290.27880859375,12907968
2022-12-19,291.7513881789219,296.5590471334717,290.4953482239795,294.9565124511719,8113695
2022-12-20,294.56667298318564,295.3462791964579,291.70807111148224,294.6532897949219,5693354
2022-12-21,295.38958825226234,295.60614399892745,289.7590015698594,290.3220520019531,7316532
2022-12-22,290.755261981644,292.271180032466,285.77434132238,287.9832763671875,6838031
2022-12-23,286.64058604481926,287.50683667900984,281.8329265969637,283.0023498535156,10461859
2022-12-26,282.8290486378816,290.27878107243066,281.9628255803559,289.84564208984375,9934633
2022-12-27,290.7119207495014,291.4049102441506,285.99087834127846,288.5896301269531,6986433
2022-12-28,288.32974006838975,290.19215268860654,287.16028945983146,289.67242431640625,8035558
2022-12-29,289.6290498905919,290.8417949631554,287.2035597454648,290.49530029296875,8417520
2022-12-30,290.538649125552,291.70809974096994,286.29406803419516,287.20361328125,7228324
2023-01-02,286.640502759455,289.3258432552253,285.5576966447905,288.3296813964844,6181118
2023-01-03,287.16021534644,288.7627770938631,286.07740929089863,286.813720703125,6228015
2023-01-04,287.4634625024694,288.02651295854855,282.395926036288,283.2621765136719,6947412
2023-01-05,284.69149270812983,289.23927364090184,284.30167585433736,288.8494567871094,8486143
2023-01-06,289.9323040699654,292.4011170392084,288.5463249989597,290.2355041503906,8603181
2023-01-09,291.88133062296583,295.64950544049344,291.18834115996606,292.8341979980469,11027747
2023-01-10,292.7042383884391,293.13737736262027,288.06984079608327,288.80615234375,7217255
2023-01-11,290.2787955914432,290.2787955914432,286.987054465199,287.420166015625,4760847
2023-01-12,288.80614205928083,288.9793756797256,284.2150393101571,285.73095703125,6894087
2023-01-13,285.73094340033174,287.80993892324705,282.74240277891545,284.778076171875,14967746
2023-01-16,286.16414917147114,287.7666840006055,283.7386584039051,286.0342102050781,8571826
2023-01-17,286.03417134666074,288.8927733113038,285.081304025113,287.8099670410156,14240647
2023-01-18,289.32586863558544,291.53480318664924,287.93988986506713,289.8889465332031,13039078
2023-01-19,289.3258621223267,290.75519044625275,287.29018869031574,287.72332763671875,8667564
2023-01-20,287.5934127233935,290.36539788741845,285.2112444075496,289.84564208984375,13608325
2023-01-23,291.058362111927,292.9208019227497,288.50293293356077,292.57427978515625,7399204
2023-01-24,292.617671472702,295.1731012585085,292.4444378165483,293.6138610839844,12776694
2023-01-25,293.5704877180346,295.3896055132003,290.4086857797354,293.8736877441406,12978859
2023-01-27,296.08261981668693,302.1896684473952,295.8227419021258,299.7208557128906,21850457
2023-01-30,300.5004838811472,304.7017702117329,296.12593645946015,298.6813659667969,14634225
2023-01-31,299.72084819253394,307.5170481646217,295.4329450713419,305.22149658203125,17794183
2023-02-01,305.7845608092601,316.7858570944738,285.08130281306546,313.0610046386719,67003785
2023-02-02,313.2342435487181,333.2445107073745,312.19475949061695,327.9604187011719,57892084
2023-02-03,330.81907345236044,331.12224605602853,322.24323937415676,329.73626708984375,23153980
2023-02-06,331.33877151646345,336.27636876673,328.8266370340953,332.1183776855469,26783409
2023-02-07,332.5515513441786,332.5515513441786,319.1680853999924,323.3260498046875,21438758
2023-02-08,324.6254034826272,326.8343383156102,321.85341813398855,325.31842041015625,10821785
2023-02-09,323.97567448702034,329.17314945826024,322.37311261198437,324.1922302246094,12318006
2023-02-10,322.41648737230474,326.5311294196324,320.7706030995485,321.68017578125,10674456
2023-02-13,323.1094721315297,324.97188469633414,320.5107205325465,324.1489562988281,10282470
2023-02-14,324.8419474388306,335.79994855041275,323.75911376808347,334.76043701171875,30246745
2023-02-15,336.108494477409,337.07697754732436,333.2910815729985,336.50469970703125,12679568
2023-02-16,336.3285941656395,339.1900391318197,335.44814741421936,336.8128356933594,10151755
2023-02-17,335.4921533865187,338.5737028245958,333.90736051889894,337.5611877441406,7967611
2023-02-20,338.7058201779204,341.17106008470176,335.7123066043306,338.1335144042969,8105569
2023-02-21,338.9698801744007,339.76226259125457,336.0644035693047,336.54864501953125,8577674
2023-02-22,336.3286028415583,338.881878953922,334.5677371970361,337.9574279785156,9306194
2023-02-23,338.4857133125479,346.89392030282175,337.2970975697395,341.25909423828125,19555814
2023-02-24,342.4917063247151,342.4917063247151,335.4481599537964,339.0579833984375,13407431
2023-02-27,339.0579757916936,340.5547325011052,332.8948763433763,336.50469970703125,8455904
2023-02-28,336.7688421207816,338.3096030565833,330.1655331323589,331.6622619628906,16997837
2023-03-01,329.50516211572597,334.9198828234449,328.93288431621755,333.4231262207031,8065784
2023-03-02,334.12747660156657,334.347581303844,329.90137144512414,330.6497497558594,5212922
2023-03-03,331.92638929583234,339.3221085451868,331.13400674982523,338.9259033203125,8495772
2023-03-06,339.76234876777295,345.5732755480977,339.1900708824641,341.74334716796875,11126980
2023-03-08,341.611236353403,346.14551047639543,339.05796038476257,345.48516845703125,9261146
2023-03-09,345.2210839213111,346.54174014952065,339.54222586514476,341.1710510253906,10005328
2023-03-10,340.6868465182901,343.54826400655173,337.6493005882959,341.6112976074219,8684320
2023-03-13,342.66775830464763,344.16451495750755,336.7688238026987,337.78131103515625,9130473
2023-03-14,339.5862414264013,340.2465555564648,332.1024859594935,334.3035888671875,10623744
2023-03-15,335.4481517259014,338.3536288333076,332.8068393414322,334.0394592285156,8748113
2023-03-16,335.0959819908537,336.63677081716304,331.7943275250021,335.8443603515625,16315136
2023-03-17,338.96991957036994,338.96991957036994,325.45513368266415,330.6497497558594,50787703
2023-03-20,328.66872425425953,333.99538038219123,327.5241408325091,333.5111389160156,10512002
2023-03-21,333.51117982404367,333.51117982404367,329.3290787011538,331.8823547363281,12057999
2023-03-22,331.88235681236847,333.55521401423346,329.46114916936284,332.58673095703125,4958761
2023-03-23,331.9263964833278,336.98894450081264,329.6372571962766,335.1400146484375,10127917
2023-03-24,335.888365824339,337.20902192521834,332.8068163197941,333.4231262207031,10317108
2023-03-27,332.7628066946465,338.44166458686414,331.35411419955665,334.7438049316406,11232922
2023-03-28,334.74380043767184,336.636762344245,332.9389027386657,334.34759521484375,9523719
2023-03-29,334.7438174966858,338.0895041537215,332.0584729113488,336.98895263671875,10551626
2023-03-31,336.3285748575883,338.52967765790646,334.56770935957763,337.64923095703125,9877493
2023-04-03,338.089482640831,338.089482640831,333.24703953190163,333.5992126464844,7331070
2023-04-05,333.5992385845854,340.7748535513189,333.5992385845854,340.20257568359375,12055499
2023-04-06,340.42266100801584,343.63625120920125,338.2655622687708,341.0389709472656,13394394
2023-04-10,341.03893971544755,343.3721108501006,338.74977277716295,342.095458984375,7044256
2023-04-11,342.0955081004063,350.50371507013557,341.61126654465596,348.65478515625,18939829
2023-04-12,350.19557097710793,350.2396030831526,345.22108704751633,346.4977111816406,10122932
2023-04-13,348.21454548563435,349.183028513081,346.6297525403816,348.3025817871094,6292395
2023-04-17,345.92539016451144,353.9373908180463,345.92539016451144,352.30859375,11466474
2023-04-18,352.176549548398,353.93741513533917,349.5352093123745,350.8558654785156,9860308
2023-04-19,348.6988157215506,353.3651586401988,348.6547836153159,351.0760192871094,10119480
2023-04-20,352.1765370235423,354.5097082590357,350.151506790902,352.440673828125,6924577
2023-04-21,352.44066931616476,360.1004970322998,351.34011791365305,359.4401550292969,14801099
2023-04-24,360.98094826441377,360.98094826441377,355.87436848584315,359.83636474609375,6212135
2023-04-25,359.8364006181169,364.1065383068313,358.6918169856936,362.3456726074219,9180650
2023-04-26,362.7418424739918,363.6222892574224,360.14456213292397,362.96197509765625,7914219
2023-04-27,362.91795463455344,367.4962613130185,361.86143520278915,366.2636413574219,13100076
2023-04-28,368.02447323722294,377.0489894436682,364.23857740850116,374.67181396484375,13208557
2023-05-02,375.06799626916245,375.94841504236183,370.8418633813537,373.70330810546875,10648421
2023-05-03,373.30712468555373,377.26912101096,371.59026333170976,376.08050537109375,7607609
2023-05-04,374.4517286542246,375.9484574798595,373.3071450546289,373.8354187011719,8292456
2023-05-05,375.0239876069196,380.2626079920541,373.61529515877015,377.4892272949219,12890455
2023-05-08,379.47021674087387,381.6272874664087,378.017492223219,379.86639404296875,7522610
2023-05-09,381.05500435428866,381.36314535204275,371.10600966749894,373.1310119628906,10377820
2023-05-10,373.2630772333237,375.37614371356193,371.72231644999266,374.4956970214844,10130159
2023-05-11,376.168573578589,376.3006419844237,368.81688657000376,370.1375427246094,16597954
2023-05-12,370.13754748608545,372.1625498953651,366.30761947509376,370.18157958984375,11564770
2023-05-15,369.78535627292746,377.44518401635935,368.9489416686363,376.6528015136719,9503538
2023-05-16,378.58977660196854,378.58977660196854,372.8669147320426,373.2630920410156,8302077
2023-05-17,373.4391975571559,377.6653028382344,372.07450929755254,376.4767150878906,9844782
2023-05-18,378.5898200640737,380.7468910746898,368.11257815001863,369.5212707519531,24919291
2023-05-19,370.62180340285613,372.51476538184284,362.1695645112314,369.6533203125,26759905
2023-05-22,371.5022588901789,374.847917679345,368.9929868945613,373.9674987792969,16015615
2023-05-23,375.0680194512641,379.6462978083344,373.48322649631814,377.8414001464844,9068926
2023-05-24,377.09301945153857,382.77187711494213,375.9484359175896,381.67132568359375,11921823
2023-05-25,384.7088482090035,389.55126340887335,382.81588632849196,388.4067077636719,18905572
2023-05-26,390.3876812278762,391.57629688969274,386.95398636051846,390.56378173828125,13496209
2023-05-29,391.7963936602326,397.78339233656226,391.00398323507955,395.40618896484375,20589822
2023-05-30,396.9959070387742,406.40318434980287,396.9959070387742,405.0078430175781,19627897
2023-05-31,404.46768017910813,406.8982792192145,398.30118311090456,401.0468444824219,14821960
2023-06-01,402.39719371380977,402.39719371380977,395.195438846782,395.8255920410156,9142172
2023-06-02,396.0956484657808,400.5067206772392,395.9155924746903,399.1563720703125,9558309
2023-06-05,400.59677090626224,402.2621819862083,396.18569829290715,396.6808166503906,7427630
2023-06-06,396.81585651464604,399.3364694682682,396.4557730256291,398.6163024902344,6703067
2023-06-07,399.69654289639846,401.18189795014376,398.57127132260626,399.65155029296875,7833952
2023-06-08,401.2269116717338,401.2719328048348,397.8060758796215,398.706298828125,7294955
2023-06-09,391.72963772026617,400.3267059069159,391.72963772026617,394.7003479003906,7329661
2023-06-12,396.0956675188373,396.9508693240273,390.55932355563056,393.3500061035156,9054977
2023-06-13,396.9959013463681,401.85707110697825,394.5653022008115,400.95684814453125,16732376
2023-06-14,401.7220362669949,403.0723564455178,399.47149312595576,400.14666748046875,9039402
2023-06-15,400.5967382141317,403.9725527025246,400.3716896210057,403.3874206542969,7787525
2023-06-16,404.1976440709176,410.139093035119,403.207407331968,407.8885498046875,12181426
2023-06-19,409.3738808605887,410.4091386743024,407.1233377623865,408.338623046875,4350517
2023-06-20,409.41887891671377,409.41887891671377,405.23288353415927,407.6634826660156,4644353
2023-06-21,406.89829334685965,408.8787667287822,400.64178232823934,402.44219970703125,6292873
2023-06-22,403.29739265768586,404.7827761919593,401.3619404517422,402.9823303222656,6892713
2023-06-23,402.8473264827625,402.98236135991505,398.52629600539564,400.3717346191406,6325479
2023-06-26,402.3071485769733,406.3581374439033,399.6965220853635,401.2268981933594,5688287
2023-06-27,401.5870211023943,402.57725785060325,398.93137321833194,400.6867980957031,5052984
2023-06-28,400.5967413455929,405.63796681742724,400.1466441558225,404.5126953125,12548096
2023-06-30,405.09781517142324,406.8532398074896,402.0370630755125,406.5381774902344,9456776
2023-07-03,406.53819907495927,419.4562968478072,405.14285781188636,417.0257263183594,11111199
2023-07-04,418.6010904809607,421.30175924370985,413.9199769409983,419.8163757324219,8022597
2023-07-05,419.8163673499042,432.68950065401594,417.97092894369985,427.6932678222656,16878943
2023-07-06,429.71881275641266,429.76383389252965,423.5523436336106,426.6130676269531,9835812
2023-07-07,425.802868067433,428.0534112247143,420.94166974086255,421.661865234375,7605499
2023-07-10,423.10220072144466,423.9124099556968,417.4308216731899,419.3663024902344,6772454
2023-07-11,419.5013296979041,427.1981746301535,419.5013296979041,425.9378967285156,8783282
2023-07-12,430.07886119120076,430.07886119120076,423.5072879706138,425.1726989746094,12816220
2023-07-13,426.61305261096066,429.1786866692333,424.0024259486592,424.90264892578125,8214385
2023-07-14,425.80290238293196,427.6033199355509,424.3175186725762,425.7128601074219,5277090
2023-07-17,427.15319323480816,428.3234574307135,423.64234358608485,425.21771240234375,6325310
2023-07-18,425.3977432999628,426.8830982897442,424.0024020436677,425.35272216796875,5558415
2023-07-19,425.57780114831723,432.5094867926419,421.3918056111015,431.06915283203125,14401395
2023-07-20,432.0143853490817,444.43739463321737,428.7736052802645,443.04205322265625,21030102
2023-07-21,442.72691245354906,448.0382077366797,438.405882358707,441.5116271972656,14510084
2023-07-24,444.21227882516524,449.8386651147941,421.43677805134166,424.3174743652344,40477929
2023-07-25,421.21172937716113,421.7518688517084,409.9590138607764,416.1705322265625,45211370
2023-07-26,418.51109107392693,425.80285989329934,415.945457088017,425.127685546875,18842179
2023-07-27,427.06318951521666,427.73833536780836,415.09027781484247,418.6461486816406,14528232
2023-07-28,421.0317023311679,422.60707109285164,417.1607693308425,421.70684814453125,10362522
2023-07-31,422.20197229994073,422.83212551939147,417.25078881175824,419.23126220703125,8510403
2023-08-01,419.50133197760135,422.0669374587925,417.52085858219004,418.42108154296875,6686176
2023-08-02,418.24102198279616,418.4210779856223,412.2995733165724,414.1900329589844,10715605
2023-08-03,414.19001465929347,417.47581545430114,408.9687617045562,410.5441589355469,11026824
2023-08-04,410.76920781556026,415.36030758717914,408.92374085623663,409.55389404296875,7097614
2023-08-07,408.7887746607007,410.99429676556514,405.95307077672726,409.5089416503906,9513953
2023-08-08,411.39937221400857,411.39937221400857,406.0430557155611,407.2133483886719,6638681
2023-08-09,407.21335616398375,414.01000666941735,402.3071653063629,412.8847351074219,10134166
2023-08-10,413.1097848199284,413.46986829707083,404.197626036519,406.6732177734375,13702317
2023-08-11,408.6087165492287,408.6087165492287,400.3717317543856,403.97259521484375,12028396
2023-08-14,403.9725809326383,406.2231240821711,400.64178734231103,404.377685546875,7854074
2023-08-16,405.99805029174667,411.7594426796469,403.47743755572765,405.3228759765625,15494896
2023-08-17,405.0978604353064,405.0978604353064,396.0956876609999,396.99591064453125,16896158
2023-08-18,396.9958920966908,399.111400317375,394.74534900826063,397.5810241699219,20068497
2023-08-21,397.8961174559053,403.7475238152783,397.31095684861623,403.11737060546875,9940689
2023-08-22,404.1976019865375,409.73394574550537,402.39718470795117,408.9237365722656,10234488
2023-08-23,410.13908141080884,410.18407401461957,403.83754913199914,405.5029602050781,8770272
2023-08-24,405.637980801736,408.24860735950796,404.4676881252855,405.9080505371094,6322751
2023-08-25,405.90807040547077,405.9980841448338,397.94112694400053,399.1114196777344,9628041
2023-08-28,400.59673664497285,402.2621475824836,396.9958735775587,397.35595703125,7176903
2023-08-29,398.75133352688425,399.69654911014277,395.3755187530267,396.1856994628906,9845106
2023-08-30,396.9959125244064,399.69655295728506,396.5457867652574,398.6163024902344,7648569
2023-08-31,398.79630201504494,400.5067341311088,392.5848123365288,395.8255920410156,20666732
2023-09-01,396.0956779898854,400.5967642671397,394.5653018082983,397.0408935546875,11879159
2023-09-04,399.1114284301284,399.1114284301284,393.0799656809686,393.84515380859375,14128562
2023-09-05,395.10546352367624,400.14668956762875,394.7453800248946,398.8863830566406,8701612
2023-09-06,399.6515391172189,403.74752068396276,397.89611436997114,402.8022766113281,13358433
2023-09-07,404.0176090971013,404.1976365751149,400.2366896927721,401.406982421875,8401953
2023-09-08,403.20739716567397,403.20739716567397,397.76109523877216,398.48126220703125,10322317
2023-09-11,401.496989548433,403.3874492194627,398.4812583015882,402.5772399902344,9679540
2023-09-12,404.1076230985392,408.96879296561787,401.1369129348529,406.13311767578125,14961276
2023-09-13,407.07833397706634,411.3993928868377,406.08809725409867,408.2486267089844,12268130
2023-09-14,410.4091425172324,410.4091425172324,402.5322415997681,405.0528259277344,14986708
2023-09-15,403.3423875594499,406.98827166364947,402.39717208415755,403.6124572753906,15657801
2023-09-18,403.61250468978994,408.69872316917696,401.677023851844,406.94329833984375,8513132
2023-09-20,406.62823792119,409.68896183812865,404.692757074042,407.7535095214844,10343224
2023-09-21,407.61847673116415,408.29362257649046,400.14668011432735,402.8473205566406,11132308
2023-09-22,402.84733007374354,403.6575393438807,398.1211949227904,398.8863830566406,7795399
2023-09-25,398.8863745410429,400.41672224556834,394.6103367222274,398.4362487792969,6005673
2023-09-26,399.33649694739853,400.1467062513165,395.82564702476543,398.3012390136719,5533023
2023-09-27,398.3012095161176,404.91780421941024,395.01543699713795,404.3326721191406,10894817
2023-09-28,405.05282038834923,405.05282038834923,395.73558569660975,396.7708435058594,10610213
2023-09-29,397.8961396683316,401.1369196338384,395.37552668838094,400.056640625,8474326
2023-10-03,396.9959075744143,398.7063112585442,395.42051023279157,395.8706359863281,7770032
2023-10-04,395.8706091526373,397.62603385228215,390.064195598273,392.5848083496094,13912656
2023-10-05,396.09566552240284,396.5457627237598,391.63960051916104,392.539794921875,10416552
2023-10-06,394.16016467427744,399.3364248782332,393.07991432784786,398.0310974121094,8742804
2023-10-09,396.9508906848776,398.976385271194,393.6200970195045,396.50079345703125,5827256
2023-10-10,396.5007983022515,400.4617452533144,396.5007983022515,400.056640625,5207891
2023-10-11,402.5772777831527,404.6027725158687,400.4167481662219,403.52252197265625,7946195
2023-10-12,404.7827812775337,407.34838671705336,401.6320152312356,405.7279968261719,12227957
2023-10-13,404.96277732459413,406.71820194770874,402.39717208415755,403.6124572753906,7926432
2023-10-16,403.2974185379688,405.99808751581577,401.67702856346216,404.15264892578125,4377288
2023-10-17,404.9178121672719,409.1488574177046,404.19764517888075,408.20361328125,7203352
2023-10-18,408.92374770912556,412.4796182932405,405.998058852805,406.58319091796875,7160492
2023-10-19,404.87281467265524,409.5089359665052,402.26218797338606,405.45794677734375,9830006
2023-10-20,400.5967701648256,404.19763353354125,393.71010577679914,394.5653076171875,13521824
2023-10-23,394.29521421317946,396.0506389230435,389.8841704031635,392.4047546386719,7555671
2023-10-25,393.304997711885,394.29523441634143,384.4378599752961,389.5240783691406,11308597
2023-10-26,386.6884016368794,393.0349264538433,386.6884016368794,391.00946044921875,19525305
2023-10-27,391.0094387706277,393.2149606578627,389.0739580800019,390.46929931640625,13638258
2023-10-30,391.18950392038863,393.5300608966573,385.60816696759287,387.4986267089844,7911426
2023-10-31,387.0934996300126,390.10923081420543,385.2030399982573,385.65313720703125,8952141
2023-11-01,387.09352140192635,388.08375814132665,383.0425321731041,385.38311767578125,8297973
2023-11-02,387.1385169880605,389.52406640790383,385.8782105791796,388.1287536621094,8465990
2023-11-03,389.61411947366594,391.0544533920273,388.0837432875296,390.0191955566406,14334179
2023-11-06,390.24425499989644,393.21496496968683,389.3890532083357,391.9096374511719,7589690
2023-11-07,391.5045803085566,391.5045803085566,389.02896001691244,389.5240783691406,5321353
2023-11-08,389.9291703522533,393.8451244397047,389.163982281688,393.3500061035156,7248663
2023-11-09,394.1152264095596,394.29525389353375,390.60437663651317,391.0544738769531,8085620
2023-11-10,391.0544484241924,394.29522822983876,389.34404478524095,392.98992919921875,4236307
2023-11-13,394.655312868183,394.655312868183,391.5945890562739,392.49481201171875,3888975
2023-11-15,394.3852762743342,398.34622308804154,393.84513678864573,397.8511047363281,7722827
2023-11-16,397.85111177415934,400.14667609843997,393.93515749465223,394.8804016113281,11276031
2023-11-17,395.4205017089844,397.445996229978,394.5652998853544,395.4205017089844,6911592
2023-11-20,395.9606271978163,396.36573179380093,391.14447876944973,393.2149658203125,4502356
2023-11-21,393.5300292966355,395.46551001829954,392.04467430420834,392.7198486328125,6228803
2023-11-22,393.3950215279014,396.4557452352493,391.41451968138,395.8255920410156,5074887
2023-11-23,396.950875561224,398.1211682517423,394.52030497465114,396.4107360839844,6611803
2023-11-24,396.9959002107098,398.12117177792385,393.2600020312197,394.1152038574219,7084608
2023-11-28,394.2952328646801,395.19545582805324,391.5045787678773,391.81964111328125,9082513
2023-11-29,392.49482278430634,394.7453659694364,390.8294116975489,393.5750732421875,14316126
2023-11-30,393.1249675245666,394.7003363079231,391.1444941293174,392.31475830078125,15710110
2023-12-01,394.20520966976403,405.9530434540977,393.75511246412765,404.91778564453125,20081576
2023-12-04,409.5988845800507,410.8591908593785,405.9980217236138,408.7436828613281,13293194
2023-12-05,409.59893525466117,412.11954812516103,405.1878627312864,406.6732177734375,12603697
2023-12-06,408.6086861382112,418.1509978491598,406.98829627507865,417.0257263183594,21203900
2023-12-07,418.37605922289555,418.4210803564829,411.759464702214,412.3896179199219,11746535
2023-12-08,414.0550118631009,415.54039547694543,403.747540018871,404.3326721191406,19386851
2023-12-11,406.4481734106845,408.3386330832996,404.4677000004695,407.3033752441406,6854157
2023-12-12,408.87878654363703,414.1000399909172,407.21337542335635,407.8885498046875,10549319
2023-12-13,410.7692121056427,413.06474775017597,407.8885158691386,410.1840515136719,11718443
2023-12-14,414.10001922282265,415.00024217594785,404.6027284079333,414.1900329589844,14924265
2023-12-15,415.8104076791995,416.7556517311415,409.5989180313016,412.4796142578125,16397959
2023-12-18,409.59892203854673,410.49914496760766,405.4128982571393,406.58319091796875,12490839
2023-12-19,408.113610957444,412.2996066587636,406.9433181706908,410.5892028808594,10664235
2023-12-20,413.1998040929262,413.42485270284266,404.4677011963406,405.9980773925781,10766954
2023-12-21,404.197617245639,408.47365480577304,400.1016356854115,406.4031677246094,11584223
2023-12-22,407.79852014713464,410.4091754820292,405.5929979840742,409.7790222167969,11450973
2023-12-26,410.5441828771826,413.1097883728261,409.328869034559,410.9042663574219,6097422
2023-12-27,411.39939666034167,412.74971688309193,408.4736790689627,411.4894104003906,7833901
2023-12-28,411.5794056774497,418.3310350188346,410.58916898982017,417.7909240722656,21493169
2023-12-29,417.7908937707011,421.21170079604315,415.3152737006764,415.9904479980469,13384631
2024-01-01,417.2507895715969,423.0572034278601,416.4856014801201,421.3467712402344,9706230
2024-01-02,423.1021759850811,424.3174612349051,417.3407835355795,423.4172668457031,10924918
2024-01-03,423.32722179616013,432.73449846371955,422.5170411451104,429.6287536621094,24961710
2024-01-04,432.10436624826673,433.4096938161719,426.8831130376516,428.86358642578125,12240910
2024-01-05,431.5642721131239,431.5642721131239,424.9026562049031,426.6580810546875,9564086
2024-01-08,427.60328590157116,428.05341165177845,418.196008647429,419.0512390136719,8311403
2024-01-09,420.8516622164166,423.05721280263634,417.38583369157607,418.1960144042969,5916180
2024-01-10,418.19604193299915,420.17654403663994,414.14508104172415,417.0707702636719,6123200
2024-01-11,417.7909232600095,419.99644523625966,415.09025441040444,416.485595703125,6786448
2024-01-12,417.0257248771666,421.0316926541922,414.41509835839184,420.1314697265625,9714589
2024-01-15,423.10217971083875,423.5523054399052,419.59133026442964,420.941650390625,7167978
2024-01-16,421.12171003048576,427.6032695166818,417.9259514198344,425.1726989746094,12531058
2024-01-17,424.36250367754417,429.40372945664785,418.7811669438959,420.0414733886719,11536527
2024-01-18,418.8261618733166,421.16674730118666,409.19383600932247,419.0512390136719,9495938
2024-01-19,421.79692576207793,425.80289396692206,419.8614448344487,424.4525451660156,12673308
2024-01-23,426.4779884468772,426.4779884468772,410.85922214981184,413.4698486328125,8728196
2024-01-24,414.190054081136,420.7616562966244,412.3896366135739,417.3408203125,22459072
2024-01-25,417.2957926369959,418.556070493121,406.98829294576194,410.1840515136719,20435547
2024-01-29,410.4091370302086,411.62442230982873,402.8472985559007,404.91778564453125,18557346
2024-01-30,402.3971972082923,408.42863094204745,393.75510841111077,394.3402404785156,45190319
2024-01-31,396.09571690170395,398.3462602614209,394.92542408366904,397.4910583496094,20648695
2024-02-01,397.89611814582366,403.0723501713392,395.46551903791453,398.706298828125,19903526
2024-02-02,400.5967720892722,402.5772455250547,395.64558849981586,396.1856994628906,17816750
2024-02-05,397.89611107625,399.3814660761637,392.9899203450033,394.3402404785156,12505666
2024-02-06,396.09568709314567,396.9058678058098,386.6433885753726,388.35382080078125,19487043
2024-02-07,391.59456333742565,391.59456333742565,387.8136442911793,388.7138671875,13376903
2024-02-08,392.08703057366546,392.17841802252724,373.4423399489455,378.88037109375,50039587
2024-02-09,374.81326995012324,387.7000589587421,373.4423423447581,379.7486267089844,33527317
2024-02-12,381.62222138780527,382.0335083512696,371.1117379944829,371.8428955078125,11326971
2024-02-13,371.88862153996564,375.4530507956858,368.5983836063643,371.75152587890625,16207766
2024-02-14,371.0660969640242,376.7783199362087,369.60375282087,376.1385498046875,12618012
2024-02-15,377.46374115666544,378.8803769826403,368.4612807413084,369.1467590332031,21169031
2024-02-16,370.15210830847485,374.31059937497434,365.0339476322224,369.7865295410156,38963810
2024-02-19,370.1521077273739,377.23525788833905,369.78652896048857,374.0364074707031,17602580
2024-02-20,375.13315616944266,375.13315616944266,369.5123213242641,371.1574401855469,14626643
2024-02-21,371.98002129088223,374.8132930919039,366.7704728961171,368.64410400390625,20162369
2024-02-22,371.88862598407167,379.4287715687956,368.73548367384933,378.78900146484375,19321180
2024-02-23,380.1142172699116,380.1142172699116,375.1788603578767,376.0014343261719,11576964
2024-02-26,375.7272290145601,377.5094435802666,372.254187332029,373.99072265625,8289561
2024-02-27,374.7218905950383,377.2352627534842,373.396642202815,375.7729187011719,8083518
2024-02-28,375.77291141482976,376.86967667427535,371.7972242470729,373.16815185546875,8949664
2024-02-29,373.8079027018121,375.68150463575023,369.6950911223243,371.3402099609375,15468800
2024-03-01,373.71656938068935,377.6008694614897,372.43702910246753,374.2649230957031,12873024
2024-03-04,376.7783024509622,377.41807255279343,373.30526061731956,373.8993225097656,7103794
2024-03-05,374.4019753243948,376.00141496954745,369.1924273577834,371.203125,10108373
2024-03-06,371.5230649154743,374.67620737600237,366.22212892485004,372.75689697265625,11534613
2024-03-07,372.7568823355202,379.2459708827159,368.91826167956003,377.9664306640625,23907135
2024-03-11,380.93680290963096,382.3077305995477,372.89398271438637,374.17352294921875,18298683
2024-03-12,371.52301600748615,371.52301600748615,364.9882198540191,369.6494140625,36226074
2024-03-13,397.570769566704,400.312624757367,384.9124927232159,386.1006164550781,105525827
2024-03-14,385.6436791824383,388.88820903370987,382.03354157679445,383.54156494140625,31949569
2024-03-15,381.3023729581571,391.67576129877517,379.5201583123318,383.03887939453125,76074975
2024-03-18,382.94748912903253,384.5012206480152,381.028178834862,381.5308532714844,16547358
2024-03-19,382.0335283428739,383.4501642027759,373.5337421493741,374.31060791015625,21803126
2024-03-20,374.72190907693994,380.79971076564425,374.3106220763875,379.93145751953125,20364534
2024-03-21,382.94746988018204,385.6893250392281,380.3883896165868,385.0038757324219,19968509
2024-03-22,385.00389452753257,392.68110672719376,385.00389452753257,391.7214660644531,40358503
2024-03-26,388.93390016963383,392.26984629600133,388.93390016963383,390.85321044921875,10669833
2024-03-27,390.25910380854657,391.9956391146203,389.756429396083,391.1730651855469,12698464
2024-03-28,391.1730814271391,395.9713426482272,390.2591200121909,391.49298095703125,29009002
2024-04-01,392.17842745488764,394.23483338215703,389.11667266822633,389.9849548339844,9743648
2024-04-02,391.8128283117568,391.8128283117568,388.06562438812233,389.20806884765625,9194659
2024-04-03,389.34520020712586,391.90428066572207,384.7754219498934,388.614013671875,13152268
2024-04-04,388.9338972480882,390.5790161945303,383.7700572984611,386.37481689453125,19065447
2024-04-05,386.1463241399223,394.55472252991405,383.81572695487466,390.7618103027344,16768902
2024-04-08,391.447278722544,394.28055046235164,390.94460428153735,392.1784362792969,8844633
2024-04-09,393.412271990678,394.3719126015798,388.9338815526786,389.6650390625,6967273
2024-04-10,391.447302504067,400.12989315721376,389.1167050636757,399.35302734375,14547618
2024-04-12,397.570767195204,398.25624547173635,391.44725781121747,393.0923767089844,18785009
2024-04-15,391.1730638575208,392.22412088579836,386.5118985063276,389.2537536621094,9083087
2024-04-16,386.831769055941,390.2591024836234,386.7860898150879,389.2537536621094,10357752
2024-04-18,389.34519094310184,390.16773594755756,381.71365795919775,382.8103942871094,22133191
2024-04-19,382.03354071225175,389.5736864841606,380.205646774092,388.2027587890625,17221280
2024-04-22,390.2591469862357,390.80752966629024,386.9232295916741,388.7054443359375,7386048
2024-04-23,388.7054072770841,393.4579601647396,388.522603412523,392.26983642578125,12484384
2024-04-24,392.31553707695537,393.73217296540156,391.4472838462077,391.99566650390625,6070285
2024-04-25,393.9149534166353,400.5868165029518,392.08703064360867,399.9013671875,30337038
2024-04-26,401.4550856562055,405.1566105910282,398.850326015204,402.14056396484375,15342965
2024-04-29,403.96849476986824,404.3797527972421,397.20521486639313,400.4954528808594,12075706
2024-04-30,402.09483326873476,402.5975076783204,397.66215102986746,398.1648254394531,12528665
2024-05-02,398.48473777993564,404.51683088911363,397.4336807202778,401.2265930175781,24123523
2024-05-03,402.1862629337069,402.1862629337069,394.23483059983744,398.89599609375,23786388
2024-05-06,400.31265418776957,402.551864091815,396.06277543320584,397.3423156738281,10753860
2024-05-07,399.30727653728593,407.62428750266935,397.7535450760951,402.4604187011719,26969062
2024-05-08,403.2830180317506,406.43616039417304,400.49545445393676,403.0545349121094,10916481
2024-05-09,402.18626860635175,403.5114880367474,386.92320277397204,388.5226135253906,24314298
2024-05-10,389.8021090631786,398.80456858738904,389.8021090631786,396.0627136230469,14524604
2024-05-13,395.97131410812665,397.9820406624518,392.5439807735339,394.6918029785156,7584217
2024-05-14,393.4579641744985,396.0170445089671,391.67574958198725,392.726806640625,11423749
2024-05-15,393.68644240363693,395.97133139310563,390.0306258136693,390.99029541015625,7856433
2024-05-16,393.0010134485123,395.37729001022427,386.5119249062993,394.32623291015625,23911954
2024-05-17,395.19451234969523,399.8556779867922,391.9956618278003,398.7589416503906,11894830
2024-05-21,398.484735231475,399.49008407657504,395.9256549108889,397.3879699707031,11175153
2024-05-22,399.71856660848556,403.9227658482658,397.93635202820826,402.0491638183594,11036895
2024-05-23,403.42009785693614,406.6189483040531,398.9874154394711,403.3743896484375,27244733
2024-05-24,403.05451410700533,404.3797335120663,397.84496600489564,398.6675109863281,13252938
2024-05-27,401.04380974465363,401.1351971930909,393.64076020528995,394.3719177246094,12282545
2024-05-28,394.9203385189983,395.2859173139939,391.40158830607794,392.0870666503906,9668761
2024-05-29,388.88819753870166,395.19451110947864,388.88819753870166,393.8692626953125,10832067
2024-05-30,391.63006488826727,393.86924566680193,386.009229872296,387.3801574707031,21314885
2024-05-31,390.03063052557883,392.5897108592454,387.7457415085067,389.7564392089844,29300711
2024-06-03,396.6568386124209,397.4794126122737,391.7671897218955,393.3208923339844,16116836
2024-06-04,396.52177031965385,396.80101565647095,374.97368265988365,386.4690856933594,47791986
2024-06-05,392.7985512208221,405.82980402897,389.12189949981456,400.52423095703125,28197030
2024-06-06,405.829791944629,407.41213302436523,401.2688535975877,405.27130126953125,32318523
2024-06-07,401.5481002254475,411.0888154566866,401.26885488700134,408.7618103027344,29543660
2024-06-10,409.5530068967988,410.48381488403055,405.6901817746213,406.6675109863281,11872688
2024-06-11,406.7606160148987,407.50525061130764,402.33930016150435,403.0373840332031,13158571
2024-06-12,400.7569418231023,404.34052174068876,400.43114573978,402.3858337402344,10751658
2024-06-13,406.66751056673644,406.66751056673644,400.0122909895558,400.52423095703125,9641349
2024-06-14,401.17580700990004,402.01351357567347,399.36074170092695,401.3154296875,9572809
2024-06-18,403.03737898986196,404.1543603703237,398.5695419674905,399.08148193359375,14641141
2024-06-19,400.24496579903524,400.94304962931466,393.77589043943306,394.3343811035156,11329972
2024-06-20,394.70671932417883,396.98717382381864,392.33316337570244,394.00860595703125,15147549
2024-06-21,395.59096381210924,395.87020914994883,389.58727754803,390.56463623046875,26176371
2024-06-24,390.9369661412327,394.61361787534224,390.9369661412327,394.00860595703125,9723008
2024-06-25,393.72936061017225,394.66016859976054,390.7042715187919,394.00860595703125,10655609
2024-06-26,393.72935968027775,396.89410093743857,392.8451024171962,394.6136169433594,11511714
2024-06-27,394.6135952603717,397.6852643999609,391.96082361688974,396.1494445800781,38438054
2024-06-28,396.05635546638285,398.38336062952527,394.19476903576367,395.4978942871094,18554411
2024-07-01,396.8010483258212,400.47770023042045,395.2651988468778,399.3607482910156,13391362
2024-07-02,400.2449871714336,400.84999908994706,393.3104927215312,396.0563659667969,11177863
2024-07-03,396.6148682361784,399.919202771963,396.05637752597346,398.6626281738281,7435499
2024-07-04,400.24500559718945,401.64120289640215,397.4991322255142,399.3607482910156,9478861
2024-07-05,399.31418163243075,403.96819211066986,398.0110563385377,403.6424255371094,13427543
2024-07-08,405.0386270748445,413.78815742675266,403.64242981653535,412.9039001464844,21311436
2024-07-09,416.6271172393411,423.5150613210053,413.2762319022778,421.2811279296875,27489709
2024-07-10,422.30497440394987,423.84082376971406,415.6032042617314,420.210693359375,12065662
2024-07-11,418.86102924280897,427.70366090287615,417.6509759051689,426.9124755859375,19556596
2024-07-12,426.912503236289,431.19419667007304,424.3062524940008,427.2848205566406,19693114
2024-07-15,427.2847724121332,434.1727158121033,425.5627791871847,431.3337707519531,16876907
2024-07-16,431.3803035660824,434.4519728201184,429.47216640057155,433.3349914550781,13497253
2024-07-18,430.9614860880629,438.31481926756675,430.63569000741666,437.70977783203125,21907158
2024-07-19,438.40785446446665,446.2266057465609,436.9185558631909,441.7121887207031,25939326
2024-07-22,441.75876374646487,446.27315152086356,433.614245462781,434.26580810546875,18762384
2024-07-23,434.26580514596367,462.9810529532946,434.12618247349457,458.140869140625,56125835
2024-07-24,461.67791921290376,475.3141836420076,456.69814231888404,459.86285400390625,43693692
2024-07-25,456.09309104663214,461.6779092226846,451.11331426036946,456.04656982421875,18567567
2024-07-26,459.86288665413383,471.35829062734945,453.6730560146967,467.4489440917969,21534703
2024-07-29,470.5205683407357,471.1721309915476,459.8628713024175,461.7244873046875,12978187
2024-07-30,461.9571661211897,463.3533633251995,454.8365279309325,456.0000305175781,13891052
2024-07-31,458.373614385957,463.49301427967293,456.55854906003475,461.07293701171875,11982586
2024-08-01,461.6313905239546,462.3760546322901,456.97737997103144,459.537109375,12114803
2024-08-02,451.25298409269624,464.88922015217565,451.25298409269624,455.25543212890625,22141163
2024-08-05,446.83163592942134,457.86164997554926,446.36621719129073,452.3699035644531,25022076
2024-08-06,452.6026191959533,457.6754978281909,450.55485925262013,452.649169921875,14251363
2024-08-07,456.0930950965633,461.3055960404738,454.32458063337543,458.5597229003906,11320399
2024-08-08,459.8163204658485,463.5395227307948,458.42009380414777,460.514404296875,21349889
2024-08-09,463.5395573573386,463.5395573573386,458.9786187546684,461.5848693847656,9556181
2024-08-12,457.95473966191645,465.4011447621894,457.95473966191645,460.37481689453125,9425644
2024-08-13,461.6313768042684,463.39992082169977,454.4642172856773,456.0931091308594,8056478
2024-08-14,457.9081745197849,464.47035162635643,456.0000373291409,458.140869140625,9609981
2024-08-16,460.2817396441816,469.31051531176115,458.55974631588987,467.8677673339844,13643352
2024-08-19,469.82246388684206,474.057606447632,465.0288306148003,466.7508239746094,10591508
2024-08-20,466.3319395570424,468.56587282373647,463.2602997527288,464.2841796875,6888634
2024-08-21,465.40113299398797,473.77837539474945,464.5168757294204,470.427490234375,8801221
2024-08-22,472.7079312298726,473.3129431304896,466.7507956705184,469.63629150390625,8686423
2024-08-23,470.10172179736895,471.8702364304628,465.35463912442765,470.7998352050781,8195369
2024-08-26,470.9859714327483,472.8475874897276,467.26276881861634,470.70672607421875,8126402
2024-08-27,472.42870096422115,472.47525168876325,465.40113454893714,465.9596252441406,8260450
2024-08-28,465.77346700783545,467.54201110027503,462.1433658703206,462.88800048828125,8081932
2024-08-29,463.5395558890962,472.56833161488777,462.9345144591377,470.14825439453125,19389694
2024-08-30,467.21619895900704,473.91799878978713,465.58730710072587,467.169677734375,15523349
2024-09-02,469.12436710280446,477.40850809281204,468.47280445752887,474.7557067871094,16497266
2024-09-03,474.7556771661306,480.2474233336446,472.75446813038855,474.1506652832031,12481552
2024-09-04,465.40115282136196,474.75572483416937,465.3546315948188,471.311767578125,8739052
2024-09-05,473.1733400299588,476.47770400804217,471.9633161786824,475.8261413574219,11318636
2024-09-06,476.57078709097436,476.57078709097436,462.74837792975984,466.9835205078125,14245025
2024-09-09,467.26274749161126,477.17578026799583,465.72692758962387,476.33807373046875,14265060
2024-09-10,476.477687995446,479.3631543513727,473.54564141627685,478.06005859375,11332248
2024-09-11,477.50157364424496,483.5517812694099,476.5242149395142,478.7581481933594,15497555
2024-09-12,479.4562685547481,484.4825963244237,473.3595101165837,483.5517883300781,19085324
2024-09-13,483.55177740140044,484.0171666381423,476.57076185132354,478.2927551269531,9165077
2024-09-16,480.20089978594154,481.2247797226006,474.4299374611518,475.7330627441406,7821668
2024-09-17,475.68650794774527,478.0135131474731,471.21864144436574,472.6148681640625,10889862
2024-09-18,472.7079419349947,476.94308433487333,470.1482421053882,472.2425231933594,5638729
2024-09-19,474.7091530835231,479.1770196230398,472.38214786497383,473.08026123046875,14461616
2024-09-20,476.5707542994241,481.5505606528095,472.8475519650138,478.8046875,24725118
2024-09-23,479.7820558718561,483.50525851039043,478.0600919826822,481.1782531738281,8105508
2024-09-24,481.22477807872787,481.96941266651345,478.57200629730727,479.59588623046875,7015487
2024-09-25,479.8285876329136,483.3656462246209,476.85001973985106,481.7367248535156,8802667
2024-09-26,481.82979240141503,487.50771228617066,481.2247804832943,486.576904296875,16086557
2024-09-27,484.2498800632578,491.92897929887965,484.2498800632578,486.53033447265625,17916386
2024-09-30,484.5756816249072,488.06618957500433,478.47892301876533,482.29522705078125,10936940
2024-10-01,482.2952288952036,483.78449813302376,478.4324036223028,480.48016357421875,5285319
2024-10-03,473.3595144685611,480.0147341646593,472.94064644228075,477.2688903808594,16481353
2024-10-04,474.70916243329543,481.5505850504167,466.8438893596582,468.70550537109375,18930962
2024-10-07,471.9167568584212,479.31664050572476,471.68406223740055,474.89532470703125,17114457
2024-10-08,474.70916262824323,477.08271861882434,470.9859601036691,472.801025390625,9868331
2024-10-09,474.52300307966124,474.52300307966124,456.6050454275096,457.67547607421875,24874940
2024-10-10,461.07292157165,461.35216692010636,455.58117505154325,458.00128173828125,13292273
2024-10-11,458.88553006277044,459.76978731576037,453.6730289927351,454.41766357421875,14949380
2024-10-14,457.0239270306357,464.4703615554793,454.83654444829324,462.56219482421875,6970606
2024-10-15,463.5395431890202,464.84266846423816,460.2817300009753,464.0514831542969,8347216
2024-10-16,461.67793639321064,464.3307377203826,458.28050046536174,459.0716857910156,6939430
2024-10-17,460.7471349200635,460.7471349200635,454.2315378220923,455.0692443847656,7669729
2024-10-18,454.92962162837006,457.5358722670346,445.295833910263,453.021484375,22616838
2024-10-21,453.0214708169555,453.85920685423713,444.3184618732703,450.1825256347656,7680088
2024-10-22,450.1825341028487,454.6038499942979,447.52973276804886,448.4605407714844,12772970
2024-10-23,447.7159128151993,449.85674470503926,446.3197155392319,447.11090087890625,10553961
2024-10-24,448.6466834538993,449.0190007298163,437.4770471770943,439.0594177246094,13596626
2024-10-25,442.8756969116362,459.3509061803578,441.38642779120835,448.9259338378906,32154050
2024-10-28,448.6001588146549,452.27684006531985,443.0618910761679,450.6479187011719,8946214
2024-10-29,451.4390938460629,455.34846963211504,447.9951367963455,454.1849670410156,7131161
2024-10-30,454.184973007894,459.11822877893854,452.83529700456427,457.5358581542969,6640080
2024-10-31,457.9547336726039,458.8855416729211,451.1598618201317,454.9761657714844,8111694
2024-11-01,457.0239381563187,458.04781813468816,455.4415674625382,456.37237548828125,1517892
2024-11-04,459.30436247116853,459.30436247116853,446.3662114156426,451.0667724609375,8754385
2024-11-05,449.5309522164633,451.48564009009533,443.94613393463237,446.97125244140625,7610046
2024-11-06,446.9712534416916,450.8806291977046,444.9234936170633,447.8089599609375,11749720
2024-11-07,448.4140231856805,449.29828047118207,443.1549711985074,444.8304138183594,9267980
2024-11-08,444.83037855513163,447.43662897936747,441.7587389122067,444.9700012207031,6325023
2024-11-11,444.9700163904902,448.18127880846396,441.2933647379613,443.9461364746094,5700343
2024-11-12,444.5511987476186,444.8769653271345,438.54751214101316,440.1298828125,5236095
2024-11-13,437.5236321065983,441.8518465898786,435.84818948406627,439.52484130859375,11548660
2024-11-14,438.5940712100893,440.22296313830753,430.2633791633469,433.70733642578125,12087836
2024-11-18,433.7538681362016,435.42931071742356,430.03066567791126,434.26580810546875,8448573
2024-11-19,435.6155089819328,440.96760360254876,433.9865875323155,435.0104675292969,7121472
2024-11-21,429.09984555266027,431.9387906655465,423.88734455857747,425.5162658691406,20313155
2024-11-22,424.631975165262,443.5272615925996,423.98041254708403,441.8052978515625,20214206
2024-11-25,445.85427840836786,448.83284624094614,439.7109988473268,443.8065185546875,14427013
2024-11-26,446.7851008259381,449.25172877480986,441.29338372266824,443.9927062988281,6791715
2024-11-27,444.4580764325498,446.878183051745,440.2694848220805,443.9461364746094,7339184
2024-11-28,443.99271290031436,450.322166155722,437.9890262279885,442.03802490234375,14967609
2024-11-29,440.4556457729167,445.7612189514994,439.897155069963,443.760009765625,8668142
2024-12-02,443.061911581005,446.1335515529355,440.6418342849228,444.1788635253906,5689595
2024-12-03,433.75385818828863,440.641801753041,430.72873966665543,439.8506164550781,23073942
2024-12-04,441.5726121335174,445.10964113217466,434.1261778472117,434.7777404785156,13957078
2024-12-05,435.1966056549393,440.0367598846573,430.49604459546777,435.1500549316406,27432375
2024-12-06,437.4770547274369,442.0845437835551,435.33622297900996,438.5474853515625,7842234
2024-12-09,438.8732783278562,439.3386970836674,430.9149332516241,432.7765197753906,12154116
2024-12-10,433.14884089608387,434.1727207984002,430.5891116404687,433.2419128417969,9163636
2024-12-11,434.8708208734233,435.801628864771,432.543815644967,433.0557556152344,7005617
2024-12-12,433.28847754716475,435.5223813153135,427.37786305689633,428.7275390625,13380617
2024-12-13,428.1690601754377,441.5726306530016,420.39685899742756,437.4770812988281,32976794
2024-12-16,437.7097825910721,441.572637375938,435.6155014062847,437.5701599121094,9354160
2024-12-17,437.47709558325016,442.8757409311339,431.0080195112737,437.0582275390625,20608409
2024-12-18,439.99023417228676,441.0141140758129,434.59155981753815,437.9424743652344,12841386
2024-12-19,436.5462626049631,441.52606912403894,433.10230549351394,434.26580810546875,15161531
2024-12-20,434.21927834206105,435.1035651496871,427.51750769365964,432.497314453125,20231570
2024-12-23,438.5940686151742,444.6442765268234,435.2431538258243,441.4330139160156,19562956
2024-12-24,442.0380117336406,447.01778878263576,439.94370111964736,445.34234619140625,12009880
2024-12-26,447.2970215629146,448.50707487251225,443.06187922906,443.9461364746094,9188830
2024-12-27,446.55242536015504,448.55366414032335,443.06191730157735,445.48199462890625,16906420
2024-12-30,447.48321420762863,448.1347768639311,443.0618982898495,443.9927062988281,13578360
2024-12-31,445.34234180784205,451.1133336206923,441.7122113126057,450.1825256347656,13787501
2025-01-01,452.36992927745524,453.1611146274063,448.786349339299,450.4617919921875,18931186
2025-01-02,451.7649051388864,456.09311958375633,448.92595990090587,455.2088623046875,27131131
2025-01-03,456.3258002607226,457.02391361750296,446.645462212376,448.2743835449219,38500784
2025-01-06,440.4058897359901,446.35078327762176,426.53445180563205,427.88775634765625,22009958
2025-01-07,430.6427208727847,432.6726924603659,425.4711357210362,426.38946533203125,14294780
2025-01-08,428.2260697173429,436.97424286310576,422.5228390228783,434.5576171875,13482926
2025-01-09,434.4126274415429,445.2874430291975,431.17434312214294,435.08929443359375,19732649
2025-01-10,434.94431534989513,436.92593666981674,427.74275879733165,430.0627136230469,9145729
2025-01-13,420.4928844446885,429.19273722630277,420.4928844446885,424.4078063964844,17799607
2025-01-14,426.29277561702855,426.77610075945154,421.3145325500375,422.0395202636719,18048459
2025-01-15,422.0395386220168,427.066102621971,420.8312257133989,422.7645263671875,9786805
2025-01-16,423.4411141911693,424.79444808982385,416.72291290775513,418.41455078125,15774070
2025-01-17,418.5595763145332,427.0660870817343,418.0762511686735,425.51947021484375,11270061
2025-01-20,424.35947781685184,426.48612025732217,421.4595269433882,423.10284423828125,8742771
2025-01-21,423.39282913963933,432.09268179319355,420.7345408288311,422.95782470703125,15686500
2025-01-22,425.2294579278358,427.2111087280882,421.99117354679964,422.4261779785156,9619648
2025-01-23,420.49287689797217,427.1144372962157,419.6228975353898,425.51947021484375,8888248
2025-01-24,424.74612978757085,430.15937728937985,424.40779628749044,426.8727722167969,9665384
2025-01-27,426.09942801772166,430.15937095928996,421.9911643624925,425.42279052734375,10480203
2025-01-28,425.32613404915026,427.06609279760266,420.00955737353587,420.9278869628906,20813072
2025-01-29,421.4111847122362,422.90948078709505,415.7562748977468,418.89788818359375,15158510
2025-01-30,418.55960015677164,423.3928518906835,417.0613039191899,421.65289306640625,22496695
2025-01-31,421.94286574038716,433.2526863127406,420.5895611889515,432.5760192871094,13546181
2025-02-01,433.05930484973186,455.775585349662,424.8910985721678,447.1240539550781,30393007
2025-02-03,446.59243971426656,449.68573248191484,437.21591998094135,439.19757080078125,16991730
2025-02-04,442.7258148273928,444.9974488165376,433.78430000828064,439.9708557128906,18923681
2025-02-05,439.9708671159242,440.64753410889205,431.6093481304944,433.2043151855469,12836283
2025-02-06,434.9926473462472,434.9926473462472,423.5861852824319,426.38946533203125,17469129
2025-02-07,425.32610601162634,430.64268233677166,414.1129573168095,416.48126220703125,18875982
2025-02-10,412.7596610777305,418.84954591665235,412.2763359476629,412.9530029296875,12227140
2025-02-11,414.4996202235818,416.1912581807673,403.5764840713996,404.34979248046875,14288751
2025-02-12,405.6753937562897,406.3136281355489,400.2258148708563,402.48419189453125,13884574
2025-02-13,402.5333188714483,406.46095206462076,401.60049400188456,402.287841796875,12989029
2025-02-14,404.30071268308313,408.6702162817502,401.01131412778494,402.8278503417969,14124236
2025-02-17,402.3860051226291,403.95706437920165,399.39119682530554,401.2077331542969,11975265
2025-02-18,400.6185827614127,403.4170273840887,396.69094959708514,397.9183349609375,12998403
2025-02-19,397.4764566403701,401.40408972956527,397.1818961448654,399.0475158691406,7079032
2025-02-20,392.71423117033765,396.5927509227199,389.03207509597695,394.7762145996094,15355585
2025-02-21,394.7761916445472,395.9544935060131,391.9777771631228,393.6470031738281,8240986
2025-02-24,392.7633170048975,396.10179920634647,391.53593163925717,394.6289367675781,7037625
2025-02-25,394.7271291352976,399.63667054245303,393.25426671315097,397.52557373046875,15760891
2025-02-27,397.525552328783,399.1456949128277,392.2723373128528,394.3343505859375,19051003
2025-02-28,391.7813927759098,395.218071659909,385.1044286446103,387.853759765625,31954776
2025-03-03,388.7865980194929,391.78140630708367,384.12253365869424,390.25946044921875,10702826
2025-03-04,388.2465194896839,390.01397233458835,385.7426654162302,387.70648193359375,13404774
2025-03-05,387.3628037989018,405.2826293231856,387.3628037989018,397.721923828125,15665018
2025-03-06,401.747764542559,402.28783207284374,393.3033473882626,398.3601989746094,17869996
2025-03-07,396.2490690334906,398.50747602613745,394.432562712498,396.5927429199219,11180761
2025-03-10,393.7943018882363,399.489387865199,393.1560675022779,397.6728515625,9785018
2025-03-11,394.23615458392493,401.01131538193874,393.94159410093084,398.85113525390625,11099475
2025-03-12,399.0475152195476,405.8226762942879,396.69094136295917,404.93896484375,13844306
2025-03-13,405.5281006874954,406.90276622215737,400.8149531499511,404.59527587890625,8196569
2025-03-17,405.5281132753817,408.719315135297,399.63666368784595,400.5694885253906,5257805
2025-03-18,402.5823808619056,404.4971139277993,400.37308730839516,401.69866943359375,13861897
2025-03-19,402.5823921632704,403.31882336844717,395.3162769319527,395.75811767578125,12830387
2025-03-20,397.6728373693795,399.2929799729773,394.62891583099076,396.641845703125,16994037
2025-03-21,398.60567790903195,400.12762375553666,394.4325677226245,398.212890625,25302035
2025-03-24,399.6366587789359,405.38082804931764,398.2619932184889,403.4660949707031,14362572
2025-03-25,404.5461964506968,407.73739824308706,401.3059112323006,402.385986328125,20338110
2025-03-26,402.8769581468943,403.76069957751406,398.90024157095667,399.9803466796875,13891436
2025-03-27,400.6185794021223,403.2697437519979,398.3110889443362,402.0423583984375,18642328
2025-03-28,403.46610258111434,408.08108344123156,400.7658548357284,402.3369140625,12981873
2025-04-01,402.38600438126315,406.90278849853894,398.2620075515041,399.2929992675781,15206240
2025-04-02,399.685750106513,402.5823914949175,398.7038418345742,401.6495666503906,8001323
2025-04-03,399.68573475414075,402.7787696643111,399.34209084453187,401.99322509765625,7059566
2025-04-04,400.12763155444486,405.3317335492131,397.1819066595655,402.287841796875,18627592
2025-04-07,383.09149195819776,400.71675676567065,383.09149195819776,398.7038269042969,26762866
2025-04-08,404.4480082967242,408.2774445365288,399.88214085828554,405.08624267578125,18600796
2025-04-09,405.52811678460984,411.4686498505965,403.8097773067089,408.7684020996094,21785572
2025-04-11,412.40145511407445,414.8071422550909,409.4557304346882,413.92340087890625,8939356
2025-04-15,421.4350305010776,421.4350305010776,411.4195544215754,412.7942199707031,11685880
2025-04-16,410.4376454249374,418.3419947920321,410.4376454249374,416.7709655761719,13034594
2025-04-17,417.3110006565654,420.10944512464874,413.92340525328643,419.5202941894531,22410217
2025-04-21,420.3058257121206,421.336847381582,413.87433848811077,415.1999206542969,27388236
2025-04-22,418.24383985184426,426.9337040743589,415.88723603001415,425.75543212890625,32031936
2025-04-23,428.3083909152653,429.53577622856506,421.0913592799704,423.05517578125,19566317
2025-04-24,424.0370755980093,428.16107218939527,421.53319162940176,422.2696228027344,26064089
2025-04-25,422.2696267928269,424.87170760222523,415.6417461702055,420.0603332519531,22944377
2025-04-28,418.9311396302756,422.71149230249586,417.06551998951244,421.042236328125,6287095
2025-04-29,421.14043560056143,421.82778335059663,417.31099948077133,418.29290771484375,11189930
2025-04-30,419.6675863161336,421.5332060258665,414.3652876801437,418.0965270996094,10026546
2025-05-02,416.42728530446215,423.69340019536935,416.42728530446215,421.7295837402344,9263372
2025-05-05,422.4660329307672,430.56677615372786,421.5823214813549,429.0448303222656,11525305
2025-05-06,429.5848686129065,431.69596540271175,425.16628139288804,427.6701354980469,15026568
2025-05-07,425.5590249840726,427.13008416028316,421.9259824773884,423.3497314453125,9710361
2025-05-08,421.2386332122387,423.6934038020536,415.88722134025767,422.8096923828125,19937960
2025-05-09,418.24384137926455,421.38592987740896,415.34719998420627,415.8872375488281,8226512
2025-05-12,421.7296134519522,428.3084110263286,420.40403125825395,427.6210632324219,8031891
2025-05-13,427.0318966442069,430.026734819032,417.654684739414,420.1585388183594,14976369
2025-05-14,419.3730364482981,424.0371008235316,418.1947345146855,421.33685302734375,9557309
2025-05-15,421.3368389928473,427.52284902460343,418.2929174036252,424.8226013183594,24263510
2025-05-16,427.03189925490824,428.3083979810754,424.2825680939457,427.81744384765625,16402035
2025-05-19,427.1300810084491,430.56675982116076,424.822590669679,427.4737548828125,7543854
2025-05-20,429.09390418210114,432.82514353663043,425.068074374028,427.0318908691406,9868414
2025-05-21,428.70116612622536,430.27222538595333,424.184381991556,425.1662902832031,5776672
2025-05-22,425.1662742449478,425.1662742449478,415.248994880322,418.39111328125,19451749
2025-05-23,426.14817819915925,431.05771942265187,421.2386369756667,428.40655517578125,18536884
2025-05-26,430.32130894917486,435.5254109103499,428.8484465112427,434.8871765136719,13107662
2025-05-27,434.8871621282408,436.1636608448351,423.0551795877558,426.04998779296875,26986022
2025-05-28,417.70001220703125,422.6000061035156,413.0,420.20001220703125,431851622
2025-05-29,422.0,422.79998779296875,416.6000061035156,418.75,21478547
2025-05-30,419.1000061035156,420.04998779296875,416.3999938964844,418.04998779296875,30656239
2025-06-02,418.29998779296875,420.45001220703125,414.54998779296875,419.29998779296875,14973380
2025-06-03,419.0,421.70001220703125,415.6499938964844,416.95001220703125,13216486
2025-06-04,417.1499938964844,419.0,415.95001220703125,417.0,12598933
2025-06-05,418.5,420.95001220703125,415.75,419.1000061035156,13212523
2025-06-06,420.29998779296875,421.29998779296875,419.0,421.04998779296875,8774988
2025-06-09,422.0,423.6000061035156,420.5,423.04998779296875,10473123
2025-06-10,424.5,428.54998779296875,423.04998779296875,427.0,13041075
2025-06-11,428.0,428.1000061035156,424.8500061035156,426.1499938964844,20789182
2025-06-12,427.0,427.20001220703125,419.54998779296875,421.0,18508835
2025-06-13,415.0,419.3500061035156,413.5,413.8999938964844,17873926
2025-06-16,414.95001220703125,418.8999938964844,413.25,418.20001220703125,7006629
2025-06-17,418.1000061035156,419.04998779296875,415.70001220703125,417.3999938964844,9028406
2025-06-18,417.0,418.45001220703125,414.8999938964844,415.8999938964844,8036215
2025-06-19,415.6499938964844,418.25,414.79998779296875,416.0,12601006
2025-06-20,416.0,419.5,416.0,418.54998779296875,13203184
2025-06-23,417.0,417.5,411.75,413.8999938964844,14839890
2025-06-24,416.8999938964844,420.6499938964844,413.75,414.3500061035156,16690068
2025-06-25,416.3999938964844,418.1499938964844,415.1000061035156,416.3500061035156,9946718
2025-06-26,417.20001220703125,420.8999938964844,416.25,420.29998779296875,13703918
2025-06-27,421.0,422.0,417.79998779296875,418.6499938964844,21409935
2025-06-30,419.79998779296875,420.75,415.79998779296875,416.45001220703125,12317124
2025-07-01,417.0,418.8500061035156,414.8999938964844,415.1000061035156,13670465
2025-07-02,416.8999938964844,416.8999938964844,411.70001220703125,412.95001220703125,15990899
2025-07-03,414.0,416.0,411.25,413.3500061035156,14185298
2025-07-04,414.8999938964844,415.0,411.75,412.54998779296875,8256733
2025-07-07,413.0,417.20001220703125,412.0,416.1499938964844,6845218
2025-07-08,416.1499938964844,418.1000061035156,414.6499938964844,417.20001220703125,6807192
2025-07-09,416.20001220703125,420.29998779296875,415.45001220703125,419.45001220703125,9930533
2025-07-10,420.29998779296875,420.29998779296875,416.3999938964844,416.8500061035156,6220360
2025-07-11,417.0,418.04998779296875,415.5,416.79998779296875,8578844
2025-07-14,417.04998779296875,419.95001220703125,416.54998779296875,419.3999938964844,6896989
2025-07-15,420.8999938964844,422.3999938964844,419.0,422.1000061035156,8532755
2025-07-16,422.1000061035156,425.45001220703125,420.29998779296875,424.6000061035156,9780773
2025-07-17,425.79998779296875,425.8999938964844,423.0,423.95001220703125,7240795
2025-07-18,425.20001220703125,425.20001220703125,420.1000061035156,422.75,6730256
2025-07-21,422.0,422.75,418.3999938964844,420.1000061035156,4822343
2025-07-22,420.1000061035156,420.3999938964844,415.20001220703125,416.0,9869507
2025-07-23,417.1000061035156,417.8999938964844,414.0,414.95001220703125,12196187
2025-07-24,415.8500061035156,415.8500061035156,409.45001220703125,409.95001220703125,9005157
2025-07-25,410.0,410.25,407.75,409.3999938964844,5824089
2025-07-28,410.79998779296875,410.8500061035156,408.6000061035156,409.8999938964844,8123337
2025-07-29,410.0,411.3999938964844,408.0,408.45001220703125,6811772
2025-07-30,409.0,409.29998779296875,405.75,407.6000061035156,10915863
2025-07-31,405.95001220703125,414.0,405.54998779296875,411.95001220703125,19364174
2025-08-01,412.3999938964844,419.3500061035156,411.79998779296875,416.45001220703125,14324065
2025-08-04,420.20001220703125,422.5,415.1000061035156,416.8500061035156,18352458
2025-08-05,417.20001220703125,417.95001220703125,413.0,414.1499938964844,8495104
2025-08-06,414.1499938964844,415.0,410.5,412.0,9080543
2025-08-07,412.0,414.75,411.6499938964844,413.6000061035156,11514878
2025-08-08,413.8999938964844,415.3500061035156,412.95001220703125,414.5,9814361
2025-08-11,414.5,417.0,414.0,416.8500061035156,8514272
2025-08-12,417.0,419.79998779296875,415.29998779296875,416.3500061035156,13635738
2025-08-13,417.20001220703125,417.5,413.6000061035156,414.1000061035156,10874910
2025-08-14,414.25,415.04998779296875,411.0,411.45001220703125,9580361
2025-08-18,413.0,413.70001220703125,404.8500061035156,406.29998779296875,30950814
2025-08-19,406.3500061035156,409.3999938964844,404.5,409.1000061035156,16681331
2025-08-20,409.1000061035156,410.25,405.45001220703125,406.04998779296875,18188129
2025-08-21,406.04998779296875,406.8500061035156,403.3500061035156,405.54998779296875,15028966
2025-08-22,406.0,406.5,397.5,398.29998779296875,13087624
2025-08-25,399.0,400.54998779296875,396.25,399.3500061035156,10440286
2025-08-26,399.29998779296875,405.3999938964844,398.3999938964844,403.3500061035156,13715752
2025-08-28,404.5,404.5,400.0,400.8999938964844,12471719
2025-08-29,402.0,410.45001220703125,401.8999938964844,409.75,25255050
2025-09-01,409.75,410.20001220703125,405.0,405.8500061035156,12268090
2025-09-02,406.54998779296875,407.8500061035156,404.45001220703125,406.75,19808255
2025-09-03,408.5,413.25,407.29998779296875,411.75,12936588
2025-09-04,423.95001220703125,427.0,415.0,415.8999938964844,27274123
2025-09-05,416.8999938964844,417.0,404.3999938964844,407.3500061035156,16000675
2025-09-08,407.45001220703125,410.54998779296875,406.79998779296875,407.54998779296875,7419022
2025-09-09,408.5,410.95001220703125,407.3999938964844,410.04998779296875,8825896
2025-09-10,411.0,413.70001220703125,408.95001220703125,413.04998779296875,9252397
2025-09-11,413.04998779296875,416.70001220703125,412.45001220703125,415.04998779296875,8274406
2025-09-12,415.3500061035156,417.04998779296875,412.8500061035156,413.75,7803379
2025-09-15,413.04998779296875,414.29998779296875,411.75,412.6499938964844,5707331
2025-09-16,413.20001220703125,414.3500061035156,412.0,413.1000061035156,8239087
2025-09-17,413.95001220703125,414.6000061035156,408.04998779296875,409.29998779296875,14113882
2025-09-18,411.3500061035156,413.04998779296875,410.1000061035156,411.54998779296875,15647808
2025-09-19,411.54998779296875,412.6000061035156,408.95001220703125,410.6499938964844,19505321
2025-09-22,410.6499938964844,411.0,406.04998779296875,406.95001220703125,8930779
2025-09-23,407.1000061035156,408.1000061035156,402.1000061035156,403.20001220703125,14936357
2025-09-24,403.20001220703125,404.6499938964844,400.70001220703125,401.0,12380865
2025-09-25,401.45001220703125,403.0,398.0,400.1000061035156,22006368
2025-09-26,400.1000061035156,405.8999938964844,399.79998779296875,405.1000061035156,14414044
2025-09-29,406.8999938964844,408.0,403.20001220703125,407.25,19717660
2025-09-30,406.75,406.75,400.3999938964844,401.54998779296875,9465490
2025-10-01,402.3500061035156,406.0,399.75,405.6000061035156,17643039
2025-10-03,404.8999938964844,405.5,402.29998779296875,404.29998779296875,16987141
2025-10-06,403.0,403.8999938964844,399.79998779296875,400.75,13989077
2025-10-07,402.5,402.6000061035156,399.5,399.79998779296875,12298968
2025-10-08,400.0,401.75,398.0,399.75,8402463
2025-10-09,399.0,401.3999938964844,398.95001220703125,399.8999938964844,15656267
2025-10-10,400.45001220703125,403.8500061035156,399.5,402.79998779296875,15085738
2025-10-13,400.0,400.95001220703125,398.54998779296875,399.25,9508594
2025-10-14,400.0,400.8500061035156,396.20001220703125,396.79998779296875,10291102
2025-10-15,398.0,400.8500061035156,397.25,399.8999938964844,16043867
2025-10-16,401.0,406.0,399.54998779296875,405.1499938964844,22962049
2025-10-17,405.3500061035156,413.8500061035156,405.25,412.1499938964844,21071344
2025-10-20,412.54998779296875,414.8500061035156,411.29998779296875,413.04998779296875,13083621
2025-10-21,413.5,413.95001220703125,412.3500061035156,412.8500061035156,1142130
2025-10-23,416.0,420.45001220703125,413.54998779296875,415.95001220703125,24305990
2025-10-24,415.95001220703125,417.95001220703125,413.45001220703125,416.79998779296875,14935678
2025-10-27,417.0,422.70001220703125,416.6000061035156,420.6499938964844,11603679
2025-10-28,420.5,421.6499938964844,415.8999938964844,417.8999938964844,17163147
2025-10-29,418.20001220703125,422.20001220703125,416.04998779296875,421.6000061035156,11470661
2025-10-30,421.6000061035156,421.70001220703125,416.1499938964844,418.75,12938674
2025-10-31,420.5,426.3999938964844,418.20001220703125,420.3500061035156,18599864
2025-11-03,419.95001220703125,421.6499938964844,413.29998779296875,413.95001220703125,7635440
2025-11-04,414.0,414.5,408.3500061035156,408.8999938964844,10085404
2025-11-05,408.8999938964844,408.8999938964844,408.8999938964844,408.8999938964844,0
2025-11-06,410.0,413.29998779296875,406.54998779296875,407.5,10095563
2025-11-07,406.04998779296875,409.1000061035156,403.1000061035156,404.04998779296875,8411611
2025-11-10,404.04998779296875,407.1000061035156,403.6499938964844,405.54998779296875,6650003
2025-11-11,406.0,408.04998779296875,404.6000061035156,406.8500061035156,12005318
2025-11-12,408.0,408.1000061035156,405.54998779296875,407.0,7987236
2025-11-13,407.0,407.5,404.5,405.70001220703125,6617185
2025-11-14,404.70001220703125,408.75,400.1000061035156,408.1499938964844,64020258
2025-11-17,409.75,412.0,406.0,407.1000061035156,7855399
2025-11-18,408.25,409.79998779296875,404.54998779296875,405.8500061035156,7661681
2025-11-19,404.8500061035156,405.54998779296875,402.79998779296875,403.54998779296875,7882450
2025-11-20,403.54998779296875,407.0,403.25,405.45001220703125,6693410
2025-11-21,405.0,408.5,404.70001220703125,407.8500061035156,5808131
2025-11-24,408.3999938964844,408.79998779296875,402.8500061035156,403.54998779296875,11037491
2025-11-25,403.54998779296875,404.5,400.1000061035156,400.79998779296875,8199785
2025-11-26,401.0,403.95001220703125,400.95001220703125,402.29998779296875,11443953
2025-11-27,403.5,405.95001220703125,402.1000061035156,404.29998779296875,8679529
2025-11-28,404.29998779296875,405.0,402.5,404.25,6883500
2025-12-01,402.79998779296875,405.5,398.20001220703125,404.25,13442658
2025-12-02,404.25,405.5,400.5,400.95001220703125,8093808
2025-12-03,401.70001220703125,402.20001220703125,398.8500061035156,400.5,10772192
2025-12-04,400.1000061035156,403.54998779296875,399.04998779296875,403.04998779296875,8057989
2025-12-05,403.04998779296875,405.3500061035156,402.0,404.95001220703125,4419747
2025-12-08,404.95001220703125,405.25,400.54998779296875,402.29998779296875,6056866
2025-12-09,402.0,404.5,400.0,401.04998779296875,9426717
2025-12-10,401.1000061035156,404.3999938964844,401.0,403.1499938964844,6969146
2025-12-11,403.1499938964844,404.0,401.1000061035156,402.8999938964844,6980147
2025-12-12,402.8999938964844,404.0,399.8500061035156,400.1000061035156,12407516
2025-12-15,400.1000061035156,403.3500061035156,399.5,402.29998779296875,7756564
2025-12-16,401.3999938964844,405.75,401.04998779296875,401.70001220703125,12347384
2025-12-17,401.0,403.1000061035156,399.1000061035156,399.79998779296875,8087490
2025-12-18,400.0,401.95001220703125,399.8500061035156,400.3999938964844,7227668
2025-12-19,400.25,402.6499938964844,400.25,401.04998779296875,10654835
2025-12-22,401.6000061035156,403.6499938964844,401.20001220703125,402.70001220703125,6847871
2025-12-23,402.5,408.8999938964844,401.79998779296875,407.3500061035156,10081997
2025-12-24,407.95001220703125,409.5,405.6499938964844,406.6000061035156,5777430
2025-12-25,406.6000061035156,406.6000061035156,406.6000061035156,406.6000061035156,0
2025-12-26,406.5,407.1499938964844,403.8500061035156,404.1499938964844,3152453
2025-12-29,404.1000061035156,404.79998779296875,401.45001220703125,402.6000061035156,6647710
2025-12-30,403.0,403.45001220703125,400.29998779296875,400.6000061035156,12340527
2025-12-31,401.1000061035156,403.75,400.8500061035156,403.0,9945109
2026-01-01,402.70001220703125,402.70001220703125,362.70001220703125,363.8500061035156,282626710
2026-01-02,360.0,360.0,345.25,350.04998779296875,118790358
2026-01-05,350.20001220703125,353.95001220703125,346.04998779296875,349.70001220703125,48358124
2026-01-06,350.25,350.70001220703125,337.75,342.45001220703125,72582738
2026-01-07,343.0,344.54998779296875,339.29998779296875,341.25,29440734
2026-01-08,341.5,345.1499938964844,339.04998779296875,340.8999938964844,36706319
2026-01-09,340.8999938964844,341.0,336.1000061035156,337.1499938964844,35193201
